+3043.129604448: grid210x_device byte recv ff atn 0 eoi 1
+3044.239817706: grid210x_device byte recv 14 atn 1 eoi 0
+3046.709518096: grid210x_device byte recv 25 atn 1 eoi 0
+3046.709581098: grid210x_device now listening
+3046.710787126: grid210x_device byte recv 01 atn 0 eoi 0
+3046.711042132: grid210x_device byte recv 00 atn 0 eoi 0
+3046.711202136: grid210x_device byte recv 00 atn 0 eoi 0
+3046.711296138: grid210x_device byte recv 00 atn 0 eoi 0
+3046.711371140: grid210x_device byte recv 00 atn 0 eoi 0
+3046.711451142: grid210x_device byte recv 00 atn 0 eoi 0
+3046.711520143: grid210x_device byte recv 00 atn 0 eoi 0
+3046.711591145: grid210x_device byte recv 34 atn 0 eoi 0
+3046.711660147: grid210x_device byte recv 00 atn 0 eoi 0
+3046.712749173: grid210x_device byte recv 00 atn 0 eoi 1
+3046.712857175: grid210x_device byte recv 3f atn 1 eoi 0
+3046.712885176: grid210x_device now not listening
+3046.712897176: grid210x_device command 1, data size 52, sector no 0
+3046.715009226: grid210x_device byte recv 45 atn 1 eoi 0
+3046.715199230: grid210x_device now talking
+3046.716245255: grid210x_device byte send 00 eoi 0
+3046.716643265: grid210x_device byte send 02 eoi 0
+3046.716701266: grid210x_device byte send f8 eoi 0
+3046.716755267: grid210x_device byte send 01 eoi 0
+3046.716809268: grid210x_device byte send d0 eoi 0
+3046.716860270: grid210x_device byte send 02 eoi 0
+3046.716911271: grid210x_device byte send 01 eoi 0
+3046.716963272: grid210x_device byte send 20 eoi 0
+3046.717014273: grid210x_device byte send 01 eoi 0
+3046.717067275: grid210x_device byte send 21 eoi 0
+3046.717119276: grid210x_device byte send 01 eoi 0
+3046.717306280: grid210x_device byte send 01 eoi 0
+3046.717375282: grid210x_device byte send 00 eoi 0
+3046.717433283: grid210x_device byte send 00 eoi 0
+3046.717486284: grid210x_device byte send 34 eoi 0
+3046.717537286: grid210x_device byte send 38 eoi 0
+3046.717588287: grid210x_device byte send 20 eoi 0
+3046.717641288: grid210x_device byte send 54 eoi 0
+3046.717693289: grid210x_device byte send 50 eoi 0
+3046.717744291: grid210x_device byte send 49 eoi 0
+3046.717794292: grid210x_device byte send 20 eoi 0
+3046.717847293: grid210x_device byte send 44 eoi 0
+3046.717898294: grid210x_device byte send 53 eoi 0
+3046.717950295: grid210x_device byte send 20 eoi 0
+3046.718001297: grid210x_device byte send 44 eoi 0
+3046.718058298: grid210x_device byte send 44 eoi 0
+3046.718110299: grid210x_device byte send 20 eoi 0
+3046.718160300: grid210x_device byte send 46 eoi 0
+3046.718352305: grid210x_device byte send 4c eoi 0
+3046.718434307: grid210x_device byte send 4f eoi 0
+3046.718491308: grid210x_device byte send 50 eoi 0
+3046.718544309: grid210x_device byte send 50 eoi 0
+3046.718598311: grid210x_device byte send 59 eoi 0
+3046.718649312: grid210x_device byte send 20 eoi 0
+3046.718700313: grid210x_device byte send 20 eoi 0
+3046.718752314: grid210x_device byte send 20 eoi 0
+3046.718803316: grid210x_device byte send 20 eoi 0
+3046.718854317: grid210x_device byte send 33 eoi 0
+3046.718905318: grid210x_device byte send 30 eoi 0
+3046.718956319: grid210x_device byte send 30 eoi 0
+3046.719006320: grid210x_device byte send 32 eoi 0
+3046.719060322: grid210x_device byte send 33 eoi 0
+3046.719111323: grid210x_device byte send 37 eoi 0
+3046.719162324: grid210x_device byte send 2d eoi 0
+3046.719213325: grid210x_device byte send 30 eoi 0
+3046.719266327: grid210x_device byte send 30 eoi 0
+3046.719461331: grid210x_device byte send 00 eoi 0
+3046.719527333: grid210x_device byte send 02 eoi 0
+3046.719582334: grid210x_device byte send 09 eoi 0
+3046.719636335: grid210x_device byte send 00 eoi 0
+3046.719691337: grid210x_device byte send 02 eoi 0
+3046.719741338: grid210x_device byte send 00 eoi 1
+3046.720223349: grid210x_device byte recv 5f atn 1 eoi 0
+3046.720263350: grid210x_device now not talking
+3046.723110417: grid210x_device byte recv 25 atn 1 eoi 0
+3046.723164419: grid210x_device now listening
+3046.725557475: grid210x_device byte recv 14 atn 1 eoi 0
+3047.267978296: grid210x_device byte recv 26 atn 1 eoi 0
+3047.268771315: grid210x_device byte recv 01 atn 0 eoi 0
+3047.268873317: grid210x_device byte recv 00 atn 0 eoi 0
+3047.268949319: grid210x_device byte recv 00 atn 0 eoi 0
+3047.269019320: grid210x_device byte recv 00 atn 0 eoi 0
+3047.269090322: grid210x_device byte recv 00 atn 0 eoi 0
+3047.269160324: grid210x_device byte recv 00 atn 0 eoi 0
+3047.269229325: grid210x_device byte recv 00 atn 0 eoi 0
+3047.269299327: grid210x_device byte recv 34 atn 0 eoi 0
+3047.269368329: grid210x_device byte recv 00 atn 0 eoi 0
+3047.270458354: grid210x_device byte recv 20 atn 0 eoi 1
+3047.270546357: grid210x_device byte recv 3f atn 1 eoi 0
+3047.270577357: grid210x_device now not listening
+3047.270590358: grid210x_device command 1, data size 52, sector no 0
+3047.272696407: grid210x_device byte recv 46 atn 1 eoi 0
+3047.272741408: grid210x_device now not talking
+3052.394177388: grid210x_device byte recv 5f atn 1 eoi 0
+3052.394238390: grid210x_device now not talking
+3054.836917047: grid210x_device byte recv 14 atn 1 eoi 0
+3057.306272308: grid210x_device byte recv 25 atn 1 eoi 0
+3057.306333309: grid210x_device now listening
+3057.307464336: grid210x_device byte recv 01 atn 0 eoi 0
+3057.307558338: grid210x_device byte recv 00 atn 0 eoi 0
+3057.307632340: grid210x_device byte recv 00 atn 0 eoi 0
+3057.307702341: grid210x_device byte recv 00 atn 0 eoi 0
+3057.307772343: grid210x_device byte recv 00 atn 0 eoi 0
+3057.307979348: grid210x_device byte recv 00 atn 0 eoi 0
+3057.308066350: grid210x_device byte recv 00 atn 0 eoi 0
+3057.308142352: grid210x_device byte recv 34 atn 0 eoi 0
+3057.308212353: grid210x_device byte recv 00 atn 0 eoi 0
+3057.309300379: grid210x_device byte recv 20 atn 0 eoi 1
+3057.309394381: grid210x_device byte recv 3f atn 1 eoi 0
+3057.309424382: grid210x_device now not listening
+3057.309437382: grid210x_device command 1, data size 52, sector no 0
+3057.311534432: grid210x_device byte recv 45 atn 1 eoi 0
+3057.311585433: grid210x_device now talking
+3057.312756461: grid210x_device byte send 00 eoi 0
+3057.313318474: grid210x_device byte send 02 eoi 0
+3057.313392476: grid210x_device byte send f8 eoi 0
+3057.313449477: grid210x_device byte send 01 eoi 0
+3057.313506478: grid210x_device byte send d0 eoi 0
+3057.313560480: grid210x_device byte send 02 eoi 0
+3057.313613481: grid210x_device byte send 01 eoi 0
+3057.313666482: grid210x_device byte send 20 eoi 0
+3057.313718483: grid210x_device byte send 01 eoi 0
+3057.313771485: grid210x_device byte send 21 eoi 0
+3057.313822486: grid210x_device byte send 01 eoi 0
+3057.313876487: grid210x_device byte send 01 eoi 0
+3057.313930488: grid210x_device byte send 00 eoi 0
+3057.313983490: grid210x_device byte send 00 eoi 0
+3057.314036491: grid210x_device byte send 34 eoi 0
+3057.314088492: grid210x_device byte send 38 eoi 0
+3057.314140493: grid210x_device byte send 20 eoi 0
+3057.314195495: grid210x_device byte send 54 eoi 0
+3057.314398499: grid210x_device byte send 50 eoi 0
+3057.314472501: grid210x_device byte send 49 eoi 0
+3057.314526502: grid210x_device byte send 20 eoi 0
+3057.314579504: grid210x_device byte send 44 eoi 0
+3057.314630505: grid210x_device byte send 53 eoi 0
+3057.314680506: grid210x_device byte send 20 eoi 0
+3057.314731507: grid210x_device byte send 44 eoi 0
+3057.314781508: grid210x_device byte send 44 eoi 0
+3057.314833510: grid210x_device byte send 20 eoi 0
+3057.314885511: grid210x_device byte send 46 eoi 0
+3057.314936512: grid210x_device byte send 4c eoi 0
+3057.314988513: grid210x_device byte send 4f eoi 0
+3057.315040514: grid210x_device byte send 50 eoi 0
+3057.315148517: grid210x_device byte send 50 eoi 0
+3057.315246519: grid210x_device byte send 59 eoi 0
+3057.315454524: grid210x_device byte send 20 eoi 0
+3057.315526526: grid210x_device byte send 20 eoi 0
+3057.315584527: grid210x_device byte send 20 eoi 0
+3057.315636529: grid210x_device byte send 20 eoi 0
+3057.315688530: grid210x_device byte send 33 eoi 0
+3057.315740531: grid210x_device byte send 30 eoi 0
+3057.315791532: grid210x_device byte send 30 eoi 0
+3057.316170541: grid210x_device byte send 32 eoi 0
+3057.316240543: grid210x_device byte send 33 eoi 0
+3057.316295544: grid210x_device byte send 37 eoi 0
+3057.316349545: grid210x_device byte send 2d eoi 0
+3057.316598551: grid210x_device byte send 30 eoi 0
+3057.316666553: grid210x_device byte send 30 eoi 0
+3057.316720554: grid210x_device byte send 00 eoi 0
+3057.316776555: grid210x_device byte send 02 eoi 0
+3057.316832557: grid210x_device byte send 09 eoi 0
+3057.316885558: grid210x_device byte send 00 eoi 0
+3057.316936559: grid210x_device byte send 02 eoi 0
+3057.316989560: grid210x_device byte send 00 eoi 0
+3057.317043562: grid210x_device byte send 00 eoi 0
+3057.317095563: grid210x_device byte send 02 eoi 0
+3057.317147564: grid210x_device byte send f8 eoi 0
+3057.317198565: grid210x_device byte send 01 eoi 0
+3057.317250567: grid210x_device byte send d0 eoi 0
+3057.317303568: grid210x_device byte send 02 eoi 0
+3057.317358569: grid210x_device byte send 01 eoi 0
+3057.317411570: grid210x_device byte send 20 eoi 0
+3057.317462572: grid210x_device byte send 01 eoi 0
+3057.317656576: grid210x_device byte send 21 eoi 0
+3057.317717578: grid210x_device byte send 01 eoi 0
+3057.317773579: grid210x_device byte send 01 eoi 0
+3057.317829580: grid210x_device byte send 00 eoi 0
+3057.317882581: grid210x_device byte send 00 eoi 0
+3057.317935583: grid210x_device byte send 34 eoi 0
+3057.317991584: grid210x_device byte send 38 eoi 0
+3057.318042585: grid210x_device byte send 20 eoi 0
+3057.318094586: grid210x_device byte send 54 eoi 0
+3057.318144588: grid210x_device byte send 50 eoi 0
+3057.318196589: grid210x_device byte send 49 eoi 0
+3057.318249590: grid210x_device byte send 20 eoi 0
+3057.318299591: grid210x_device byte send 44 eoi 0
+3057.318352593: grid210x_device byte send 53 eoi 0
+3057.318404594: grid210x_device byte send 20 eoi 0
+3057.318456595: grid210x_device byte send 44 eoi 0
+3057.318507596: grid210x_device byte send 44 eoi 0
+3057.318694601: grid210x_device byte send 20 eoi 0
+3057.318766602: grid210x_device byte send 46 eoi 0
+3057.318820604: grid210x_device byte send 4c eoi 0
+3057.318874605: grid210x_device byte send 4f eoi 0
+3057.318926606: grid210x_device byte send 50 eoi 0
+3057.318977607: grid210x_device byte send 50 eoi 0
+3057.319028609: grid210x_device byte send 59 eoi 0
+3057.319080610: grid210x_device byte send 20 eoi 0
+3057.319130611: grid210x_device byte send 20 eoi 0
+3057.319179612: grid210x_device byte send 20 eoi 0
+3057.319231613: grid210x_device byte send 20 eoi 0
+3057.319283615: grid210x_device byte send 33 eoi 0
+3057.319336616: grid210x_device byte send 30 eoi 0
+3057.319389617: grid210x_device byte send 30 eoi 0
+3057.319443618: grid210x_device byte send 32 eoi 0
+3057.319497620: grid210x_device byte send 33 eoi 0
+3057.319549621: grid210x_device byte send 37 eoi 0
+3057.319752626: grid210x_device byte send 2d eoi 0
+3057.319820627: grid210x_device byte send 30 eoi 0
+3057.319878629: grid210x_device byte send 30 eoi 0
+3057.319931630: grid210x_device byte send 00 eoi 0
+3057.319987631: grid210x_device byte send 02 eoi 0
+3057.320113634: grid210x_device byte send 09 eoi 0
+3057.320178636: grid210x_device byte send 00 eoi 0
+3057.320235637: grid210x_device byte send 02 eoi 0
+3057.320285638: grid210x_device byte send 00 eoi 1
+3057.320917653: grid210x_device byte recv 5f atn 1 eoi 0
+3057.320960654: grid210x_device now not talking
+3057.323940724: grid210x_device byte recv 25 atn 1 eoi 0
+3057.323994726: grid210x_device now listening
+3057.324436736: grid210x_device byte recv 04 atn 0 eoi 0
+3057.324512738: grid210x_device byte recv 00 atn 0 eoi 0
+3057.324582740: grid210x_device byte recv 00 atn 0 eoi 0
+3057.324652741: grid210x_device byte recv 00 atn 0 eoi 0
+3057.324721743: grid210x_device byte recv 00 atn 0 eoi 0
+3057.324791744: grid210x_device byte recv 00 atn 0 eoi 0
+3057.325004750: grid210x_device byte recv 00 atn 0 eoi 0
+3057.325096752: grid210x_device byte recv 00 atn 0 eoi 0
+3057.325166753: grid210x_device byte recv 02 atn 0 eoi 0
+3057.326257779: grid210x_device byte recv 00 atn 0 eoi 1
+3057.326640788: grid210x_device byte recv 3f atn 1 eoi 0
+3057.326676789: grid210x_device now not listening
+3057.326689789: grid210x_device command 4, data size 512, sector no 0
+3057.327620811: grid210x_device byte recv 18 atn 1 eoi 0
+3057.327733814: grid210x_device byte recv 45 atn 1 eoi 0
+3057.327761815: grid210x_device now talking
+3057.327791815: grid210x_device byte send 4f eoi 0
+3057.327915818: grid210x_device byte recv 19 atn 1 eoi 0
+3057.327996820: grid210x_device byte recv 5f atn 1 eoi 0
+3057.328021821: grid210x_device now not talking
+3057.329345852: grid210x_device byte recv 45 atn 1 eoi 0
+3057.329390853: grid210x_device now talking
+3057.330572881: grid210x_device byte send 53 eoi 0
+3057.331012891: grid210x_device byte send 79 eoi 0
+3057.331068893: grid210x_device byte send 73 eoi 0
+3057.331187895: grid210x_device byte send 74 eoi 0
+3057.331426901: grid210x_device byte send 65 eoi 0
+3057.331495903: grid210x_device byte send 6d eoi 0
+3057.331549904: grid210x_device byte send 20 eoi 0
+3057.331602905: grid210x_device byte send 44 eoi 0
+3057.331652906: grid210x_device byte send 69 eoi 0
+3057.331704908: grid210x_device byte send 73 eoi 0
+3057.331755909: grid210x_device byte send 6b eoi 0
+3057.331806910: grid210x_device byte send 21 eoi 0
+3057.331857911: grid210x_device byte send 21 eoi 0
+3057.331908912: grid210x_device byte send 00 eoi 0
+3057.331964914: grid210x_device byte send 00 eoi 0
+3057.332019915: grid210x_device byte send 00 eoi 0
+3057.332070916: grid210x_device byte send 00 eoi 0
+3057.332127918: grid210x_device byte send 00 eoi 0
+3057.332180919: grid210x_device byte send 00 eoi 0
+3057.332233920: grid210x_device byte send 00 eoi 0
+3057.332287921: grid210x_device byte send 00 eoi 0
+3057.332481926: grid210x_device byte send 00 eoi 0
+3057.332550928: grid210x_device byte send 00 eoi 0
+3057.332607929: grid210x_device byte send 00 eoi 0
+3057.332663930: grid210x_device byte send 00 eoi 0
+3057.332718931: grid210x_device byte send 00 eoi 0
+3057.332772933: grid210x_device byte send 00 eoi 0
+3057.332823934: grid210x_device byte send 00 eoi 0
+3057.332877935: grid210x_device byte send 00 eoi 0
+3057.332930936: grid210x_device byte send 00 eoi 0
+3057.332983938: grid210x_device byte send 00 eoi 0
+3057.333035939: grid210x_device byte send 00 eoi 0
+3057.333089940: grid210x_device byte send 00 eoi 0
+3057.333141941: grid210x_device byte send 00 eoi 0
+3057.333193943: grid210x_device byte send 00 eoi 0
+3057.333248944: grid210x_device byte send 00 eoi 0
+3057.333300945: grid210x_device byte send 00 eoi 0
+3057.333353946: grid210x_device byte send 00 eoi 0
+3057.333534951: grid210x_device byte send 00 eoi 0
+3057.333604952: grid210x_device byte send 00 eoi 0
+3057.333659954: grid210x_device byte send 00 eoi 0
+3057.333715955: grid210x_device byte send 00 eoi 0
+3057.333770956: grid210x_device byte send 00 eoi 0
+3057.333824958: grid210x_device byte send 00 eoi 0
+3057.333877959: grid210x_device byte send 00 eoi 0
+3057.333930960: grid210x_device byte send 00 eoi 0
+3057.333983961: grid210x_device byte send 00 eoi 0
+3057.334036963: grid210x_device byte send 00 eoi 0
+3057.334090964: grid210x_device byte send 00 eoi 0
+3057.334141965: grid210x_device byte send 00 eoi 0
+3057.334194966: grid210x_device byte send 00 eoi 0
+3057.334249968: grid210x_device byte send 00 eoi 0
+3057.334300969: grid210x_device byte send 00 eoi 0
+3057.334355970: grid210x_device byte send 00 eoi 0
+3057.334408971: grid210x_device byte send 00 eoi 0
+3057.334606976: grid210x_device byte send 00 eoi 0
+3057.334666977: grid210x_device byte send 00 eoi 0
+3057.334723979: grid210x_device byte send 00 eoi 0
+3057.334776980: grid210x_device byte send 00 eoi 0
+3057.334829981: grid210x_device byte send 00 eoi 0
+3057.334883983: grid210x_device byte send 00 eoi 0
+3057.334934984: grid210x_device byte send 00 eoi 0
+3057.334987985: grid210x_device byte send 00 eoi 0
+3057.335039986: grid210x_device byte send 00 eoi 0
+3057.335093987: grid210x_device byte send 00 eoi 0
+3057.335150989: grid210x_device byte send 00 eoi 0
+3057.335715002: grid210x_device byte send 00 eoi 0
+3057.335788004: grid210x_device byte send 00 eoi 0
+3057.335847005: grid210x_device byte send 00 eoi 0
+3057.335902007: grid210x_device byte send 00 eoi 0
+3057.335955008: grid210x_device byte send 00 eoi 0
+3057.336006009: grid210x_device byte send 00 eoi 0
+3057.336059010: grid210x_device byte send 00 eoi 0
+3057.336114012: grid210x_device byte send 00 eoi 0
+3057.336167013: grid210x_device byte send 00 eoi 0
+3057.336223014: grid210x_device byte send 00 eoi 0
+3057.336275015: grid210x_device byte send 00 eoi 0
+3057.336329017: grid210x_device byte send 00 eoi 0
+3057.336383018: grid210x_device byte send 00 eoi 0
+3057.336434019: grid210x_device byte send 00 eoi 0
+3057.336488020: grid210x_device byte send 00 eoi 0
+3057.336542022: grid210x_device byte send 00 eoi 0
+3057.336737026: grid210x_device byte send 00 eoi 0
+3057.336808028: grid210x_device byte send 00 eoi 0
+3057.336866029: grid210x_device byte send 00 eoi 0
+3057.336920031: grid210x_device byte send 00 eoi 0
+3057.336973032: grid210x_device byte send 00 eoi 0
+3057.337027033: grid210x_device byte send 00 eoi 0
+3057.337080034: grid210x_device byte send 00 eoi 0
+3057.337132036: grid210x_device byte send 00 eoi 0
+3057.337183037: grid210x_device byte send 00 eoi 0
+3057.337333040: grid210x_device byte send 00 eoi 0
+3057.337385042: grid210x_device byte send 00 eoi 0
+3057.337437043: grid210x_device byte send 00 eoi 0
+3057.337491044: grid210x_device byte send 00 eoi 0
+3057.337544045: grid210x_device byte send 00 eoi 0
+3057.337595046: grid210x_device byte send 00 eoi 0
+3057.337773051: grid210x_device byte send 00 eoi 0
+3057.337845052: grid210x_device byte send 00 eoi 0
+3057.337904054: grid210x_device byte send 00 eoi 0
+3057.337961055: grid210x_device byte send 00 eoi 0
+3057.338014056: grid210x_device byte send 00 eoi 0
+3057.338066058: grid210x_device byte send 00 eoi 0
+3057.338120059: grid210x_device byte send 00 eoi 0
+3057.338173060: grid210x_device byte send 00 eoi 0
+3057.338225061: grid210x_device byte send 00 eoi 0
+3057.338276063: grid210x_device byte send 00 eoi 0
+3057.338331064: grid210x_device byte send 00 eoi 0
+3057.338385065: grid210x_device byte send 00 eoi 0
+3057.338436066: grid210x_device byte send 00 eoi 0
+3057.338489068: grid210x_device byte send 00 eoi 0
+3057.338541069: grid210x_device byte send 00 eoi 0
+3057.338594070: grid210x_device byte send 00 eoi 0
+3057.338646071: grid210x_device byte send 00 eoi 0
+3057.338834076: grid210x_device byte send 00 eoi 0
+3057.338909077: grid210x_device byte send 00 eoi 0
+3057.338970079: grid210x_device byte send 00 eoi 0
+3057.339024080: grid210x_device byte send 00 eoi 0
+3057.339128083: grid210x_device byte send 00 eoi 0
+3057.339193084: grid210x_device byte send 00 eoi 0
+3057.339289086: grid210x_device byte send 00 eoi 0
+3057.339346088: grid210x_device byte send 00 eoi 0
+3057.339399089: grid210x_device byte send 00 eoi 0
+3057.339451090: grid210x_device byte send 00 eoi 0
+3057.339505092: grid210x_device byte send 00 eoi 0
+3057.339557093: grid210x_device byte send 00 eoi 0
+3057.339609094: grid210x_device byte send 00 eoi 0
+3057.339661095: grid210x_device byte send 00 eoi 0
+3057.339716097: grid210x_device byte send 00 eoi 0
+3057.339904101: grid210x_device byte send 00 eoi 0
+3057.339977103: grid210x_device byte send 00 eoi 0
+3057.340192108: grid210x_device byte send 00 eoi 0
+3057.340267110: grid210x_device byte send 00 eoi 0
+3057.340320111: grid210x_device byte send 00 eoi 0
+3057.340379112: grid210x_device byte send 00 eoi 0
+3057.340432113: grid210x_device byte send 00 eoi 0
+3057.340483115: grid210x_device byte send 00 eoi 0
+3057.340539116: grid210x_device byte send 00 eoi 0
+3057.340592117: grid210x_device byte send 00 eoi 0
+3057.340645118: grid210x_device byte send 00 eoi 0
+3057.340699120: grid210x_device byte send 00 eoi 0
+3057.340752121: grid210x_device byte send 00 eoi 0
+3057.340961126: grid210x_device byte send 00 eoi 0
+3057.341042128: grid210x_device byte send 00 eoi 0
+3057.341100129: grid210x_device byte send 00 eoi 0
+3057.341458138: grid210x_device byte send 00 eoi 0
+3057.341522139: grid210x_device byte send 00 eoi 0
+3057.341576140: grid210x_device byte send 00 eoi 0
+3057.341631142: grid210x_device byte send 00 eoi 0
+3057.341682143: grid210x_device byte send 00 eoi 0
+3057.341736144: grid210x_device byte send 00 eoi 0
+3057.341790145: grid210x_device byte send 00 eoi 0
+3057.341844147: grid210x_device byte send 00 eoi 0
+3057.342088152: grid210x_device byte send 00 eoi 0
+3057.342161154: grid210x_device byte send 00 eoi 0
+3057.342218156: grid210x_device byte send 00 eoi 0
+3057.342274157: grid210x_device byte send 00 eoi 0
+3057.342327158: grid210x_device byte send 00 eoi 0
+3057.342382159: grid210x_device byte send 00 eoi 0
+3057.342434161: grid210x_device byte send 00 eoi 0
+3057.342488162: grid210x_device byte send 00 eoi 0
+3057.342541163: grid210x_device byte send 00 eoi 0
+3057.342595164: grid210x_device byte send 00 eoi 0
+3057.342647166: grid210x_device byte send 00 eoi 0
+3057.342701167: grid210x_device byte send 00 eoi 0
+3057.342755168: grid210x_device byte send 00 eoi 0
+3057.342806169: grid210x_device byte send 00 eoi 0
+3057.342859171: grid210x_device byte send 00 eoi 0
+3057.342912172: grid210x_device byte send 00 eoi 0
+3057.342967173: grid210x_device byte send 00 eoi 0
+3057.343154178: grid210x_device byte send 00 eoi 0
+3057.343226179: grid210x_device byte send 00 eoi 0
+3057.343282181: grid210x_device byte send 00 eoi 0
+3057.343339182: grid210x_device byte send 00 eoi 0
+3057.343394183: grid210x_device byte send 00 eoi 0
+3057.343447185: grid210x_device byte send 00 eoi 0
+3057.343502186: grid210x_device byte send 00 eoi 0
+3057.343553187: grid210x_device byte send 00 eoi 0
+3057.343607188: grid210x_device byte send 00 eoi 0
+3057.343660190: grid210x_device byte send 00 eoi 0
+3057.343713191: grid210x_device byte send 00 eoi 0
+3057.343766192: grid210x_device byte send 00 eoi 0
+3057.343817193: grid210x_device byte send 00 eoi 0
+3057.343871195: grid210x_device byte send 00 eoi 0
+3057.343923196: grid210x_device byte send 00 eoi 0
+3057.343975197: grid210x_device byte send 00 eoi 0
+3057.344028198: grid210x_device byte send 00 eoi 0
+3057.344218203: grid210x_device byte send 00 eoi 0
+3057.344289204: grid210x_device byte send 00 eoi 0
+3057.344345206: grid210x_device byte send 00 eoi 0
+3057.344399207: grid210x_device byte send 00 eoi 0
+3057.344453208: grid210x_device byte send 00 eoi 0
+3057.344506210: grid210x_device byte send 00 eoi 0
+3057.344557211: grid210x_device byte send 00 eoi 0
+3057.344610212: grid210x_device byte send 00 eoi 0
+3057.344663213: grid210x_device byte send 00 eoi 0
+3057.344716214: grid210x_device byte send 00 eoi 0
+3057.344769216: grid210x_device byte send 00 eoi 0
+3057.344822217: grid210x_device byte send 00 eoi 0
+3057.344878218: grid210x_device byte send 00 eoi 0
+3057.344929220: grid210x_device byte send 00 eoi 0
+3057.344982221: grid210x_device byte send 00 eoi 0
+3057.345035222: grid210x_device byte send 00 eoi 0
+3057.345090223: grid210x_device byte send 00 eoi 0
+3057.345283228: grid210x_device byte send 00 eoi 0
+3057.345346229: grid210x_device byte send 00 eoi 0
+3057.345400231: grid210x_device byte send 00 eoi 0
+3057.345453232: grid210x_device byte send 00 eoi 0
+3057.345507233: grid210x_device byte send 00 eoi 0
+3057.345558234: grid210x_device byte send 00 eoi 0
+3057.345613236: grid210x_device byte send 00 eoi 0
+3057.345668237: grid210x_device byte send 00 eoi 0
+3057.345723238: grid210x_device byte send 00 eoi 0
+3057.345776239: grid210x_device byte send 00 eoi 0
+3057.345830241: grid210x_device byte send 00 eoi 0
+3057.345882242: grid210x_device byte send 00 eoi 0
+3057.345934243: grid210x_device byte send 00 eoi 0
+3057.345989245: grid210x_device byte send 00 eoi 0
+3057.346042246: grid210x_device byte send 00 eoi 0
+3057.346094247: grid210x_device byte send 00 eoi 0
+3057.346294252: grid210x_device byte send 00 eoi 0
+3057.346372254: grid210x_device byte send 00 eoi 0
+3057.346429255: grid210x_device byte send 00 eoi 0
+3057.346483256: grid210x_device byte send 00 eoi 0
+3057.346800264: grid210x_device byte send 00 eoi 0
+3057.346866265: grid210x_device byte send 00 eoi 0
+3057.346922267: grid210x_device byte send 00 eoi 0
+3057.346975268: grid210x_device byte send 00 eoi 0
+3057.347028269: grid210x_device byte send 00 eoi 0
+3057.347138272: grid210x_device byte send 00 eoi 0
+3057.347202273: grid210x_device byte send 00 eoi 0
+3057.347480280: grid210x_device byte send 00 eoi 0
+3057.347542281: grid210x_device byte send 00 eoi 0
+3057.347597282: grid210x_device byte send 00 eoi 0
+3057.347650284: grid210x_device byte send 00 eoi 0
+3057.347705285: grid210x_device byte send 00 eoi 0
+3057.347757286: grid210x_device byte send 00 eoi 0
+3057.347808287: grid210x_device byte send 00 eoi 0
+3057.347862289: grid210x_device byte send 00 eoi 0
+3057.347914290: grid210x_device byte send 00 eoi 0
+3057.347968291: grid210x_device byte send 00 eoi 0
+3057.348020292: grid210x_device byte send 00 eoi 0
+3057.348072294: grid210x_device byte send 00 eoi 0
+3057.348127295: grid210x_device byte send 00 eoi 0
+3057.348179296: grid210x_device byte send 00 eoi 0
+3057.348233297: grid210x_device byte send 00 eoi 0
+3057.348285299: grid210x_device byte send 00 eoi 0
+3057.348480303: grid210x_device byte send 00 eoi 0
+3057.348552305: grid210x_device byte send 00 eoi 0
+3057.348609306: grid210x_device byte send 00 eoi 0
+3057.348663308: grid210x_device byte send 00 eoi 0
+3057.348718309: grid210x_device byte send 00 eoi 0
+3057.348773310: grid210x_device byte send 00 eoi 0
+3057.348825311: grid210x_device byte send 00 eoi 0
+3057.348879313: grid210x_device byte send 00 eoi 0
+3057.348932314: grid210x_device byte send 00 eoi 0
+3057.348984315: grid210x_device byte send 00 eoi 0
+3057.349037316: grid210x_device byte send 00 eoi 0
+3057.349092318: grid210x_device byte send 00 eoi 0
+3057.349143319: grid210x_device byte send 00 eoi 0
+3057.349195320: grid210x_device byte send 00 eoi 0
+3057.349251321: grid210x_device byte send 00 eoi 0
+3057.349304323: grid210x_device byte send 00 eoi 0
+3057.349358324: grid210x_device byte send 00 eoi 0
+3057.349538328: grid210x_device byte send 00 eoi 0
+3057.349608330: grid210x_device byte send 00 eoi 0
+3057.349664331: grid210x_device byte send 00 eoi 0
+3057.349721333: grid210x_device byte send 00 eoi 0
+3057.349774334: grid210x_device byte send 00 eoi 0
+3057.349829335: grid210x_device byte send 00 eoi 0
+3057.349881336: grid210x_device byte send 00 eoi 0
+3057.349933338: grid210x_device byte send 00 eoi 0
+3057.349988339: grid210x_device byte send 00 eoi 0
+3057.350117342: grid210x_device byte send 00 eoi 0
+3057.350183343: grid210x_device byte send 00 eoi 0
+3057.350239345: grid210x_device byte send 00 eoi 0
+3057.350293346: grid210x_device byte send 00 eoi 0
+3057.350347347: grid210x_device byte send 00 eoi 0
+3057.350400349: grid210x_device byte send 00 eoi 0
+3057.350591353: grid210x_device byte send 00 eoi 0
+3057.350660355: grid210x_device byte send 00 eoi 0
+3057.350717356: grid210x_device byte send 00 eoi 0
+3057.350772357: grid210x_device byte send 00 eoi 0
+3057.350826359: grid210x_device byte send 00 eoi 0
+3057.350883360: grid210x_device byte send 00 eoi 0
+3057.350936361: grid210x_device byte send 00 eoi 0
+3057.350990362: grid210x_device byte send 00 eoi 0
+3057.351042364: grid210x_device byte send 00 eoi 0
+3057.351096365: grid210x_device byte send 00 eoi 0
+3057.351148366: grid210x_device byte send 00 eoi 0
+3057.351200367: grid210x_device byte send 00 eoi 0
+3057.351254369: grid210x_device byte send 00 eoi 0
+3057.351307370: grid210x_device byte send 00 eoi 0
+3057.351362371: grid210x_device byte send 00 eoi 0
+3057.351416373: grid210x_device byte send 00 eoi 0
+3057.351469374: grid210x_device byte send 00 eoi 0
+3057.351681379: grid210x_device byte send 00 eoi 0
+3057.351756381: grid210x_device byte send 00 eoi 0
+3057.351812382: grid210x_device byte send 00 eoi 0
+3057.351864383: grid210x_device byte send 00 eoi 0
+3057.351918384: grid210x_device byte send 00 eoi 0
+3057.351971386: grid210x_device byte send 00 eoi 0
+3057.352323394: grid210x_device byte send 00 eoi 0
+3057.352394396: grid210x_device byte send 00 eoi 0
+3057.352448397: grid210x_device byte send 00 eoi 0
+3057.352504398: grid210x_device byte send 00 eoi 0
+3057.352555399: grid210x_device byte send 00 eoi 0
+3057.352801405: grid210x_device byte send 00 eoi 0
+3057.352870407: grid210x_device byte send 00 eoi 0
+3057.352926408: grid210x_device byte send 00 eoi 0
+3057.352982409: grid210x_device byte send 00 eoi 0
+3057.353034411: grid210x_device byte send 00 eoi 0
+3057.353088412: grid210x_device byte send 00 eoi 0
+3057.353141413: grid210x_device byte send 00 eoi 0
+3057.353193414: grid210x_device byte send 00 eoi 0
+3057.353247416: grid210x_device byte send 00 eoi 0
+3057.353300417: grid210x_device byte send 00 eoi 0
+3057.353355418: grid210x_device byte send 00 eoi 0
+3057.353409420: grid210x_device byte send 00 eoi 0
+3057.353463421: grid210x_device byte send 00 eoi 0
+3057.353514422: grid210x_device byte send 00 eoi 0
+3057.353565423: grid210x_device byte send 00 eoi 0
+3057.353619425: grid210x_device byte send 00 eoi 0
+3057.353671426: grid210x_device byte send 00 eoi 0
+3057.353879431: grid210x_device byte send 00 eoi 0
+3057.353938432: grid210x_device byte send 00 eoi 0
+3057.353995433: grid210x_device byte send 00 eoi 0
+3057.354050435: grid210x_device byte send 00 eoi 0
+3057.354104436: grid210x_device byte send 00 eoi 0
+3057.354156437: grid210x_device byte send 00 eoi 0
+3057.354210438: grid210x_device byte send 00 eoi 0
+3057.354262440: grid210x_device byte send 00 eoi 0
+3057.354315441: grid210x_device byte send 00 eoi 0
+3057.354371442: grid210x_device byte send 00 eoi 0
+3057.354423443: grid210x_device byte send 00 eoi 0
+3057.354478445: grid210x_device byte send 00 eoi 0
+3057.354530446: grid210x_device byte send 00 eoi 0
+3057.354585447: grid210x_device byte send 00 eoi 0
+3057.354639449: grid210x_device byte send 00 eoi 0
+3057.354691450: grid210x_device byte send 00 eoi 0
+3057.354874454: grid210x_device byte send 00 eoi 0
+3057.354947456: grid210x_device byte send 00 eoi 0
+3057.355007457: grid210x_device byte send 00 eoi 0
+3057.355061459: grid210x_device byte send 00 eoi 0
+3057.355173461: grid210x_device byte send 00 eoi 0
+3057.355271463: grid210x_device byte send 00 eoi 0
+3057.355333465: grid210x_device byte send 00 eoi 0
+3057.355387466: grid210x_device byte send 00 eoi 0
+3057.355442468: grid210x_device byte send 00 eoi 0
+3057.355496469: grid210x_device byte send 00 eoi 0
+3057.355548470: grid210x_device byte send 00 eoi 0
+3057.355600471: grid210x_device byte send 00 eoi 0
+3057.355653472: grid210x_device byte send 00 eoi 0
+3057.355705474: grid210x_device byte send 00 eoi 0
+3057.355758475: grid210x_device byte send 00 eoi 0
+3057.355968480: grid210x_device byte send 00 eoi 0
+3057.356040482: grid210x_device byte send 00 eoi 0
+3057.356097483: grid210x_device byte send 00 eoi 0
+3057.356154484: grid210x_device byte send 00 eoi 0
+3057.356207486: grid210x_device byte send 00 eoi 0
+3057.356260487: grid210x_device byte send 00 eoi 0
+3057.356311488: grid210x_device byte send 00 eoi 0
+3057.356366489: grid210x_device byte send 00 eoi 0
+3057.356419491: grid210x_device byte send 00 eoi 0
+3057.356474492: grid210x_device byte send 00 eoi 0
+3057.356529493: grid210x_device byte send 00 eoi 0
+3057.356582494: grid210x_device byte send 00 eoi 0
+3057.356633496: grid210x_device byte send 00 eoi 0
+3057.356685497: grid210x_device byte send 00 eoi 0
+3057.356739498: grid210x_device byte send 00 eoi 0
+3057.356792499: grid210x_device byte send 00 eoi 0
+3057.356846501: grid210x_device byte send 00 eoi 0
+3057.357079506: grid210x_device byte send 00 eoi 0
+3057.357141508: grid210x_device byte send 00 eoi 0
+3057.357197509: grid210x_device byte send 00 eoi 0
+3057.357251510: grid210x_device byte send 00 eoi 0
+3057.357306511: grid210x_device byte send 00 eoi 0
+3057.357361513: grid210x_device byte send 00 eoi 0
+3057.357413514: grid210x_device byte send 00 eoi 0
+3057.357467515: grid210x_device byte send 00 eoi 0
+3057.357518516: grid210x_device byte send 00 eoi 0
+3057.357864525: grid210x_device byte send 00 eoi 0
+3057.358116531: grid210x_device byte send 00 eoi 0
+3057.358195532: grid210x_device byte send 00 eoi 0
+3057.358257534: grid210x_device byte send 00 eoi 0
+3057.358310535: grid210x_device byte send 00 eoi 0
+3057.358366536: grid210x_device byte send 00 eoi 0
+3057.358420538: grid210x_device byte send 00 eoi 0
+3057.358474539: grid210x_device byte send 00 eoi 0
+3057.358527540: grid210x_device byte send 00 eoi 0
+3057.358582542: grid210x_device byte send 00 eoi 0
+3057.358633543: grid210x_device byte send 00 eoi 0
+3057.358687544: grid210x_device byte send 00 eoi 0
+3057.358740545: grid210x_device byte send 00 eoi 0
+3057.358794547: grid210x_device byte send 00 eoi 0
+3057.358847548: grid210x_device byte send 00 eoi 0
+3057.358900549: grid210x_device byte send 00 eoi 0
+3057.358954550: grid210x_device byte send 00 eoi 0
+3057.359007552: grid210x_device byte send 00 eoi 0
+3057.359194556: grid210x_device byte send 00 eoi 0
+3057.359264558: grid210x_device byte send 00 eoi 0
+3057.359320559: grid210x_device byte send 00 eoi 0
+3057.359376560: grid210x_device byte send 00 eoi 0
+3057.359429562: grid210x_device byte send 00 eoi 0
+3057.359484563: grid210x_device byte send 00 eoi 0
+3057.359536564: grid210x_device byte send 00 eoi 0
+3057.359592565: grid210x_device byte send 00 eoi 0
+3057.359645567: grid210x_device byte send 00 eoi 0
+3057.359697568: grid210x_device byte send 00 eoi 0
+3057.359752569: grid210x_device byte send 00 eoi 0
+3057.359805570: grid210x_device byte send 00 eoi 0
+3057.359859572: grid210x_device byte send 00 eoi 0
+3057.359911573: grid210x_device byte send 00 eoi 0
+3057.359965574: grid210x_device byte send 00 eoi 0
+3057.360287582: grid210x_device byte send 00 eoi 0
+3057.360364584: grid210x_device byte send 00 eoi 0
+3057.360421585: grid210x_device byte send 00 eoi 0
+3057.360475586: grid210x_device byte send 00 eoi 0
+3057.360531588: grid210x_device byte send 00 eoi 0
+3057.360587589: grid210x_device byte send 00 eoi 0
+3057.360641590: grid210x_device byte send 00 eoi 0
+3057.360694591: grid210x_device byte send 00 eoi 0
+3057.360750593: grid210x_device byte send 00 eoi 0
+3057.360803594: grid210x_device byte send 00 eoi 0
+3057.360858595: grid210x_device byte send 00 eoi 0
+3057.360912597: grid210x_device byte send 00 eoi 0
+3057.360966598: grid210x_device byte send 00 eoi 0
+3057.361019599: grid210x_device byte send 00 eoi 0
+3057.361070600: grid210x_device byte send 00 eoi 0
+3057.361125602: grid210x_device byte send 00 eoi 0
+3057.361179603: grid210x_device byte send 00 eoi 0
+3057.361411608: grid210x_device byte send 00 eoi 0
+3057.361476610: grid210x_device byte send 00 eoi 0
+3057.361532611: grid210x_device byte send 00 eoi 0
+3057.361587612: grid210x_device byte send 00 eoi 0
+3057.361641614: grid210x_device byte send 00 eoi 0
+3057.361694615: grid210x_device byte send 00 eoi 0
+3057.361748616: grid210x_device byte send 00 eoi 0
+3057.361801618: grid210x_device byte send 00 eoi 0
+3057.361855619: grid210x_device byte send 00 eoi 0
+3057.361907620: grid210x_device byte send 00 eoi 0
+3057.361961621: grid210x_device byte send 00 eoi 0
+3057.362013623: grid210x_device byte send 00 eoi 0
+3057.362066624: grid210x_device byte send 00 eoi 0
+3057.362121625: grid210x_device byte send 00 eoi 0
+3057.362175626: grid210x_device byte send 00 eoi 0
+3057.362231628: grid210x_device byte send 00 eoi 0
+3057.362428632: grid210x_device byte send 00 eoi 0
+3057.362500634: grid210x_device byte send 00 eoi 0
+3057.362558635: grid210x_device byte send 00 eoi 0
+3057.362612637: grid210x_device byte send 00 eoi 0
+3057.362668638: grid210x_device byte send 00 eoi 0
+3057.362720639: grid210x_device byte send 00 eoi 0
+3057.362774640: grid210x_device byte send 00 eoi 0
+3057.362828642: grid210x_device byte send 00 eoi 0
+3057.362882643: grid210x_device byte send 00 eoi 0
+3057.362933644: grid210x_device byte send 00 eoi 0
+3057.362987645: grid210x_device byte send 00 eoi 0
+3057.363039647: grid210x_device byte send 00 eoi 0
+3057.363148649: grid210x_device byte send 00 eoi 0
+3057.363735663: grid210x_device byte send 00 eoi 0
+3057.363802665: grid210x_device byte send 00 eoi 0
+3057.363858666: grid210x_device byte send 00 eoi 0
+3057.363911667: grid210x_device byte send 00 eoi 0
+3057.363967669: grid210x_device byte send 00 eoi 0
+3057.364018670: grid210x_device byte send 00 eoi 0
+3057.364071671: grid210x_device byte send 00 eoi 0
+3057.364126672: grid210x_device byte send 00 eoi 0
+3057.364177674: grid210x_device byte send 00 eoi 0
+3057.364230675: grid210x_device byte send 00 eoi 0
+3057.364282676: grid210x_device byte send 00 eoi 0
+3057.364337677: grid210x_device byte send 00 eoi 0
+3057.364391679: grid210x_device byte send 00 eoi 0
+3057.364629684: grid210x_device byte send 00 eoi 0
+3057.364700686: grid210x_device byte send 00 eoi 0
+3057.364757687: grid210x_device byte send 00 eoi 0
+3057.364812689: grid210x_device byte send 00 eoi 0
+3057.364866690: grid210x_device byte send 00 eoi 0
+3057.364920691: grid210x_device byte send 00 eoi 0
+3057.364972692: grid210x_device byte send 00 eoi 0
+3057.365024694: grid210x_device byte send 00 eoi 0
+3057.365076695: grid210x_device byte send 00 eoi 0
+3057.365130696: grid210x_device byte send 00 eoi 0
+3057.365182697: grid210x_device byte send 00 eoi 0
+3057.365236699: grid210x_device byte send 00 eoi 0
+3057.365288700: grid210x_device byte send 00 eoi 0
+3057.365342701: grid210x_device byte send 00 eoi 0
+3057.365395702: grid210x_device byte send 00 eoi 0
+3057.365445703: grid210x_device byte send 00 eoi 0
+3057.365499705: grid210x_device byte send 00 eoi 0
+3057.365695709: grid210x_device byte send 00 eoi 0
+3057.365757711: grid210x_device byte send 00 eoi 0
+3057.365811712: grid210x_device byte send 00 eoi 0
+3057.365866713: grid210x_device byte send 00 eoi 0
+3057.365919715: grid210x_device byte send 00 eoi 0
+3057.365972716: grid210x_device byte send 00 eoi 0
+3057.366025717: grid210x_device byte send 00 eoi 0
+3057.366079718: grid210x_device byte send 00 eoi 0
+3057.366131720: grid210x_device byte send 00 eoi 0
+3057.366185721: grid210x_device byte send 00 eoi 0
+3057.366238722: grid210x_device byte send 00 eoi 0
+3057.366292723: grid210x_device byte send 00 eoi 0
+3057.366347725: grid210x_device byte send 00 eoi 0
+3057.366400726: grid210x_device byte send 00 eoi 0
+3057.366451727: grid210x_device byte send 00 eoi 0
+3057.366505728: grid210x_device byte send 00 eoi 0
+3057.366556730: grid210x_device byte send 00 eoi 0
+3057.366787735: grid210x_device byte send 00 eoi 0
+3057.366845737: grid210x_device byte send 00 eoi 0
+3057.366901738: grid210x_device byte send 00 eoi 0
+3057.366955739: grid210x_device byte send 00 eoi 0
+3057.367004740: grid210x_device byte send 00 eoi 1
+3057.367472751: grid210x_device byte recv 5f atn 1 eoi 0
+3057.367498752: grid210x_device now not talking
+3057.369983811: grid210x_device byte recv 25 atn 1 eoi 0
+3057.370124814: grid210x_device now listening
+3057.371351843: grid210x_device byte recv 04 atn 0 eoi 0
+3057.371445845: grid210x_device byte recv 00 atn 0 eoi 0
+3057.371520847: grid210x_device byte recv 00 atn 0 eoi 0
+3057.371589848: grid210x_device byte recv 01 atn 0 eoi 0
+3057.371659850: grid210x_device byte recv 00 atn 0 eoi 0
+3057.371727852: grid210x_device byte recv 00 atn 0 eoi 0
+3057.371794853: grid210x_device byte recv 00 atn 0 eoi 0
+3057.372034859: grid210x_device byte recv 00 atn 0 eoi 0
+3057.372124861: grid210x_device byte recv 02 atn 0 eoi 0
+3057.373211887: grid210x_device byte recv 20 atn 0 eoi 1
+3057.373294889: grid210x_device byte recv 3f atn 1 eoi 0
+3057.373323889: grid210x_device now not listening
+3057.373337890: grid210x_device command 4, data size 512, sector no 1
+3057.374571919: grid210x_device byte recv 18 atn 1 eoi 0
+3057.374675921: grid210x_device byte recv 45 atn 1 eoi 0
+3057.374704922: grid210x_device now talking
+3057.374735923: grid210x_device byte send 4f eoi 0
+3057.374864926: grid210x_device byte recv 19 atn 1 eoi 0
+3057.374945928: grid210x_device byte recv 5f atn 1 eoi 0
+3057.374971928: grid210x_device now not talking
+3057.376296959: grid210x_device byte recv 45 atn 1 eoi 0
+3057.376640968: grid210x_device now talking
+3057.377523988: grid210x_device byte send 9a eoi 0
+3057.377970999: grid210x_device byte send 42 eoi 0
+3057.378026000: grid210x_device byte send 07 eoi 0
+3057.378084002: grid210x_device byte send 01 eoi 0
+3057.378138003: grid210x_device byte send 20 eoi 0
+3057.378190004: grid210x_device byte send 55 eoi 0
+3057.378241005: grid210x_device byte send b8 eoi 0
+3057.378444010: grid210x_device byte send 80 eoi 0
+3057.378508012: grid210x_device byte send 20 eoi 0
+3057.378561013: grid210x_device byte send 8e eoi 0
+3057.378615014: grid210x_device byte send d8 eoi 0
+3057.378666015: grid210x_device byte send bb eoi 0
+3057.378719017: grid210x_device byte send 08 eoi 0
+3057.378776018: grid210x_device byte send 00 eoi 0
+3057.378829019: grid210x_device byte send 58 eoi 0
+3057.378882020: grid210x_device byte send 59 eoi 0
+3057.378934022: grid210x_device byte send 89 eoi 0
+3057.378985023: grid210x_device byte send 0f eoi 0
+3057.379037024: grid210x_device byte send 89 eoi 0
+3057.379143027: grid210x_device byte send 47 eoi 0
+3057.379241029: grid210x_device byte send 02 eoi 0
+3057.379304030: grid210x_device byte send eb eoi 0
+3057.379523036: grid210x_device byte send e9 eoi 0
+3057.379582037: grid210x_device byte send 55 eoi 0
+3057.379634038: grid210x_device byte send 43 eoi 0
+3057.379685039: grid210x_device byte send 61 eoi 0
+3057.379739041: grid210x_device byte send 6e eoi 0
+3057.379791042: grid210x_device byte send 6e eoi 0
+3057.379843043: grid210x_device byte send 6f eoi 0
+3057.379893044: grid210x_device byte send 74 eoi 0
+3057.379945046: grid210x_device byte send 20 eoi 0
+3057.379998047: grid210x_device byte send 62 eoi 0
+3057.380128050: grid210x_device byte send 6f eoi 0
+3057.380185051: grid210x_device byte send 6f eoi 0
+3057.380239052: grid210x_device byte send 74 eoi 0
+3057.380291054: grid210x_device byte send 3a eoi 0
+3057.380345055: grid210x_device byte send 20 eoi 0
+3057.380532059: grid210x_device byte send 4d eoi 0
+3057.380601061: grid210x_device byte send 65 eoi 0
+3057.380656062: grid210x_device byte send 64 eoi 0
+3057.380706063: grid210x_device byte send 69 eoi 0
+3057.380759065: grid210x_device byte send 75 eoi 0
+3057.380811066: grid210x_device byte send 6d eoi 0
+3057.380866067: grid210x_device byte send 20 eoi 0
+3057.380918068: grid210x_device byte send 65 eoi 0
+3057.380970070: grid210x_device byte send 72 eoi 0
+3057.381022071: grid210x_device byte send 72 eoi 0
+3057.381072072: grid210x_device byte send 6f eoi 0
+3057.381126073: grid210x_device byte send 72 eoi 0
+3057.381176075: grid210x_device byte send 0d eoi 0
+3057.381231076: grid210x_device byte send 0a eoi 0
+3057.381283077: grid210x_device byte send 43 eoi 0
+3057.381337078: grid210x_device byte send 43 eoi 0
+3057.381388080: grid210x_device byte send 4f eoi 0
+3057.381577084: grid210x_device byte send 53 eoi 0
+3057.381651086: grid210x_device byte send 20 eoi 0
+3057.381706087: grid210x_device byte send 6e eoi 0
+3057.381761088: grid210x_device byte send 6f eoi 0
+3057.381812090: grid210x_device byte send 74 eoi 0
+3057.381866091: grid210x_device byte send 20 eoi 0
+3057.381917092: grid210x_device byte send 66 eoi 0
+3057.381970093: grid210x_device byte send 6f eoi 0
+3057.382020094: grid210x_device byte send 75 eoi 0
+3057.382070096: grid210x_device byte send 6e eoi 0
+3057.382122097: grid210x_device byte send 64 eoi 0
+3057.382173098: grid210x_device byte send 0d eoi 0
+3057.382226099: grid210x_device byte send 0a eoi 0
+3057.382282101: grid210x_device byte send 43 eoi 0
+3057.382338102: grid210x_device byte send 68 eoi 0
+3057.382391103: grid210x_device byte send 65 eoi 0
+3057.382442104: grid210x_device byte send 63 eoi 0
+3057.382632109: grid210x_device byte send 6b eoi 0
+3057.382709111: grid210x_device byte send 73 eoi 0
+3057.382767112: grid210x_device byte send 75 eoi 0
+3057.382820113: grid210x_device byte send 6d eoi 0
+3057.382875115: grid210x_device byte send 20 eoi 0
+3057.382928116: grid210x_device byte send 65 eoi 0
+3057.382980117: grid210x_device byte send 72 eoi 0
+3057.383341126: grid210x_device byte send 72 eoi 0
+3057.383404127: grid210x_device byte send 6f eoi 0
+3057.383462128: grid210x_device byte send 72 eoi 0
+3057.383514130: grid210x_device byte send 20 eoi 0
+3057.383753135: grid210x_device byte send 69 eoi 0
+3057.383826137: grid210x_device byte send 6e eoi 0
+3057.383884138: grid210x_device byte send 20 eoi 0
+3057.383938140: grid210x_device byte send 43 eoi 0
+3057.383992141: grid210x_device byte send 43 eoi 0
+3057.384044142: grid210x_device byte send 4f eoi 0
+3057.384097143: grid210x_device byte send 53 eoi 0
+3057.384149145: grid210x_device byte send 0d eoi 0
+3057.384205146: grid210x_device byte send 0a eoi 0
+3057.384259147: grid210x_device byte send 11 eoi 0
+3057.384312149: grid210x_device byte send 50 eoi 0
+3057.384366150: grid210x_device byte send 72 eoi 0
+3057.384417151: grid210x_device byte send 6f eoi 0
+3057.384469152: grid210x_device byte send 67 eoi 0
+3057.384520153: grid210x_device byte send 72 eoi 0
+3057.384570155: grid210x_device byte send 61 eoi 0
+3057.384622156: grid210x_device byte send 6d eoi 0
+3057.384803160: grid210x_device byte send 73 eoi 0
+3057.384874162: grid210x_device byte send 7e eoi 0
+3057.384930163: grid210x_device byte send 53 eoi 0
+3057.384984164: grid210x_device byte send 75 eoi 0
+3057.385036166: grid210x_device byte send 62 eoi 0
+3057.385088167: grid210x_device byte send 6a eoi 0
+3057.385139168: grid210x_device byte send 65 eoi 0
+3057.385192169: grid210x_device byte send 63 eoi 0
+3057.385244171: grid210x_device byte send 74 eoi 0
+3057.385297172: grid210x_device byte send 7e eoi 0
+3057.385351173: grid210x_device byte send 0c eoi 0
+3057.385404174: grid210x_device byte send 43 eoi 0
+3057.385457176: grid210x_device byte send 43 eoi 0
+3057.385508177: grid210x_device byte send 4f eoi 0
+3057.385559178: grid210x_device byte send 53 eoi 0
+3057.385612179: grid210x_device byte send 7e eoi 0
+3057.385663180: grid210x_device byte send 53 eoi 0
+3057.385717182: grid210x_device byte send 79 eoi 0
+3057.385911186: grid210x_device byte send 73 eoi 0
+3057.385970188: grid210x_device byte send 74 eoi 0
+3057.386022189: grid210x_device byte send 65 eoi 0
+3057.386072190: grid210x_device byte send 6d eoi 0
+3057.386127191: grid210x_device byte send 7e eoi 0
+3057.386179193: grid210x_device byte send 18 eoi 0
+3057.386232194: grid210x_device byte send 53 eoi 0
+3057.386282195: grid210x_device byte send 63 eoi 0
+3057.386335196: grid210x_device byte send 72 eoi 0
+3057.386386197: grid210x_device byte send 65 eoi 0
+3057.386436199: grid210x_device byte send 65 eoi 0
+3057.386488200: grid210x_device byte send 6e eoi 0
+3057.386540201: grid210x_device byte send 2e eoi 0
+3057.386593202: grid210x_device byte send 49 eoi 0
+3057.386735206: grid210x_device byte send 6e eoi 0
+3057.386918210: grid210x_device byte send 69 eoi 0
+3057.386987212: grid210x_device byte send 74 eoi 0
+3057.387043213: grid210x_device byte send 7e eoi 0
+3057.387153216: grid210x_device byte send 53 eoi 0
+3057.387250218: grid210x_device byte send 63 eoi 0
+3057.387311219: grid210x_device byte send 72 eoi 0
+3057.387369221: grid210x_device byte send 65 eoi 0
+3057.387423222: grid210x_device byte send 65 eoi 0
+3057.387476223: grid210x_device byte send 6e eoi 0
+3057.387526224: grid210x_device byte send 49 eoi 0
+3057.387581226: grid210x_device byte send 6d eoi 0
+3057.387633227: grid210x_device byte send 61 eoi 0
+3057.387684228: grid210x_device byte send 67 eoi 0
+3057.387736229: grid210x_device byte send 65 eoi 0
+3057.387788231: grid210x_device byte send 7e eoi 0
+3057.388002236: grid210x_device byte send 55 eoi 0
+3057.388073237: grid210x_device byte send 80 eoi 0
+3057.388130239: grid210x_device byte send 20 eoi 0
+3057.388184240: grid210x_device byte send 00 eoi 0
+3057.388240241: grid210x_device byte send 00 eoi 0
+3057.388294242: grid210x_device byte send 40 eoi 0
+3057.388347244: grid210x_device byte send 00 eoi 0
+3057.388400245: grid210x_device byte send 55 eoi 0
+3057.388452246: grid210x_device byte send 8b eoi 0
+3057.388770254: grid210x_device byte send ec eoi 0
+3057.388836255: grid210x_device byte send b8 eoi 0
+3057.388892257: grid210x_device byte send 08 eoi 0
+3057.389145263: grid210x_device byte send 00 eoi 0
+3057.389207264: grid210x_device byte send 0e eoi 0
+3057.389263265: grid210x_device byte send 50 eoi 0
+3057.389314267: grid210x_device byte send b8 eoi 0
+3057.389366268: grid210x_device byte send 0d eoi 0
+3057.389420269: grid210x_device byte send 00 eoi 0
+3057.389473270: grid210x_device byte send 50 eoi 0
+3057.389525271: grid210x_device byte send 9a eoi 0
+3057.389577273: grid210x_device byte send 06 eoi 0
+3057.389631274: grid210x_device byte send 00 eoi 0
+3057.389683275: grid210x_device byte send ef eoi 0
+3057.389735276: grid210x_device byte send ff eoi 0
+3057.389787278: grid210x_device byte send 8b eoi 0
+3057.389840279: grid210x_device byte send 1e eoi 0
+3057.389891280: grid210x_device byte send 00 eoi 0
+3057.389944281: grid210x_device byte send 00 eoi 0
+3057.389997283: grid210x_device byte send 4b eoi 0
+3057.390259289: grid210x_device byte send d1 eoi 0
+3057.390319290: grid210x_device byte send e3 eoi 0
+3057.390375292: grid210x_device byte send 2e eoi 0
+3057.390427293: grid210x_device byte send ff eoi 0
+3057.390479294: grid210x_device byte send a7 eoi 0
+3057.390531295: grid210x_device byte send a7 eoi 0
+3057.390582296: grid210x_device byte send 00 eoi 0
+3057.390638298: grid210x_device byte send ad eoi 0
+3057.390690299: grid210x_device byte send 00 eoi 0
+3057.390744300: grid210x_device byte send b7 eoi 0
+3057.390794301: grid210x_device byte send 00 eoi 0
+3057.390848303: grid210x_device byte send c1 eoi 0
+3057.390899304: grid210x_device byte send 00 eoi 0
+3057.390951305: grid210x_device byte send b8 eoi 0
+3057.391004306: grid210x_device byte send 15 eoi 0
+3057.391055308: grid210x_device byte send 00 eoi 0
+3057.391108309: grid210x_device byte send 0e eoi 0
+3057.391312314: grid210x_device byte send 50 eoi 0
+3057.391371315: grid210x_device byte send b8 eoi 0
+3057.391425316: grid210x_device byte send 0e eoi 0
+3057.391480318: grid210x_device byte send 00 eoi 0
+3057.391534319: grid210x_device byte send eb eoi 0
+3057.391586320: grid210x_device byte send 12 eoi 0
+3057.391638321: grid210x_device byte send b8 eoi 0
+3057.391689323: grid210x_device byte send 23 eoi 0
+3057.391740324: grid210x_device byte send 00 eoi 0
+3057.391793325: grid210x_device byte send 0e eoi 0
+3057.391846326: grid210x_device byte send 50 eoi 0
+3057.391898327: grid210x_device byte send b8 eoi 0
+3057.391948329: grid210x_device byte send 10 eoi 0
+3057.392002330: grid210x_device byte send 00 eoi 0
+3057.392053331: grid210x_device byte send eb eoi 0
+3057.392104332: grid210x_device byte send 08 eoi 0
+3057.392157334: grid210x_device byte send b8 eoi 0
+3057.392352338: grid210x_device byte send 33 eoi 0
+3057.392419340: grid210x_device byte send 00 eoi 0
+3057.392475341: grid210x_device byte send 0e eoi 0
+3057.392530342: grid210x_device byte send 50 eoi 0
+3057.392581344: grid210x_device byte send b8 eoi 0
+3057.392632345: grid210x_device byte send 18 eoi 0
+3057.392685346: grid210x_device byte send 00 eoi 0
+3057.392738347: grid210x_device byte send 50 eoi 0
+3057.392789348: grid210x_device byte send 9a eoi 0
+3057.392844350: grid210x_device byte send 06 eoi 0
+3057.392897351: grid210x_device byte send 00 eoi 0
+3057.392949352: grid210x_device byte send ef eoi 0
+3057.393003354: grid210x_device byte send ff eoi 0
+3057.393054355: grid210x_device byte send b8 eoi 0
+3057.393104356: grid210x_device byte send e8 eoi 0
+3057.393154357: grid210x_device byte send 03 eoi 0
+3057.393206358: grid210x_device byte send 50 eoi 0
+3057.393408363: grid210x_device byte send 9a eoi 0
+3057.393476365: grid210x_device byte send d3 eoi 0
+3057.393533366: grid210x_device byte send 00 eoi 0
+3057.393588367: grid210x_device byte send ef eoi 0
+3057.393642369: grid210x_device byte send ff eoi 0
+3057.393693370: grid210x_device byte send 5d eoi 0
+3057.393745371: grid210x_device byte send c3 eoi 0
+3057.393797372: grid210x_device byte send 55 eoi 0
+3057.394153381: grid210x_device byte send 8b eoi 0
+3057.394217382: grid210x_device byte send ec eoi 0
+3057.394270383: grid210x_device byte send b0 eoi 0
+3057.394515389: grid210x_device byte send 00 eoi 0
+3057.394587391: grid210x_device byte send bf eoi 0
+3057.394642392: grid210x_device byte send 99 eoi 0
+3057.394694393: grid210x_device byte send 0e eoi 0
+3057.394750395: grid210x_device byte send b9 eoi 0
+3057.394802396: grid210x_device byte send 13 eoi 0
+3057.394854397: grid210x_device byte send 00 eoi 0
+3057.394908398: grid210x_device byte send 1e eoi 0
+3057.394961400: grid210x_device byte send 07 eoi 0
+3057.395015401: grid210x_device byte send fc eoi 0
+3057.395066402: grid210x_device byte send f2 eoi 0
+3057.395175405: grid210x_device byte send aa eoi 0
+3057.395271407: grid210x_device byte send a0 eoi 0
+3057.395332408: grid210x_device byte send b0 eoi 0
+3057.395385410: grid210x_device byte send 0e eoi 0
+3057.395596415: grid210x_device byte send a2 eoi 0
+3057.395655416: grid210x_device byte send a7 eoi 0
+3057.395711417: grid210x_device byte send 0e eoi 0
+3057.395764419: grid210x_device byte send c4 eoi 0
+3057.395817420: grid210x_device byte send 46 eoi 0
+3057.395869421: grid210x_device byte send 0a eoi 0
+3057.395922422: grid210x_device byte send a3 eoi 0
+3057.395975424: grid210x_device byte send 9b eoi 0
+3057.396028425: grid210x_device byte send 0e eoi 0
+3057.396081426: grid210x_device byte send 8c eoi 0
+3057.396134427: grid210x_device byte send 06 eoi 0
+3057.396186429: grid210x_device byte send 9d eoi 0
+3057.396239430: grid210x_device byte send 0e eoi 0
+3057.396292431: grid210x_device byte send 8b eoi 0
+3057.396346432: grid210x_device byte send 46 eoi 0
+3057.396398434: grid210x_device byte send 04 eoi 0
+3057.396451435: grid210x_device byte send a3 eoi 0
+3057.396653440: grid210x_device byte send a3 eoi 0
+3057.396713441: grid210x_device byte send 0e eoi 0
+3057.396770442: grid210x_device byte send 8b eoi 0
+3057.396821444: grid210x_device byte send 46 eoi 0
+3057.396875445: grid210x_device byte send 06 eoi 0
+3057.396927446: grid210x_device byte send 8b eoi 0
+3057.396980447: grid210x_device byte send 56 eoi 0
+3057.397031449: grid210x_device byte send 08 eoi 0
+3057.397086450: grid210x_device byte send a3 eoi 0
+3057.397138451: grid210x_device byte send 9f eoi 0
+3057.397190452: grid210x_device byte send 0e eoi 0
+3057.397242454: grid210x_device byte send 89 eoi 0
+3057.397294455: grid210x_device byte send 16 eoi 0
+3057.397346456: grid210x_device byte send a1 eoi 0
+3057.397396457: grid210x_device byte send 0e eoi 0
+3057.397448458: grid210x_device byte send 5d eoi 0
+3057.397504460: grid210x_device byte send c2 eoi 0
+3057.397694464: grid210x_device byte send 0a eoi 0
+3057.397759466: grid210x_device byte send 00 eoi 0
+3057.397813467: grid210x_device byte send 55 eoi 0
+3057.397865468: grid210x_device byte send 8b eoi 0
+3057.397916469: grid210x_device byte send ec eoi 0
+3057.397969471: grid210x_device byte send c4 eoi 0
+3057.398021472: grid210x_device byte send 46 eoi 0
+3057.398073473: grid210x_device byte send 04 eoi 0
+3057.398129474: grid210x_device byte send 06 eoi 0
+3057.398181476: grid210x_device byte send 50 eoi 0
+3057.398233477: grid210x_device byte send 8b eoi 0
+3057.398284478: grid210x_device byte send 46 eoi 0
+3057.398337479: grid210x_device byte send 08 eoi 0
+3057.398389481: grid210x_device byte send ba eoi 0
+3057.398439482: grid210x_device byte send 00 eoi 0
+3057.398490483: grid210x_device byte send 00 eoi 0
+3057.398542484: grid210x_device byte send 03 eoi 0
+3057.398746489: grid210x_device byte send 06 eoi 0
+3057.398820491: grid210x_device byte send 0c eoi 0
+3057.398878492: grid210x_device byte send 00 eoi 0
+3057.398931493: grid210x_device byte send 13 eoi 0
+3057.398984495: grid210x_device byte send 16 eoi 0
+3057.399035496: grid210x_device byte send 0e eoi 0
+3057.399090497: grid210x_device byte send 00 eoi 0
+3057.399142498: grid210x_device byte send 52 eoi 0
+3057.399193500: grid210x_device byte send 50 eoi 0
+3057.399245501: grid210x_device byte send ff eoi 0
+3057.399564508: grid210x_device byte send 36 eoi 0
+3057.399809514: grid210x_device byte send 22 eoi 0
+3057.399886516: grid210x_device byte send 00 eoi 0
+3057.399946517: grid210x_device byte send e8 eoi 0
+3057.400069520: grid210x_device byte send aa eoi 0
+3057.400138522: grid210x_device byte send ff eoi 0
+3057.400193523: grid210x_device byte send b8 eoi 0
+3057.400247524: grid210x_device byte send 04 eoi 0
+3057.400302526: grid210x_device byte send 00 eoi 0
+3057.400358527: grid210x_device byte send 50 eoi 0
+3057.400410528: grid210x_device byte send b8 eoi 0
+3057.400463530: grid210x_device byte send 99 eoi 0
+3057.400513531: grid210x_device byte send 0e eoi 0
+3057.400565532: grid210x_device byte send 1e eoi 0
+3057.400616533: grid210x_device byte send 50 eoi 0
+3057.400667534: grid210x_device byte send b8 eoi 0
+3057.400720536: grid210x_device byte send 6c eoi 0
+3057.400922540: grid210x_device byte send 0a eoi 0
+3057.400984542: grid210x_device byte send 1e eoi 0
+3057.401039543: grid210x_device byte send 50 eoi 0
+3057.401092544: grid210x_device byte send ff eoi 0
+3057.401143546: grid210x_device byte send 1e eoi 0
+3057.401193547: grid210x_device byte send ac eoi 0
+3057.401245548: grid210x_device byte send 0e eoi 0
+3057.401298549: grid210x_device byte send a1 eoi 0
+3057.401351550: grid210x_device byte send 6c eoi 0
+3057.401402552: grid210x_device byte send 0a eoi 0
+3057.401456553: grid210x_device byte send 5d eoi 0
+3057.401507554: grid210x_device byte send c2 eoi 0
+3057.401558555: grid210x_device byte send 06 eoi 0
+3057.401611557: grid210x_device byte send 00 eoi 0
+3057.401665558: grid210x_device byte send 55 eoi 0
+3057.401718559: grid210x_device byte send 8b eoi 0
+3057.401769560: grid210x_device byte send ec eoi 0
+3057.401964565: grid210x_device byte send c4 eoi 0
+3057.402033567: grid210x_device byte send 5e eoi 0
+3057.402090568: grid210x_device byte send 04 eoi 0
+3057.402145569: grid210x_device byte send 8d eoi 0
+3057.402197570: grid210x_device byte send 47 eoi 0
+3057.402251572: grid210x_device byte send 04 eoi 0
+3057.402305573: grid210x_device byte send a3 eoi 0
+3057.402373575: grid210x_device byte send 72 eoi 0
+3057.402426576: grid210x_device byte send 0a eoi 0
+3057.402480577: grid210x_device byte send 8c eoi 0
+3057.402532578: grid210x_device byte send 06 eoi 0
+3057.402586580: grid210x_device byte send 74 eoi 0
+3057.402637581: grid210x_device byte send 0a eoi 0
+3057.402690582: grid210x_device byte send c4 eoi 0
+3057.402742583: grid210x_device byte send 5e eoi 0
+3057.402792584: grid210x_device byte send 04 eoi 0
+3057.402974589: grid210x_device byte send b8 eoi 0
+3057.403049591: grid210x_device byte send 00 eoi 0
+3057.403185594: grid210x_device byte send 00 eoi 0
+3057.403289596: grid210x_device byte send 26 eoi 0
+3057.403353598: grid210x_device byte send 89 eoi 0
+3057.403405599: grid210x_device byte send 87 eoi 0
+3057.403460600: grid210x_device byte send 04 eoi 0
+3057.403514601: grid210x_device byte send 04 eoi 0
+3057.403566603: grid210x_device byte send 26 eoi 0
+3057.403618604: grid210x_device byte send 89 eoi 0
+3057.403671605: grid210x_device byte send 87 eoi 0
+3057.403724606: grid210x_device byte send 06 eoi 0
+3057.403777608: grid210x_device byte send 04 eoi 0
+3057.403829609: grid210x_device byte send 26 eoi 0
+3057.403881610: grid210x_device byte send c7 eoi 0
+3057.404095615: grid210x_device byte send 07 eoi 0
+3057.404166617: grid210x_device byte send 01 eoi 0
+3057.404221618: grid210x_device byte send 00 eoi 0
+3057.404277619: grid210x_device byte send 26 eoi 0
+3057.404330621: grid210x_device byte send c7 eoi 0
+3057.404382622: grid210x_device byte send 47 eoi 0
+3057.404433623: grid210x_device byte send 02 eoi 0
+3057.404487624: grid210x_device byte send 00 eoi 0
+3057.404539626: grid210x_device byte send 00 eoi 0
+3057.404593627: grid210x_device byte send c4 eoi 0
+3057.404644628: grid210x_device byte send 1e eoi 0
+3057.404695629: grid210x_device byte send 72 eoi 0
+3057.404749631: grid210x_device byte send 0a eoi 0
+3057.404801632: grid210x_device byte send 8d eoi 0
+3057.405353645: grid210x_device byte send 87 eoi 0
+3057.405417646: grid210x_device byte send cc eoi 0
+3057.405471648: grid210x_device byte send 00 eoi 0
+3057.405526649: grid210x_device byte send a3 eoi 0
+3057.405577650: grid210x_device byte send 6e eoi 0
+3057.405630651: grid210x_device byte send 0a eoi 0
+3057.405684653: grid210x_device byte send 8c eoi 0
+3057.405736654: grid210x_device byte send 06 eoi 0
+3057.405788655: grid210x_device byte send 70 eoi 0
+3057.405841656: grid210x_device byte send 0a eoi 0
+3057.405894658: grid210x_device byte send 89 eoi 0
+3057.405946659: grid210x_device byte send c3 eoi 0
+3057.406000660: grid210x_device byte send 8b eoi 0
+3057.406052661: grid210x_device byte send 4e eoi 0
+3057.406287667: grid210x_device byte send 08 eoi 0
+3057.406357669: grid210x_device byte send 26 eoi 0
+3057.406410670: grid210x_device byte send 89 eoi 0
+3057.406463671: grid210x_device byte send 4f eoi 0
+3057.406516672: grid210x_device byte send 06 eoi 0
+3057.406568674: grid210x_device byte send 5d eoi 0
+3057.406621675: grid210x_device byte send c2 eoi 0
+3057.406672676: grid210x_device byte send 06 eoi 0
+3057.406725677: grid210x_device byte send 00 eoi 0
+3057.406778678: grid210x_device byte send 55 eoi 0
+3057.406831680: grid210x_device byte send 8b eoi 0
+3057.406881681: grid210x_device byte send ec eoi 0
+3057.406931682: grid210x_device byte send 83 eoi 0
+3057.406983683: grid210x_device byte send 7e eoi 0
+3057.407035685: grid210x_device byte send 04 eoi 0
+3057.407089686: grid210x_device byte send 00 eoi 0
+3057.407141687: grid210x_device byte send 75 eoi 0
+3057.407333692: grid210x_device byte send 08 eoi 0
+3057.407400693: grid210x_device byte send a1 eoi 0
+3057.407456694: grid210x_device byte send 24 eoi 0
+3057.407509696: grid210x_device byte send 00 eoi 0
+3057.407561697: grid210x_device byte send 2d eoi 0
+3057.407615698: grid210x_device byte send d4 eoi 0
+3057.407666699: grid210x_device byte send 00 eoi 0
+3057.407720701: grid210x_device byte send eb eoi 0
+3057.407770702: grid210x_device byte send 06 eoi 0
+3057.407822703: grid210x_device byte send a1 eoi 0
+3057.407878704: grid210x_device byte send 24 eoi 0
+3057.407930706: grid210x_device byte send 00 eoi 0
+3057.407984707: grid210x_device byte send 83 eoi 0
+3057.408036708: grid210x_device byte send e8 eoi 0
+3057.408089709: grid210x_device byte send 0c eoi 0
+3057.408141711: grid210x_device byte send d1 eoi 0
+3057.408192712: grid210x_device byte send e8 eoi 0
+3057.408387716: grid210x_device byte send 5d eoi 0
+3057.408456718: grid210x_device byte send c2 eoi 0
+3057.408511719: grid210x_device byte send 02 eoi 0
+3057.408570721: grid210x_device byte send 00 eoi 0
+3057.408627722: grid210x_device byte send 55 eoi 0
+3057.408678723: grid210x_device byte send 8b eoi 0
+3057.408730725: grid210x_device byte send ec eoi 0
+3057.408781726: grid210x_device byte send b8 eoi 0
+3057.408833727: grid210x_device byte send 00 eoi 0
+3057.408886728: grid210x_device byte send 00 eoi 0
+3057.408938729: grid210x_device byte send 50 eoi 0
+3057.408990731: grid210x_device byte send e8 eoi 0
+3057.409042732: grid210x_device byte send d9 eoi 0
+3057.409095733: grid210x_device byte send ff eoi 0
+3057.409146734: grid210x_device byte send a3 eoi 0
+3057.409197736: grid210x_device byte send 76 eoi 0
+3057.409250737: grid210x_device byte send 0a eoi 0
+3057.409456742: grid210x_device byte send c4 eoi 0
+3057.409528743: grid210x_device byte send 5e eoi 0
+3057.409581745: grid210x_device byte send 04 eoi 0
+3057.409634746: grid210x_device byte send 8d eoi 0
+3057.409686747: grid210x_device byte send 4f eoi 0
+3057.409739748: grid210x_device byte send 04 eoi 0
+3057.409790750: grid210x_device byte send 89 eoi 0
+3057.409844751: grid210x_device byte send 0e eoi 0
+3057.409897752: grid210x_device byte send 86 eoi 0
+3057.409949753: grid210x_device byte send 0a eoi 0
+3057.410078756: grid210x_device byte send 8c eoi 0
+3057.410146758: grid210x_device byte send 06 eoi 0
+3057.410206759: grid210x_device byte send 88 eoi 0
+3057.410743772: grid210x_device byte send 0a eoi 0
+3057.410814774: grid210x_device byte send c4 eoi 0
+3057.410867775: grid210x_device byte send 5e eoi 0
+3057.410919776: grid210x_device byte send 04 eoi 0
+3057.410973777: grid210x_device byte send 26 eoi 0
+3057.411026779: grid210x_device byte send 8b eoi 0
+3057.411076780: grid210x_device byte send 87 eoi 0
+3057.411197783: grid210x_device byte send 04 eoi 0
+3057.411295785: grid210x_device byte send 04 eoi 0
+3057.411353786: grid210x_device byte send 26 eoi 0
+3057.411406788: grid210x_device byte send 8b eoi 0
+3057.411643793: grid210x_device byte send 97 eoi 0
+3057.411716795: grid210x_device byte send 06 eoi 0
+3057.411773796: grid210x_device byte send 04 eoi 0
+3057.411830798: grid210x_device byte send 8b eoi 0
+3057.411882799: grid210x_device byte send 0e eoi 0
+3057.411936800: grid210x_device byte send 24 eoi 0
+3057.411989801: grid210x_device byte send 00 eoi 0
+3057.412044803: grid210x_device byte send bf eoi 0
+3057.412095804: grid210x_device byte send 00 eoi 0
+3057.412147805: grid210x_device byte send 00 eoi 0
+3057.412199806: grid210x_device byte send 9a eoi 0
+3057.412252808: grid210x_device byte send 00 eoi 0
+3057.412304809: grid210x_device byte send 00 eoi 0
+3057.412356810: grid210x_device byte send 7b eoi 0
+3057.412406811: grid210x_device byte send 20 eoi 0
+3057.412457812: grid210x_device byte send a3 eoi 0
+3057.412509814: grid210x_device byte send 7a eoi 0
+3057.412708818: grid210x_device byte send 0a eoi 0
+3057.412771820: grid210x_device byte send 3b eoi 0
+3057.412825821: grid210x_device byte send 06 eoi 0
+3057.413053827: grid210x_device byte send 76 eoi 0
+3057.413105828: grid210x_device byte send 0a eoi 0
+3057.413159829: grid210x_device byte send 73 eoi 0
+3057.413211830: grid210x_device byte send 0d eoi 0
+3057.413265832: grid210x_device byte send a3 eoi 0
+3057.413316833: grid210x_device byte send 7c eoi 0
+3057.413368834: grid210x_device byte send 0a eoi 0
+3057.413422835: grid210x_device byte send c4 eoi 0
+3057.413475836: grid210x_device byte send 1e eoi 0
+3057.413522838: grid210x_device byte send 86 eoi 1
+3057.413990849: grid210x_device byte recv 5f atn 1 eoi 0
+3057.414034850: grid210x_device now not talking
+3057.416301903: grid210x_device byte recv 25 atn 1 eoi 0
+3057.416347904: grid210x_device now listening
+3057.417503931: grid210x_device byte recv 04 atn 0 eoi 0
+3057.417592934: grid210x_device byte recv 00 atn 0 eoi 0
+3057.417665935: grid210x_device byte recv 00 atn 0 eoi 0
+3057.417735937: grid210x_device byte recv 02 atn 0 eoi 0
+3057.417933942: grid210x_device byte recv 00 atn 0 eoi 0
+3057.418021944: grid210x_device byte recv 00 atn 0 eoi 0
+3057.418092945: grid210x_device byte recv 00 atn 0 eoi 0
+3057.418160947: grid210x_device byte recv 00 atn 0 eoi 0
+3057.418231949: grid210x_device byte recv 02 atn 0 eoi 0
+3057.419318974: grid210x_device byte recv 20 atn 0 eoi 1
+3057.419416977: grid210x_device byte recv 3f atn 1 eoi 0
+3057.419444977: grid210x_device now not listening
+3057.419458978: grid210x_device command 4, data size 512, sector no 2
+3057.420432001: grid210x_device byte recv 18 atn 1 eoi 0
+3057.420533003: grid210x_device byte recv 45 atn 1 eoi 0
+3057.420560004: grid210x_device now talking
+3057.420592004: grid210x_device byte send 4f eoi 0
+3057.420718007: grid210x_device byte recv 19 atn 1 eoi 0
+3057.420799009: grid210x_device byte recv 5f atn 1 eoi 0
+3057.420823010: grid210x_device now not talking
+3057.422256044: grid210x_device byte recv 45 atn 1 eoi 0
+3057.422301045: grid210x_device now talking
+3057.423370070: grid210x_device byte send 0a eoi 0
+3057.423815080: grid210x_device byte send 8d eoi 0
+3057.423872082: grid210x_device byte send 87 eoi 0
+3057.423923083: grid210x_device byte send cc eoi 0
+3057.423975084: grid210x_device byte send 00 eoi 0
+3057.424029085: grid210x_device byte send eb eoi 0
+3057.424082087: grid210x_device byte send 1e eoi 0
+3057.424134088: grid210x_device byte send a1 eoi 0
+3057.424185089: grid210x_device byte send 7a eoi 0
+3057.424407094: grid210x_device byte send 0a eoi 0
+3057.424774103: grid210x_device byte send 2b eoi 0
+3057.424841105: grid210x_device byte send 06 eoi 0
+3057.424895106: grid210x_device byte send 76 eoi 0
+3057.424948107: grid210x_device byte send 0a eoi 0
+3057.425003108: grid210x_device byte send 50 eoi 0
+3057.425054110: grid210x_device byte send b9 eoi 0
+3057.425105111: grid210x_device byte send 01 eoi 0
+3057.425158112: grid210x_device byte send 00 eoi 0
+3057.425212113: grid210x_device byte send 51 eoi 0
+3057.425453119: grid210x_device byte send e8 eoi 0
+3057.425533121: grid210x_device byte send 8a eoi 0
+3057.425591122: grid210x_device byte send ff eoi 0
+3057.425644123: grid210x_device byte send 89 eoi 0
+3057.425695125: grid210x_device byte send c1 eoi 0
+3057.425748126: grid210x_device byte send 58 eoi 0
+3057.425799127: grid210x_device byte send 31 eoi 0
+3057.425850128: grid210x_device byte send d2 eoi 0
+3057.425902130: grid210x_device byte send f7 eoi 0
+3057.425953131: grid210x_device byte send f1 eoi 0
+3057.426008132: grid210x_device byte send 89 eoi 0
+3057.426060133: grid210x_device byte send 16 eoi 0
+3057.426112134: grid210x_device byte send 7c eoi 0
+3057.426162136: grid210x_device byte send 0a eoi 0
+3057.426217137: grid210x_device byte send c4 eoi 0
+3057.426268138: grid210x_device byte send 06 eoi 0
+3057.426322139: grid210x_device byte send 86 eoi 0
+3057.426503144: grid210x_device byte send 0a eoi 0
+3057.426575145: grid210x_device byte send a3 eoi 0
+3057.426634147: grid210x_device byte send 7e eoi 0
+3057.426685148: grid210x_device byte send 0a eoi 0
+3057.426740149: grid210x_device byte send 8c eoi 0
+3057.426794151: grid210x_device byte send 06 eoi 0
+3057.426849152: grid210x_device byte send 80 eoi 0
+3057.426900153: grid210x_device byte send 0a eoi 0
+3057.426952154: grid210x_device byte send 83 eoi 0
+3057.427004156: grid210x_device byte send 3e eoi 0
+3057.427057157: grid210x_device byte send 7c eoi 0
+3057.427164159: grid210x_device byte send 0a eoi 0
+3057.427263162: grid210x_device byte send 00 eoi 0
+3057.427325163: grid210x_device byte send 75 eoi 0
+3057.427380164: grid210x_device byte send 5a eoi 0
+3057.427570169: grid210x_device byte send c4 eoi 0
+3057.427646171: grid210x_device byte send 06 eoi 0
+3057.427703172: grid210x_device byte send 7e eoi 0
+3057.427758173: grid210x_device byte send 0a eoi 0
+3057.427812175: grid210x_device byte send a3 eoi 0
+3057.427865176: grid210x_device byte send 82 eoi 0
+3057.427917177: grid210x_device byte send 0a eoi 0
+3057.427970178: grid210x_device byte send 8c eoi 0
+3057.428023180: grid210x_device byte send 06 eoi 0
+3057.428076181: grid210x_device byte send 84 eoi 0
+3057.428128182: grid210x_device byte send 0a eoi 0
+3057.428179183: grid210x_device byte send a1 eoi 0
+3057.428230184: grid210x_device byte send 76 eoi 0
+3057.428282186: grid210x_device byte send 0a eoi 0
+3057.428337187: grid210x_device byte send 3b eoi 0
+3057.428389188: grid210x_device byte send 06 eoi 0
+3057.428440189: grid210x_device byte send 7a eoi 0
+3057.428492191: grid210x_device byte send 0a eoi 0
+3057.428692195: grid210x_device byte send 75 eoi 0
+3057.428751197: grid210x_device byte send 0f eoi 0
+3057.428805198: grid210x_device byte send c4 eoi 0
+3057.428859199: grid210x_device byte send 1e eoi 0
+3057.428910200: grid210x_device byte send 86 eoi 0
+3057.428964202: grid210x_device byte send 0a eoi 0
+3057.429015203: grid210x_device byte send 8d eoi 0
+3057.429065204: grid210x_device byte send 87 eoi 0
+3057.429117205: grid210x_device byte send cc eoi 0
+3057.429167207: grid210x_device byte send 00 eoi 0
+3057.429220208: grid210x_device byte send a3 eoi 0
+3057.429270209: grid210x_device byte send 82 eoi 0
+3057.429320210: grid210x_device byte send 0a eoi 0
+3057.429375211: grid210x_device byte send 8c eoi 0
+3057.429428213: grid210x_device byte send 06 eoi 0
+3057.429483214: grid210x_device byte send 84 eoi 0
+3057.429536215: grid210x_device byte send 0a eoi 0
+3057.429740220: grid210x_device byte send c4 eoi 0
+3057.429806222: grid210x_device byte send 1e eoi 0
+3057.429860223: grid210x_device byte send 82 eoi 0
+3057.430257232: grid210x_device byte send 0a eoi 0
+3057.430326234: grid210x_device byte send 26 eoi 0
+3057.430382235: grid210x_device byte send ff eoi 0
+3057.430436236: grid210x_device byte send 77 eoi 0
+3057.430487238: grid210x_device byte send 06 eoi 0
+3057.430542239: grid210x_device byte send c4 eoi 0
+3057.430595240: grid210x_device byte send 5e eoi 0
+3057.430825246: grid210x_device byte send 04 eoi 0
+3057.430898247: grid210x_device byte send 8d eoi 0
+3057.430951249: grid210x_device byte send 47 eoi 0
+3057.431005250: grid210x_device byte send 04 eoi 0
+3057.431058251: grid210x_device byte send 06 eoi 0
+3057.431112252: grid210x_device byte send 50 eoi 0
+3057.431164254: grid210x_device byte send e8 eoi 0
+3057.431216255: grid210x_device byte send b8 eoi 0
+3057.431269256: grid210x_device byte send fe eoi 0
+3057.431321257: grid210x_device byte send a3 eoi 0
+3057.431377259: grid210x_device byte send 78 eoi 0
+3057.431429260: grid210x_device byte send 0a eoi 0
+3057.431482261: grid210x_device byte send 09 eoi 0
+3057.431535262: grid210x_device byte send c0 eoi 0
+3057.431588264: grid210x_device byte send 75 eoi 0
+3057.431642265: grid210x_device byte send 37 eoi 0
+3057.431693266: grid210x_device byte send 83 eoi 0
+3057.431888271: grid210x_device byte send 3e eoi 0
+3057.431958272: grid210x_device byte send 7a eoi 0
+3057.432015274: grid210x_device byte send 0a eoi 0
+3057.432071275: grid210x_device byte send 00 eoi 0
+3057.432126276: grid210x_device byte send 75 eoi 0
+3057.432177278: grid210x_device byte send 16 eoi 0
+3057.432229279: grid210x_device byte send c4 eoi 0
+3057.432281280: grid210x_device byte send 1e eoi 0
+3057.432333281: grid210x_device byte send 86 eoi 0
+3057.432385282: grid210x_device byte send 0a eoi 0
+3057.432437284: grid210x_device byte send 26 eoi 0
+3057.432490285: grid210x_device byte send 8b eoi 0
+3057.432542286: grid210x_device byte send 47 eoi 0
+3057.432596287: grid210x_device byte send 04 eoi 0
+3057.432648289: grid210x_device byte send 26 eoi 0
+3057.432699290: grid210x_device byte send 8b eoi 0
+3057.432751291: grid210x_device byte send 57 eoi 0
+3057.432933295: grid210x_device byte send 06 eoi 0
+3057.433002297: grid210x_device byte send c4 eoi 0
+3057.433058298: grid210x_device byte send 5e eoi 0
+3057.433110300: grid210x_device byte send 04 eoi 0
+3057.433161301: grid210x_device byte send 26 eoi 0
+3057.433215302: grid210x_device byte send 89 eoi 0
+3057.433267303: grid210x_device byte send 07 eoi 0
+3057.433319304: grid210x_device byte send 26 eoi 0
+3057.433372306: grid210x_device byte send 89 eoi 0
+3057.433424307: grid210x_device byte send 57 eoi 0
+3057.433476308: grid210x_device byte send 02 eoi 0
+3057.433529309: grid210x_device byte send 8b eoi 0
+3057.433582311: grid210x_device byte send 36 eoi 0
+3057.433632312: grid210x_device byte send 7c eoi 0
+3057.433684313: grid210x_device byte send 0a eoi 0
+3057.433738314: grid210x_device byte send d1 eoi 0
+3057.433790316: grid210x_device byte send e6 eoi 0
+3057.433980320: grid210x_device byte send c4 eoi 0
+3057.434048322: grid210x_device byte send 1e eoi 0
+3057.434102323: grid210x_device byte send 7e eoi 0
+3057.434154324: grid210x_device byte send 0a eoi 0
+3057.434207325: grid210x_device byte send 26 eoi 0
+3057.434258327: grid210x_device byte send ff eoi 0
+3057.434310328: grid210x_device byte send 70 eoi 0
+3057.434362329: grid210x_device byte send 0c eoi 0
+3057.434415330: grid210x_device byte send c4 eoi 0
+3057.434467332: grid210x_device byte send 5e eoi 0
+3057.434518333: grid210x_device byte send 04 eoi 0
+3057.434569334: grid210x_device byte send 8d eoi 0
+3057.434623335: grid210x_device byte send 87 eoi 0
+3057.434675336: grid210x_device byte send 04 eoi 0
+3057.434727338: grid210x_device byte send 02 eoi 0
+3057.434780339: grid210x_device byte send 06 eoi 0
+3057.434833340: grid210x_device byte send 50 eoi 0
+3057.435027345: grid210x_device byte send e8 eoi 0
+3057.435156348: grid210x_device byte send 7a eoi 0
+3057.435256350: grid210x_device byte send fe eoi 0
+3057.435316352: grid210x_device byte send 5d eoi 0
+3057.435677360: grid210x_device byte send c2 eoi 0
+3057.435739362: grid210x_device byte send 04 eoi 0
+3057.435795363: grid210x_device byte send 00 eoi 0
+3057.435849364: grid210x_device byte send 55 eoi 0
+3057.435901365: grid210x_device byte send 8b eoi 0
+3057.436144371: grid210x_device byte send ec eoi 0
+3057.436216373: grid210x_device byte send c4 eoi 0
+3057.436271374: grid210x_device byte send 5e eoi 0
+3057.436323375: grid210x_device byte send 0a eoi 0
+3057.436382377: grid210x_device byte send 8d eoi 0
+3057.436434378: grid210x_device byte send 87 eoi 0
+3057.436485379: grid210x_device byte send 04 eoi 0
+3057.436539380: grid210x_device byte send 02 eoi 0
+3057.436595382: grid210x_device byte send a3 eoi 0
+3057.436646383: grid210x_device byte send 92 eoi 0
+3057.436698384: grid210x_device byte send 0a eoi 0
+3057.436753385: grid210x_device byte send 8c eoi 0
+3057.436804387: grid210x_device byte send 06 eoi 0
+3057.436855388: grid210x_device byte send 94 eoi 0
+3057.436905389: grid210x_device byte send 0a eoi 0
+3057.436957390: grid210x_device byte send c7 eoi 0
+3057.437009391: grid210x_device byte send 06 eoi 0
+3057.437203396: grid210x_device byte send 8e eoi 0
+3057.437276398: grid210x_device byte send 0a eoi 0
+3057.437333399: grid210x_device byte send 00 eoi 0
+3057.437387400: grid210x_device byte send 00 eoi 0
+3057.437442402: grid210x_device byte send c4 eoi 0
+3057.437495403: grid210x_device byte send 5e eoi 0
+3057.437548404: grid210x_device byte send 0a eoi 0
+3057.437602405: grid210x_device byte send 26 eoi 0
+3057.437655407: grid210x_device byte send 8b eoi 0
+3057.437707408: grid210x_device byte send 87 eoi 0
+3057.437758409: grid210x_device byte send 04 eoi 0
+3057.437813410: grid210x_device byte send 04 eoi 0
+3057.437865412: grid210x_device byte send 26 eoi 0
+3057.437916413: grid210x_device byte send 8b eoi 0
+3057.437968414: grid210x_device byte send 97 eoi 0
+3057.438020415: grid210x_device byte send 06 eoi 0
+3057.438072417: grid210x_device byte send 04 eoi 0
+3057.438255421: grid210x_device byte send 26 eoi 0
+3057.438326423: grid210x_device byte send 3b eoi 0
+3057.438385424: grid210x_device byte send 57 eoi 0
+3057.438439425: grid210x_device byte send 02 eoi 0
+3057.438495427: grid210x_device byte send 75 eoi 0
+3057.438547428: grid210x_device byte send 03 eoi 0
+3057.438601429: grid210x_device byte send 26 eoi 0
+3057.438652430: grid210x_device byte send 3b eoi 0
+3057.438703431: grid210x_device byte send 07 eoi 0
+3057.438756433: grid210x_device byte send b0 eoi 0
+3057.438807434: grid210x_device byte send ff eoi 0
+3057.438860435: grid210x_device byte send 74 eoi 0
+3057.438912436: grid210x_device byte send 01 eoi 0
+3057.438968438: grid210x_device byte send 40 eoi 0
+3057.439020439: grid210x_device byte send a2 eoi 0
+3057.439071440: grid210x_device byte send b1 eoi 0
+3057.439122441: grid210x_device byte send 0e eoi 0
+3057.439296445: grid210x_device byte send a1 eoi 0
+3057.439367447: grid210x_device byte send 8e eoi 0
+3057.439424448: grid210x_device byte send 0a eoi 0
+3057.439481450: grid210x_device byte send 3b eoi 0
+3057.439533451: grid210x_device byte send 46 eoi 0
+3057.439586452: grid210x_device byte send 04 eoi 0
+3057.439637453: grid210x_device byte send 72 eoi 0
+3057.439687455: grid210x_device byte send 03 eoi 0
+3057.439741456: grid210x_device byte send e9 eoi 0
+3057.439793457: grid210x_device byte send e5 eoi 0
+3057.439845458: grid210x_device byte send 00 eoi 0
+3057.439899460: grid210x_device byte send a0 eoi 0
+3057.439950461: grid210x_device byte send b1 eoi 0
+3057.440169466: grid210x_device byte send 0e eoi 0
+3057.440395471: grid210x_device byte send d0 eoi 0
+3057.440465473: grid210x_device byte send d8 eoi 0
+3057.440520474: grid210x_device byte send 73 eoi 0
+3057.440573476: grid210x_device byte send 03 eoi 0
+3057.440630477: grid210x_device byte send e9 eoi 0
+3057.440682478: grid210x_device byte send db eoi 0
+3057.440735479: grid210x_device byte send 00 eoi 0
+3057.440790481: grid210x_device byte send 8b eoi 0
+3057.440842482: grid210x_device byte send 0e eoi 0
+3057.441195490: grid210x_device byte send 24 eoi 0
+3057.441259492: grid210x_device byte send 00 eoi 0
+3057.441512498: grid210x_device byte send ba eoi 0
+3057.441583499: grid210x_device byte send 00 eoi 0
+3057.441642501: grid210x_device byte send 00 eoi 0
+3057.441696502: grid210x_device byte send c4 eoi 0
+3057.441749503: grid210x_device byte send 5e eoi 0
+3057.441802505: grid210x_device byte send 0a eoi 0
+3057.441856506: grid210x_device byte send 26 eoi 0
+3057.441907507: grid210x_device byte send 8b eoi 0
+3057.441959508: grid210x_device byte send 87 eoi 0
+3057.442009509: grid210x_device byte send 04 eoi 0
+3057.442060511: grid210x_device byte send 04 eoi 0
+3057.442113512: grid210x_device byte send 26 eoi 0
+3057.442166513: grid210x_device byte send 8b eoi 0
+3057.442219514: grid210x_device byte send bf eoi 0
+3057.442271516: grid210x_device byte send 06 eoi 0
+3057.442324517: grid210x_device byte send 04 eoi 0
+3057.442380518: grid210x_device byte send 87 eoi 0
+3057.442572523: grid210x_device byte send fa eoi 0
+3057.442640524: grid210x_device byte send 51 eoi 0
+3057.442695526: grid210x_device byte send 57 eoi 0
+3057.442749527: grid210x_device byte send 9a eoi 0
+3057.442800528: grid210x_device byte send 00 eoi 0
+3057.442857529: grid210x_device byte send 00 eoi 0
+3057.442910531: grid210x_device byte send 7b eoi 0
+3057.442962532: grid210x_device byte send 20 eoi 0
+3057.443014533: grid210x_device byte send 89 eoi 0
+3057.443067534: grid210x_device byte send 3e eoi 0
+3057.443174537: grid210x_device byte send 8a eoi 0
+3057.443273539: grid210x_device byte send 0a eoi 0
+3057.443335541: grid210x_device byte send 5b eoi 0
+3057.443388542: grid210x_device byte send 58 eoi 0
+3057.443441543: grid210x_device byte send 2b eoi 0
+3057.443642548: grid210x_device byte send c7 eoi 0
+3057.443708549: grid210x_device byte send a3 eoi 0
+3057.443763551: grid210x_device byte send 8c eoi 0
+3057.443816552: grid210x_device byte send 0a eoi 0
+3057.443871553: grid210x_device byte send 09 eoi 0
+3057.443924555: grid210x_device byte send ff eoi 0
+3057.443975556: grid210x_device byte send 75 eoi 0
+3057.444028557: grid210x_device byte send 0f eoi 0
+3057.444082558: grid210x_device byte send c4 eoi 0
+3057.444135560: grid210x_device byte send 46 eoi 0
+3057.444186561: grid210x_device byte send 0a eoi 0
+3057.444241562: grid210x_device byte send 06 eoi 0
+3057.444292563: grid210x_device byte send 50 eoi 0
+3057.444346565: grid210x_device byte send e8 eoi 0
+3057.444398566: grid210x_device byte send 94 eoi 0
+3057.444448567: grid210x_device byte send fe eoi 0
+3057.444502568: grid210x_device byte send 09 eoi 0
+3057.444685573: grid210x_device byte send c0 eoi 0
+3057.444754574: grid210x_device byte send 74 eoi 0
+3057.444810575: grid210x_device byte send 03 eoi 0
+3057.444867577: grid210x_device byte send e9 eoi 0
+3057.444919578: grid210x_device byte send a0 eoi 0
+3057.444971579: grid210x_device byte send 00 eoi 0
+3057.445024581: grid210x_device byte send 8b eoi 0
+3057.445075582: grid210x_device byte send 0e eoi 0
+3057.445128583: grid210x_device byte send 8c eoi 0
+3057.445179584: grid210x_device byte send 0a eoi 0
+3057.445233585: grid210x_device byte send a1 eoi 0
+3057.445284587: grid210x_device byte send 8e eoi 0
+3057.445339588: grid210x_device byte send 0a eoi 0
+3057.445390589: grid210x_device byte send 03 eoi 0
+3057.445442590: grid210x_device byte send c8 eoi 0
+3057.445493592: grid210x_device byte send 8b eoi 0
+3057.445545593: grid210x_device byte send 46 eoi 0
+3057.445751598: grid210x_device byte send 04 eoi 0
+3057.445820599: grid210x_device byte send 3b eoi 0
+3057.445877601: grid210x_device byte send c8 eoi 0
+3057.445928602: grid210x_device byte send 76 eoi 0
+3057.445979603: grid210x_device byte send 07 eoi 0
+3057.446033604: grid210x_device byte send 2b eoi 0
+3057.446087606: grid210x_device byte send 06 eoi 0
+3057.446138607: grid210x_device byte send 8e eoi 0
+3057.446189608: grid210x_device byte send 0a eoi 0
+3057.446243609: grid210x_device byte send a3 eoi 0
+3057.446561617: grid210x_device byte send 8c eoi 0
+3057.446626618: grid210x_device byte send 0a eoi 0
+3057.446875624: grid210x_device byte send c4 eoi 0
+3057.446940626: grid210x_device byte send 5e eoi 0
+3057.446993627: grid210x_device byte send 0a eoi 0
+3057.447049628: grid210x_device byte send 26 eoi 0
+3057.447100629: grid210x_device byte send 8b eoi 0
+3057.447151631: grid210x_device byte send 87 eoi 0
+3057.447203632: grid210x_device byte send 04 eoi 0
+3057.447258633: grid210x_device byte send 04 eoi 0
+3057.447311634: grid210x_device byte send 26 eoi 0
+3057.447365636: grid210x_device byte send 8b eoi 0
+3057.447415637: grid210x_device byte send 97 eoi 0
+3057.447467638: grid210x_device byte send 06 eoi 0
+3057.447518639: grid210x_device byte send 04 eoi 0
+3057.447572641: grid210x_device byte send 8b eoi 0
+3057.447626642: grid210x_device byte send 0e eoi 0
+3057.447679643: grid210x_device byte send 8c eoi 0
+3057.447732644: grid210x_device byte send 0a eoi 0
+3057.447926649: grid210x_device byte send bf eoi 0
+3057.447995651: grid210x_device byte send 00 eoi 0
+3057.448052652: grid210x_device byte send 00 eoi 0
+3057.448105653: grid210x_device byte send 03 eoi 0
+3057.448157654: grid210x_device byte send c8 eoi 0
+3057.448207656: grid210x_device byte send 13 eoi 0
+3057.448260657: grid210x_device byte send fa eoi 0
+3057.448311658: grid210x_device byte send 26 eoi 0
+3057.448365659: grid210x_device byte send 8b eoi 0
+3057.448417661: grid210x_device byte send 37 eoi 0
+3057.448470662: grid210x_device byte send 26 eoi 0
+3057.448536663: grid210x_device byte send 8b eoi 0
+3057.448591665: grid210x_device byte send 47 eoi 0
+3057.448643666: grid210x_device byte send 02 eoi 0
+3057.448697667: grid210x_device byte send 3b eoi 0
+3057.448751668: grid210x_device byte send f8 eoi 0
+3057.448802670: grid210x_device byte send 75 eoi 0
+3057.449008674: grid210x_device byte send 02 eoi 0
+3057.449066676: grid210x_device byte send 3b eoi 0
+3057.449119677: grid210x_device byte send ce eoi 0
+3057.449171678: grid210x_device byte send 76 eoi 0
+3057.449221680: grid210x_device byte send 15 eoi 0
+3057.449273681: grid210x_device byte send 26 eoi 0
+3057.449325682: grid210x_device byte send 2b eoi 0
+3057.449378683: grid210x_device byte send b7 eoi 0
+3057.449429684: grid210x_device byte send 04 eoi 0
+3057.449483686: grid210x_device byte send 04 eoi 0
+3057.449536687: grid210x_device byte send 26 eoi 0
+3057.449590688: grid210x_device byte send 1b eoi 0
+3057.449642689: grid210x_device byte send 87 eoi 0
+3057.449695691: grid210x_device byte send 06 eoi 0
+3057.449749692: grid210x_device byte send 04 eoi 0
+3057.449802693: grid210x_device byte send 89 eoi 0
+3057.449855694: grid210x_device byte send 36 eoi 0
+3057.450127701: grid210x_device byte send 90 eoi 0
+3057.450190702: grid210x_device byte send 0a eoi 0
+3057.450248704: grid210x_device byte send c6 eoi 0
+3057.450301705: grid210x_device byte send 06 eoi 0
+3057.450357706: grid210x_device byte send b1 eoi 0
+3057.450409708: grid210x_device byte send 0e eoi 0
+3057.450464709: grid210x_device byte send 01 eoi 0
+3057.450520710: grid210x_device byte send eb eoi 0
+3057.450572711: grid210x_device byte send 06 eoi 0
+3057.450628713: grid210x_device byte send a1 eoi 0
+3057.450680714: grid210x_device byte send 8c eoi 0
+3057.450732715: grid210x_device byte send 0a eoi 0
+3057.450786716: grid210x_device byte send a3 eoi 0
+3057.450839718: grid210x_device byte send 90 eoi 0
+3057.450890719: grid210x_device byte send 0a eoi 0
+3057.451159725: grid210x_device byte send c4 eoi 0
+3057.451272728: grid210x_device byte send 1e eoi 0
+3057.451335729: grid210x_device byte send 92 eoi 0
+3057.451390731: grid210x_device byte send 0a eoi 0
+3057.451445732: grid210x_device byte send 8b eoi 0
+3057.451499733: grid210x_device byte send 36 eoi 0
+3057.451553735: grid210x_device byte send 8a eoi 0
+3057.451605736: grid210x_device byte send 0a eoi 0
+3057.451659737: grid210x_device byte send 8d eoi 0
+3057.451713738: grid210x_device byte send 70 eoi 0
+3057.451765740: grid210x_device byte send 04 eoi 0
+3057.452318753: grid210x_device byte send 06 eoi 0
+3057.452387754: grid210x_device byte send c4 eoi 0
+3057.452529758: grid210x_device byte send 5e eoi 0
+3057.452582759: grid210x_device byte send 06 eoi 0
+3057.452635760: grid210x_device byte send 8b eoi 0
+3057.452685761: grid210x_device byte send 3e eoi 0
+3057.452739762: grid210x_device byte send 8e eoi 0
+3057.452789764: grid210x_device byte send 0a eoi 0
+3057.452842765: grid210x_device byte send 8d eoi 0
+3057.452894766: grid210x_device byte send 39 eoi 0
+3057.452944767: grid210x_device byte send 8b eoi 0
+3057.452997769: grid210x_device byte send 0e eoi 0
+3057.453048770: grid210x_device byte send 90 eoi 0
+3057.453260775: grid210x_device byte send 0a eoi 0
+3057.453336777: grid210x_device byte send 1e eoi 0
+3057.453392778: grid210x_device byte send 8e eoi 0
+3057.453444779: grid210x_device byte send 9e eoi 0
+3057.453500780: grid210x_device byte send fe eoi 0
+3057.453552782: grid210x_device byte send ff eoi 0
+3057.453606783: grid210x_device byte send fc eoi 0
+3057.453655784: grid210x_device byte send f2 eoi 0
+3057.453708785: grid210x_device byte send a4 eoi 0
+3057.453759787: grid210x_device byte send 1f eoi 0
+3057.453809788: grid210x_device byte send 59 eoi 0
+3057.453860789: grid210x_device byte send a1 eoi 0
+3057.453913790: grid210x_device byte send 90 eoi 0
+3057.453966791: grid210x_device byte send 0a eoi 0
+3057.454020793: grid210x_device byte send 01 eoi 0
+3057.454072794: grid210x_device byte send 06 eoi 0
+3057.454126795: grid210x_device byte send 8e eoi 0
+3057.454306799: grid210x_device byte send 0a eoi 0
+3057.454383801: grid210x_device byte send c4 eoi 0
+3057.454439803: grid210x_device byte send 5e eoi 0
+3057.454493804: grid210x_device byte send 0a eoi 0
+3057.454545805: grid210x_device byte send ba eoi 0
+3057.454596806: grid210x_device byte send 00 eoi 0
+3057.454649808: grid210x_device byte send 00 eoi 0
+3057.454700809: grid210x_device byte send 26 eoi 0
+3057.454755810: grid210x_device byte send 03 eoi 0
+3057.454806811: grid210x_device byte send 87 eoi 0
+3057.454859812: grid210x_device byte send 04 eoi 0
+3057.454911814: grid210x_device byte send 04 eoi 0
+3057.454965815: grid210x_device byte send 26 eoi 0
+3057.455015816: grid210x_device byte send 13 eoi 0
+3057.455067817: grid210x_device byte send 97 eoi 0
+3057.455119819: grid210x_device byte send 06 eoi 0
+3057.455170820: grid210x_device byte send 04 eoi 0
+3057.455224821: grid210x_device byte send 26 eoi 0
+3057.455414826: grid210x_device byte send 89 eoi 0
+3057.455475827: grid210x_device byte send 87 eoi 0
+3057.455529828: grid210x_device byte send 04 eoi 0
+3057.455583830: grid210x_device byte send 04 eoi 0
+3057.455634831: grid210x_device byte send 26 eoi 0
+3057.455685832: grid210x_device byte send 89 eoi 0
+3057.455737833: grid210x_device byte send 97 eoi 0
+3057.455788834: grid210x_device byte send 06 eoi 0
+3057.455842836: grid210x_device byte send 04 eoi 0
+3057.455895837: grid210x_device byte send e9 eoi 0
+3057.455947838: grid210x_device byte send 10 eoi 0
+3057.456001839: grid210x_device byte send ff eoi 0
+3057.456051841: grid210x_device byte send a1 eoi 0
+3057.456102842: grid210x_device byte send 8e eoi 0
+3057.456153843: grid210x_device byte send 0a eoi 0
+3057.456206844: grid210x_device byte send 5d eoi 0
+3057.456257845: grid210x_device byte send c2 eoi 0
+3057.456471851: grid210x_device byte send 0a eoi 0
+3057.456543852: grid210x_device byte send 00 eoi 0
+3057.456599854: grid210x_device byte send 55 eoi 0
+3057.456653855: grid210x_device byte send 8b eoi 0
+3057.456703856: grid210x_device byte send ec eoi 0
+3057.456757857: grid210x_device byte send a1 eoi 0
+3057.456809858: grid210x_device byte send 00 eoi 0
+3057.456865860: grid210x_device byte send 00 eoi 0
+3057.456918861: grid210x_device byte send 09 eoi 0
+3057.456970862: grid210x_device byte send c0 eoi 0
+3057.457022863: grid210x_device byte send 75 eoi 0
+3057.457073865: grid210x_device byte send 2d eoi 0
+3057.457126866: grid210x_device byte send ff eoi 0
+3057.457177867: grid210x_device byte send 76 eoi 0
+3057.457707880: grid210x_device byte send 0c eoi 0
+3057.457775881: grid210x_device byte send b8 eoi 0
+3057.457828883: grid210x_device byte send 58 eoi 0
+3057.457880884: grid210x_device byte send 00 eoi 0
+3057.457933885: grid210x_device byte send 1e eoi 0
+3057.457985886: grid210x_device byte send 50 eoi 0
+3057.458037887: grid210x_device byte send e8 eoi 0
+3057.458088889: grid210x_device byte send 6d eoi 0
+3057.458140890: grid210x_device byte send fd eoi 0
+3057.458191891: grid210x_device byte send b8 eoi 0
+3057.458243892: grid210x_device byte send 58 eoi 0
+3057.458296894: grid210x_device byte send 00 eoi 0
+3057.458349895: grid210x_device byte send 1e eoi 0
+3057.458400896: grid210x_device byte send 50 eoi 0
+3057.458450897: grid210x_device byte send b8 eoi 0
+3057.458689903: grid210x_device byte send ef eoi 0
+3057.458748904: grid210x_device byte send 0e eoi 0
+3057.458804906: grid210x_device byte send 1e eoi 0
+3057.458856907: grid210x_device byte send 50 eoi 0
+3057.458907908: grid210x_device byte send b8 eoi 0
+3057.458961909: grid210x_device byte send 01 eoi 0
+3057.459015911: grid210x_device byte send 00 eoi 0
+3057.459068912: grid210x_device byte send 50 eoi 0
+3057.459179914: grid210x_device byte send e8 eoi 0
+3057.459278917: grid210x_device byte send ae eoi 0
+3057.459338918: grid210x_device byte send fe eoi 0
+3057.459392919: grid210x_device byte send a3 eoi 0
+3057.459445921: grid210x_device byte send 98 eoi 0
+3057.459494922: grid210x_device byte send 0a eoi 1
+3057.459964933: grid210x_device byte recv 5f atn 1 eoi 0
+3057.460070935: grid210x_device now not talking
+3057.462276987: grid210x_device byte recv 25 atn 1 eoi 0
+3057.462328989: grid210x_device now listening
+3057.463470016: grid210x_device byte recv 04 atn 0 eoi 0
+3057.463559018: grid210x_device byte recv 00 atn 0 eoi 0
+3057.463635019: grid210x_device byte recv 00 atn 0 eoi 0
+3057.463704021: grid210x_device byte recv 03 atn 0 eoi 0
+3057.463898026: grid210x_device byte recv 00 atn 0 eoi 0
+3057.463985028: grid210x_device byte recv 00 atn 0 eoi 0
+3057.464058029: grid210x_device byte recv 00 atn 0 eoi 0
+3057.464130031: grid210x_device byte recv 00 atn 0 eoi 0
+3057.464200033: grid210x_device byte recv 02 atn 0 eoi 0
+3057.465286058: grid210x_device byte recv 00 atn 0 eoi 1
+3057.465371060: grid210x_device byte recv 3f atn 1 eoi 0
+3057.465399061: grid210x_device now not listening
+3057.465411061: grid210x_device command 4, data size 512, sector no 3
+3057.466239081: grid210x_device byte recv 18 atn 1 eoi 0
+3057.466346083: grid210x_device byte recv 45 atn 1 eoi 0
+3057.466375084: grid210x_device now talking
+3057.466406085: grid210x_device byte send 4f eoi 0
+3057.466525088: grid210x_device byte recv 19 atn 1 eoi 0
+3057.466609090: grid210x_device byte recv 5f atn 1 eoi 0
+3057.466633090: grid210x_device now not talking
+3057.467966122: grid210x_device byte recv 45 atn 1 eoi 0
+3057.468009123: grid210x_device now talking
+3057.469349154: grid210x_device byte send 09 eoi 0
+3057.470321177: grid210x_device byte send c0 eoi 0
+3057.470410179: grid210x_device byte send 74 eoi 0
+3057.470468181: grid210x_device byte send 07 eoi 0
+3057.470525182: grid210x_device byte send 80 eoi 0
+3057.470576183: grid210x_device byte send 3e eoi 0
+3057.470629184: grid210x_device byte send ef eoi 0
+3057.470681186: grid210x_device byte send 0e eoi 0
+3057.470735187: grid210x_device byte send ff eoi 0
+3057.470786188: grid210x_device byte send 75 eoi 0
+3057.470838189: grid210x_device byte send 05 eoi 0
+3057.470890191: grid210x_device byte send b8 eoi 0
+3057.470940192: grid210x_device byte send 02 eoi 0
+3057.470993193: grid210x_device byte send 00 eoi 0
+3057.471044194: grid210x_device byte send eb eoi 0
+3057.471097195: grid210x_device byte send 6b eoi 0
+3057.471148197: grid210x_device byte send b8 eoi 0
+3057.471198198: grid210x_device byte send 58 eoi 0
+3057.471399203: grid210x_device byte send 00 eoi 0
+3057.471476204: grid210x_device byte send 1e eoi 0
+3057.471532206: grid210x_device byte send 50 eoi 0
+3057.471586207: grid210x_device byte send b8 eoi 0
+3057.471952216: grid210x_device byte send 96 eoi 0
+3057.472019217: grid210x_device byte send 0a eoi 0
+3057.472074218: grid210x_device byte send 1e eoi 0
+3057.472129220: grid210x_device byte send 50 eoi 0
+3057.472181221: grid210x_device byte send b8 eoi 0
+3057.472234222: grid210x_device byte send 02 eoi 0
+3057.472289224: grid210x_device byte send 00 eoi 0
+3057.472558230: grid210x_device byte send 50 eoi 0
+3057.472619231: grid210x_device byte send e8 eoi 0
+3057.472672233: grid210x_device byte send 8a eoi 0
+3057.472724234: grid210x_device byte send fe eoi 0
+3057.472775235: grid210x_device byte send a3 eoi 0
+3057.472826236: grid210x_device byte send 98 eoi 0
+3057.472878237: grid210x_device byte send 0a eoi 0
+3057.472932239: grid210x_device byte send b8 eoi 0
+3057.472983240: grid210x_device byte send 58 eoi 0
+3057.473035241: grid210x_device byte send 00 eoi 0
+3057.473088242: grid210x_device byte send 1e eoi 0
+3057.473140244: grid210x_device byte send 50 eoi 0
+3057.473190245: grid210x_device byte send b8 eoi 0
+3057.473242246: grid210x_device byte send b2 eoi 0
+3057.473292247: grid210x_device byte send 0e eoi 0
+3057.473347249: grid210x_device byte send 1e eoi 0
+3057.473399250: grid210x_device byte send 50 eoi 0
+3057.473594254: grid210x_device byte send b8 eoi 0
+3057.473660256: grid210x_device byte send 01 eoi 0
+3057.473718257: grid210x_device byte send 00 eoi 0
+3057.473772259: grid210x_device byte send 50 eoi 0
+3057.473824260: grid210x_device byte send e8 eoi 0
+3057.473878261: grid210x_device byte send 76 eoi 0
+3057.473929262: grid210x_device byte send fe eoi 0
+3057.473981263: grid210x_device byte send a3 eoi 0
+3057.474032265: grid210x_device byte send 98 eoi 0
+3057.474083266: grid210x_device byte send 0a eoi 0
+3057.474136267: grid210x_device byte send b8 eoi 0
+3057.474186268: grid210x_device byte send 58 eoi 0
+3057.474238270: grid210x_device byte send 00 eoi 0
+3057.474290271: grid210x_device byte send 1e eoi 0
+3057.474343272: grid210x_device byte send 50 eoi 0
+3057.474396273: grid210x_device byte send b8 eoi 0
+3057.474447274: grid210x_device byte send b3 eoi 0
+3057.474624279: grid210x_device byte send 0e eoi 0
+3057.474692280: grid210x_device byte send 1e eoi 0
+3057.474746281: grid210x_device byte send 50 eoi 0
+3057.474798283: grid210x_device byte send a0 eoi 0
+3057.474852284: grid210x_device byte send b2 eoi 0
+3057.474902285: grid210x_device byte send 0e eoi 0
+3057.474957286: grid210x_device byte send b4 eoi 0
+3057.475008288: grid210x_device byte send 00 eoi 0
+3057.475061289: grid210x_device byte send 50 eoi 0
+3057.475168291: grid210x_device byte send e8 eoi 0
+3057.475265294: grid210x_device byte send 60 eoi 0
+3057.475327295: grid210x_device byte send fe eoi 0
+3057.475384297: grid210x_device byte send a3 eoi 0
+3057.475436298: grid210x_device byte send 98 eoi 0
+3057.475489299: grid210x_device byte send 0a eoi 0
+3057.475683304: grid210x_device byte send c4 eoi 0
+3057.475752305: grid210x_device byte send 5e eoi 0
+3057.475805306: grid210x_device byte send 08 eoi 0
+3057.475860308: grid210x_device byte send a0 eoi 0
+3057.475913309: grid210x_device byte send b2 eoi 0
+3057.475966310: grid210x_device byte send 0e eoi 0
+3057.476021312: grid210x_device byte send 26 eoi 0
+3057.476071313: grid210x_device byte send 38 eoi 0
+3057.476124314: grid210x_device byte send 07 eoi 0
+3057.476177315: grid210x_device byte send 75 eoi 0
+3057.476230316: grid210x_device byte send 26 eoi 0
+3057.476283318: grid210x_device byte send b9 eoi 0
+3057.476334319: grid210x_device byte send b3 eoi 0
+3057.476387320: grid210x_device byte send 0e eoi 0
+3057.476440321: grid210x_device byte send 1e eoi 0
+3057.476493323: grid210x_device byte send 51 eoi 0
+3057.476546324: grid210x_device byte send 8d eoi 0
+3057.476754329: grid210x_device byte send 4f eoi 0
+3057.476827331: grid210x_device byte send 01 eoi 0
+3057.476884332: grid210x_device byte send 06 eoi 0
+3057.476940333: grid210x_device byte send 51 eoi 0
+3057.476993334: grid210x_device byte send b4 eoi 0
+3057.477305342: grid210x_device byte send 00 eoi 0
+3057.477371343: grid210x_device byte send 50 eoi 0
+3057.477424345: grid210x_device byte send 9a eoi 0
+3057.477476346: grid210x_device byte send ec eoi 0
+3057.477526347: grid210x_device byte send 00 eoi 0
+3057.477577348: grid210x_device byte send ef eoi 0
+3057.477629349: grid210x_device byte send ff eoi 0
+3057.477879355: grid210x_device byte send d0 eoi 0
+3057.477948357: grid210x_device byte send d8 eoi 0
+3057.478004358: grid210x_device byte send 73 eoi 0
+3057.478056360: grid210x_device byte send 10 eoi 0
+3057.478106361: grid210x_device byte send a1 eoi 0
+3057.478157362: grid210x_device byte send 96 eoi 0
+3057.478208363: grid210x_device byte send 0a eoi 0
+3057.478262364: grid210x_device byte send c4 eoi 0
+3057.478313366: grid210x_device byte send 5e eoi 0
+3057.478367367: grid210x_device byte send 04 eoi 0
+3057.478420368: grid210x_device byte send 26 eoi 0
+3057.478472369: grid210x_device byte send 89 eoi 0
+3057.478523371: grid210x_device byte send 07 eoi 0
+3057.478575372: grid210x_device byte send b8 eoi 0
+3057.478627373: grid210x_device byte send 00 eoi 0
+3057.478679374: grid210x_device byte send 00 eoi 0
+3057.478731375: grid210x_device byte send 5d eoi 0
+3057.478925380: grid210x_device byte send c2 eoi 0
+3057.478994382: grid210x_device byte send 0a eoi 0
+3057.479051383: grid210x_device byte send 00 eoi 0
+3057.479105384: grid210x_device byte send b8 eoi 0
+3057.479157386: grid210x_device byte send 58 eoi 0
+3057.479208387: grid210x_device byte send 00 eoi 0
+3057.479262388: grid210x_device byte send 1e eoi 0
+3057.479314389: grid210x_device byte send 50 eoi 0
+3057.479367390: grid210x_device byte send b8 eoi 0
+3057.479418392: grid210x_device byte send f0 eoi 0
+3057.479472393: grid210x_device byte send 0e eoi 0
+3057.479524394: grid210x_device byte send 1e eoi 0
+3057.479574395: grid210x_device byte send 50 eoi 0
+3057.479627397: grid210x_device byte send b8 eoi 0
+3057.479677398: grid210x_device byte send 01 eoi 0
+3057.479727399: grid210x_device byte send 00 eoi 0
+3057.479780400: grid210x_device byte send 50 eoi 0
+3057.479961404: grid210x_device byte send e8 eoi 0
+3057.480115408: grid210x_device byte send 1b eoi 0
+3057.480180410: grid210x_device byte send fe eoi 0
+3057.480237411: grid210x_device byte send a3 eoi 0
+3057.480290412: grid210x_device byte send 98 eoi 0
+3057.480344414: grid210x_device byte send 0a eoi 0
+3057.480399415: grid210x_device byte send e9 eoi 0
+3057.480450416: grid210x_device byte send 56 eoi 0
+3057.480503417: grid210x_device byte send ff eoi 0
+3057.480555419: grid210x_device byte send 55 eoi 0
+3057.480607420: grid210x_device byte send 8b eoi 0
+3057.480659421: grid210x_device byte send ec eoi 0
+3057.480710422: grid210x_device byte send b8 eoi 0
+3057.480762423: grid210x_device byte send 60 eoi 0
+3057.480812425: grid210x_device byte send 04 eoi 0
+3057.480996429: grid210x_device byte send 1e eoi 0
+3057.481069431: grid210x_device byte send 50 eoi 0
+3057.481128432: grid210x_device byte send b8 eoi 0
+3057.481183433: grid210x_device byte send 18 eoi 0
+3057.481235435: grid210x_device byte send 00 eoi 0
+3057.481290436: grid210x_device byte send 1e eoi 0
+3057.481343437: grid210x_device byte send 50 eoi 0
+3057.481395438: grid210x_device byte send b8 eoi 0
+3057.481445439: grid210x_device byte send 0a eoi 0
+3057.481500441: grid210x_device byte send 00 eoi 0
+3057.481552442: grid210x_device byte send 50 eoi 0
+3057.481604443: grid210x_device byte send e8 eoi 0
+3057.481655444: grid210x_device byte send 01 eoi 0
+3057.481709446: grid210x_device byte send fe eoi 0
+3057.481759447: grid210x_device byte send a3 eoi 0
+3057.481810448: grid210x_device byte send 9c eoi 0
+3057.481864449: grid210x_device byte send 0a eoi 0
+3057.481917451: grid210x_device byte send c7 eoi 0
+3057.482154456: grid210x_device byte send 06 eoi 0
+3057.482218458: grid210x_device byte send 9e eoi 0
+3057.482273459: grid210x_device byte send 0a eoi 0
+3057.482326460: grid210x_device byte send 00 eoi 0
+3057.482381462: grid210x_device byte send 00 eoi 0
+3057.482740470: grid210x_device byte send c7 eoi 0
+3057.482804472: grid210x_device byte send 06 eoi 0
+3057.482862473: grid210x_device byte send 9c eoi 0
+3057.482913474: grid210x_device byte send 0a eoi 0
+3057.482968475: grid210x_device byte send ec eoi 0
+3057.483300483: grid210x_device byte send 03 eoi 0
+3057.483377485: grid210x_device byte send b8 eoi 0
+3057.483432486: grid210x_device byte send ec eoi 0
+3057.483485488: grid210x_device byte send 03 eoi 0
+3057.483538489: grid210x_device byte send 39 eoi 0
+3057.483590490: grid210x_device byte send 06 eoi 0
+3057.483642491: grid210x_device byte send 9c eoi 0
+3057.483695493: grid210x_device byte send 0a eoi 0
+3057.483748494: grid210x_device byte send 75 eoi 0
+3057.483800495: grid210x_device byte send 1e eoi 0
+3057.483851496: grid210x_device byte send b9 eoi 0
+3057.483901497: grid210x_device byte send 60 eoi 0
+3057.483951499: grid210x_device byte send 04 eoi 0
+3057.484006500: grid210x_device byte send 1e eoi 0
+3057.484057501: grid210x_device byte send 51 eoi 0
+3057.484110502: grid210x_device byte send c4 eoi 0
+3057.484160504: grid210x_device byte send 1e eoi 0
+3057.484353508: grid210x_device byte send 1a eoi 0
+3057.484422510: grid210x_device byte send 00 eoi 0
+3057.484478511: grid210x_device byte send 8b eoi 0
+3057.484530512: grid210x_device byte send 36 eoi 0
+3057.484582513: grid210x_device byte send 9e eoi 0
+3057.484633515: grid210x_device byte send 0a eoi 0
+3057.484687516: grid210x_device byte send 8d eoi 0
+3057.484739517: grid210x_device byte send 08 eoi 0
+3057.484791518: grid210x_device byte send 06 eoi 0
+3057.484845520: grid210x_device byte send 51 eoi 0
+3057.484896521: grid210x_device byte send 50 eoi 0
+3057.484946522: grid210x_device byte send e8 eoi 0
+3057.484998523: grid210x_device byte send d4 eoi 0
+3057.485049524: grid210x_device byte send fd eoi 0
+3057.485103526: grid210x_device byte send a3 eoi 0
+3057.485154527: grid210x_device byte send 9c eoi 0
+3057.485207528: grid210x_device byte send 0a eoi 0
+3057.485387532: grid210x_device byte send 01 eoi 0
+3057.485461534: grid210x_device byte send 06 eoi 0
+3057.485597537: grid210x_device byte send 9e eoi 0
+3057.485650539: grid210x_device byte send 0a eoi 0
+3057.485703540: grid210x_device byte send eb eoi 0
+3057.485755541: grid210x_device byte send d9 eoi 0
+3057.485805542: grid210x_device byte send b8 eoi 0
+3057.485857544: grid210x_device byte send 1a eoi 0
+3057.485908545: grid210x_device byte send 00 eoi 0
+3057.485962546: grid210x_device byte send 1e eoi 0
+3057.486013547: grid210x_device byte send 50 eoi 0
+3057.486064548: grid210x_device byte send b8 eoi 0
+3057.486116550: grid210x_device byte send 08 eoi 0
+3057.486169551: grid210x_device byte send 00 eoi 0
+3057.486222552: grid210x_device byte send 50 eoi 0
+3057.486273553: grid210x_device byte send 9a eoi 0
+3057.486461558: grid210x_device byte send f1 eoi 0
+3057.486532559: grid210x_device byte send 00 eoi 0
+3057.486590561: grid210x_device byte send ef eoi 0
+3057.486643562: grid210x_device byte send ff eoi 0
+3057.486694563: grid210x_device byte send 50 eoi 0
+3057.486748565: grid210x_device byte send c4 eoi 0
+3057.486799566: grid210x_device byte send 06 eoi 0
+3057.486852567: grid210x_device byte send 1a eoi 0
+3057.486903568: grid210x_device byte send 00 eoi 0
+3057.486958570: grid210x_device byte send 06 eoi 0
+3057.487010571: grid210x_device byte send 50 eoi 0
+3057.487061572: grid210x_device byte send ff eoi 0
+3057.487113573: grid210x_device byte send 36 eoi 0
+3057.487167574: grid210x_device byte send 9e eoi 0
+3057.487222576: grid210x_device byte send 0a eoi 0
+3057.487274577: grid210x_device byte send 9a eoi 0
+3057.487324578: grid210x_device byte send f1 eoi 0
+3057.487519583: grid210x_device byte send 00 eoi 0
+3057.487596585: grid210x_device byte send ef eoi 0
+3057.487651586: grid210x_device byte send ff eoi 0
+3057.487703587: grid210x_device byte send 59 eoi 0
+3057.487759588: grid210x_device byte send 03 eoi 0
+3057.487812590: grid210x_device byte send c1 eoi 0
+3057.487866591: grid210x_device byte send 3b eoi 0
+3057.488183598: grid210x_device byte send 06 eoi 0
+3057.488250600: grid210x_device byte send 18 eoi 0
+3057.488305601: grid210x_device byte send 00 eoi 0
+3057.488363603: grid210x_device byte send 74 eoi 0
+3057.488415604: grid210x_device byte send 06 eoi 0
+3057.488669610: grid210x_device byte send c7 eoi 0
+3057.488729611: grid210x_device byte send 06 eoi 0
+3057.488785613: grid210x_device byte send 00 eoi 0
+3057.488839614: grid210x_device byte send 00 eoi 0
+3057.488892615: grid210x_device byte send 03 eoi 0
+3057.488945616: grid210x_device byte send 00 eoi 0
+3057.488998618: grid210x_device byte send 5d eoi 0
+3057.489049619: grid210x_device byte send c3 eoi 0
+3057.489100620: grid210x_device byte send 55 eoi 0
+3057.489152621: grid210x_device byte send 8b eoi 0
+3057.489204622: grid210x_device byte send ec eoi 0
+3057.489255624: grid210x_device byte send b0 eoi 0
+3057.489305625: grid210x_device byte send 00 eoi 0
+3057.489358626: grid210x_device byte send a2 eoi 0
+3057.489409627: grid210x_device byte send 2f eoi 0
+3057.489460629: grid210x_device byte send 00 eoi 0
+3057.489513630: grid210x_device byte send a2 eoi 0
+3057.489698634: grid210x_device byte send 56 eoi 0
+3057.489769636: grid210x_device byte send 00 eoi 0
+3057.489827637: grid210x_device byte send a1 eoi 0
+3057.489881638: grid210x_device byte send 76 eoi 0
+3057.489933640: grid210x_device byte send 08 eoi 0
+3057.489985641: grid210x_device byte send 09 eoi 0
+3057.490191646: grid210x_device byte send c0 eoi 0
+3057.490260647: grid210x_device byte send 74 eoi 0
+3057.490315649: grid210x_device byte send 24 eoi 0
+3057.490368650: grid210x_device byte send a3 eoi 0
+3057.490419651: grid210x_device byte send 50 eoi 0
+3057.490471652: grid210x_device byte send 00 eoi 0
+3057.490525654: grid210x_device byte send a1 eoi 0
+3057.490717658: grid210x_device byte send 78 eoi 0
+3057.490788660: grid210x_device byte send 08 eoi 0
+3057.490847661: grid210x_device byte send a3 eoi 0
+3057.490901663: grid210x_device byte send 52 eoi 0
+3057.490952664: grid210x_device byte send 00 eoi 0
+3057.491006665: grid210x_device byte send 8b eoi 0
+3057.491057666: grid210x_device byte send 0e eoi 0
+3057.491167669: grid210x_device byte send 7a eoi 0
+3057.491263671: grid210x_device byte send 08 eoi 0
+3057.491323672: grid210x_device byte send 89 eoi 0
+3057.491380674: grid210x_device byte send 0e eoi 0
+3057.491432675: grid210x_device byte send 54 eoi 0
+3057.491486676: grid210x_device byte send 00 eoi 0
+3057.491538678: grid210x_device byte send 8a eoi 0
+3057.491592679: grid210x_device byte send 16 eoi 0
+3057.491789683: grid210x_device byte send 7e eoi 0
+3057.491863685: grid210x_device byte send 08 eoi 0
+3057.491923687: grid210x_device byte send 88 eoi 0
+3057.491978688: grid210x_device byte send 16 eoi 0
+3057.492030689: grid210x_device byte send 57 eoi 0
+3057.492083690: grid210x_device byte send 00 eoi 0
+3057.492139692: grid210x_device byte send f7 eoi 0
+3057.492190693: grid210x_device byte send e1 eoi 0
+3057.492243694: grid210x_device byte send f7 eoi 0
+3057.492296695: grid210x_device byte send 26 eoi 0
+3057.492348697: grid210x_device byte send 7c eoi 0
+3057.492399698: grid210x_device byte send 08 eoi 0
+3057.492454699: grid210x_device byte send a3 eoi 0
+3057.492509700: grid210x_device byte send 26 eoi 0
+3057.492559702: grid210x_device byte send 00 eoi 0
+3057.492611703: grid210x_device byte send eb eoi 0
+3057.492664704: grid210x_device byte send 17 eoi 0
+3057.492866709: grid210x_device byte send c7 eoi 0
+3057.492942711: grid210x_device byte send 06 eoi 0
+3057.493001712: grid210x_device byte send 52 eoi 0
+3057.493052713: grid210x_device byte send 00 eoi 0
+3057.493107715: grid210x_device byte send 09 eoi 0
+3057.493162716: grid210x_device byte send 00 eoi 0
+3057.493216717: grid210x_device byte send c7 eoi 0
+3057.493268718: grid210x_device byte send 06 eoi 0
+3057.493321720: grid210x_device byte send 54 eoi 0
+3057.493376721: grid210x_device byte send 00 eoi 0
+3057.493429722: grid210x_device byte send 02 eoi 0
+3057.493483723: grid210x_device byte send 00 eoi 0
+3057.494023736: grid210x_device byte send c6 eoi 0
+3057.494093738: grid210x_device byte send 06 eoi 0
+3057.494149739: grid210x_device byte send 57 eoi 0
+3057.494200740: grid210x_device byte send 00 eoi 0
+3057.494256742: grid210x_device byte send 01 eoi 0
+3057.494308743: grid210x_device byte send c7 eoi 0
+3057.494362744: grid210x_device byte send 06 eoi 0
+3057.494414745: grid210x_device byte send 26 eoi 0
+3057.494466747: grid210x_device byte send 00 eoi 0
+3057.494518748: grid210x_device byte send d0 eoi 0
+3057.494568749: grid210x_device byte send 02 eoi 0
+3057.494620750: grid210x_device byte send b8 eoi 0
+3057.494671751: grid210x_device byte send 22 eoi 0
+3057.494722753: grid210x_device byte send 00 eoi 0
+3057.494775754: grid210x_device byte send 1e eoi 0
+3057.494826755: grid210x_device byte send 50 eoi 0
+3057.495009759: grid210x_device byte send b8 eoi 0
+3057.495084761: grid210x_device byte send ff eoi 0
+3057.495150763: grid210x_device byte send ff eoi 0
+3057.495207764: grid210x_device byte send 89 eoi 0
+3057.495258765: grid210x_device byte send c2 eoi 0
+3057.495309766: grid210x_device byte send 52 eoi 0
+3057.495361768: grid210x_device byte send 50 eoi 0
+3057.495413769: grid210x_device byte send ff eoi 0
+3057.495467770: grid210x_device byte send 36 eoi 0
+3057.495519771: grid210x_device byte send 22 eoi 0
+3057.495569773: grid210x_device byte send 00 eoi 0
+3057.495625774: grid210x_device byte send e8 eoi 0
+3057.495677775: grid210x_device byte send 7b eoi 0
+3057.495731776: grid210x_device byte send fb eoi 0
+3057.495782778: grid210x_device byte send c6 eoi 0
+3057.495833779: grid210x_device byte send 06 eoi 0
+3057.495887780: grid210x_device byte send a5 eoi 0
+3057.496071784: grid210x_device byte send 0e eoi 0
+3057.496146786: grid210x_device byte send 01 eoi 0
+3057.496203788: grid210x_device byte send b8 eoi 0
+3057.496260789: grid210x_device byte send 05 eoi 0
+3057.496311790: grid210x_device byte send 00 eoi 0
+3057.496365791: grid210x_device byte send 50 eoi 0
+3057.496417793: grid210x_device byte send b8 eoi 0
+3057.496469794: grid210x_device byte send 99 eoi 0
+3057.496520795: grid210x_device byte send 0e eoi 0
+3057.496574796: grid210x_device byte send 1e eoi 0
+3057.496628798: grid210x_device byte send 50 eoi 0
+3057.496680799: grid210x_device byte send b8 eoi 0
+3057.496732800: grid210x_device byte send a0 eoi 0
+3057.496784801: grid210x_device byte send 0a eoi 0
+3057.496837803: grid210x_device byte send 1e eoi 0
+3057.496888804: grid210x_device byte send 50 eoi 0
+3057.496939805: grid210x_device byte send ff eoi 0
+3057.497112809: grid210x_device byte send 1e eoi 0
+3057.497182811: grid210x_device byte send ac eoi 0
+3057.497240812: grid210x_device byte send 0e eoi 0
+3057.497295813: grid210x_device byte send 5d eoi 0
+3057.497349815: grid210x_device byte send c3 eoi 0
+3057.497403816: grid210x_device byte send 55 eoi 0
+3057.497454817: grid210x_device byte send 8b eoi 0
+3057.497506818: grid210x_device byte send ec eoi 0
+3057.497558820: grid210x_device byte send b8 eoi 0
+3057.497611821: grid210x_device byte send 00 eoi 0
+3057.497666822: grid210x_device byte send 00 eoi 0
+3057.497720823: grid210x_device byte send 89 eoi 0
+3057.497772825: grid210x_device byte send c2 eoi 0
+3057.497823826: grid210x_device byte send a3 eoi 0
+3057.497876827: grid210x_device byte send 0c eoi 0
+3057.497929828: grid210x_device byte send 00 eoi 0
+3057.497984830: grid210x_device byte send 89 eoi 0
+3057.498036831: grid210x_device byte send 16 eoi 0
+3057.498252836: grid210x_device byte send 0e eoi 0
+3057.498312837: grid210x_device byte send 00 eoi 0
+3057.498369839: grid210x_device byte send c6 eoi 0
+3057.498422840: grid210x_device byte send 06 eoi 0
+3057.498476841: grid210x_device byte send f1 eoi 0
+3057.498527842: grid210x_device byte send 0e eoi 0
+3057.498581844: grid210x_device byte send 01 eoi 0
+3057.498633845: grid210x_device byte send c6 eoi 0
+3057.498684846: grid210x_device byte send 06 eoi 0
+3057.498735847: grid210x_device byte send b0 eoi 0
+3057.499044855: grid210x_device byte send 0e eoi 0
+3057.499391863: grid210x_device byte send 04 eoi 0
+3057.499467865: grid210x_device byte send bf eoi 0
+3057.499522866: grid210x_device byte send ef eoi 0
+3057.499574867: grid210x_device byte send ff eoi 0
+3057.499630868: grid210x_device byte send b9 eoi 0
+3057.499682870: grid210x_device byte send 24 eoi 0
+3057.499736871: grid210x_device byte send 00 eoi 0
+3057.499788872: grid210x_device byte send 89 eoi 0
+3057.499840873: grid210x_device byte send 0e eoi 0
+3057.499894875: grid210x_device byte send ac eoi 0
+3057.499945876: grid210x_device byte send 0e eoi 0
+3057.499998877: grid210x_device byte send 89 eoi 0
+3057.500131880: grid210x_device byte send 3e eoi 0
+3057.500189882: grid210x_device byte send ae eoi 0
+3057.500243883: grid210x_device byte send 0e eoi 0
+3057.500436887: grid210x_device byte send 80 eoi 0
+3057.500506889: grid210x_device byte send 3e eoi 0
+3057.500561890: grid210x_device byte send b0 eoi 0
+3057.500614892: grid210x_device byte send 0a eoi 0
+3057.500667893: grid210x_device byte send 62 eoi 0
+3057.500720894: grid210x_device byte send 75 eoi 0
+3057.500771895: grid210x_device byte send 18 eoi 0
+3057.500821896: grid210x_device byte send c6 eoi 0
+3057.500873898: grid210x_device byte send 06 eoi 0
+3057.500928899: grid210x_device byte send b0 eoi 0
+3057.500980900: grid210x_device byte send 0e eoi 0
+3057.501033901: grid210x_device byte send ff eoi 0
+3057.501085903: grid210x_device byte send bf eoi 0
+3057.501137904: grid210x_device byte send ef eoi 0
+3057.501190905: grid210x_device byte send ff eoi 0
+3057.501242906: grid210x_device byte send b9 eoi 0
+3057.501293908: grid210x_device byte send 1a eoi 0
+3057.501487912: grid210x_device byte send 00 eoi 0
+3057.501560914: grid210x_device byte send 89 eoi 0
+3057.501616915: grid210x_device byte send 0e eoi 0
+3057.501671917: grid210x_device byte send ac eoi 0
+3057.501725918: grid210x_device byte send 0e eoi 0
+3057.501779919: grid210x_device byte send 89 eoi 0
+3057.501924923: grid210x_device byte send 3e eoi 0
+3057.501975924: grid210x_device byte send ae eoi 0
+3057.502028925: grid210x_device byte send 0e eoi 0
+3057.502082926: grid210x_device byte send a2 eoi 0
+3057.502135927: grid210x_device byte send f1 eoi 0
+3057.502187929: grid210x_device byte send 0e eoi 0
+3057.502241930: grid210x_device byte send eb eoi 0
+3057.502292931: grid210x_device byte send 1a eoi 0
+3057.502345932: grid210x_device byte send 80 eoi 0
+3057.502529937: grid210x_device byte send 3e eoi 0
+3057.502600938: grid210x_device byte send b0 eoi 0
+3057.502656940: grid210x_device byte send 0a eoi 0
+3057.502712941: grid210x_device byte send 63 eoi 0
+3057.502765942: grid210x_device byte send 75 eoi 0
+3057.502817944: grid210x_device byte send 07 eoi 0
+3057.502870945: grid210x_device byte send c6 eoi 0
+3057.502923946: grid210x_device byte send 06 eoi 0
+3057.502975947: grid210x_device byte send b0 eoi 0
+3057.503026948: grid210x_device byte send 0e eoi 0
+3057.503078950: grid210x_device byte send 06 eoi 0
+3057.503132951: grid210x_device byte send eb eoi 0
+3057.503184952: grid210x_device byte send 0c eoi 0
+3057.503238953: grid210x_device byte send 80 eoi 0
+3057.503290955: grid210x_device byte send 3e eoi 0
+3057.503344956: grid210x_device byte send b0 eoi 0
+3057.503395957: grid210x_device byte send 0a eoi 0
+3057.503596962: grid210x_device byte send 77 eoi 0
+3057.503668964: grid210x_device byte send 74 eoi 0
+3057.503725965: grid210x_device byte send 05 eoi 0
+3057.503780966: grid210x_device byte send c6 eoi 0
+3057.503833968: grid210x_device byte send 06 eoi 0
+3057.503887969: grid210x_device byte send b0 eoi 0
+3057.503940970: grid210x_device byte send 0e eoi 0
+3057.503995971: grid210x_device byte send 05 eoi 0
+3057.504048973: grid210x_device byte send b8 eoi 0
+3057.504100974: grid210x_device byte send 22 eoi 0
+3057.504151975: grid210x_device byte send 00 eoi 0
+3057.504203976: grid210x_device byte send 1e eoi 0
+3057.504255977: grid210x_device byte send 50 eoi 0
+3057.504306979: grid210x_device byte send b8 eoi 0
+3057.504854992: grid210x_device byte send 00 eoi 0
+3057.504920993: grid210x_device byte send 00 eoi 0
+3057.504976994: grid210x_device byte send 89 eoi 0
+3057.505029996: grid210x_device byte send c2 eoi 0
+3057.505081997: grid210x_device byte send 52 eoi 0
+3057.505133998: grid210x_device byte send 50 eoi 0
+3057.505183999: grid210x_device byte send b8 eoi 0
+3057.505236001: grid210x_device byte send 36 eoi 0
+3057.505287002: grid210x_device byte send 00 eoi 0
+3057.505343003: grid210x_device byte send 50 eoi 0
+3057.505395004: grid210x_device byte send e8 eoi 0
+3057.505446006: grid210x_device byte send ef eoi 0
+3057.505499007: grid210x_device byte send fa eoi 0
+3057.505551008: grid210x_device byte send b8 eoi 0
+3057.505770013: grid210x_device byte send 01 eoi 0
+3057.505847015: grid210x_device byte send 00 eoi 0
+3057.505905016: grid210x_device byte send 50 eoi 0
+3057.505952017: grid210x_device byte send b8 eoi 1
+3057.506422029: grid210x_device byte recv 5f atn 1 eoi 0
+3057.506451029: grid210x_device now not talking
+3057.508740083: grid210x_device byte recv 25 atn 1 eoi 0
+3057.508941088: grid210x_device now listening
+3057.509361098: grid210x_device byte recv 04 atn 0 eoi 0
+3057.509437100: grid210x_device byte recv 00 atn 0 eoi 0
+3057.509511101: grid210x_device byte recv 00 atn 0 eoi 0
+3057.509584103: grid210x_device byte recv 04 atn 0 eoi 0
+3057.509653105: grid210x_device byte recv 00 atn 0 eoi 0
+3057.509722106: grid210x_device byte recv 00 atn 0 eoi 0
+3057.509791108: grid210x_device byte recv 00 atn 0 eoi 0
+3057.509985113: grid210x_device byte recv 00 atn 0 eoi 0
+3057.510164117: grid210x_device byte recv 02 atn 0 eoi 0
+3057.511245142: grid210x_device byte recv 00 atn 0 eoi 1
+3057.511334144: grid210x_device byte recv 3f atn 1 eoi 0
+3057.511363145: grid210x_device now not listening
+3057.511375145: grid210x_device command 4, data size 512, sector no 4
+3057.512614175: grid210x_device byte recv 18 atn 1 eoi 0
+3057.512714177: grid210x_device byte recv 45 atn 1 eoi 0
+3057.512740178: grid210x_device now talking
+3057.512771178: grid210x_device byte send 4f eoi 0
+3057.512897181: grid210x_device byte recv 19 atn 1 eoi 0
+3057.512977183: grid210x_device byte recv 5f atn 1 eoi 0
+3057.513002184: grid210x_device now not talking
+3057.514336215: grid210x_device byte recv 45 atn 1 eoi 0
+3057.514386216: grid210x_device now talking
+3057.515552244: grid210x_device byte send 99 eoi 0
+3057.515995254: grid210x_device byte send 0e eoi 0
+3057.516056256: grid210x_device byte send 1e eoi 0
+3057.516111257: grid210x_device byte send 50 eoi 0
+3057.516165258: grid210x_device byte send b8 eoi 0
+3057.516218260: grid210x_device byte send 00 eoi 0
+3057.516411264: grid210x_device byte send 00 eoi 0
+3057.516480266: grid210x_device byte send 1e eoi 0
+3057.516534267: grid210x_device byte send 50 eoi 0
+3057.516589268: grid210x_device byte send ff eoi 0
+3057.516641270: grid210x_device byte send 1e eoi 0
+3057.516693271: grid210x_device byte send ac eoi 0
+3057.516744272: grid210x_device byte send 0e eoi 0
+3057.516797273: grid210x_device byte send 83 eoi 0
+3057.516850275: grid210x_device byte send 3e eoi 0
+3057.516901276: grid210x_device byte send 00 eoi 0
+3057.516954277: grid210x_device byte send 00 eoi 0
+3057.517008278: grid210x_device byte send 00 eoi 0
+3057.517061279: grid210x_device byte send 74 eoi 0
+3057.517112281: grid210x_device byte send 02 eoi 0
+3057.517164282: grid210x_device byte send 5d eoi 0
+3057.517218283: grid210x_device byte send c3 eoi 0
+3057.517268284: grid210x_device byte send b8 eoi 0
+3057.517456289: grid210x_device byte send 00 eoi 0
+3057.517527290: grid210x_device byte send 02 eoi 0
+3057.517584292: grid210x_device byte send 31 eoi 0
+3057.517638293: grid210x_device byte send d2 eoi 0
+3057.517691294: grid210x_device byte send f7 eoi 0
+3057.517743296: grid210x_device byte send 36 eoi 0
+3057.517794297: grid210x_device byte send 22 eoi 0
+3057.517846298: grid210x_device byte send 00 eoi 0
+3057.517900299: grid210x_device byte send a3 eoi 0
+3057.517951300: grid210x_device byte send a2 eoi 0
+3057.518313309: grid210x_device byte send 0a eoi 0
+3057.518568315: grid210x_device byte send b8 eoi 0
+3057.518640317: grid210x_device byte send 68 eoi 0
+3057.518695318: grid210x_device byte send 08 eoi 0
+3057.518751319: grid210x_device byte send a3 eoi 0
+3057.518804321: grid210x_device byte send a4 eoi 0
+3057.518857322: grid210x_device byte send 0a eoi 0
+3057.518909323: grid210x_device byte send 8c eoi 0
+3057.518963324: grid210x_device byte send 1e eoi 0
+3057.519014326: grid210x_device byte send a6 eoi 0
+3057.519064327: grid210x_device byte send 0a eoi 0
+3057.519117328: grid210x_device byte send c6 eoi 0
+3057.519168329: grid210x_device byte send 06 eoi 0
+3057.519223330: grid210x_device byte send f2 eoi 0
+3057.519274332: grid210x_device byte send 0e eoi 0
+3057.519327333: grid210x_device byte send 00 eoi 0
+3057.519382334: grid210x_device byte send a1 eoi 0
+3057.519433335: grid210x_device byte send a2 eoi 0
+3057.519645340: grid210x_device byte send 0a eoi 0
+3057.519717342: grid210x_device byte send 48 eoi 0
+3057.519772343: grid210x_device byte send 8a eoi 0
+3057.519823345: grid210x_device byte send 0e eoi 0
+3057.519878346: grid210x_device byte send f2 eoi 0
+3057.519931347: grid210x_device byte send 0e eoi 0
+3057.519986348: grid210x_device byte send b5 eoi 0
+3057.520135352: grid210x_device byte send 00 eoi 0
+3057.520202354: grid210x_device byte send 3b eoi 0
+3057.520257355: grid210x_device byte send c8 eoi 0
+3057.520309356: grid210x_device byte send 77 eoi 0
+3057.520362357: grid210x_device byte send 29 eoi 0
+3057.520415359: grid210x_device byte send 83 eoi 0
+3057.520467360: grid210x_device byte send 3e eoi 0
+3057.520659364: grid210x_device byte send 00 eoi 0
+3057.520734366: grid210x_device byte send 00 eoi 0
+3057.520794368: grid210x_device byte send 00 eoi 0
+3057.520849369: grid210x_device byte send 75 eoi 0
+3057.520903370: grid210x_device byte send 1c eoi 0
+3057.520955371: grid210x_device byte send b8 eoi 0
+3057.521007373: grid210x_device byte send 00 eoi 0
+3057.521062374: grid210x_device byte send 00 eoi 0
+3057.521115375: grid210x_device byte send 50 eoi 0
+3057.521167376: grid210x_device byte send 8b eoi 0
+3057.521220378: grid210x_device byte send 16 eoi 0
+3057.521271379: grid210x_device byte send 22 eoi 0
+3057.521321380: grid210x_device byte send 00 eoi 0
+3057.521374381: grid210x_device byte send 89 eoi 0
+3057.521426382: grid210x_device byte send d0 eoi 0
+3057.521478384: grid210x_device byte send f7 eoi 0
+3057.521530385: grid210x_device byte send e1 eoi 0
+3057.521618387: grid210x_device byte send 89 eoi 0
+3057.521788391: grid210x_device byte send c6 eoi 0
+3057.521848392: grid210x_device byte send c4 eoi 0
+3057.521902394: grid210x_device byte send 1e eoi 0
+3057.521954395: grid210x_device byte send a4 eoi 0
+3057.522009396: grid210x_device byte send 0a eoi 0
+3057.522063397: grid210x_device byte send 8d eoi 0
+3057.522118399: grid210x_device byte send 00 eoi 0
+3057.522169400: grid210x_device byte send 06 eoi 0
+3057.522223401: grid210x_device byte send 50 eoi 0
+3057.522275402: grid210x_device byte send e8 eoi 0
+3057.522325404: grid210x_device byte send c2 eoi 0
+3057.522379405: grid210x_device byte send fa eoi 0
+3057.522430406: grid210x_device byte send a3 eoi 0
+3057.522482407: grid210x_device byte send 00 eoi 0
+3057.522536409: grid210x_device byte send 00 eoi 0
+3057.522592410: grid210x_device byte send fe eoi 0
+3057.522766414: grid210x_device byte send 06 eoi 0
+3057.522841416: grid210x_device byte send f2 eoi 0
+3057.522897417: grid210x_device byte send 0e eoi 0
+3057.522950418: grid210x_device byte send 75 eoi 0
+3057.523005420: grid210x_device byte send c9 eoi 0
+3057.523056421: grid210x_device byte send 83 eoi 0
+3057.523164423: grid210x_device byte send 3e eoi 0
+3057.523262426: grid210x_device byte send 00 eoi 0
+3057.523322427: grid210x_device byte send 00 eoi 0
+3057.523380429: grid210x_device byte send 00 eoi 0
+3057.523434430: grid210x_device byte send 74 eoi 0
+3057.523486431: grid210x_device byte send 02 eoi 0
+3057.523540432: grid210x_device byte send 5d eoi 0
+3057.524130446: grid210x_device byte send c3 eoi 0
+3057.524196448: grid210x_device byte send a0 eoi 0
+3057.524252449: grid210x_device byte send f1 eoi 0
+3057.524305450: grid210x_device byte send 0e eoi 0
+3057.524364452: grid210x_device byte send d0 eoi 0
+3057.524417453: grid210x_device byte send d8 eoi 0
+3057.524470454: grid210x_device byte send 73 eoi 0
+3057.524521455: grid210x_device byte send 0b eoi 0
+3057.524574457: grid210x_device byte send 81 eoi 0
+3057.524629458: grid210x_device byte send 3e eoi 0
+3057.524680459: grid210x_device byte send 26 eoi 0
+3057.524733460: grid210x_device byte send 00 eoi 0
+3057.524785462: grid210x_device byte send 40 eoi 0
+3057.525046468: grid210x_device byte send 1f eoi 0
+3057.525107469: grid210x_device byte send 73 eoi 0
+3057.525161471: grid210x_device byte send 03 eoi 0
+3057.525218472: grid210x_device byte send e8 eoi 0
+3057.525270473: grid210x_device byte send 8c eoi 0
+3057.525323474: grid210x_device byte send fe eoi 0
+3057.525377476: grid210x_device byte send 81 eoi 0
+3057.525430477: grid210x_device byte send 3e eoi 0
+3057.525483478: grid210x_device byte send 24 eoi 0
+3057.525534479: grid210x_device byte send 0a eoi 0
+3057.525586481: grid210x_device byte send aa eoi 0
+3057.525638482: grid210x_device byte send 55 eoi 0
+3057.525689483: grid210x_device byte send 75 eoi 0
+3057.525741484: grid210x_device byte send 1d eoi 0
+3057.525792485: grid210x_device byte send a1 eoi 0
+3057.525845487: grid210x_device byte send 08 eoi 0
+3057.525899488: grid210x_device byte send 00 eoi 0
+3057.526096493: grid210x_device byte send 8b eoi 0
+3057.526155494: grid210x_device byte send 16 eoi 0
+3057.526209495: grid210x_device byte send 0a eoi 0
+3057.526263497: grid210x_device byte send 00 eoi 0
+3057.526316498: grid210x_device byte send a3 eoi 0
+3057.526371499: grid210x_device byte send 0c eoi 0
+3057.526424500: grid210x_device byte send 00 eoi 0
+3057.526476502: grid210x_device byte send 89 eoi 0
+3057.526529503: grid210x_device byte send 16 eoi 0
+3057.526580504: grid210x_device byte send 0e eoi 0
+3057.526634505: grid210x_device byte send 00 eoi 0
+3057.526687507: grid210x_device byte send b8 eoi 0
+3057.526740508: grid210x_device byte send 00 eoi 0
+3057.526793509: grid210x_device byte send 00 eoi 0
+3057.526847510: grid210x_device byte send 50 eoi 0
+3057.526900512: grid210x_device byte send b8 eoi 0
+3057.526951513: grid210x_device byte send 68 eoi 0
+3057.527153518: grid210x_device byte send 08 eoi 0
+3057.527212519: grid210x_device byte send 1e eoi 0
+3057.527266520: grid210x_device byte send 50 eoi 0
+3057.527317521: grid210x_device byte send e8 eoi 0
+3057.527370523: grid210x_device byte send 7c eoi 0
+3057.527423524: grid210x_device byte send fa eoi 0
+3057.527475525: grid210x_device byte send a3 eoi 0
+3057.527526526: grid210x_device byte send 00 eoi 0
+3057.527580528: grid210x_device byte send 00 eoi 0
+3057.527635529: grid210x_device byte send a1 eoi 0
+3057.527686530: grid210x_device byte send 88 eoi 0
+3057.527738531: grid210x_device byte send 08 eoi 0
+3057.527791533: grid210x_device byte send 09 eoi 0
+3057.527846534: grid210x_device byte send c0 eoi 0
+3057.527899535: grid210x_device byte send 74 eoi 0
+3057.527951536: grid210x_device byte send 03 eoi 0
+3057.528006538: grid210x_device byte send a3 eoi 0
+3057.528199542: grid210x_device byte send 2b eoi 0
+3057.528258544: grid210x_device byte send 00 eoi 0
+3057.528313545: grid210x_device byte send 5d eoi 0
+3057.528367546: grid210x_device byte send c3 eoi 0
+3057.528420547: grid210x_device byte send 55 eoi 0
+3057.528473549: grid210x_device byte send 8b eoi 0
+3057.528525550: grid210x_device byte send ec eoi 0
+3057.528575551: grid210x_device byte send 9a eoi 0
+3057.528630552: grid210x_device byte send 15 eoi 0
+3057.528681554: grid210x_device byte send 00 eoi 0
+3057.528735555: grid210x_device byte send ef eoi 0
+3057.528787556: grid210x_device byte send ff eoi 0
+3057.528839557: grid210x_device byte send 89 eoi 0
+3057.528890558: grid210x_device byte send 1e eoi 0
+3057.528940560: grid210x_device byte send 14 eoi 0
+3057.529463572: grid210x_device byte send 00 eoi 0
+3057.529532574: grid210x_device byte send 8c eoi 0
+3057.529585575: grid210x_device byte send 06 eoi 0
+3057.529641576: grid210x_device byte send 16 eoi 0
+3057.529693577: grid210x_device byte send 00 eoi 0
+3057.529746579: grid210x_device byte send 26 eoi 0
+3057.529798580: grid210x_device byte send 8a eoi 0
+3057.529850581: grid210x_device byte send 47 eoi 0
+3057.529902582: grid210x_device byte send 16 eoi 0
+3057.529953584: grid210x_device byte send a2 eoi 0
+3057.530089587: grid210x_device byte send b0 eoi 0
+3057.530152588: grid210x_device byte send 0a eoi 0
+3057.530363593: grid210x_device byte send e8 eoi 0
+3057.530436595: grid210x_device byte send ba eoi 0
+3057.530494596: grid210x_device byte send fe eoi 0
+3057.530546598: grid210x_device byte send ff eoi 0
+3057.530599599: grid210x_device byte send 36 eoi 0
+3057.530650600: grid210x_device byte send 2b eoi 0
+3057.530701601: grid210x_device byte send 00 eoi 0
+3057.530757603: grid210x_device byte send b8 eoi 0
+3057.530808604: grid210x_device byte send 4b eoi 0
+3057.530862605: grid210x_device byte send 00 eoi 0
+3057.530915606: grid210x_device byte send 0e eoi 0
+3057.530970608: grid210x_device byte send 50 eoi 0
+3057.531022609: grid210x_device byte send b8 eoi 0
+3057.531073610: grid210x_device byte send aa eoi 0
+3057.531188613: grid210x_device byte send 0a eoi 0
+3057.531432618: grid210x_device byte send 1e eoi 0
+3057.531509620: grid210x_device byte send 50 eoi 0
+3057.531566622: grid210x_device byte send e8 eoi 0
+3057.531619623: grid210x_device byte send f8 eoi 0
+3057.531671624: grid210x_device byte send fc eoi 0
+3057.531725625: grid210x_device byte send a3 eoi 0
+3057.531776627: grid210x_device byte send 00 eoi 0
+3057.531829628: grid210x_device byte send 00 eoi 0
+3057.531883629: grid210x_device byte send ff eoi 0
+3057.531934630: grid210x_device byte send 36 eoi 0
+3057.531987632: grid210x_device byte send aa eoi 0
+3057.532038633: grid210x_device byte send 0a eoi 0
+3057.532092634: grid210x_device byte send b8 eoi 0
+3057.532146635: grid210x_device byte send 5d eoi 0
+3057.532198636: grid210x_device byte send 00 eoi 0
+3057.532252638: grid210x_device byte send 0e eoi 0
+3057.532304639: grid210x_device byte send 50 eoi 0
+3057.532487643: grid210x_device byte send b8 eoi 0
+3057.532560645: grid210x_device byte send ac eoi 0
+3057.532616646: grid210x_device byte send 0a eoi 0
+3057.532672648: grid210x_device byte send 1e eoi 0
+3057.532726649: grid210x_device byte send 50 eoi 0
+3057.532777650: grid210x_device byte send e8 eoi 0
+3057.532828651: grid210x_device byte send e4 eoi 0
+3057.532880653: grid210x_device byte send fc eoi 0
+3057.532931654: grid210x_device byte send a3 eoi 0
+3057.532983655: grid210x_device byte send 00 eoi 0
+3057.533037656: grid210x_device byte send 00 eoi 0
+3057.533092658: grid210x_device byte send ff eoi 0
+3057.533144659: grid210x_device byte send 36 eoi 0
+3057.533195660: grid210x_device byte send aa eoi 0
+3057.533248661: grid210x_device byte send 0a eoi 0
+3057.533303663: grid210x_device byte send b8 eoi 0
+3057.533358664: grid210x_device byte send 6a eoi 0
+3057.533530668: grid210x_device byte send 00 eoi 0
+3057.533604670: grid210x_device byte send 0e eoi 0
+3057.533662671: grid210x_device byte send 50 eoi 0
+3057.533716672: grid210x_device byte send b8 eoi 0
+3057.533767674: grid210x_device byte send ae eoi 0
+3057.533819675: grid210x_device byte send 0a eoi 0
+3057.533874676: grid210x_device byte send 1e eoi 0
+3057.533926677: grid210x_device byte send 50 eoi 0
+3057.533978678: grid210x_device byte send e8 eoi 0
+3057.534029680: grid210x_device byte send d0 eoi 0
+3057.534081681: grid210x_device byte send fc eoi 0
+3057.534133682: grid210x_device byte send 09 eoi 0
+3057.534186683: grid210x_device byte send c0 eoi 0
+3057.534240685: grid210x_device byte send 75 eoi 0
+3057.534292686: grid210x_device byte send 22 eoi 0
+3057.534346687: grid210x_device byte send ff eoi 0
+3057.534401688: grid210x_device byte send 36 eoi 0
+3057.534922701: grid210x_device byte send ae eoi 0
+3057.535043704: grid210x_device byte send 0a eoi 0
+3057.535102705: grid210x_device byte send b8 eoi 0
+3057.535155706: grid210x_device byte send 60 eoi 0
+3057.535206707: grid210x_device byte send 04 eoi 0
+3057.535261709: grid210x_device byte send 1e eoi 0
+3057.535314710: grid210x_device byte send 50 eoi 0
+3057.535368711: grid210x_device byte send e8 eoi 0
+3057.535421713: grid210x_device byte send 42 eoi 0
+3057.535473714: grid210x_device byte send fa eoi 0
+3057.535525715: grid210x_device byte send b8 eoi 0
+3057.535780721: grid210x_device byte send 60 eoi 0
+3057.535841722: grid210x_device byte send 04 eoi 0
+3057.535896724: grid210x_device byte send 1e eoi 0
+3057.535950725: grid210x_device byte send 50 eoi 0
+3057.536004726: grid210x_device byte send 2e eoi 0
+3057.536055727: grid210x_device byte send c4 eoi 0
+3057.536108729: grid210x_device byte send 06 eoi 0
+3057.536161730: grid210x_device byte send 86 eoi 0
+3057.536214731: grid210x_device byte send 00 eoi 0
+3057.536267732: grid210x_device byte send 06 eoi 0
+3057.536319734: grid210x_device byte send 50 eoi 0
+3057.536371735: grid210x_device byte send b8 eoi 0
+3057.536423736: grid210x_device byte send 80 eoi 0
+3057.536475737: grid210x_device byte send 25 eoi 0
+3057.536526739: grid210x_device byte send 50 eoi 0
+3057.536577740: grid210x_device byte send e8 eoi 0
+3057.536630741: grid210x_device byte send 81 eoi 0
+3057.536829746: grid210x_device byte send fb eoi 0
+3057.536889747: grid210x_device byte send a3 eoi 0
+3057.536943748: grid210x_device byte send a8 eoi 0
+3057.536996750: grid210x_device byte send 0a eoi 0
+3057.537052751: grid210x_device byte send 83 eoi 0
+3057.537103752: grid210x_device byte send 3e eoi 0
+3057.537155753: grid210x_device byte send 00 eoi 0
+3057.537209755: grid210x_device byte send 00 eoi 0
+3057.537263756: grid210x_device byte send 00 eoi 0
+3057.537315757: grid210x_device byte send 75 eoi 0
+3057.537369758: grid210x_device byte send 18 eoi 0
+3057.537420760: grid210x_device byte send ff eoi 0
+3057.537474761: grid210x_device byte send 36 eoi 0
+3057.537527762: grid210x_device byte send ac eoi 0
+3057.537578763: grid210x_device byte send 0a eoi 0
+3057.537633765: grid210x_device byte send b8 eoi 0
+3057.537686766: grid210x_device byte send 60 eoi 0
+3057.537883771: grid210x_device byte send 04 eoi 0
+3057.537941772: grid210x_device byte send 1e eoi 0
+3057.537996773: grid210x_device byte send 50 eoi 0
+3057.538047774: grid210x_device byte send e8 eoi 0
+3057.538099776: grid210x_device byte send 19 eoi 0
+3057.538152777: grid210x_device byte send fa eoi 0
+3057.538204778: grid210x_device byte send e8 eoi 0
+3057.538257779: grid210x_device byte send 53 eoi 0
+3057.538308781: grid210x_device byte send fd eoi 0
+3057.538362782: grid210x_device byte send 83 eoi 0
+3057.538415783: grid210x_device byte send 3e eoi 0
+3057.538468784: grid210x_device byte send 00 eoi 0
+3057.538523786: grid210x_device byte send 00 eoi 0
+3057.538574787: grid210x_device byte send 00 eoi 0
+3057.538630788: grid210x_device byte send 75 eoi 0
+3057.538682789: grid210x_device byte send 02 eoi 0
+3057.538737791: grid210x_device byte send 5d eoi 0
+3057.538938795: grid210x_device byte send c3 eoi 0
+3057.538997797: grid210x_device byte send e8 eoi 0
+3057.539050798: grid210x_device byte send 4b eoi 0
+3057.539159801: grid210x_device byte send f9 eoi 0
+3057.539256803: grid210x_device byte send e9 eoi 0
+3057.539316804: grid210x_device byte send 79 eoi 0
+3057.539371806: grid210x_device byte send ff eoi 0
+3057.539424807: grid210x_device byte send 1e eoi 0
+3057.539476808: grid210x_device byte send 2e eoi 0
+3057.539527809: grid210x_device byte send 8e eoi 0
+3057.539577811: grid210x_device byte send 1e eoi 0
+3057.539633812: grid210x_device byte send 84 eoi 0
+3057.539686813: grid210x_device byte send 00 eoi 0
+3057.539742814: grid210x_device byte send 55 eoi 0
+3057.539794816: grid210x_device byte send 8b eoi 0
+3057.540167824: grid210x_device byte send ec eoi 0
+3057.540241826: grid210x_device byte send 89 eoi 0
+3057.540603835: grid210x_device byte send e0 eoi 0
+3057.540666836: grid210x_device byte send a3 eoi 0
+3057.540722838: grid210x_device byte send 02 eoi 0
+3057.540777839: grid210x_device byte send 00 eoi 0
+3057.540830840: grid210x_device byte send 8c eoi 0
+3057.541069846: grid210x_device byte send d0 eoi 0
+3057.541143847: grid210x_device byte send a3 eoi 0
+3057.541212849: grid210x_device byte send 04 eoi 0
+3057.541271850: grid210x_device byte send 00 eoi 0
+3057.541325852: grid210x_device byte send b8 eoi 0
+3057.541379853: grid210x_device byte send b1 eoi 0
+3057.541429854: grid210x_device byte send 0a eoi 0
+3057.541484856: grid210x_device byte send a3 eoi 0
+3057.541536857: grid210x_device byte send 10 eoi 0
+3057.541589858: grid210x_device byte send 00 eoi 0
+3057.541642859: grid210x_device byte send 8c eoi 0
+3057.541694860: grid210x_device byte send 1e eoi 0
+3057.541746862: grid210x_device byte send 12 eoi 0
+3057.541797863: grid210x_device byte send 00 eoi 0
+3057.541851864: grid210x_device byte send fa eoi 0
+3057.541902865: grid210x_device byte send a1 eoi 0
+3057.541953867: grid210x_device byte send 10 eoi 0
+3057.542148871: grid210x_device byte send 00 eoi 0
+3057.542219873: grid210x_device byte send 8b eoi 0
+3057.542274874: grid210x_device byte send 16 eoi 0
+3057.542327875: grid210x_device byte send 12 eoi 0
+3057.542382877: grid210x_device byte send 00 eoi 0
+3057.542436878: grid210x_device byte send 05 eoi 0
+3057.542489879: grid210x_device byte send e8 eoi 0
+3057.542542880: grid210x_device byte send 03 eoi 0
+3057.542595882: grid210x_device byte send 83 eoi 0
+3057.542647883: grid210x_device byte send e8 eoi 0
+3057.542700884: grid210x_device byte send 0a eoi 0
+3057.542755885: grid210x_device byte send 89 eoi 0
+3057.542806887: grid210x_device byte send c4 eoi 0
+3057.542858888: grid210x_device byte send a1 eoi 0
+3057.542909889: grid210x_device byte send 12 eoi 0
+3057.542961890: grid210x_device byte send 00 eoi 0
+3057.543015892: grid210x_device byte send 8e eoi 0
+3057.543200896: grid210x_device byte send d0 eoi 0
+3057.543271898: grid210x_device byte send fb eoi 0
+3057.543325899: grid210x_device byte send e8 eoi 0
+3057.543380900: grid210x_device byte send 2c eoi 0
+3057.543432901: grid210x_device byte send ff eoi 0
+3057.543483903: grid210x_device byte send fa eoi 0
+3057.543537904: grid210x_device byte send a1 eoi 0
+3057.543589905: grid210x_device byte send 02 eoi 0
+3057.543643906: grid210x_device byte send 00 eoi 0
+3057.543697908: grid210x_device byte send 89 eoi 0
+3057.543750909: grid210x_device byte send c4 eoi 0
+3057.543803910: grid210x_device byte send a1 eoi 0
+3057.543855911: grid210x_device byte send 04 eoi 0
+3057.543907913: grid210x_device byte send 00 eoi 0
+3057.543959914: grid210x_device byte send 8e eoi 0
+3057.544014915: grid210x_device byte send d0 eoi 0
+3057.544065916: grid210x_device byte send fb eoi 0
+3057.544250921: grid210x_device byte send ff eoi 0
+3057.544313922: grid210x_device byte send 36 eoi 0
+3057.544368924: grid210x_device byte send 0e eoi 0
+3057.544424925: grid210x_device byte send 00 eoi 0
+3057.544478926: grid210x_device byte send ff eoi 0
+3057.544530927: grid210x_device byte send 36 eoi 0
+3057.544585929: grid210x_device byte send 0c eoi 0
+3057.544638930: grid210x_device byte send 00 eoi 0
+3057.544690931: grid210x_device byte send b8 eoi 0
+3057.544743932: grid210x_device byte send 01 eoi 0
+3057.544794934: grid210x_device byte send 00 eoi 0
+3057.544849935: grid210x_device byte send 50 eoi 0
+3057.544901936: grid210x_device byte send b8 eoi 0
+3057.544952937: grid210x_device byte send 21 eoi 0
+3057.545004939: grid210x_device byte send 43 eoi 0
+3057.545055940: grid210x_device byte send 50 eoi 0
+3057.545108941: grid210x_device byte send ff eoi 0
+3057.545307946: grid210x_device byte send 1e eoi 0
+3057.545381947: grid210x_device byte send 1e eoi 0
+3057.545438949: grid210x_device byte send 00 eoi 0
+3057.545493950: grid210x_device byte send 5d eoi 0
+3057.545545951: grid210x_device byte send 1f eoi 0
+3057.545597953: grid210x_device byte send cb eoi 0
+3057.545915960: grid210x_device byte send 55 eoi 0
+3057.545978962: grid210x_device byte send 55 eoi 0
+3057.546031963: grid210x_device byte send 55 eoi 0
+3057.546084964: grid210x_device byte send 55 eoi 0
+3057.546137965: grid210x_device byte send 55 eoi 0
+3057.546189966: grid210x_device byte send 0b eoi 0
+3057.546433972: grid210x_device byte send ff eoi 0
+3057.546504974: grid210x_device byte send 75 eoi 0
+3057.546560975: grid210x_device byte send 1d eoi 0
+3057.546613976: grid210x_device byte send 3b eoi 0
+3057.546666978: grid210x_device byte send ca eoi 0
+3057.546719979: grid210x_device byte send 76 eoi 0
+3057.546773980: grid210x_device byte send 09 eoi 0
+3057.546827982: grid210x_device byte send f7 eoi 0
+3057.546881983: grid210x_device byte send f1 eoi 0
+3057.546934984: grid210x_device byte send 33 eoi 0
+3057.546986985: grid210x_device byte send f6 eoi 0
+3057.547038987: grid210x_device byte send 8b eoi 0
+3057.547143989: grid210x_device byte send fa eoi 0
+3057.547206990: grid210x_device byte send 33 eoi 0
+3057.547301993: grid210x_device byte send d2 eoi 0
+3057.547512998: grid210x_device byte send cb eoi 0
+3057.547574999: grid210x_device byte send 8b eoi 0
+3057.547633001: grid210x_device byte send f8 eoi 0
+3057.547685002: grid210x_device byte send 8b eoi 0
+3057.547738003: grid210x_device byte send c2 eoi 0
+3057.547789004: grid210x_device byte send 33 eoi 0
+3057.547842005: grid210x_device byte send d2 eoi 0
+3057.547892007: grid210x_device byte send f7 eoi 0
+3057.547943008: grid210x_device byte send f1 eoi 0
+3057.547994009: grid210x_device byte send 97 eoi 0
+3057.548045010: grid210x_device byte send f7 eoi 0
+3057.548097011: grid210x_device byte send f1 eoi 0
+3057.548150013: grid210x_device byte send 87 eoi 0
+3057.548202014: grid210x_device byte send d7 eoi 0
+3057.548255015: grid210x_device byte send 33 eoi 0
+3057.548307016: grid210x_device byte send f6 eoi 0
+3057.548360018: grid210x_device byte send cb eoi 0
+3057.548544022: grid210x_device byte send 55 eoi 0
+3057.548611024: grid210x_device byte send 8b eoi 0
+3057.548665025: grid210x_device byte send e9 eoi 0
+3057.548719026: grid210x_device byte send 8b eoi 0
+3057.548770027: grid210x_device byte send df eoi 0
+3057.548822029: grid210x_device byte send 33 eoi 0
+3057.548873030: grid210x_device byte send f6 eoi 0
+3057.548924031: grid210x_device byte send 8b eoi 0
+3057.548976032: grid210x_device byte send fe eoi 0
+3057.549027033: grid210x_device byte send b9 eoi 0
+3057.549078035: grid210x_device byte send 20 eoi 0
+3057.549180037: grid210x_device byte send 00 eoi 0
+3057.549275039: grid210x_device byte send d1 eoi 0
+3057.549337041: grid210x_device byte send e7 eoi 0
+3057.549389042: grid210x_device byte send d1 eoi 0
+3057.549579046: grid210x_device byte send d6 eoi 0
+3057.549649048: grid210x_device byte send d1 eoi 0
+3057.549704049: grid210x_device byte send e0 eoi 0
+3057.549758051: grid210x_device byte send d1 eoi 0
+3057.549811052: grid210x_device byte send d2 eoi 0
+3057.549863053: grid210x_device byte send 83 eoi 0
+3057.549913054: grid210x_device byte send d7 eoi 0
+3057.549965056: grid210x_device byte send 00 eoi 0
+3057.550103059: grid210x_device byte send 2b eoi 0
+3057.550170060: grid210x_device byte send fd eoi 0
+3057.550225062: grid210x_device byte send 1b eoi 0
+3057.550277063: grid210x_device byte send f3 eoi 0
+3057.550328064: grid210x_device byte send 40 eoi 0
+3057.550383065: grid210x_device byte send 73 eoi 0
+3057.550434067: grid210x_device byte send 05 eoi 0
+3057.550629071: grid210x_device byte send 03 eoi 0
+3057.550704073: grid210x_device byte send fd eoi 0
+3057.550765074: grid210x_device byte send 13 eoi 0
+3057.550817076: grid210x_device byte send f3 eoi 0
+3057.550871077: grid210x_device byte send 48 eoi 0
+3057.550922078: grid210x_device byte send e2 eoi 0
+3057.550975079: grid210x_device byte send e7 eoi 0
+3057.551025081: grid210x_device byte send 5d eoi 0
+3057.551076082: grid210x_device byte send cb eoi 0
+3057.551128083: grid210x_device byte send 55 eoi 0
+3057.551274086: grid210x_device byte send 55 eoi 0
+3057.551821099: grid210x_device byte send 55 eoi 0
+3057.551888101: grid210x_device byte send 55 eoi 0
+3057.551942102: grid210x_device byte send 55 eoi 0
+3057.551996103: grid210x_device byte send 55 eoi 0
+3057.552048105: grid210x_device byte send 76 eoi 0
+3057.552097106: grid210x_device byte send 65 eoi 1
+3057.552564117: grid210x_device byte recv 5f atn 1 eoi 0
+3057.552592117: grid210x_device now not talking
+3057.573729616: grid210x_device byte recv 25 atn 1 eoi 0
+3057.573789617: grid210x_device now listening
+3057.575099648: grid210x_device byte recv 01 atn 0 eoi 0
+3057.575189650: grid210x_device byte recv 00 atn 0 eoi 0
+3057.575265652: grid210x_device byte recv 00 atn 0 eoi 0
+3057.575336654: grid210x_device byte recv 00 atn 0 eoi 0
+3057.575405656: grid210x_device byte recv 00 atn 0 eoi 0
+3057.575474657: grid210x_device byte recv 00 atn 0 eoi 0
+3057.575539659: grid210x_device byte recv 00 atn 0 eoi 0
+3057.575608660: grid210x_device byte recv 36 atn 0 eoi 0
+3057.575801665: grid210x_device byte recv 00 atn 0 eoi 0
+3057.577002693: grid210x_device byte recv 00 atn 0 eoi 1
+3057.577094695: grid210x_device byte recv 3f atn 1 eoi 0
+3057.577121696: grid210x_device now not listening
+3057.577133696: grid210x_device command 1, data size 54, sector no 0
+3057.579289747: grid210x_device byte recv 45 atn 1 eoi 0
+3057.579337748: grid210x_device now talking
+3057.580596778: grid210x_device byte send 00 eoi 0
+3057.581097790: grid210x_device byte send 02 eoi 0
+3057.581167791: grid210x_device byte send f8 eoi 0
+3057.581225793: grid210x_device byte send 01 eoi 0
+3057.581280794: grid210x_device byte send d0 eoi 0
+3057.581335795: grid210x_device byte send 02 eoi 0
+3057.581389797: grid210x_device byte send 01 eoi 0
+3057.581442798: grid210x_device byte send 20 eoi 0
+3057.581496799: grid210x_device byte send 01 eoi 0
+3057.581551800: grid210x_device byte send 21 eoi 0
+3057.581605802: grid210x_device byte send 01 eoi 0
+3057.581658803: grid210x_device byte send 01 eoi 0
+3057.581712804: grid210x_device byte send 00 eoi 0
+3057.581767806: grid210x_device byte send 00 eoi 0
+3057.581818807: grid210x_device byte send 34 eoi 0
+3057.581870808: grid210x_device byte send 38 eoi 0
+3057.581922809: grid210x_device byte send 20 eoi 0
+3057.581975810: grid210x_device byte send 54 eoi 0
+3057.582192816: grid210x_device byte send 50 eoi 0
+3057.582254817: grid210x_device byte send 49 eoi 0
+3057.582309818: grid210x_device byte send 20 eoi 0
+3057.582364820: grid210x_device byte send 44 eoi 0
+3057.582416821: grid210x_device byte send 53 eoi 0
+3057.582469822: grid210x_device byte send 20 eoi 0
+3057.582521823: grid210x_device byte send 44 eoi 0
+3057.582571825: grid210x_device byte send 44 eoi 0
+3057.582625826: grid210x_device byte send 20 eoi 0
+3057.582677827: grid210x_device byte send 46 eoi 0
+3057.582729828: grid210x_device byte send 4c eoi 0
+3057.582779829: grid210x_device byte send 4f eoi 0
+3057.582830831: grid210x_device byte send 50 eoi 0
+3057.582883832: grid210x_device byte send 50 eoi 0
+3057.582936833: grid210x_device byte send 59 eoi 0
+3057.582988834: grid210x_device byte send 20 eoi 0
+3057.583039836: grid210x_device byte send 20 eoi 0
+3057.583228840: grid210x_device byte send 20 eoi 0
+3057.583292842: grid210x_device byte send 20 eoi 0
+3057.583348843: grid210x_device byte send 33 eoi 0
+3057.583402844: grid210x_device byte send 30 eoi 0
+3057.583452845: grid210x_device byte send 30 eoi 0
+3057.583506847: grid210x_device byte send 32 eoi 0
+3057.583559848: grid210x_device byte send 33 eoi 0
+3057.583612849: grid210x_device byte send 37 eoi 0
+3057.583663850: grid210x_device byte send 2d eoi 0
+3057.583716852: grid210x_device byte send 30 eoi 0
+3057.583767853: grid210x_device byte send 30 eoi 0
+3057.583817854: grid210x_device byte send 00 eoi 0
+3057.583873855: grid210x_device byte send 02 eoi 0
+3057.583925856: grid210x_device byte send 09 eoi 0
+3057.583979858: grid210x_device byte send 00 eoi 0
+3057.584032859: grid210x_device byte send 02 eoi 0
+3057.584248864: grid210x_device byte send 00 eoi 1
+3057.585111884: grid210x_device byte recv 5f atn 1 eoi 0
+3057.585149885: grid210x_device now not talking
+3057.587832949: grid210x_device byte recv 25 atn 1 eoi 0
+3057.587888950: grid210x_device now listening
+3057.589240982: grid210x_device byte recv 04 atn 0 eoi 0
+3057.589327984: grid210x_device byte recv 00 atn 0 eoi 0
+3057.589403986: grid210x_device byte recv 00 atn 0 eoi 0
+3057.589604990: grid210x_device byte recv 00 atn 0 eoi 0
+3057.589687992: grid210x_device byte recv 00 atn 0 eoi 0
+3057.589761994: grid210x_device byte recv 00 atn 0 eoi 0
+3057.589832996: grid210x_device byte recv 00 atn 0 eoi 0
+3057.589903997: grid210x_device byte recv 00 atn 0 eoi 0
+3057.589972999: grid210x_device byte recv 02 atn 0 eoi 0
+3057.591296030: grid210x_device byte recv 00 atn 0 eoi 1
+3057.591390033: grid210x_device byte recv 3f atn 1 eoi 0
+3057.591418033: grid210x_device now not listening
+3057.591430033: grid210x_device command 4, data size 512, sector no 0
+3057.592452058: grid210x_device byte recv 18 atn 1 eoi 0
+3057.592559060: grid210x_device byte recv 45 atn 1 eoi 0
+3057.592587061: grid210x_device now talking
+3057.592771065: grid210x_device byte send 4f eoi 0
+3057.592909068: grid210x_device byte recv 19 atn 1 eoi 0
+3057.592994070: grid210x_device byte recv 5f atn 1 eoi 0
+3057.593019071: grid210x_device now not talking
+3057.594600108: grid210x_device byte recv 45 atn 1 eoi 0
+3057.594641109: grid210x_device now talking
+3057.595923139: grid210x_device byte send 53 eoi 0
+3057.596405151: grid210x_device byte send 79 eoi 0
+3057.596466152: grid210x_device byte send 73 eoi 0
+3057.596517153: grid210x_device byte send 74 eoi 0
+3057.596568155: grid210x_device byte send 65 eoi 0
+3057.596622156: grid210x_device byte send 6d eoi 0
+3057.596673157: grid210x_device byte send 20 eoi 0
+3057.596725158: grid210x_device byte send 44 eoi 0
+3057.596775160: grid210x_device byte send 69 eoi 0
+3057.596826161: grid210x_device byte send 73 eoi 0
+3057.597027165: grid210x_device byte send 6b eoi 0
+3057.597086167: grid210x_device byte send 21 eoi 0
+3057.597139168: grid210x_device byte send 21 eoi 0
+3057.597190169: grid210x_device byte send 00 eoi 0
+3057.597246171: grid210x_device byte send 00 eoi 0
+3057.597302172: grid210x_device byte send 00 eoi 0
+3057.597356173: grid210x_device byte send 00 eoi 0
+3057.597409174: grid210x_device byte send 00 eoi 0
+3057.597463176: grid210x_device byte send 00 eoi 0
+3057.597515177: grid210x_device byte send 00 eoi 0
+3057.597567178: grid210x_device byte send 00 eoi 0
+3057.597622179: grid210x_device byte send 00 eoi 0
+3057.597674181: grid210x_device byte send 00 eoi 0
+3057.597729182: grid210x_device byte send 00 eoi 0
+3057.597781183: grid210x_device byte send 00 eoi 0
+3057.597833184: grid210x_device byte send 00 eoi 0
+3057.598030189: grid210x_device byte send 00 eoi 0
+3057.598108191: grid210x_device byte send 00 eoi 0
+3057.598166192: grid210x_device byte send 00 eoi 0
+3057.598222194: grid210x_device byte send 00 eoi 0
+3057.598275195: grid210x_device byte send 00 eoi 0
+3057.598329196: grid210x_device byte send 00 eoi 0
+3057.598385197: grid210x_device byte send 00 eoi 0
+3057.598438199: grid210x_device byte send 00 eoi 0
+3057.598493200: grid210x_device byte send 00 eoi 0
+3057.598545201: grid210x_device byte send 00 eoi 0
+3057.598599203: grid210x_device byte send 00 eoi 0
+3057.598651204: grid210x_device byte send 00 eoi 0
+3057.598704205: grid210x_device byte send 00 eoi 0
+3057.598759206: grid210x_device byte send 00 eoi 0
+3057.598812208: grid210x_device byte send 00 eoi 0
+3057.598865209: grid210x_device byte send 00 eoi 0
+3057.598919210: grid210x_device byte send 00 eoi 0
+3057.599104214: grid210x_device byte send 00 eoi 0
+3057.599173216: grid210x_device byte send 00 eoi 0
+3057.599232217: grid210x_device byte send 00 eoi 0
+3057.599285219: grid210x_device byte send 00 eoi 0
+3057.599339220: grid210x_device byte send 00 eoi 0
+3057.599393221: grid210x_device byte send 00 eoi 0
+3057.599446223: grid210x_device byte send 00 eoi 0
+3057.599498224: grid210x_device byte send 00 eoi 0
+3057.599865232: grid210x_device byte send 00 eoi 0
+3057.599931234: grid210x_device byte send 00 eoi 0
+3057.599986235: grid210x_device byte send 00 eoi 0
+3057.600278242: grid210x_device byte send 00 eoi 0
+3057.600354244: grid210x_device byte send 00 eoi 0
+3057.600410245: grid210x_device byte send 00 eoi 0
+3057.600464247: grid210x_device byte send 00 eoi 0
+3057.600645251: grid210x_device byte send 00 eoi 0
+3057.600699252: grid210x_device byte send 00 eoi 0
+3057.600755253: grid210x_device byte send 00 eoi 0
+3057.600808255: grid210x_device byte send 00 eoi 0
+3057.600864256: grid210x_device byte send 00 eoi 0
+3057.600917257: grid210x_device byte send 00 eoi 0
+3057.600972259: grid210x_device byte send 00 eoi 0
+3057.601024260: grid210x_device byte send 00 eoi 0
+3057.601078261: grid210x_device byte send 00 eoi 0
+3057.601133262: grid210x_device byte send 00 eoi 0
+3057.601321267: grid210x_device byte send 00 eoi 0
+3057.601393268: grid210x_device byte send 00 eoi 0
+3057.601447270: grid210x_device byte send 00 eoi 0
+3057.601503271: grid210x_device byte send 00 eoi 0
+3057.601557272: grid210x_device byte send 00 eoi 0
+3057.602134286: grid210x_device byte send 00 eoi 0
+3057.602394292: grid210x_device byte send 00 eoi 0
+3057.602468294: grid210x_device byte send 00 eoi 0
+3057.602526295: grid210x_device byte send 00 eoi 0
+3057.602579296: grid210x_device byte send 00 eoi 0
+3057.602635298: grid210x_device byte send 00 eoi 0
+3057.602689299: grid210x_device byte send 00 eoi 0
+3057.602743300: grid210x_device byte send 00 eoi 0
+3057.602797302: grid210x_device byte send 00 eoi 0
+3057.602851303: grid210x_device byte send 00 eoi 0
+3057.602904304: grid210x_device byte send 00 eoi 0
+3057.602957305: grid210x_device byte send 00 eoi 0
+3057.603010307: grid210x_device byte send 00 eoi 0
+3057.603062308: grid210x_device byte send 00 eoi 0
+3057.603176310: grid210x_device byte send 00 eoi 0
+3057.603276313: grid210x_device byte send 00 eoi 0
+3057.603508318: grid210x_device byte send 00 eoi 0
+3057.603576320: grid210x_device byte send 00 eoi 0
+3057.603632321: grid210x_device byte send 00 eoi 0
+3057.603684322: grid210x_device byte send 00 eoi 0
+3057.603739324: grid210x_device byte send 00 eoi 0
+3057.603790325: grid210x_device byte send 00 eoi 0
+3057.603844326: grid210x_device byte send 00 eoi 0
+3057.603897327: grid210x_device byte send 00 eoi 0
+3057.603949329: grid210x_device byte send 00 eoi 0
+3057.604002330: grid210x_device byte send 00 eoi 0
+3057.604056331: grid210x_device byte send 00 eoi 0
+3057.604109332: grid210x_device byte send 00 eoi 0
+3057.604163334: grid210x_device byte send 00 eoi 0
+3057.604218335: grid210x_device byte send 00 eoi 0
+3057.604270336: grid210x_device byte send 00 eoi 0
+3057.604323338: grid210x_device byte send 00 eoi 0
+3057.604378339: grid210x_device byte send 00 eoi 0
+3057.604579344: grid210x_device byte send 00 eoi 0
+3057.604638345: grid210x_device byte send 00 eoi 0
+3057.604693346: grid210x_device byte send 00 eoi 0
+3057.604746348: grid210x_device byte send 00 eoi 0
+3057.604799349: grid210x_device byte send 00 eoi 0
+3057.604853350: grid210x_device byte send 00 eoi 0
+3057.604904351: grid210x_device byte send 00 eoi 0
+3057.604956352: grid210x_device byte send 00 eoi 0
+3057.605011354: grid210x_device byte send 00 eoi 0
+3057.605062355: grid210x_device byte send 00 eoi 0
+3057.605115356: grid210x_device byte send 00 eoi 0
+3057.605167357: grid210x_device byte send 00 eoi 0
+3057.605221359: grid210x_device byte send 00 eoi 0
+3057.605274360: grid210x_device byte send 00 eoi 0
+3057.605326361: grid210x_device byte send 00 eoi 0
+3057.605381362: grid210x_device byte send 00 eoi 0
+3057.605433364: grid210x_device byte send 00 eoi 0
+3057.605633368: grid210x_device byte send 00 eoi 0
+3057.605692370: grid210x_device byte send 00 eoi 0
+3057.605746371: grid210x_device byte send 00 eoi 0
+3057.605799372: grid210x_device byte send 00 eoi 0
+3057.605851374: grid210x_device byte send 00 eoi 0
+3057.605903375: grid210x_device byte send 00 eoi 0
+3057.606263383: grid210x_device byte send 00 eoi 0
+3057.606333385: grid210x_device byte send 00 eoi 0
+3057.606391386: grid210x_device byte send 00 eoi 0
+3057.606443388: grid210x_device byte send 00 eoi 0
+3057.606676393: grid210x_device byte send 00 eoi 0
+3057.606755395: grid210x_device byte send 00 eoi 0
+3057.606813396: grid210x_device byte send 00 eoi 0
+3057.606868398: grid210x_device byte send 00 eoi 0
+3057.606921399: grid210x_device byte send 00 eoi 0
+3057.606976400: grid210x_device byte send 00 eoi 0
+3057.607028401: grid210x_device byte send 00 eoi 0
+3057.607081403: grid210x_device byte send 00 eoi 0
+3057.607136404: grid210x_device byte send 00 eoi 0
+3057.607189405: grid210x_device byte send 00 eoi 0
+3057.607243406: grid210x_device byte send 00 eoi 0
+3057.607297408: grid210x_device byte send 00 eoi 0
+3057.607351409: grid210x_device byte send 00 eoi 0
+3057.607402410: grid210x_device byte send 00 eoi 0
+3057.607453411: grid210x_device byte send 00 eoi 0
+3057.607507413: grid210x_device byte send 00 eoi 0
+3057.607561414: grid210x_device byte send 00 eoi 0
+3057.607760419: grid210x_device byte send 00 eoi 0
+3057.607839420: grid210x_device byte send 00 eoi 0
+3057.607895422: grid210x_device byte send 00 eoi 0
+3057.607948423: grid210x_device byte send 00 eoi 0
+3057.608003424: grid210x_device byte send 00 eoi 0
+3057.608057426: grid210x_device byte send 00 eoi 0
+3057.608113427: grid210x_device byte send 00 eoi 0
+3057.608166428: grid210x_device byte send 00 eoi 0
+3057.608219429: grid210x_device byte send 00 eoi 0
+3057.608271431: grid210x_device byte send 00 eoi 0
+3057.608323432: grid210x_device byte send 00 eoi 0
+3057.608377433: grid210x_device byte send 00 eoi 0
+3057.608430434: grid210x_device byte send 00 eoi 0
+3057.608483436: grid210x_device byte send 00 eoi 0
+3057.608536437: grid210x_device byte send 00 eoi 0
+3057.608591438: grid210x_device byte send 00 eoi 0
+3057.608644439: grid210x_device byte send 00 eoi 0
+3057.608858444: grid210x_device byte send 00 eoi 0
+3057.608917446: grid210x_device byte send 00 eoi 0
+3057.608973447: grid210x_device byte send 00 eoi 0
+3057.609028449: grid210x_device byte send 00 eoi 0
+3057.609080450: grid210x_device byte send 00 eoi 0
+3057.609134451: grid210x_device byte send 00 eoi 0
+3057.609186452: grid210x_device byte send 00 eoi 0
+3057.609239453: grid210x_device byte send 00 eoi 0
+3057.609292455: grid210x_device byte send 00 eoi 0
+3057.609346456: grid210x_device byte send 00 eoi 0
+3057.609398457: grid210x_device byte send 00 eoi 0
+3057.609451458: grid210x_device byte send 00 eoi 0
+3057.609505460: grid210x_device byte send 00 eoi 0
+3057.609558461: grid210x_device byte send 00 eoi 0
+3057.609610462: grid210x_device byte send 00 eoi 0
+3057.609661463: grid210x_device byte send 00 eoi 0
+3057.609852468: grid210x_device byte send 00 eoi 0
+3057.609926470: grid210x_device byte send 00 eoi 0
+3057.609986471: grid210x_device byte send 00 eoi 0
+3057.610114474: grid210x_device byte send 00 eoi 0
+3057.610177476: grid210x_device byte send 00 eoi 0
+3057.610233477: grid210x_device byte send 00 eoi 0
+3057.610286478: grid210x_device byte send 00 eoi 0
+3057.610342479: grid210x_device byte send 00 eoi 0
+3057.610397481: grid210x_device byte send 00 eoi 0
+3057.610449482: grid210x_device byte send 00 eoi 0
+3057.610504483: grid210x_device byte send 00 eoi 0
+3057.610557485: grid210x_device byte send 00 eoi 0
+3057.610610486: grid210x_device byte send 00 eoi 0
+3057.610664487: grid210x_device byte send 00 eoi 0
+3057.610718488: grid210x_device byte send 00 eoi 0
+3057.610771490: grid210x_device byte send 00 eoi 0
+3057.610977494: grid210x_device byte send 00 eoi 0
+3057.611037496: grid210x_device byte send 00 eoi 0
+3057.611147498: grid210x_device byte send 00 eoi 0
+3057.611243501: grid210x_device byte send 00 eoi 0
+3057.611305502: grid210x_device byte send 00 eoi 0
+3057.611364504: grid210x_device byte send 00 eoi 0
+3057.611420505: grid210x_device byte send 00 eoi 0
+3057.611475506: grid210x_device byte send 00 eoi 0
+3057.611526507: grid210x_device byte send 00 eoi 0
+3057.612076520: grid210x_device byte send 00 eoi 0
+3057.612153522: grid210x_device byte send 00 eoi 0
+3057.612210524: grid210x_device byte send 00 eoi 0
+3057.612265525: grid210x_device byte send 00 eoi 0
+3057.612318526: grid210x_device byte send 00 eoi 0
+3057.612373527: grid210x_device byte send 00 eoi 0
+3057.612427529: grid210x_device byte send 00 eoi 0
+3057.612480530: grid210x_device byte send 00 eoi 0
+3057.612532531: grid210x_device byte send 00 eoi 0
+3057.612587532: grid210x_device byte send 00 eoi 0
+3057.612639534: grid210x_device byte send 00 eoi 0
+3057.612690535: grid210x_device byte send 00 eoi 0
+3057.612745536: grid210x_device byte send 00 eoi 0
+3057.612796537: grid210x_device byte send 00 eoi 0
+3057.612850539: grid210x_device byte send 00 eoi 0
+3057.612902540: grid210x_device byte send 00 eoi 0
+3057.613115545: grid210x_device byte send 00 eoi 0
+3057.613193547: grid210x_device byte send 00 eoi 0
+3057.613252548: grid210x_device byte send 00 eoi 0
+3057.613307549: grid210x_device byte send 00 eoi 0
+3057.613362551: grid210x_device byte send 00 eoi 0
+3057.613414552: grid210x_device byte send 00 eoi 0
+3057.613469553: grid210x_device byte send 00 eoi 0
+3057.613521554: grid210x_device byte send 00 eoi 0
+3057.613573556: grid210x_device byte send 00 eoi 0
+3057.613628557: grid210x_device byte send 00 eoi 0
+3057.613681558: grid210x_device byte send 00 eoi 0
+3057.613735560: grid210x_device byte send 00 eoi 0
+3057.613788561: grid210x_device byte send 00 eoi 0
+3057.613843562: grid210x_device byte send 00 eoi 0
+3057.613895563: grid210x_device byte send 00 eoi 0
+3057.613947565: grid210x_device byte send 00 eoi 0
+3057.614001566: grid210x_device byte send 00 eoi 0
+3057.614199570: grid210x_device byte send 00 eoi 0
+3057.614269572: grid210x_device byte send 00 eoi 0
+3057.614325573: grid210x_device byte send 00 eoi 0
+3057.614384575: grid210x_device byte send 00 eoi 0
+3057.614436576: grid210x_device byte send 00 eoi 0
+3057.614490577: grid210x_device byte send 00 eoi 0
+3057.614544579: grid210x_device byte send 00 eoi 0
+3057.614598580: grid210x_device byte send 00 eoi 0
+3057.614650581: grid210x_device byte send 00 eoi 0
+3057.614701582: grid210x_device byte send 00 eoi 0
+3057.614755584: grid210x_device byte send 00 eoi 0
+3057.614807585: grid210x_device byte send 00 eoi 0
+3057.614861586: grid210x_device byte send 00 eoi 0
+3057.614913587: grid210x_device byte send 00 eoi 0
+3057.614968589: grid210x_device byte send 00 eoi 0
+3057.615022590: grid210x_device byte send 00 eoi 0
+3057.615075591: grid210x_device byte send 00 eoi 0
+3057.615276596: grid210x_device byte send 00 eoi 0
+3057.615337597: grid210x_device byte send 00 eoi 0
+3057.615393599: grid210x_device byte send 00 eoi 0
+3057.615445600: grid210x_device byte send 00 eoi 0
+3057.615498601: grid210x_device byte send 00 eoi 0
+3057.615553602: grid210x_device byte send 00 eoi 0
+3057.615605604: grid210x_device byte send 00 eoi 0
+3057.615658605: grid210x_device byte send 00 eoi 0
+3057.615710606: grid210x_device byte send 00 eoi 0
+3057.615762607: grid210x_device byte send 00 eoi 0
+3057.615814609: grid210x_device byte send 00 eoi 0
+3057.615867610: grid210x_device byte send 00 eoi 0
+3057.615919611: grid210x_device byte send 00 eoi 0
+3057.615974612: grid210x_device byte send 00 eoi 0
+3057.616027614: grid210x_device byte send 00 eoi 0
+3057.616078615: grid210x_device byte send 00 eoi 0
+3057.616132616: grid210x_device byte send 00 eoi 0
+3057.616327621: grid210x_device byte send 00 eoi 0
+3057.616392622: grid210x_device byte send 00 eoi 0
+3057.616446623: grid210x_device byte send 00 eoi 0
+3057.616499625: grid210x_device byte send 00 eoi 0
+3057.616552626: grid210x_device byte send 00 eoi 0
+3057.616605627: grid210x_device byte send 00 eoi 0
+3057.616657628: grid210x_device byte send 00 eoi 0
+3057.616712630: grid210x_device byte send 00 eoi 0
+3057.616764631: grid210x_device byte send 00 eoi 0
+3057.616818632: grid210x_device byte send 00 eoi 0
+3057.616871633: grid210x_device byte send 00 eoi 0
+3057.616923635: grid210x_device byte send 00 eoi 0
+3057.617429647: grid210x_device byte send 00 eoi 0
+3057.617506648: grid210x_device byte send 00 eoi 0
+3057.617562650: grid210x_device byte send 00 eoi 0
+3057.617617651: grid210x_device byte send 00 eoi 0
+3057.617669652: grid210x_device byte send 00 eoi 0
+3057.617724654: grid210x_device byte send 00 eoi 0
+3057.617775655: grid210x_device byte send 00 eoi 0
+3057.617828656: grid210x_device byte send 00 eoi 0
+3057.617882657: grid210x_device byte send 00 eoi 0
+3057.617934659: grid210x_device byte send 00 eoi 0
+3057.617988660: grid210x_device byte send 00 eoi 0
+3057.618041661: grid210x_device byte send 00 eoi 0
+3057.618096662: grid210x_device byte send 00 eoi 0
+3057.618148664: grid210x_device byte send 00 eoi 0
+3057.618200665: grid210x_device byte send 00 eoi 0
+3057.618256666: grid210x_device byte send 00 eoi 0
+3057.618480671: grid210x_device byte send 00 eoi 0
+3057.618553673: grid210x_device byte send 00 eoi 0
+3057.618611675: grid210x_device byte send 00 eoi 0
+3057.618667676: grid210x_device byte send 00 eoi 0
+3057.618721677: grid210x_device byte send 00 eoi 0
+3057.618775678: grid210x_device byte send 00 eoi 0
+3057.618826680: grid210x_device byte send 00 eoi 0
+3057.618880681: grid210x_device byte send 00 eoi 0
+3057.618931682: grid210x_device byte send 00 eoi 0
+3057.618986683: grid210x_device byte send 00 eoi 0
+3057.619038685: grid210x_device byte send 00 eoi 0
+3057.619146687: grid210x_device byte send 00 eoi 0
+3057.619243689: grid210x_device byte send 00 eoi 0
+3057.619307691: grid210x_device byte send 00 eoi 0
+3057.619365692: grid210x_device byte send 00 eoi 0
+3057.619582697: grid210x_device byte send 00 eoi 0
+3057.619643699: grid210x_device byte send 00 eoi 0
+3057.619700700: grid210x_device byte send 00 eoi 0
+3057.619754701: grid210x_device byte send 00 eoi 0
+3057.619807703: grid210x_device byte send 00 eoi 0
+3057.619861704: grid210x_device byte send 00 eoi 0
+3057.619914705: grid210x_device byte send 00 eoi 0
+3057.619967707: grid210x_device byte send 00 eoi 0
+3057.620091709: grid210x_device byte send 00 eoi 0
+3057.620155711: grid210x_device byte send 00 eoi 0
+3057.620211712: grid210x_device byte send 00 eoi 0
+3057.620264714: grid210x_device byte send 00 eoi 0
+3057.620317715: grid210x_device byte send 00 eoi 0
+3057.620371716: grid210x_device byte send 00 eoi 0
+3057.620423717: grid210x_device byte send 00 eoi 0
+3057.620619722: grid210x_device byte send 00 eoi 0
+3057.620689724: grid210x_device byte send 00 eoi 0
+3057.620748725: grid210x_device byte send 00 eoi 0
+3057.620801726: grid210x_device byte send 00 eoi 0
+3057.620855727: grid210x_device byte send 00 eoi 0
+3057.620909729: grid210x_device byte send 00 eoi 0
+3057.620962730: grid210x_device byte send 00 eoi 0
+3057.621014731: grid210x_device byte send 00 eoi 0
+3057.621067732: grid210x_device byte send 00 eoi 0
+3057.621120734: grid210x_device byte send 00 eoi 0
+3057.621173735: grid210x_device byte send 00 eoi 0
+3057.621227736: grid210x_device byte send 00 eoi 0
+3057.621280737: grid210x_device byte send 00 eoi 0
+3057.621331739: grid210x_device byte send 00 eoi 0
+3057.621387740: grid210x_device byte send 00 eoi 0
+3057.621439741: grid210x_device byte send 00 eoi 0
+3057.621493742: grid210x_device byte send 00 eoi 0
+3057.621695747: grid210x_device byte send 00 eoi 0
+3057.621754749: grid210x_device byte send 00 eoi 0
+3057.621808750: grid210x_device byte send 00 eoi 0
+3057.621860751: grid210x_device byte send 00 eoi 0
+3057.621912752: grid210x_device byte send 00 eoi 0
+3057.621966754: grid210x_device byte send 00 eoi 0
+3057.622019755: grid210x_device byte send 00 eoi 0
+3057.622070756: grid210x_device byte send 00 eoi 0
+3057.622124757: grid210x_device byte send 00 eoi 0
+3057.622175759: grid210x_device byte send 00 eoi 0
+3057.622227760: grid210x_device byte send 00 eoi 0
+3057.622279761: grid210x_device byte send 00 eoi 0
+3057.622333762: grid210x_device byte send 00 eoi 0
+3057.622388764: grid210x_device byte send 00 eoi 0
+3057.622439765: grid210x_device byte send 00 eoi 0
+3057.622493766: grid210x_device byte send 00 eoi 0
+3057.623006778: grid210x_device byte send 00 eoi 0
+3057.623073780: grid210x_device byte send 00 eoi 0
+3057.623129781: grid210x_device byte send 00 eoi 0
+3057.623182782: grid210x_device byte send 00 eoi 0
+3057.623235784: grid210x_device byte send 00 eoi 0
+3057.623288785: grid210x_device byte send 00 eoi 0
+3057.623343786: grid210x_device byte send 00 eoi 0
+3057.623394787: grid210x_device byte send 00 eoi 0
+3057.623447789: grid210x_device byte send 00 eoi 0
+3057.623502790: grid210x_device byte send 00 eoi 0
+3057.623554791: grid210x_device byte send 00 eoi 0
+3057.623607792: grid210x_device byte send 00 eoi 0
+3057.623871799: grid210x_device byte send 00 eoi 0
+3057.623946800: grid210x_device byte send 00 eoi 0
+3057.624004802: grid210x_device byte send 00 eoi 0
+3057.624060803: grid210x_device byte send 00 eoi 0
+3057.624114804: grid210x_device byte send 00 eoi 0
+3057.624166806: grid210x_device byte send 00 eoi 0
+3057.624220807: grid210x_device byte send 00 eoi 0
+3057.624271808: grid210x_device byte send 00 eoi 0
+3057.624324809: grid210x_device byte send 00 eoi 0
+3057.624378811: grid210x_device byte send 00 eoi 0
+3057.624431812: grid210x_device byte send 00 eoi 0
+3057.624486813: grid210x_device byte send 00 eoi 0
+3057.624539814: grid210x_device byte send 00 eoi 0
+3057.624592816: grid210x_device byte send 00 eoi 0
+3057.624645817: grid210x_device byte send 00 eoi 0
+3057.624698818: grid210x_device byte send 00 eoi 0
+3057.624883822: grid210x_device byte send 00 eoi 0
+3057.624954824: grid210x_device byte send 00 eoi 0
+3057.625012825: grid210x_device byte send 00 eoi 0
+3057.625065827: grid210x_device byte send 00 eoi 0
+3057.625118828: grid210x_device byte send 00 eoi 0
+3057.625171829: grid210x_device byte send 00 eoi 0
+3057.625224830: grid210x_device byte send 00 eoi 0
+3057.625275832: grid210x_device byte send 00 eoi 0
+3057.625328833: grid210x_device byte send 00 eoi 0
+3057.625384834: grid210x_device byte send 00 eoi 0
+3057.625437836: grid210x_device byte send 00 eoi 0
+3057.625489837: grid210x_device byte send 00 eoi 0
+3057.625542838: grid210x_device byte send 00 eoi 0
+3057.625596839: grid210x_device byte send 00 eoi 0
+3057.625649841: grid210x_device byte send 00 eoi 0
+3057.625701842: grid210x_device byte send 00 eoi 0
+3057.625755843: grid210x_device byte send 00 eoi 0
+3057.625938847: grid210x_device byte send 00 eoi 0
+3057.626012849: grid210x_device byte send 00 eoi 0
+3057.626070850: grid210x_device byte send 00 eoi 0
+3057.626124852: grid210x_device byte send 00 eoi 0
+3057.626176853: grid210x_device byte send 00 eoi 0
+3057.626231854: grid210x_device byte send 00 eoi 0
+3057.626285856: grid210x_device byte send 00 eoi 0
+3057.626337857: grid210x_device byte send 00 eoi 0
+3057.626390858: grid210x_device byte send 00 eoi 0
+3057.626444859: grid210x_device byte send 00 eoi 0
+3057.626496860: grid210x_device byte send 00 eoi 0
+3057.626547862: grid210x_device byte send 00 eoi 0
+3057.626600863: grid210x_device byte send 00 eoi 0
+3057.626653864: grid210x_device byte send 00 eoi 0
+3057.626706865: grid210x_device byte send 00 eoi 0
+3057.626760867: grid210x_device byte send 00 eoi 0
+3057.626811868: grid210x_device byte send 00 eoi 0
+3057.626993872: grid210x_device byte send 00 eoi 0
+3057.627065874: grid210x_device byte send 00 eoi 0
+3057.627179877: grid210x_device byte send 00 eoi 0
+3057.627276879: grid210x_device byte send 00 eoi 0
+3057.627340880: grid210x_device byte send 00 eoi 0
+3057.627394882: grid210x_device byte send 00 eoi 0
+3057.627448883: grid210x_device byte send 00 eoi 0
+3057.627501884: grid210x_device byte send 00 eoi 0
+3057.627554885: grid210x_device byte send 00 eoi 0
+3057.627607887: grid210x_device byte send 00 eoi 0
+3057.627661888: grid210x_device byte send 00 eoi 0
+3057.627712889: grid210x_device byte send 00 eoi 0
+3057.627765890: grid210x_device byte send 00 eoi 0
+3057.627818892: grid210x_device byte send 00 eoi 0
+3057.627871893: grid210x_device byte send 00 eoi 0
+3057.628072898: grid210x_device byte send 00 eoi 0
+3057.628397905: grid210x_device byte send 00 eoi 0
+3057.628471907: grid210x_device byte send 00 eoi 0
+3057.628529908: grid210x_device byte send 00 eoi 0
+3057.628582910: grid210x_device byte send 00 eoi 0
+3057.628636911: grid210x_device byte send 00 eoi 0
+3057.628687912: grid210x_device byte send 00 eoi 0
+3057.628741913: grid210x_device byte send 00 eoi 0
+3057.628794915: grid210x_device byte send 00 eoi 0
+3057.628848916: grid210x_device byte send 00 eoi 0
+3057.628901917: grid210x_device byte send 00 eoi 0
+3057.628953918: grid210x_device byte send 00 eoi 0
+3057.629211925: grid210x_device byte send 00 eoi 0
+3057.629283926: grid210x_device byte send 00 eoi 0
+3057.629342928: grid210x_device byte send 00 eoi 0
+3057.629396929: grid210x_device byte send 00 eoi 0
+3057.629449930: grid210x_device byte send 00 eoi 0
+3057.629503931: grid210x_device byte send 00 eoi 0
+3057.629555933: grid210x_device byte send 00 eoi 0
+3057.629610934: grid210x_device byte send 00 eoi 0
+3057.629663935: grid210x_device byte send 00 eoi 0
+3057.629716936: grid210x_device byte send 00 eoi 0
+3057.629768938: grid210x_device byte send 00 eoi 0
+3057.629819939: grid210x_device byte send 00 eoi 0
+3057.629871940: grid210x_device byte send 00 eoi 0
+3057.629923941: grid210x_device byte send 00 eoi 0
+3057.629977943: grid210x_device byte send 00 eoi 0
+3057.630232949: grid210x_device byte send 00 eoi 0
+3057.630306950: grid210x_device byte send 00 eoi 0
+3057.630363952: grid210x_device byte send 00 eoi 0
+3057.630419953: grid210x_device byte send 00 eoi 0
+3057.630474954: grid210x_device byte send 00 eoi 0
+3057.630526956: grid210x_device byte send 00 eoi 0
+3057.630578957: grid210x_device byte send 00 eoi 0
+3057.630632958: grid210x_device byte send 00 eoi 0
+3057.630685959: grid210x_device byte send 00 eoi 0
+3057.630739961: grid210x_device byte send 00 eoi 0
+3057.630791962: grid210x_device byte send 00 eoi 0
+3057.630845963: grid210x_device byte send 00 eoi 0
+3057.630898964: grid210x_device byte send 00 eoi 0
+3057.630950966: grid210x_device byte send 00 eoi 0
+3057.631004967: grid210x_device byte send 00 eoi 0
+3057.631057968: grid210x_device byte send 00 eoi 0
+3057.631110969: grid210x_device byte send 00 eoi 0
+3057.631299974: grid210x_device byte send 00 eoi 0
+3057.631370975: grid210x_device byte send 00 eoi 0
+3057.631428977: grid210x_device byte send 00 eoi 0
+3057.631482978: grid210x_device byte send 00 eoi 0
+3057.631535979: grid210x_device byte send 00 eoi 0
+3057.631590981: grid210x_device byte send 00 eoi 0
+3057.631644982: grid210x_device byte send 00 eoi 0
+3057.631696983: grid210x_device byte send 00 eoi 0
+3057.631750984: grid210x_device byte send 00 eoi 0
+3057.631802986: grid210x_device byte send 00 eoi 0
+3057.631855987: grid210x_device byte send 00 eoi 0
+3057.631908988: grid210x_device byte send 00 eoi 0
+3057.631962989: grid210x_device byte send 00 eoi 0
+3057.632015991: grid210x_device byte send 00 eoi 0
+3057.632068992: grid210x_device byte send 00 eoi 0
+3057.632122993: grid210x_device byte send 00 eoi 0
+3057.632174994: grid210x_device byte send 00 eoi 0
+3057.632372999: grid210x_device byte send 00 eoi 0
+3057.632441001: grid210x_device byte send 00 eoi 0
+3057.632498002: grid210x_device byte send 00 eoi 0
+3057.632552003: grid210x_device byte send 00 eoi 0
+3057.632607005: grid210x_device byte send 00 eoi 0
+3057.632659006: grid210x_device byte send 00 eoi 0
+3057.632714007: grid210x_device byte send 00 eoi 0
+3057.632764008: grid210x_device byte send 00 eoi 1
+3057.633422024: grid210x_device byte recv 5f atn 1 eoi 0
+3057.633464025: grid210x_device now not talking
+3057.636215090: grid210x_device byte recv 25 atn 1 eoi 0
+3057.636267091: grid210x_device now listening
+3057.637629123: grid210x_device byte recv 05 atn 0 eoi 0
+3057.637723125: grid210x_device byte recv 00 atn 0 eoi 0
+3057.637796127: grid210x_device byte recv 00 atn 0 eoi 0
+3057.637865129: grid210x_device byte recv ff atn 0 eoi 0
+3057.637935130: grid210x_device byte recv ff atn 0 eoi 0
+3057.638004132: grid210x_device byte recv ff atn 0 eoi 0
+3057.638368140: grid210x_device byte recv ff atn 0 eoi 0
+3057.638452142: grid210x_device byte recv 00 atn 0 eoi 0
+3057.638715149: grid210x_device byte recv 02 atn 0 eoi 0
+3057.639848175: grid210x_device byte recv 01 atn 0 eoi 1
+3057.639940178: grid210x_device byte recv 3f atn 1 eoi 0
+3057.639970178: grid210x_device now not listening
+3057.639983179: grid210x_device command 5, data size 512, sector no 4294967295
+3057.642131229: grid210x_device byte recv 25 atn 1 eoi 0
+3057.642183230: grid210x_device now listening
+3057.643989273: grid210x_device byte recv 00 atn 0 eoi 0
+3057.644089275: grid210x_device byte recv 02 atn 0 eoi 0
+3057.644162277: grid210x_device byte recv f8 atn 0 eoi 0
+3057.644232279: grid210x_device byte recv 01 atn 0 eoi 0
+3057.644302280: grid210x_device byte recv d0 atn 0 eoi 0
+3057.644372282: grid210x_device byte recv 02 atn 0 eoi 0
+3057.644442284: grid210x_device byte recv 01 atn 0 eoi 0
+3057.644512285: grid210x_device byte recv 20 atn 0 eoi 0
+3057.644580287: grid210x_device byte recv 01 atn 0 eoi 0
+3057.644649289: grid210x_device byte recv 21 atn 0 eoi 0
+3057.644717290: grid210x_device byte recv 01 atn 0 eoi 0
+3057.644788292: grid210x_device byte recv 01 atn 0 eoi 0
+3057.644857294: grid210x_device byte recv 00 atn 0 eoi 0
+3057.645081299: grid210x_device byte recv 00 atn 0 eoi 0
+3057.645169301: grid210x_device byte recv 34 atn 0 eoi 0
+3057.645239303: grid210x_device byte recv 38 atn 0 eoi 0
+3057.645309304: grid210x_device byte recv 20 atn 0 eoi 0
+3057.645418307: grid210x_device byte recv 54 atn 0 eoi 0
+3057.645494309: grid210x_device byte recv 50 atn 0 eoi 0
+3057.645563310: grid210x_device byte recv 49 atn 0 eoi 0
+3057.645632312: grid210x_device byte recv 20 atn 0 eoi 0
+3057.645698313: grid210x_device byte recv 44 atn 0 eoi 0
+3057.645766315: grid210x_device byte recv 53 atn 0 eoi 0
+3057.645834317: grid210x_device byte recv 20 atn 0 eoi 0
+3057.645904318: grid210x_device byte recv 44 atn 0 eoi 0
+3057.646108323: grid210x_device byte recv 44 atn 0 eoi 0
+3057.646194325: grid210x_device byte recv 20 atn 0 eoi 0
+3057.646264327: grid210x_device byte recv 46 atn 0 eoi 0
+3057.646334328: grid210x_device byte recv 4c atn 0 eoi 0
+3057.646404330: grid210x_device byte recv 4f atn 0 eoi 0
+3057.646469332: grid210x_device byte recv 50 atn 0 eoi 0
+3057.646538333: grid210x_device byte recv 50 atn 0 eoi 0
+3057.646603335: grid210x_device byte recv 59 atn 0 eoi 0
+3057.646693337: grid210x_device byte recv 20 atn 0 eoi 0
+3057.646769339: grid210x_device byte recv 20 atn 0 eoi 0
+3057.646840340: grid210x_device byte recv 20 atn 0 eoi 0
+3057.646909342: grid210x_device byte recv 20 atn 0 eoi 0
+3057.646978344: grid210x_device byte recv 33 atn 0 eoi 0
+3057.647175348: grid210x_device byte recv 30 atn 0 eoi 0
+3057.647262350: grid210x_device byte recv 30 atn 0 eoi 0
+3057.647334352: grid210x_device byte recv 32 atn 0 eoi 0
+3057.647407354: grid210x_device byte recv 33 atn 0 eoi 0
+3057.647476355: grid210x_device byte recv 37 atn 0 eoi 0
+3057.647544357: grid210x_device byte recv 2d atn 0 eoi 0
+3057.647612358: grid210x_device byte recv 30 atn 0 eoi 0
+3057.647682360: grid210x_device byte recv 30 atn 0 eoi 0
+3057.647748362: grid210x_device byte recv 00 atn 0 eoi 0
+3057.647818363: grid210x_device byte recv 02 atn 0 eoi 0
+3057.647889365: grid210x_device byte recv 09 atn 0 eoi 0
+3057.647958367: grid210x_device byte recv 00 atn 0 eoi 0
+3057.648029368: grid210x_device byte recv 02 atn 0 eoi 0
+3057.648230373: grid210x_device byte recv 00 atn 0 eoi 0
+3057.648314375: grid210x_device byte recv 00 atn 0 eoi 0
+3057.648389377: grid210x_device byte recv 01 atn 0 eoi 0
+3057.648459378: grid210x_device byte recv ff atn 0 eoi 0
+3057.648527380: grid210x_device byte recv ff atn 0 eoi 0
+3057.648596382: grid210x_device byte recv 00 atn 0 eoi 0
+3057.648667383: grid210x_device byte recv 02 atn 0 eoi 0
+3057.648738385: grid210x_device byte recv ff atn 0 eoi 0
+3057.648805387: grid210x_device byte recv ff atn 0 eoi 0
+3057.648874388: grid210x_device byte recv 02 atn 0 eoi 0
+3057.648942390: grid210x_device byte recv 02 atn 0 eoi 0
+3057.649508403: grid210x_device byte recv ff atn 0 eoi 0
+3057.649590405: grid210x_device byte recv ff atn 0 eoi 0
+3057.649660407: grid210x_device byte recv 00 atn 0 eoi 0
+3057.649780410: grid210x_device byte recv 02 atn 0 eoi 0
+3057.649855411: grid210x_device byte recv ff atn 0 eoi 0
+3057.650132418: grid210x_device byte recv ff atn 0 eoi 0
+3057.650215420: grid210x_device byte recv 00 atn 0 eoi 0
+3057.650456426: grid210x_device byte recv 02 atn 0 eoi 0
+3057.650545428: grid210x_device byte recv ff atn 0 eoi 0
+3057.650615429: grid210x_device byte recv ff atn 0 eoi 0
+3057.650685431: grid210x_device byte recv 02 atn 0 eoi 0
+3057.650753433: grid210x_device byte recv 02 atn 0 eoi 0
+3057.650820434: grid210x_device byte recv ff atn 0 eoi 0
+3057.650890436: grid210x_device byte recv ff atn 0 eoi 0
+3057.650958437: grid210x_device byte recv 02 atn 0 eoi 0
+3057.651029439: grid210x_device byte recv 02 atn 0 eoi 0
+3057.651151442: grid210x_device byte recv ff atn 0 eoi 0
+3057.651259445: grid210x_device byte recv ff atn 0 eoi 0
+3057.651482450: grid210x_device byte recv 00 atn 0 eoi 0
+3057.651569452: grid210x_device byte recv 02 atn 0 eoi 0
+3057.651640453: grid210x_device byte recv ff atn 0 eoi 0
+3057.651709455: grid210x_device byte recv ff atn 0 eoi 0
+3057.651777457: grid210x_device byte recv 00 atn 0 eoi 0
+3057.651845458: grid210x_device byte recv 02 atn 0 eoi 0
+3057.651915460: grid210x_device byte recv ff atn 0 eoi 0
+3057.651985462: grid210x_device byte recv ff atn 0 eoi 0
+3057.652054463: grid210x_device byte recv 00 atn 0 eoi 0
+3057.652124465: grid210x_device byte recv 02 atn 0 eoi 0
+3057.652193467: grid210x_device byte recv ff atn 0 eoi 0
+3057.652262468: grid210x_device byte recv ff atn 0 eoi 0
+3057.652329470: grid210x_device byte recv 00 atn 0 eoi 0
+3057.652524474: grid210x_device byte recv 02 atn 0 eoi 0
+3057.652610476: grid210x_device byte recv ff atn 0 eoi 0
+3057.652683478: grid210x_device byte recv ff atn 0 eoi 0
+3057.652753480: grid210x_device byte recv 02 atn 0 eoi 0
+3057.652824481: grid210x_device byte recv 02 atn 0 eoi 0
+3057.652895483: grid210x_device byte recv ff atn 0 eoi 0
+3057.652962485: grid210x_device byte recv ff atn 0 eoi 0
+3057.653031486: grid210x_device byte recv 02 atn 0 eoi 0
+3057.653101488: grid210x_device byte recv 02 atn 0 eoi 0
+3057.653170490: grid210x_device byte recv ff atn 0 eoi 0
+3057.653239491: grid210x_device byte recv fd atn 0 eoi 0
+3057.653309493: grid210x_device byte recv 02 atn 0 eoi 0
+3057.653381495: grid210x_device byte recv 02 atn 0 eoi 0
+3057.653580499: grid210x_device byte recv ff atn 0 eoi 0
+3057.653670501: grid210x_device byte recv fd atn 0 eoi 0
+3057.653741503: grid210x_device byte recv 02 atn 0 eoi 0
+3057.653811505: grid210x_device byte recv 02 atn 0 eoi 0
+3057.653881506: grid210x_device byte recv ff atn 0 eoi 0
+3057.653951508: grid210x_device byte recv fd atn 0 eoi 0
+3057.654020510: grid210x_device byte recv 02 atn 0 eoi 0
+3057.654090511: grid210x_device byte recv 02 atn 0 eoi 0
+3057.654160513: grid210x_device byte recv ff atn 0 eoi 0
+3057.654230515: grid210x_device byte recv ff atn 0 eoi 0
+3057.654296516: grid210x_device byte recv 02 atn 0 eoi 0
+3057.654365518: grid210x_device byte recv 02 atn 0 eoi 0
+3057.654433519: grid210x_device byte recv ff atn 0 eoi 0
+3057.654621524: grid210x_device byte recv ff atn 0 eoi 0
+3057.654705526: grid210x_device byte recv 02 atn 0 eoi 0
+3057.654781528: grid210x_device byte recv 02 atn 0 eoi 0
+3057.654850529: grid210x_device byte recv ff atn 0 eoi 0
+3057.654919531: grid210x_device byte recv ff atn 0 eoi 0
+3057.654985532: grid210x_device byte recv 00 atn 0 eoi 0
+3057.655055534: grid210x_device byte recv 02 atn 0 eoi 0
+3057.655123536: grid210x_device byte recv ff atn 0 eoi 0
+3057.655191537: grid210x_device byte recv ff atn 0 eoi 0
+3057.655260539: grid210x_device byte recv 02 atn 0 eoi 0
+3057.655370541: grid210x_device byte recv 02 atn 0 eoi 0
+3057.655446543: grid210x_device byte recv ff atn 0 eoi 0
+3057.655516545: grid210x_device byte recv ff atn 0 eoi 0
+3057.655740550: grid210x_device byte recv 02 atn 0 eoi 0
+3057.656134559: grid210x_device byte recv 02 atn 0 eoi 0
+3057.656212561: grid210x_device byte recv ff atn 0 eoi 0
+3057.656280563: grid210x_device byte recv ff atn 0 eoi 0
+3057.656351565: grid210x_device byte recv 02 atn 0 eoi 0
+3057.656419566: grid210x_device byte recv 02 atn 0 eoi 0
+3057.656490568: grid210x_device byte recv ff atn 0 eoi 0
+3057.656559570: grid210x_device byte recv ff atn 0 eoi 0
+3057.656808575: grid210x_device byte recv 00 atn 0 eoi 0
+3057.656899578: grid210x_device byte recv 02 atn 0 eoi 0
+3057.656972579: grid210x_device byte recv ff atn 0 eoi 0
+3057.657042581: grid210x_device byte recv ff atn 0 eoi 0
+3057.657109582: grid210x_device byte recv 02 atn 0 eoi 0
+3057.657180584: grid210x_device byte recv 02 atn 0 eoi 0
+3057.657250586: grid210x_device byte recv ff atn 0 eoi 0
+3057.657316587: grid210x_device byte recv ff atn 0 eoi 0
+3057.657387589: grid210x_device byte recv 00 atn 0 eoi 0
+3057.657455591: grid210x_device byte recv 02 atn 0 eoi 0
+3057.657527592: grid210x_device byte recv ff atn 0 eoi 0
+3057.657594594: grid210x_device byte recv ff atn 0 eoi 0
+3057.657661596: grid210x_device byte recv 00 atn 0 eoi 0
+3057.657863600: grid210x_device byte recv 02 atn 0 eoi 0
+3057.657950602: grid210x_device byte recv ff atn 0 eoi 0
+3057.658025604: grid210x_device byte recv ff atn 0 eoi 0
+3057.658093606: grid210x_device byte recv 00 atn 0 eoi 0
+3057.658162607: grid210x_device byte recv 02 atn 0 eoi 0
+3057.658232609: grid210x_device byte recv ff atn 0 eoi 0
+3057.658300611: grid210x_device byte recv ff atn 0 eoi 0
+3057.658369612: grid210x_device byte recv 02 atn 0 eoi 0
+3057.658436614: grid210x_device byte recv 02 atn 0 eoi 0
+3057.658507615: grid210x_device byte recv ff atn 0 eoi 0
+3057.658575617: grid210x_device byte recv ff atn 0 eoi 0
+3057.658645619: grid210x_device byte recv 02 atn 0 eoi 0
+3057.658713620: grid210x_device byte recv 02 atn 0 eoi 0
+3057.658782622: grid210x_device byte recv ff atn 0 eoi 0
+3057.658997627: grid210x_device byte recv ff atn 0 eoi 0
+3057.659070629: grid210x_device byte recv 02 atn 0 eoi 0
+3057.659196632: grid210x_device byte recv 02 atn 0 eoi 0
+3057.659311634: grid210x_device byte recv ff atn 0 eoi 0
+3057.659387636: grid210x_device byte recv ff atn 0 eoi 0
+3057.659456638: grid210x_device byte recv 02 atn 0 eoi 0
+3057.659526639: grid210x_device byte recv 02 atn 0 eoi 0
+3057.659597641: grid210x_device byte recv ff atn 0 eoi 0
+3057.659664643: grid210x_device byte recv ff atn 0 eoi 0
+3057.659732644: grid210x_device byte recv 02 atn 0 eoi 0
+3057.659802646: grid210x_device byte recv 02 atn 0 eoi 0
+3057.660074652: grid210x_device byte recv ff atn 0 eoi 0
+3057.660167655: grid210x_device byte recv ff atn 0 eoi 0
+3057.660241656: grid210x_device byte recv 02 atn 0 eoi 0
+3057.660311658: grid210x_device byte recv 02 atn 0 eoi 0
+3057.660380660: grid210x_device byte recv ff atn 0 eoi 0
+3057.660450661: grid210x_device byte recv ff atn 0 eoi 0
+3057.660517663: grid210x_device byte recv 00 atn 0 eoi 0
+3057.660587665: grid210x_device byte recv 02 atn 0 eoi 0
+3057.660657666: grid210x_device byte recv ff atn 0 eoi 0
+3057.660726668: grid210x_device byte recv fd atn 0 eoi 0
+3057.660796669: grid210x_device byte recv 00 atn 0 eoi 0
+3057.660865671: grid210x_device byte recv 02 atn 0 eoi 0
+3057.661100677: grid210x_device byte recv ff atn 0 eoi 0
+3057.661188679: grid210x_device byte recv ff atn 0 eoi 0
+3057.661261680: grid210x_device byte recv 02 atn 0 eoi 0
+3057.661333682: grid210x_device byte recv 02 atn 0 eoi 0
+3057.661405684: grid210x_device byte recv ff atn 0 eoi 0
+3057.661473685: grid210x_device byte recv ff atn 0 eoi 0
+3057.661543687: grid210x_device byte recv 02 atn 0 eoi 0
+3057.661611689: grid210x_device byte recv 02 atn 0 eoi 0
+3057.661681690: grid210x_device byte recv ff atn 0 eoi 0
+3057.661747692: grid210x_device byte recv ff atn 0 eoi 0
+3057.661815693: grid210x_device byte recv 02 atn 0 eoi 0
+3057.661886695: grid210x_device byte recv 02 atn 0 eoi 0
+3057.661952697: grid210x_device byte recv ff atn 0 eoi 0
+3057.662468709: grid210x_device byte recv fd atn 0 eoi 0
+3057.662553711: grid210x_device byte recv 02 atn 0 eoi 0
+3057.662627713: grid210x_device byte recv 02 atn 0 eoi 0
+3057.662697714: grid210x_device byte recv ff atn 0 eoi 0
+3057.662767716: grid210x_device byte recv fd atn 0 eoi 0
+3057.662837718: grid210x_device byte recv 02 atn 0 eoi 0
+3057.662903719: grid210x_device byte recv 02 atn 0 eoi 0
+3057.662972721: grid210x_device byte recv ff atn 0 eoi 0
+3057.663037722: grid210x_device byte recv fd atn 0 eoi 0
+3057.663293728: grid210x_device byte recv 02 atn 0 eoi 0
+3057.663382730: grid210x_device byte recv 02 atn 0 eoi 0
+3057.663455732: grid210x_device byte recv ff atn 0 eoi 0
+3057.663526734: grid210x_device byte recv fd atn 0 eoi 0
+3057.663593735: grid210x_device byte recv 00 atn 0 eoi 0
+3057.663662737: grid210x_device byte recv 02 atn 0 eoi 0
+3057.663733739: grid210x_device byte recv ff atn 0 eoi 0
+3057.663800740: grid210x_device byte recv fd atn 0 eoi 0
+3057.663867742: grid210x_device byte recv 00 atn 0 eoi 0
+3057.663938744: grid210x_device byte recv 02 atn 0 eoi 0
+3057.664007745: grid210x_device byte recv a1 atn 0 eoi 0
+3057.664076747: grid210x_device byte recv 00 atn 0 eoi 0
+3057.664147748: grid210x_device byte recv ff atn 0 eoi 0
+3057.664354753: grid210x_device byte recv fd atn 0 eoi 0
+3057.664438755: grid210x_device byte recv 00 atn 0 eoi 0
+3057.664512757: grid210x_device byte recv 00 atn 0 eoi 0
+3057.664582759: grid210x_device byte recv ff atn 0 eoi 0
+3057.664653760: grid210x_device byte recv fd atn 0 eoi 0
+3057.664723762: grid210x_device byte recv 00 atn 0 eoi 0
+3057.664792764: grid210x_device byte recv 00 atn 0 eoi 0
+3057.664861765: grid210x_device byte recv ff atn 0 eoi 0
+3057.664928767: grid210x_device byte recv fd atn 0 eoi 0
+3057.664998769: grid210x_device byte recv 00 atn 0 eoi 0
+3057.665067770: grid210x_device byte recv 00 atn 0 eoi 0
+3057.665136772: grid210x_device byte recv ff atn 0 eoi 0
+3057.665204773: grid210x_device byte recv fd atn 0 eoi 0
+3057.665399778: grid210x_device byte recv 00 atn 0 eoi 0
+3057.665485780: grid210x_device byte recv 00 atn 0 eoi 0
+3057.665556782: grid210x_device byte recv ff atn 0 eoi 0
+3057.665627783: grid210x_device byte recv fd atn 0 eoi 0
+3057.665697785: grid210x_device byte recv 00 atn 0 eoi 0
+3057.665768787: grid210x_device byte recv 00 atn 0 eoi 0
+3057.665838788: grid210x_device byte recv ff atn 0 eoi 0
+3057.665903790: grid210x_device byte recv fd atn 0 eoi 0
+3057.665973792: grid210x_device byte recv 00 atn 0 eoi 0
+3057.666038793: grid210x_device byte recv 00 atn 0 eoi 0
+3057.666104795: grid210x_device byte recv ff atn 0 eoi 0
+3057.666171796: grid210x_device byte recv fd atn 0 eoi 0
+3057.666238798: grid210x_device byte recv 00 atn 0 eoi 0
+3057.666450803: grid210x_device byte recv 00 atn 0 eoi 0
+3057.666542805: grid210x_device byte recv ff atn 0 eoi 0
+3057.666614807: grid210x_device byte recv fd atn 0 eoi 0
+3057.666683808: grid210x_device byte recv 00 atn 0 eoi 0
+3057.666753810: grid210x_device byte recv 00 atn 0 eoi 0
+3057.666823812: grid210x_device byte recv ff atn 0 eoi 0
+3057.666923814: grid210x_device byte recv fd atn 0 eoi 0
+3057.666997816: grid210x_device byte recv 00 atn 0 eoi 0
+3057.667067817: grid210x_device byte recv 00 atn 0 eoi 0
+3057.667195820: grid210x_device byte recv ff atn 0 eoi 0
+3057.667306823: grid210x_device byte recv fd atn 0 eoi 0
+3057.667533828: grid210x_device byte recv 00 atn 0 eoi 0
+3057.667623830: grid210x_device byte recv 00 atn 0 eoi 0
+3057.667695832: grid210x_device byte recv ff atn 0 eoi 0
+3057.667763834: grid210x_device byte recv fd atn 0 eoi 0
+3057.667829835: grid210x_device byte recv 00 atn 0 eoi 0
+3057.667899837: grid210x_device byte recv 00 atn 0 eoi 0
+3057.667967839: grid210x_device byte recv ff atn 0 eoi 0
+3057.668035840: grid210x_device byte recv fd atn 0 eoi 0
+3057.668103842: grid210x_device byte recv 00 atn 0 eoi 0
+3057.668172843: grid210x_device byte recv 00 atn 0 eoi 0
+3057.668239845: grid210x_device byte recv ff atn 0 eoi 0
+3057.668306847: grid210x_device byte recv fd atn 0 eoi 0
+3057.668796858: grid210x_device byte recv 00 atn 0 eoi 0
+3057.668880860: grid210x_device byte recv 00 atn 0 eoi 0
+3057.668949862: grid210x_device byte recv ff atn 0 eoi 0
+3057.669017863: grid210x_device byte recv fd atn 0 eoi 0
+3057.669084865: grid210x_device byte recv 00 atn 0 eoi 0
+3057.669153867: grid210x_device byte recv 00 atn 0 eoi 0
+3057.669223868: grid210x_device byte recv ff atn 0 eoi 0
+3057.669289870: grid210x_device byte recv fd atn 0 eoi 0
+3057.669358871: grid210x_device byte recv 00 atn 0 eoi 0
+3057.669426873: grid210x_device byte recv 00 atn 0 eoi 0
+3057.669494875: grid210x_device byte recv ff atn 0 eoi 0
+3057.669739880: grid210x_device byte recv fd atn 0 eoi 0
+3057.669814882: grid210x_device byte recv 00 atn 0 eoi 0
+3057.669885884: grid210x_device byte recv 00 atn 0 eoi 0
+3057.669955885: grid210x_device byte recv ff atn 0 eoi 0
+3057.670088889: grid210x_device byte recv fd atn 0 eoi 0
+3057.670168890: grid210x_device byte recv 00 atn 0 eoi 0
+3057.670239892: grid210x_device byte recv 00 atn 0 eoi 0
+3057.670309894: grid210x_device byte recv ff atn 0 eoi 0
+3057.670378895: grid210x_device byte recv fd atn 0 eoi 0
+3057.670448897: grid210x_device byte recv 00 atn 0 eoi 0
+3057.670518899: grid210x_device byte recv 00 atn 0 eoi 0
+3057.670583900: grid210x_device byte recv ff atn 0 eoi 0
+3057.670827906: grid210x_device byte recv fd atn 0 eoi 0
+3057.670901908: grid210x_device byte recv 00 atn 0 eoi 0
+3057.670973909: grid210x_device byte recv 00 atn 0 eoi 0
+3057.671044911: grid210x_device byte recv ff atn 0 eoi 0
+3057.671110913: grid210x_device byte recv fd atn 0 eoi 0
+3057.671180914: grid210x_device byte recv 00 atn 0 eoi 0
+3057.671250916: grid210x_device byte recv 00 atn 0 eoi 0
+3057.671319918: grid210x_device byte recv ff atn 0 eoi 0
+3057.671388919: grid210x_device byte recv fd atn 0 eoi 0
+3057.671455921: grid210x_device byte recv 00 atn 0 eoi 0
+3057.671525922: grid210x_device byte recv 00 atn 0 eoi 0
+3057.671592924: grid210x_device byte recv ff atn 0 eoi 0
+3057.671794929: grid210x_device byte recv fd atn 0 eoi 0
+3057.671883931: grid210x_device byte recv 00 atn 0 eoi 0
+3057.671959933: grid210x_device byte recv 00 atn 0 eoi 0
+3057.672029934: grid210x_device byte recv ff atn 0 eoi 0
+3057.672098936: grid210x_device byte recv fd atn 0 eoi 0
+3057.672167938: grid210x_device byte recv 00 atn 0 eoi 0
+3057.672234939: grid210x_device byte recv 00 atn 0 eoi 0
+3057.672305941: grid210x_device byte recv ff atn 0 eoi 0
+3057.672374943: grid210x_device byte recv fd atn 0 eoi 0
+3057.672442944: grid210x_device byte recv 00 atn 0 eoi 0
+3057.672510946: grid210x_device byte recv 00 atn 0 eoi 0
+3057.672579947: grid210x_device byte recv ff atn 0 eoi 0
+3057.672649949: grid210x_device byte recv fd atn 0 eoi 0
+3057.672715951: grid210x_device byte recv 00 atn 0 eoi 0
+3057.672918955: grid210x_device byte recv 00 atn 0 eoi 0
+3057.672995957: grid210x_device byte recv ff atn 0 eoi 0
+3057.673064959: grid210x_device byte recv fd atn 0 eoi 0
+3057.673134960: grid210x_device byte recv 00 atn 0 eoi 0
+3057.673204962: grid210x_device byte recv 02 atn 0 eoi 0
+3057.673274964: grid210x_device byte recv ff atn 0 eoi 0
+3057.673341965: grid210x_device byte recv fd atn 0 eoi 0
+3057.673406967: grid210x_device byte recv 00 atn 0 eoi 0
+3057.673474968: grid210x_device byte recv 02 atn 0 eoi 0
+3057.673545970: grid210x_device byte recv ff atn 0 eoi 0
+3057.673614972: grid210x_device byte recv fd atn 0 eoi 0
+3057.673679973: grid210x_device byte recv 00 atn 0 eoi 0
+3057.673745975: grid210x_device byte recv 02 atn 0 eoi 0
+3057.673942979: grid210x_device byte recv ff atn 0 eoi 0
+3057.674026981: grid210x_device byte recv fd atn 0 eoi 0
+3057.674096983: grid210x_device byte recv 00 atn 0 eoi 0
+3057.674164985: grid210x_device byte recv 02 atn 0 eoi 0
+3057.674231986: grid210x_device byte recv ff atn 0 eoi 0
+3057.674300988: grid210x_device byte recv fd atn 0 eoi 0
+3057.674365989: grid210x_device byte recv 00 atn 0 eoi 0
+3057.674434991: grid210x_device byte recv 02 atn 0 eoi 0
+3057.674501993: grid210x_device byte recv ff atn 0 eoi 0
+3057.675055006: grid210x_device byte recv fd atn 0 eoi 0
+3057.675198009: grid210x_device byte recv 00 atn 0 eoi 0
+3057.675312012: grid210x_device byte recv 02 atn 0 eoi 0
+3057.675390014: grid210x_device byte recv ff atn 0 eoi 0
+3057.675462015: grid210x_device byte recv fd atn 0 eoi 0
+3057.675531017: grid210x_device byte recv 00 atn 0 eoi 0
+3057.675601019: grid210x_device byte recv 02 atn 0 eoi 0
+3057.675671020: grid210x_device byte recv ff atn 0 eoi 0
+3057.675741022: grid210x_device byte recv fd atn 0 eoi 0
+3057.675811024: grid210x_device byte recv 02 atn 0 eoi 0
+3057.675882025: grid210x_device byte recv 02 atn 0 eoi 0
+3057.676114031: grid210x_device byte recv ff atn 0 eoi 0
+3057.676202033: grid210x_device byte recv fd atn 0 eoi 0
+3057.676275034: grid210x_device byte recv 00 atn 0 eoi 0
+3057.676347036: grid210x_device byte recv 02 atn 0 eoi 0
+3057.676416038: grid210x_device byte recv ff atn 0 eoi 0
+3057.676485039: grid210x_device byte recv fd atn 0 eoi 0
+3057.676554041: grid210x_device byte recv 02 atn 0 eoi 0
+3057.676625043: grid210x_device byte recv 02 atn 0 eoi 0
+3057.676694044: grid210x_device byte recv ff atn 0 eoi 0
+3057.676762046: grid210x_device byte recv fd atn 0 eoi 0
+3057.676830048: grid210x_device byte recv 00 atn 0 eoi 0
+3057.676900049: grid210x_device byte recv 02 atn 0 eoi 0
+3057.676970051: grid210x_device byte recv ff atn 0 eoi 0
+3057.677163055: grid210x_device byte recv fd atn 0 eoi 0
+3057.677246057: grid210x_device byte recv 02 atn 0 eoi 0
+3057.677317059: grid210x_device byte recv 02 atn 0 eoi 0
+3057.677390061: grid210x_device byte recv ff atn 0 eoi 0
+3057.677457062: grid210x_device byte recv fd atn 0 eoi 0
+3057.677528064: grid210x_device byte recv 02 atn 0 eoi 0
+3057.677597066: grid210x_device byte recv 02 atn 0 eoi 0
+3057.677668067: grid210x_device byte recv ff atn 0 eoi 0
+3057.677735069: grid210x_device byte recv fd atn 0 eoi 0
+3057.677802071: grid210x_device byte recv 02 atn 0 eoi 0
+3057.677873072: grid210x_device byte recv 02 atn 0 eoi 0
+3057.677942074: grid210x_device byte recv ff atn 0 eoi 0
+3057.678008075: grid210x_device byte recv fd atn 0 eoi 0
+3057.678202080: grid210x_device byte recv 00 atn 0 eoi 0
+3057.678292082: grid210x_device byte recv 02 atn 0 eoi 0
+3057.678366084: grid210x_device byte recv ff atn 0 eoi 0
+3057.678436085: grid210x_device byte recv fd atn 0 eoi 0
+3057.678502087: grid210x_device byte recv 00 atn 0 eoi 0
+3057.678571089: grid210x_device byte recv 00 atn 0 eoi 0
+3057.678637090: grid210x_device byte recv ff atn 0 eoi 0
+3057.678706092: grid210x_device byte recv fd atn 0 eoi 0
+3057.678776093: grid210x_device byte recv 02 atn 0 eoi 0
+3057.678845095: grid210x_device byte recv 02 atn 0 eoi 0
+3057.678916097: grid210x_device byte recv ff atn 0 eoi 0
+3057.678982098: grid210x_device byte recv fd atn 0 eoi 0
+3057.679052100: grid210x_device byte recv 02 atn 0 eoi 0
+3057.679238104: grid210x_device byte recv 02 atn 0 eoi 0
+3057.679323106: grid210x_device byte recv ff atn 0 eoi 0
+3057.679398108: grid210x_device byte recv fd atn 0 eoi 0
+3057.679467110: grid210x_device byte recv 00 atn 0 eoi 0
+3057.679537111: grid210x_device byte recv 00 atn 0 eoi 0
+3057.679605113: grid210x_device byte recv ff atn 0 eoi 0
+3057.679672115: grid210x_device byte recv fd atn 0 eoi 0
+3057.679741116: grid210x_device byte recv 02 atn 0 eoi 0
+3057.679810118: grid210x_device byte recv 02 atn 0 eoi 0
+3057.679878119: grid210x_device byte recv ff atn 0 eoi 0
+3057.679945121: grid210x_device byte recv fd atn 0 eoi 0
+3057.680079124: grid210x_device byte recv 00 atn 0 eoi 0
+3057.680285129: grid210x_device byte recv 00 atn 0 eoi 0
+3057.680373131: grid210x_device byte recv ff atn 0 eoi 0
+3057.680446133: grid210x_device byte recv fd atn 0 eoi 0
+3057.680517135: grid210x_device byte recv 00 atn 0 eoi 0
+3057.680588136: grid210x_device byte recv 00 atn 0 eoi 0
+3057.680658138: grid210x_device byte recv ff atn 0 eoi 0
+3057.680726139: grid210x_device byte recv fd atn 0 eoi 0
+3057.680792141: grid210x_device byte recv 00 atn 0 eoi 0
+3057.681162150: grid210x_device byte recv 00 atn 0 eoi 0
+3057.681455157: grid210x_device byte recv ff atn 0 eoi 0
+3057.681542159: grid210x_device byte recv fd atn 0 eoi 0
+3057.681614160: grid210x_device byte recv 00 atn 0 eoi 0
+3057.681683162: grid210x_device byte recv 00 atn 0 eoi 0
+3057.681752164: grid210x_device byte recv ff atn 0 eoi 0
+3057.681818165: grid210x_device byte recv fd atn 0 eoi 0
+3057.681888167: grid210x_device byte recv 00 atn 0 eoi 0
+3057.681953168: grid210x_device byte recv 00 atn 0 eoi 0
+3057.682023170: grid210x_device byte recv ff atn 0 eoi 0
+3057.682091172: grid210x_device byte recv fd atn 0 eoi 0
+3057.682158173: grid210x_device byte recv 02 atn 0 eoi 0
+3057.682226175: grid210x_device byte recv 02 atn 0 eoi 0
+3057.682293176: grid210x_device byte recv ff atn 0 eoi 0
+3057.682495181: grid210x_device byte recv fd atn 0 eoi 0
+3057.682579183: grid210x_device byte recv 02 atn 0 eoi 0
+3057.682654185: grid210x_device byte recv 02 atn 0 eoi 0
+3057.682722187: grid210x_device byte recv ff atn 0 eoi 0
+3057.682789188: grid210x_device byte recv fd atn 0 eoi 0
+3057.682997193: grid210x_device byte recv 02 atn 0 eoi 0
+3057.683063195: grid210x_device byte recv 02 atn 0 eoi 0
+3057.683185197: grid210x_device byte recv ff atn 0 eoi 0
+3057.683295200: grid210x_device byte recv fd atn 0 eoi 0
+3057.683372202: grid210x_device byte recv 00 atn 0 eoi 0
+3057.683579207: grid210x_device byte recv 02 atn 0 eoi 0
+3057.683664209: grid210x_device byte recv ff atn 0 eoi 0
+3057.683734210: grid210x_device byte recv fd atn 0 eoi 0
+3057.683802212: grid210x_device byte recv 00 atn 0 eoi 0
+3057.683874214: grid210x_device byte recv 02 atn 0 eoi 0
+3057.683943215: grid210x_device byte recv ff atn 0 eoi 0
+3057.684014217: grid210x_device byte recv fd atn 0 eoi 0
+3057.684083219: grid210x_device byte recv 00 atn 0 eoi 0
+3057.684154220: grid210x_device byte recv 02 atn 0 eoi 0
+3057.684223222: grid210x_device byte recv ff atn 0 eoi 0
+3057.684293224: grid210x_device byte recv fd atn 0 eoi 0
+3057.684358225: grid210x_device byte recv 02 atn 0 eoi 0
+3057.684428227: grid210x_device byte recv 02 atn 0 eoi 0
+3057.684625231: grid210x_device byte recv ff atn 0 eoi 0
+3057.684704233: grid210x_device byte recv fd atn 0 eoi 0
+3057.684774235: grid210x_device byte recv 02 atn 0 eoi 0
+3057.684843237: grid210x_device byte recv 02 atn 0 eoi 0
+3057.684914238: grid210x_device byte recv ff atn 0 eoi 0
+3057.684984240: grid210x_device byte recv fd atn 0 eoi 0
+3057.685053242: grid210x_device byte recv 02 atn 0 eoi 0
+3057.685123243: grid210x_device byte recv 02 atn 0 eoi 0
+3057.685193245: grid210x_device byte recv ff atn 0 eoi 0
+3057.685263246: grid210x_device byte recv fd atn 0 eoi 0
+3057.685328248: grid210x_device byte recv 02 atn 0 eoi 0
+3057.685399250: grid210x_device byte recv 02 atn 0 eoi 0
+3057.685465251: grid210x_device byte recv ff atn 0 eoi 0
+3057.685655256: grid210x_device byte recv fd atn 0 eoi 0
+3057.685740258: grid210x_device byte recv 02 atn 0 eoi 0
+3057.685814259: grid210x_device byte recv 02 atn 0 eoi 0
+3057.685884261: grid210x_device byte recv ff atn 0 eoi 0
+3057.685950263: grid210x_device byte recv fd atn 0 eoi 0
+3057.686019264: grid210x_device byte recv 02 atn 0 eoi 0
+3057.686089266: grid210x_device byte recv 02 atn 0 eoi 0
+3057.686158268: grid210x_device byte recv ff atn 0 eoi 0
+3057.686225269: grid210x_device byte recv fd atn 0 eoi 0
+3057.686293271: grid210x_device byte recv 02 atn 0 eoi 0
+3057.686365272: grid210x_device byte recv 02 atn 0 eoi 0
+3057.686433274: grid210x_device byte recv ff atn 0 eoi 0
+3057.686503276: grid210x_device byte recv fd atn 0 eoi 0
+3057.686719281: grid210x_device byte recv fe atn 0 eoi 0
+3057.686805283: grid210x_device byte recv ff atn 0 eoi 0
+3057.686878285: grid210x_device byte recv 00 atn 0 eoi 0
+3057.686950286: grid210x_device byte recv 02 atn 0 eoi 0
+3057.687020288: grid210x_device byte recv ff atn 0 eoi 0
+3057.687089290: grid210x_device byte recv ff atn 0 eoi 0
+3057.687159291: grid210x_device byte recv 02 atn 0 eoi 0
+3057.687225293: grid210x_device byte recv 02 atn 0 eoi 0
+3057.687562301: grid210x_device byte recv ff atn 0 eoi 0
+3057.687814307: grid210x_device byte recv ff atn 0 eoi 0
+3057.687905309: grid210x_device byte recv 00 atn 0 eoi 0
+3057.687979311: grid210x_device byte recv 02 atn 0 eoi 0
+3057.688050312: grid210x_device byte recv ff atn 0 eoi 0
+3057.688118314: grid210x_device byte recv ff atn 0 eoi 0
+3057.688184315: grid210x_device byte recv 00 atn 0 eoi 0
+3057.688253317: grid210x_device byte recv 02 atn 0 eoi 0
+3057.688322319: grid210x_device byte recv ff atn 0 eoi 0
+3057.688394320: grid210x_device byte recv ff atn 0 eoi 0
+3057.688464322: grid210x_device byte recv 00 atn 0 eoi 0
+3057.688534324: grid210x_device byte recv 02 atn 0 eoi 0
+3057.688603325: grid210x_device byte recv ff atn 0 eoi 0
+3057.688673327: grid210x_device byte recv ff atn 0 eoi 0
+3057.688872332: grid210x_device byte recv 02 atn 0 eoi 0
+3057.688959334: grid210x_device byte recv 02 atn 0 eoi 0
+3057.689033335: grid210x_device byte recv ff atn 0 eoi 0
+3057.689103337: grid210x_device byte recv ff atn 0 eoi 0
+3057.689172339: grid210x_device byte recv 02 atn 0 eoi 0
+3057.689244340: grid210x_device byte recv 02 atn 0 eoi 0
+3057.689314342: grid210x_device byte recv ff atn 0 eoi 0
+3057.689382344: grid210x_device byte recv ff atn 0 eoi 0
+3057.689449345: grid210x_device byte recv 00 atn 0 eoi 0
+3057.689519347: grid210x_device byte recv 02 atn 0 eoi 0
+3057.689589349: grid210x_device byte recv ff atn 0 eoi 0
+3057.690987381: grid210x_device byte recv 3f atn 1 eoi 0
+3057.691031383: grid210x_device now not listening
+3073.773599112: grid210x_device byte recv 14 atn 1 eoi 0
+3074.303556573: grid210x_device byte recv 25 atn 1 eoi 0
+3074.303617574: grid210x_device now listening
+3074.304960606: grid210x_device byte recv 04 atn 0 eoi 0
+3074.305172611: grid210x_device byte recv 00 atn 0 eoi 0
+3074.305258613: grid210x_device byte recv 00 atn 0 eoi 0
+3074.305332614: grid210x_device byte recv 21 atn 0 eoi 0
+3074.305402616: grid210x_device byte recv 01 atn 0 eoi 0
+3074.305471618: grid210x_device byte recv 00 atn 0 eoi 0
+3074.305536619: grid210x_device byte recv 00 atn 0 eoi 0
+3074.305607621: grid210x_device byte recv 00 atn 0 eoi 0
+3074.305677622: grid210x_device byte recv 02 atn 0 eoi 0
+3074.307003654: grid210x_device byte recv 00 atn 0 eoi 1
+3074.307096656: grid210x_device byte recv 3f atn 1 eoi 0
+3074.307125657: grid210x_device now not listening
+3074.308151681: grid210x_device byte recv 18 atn 1 eoi 0
+3074.308384686: grid210x_device byte recv 45 atn 1 eoi 0
+3074.308424687: grid210x_device now talking
+3074.308455688: grid210x_device byte send 4f eoi 0
+3074.308584691: grid210x_device byte recv 19 atn 1 eoi 0
+3074.308668693: grid210x_device byte recv 5f atn 1 eoi 0
+3074.308692693: grid210x_device now not talking
+3074.310274731: grid210x_device byte recv 45 atn 1 eoi 0
+3074.310445735: grid210x_device now talking
+3074.311518760: grid210x_device byte send 00 eoi 0
+3074.312009771: grid210x_device byte send 00 eoi 0
+3074.312072773: grid210x_device byte send 00 eoi 0
+3074.312125774: grid210x_device byte send 00 eoi 0
+3074.312179775: grid210x_device byte send 00 eoi 0
+3074.312232777: grid210x_device byte send 00 eoi 0
+3074.312283778: grid210x_device byte send 00 eoi 1
+3074.312831791: grid210x_device byte recv 5f atn 1 eoi 0
+3074.312874792: grid210x_device now not talking
+3074.315575855: grid210x_device byte recv 25 atn 1 eoi 0
+3074.315629856: grid210x_device now listening
+3074.316925887: grid210x_device byte recv 04 atn 0 eoi 0
+3074.317017889: grid210x_device byte recv 00 atn 0 eoi 0
+3074.317091891: grid210x_device byte recv 00 atn 0 eoi 0
+3074.317160892: grid210x_device byte recv 00 atn 0 eoi 0
+3074.317230894: grid210x_device byte recv 00 atn 0 eoi 0
+3074.317301896: grid210x_device byte recv 00 atn 0 eoi 0
+3074.317369897: grid210x_device byte recv 00 atn 0 eoi 0
+3074.317435899: grid210x_device byte recv 00 atn 0 eoi 0
+3074.317505901: grid210x_device byte recv 02 atn 0 eoi 0
+3074.319032936: grid210x_device byte recv 00 atn 0 eoi 1
+3074.319126939: grid210x_device byte recv 3f atn 1 eoi 0
+3074.319487947: grid210x_device now not listening
+3074.319506948: grid210x_device command 4, data size 512, sector no 0
+3074.320513971: grid210x_device byte recv 18 atn 1 eoi 0
+3074.320616974: grid210x_device byte recv 45 atn 1 eoi 0
+3074.320646974: grid210x_device now talking
+3074.320676975: grid210x_device byte send 4f eoi 0
+3074.320807978: grid210x_device byte recv 19 atn 1 eoi 0
+3074.320887980: grid210x_device byte recv 5f atn 1 eoi 0
+3074.320912981: grid210x_device now not talking
+3074.322500018: grid210x_device byte recv 45 atn 1 eoi 0
+3074.322555019: grid210x_device now talking
+3074.323811049: grid210x_device byte send 53 eoi 0
+3074.324313061: grid210x_device byte send 79 eoi 0
+3074.324520065: grid210x_device byte send 73 eoi 0
+3074.324590067: grid210x_device byte send 74 eoi 0
+3074.324644068: grid210x_device byte send 65 eoi 0
+3074.324698070: grid210x_device byte send 6d eoi 0
+3074.324749071: grid210x_device byte send 20 eoi 0
+3074.324801072: grid210x_device byte send 44 eoi 0
+3074.324853073: grid210x_device byte send 69 eoi 0
+3074.324905075: grid210x_device byte send 73 eoi 0
+3074.324956076: grid210x_device byte send 6b eoi 0
+3074.325006077: grid210x_device byte send 21 eoi 0
+3074.325058078: grid210x_device byte send 21 eoi 0
+3074.325110079: grid210x_device byte send 00 eoi 0
+3074.325165081: grid210x_device byte send 00 eoi 0
+3074.325219082: grid210x_device byte send 00 eoi 0
+3074.325273083: grid210x_device byte send 00 eoi 0
+3074.325325084: grid210x_device byte send 00 eoi 0
+3074.325377086: grid210x_device byte send 00 eoi 0
+3074.325569090: grid210x_device byte send 00 eoi 0
+3074.325637092: grid210x_device byte send 00 eoi 0
+3074.325695093: grid210x_device byte send 00 eoi 0
+3074.325748094: grid210x_device byte send 00 eoi 0
+3074.325801096: grid210x_device byte send 00 eoi 0
+3074.325852097: grid210x_device byte send 00 eoi 0
+3074.325906098: grid210x_device byte send 00 eoi 0
+3074.325960099: grid210x_device byte send 00 eoi 0
+3074.326012101: grid210x_device byte send 00 eoi 0
+3074.326065102: grid210x_device byte send 00 eoi 0
+3074.326118103: grid210x_device byte send 00 eoi 0
+3074.326171104: grid210x_device byte send 00 eoi 0
+3074.326223106: grid210x_device byte send 00 eoi 0
+3074.326278107: grid210x_device byte send 00 eoi 0
+3074.326329108: grid210x_device byte send 00 eoi 0
+3074.326381109: grid210x_device byte send 00 eoi 0
+3074.326433110: grid210x_device byte send 00 eoi 0
+3074.326613115: grid210x_device byte send 00 eoi 0
+3074.326682116: grid210x_device byte send 00 eoi 0
+3074.326737118: grid210x_device byte send 00 eoi 0
+3074.326790119: grid210x_device byte send 00 eoi 0
+3074.326843120: grid210x_device byte send 00 eoi 0
+3074.326898121: grid210x_device byte send 00 eoi 0
+3074.326951123: grid210x_device byte send 00 eoi 0
+3074.327005124: grid210x_device byte send 00 eoi 0
+3074.327058125: grid210x_device byte send 00 eoi 0
+3074.327111126: grid210x_device byte send 00 eoi 0
+3074.327165128: grid210x_device byte send 00 eoi 0
+3074.327219129: grid210x_device byte send 00 eoi 0
+3074.327273130: grid210x_device byte send 00 eoi 0
+3074.327327131: grid210x_device byte send 00 eoi 0
+3074.327379133: grid210x_device byte send 00 eoi 0
+3074.327432134: grid210x_device byte send 00 eoi 0
+3074.327485135: grid210x_device byte send 00 eoi 0
+3074.327676140: grid210x_device byte send 00 eoi 0
+3074.327745141: grid210x_device byte send 00 eoi 0
+3074.327808143: grid210x_device byte send 00 eoi 0
+3074.327864144: grid210x_device byte send 00 eoi 0
+3074.327918145: grid210x_device byte send 00 eoi 0
+3074.327971147: grid210x_device byte send 00 eoi 0
+3074.328024148: grid210x_device byte send 00 eoi 0
+3074.328077149: grid210x_device byte send 00 eoi 0
+3074.328127150: grid210x_device byte send 00 eoi 0
+3074.328183152: grid210x_device byte send 00 eoi 0
+3074.328235153: grid210x_device byte send 00 eoi 0
+3074.328288154: grid210x_device byte send 00 eoi 0
+3074.328340155: grid210x_device byte send 00 eoi 0
+3074.328393157: grid210x_device byte send 00 eoi 0
+3074.328972170: grid210x_device byte send 00 eoi 0
+3074.329038172: grid210x_device byte send 00 eoi 0
+3074.329093173: grid210x_device byte send 00 eoi 0
+3074.329147174: grid210x_device byte send 00 eoi 0
+3074.329200176: grid210x_device byte send 00 eoi 0
+3074.329252177: grid210x_device byte send 00 eoi 0
+3074.329306178: grid210x_device byte send 00 eoi 0
+3074.329359179: grid210x_device byte send 00 eoi 0
+3074.329412181: grid210x_device byte send 00 eoi 0
+3074.329465182: grid210x_device byte send 00 eoi 0
+3074.329517183: grid210x_device byte send 00 eoi 0
+3074.329572184: grid210x_device byte send 00 eoi 0
+3074.329624185: grid210x_device byte send 00 eoi 0
+3074.329840191: grid210x_device byte send 00 eoi 0
+3074.329917192: grid210x_device byte send 00 eoi 0
+3074.329973194: grid210x_device byte send 00 eoi 0
+3074.330097197: grid210x_device byte send 00 eoi 0
+3074.330163198: grid210x_device byte send 00 eoi 0
+3074.330219199: grid210x_device byte send 00 eoi 0
+3074.330273201: grid210x_device byte send 00 eoi 0
+3074.330326202: grid210x_device byte send 00 eoi 0
+3074.330378203: grid210x_device byte send 00 eoi 0
+3074.330433205: grid210x_device byte send 00 eoi 0
+3074.330487206: grid210x_device byte send 00 eoi 0
+3074.330539207: grid210x_device byte send 00 eoi 0
+3074.330592208: grid210x_device byte send 00 eoi 0
+3074.330645210: grid210x_device byte send 00 eoi 0
+3074.330698211: grid210x_device byte send 00 eoi 0
+3074.330749212: grid210x_device byte send 00 eoi 0
+3074.330940216: grid210x_device byte send 00 eoi 0
+3074.331008218: grid210x_device byte send 00 eoi 0
+3074.331064219: grid210x_device byte send 00 eoi 0
+3074.331118221: grid210x_device byte send 00 eoi 0
+3074.331171222: grid210x_device byte send 00 eoi 0
+3074.331223223: grid210x_device byte send 00 eoi 0
+3074.331278224: grid210x_device byte send 00 eoi 0
+3074.331330226: grid210x_device byte send 00 eoi 0
+3074.331384227: grid210x_device byte send 00 eoi 0
+3074.331439228: grid210x_device byte send 00 eoi 0
+3074.331492229: grid210x_device byte send 00 eoi 0
+3074.331603232: grid210x_device byte send 00 eoi 0
+3074.331703234: grid210x_device byte send 00 eoi 0
+3074.331765236: grid210x_device byte send 00 eoi 0
+3074.331956240: grid210x_device byte send 00 eoi 0
+3074.332030242: grid210x_device byte send 00 eoi 0
+3074.332087243: grid210x_device byte send 00 eoi 0
+3074.332141245: grid210x_device byte send 00 eoi 0
+3074.332196246: grid210x_device byte send 00 eoi 0
+3074.332248247: grid210x_device byte send 00 eoi 0
+3074.332301248: grid210x_device byte send 00 eoi 0
+3074.332354250: grid210x_device byte send 00 eoi 0
+3074.332408251: grid210x_device byte send 00 eoi 0
+3074.332465252: grid210x_device byte send 00 eoi 0
+3074.332518254: grid210x_device byte send 00 eoi 0
+3074.332573255: grid210x_device byte send 00 eoi 0
+3074.332624256: grid210x_device byte send 00 eoi 0
+3074.332678257: grid210x_device byte send 00 eoi 0
+3074.332733259: grid210x_device byte send 00 eoi 0
+3074.332786260: grid210x_device byte send 00 eoi 0
+3074.332840261: grid210x_device byte send 00 eoi 0
+3074.333039266: grid210x_device byte send 00 eoi 0
+3074.333117268: grid210x_device byte send 00 eoi 0
+3074.333176269: grid210x_device byte send 00 eoi 0
+3074.333230270: grid210x_device byte send 00 eoi 0
+3074.333286272: grid210x_device byte send 00 eoi 0
+3074.333340273: grid210x_device byte send 00 eoi 0
+3074.333392274: grid210x_device byte send 00 eoi 0
+3074.333447275: grid210x_device byte send 00 eoi 0
+3074.333499277: grid210x_device byte send 00 eoi 0
+3074.333553278: grid210x_device byte send 00 eoi 0
+3074.333605279: grid210x_device byte send 00 eoi 0
+3074.333658280: grid210x_device byte send 00 eoi 0
+3074.333710282: grid210x_device byte send 00 eoi 0
+3074.333763283: grid210x_device byte send 00 eoi 0
+3074.333819284: grid210x_device byte send 00 eoi 0
+3074.333872285: grid210x_device byte send 00 eoi 0
+3074.333927287: grid210x_device byte send 00 eoi 0
+3074.334121291: grid210x_device byte send 00 eoi 0
+3074.334488300: grid210x_device byte send 00 eoi 0
+3074.334558302: grid210x_device byte send 00 eoi 0
+3074.334615303: grid210x_device byte send 00 eoi 0
+3074.334670304: grid210x_device byte send 00 eoi 0
+3074.334723305: grid210x_device byte send 00 eoi 0
+3074.334778307: grid210x_device byte send 00 eoi 0
+3074.334831308: grid210x_device byte send 00 eoi 0
+3074.334882309: grid210x_device byte send 00 eoi 0
+3074.334936310: grid210x_device byte send 00 eoi 0
+3074.334988312: grid210x_device byte send 00 eoi 0
+3074.335230317: grid210x_device byte send 00 eoi 0
+3074.335303319: grid210x_device byte send 00 eoi 0
+3074.335478323: grid210x_device byte send 00 eoi 0
+3074.335533324: grid210x_device byte send 00 eoi 0
+3074.335585326: grid210x_device byte send 00 eoi 0
+3074.335637327: grid210x_device byte send 00 eoi 0
+3074.335693328: grid210x_device byte send 00 eoi 0
+3074.335745329: grid210x_device byte send 00 eoi 0
+3074.335798331: grid210x_device byte send 00 eoi 0
+3074.335849332: grid210x_device byte send 00 eoi 0
+3074.335902333: grid210x_device byte send 00 eoi 0
+3074.335954334: grid210x_device byte send 00 eoi 0
+3074.336006336: grid210x_device byte send 00 eoi 0
+3074.336058337: grid210x_device byte send 00 eoi 0
+3074.336243341: grid210x_device byte send 00 eoi 0
+3074.336319343: grid210x_device byte send 00 eoi 0
+3074.336375344: grid210x_device byte send 00 eoi 0
+3074.336429346: grid210x_device byte send 00 eoi 0
+3074.336485347: grid210x_device byte send 00 eoi 0
+3074.336538348: grid210x_device byte send 00 eoi 0
+3074.336590349: grid210x_device byte send 00 eoi 0
+3074.336643351: grid210x_device byte send 00 eoi 0
+3074.336696352: grid210x_device byte send 00 eoi 0
+3074.336748353: grid210x_device byte send 00 eoi 0
+3074.336802354: grid210x_device byte send 00 eoi 0
+3074.336854355: grid210x_device byte send 00 eoi 0
+3074.336908357: grid210x_device byte send 00 eoi 0
+3074.336962358: grid210x_device byte send 00 eoi 0
+3074.337014359: grid210x_device byte send 00 eoi 0
+3074.337069361: grid210x_device byte send 00 eoi 0
+3074.337120362: grid210x_device byte send 00 eoi 0
+3074.337308366: grid210x_device byte send 00 eoi 0
+3074.337381368: grid210x_device byte send 00 eoi 0
+3074.337438369: grid210x_device byte send 00 eoi 0
+3074.337492370: grid210x_device byte send 00 eoi 0
+3074.337548372: grid210x_device byte send 00 eoi 0
+3074.337601373: grid210x_device byte send 00 eoi 0
+3074.337657374: grid210x_device byte send 00 eoi 0
+3074.337709376: grid210x_device byte send 00 eoi 0
+3074.337765377: grid210x_device byte send 00 eoi 0
+3074.337820378: grid210x_device byte send 00 eoi 0
+3074.337873379: grid210x_device byte send 00 eoi 0
+3074.337925381: grid210x_device byte send 00 eoi 0
+3074.337977382: grid210x_device byte send 00 eoi 0
+3074.338032383: grid210x_device byte send 00 eoi 0
+3074.338085384: grid210x_device byte send 00 eoi 0
+3074.338138386: grid210x_device byte send 00 eoi 0
+3074.338195387: grid210x_device byte send 00 eoi 0
+3074.338401392: grid210x_device byte send 00 eoi 0
+3074.338472394: grid210x_device byte send 00 eoi 0
+3074.338533395: grid210x_device byte send 00 eoi 0
+3074.338585396: grid210x_device byte send 00 eoi 0
+3074.338639397: grid210x_device byte send 00 eoi 0
+3074.338696399: grid210x_device byte send 00 eoi 0
+3074.338748400: grid210x_device byte send 00 eoi 0
+3074.338804401: grid210x_device byte send 00 eoi 0
+3074.338859403: grid210x_device byte send 00 eoi 0
+3074.338912404: grid210x_device byte send 00 eoi 0
+3074.338965405: grid210x_device byte send 00 eoi 0
+3074.339015406: grid210x_device byte send 00 eoi 0
+3074.339071408: grid210x_device byte send 00 eoi 0
+3074.339122409: grid210x_device byte send 00 eoi 0
+3074.339175410: grid210x_device byte send 00 eoi 0
+3074.339228411: grid210x_device byte send 00 eoi 0
+3074.339282413: grid210x_device byte send 00 eoi 0
+3074.339475417: grid210x_device byte send 00 eoi 0
+3074.339599420: grid210x_device byte send 00 eoi 0
+3074.339700422: grid210x_device byte send 00 eoi 0
+3074.339761424: grid210x_device byte send 00 eoi 0
+3074.340188434: grid210x_device byte send 00 eoi 0
+3074.340256435: grid210x_device byte send 00 eoi 0
+3074.340314437: grid210x_device byte send 00 eoi 0
+3074.340540442: grid210x_device byte send 00 eoi 0
+3074.340610444: grid210x_device byte send 00 eoi 0
+3074.340668445: grid210x_device byte send 00 eoi 0
+3074.340722446: grid210x_device byte send 00 eoi 0
+3074.340777448: grid210x_device byte send 00 eoi 0
+3074.340830449: grid210x_device byte send 00 eoi 0
+3074.340883450: grid210x_device byte send 00 eoi 0
+3074.340937452: grid210x_device byte send 00 eoi 0
+3074.340990453: grid210x_device byte send 00 eoi 0
+3074.341045454: grid210x_device byte send 00 eoi 0
+3074.341097455: grid210x_device byte send 00 eoi 0
+3074.341153457: grid210x_device byte send 00 eoi 0
+3074.341205458: grid210x_device byte send 00 eoi 0
+3074.341258459: grid210x_device byte send 00 eoi 0
+3074.341312460: grid210x_device byte send 00 eoi 0
+3074.341365462: grid210x_device byte send 00 eoi 0
+3074.341417463: grid210x_device byte send 00 eoi 0
+3074.341602467: grid210x_device byte send 00 eoi 0
+3074.341671469: grid210x_device byte send 00 eoi 0
+3074.341727470: grid210x_device byte send 00 eoi 0
+3074.341784471: grid210x_device byte send 00 eoi 0
+3074.341837473: grid210x_device byte send 00 eoi 0
+3074.341889474: grid210x_device byte send 00 eoi 0
+3074.341944475: grid210x_device byte send 00 eoi 0
+3074.341997476: grid210x_device byte send 00 eoi 0
+3074.342050478: grid210x_device byte send 00 eoi 0
+3074.342104479: grid210x_device byte send 00 eoi 0
+3074.342161480: grid210x_device byte send 00 eoi 0
+3074.342212481: grid210x_device byte send 00 eoi 0
+3074.342264483: grid210x_device byte send 00 eoi 0
+3074.342319484: grid210x_device byte send 00 eoi 0
+3074.342371485: grid210x_device byte send 00 eoi 0
+3074.342422486: grid210x_device byte send 00 eoi 0
+3074.342476488: grid210x_device byte send 00 eoi 0
+3074.342669492: grid210x_device byte send 00 eoi 0
+3074.342736494: grid210x_device byte send 00 eoi 0
+3074.342793495: grid210x_device byte send 00 eoi 0
+3074.342846496: grid210x_device byte send 00 eoi 0
+3074.342898498: grid210x_device byte send 00 eoi 0
+3074.342951499: grid210x_device byte send 00 eoi 0
+3074.343004500: grid210x_device byte send 00 eoi 0
+3074.343057501: grid210x_device byte send 00 eoi 0
+3074.343111503: grid210x_device byte send 00 eoi 0
+3074.343163504: grid210x_device byte send 00 eoi 0
+3074.343215505: grid210x_device byte send 00 eoi 0
+3074.343268506: grid210x_device byte send 00 eoi 0
+3074.343321508: grid210x_device byte send 00 eoi 0
+3074.343375509: grid210x_device byte send 00 eoi 0
+3074.343429510: grid210x_device byte send 00 eoi 0
+3074.343481511: grid210x_device byte send 00 eoi 0
+3074.343534513: grid210x_device byte send 00 eoi 0
+3074.343736517: grid210x_device byte send 00 eoi 0
+3074.343811519: grid210x_device byte send 00 eoi 0
+3074.343869520: grid210x_device byte send 00 eoi 0
+3074.343924522: grid210x_device byte send 00 eoi 0
+3074.343976523: grid210x_device byte send 00 eoi 0
+3074.344030524: grid210x_device byte send 00 eoi 0
+3074.344083525: grid210x_device byte send 00 eoi 0
+3074.344135527: grid210x_device byte send 00 eoi 0
+3074.344190528: grid210x_device byte send 00 eoi 0
+3074.344243529: grid210x_device byte send 00 eoi 0
+3074.344297531: grid210x_device byte send 00 eoi 0
+3074.344351532: grid210x_device byte send 00 eoi 0
+3074.344403533: grid210x_device byte send 00 eoi 0
+3074.344456534: grid210x_device byte send 00 eoi 0
+3074.344508535: grid210x_device byte send 00 eoi 0
+3074.344563537: grid210x_device byte send 00 eoi 0
+3074.344652539: grid210x_device byte send 00 eoi 0
+3074.344816543: grid210x_device byte send 00 eoi 0
+3074.344888544: grid210x_device byte send 00 eoi 0
+3074.344947546: grid210x_device byte send 00 eoi 0
+3074.345002547: grid210x_device byte send 00 eoi 0
+3074.345057548: grid210x_device byte send 00 eoi 0
+3074.345110550: grid210x_device byte send 00 eoi 0
+3074.345162551: grid210x_device byte send 00 eoi 0
+3074.345214552: grid210x_device byte send 00 eoi 0
+3074.345574561: grid210x_device byte send 00 eoi 0
+3074.345638562: grid210x_device byte send 00 eoi 0
+3074.345882568: grid210x_device byte send 00 eoi 0
+3074.345957570: grid210x_device byte send 00 eoi 0
+3074.346013571: grid210x_device byte send 00 eoi 0
+3074.346071572: grid210x_device byte send 00 eoi 0
+3074.346125573: grid210x_device byte send 00 eoi 0
+3074.346180575: grid210x_device byte send 00 eoi 0
+3074.346233576: grid210x_device byte send 00 eoi 0
+3074.346288577: grid210x_device byte send 00 eoi 0
+3074.346341579: grid210x_device byte send 00 eoi 0
+3074.346392580: grid210x_device byte send 00 eoi 0
+3074.346447581: grid210x_device byte send 00 eoi 0
+3074.346499582: grid210x_device byte send 00 eoi 0
+3074.346551584: grid210x_device byte send 00 eoi 0
+3074.346605585: grid210x_device byte send 00 eoi 0
+3074.346660586: grid210x_device byte send 00 eoi 0
+3074.346713587: grid210x_device byte send 00 eoi 0
+3074.346767589: grid210x_device byte send 00 eoi 0
+3074.346977594: grid210x_device byte send 00 eoi 0
+3074.347039595: grid210x_device byte send 00 eoi 0
+3074.347095596: grid210x_device byte send 00 eoi 0
+3074.347148598: grid210x_device byte send 00 eoi 0
+3074.347201599: grid210x_device byte send 00 eoi 0
+3074.347254600: grid210x_device byte send 00 eoi 0
+3074.347308601: grid210x_device byte send 00 eoi 0
+3074.347362603: grid210x_device byte send 00 eoi 0
+3074.347414604: grid210x_device byte send 00 eoi 0
+3074.347467605: grid210x_device byte send 00 eoi 0
+3074.347519606: grid210x_device byte send 00 eoi 0
+3074.347634609: grid210x_device byte send 00 eoi 0
+3074.347731611: grid210x_device byte send 00 eoi 0
+3074.347792613: grid210x_device byte send 00 eoi 0
+3074.347983617: grid210x_device byte send 00 eoi 0
+3074.348055619: grid210x_device byte send 00 eoi 0
+3074.348113620: grid210x_device byte send 00 eoi 0
+3074.348169622: grid210x_device byte send 00 eoi 0
+3074.348221623: grid210x_device byte send 00 eoi 0
+3074.348274624: grid210x_device byte send 00 eoi 0
+3074.348326625: grid210x_device byte send 00 eoi 0
+3074.348379626: grid210x_device byte send 00 eoi 0
+3074.348432628: grid210x_device byte send 00 eoi 0
+3074.348486629: grid210x_device byte send 00 eoi 0
+3074.348538630: grid210x_device byte send 00 eoi 0
+3074.348590631: grid210x_device byte send 00 eoi 0
+3074.348643633: grid210x_device byte send 00 eoi 0
+3074.348698634: grid210x_device byte send 00 eoi 0
+3074.348752635: grid210x_device byte send 00 eoi 0
+3074.348807637: grid210x_device byte send 00 eoi 0
+3074.348861638: grid210x_device byte send 00 eoi 0
+3074.349066643: grid210x_device byte send 00 eoi 0
+3074.349138644: grid210x_device byte send 00 eoi 0
+3074.349196646: grid210x_device byte send 00 eoi 0
+3074.349250647: grid210x_device byte send 00 eoi 0
+3074.349305648: grid210x_device byte send 00 eoi 0
+3074.349356649: grid210x_device byte send 00 eoi 0
+3074.349409651: grid210x_device byte send 00 eoi 0
+3074.349461652: grid210x_device byte send 00 eoi 0
+3074.349514653: grid210x_device byte send 00 eoi 0
+3074.349568654: grid210x_device byte send 00 eoi 0
+3074.349619656: grid210x_device byte send 00 eoi 0
+3074.349671657: grid210x_device byte send 00 eoi 0
+3074.349725658: grid210x_device byte send 00 eoi 0
+3074.349779659: grid210x_device byte send 00 eoi 0
+3074.349832661: grid210x_device byte send 00 eoi 0
+3074.349884662: grid210x_device byte send 00 eoi 0
+3074.349938663: grid210x_device byte send 00 eoi 0
+3074.350199669: grid210x_device byte send 00 eoi 0
+3074.350276671: grid210x_device byte send 00 eoi 0
+3074.350332672: grid210x_device byte send 00 eoi 0
+3074.350385674: grid210x_device byte send 00 eoi 0
+3074.350442675: grid210x_device byte send 00 eoi 0
+3074.350495676: grid210x_device byte send 00 eoi 0
+3074.350548677: grid210x_device byte send 00 eoi 0
+3074.350601679: grid210x_device byte send 00 eoi 0
+3074.350654680: grid210x_device byte send 00 eoi 0
+3074.350706681: grid210x_device byte send 00 eoi 0
+3074.350759682: grid210x_device byte send 00 eoi 0
+3074.350813684: grid210x_device byte send 00 eoi 0
+3074.351354696: grid210x_device byte send 00 eoi 0
+3074.351419698: grid210x_device byte send 00 eoi 0
+3074.351474699: grid210x_device byte send 00 eoi 0
+3074.351530701: grid210x_device byte send 00 eoi 0
+3074.351584702: grid210x_device byte send 00 eoi 0
+3074.351769706: grid210x_device byte send 00 eoi 0
+3074.351824707: grid210x_device byte send 00 eoi 0
+3074.351875709: grid210x_device byte send 00 eoi 0
+3074.351927710: grid210x_device byte send 00 eoi 0
+3074.351979711: grid210x_device byte send 00 eoi 0
+3074.352034712: grid210x_device byte send 00 eoi 0
+3074.352086714: grid210x_device byte send 00 eoi 0
+3074.352138715: grid210x_device byte send 00 eoi 0
+3074.352326719: grid210x_device byte send 00 eoi 0
+3074.352405721: grid210x_device byte send 00 eoi 0
+3074.352464723: grid210x_device byte send 00 eoi 0
+3074.352519724: grid210x_device byte send 00 eoi 0
+3074.352575725: grid210x_device byte send 00 eoi 0
+3074.352626726: grid210x_device byte send 00 eoi 0
+3074.352679728: grid210x_device byte send 00 eoi 0
+3074.352731729: grid210x_device byte send 00 eoi 0
+3074.352786730: grid210x_device byte send 00 eoi 0
+3074.352838731: grid210x_device byte send 00 eoi 0
+3074.352890733: grid210x_device byte send 00 eoi 0
+3074.352945734: grid210x_device byte send 00 eoi 0
+3074.352999735: grid210x_device byte send 00 eoi 0
+3074.353051736: grid210x_device byte send 00 eoi 0
+3074.353103738: grid210x_device byte send 00 eoi 0
+3074.353157739: grid210x_device byte send 00 eoi 0
+3074.353211740: grid210x_device byte send 00 eoi 0
+3074.353398744: grid210x_device byte send 00 eoi 0
+3074.353470746: grid210x_device byte send 00 eoi 0
+3074.353529748: grid210x_device byte send 00 eoi 0
+3074.353585749: grid210x_device byte send 00 eoi 0
+3074.353638750: grid210x_device byte send 00 eoi 0
+3074.353693751: grid210x_device byte send 00 eoi 0
+3074.353746753: grid210x_device byte send 00 eoi 0
+3074.353801754: grid210x_device byte send 00 eoi 0
+3074.353854755: grid210x_device byte send 00 eoi 0
+3074.353909757: grid210x_device byte send 00 eoi 0
+3074.353963758: grid210x_device byte send 00 eoi 0
+3074.354015759: grid210x_device byte send 00 eoi 0
+3074.354070760: grid210x_device byte send 00 eoi 0
+3074.354123762: grid210x_device byte send 00 eoi 0
+3074.354175763: grid210x_device byte send 00 eoi 0
+3074.354229764: grid210x_device byte send 00 eoi 0
+3074.354284765: grid210x_device byte send 00 eoi 0
+3074.354483770: grid210x_device byte send 00 eoi 0
+3074.354555772: grid210x_device byte send 00 eoi 0
+3074.354614773: grid210x_device byte send 00 eoi 0
+3074.354667774: grid210x_device byte send 00 eoi 0
+3074.354720776: grid210x_device byte send 00 eoi 0
+3074.354774777: grid210x_device byte send 00 eoi 0
+3074.354826778: grid210x_device byte send 00 eoi 0
+3074.354879779: grid210x_device byte send 00 eoi 0
+3074.354933781: grid210x_device byte send 00 eoi 0
+3074.354985782: grid210x_device byte send 00 eoi 0
+3074.355039783: grid210x_device byte send 00 eoi 0
+3074.355092784: grid210x_device byte send 00 eoi 0
+3074.355147786: grid210x_device byte send 00 eoi 0
+3074.355201787: grid210x_device byte send 00 eoi 0
+3074.355252788: grid210x_device byte send 00 eoi 0
+3074.355305789: grid210x_device byte send 00 eoi 0
+3074.355358791: grid210x_device byte send 00 eoi 0
+3074.355603796: grid210x_device byte send 00 eoi 0
+3074.355713799: grid210x_device byte send 00 eoi 0
+3074.355776800: grid210x_device byte send 00 eoi 0
+3074.355831802: grid210x_device byte send 00 eoi 0
+3074.355885803: grid210x_device byte send 00 eoi 0
+3074.355940804: grid210x_device byte send 00 eoi 0
+3074.355994806: grid210x_device byte send 00 eoi 0
+3074.356048807: grid210x_device byte send 00 eoi 0
+3074.356101808: grid210x_device byte send 00 eoi 0
+3074.356155809: grid210x_device byte send 00 eoi 0
+3074.356208811: grid210x_device byte send 00 eoi 0
+3074.356260812: grid210x_device byte send 00 eoi 0
+3074.356313813: grid210x_device byte send 00 eoi 0
+3074.356365814: grid210x_device byte send 00 eoi 0
+3074.356419816: grid210x_device byte send 00 eoi 0
+3074.356881826: grid210x_device byte send 00 eoi 0
+3074.356948828: grid210x_device byte send 00 eoi 0
+3074.357003829: grid210x_device byte send 00 eoi 0
+3074.357057831: grid210x_device byte send 00 eoi 0
+3074.357110832: grid210x_device byte send 00 eoi 0
+3074.357163833: grid210x_device byte send 00 eoi 0
+3074.357214834: grid210x_device byte send 00 eoi 0
+3074.357267835: grid210x_device byte send 00 eoi 0
+3074.357320837: grid210x_device byte send 00 eoi 0
+3074.357372838: grid210x_device byte send 00 eoi 0
+3074.357425839: grid210x_device byte send 00 eoi 0
+3074.357478840: grid210x_device byte send 00 eoi 0
+3074.357720846: grid210x_device byte send 00 eoi 0
+3074.357790848: grid210x_device byte send 00 eoi 0
+3074.357847849: grid210x_device byte send 00 eoi 0
+3074.357902850: grid210x_device byte send 00 eoi 0
+3074.357955852: grid210x_device byte send 00 eoi 0
+3074.358007853: grid210x_device byte send 00 eoi 0
+3074.358060854: grid210x_device byte send 00 eoi 0
+3074.358113855: grid210x_device byte send 00 eoi 0
+3074.358166857: grid210x_device byte send 00 eoi 0
+3074.358217858: grid210x_device byte send 00 eoi 0
+3074.358269859: grid210x_device byte send 00 eoi 0
+3074.358322860: grid210x_device byte send 00 eoi 0
+3074.358375862: grid210x_device byte send 00 eoi 0
+3074.358428863: grid210x_device byte send 00 eoi 0
+3074.358480864: grid210x_device byte send 00 eoi 0
+3074.358535865: grid210x_device byte send 00 eoi 0
+3074.358587867: grid210x_device byte send 00 eoi 0
+3074.358793871: grid210x_device byte send 00 eoi 0
+3074.358853873: grid210x_device byte send 00 eoi 0
+3074.358910874: grid210x_device byte send 00 eoi 0
+3074.358963875: grid210x_device byte send 00 eoi 0
+3074.359015877: grid210x_device byte send 00 eoi 0
+3074.359070878: grid210x_device byte send 00 eoi 0
+3074.359123879: grid210x_device byte send 00 eoi 0
+3074.359175880: grid210x_device byte send 00 eoi 0
+3074.359230882: grid210x_device byte send 00 eoi 0
+3074.359285883: grid210x_device byte send 00 eoi 0
+3074.359338884: grid210x_device byte send 00 eoi 0
+3074.359392885: grid210x_device byte send 00 eoi 0
+3074.359446887: grid210x_device byte send 00 eoi 0
+3074.359500888: grid210x_device byte send 00 eoi 0
+3074.359553889: grid210x_device byte send 00 eoi 0
+3074.359606890: grid210x_device byte send 00 eoi 0
+3074.359804895: grid210x_device byte send 00 eoi 0
+3074.359879897: grid210x_device byte send 00 eoi 0
+3074.359938898: grid210x_device byte send 00 eoi 0
+3074.359993900: grid210x_device byte send 00 eoi 0
+3074.360128903: grid210x_device byte send 00 eoi 0
+3074.360183904: grid210x_device byte send 00 eoi 1
+3074.360850920: grid210x_device byte recv 5f atn 1 eoi 0
+3074.360893921: grid210x_device now not talking
+3074.501902236: grid210x_device byte recv 25 atn 1 eoi 0
+3074.501961237: grid210x_device now listening
+3074.503301269: grid210x_device byte recv 04 atn 0 eoi 0
+3074.503517274: grid210x_device byte recv 00 atn 0 eoi 0
+3074.503601276: grid210x_device byte recv 00 atn 0 eoi 0
+3074.503675277: grid210x_device byte recv ff atn 0 eoi 0
+3074.503745279: grid210x_device byte recv fd atn 0 eoi 0
+3074.503815281: grid210x_device byte recv 00 atn 0 eoi 0
+3074.503884282: grid210x_device byte recv 00 atn 0 eoi 0
+3074.503955284: grid210x_device byte recv 00 atn 0 eoi 0
+3074.504024286: grid210x_device byte recv 02 atn 0 eoi 0
+3074.505342317: grid210x_device byte recv 00 atn 0 eoi 1
+3074.505426319: grid210x_device byte recv 3f atn 1 eoi 0
+3074.505570322: grid210x_device now not listening
+3074.505590322: grid210x_device command 4, data size 512, sector no 65023
+3074.506666348: grid210x_device byte recv 18 atn 1 eoi 0
+3074.506785351: grid210x_device byte recv 45 atn 1 eoi 0
+3074.506815351: grid210x_device now talking
+3074.506846352: grid210x_device byte send 4f eoi 0
+3074.506977355: grid210x_device byte recv 19 atn 1 eoi 0
+3074.507059357: grid210x_device byte recv 5f atn 1 eoi 0
+3074.507085358: grid210x_device now not talking
+3074.508660395: grid210x_device byte recv 45 atn 1 eoi 0
+3074.509122405: grid210x_device now talking
+3074.509975426: grid210x_device byte send 20 eoi 0
+3074.510472437: grid210x_device byte send 58 eoi 0
+3074.510538439: grid210x_device byte send 31 eoi 0
+3074.510593440: grid210x_device byte send 01 eoi 0
+3074.510651441: grid210x_device byte send 00 eoi 0
+3074.510705443: grid210x_device byte send 00 eoi 0
+3074.510759444: grid210x_device byte send 00 eoi 0
+3074.510813445: grid210x_device byte send 00 eoi 0
+3074.511007450: grid210x_device byte send 00 eoi 0
+3074.511080451: grid210x_device byte send 00 eoi 0
+3074.511136453: grid210x_device byte send 00 eoi 0
+3074.511190454: grid210x_device byte send 00 eoi 0
+3074.511243455: grid210x_device byte send 00 eoi 0
+3074.511299457: grid210x_device byte send 00 eoi 0
+3074.511352458: grid210x_device byte send 00 eoi 0
+3074.511408459: grid210x_device byte send 00 eoi 0
+3074.511461460: grid210x_device byte send 00 eoi 0
+3074.511512462: grid210x_device byte send 00 eoi 0
+3074.511564463: grid210x_device byte send 00 eoi 0
+3074.511618464: grid210x_device byte send 00 eoi 0
+3074.511672465: grid210x_device byte send 00 eoi 0
+3074.511724467: grid210x_device byte send 00 eoi 0
+3074.511777468: grid210x_device byte send 00 eoi 0
+3074.511830469: grid210x_device byte send 00 eoi 0
+3074.511883470: grid210x_device byte send 00 eoi 0
+3074.512098475: grid210x_device byte send 00 eoi 0
+3074.512170477: grid210x_device byte send 00 eoi 0
+3074.512226478: grid210x_device byte send 00 eoi 0
+3074.512284480: grid210x_device byte send 00 eoi 0
+3074.512336481: grid210x_device byte send 00 eoi 0
+3074.512391482: grid210x_device byte send 00 eoi 0
+3074.512447484: grid210x_device byte send 00 eoi 0
+3074.512501485: grid210x_device byte send 00 eoi 0
+3074.512555486: grid210x_device byte send 00 eoi 0
+3074.512607487: grid210x_device byte send 00 eoi 0
+3074.512662489: grid210x_device byte send 00 eoi 0
+3074.512715490: grid210x_device byte send 00 eoi 0
+3074.512768491: grid210x_device byte send 00 eoi 0
+3074.512823492: grid210x_device byte send 00 eoi 0
+3074.512876494: grid210x_device byte send 00 eoi 0
+3074.512931495: grid210x_device byte send 00 eoi 0
+3074.513116499: grid210x_device byte send 00 eoi 0
+3074.513188501: grid210x_device byte send 00 eoi 0
+3074.513243502: grid210x_device byte send 00 eoi 0
+3074.513296504: grid210x_device byte send 00 eoi 0
+3074.513349505: grid210x_device byte send 00 eoi 0
+3074.513402506: grid210x_device byte send 00 eoi 0
+3074.513456507: grid210x_device byte send 00 eoi 0
+3074.513509509: grid210x_device byte send 00 eoi 0
+3074.513563510: grid210x_device byte send 00 eoi 0
+3074.513616511: grid210x_device byte send 00 eoi 0
+3074.513669512: grid210x_device byte send 00 eoi 0
+3074.513721514: grid210x_device byte send 00 eoi 0
+3074.513772515: grid210x_device byte send 00 eoi 0
+3074.513828516: grid210x_device byte send 00 eoi 0
+3074.513880517: grid210x_device byte send 00 eoi 0
+3074.513934519: grid210x_device byte send 00 eoi 0
+3074.513987520: grid210x_device byte send 00 eoi 0
+3074.514175524: grid210x_device byte send 00 eoi 0
+3074.514244526: grid210x_device byte send 00 eoi 0
+3074.514299527: grid210x_device byte send 00 eoi 0
+3074.514354528: grid210x_device byte send 00 eoi 0
+3074.514408530: grid210x_device byte send 00 eoi 0
+3074.514462531: grid210x_device byte send 00 eoi 0
+3074.514514532: grid210x_device byte send 00 eoi 0
+3074.514568533: grid210x_device byte send 00 eoi 0
+3074.514622535: grid210x_device byte send 00 eoi 0
+3074.514673536: grid210x_device byte send 00 eoi 0
+3074.514726537: grid210x_device byte send 00 eoi 0
+3074.514780538: grid210x_device byte send 00 eoi 0
+3074.514833540: grid210x_device byte send 00 eoi 0
+3074.514885541: grid210x_device byte send 00 eoi 0
+3074.514937542: grid210x_device byte send 00 eoi 0
+3074.514989543: grid210x_device byte send 00 eoi 0
+3074.515042545: grid210x_device byte send 00 eoi 0
+3074.515219549: grid210x_device byte send 00 eoi 0
+3074.515289550: grid210x_device byte send 00 eoi 0
+3074.515346552: grid210x_device byte send 00 eoi 0
+3074.515810563: grid210x_device byte send 00 eoi 0
+3074.515874564: grid210x_device byte send 00 eoi 0
+3074.515931566: grid210x_device byte send 00 eoi 0
+3074.515983567: grid210x_device byte send 00 eoi 0
+3074.516039568: grid210x_device byte send 00 eoi 0
+3074.516091569: grid210x_device byte send 00 eoi 0
+3074.516336575: grid210x_device byte send 00 eoi 0
+3074.516407577: grid210x_device byte send 00 eoi 0
+3074.516463578: grid210x_device byte send 00 eoi 0
+3074.516521579: grid210x_device byte send 00 eoi 0
+3074.516578581: grid210x_device byte send 00 eoi 0
+3074.516629582: grid210x_device byte send 00 eoi 0
+3074.516684583: grid210x_device byte send 00 eoi 0
+3074.516735584: grid210x_device byte send 00 eoi 0
+3074.516790586: grid210x_device byte send 00 eoi 0
+3074.516843587: grid210x_device byte send 00 eoi 0
+3074.516894588: grid210x_device byte send 00 eoi 0
+3074.516948589: grid210x_device byte send 00 eoi 0
+3074.517000591: grid210x_device byte send 00 eoi 0
+3074.517053592: grid210x_device byte send 00 eoi 0
+3074.517107593: grid210x_device byte send 00 eoi 0
+3074.517161594: grid210x_device byte send 00 eoi 0
+3074.517215596: grid210x_device byte send 00 eoi 0
+3074.517439601: grid210x_device byte send 00 eoi 0
+3074.517504603: grid210x_device byte send 00 eoi 0
+3074.517563604: grid210x_device byte send 00 eoi 0
+3074.517618605: grid210x_device byte send 00 eoi 0
+3074.517675607: grid210x_device byte send 00 eoi 0
+3074.517729608: grid210x_device byte send 00 eoi 0
+3074.517784609: grid210x_device byte send 00 eoi 0
+3074.517835610: grid210x_device byte send 00 eoi 0
+3074.517888612: grid210x_device byte send 00 eoi 0
+3074.517942613: grid210x_device byte send 00 eoi 0
+3074.517995614: grid210x_device byte send 00 eoi 0
+3074.518049615: grid210x_device byte send 00 eoi 0
+3074.518103617: grid210x_device byte send 00 eoi 0
+3074.518157618: grid210x_device byte send 00 eoi 0
+3074.518209619: grid210x_device byte send 00 eoi 0
+3074.518261620: grid210x_device byte send 00 eoi 0
+3074.518443625: grid210x_device byte send 00 eoi 0
+3074.518515626: grid210x_device byte send 00 eoi 0
+3074.518576628: grid210x_device byte send 00 eoi 0
+3074.518630629: grid210x_device byte send 00 eoi 0
+3074.518686630: grid210x_device byte send 00 eoi 0
+3074.518739632: grid210x_device byte send 00 eoi 0
+3074.518795633: grid210x_device byte send 00 eoi 0
+3074.518849634: grid210x_device byte send 00 eoi 0
+3074.518903635: grid210x_device byte send 00 eoi 0
+3074.518954637: grid210x_device byte send 00 eoi 0
+3074.519005638: grid210x_device byte send 00 eoi 0
+3074.519060639: grid210x_device byte send 00 eoi 0
+3074.519113640: grid210x_device byte send 00 eoi 0
+3074.519166642: grid210x_device byte send 00 eoi 0
+3074.519219643: grid210x_device byte send 00 eoi 0
+3074.519272644: grid210x_device byte send 00 eoi 0
+3074.519325645: grid210x_device byte send 00 eoi 0
+3074.519522650: grid210x_device byte send 00 eoi 0
+3074.519594652: grid210x_device byte send 00 eoi 0
+3074.519651653: grid210x_device byte send 00 eoi 0
+3074.519707654: grid210x_device byte send 00 eoi 0
+3074.519761656: grid210x_device byte send 00 eoi 0
+3074.519815657: grid210x_device byte send 00 eoi 0
+3074.519869658: grid210x_device byte send 00 eoi 0
+3074.519923659: grid210x_device byte send 00 eoi 0
+3074.519976661: grid210x_device byte send 00 eoi 0
+3074.520100664: grid210x_device byte send 00 eoi 0
+3074.520167665: grid210x_device byte send 00 eoi 0
+3074.520222666: grid210x_device byte send 00 eoi 0
+3074.520278668: grid210x_device byte send 00 eoi 0
+3074.520330669: grid210x_device byte send 00 eoi 0
+3074.520383670: grid210x_device byte send 00 eoi 0
+3074.520568675: grid210x_device byte send 00 eoi 0
+3074.520637676: grid210x_device byte send 00 eoi 0
+3074.520694678: grid210x_device byte send 00 eoi 0
+3074.520750679: grid210x_device byte send 00 eoi 0
+3074.520803680: grid210x_device byte send 00 eoi 0
+3074.520855681: grid210x_device byte send 00 eoi 0
+3074.520911683: grid210x_device byte send 00 eoi 0
+3074.520962684: grid210x_device byte send 00 eoi 0
+3074.521332692: grid210x_device byte send 00 eoi 0
+3074.521398694: grid210x_device byte send 00 eoi 0
+3074.521455695: grid210x_device byte send 00 eoi 0
+3074.521704701: grid210x_device byte send 00 eoi 0
+3074.521772703: grid210x_device byte send 00 eoi 0
+3074.521831704: grid210x_device byte send 00 eoi 0
+3074.521886706: grid210x_device byte send 00 eoi 0
+3074.521940707: grid210x_device byte send 00 eoi 0
+3074.521993708: grid210x_device byte send 00 eoi 0
+3074.522046709: grid210x_device byte send 00 eoi 0
+3074.522099711: grid210x_device byte send 00 eoi 0
+3074.522153712: grid210x_device byte send 00 eoi 0
+3074.522204713: grid210x_device byte send 00 eoi 0
+3074.522257714: grid210x_device byte send 00 eoi 0
+3074.522310715: grid210x_device byte send 00 eoi 0
+3074.522362717: grid210x_device byte send 00 eoi 0
+3074.522416718: grid210x_device byte send 00 eoi 0
+3074.522467719: grid210x_device byte send 00 eoi 0
+3074.522519720: grid210x_device byte send 00 eoi 0
+3074.522721725: grid210x_device byte send 00 eoi 0
+3074.522798727: grid210x_device byte send 00 eoi 0
+3074.522856728: grid210x_device byte send 00 eoi 0
+3074.522914730: grid210x_device byte send 00 eoi 0
+3074.522967731: grid210x_device byte send 00 eoi 0
+3074.523021732: grid210x_device byte send 00 eoi 0
+3074.523075733: grid210x_device byte send 00 eoi 0
+3074.523126735: grid210x_device byte send 00 eoi 0
+3074.523181736: grid210x_device byte send 00 eoi 0
+3074.523234737: grid210x_device byte send 00 eoi 0
+3074.523288738: grid210x_device byte send 00 eoi 0
+3074.523340740: grid210x_device byte send 00 eoi 0
+3074.523394741: grid210x_device byte send 00 eoi 0
+3074.523448742: grid210x_device byte send 00 eoi 0
+3074.523501743: grid210x_device byte send 00 eoi 0
+3074.523612746: grid210x_device byte send 00 eoi 0
+3074.523853752: grid210x_device byte send 00 eoi 0
+3074.523927754: grid210x_device byte send 00 eoi 0
+3074.523985755: grid210x_device byte send 00 eoi 0
+3074.524041756: grid210x_device byte send 00 eoi 0
+3074.524095757: grid210x_device byte send 00 eoi 0
+3074.524149759: grid210x_device byte send 00 eoi 0
+3074.524203760: grid210x_device byte send 00 eoi 0
+3074.524256761: grid210x_device byte send 00 eoi 0
+3074.524309762: grid210x_device byte send 00 eoi 0
+3074.524361764: grid210x_device byte send 00 eoi 0
+3074.524416765: grid210x_device byte send 00 eoi 0
+3074.524468766: grid210x_device byte send 00 eoi 0
+3074.524520767: grid210x_device byte send 00 eoi 0
+3074.524575769: grid210x_device byte send 00 eoi 0
+3074.524629770: grid210x_device byte send 00 eoi 0
+3074.524684771: grid210x_device byte send 00 eoi 0
+3074.524871776: grid210x_device byte send 00 eoi 0
+3074.524944777: grid210x_device byte send 00 eoi 0
+3074.524999779: grid210x_device byte send 00 eoi 0
+3074.525057780: grid210x_device byte send 00 eoi 0
+3074.525110781: grid210x_device byte send 00 eoi 0
+3074.525165783: grid210x_device byte send 00 eoi 0
+3074.525217784: grid210x_device byte send 00 eoi 0
+3074.525271785: grid210x_device byte send 53 eoi 0
+3074.525325786: grid210x_device byte send 79 eoi 0
+3074.525376788: grid210x_device byte send 73 eoi 0
+3074.525429789: grid210x_device byte send 74 eoi 0
+3074.525482790: grid210x_device byte send 65 eoi 0
+3074.525535791: grid210x_device byte send 6d eoi 0
+3074.525586793: grid210x_device byte send 20 eoi 0
+3074.525638794: grid210x_device byte send 44 eoi 0
+3074.525689795: grid210x_device byte send 69 eoi 0
+3074.525739796: grid210x_device byte send 73 eoi 0
+3074.525927801: grid210x_device byte send 6b eoi 0
+3074.526001802: grid210x_device byte send 21 eoi 0
+3074.526058804: grid210x_device byte send 21 eoi 0
+3074.526112805: grid210x_device byte send 00 eoi 0
+3074.526165806: grid210x_device byte send 00 eoi 0
+3074.526218807: grid210x_device byte send 00 eoi 0
+3074.526271809: grid210x_device byte send 00 eoi 0
+3074.526324810: grid210x_device byte send 00 eoi 0
+3074.526377811: grid210x_device byte send 00 eoi 0
+3074.526430812: grid210x_device byte send 00 eoi 0
+3074.526485814: grid210x_device byte send 00 eoi 0
+3074.526811821: grid210x_device byte send 00 eoi 0
+3074.527087828: grid210x_device byte send 00 eoi 0
+3074.527163830: grid210x_device byte send 00 eoi 0
+3074.527219831: grid210x_device byte send 00 eoi 0
+3074.527274832: grid210x_device byte send 00 eoi 0
+3074.527328833: grid210x_device byte send 00 eoi 0
+3074.527382835: grid210x_device byte send 00 eoi 0
+3074.527436836: grid210x_device byte send 00 eoi 0
+3074.527490837: grid210x_device byte send 00 eoi 0
+3074.527546839: grid210x_device byte send 00 eoi 0
+3074.527599840: grid210x_device byte send 00 eoi 0
+3074.527652841: grid210x_device byte send 00 eoi 0
+3074.527705842: grid210x_device byte send 00 eoi 0
+3074.527758844: grid210x_device byte send 00 eoi 0
+3074.527812845: grid210x_device byte send 00 eoi 0
+3074.527865846: grid210x_device byte send 00 eoi 0
+3074.527919847: grid210x_device byte send 00 eoi 0
+3074.528014850: grid210x_device byte send 00 eoi 0
+3074.528187854: grid210x_device byte send 00 eoi 0
+3074.528246855: grid210x_device byte send 00 eoi 0
+3074.528301856: grid210x_device byte send 00 eoi 0
+3074.528355858: grid210x_device byte send 00 eoi 0
+3074.528411859: grid210x_device byte send 00 eoi 0
+3074.528465860: grid210x_device byte send 00 eoi 0
+3074.528516861: grid210x_device byte send 00 eoi 0
+3074.528570863: grid210x_device byte send 00 eoi 0
+3074.528623864: grid210x_device byte send 00 eoi 0
+3074.528677865: grid210x_device byte send 00 eoi 0
+3074.528731866: grid210x_device byte send 00 eoi 0
+3074.528786868: grid210x_device byte send 00 eoi 0
+3074.528839869: grid210x_device byte send 00 eoi 0
+3074.528891870: grid210x_device byte send 00 eoi 0
+3074.528945871: grid210x_device byte send 00 eoi 0
+3074.528998873: grid210x_device byte send 00 eoi 0
+3074.529180877: grid210x_device byte send 00 eoi 0
+3074.529252879: grid210x_device byte send 00 eoi 0
+3074.529308880: grid210x_device byte send 00 eoi 0
+3074.529364881: grid210x_device byte send 00 eoi 0
+3074.529417883: grid210x_device byte send 00 eoi 0
+3074.529471884: grid210x_device byte send 00 eoi 0
+3074.529524885: grid210x_device byte send 00 eoi 0
+3074.529581886: grid210x_device byte send 00 eoi 0
+3074.529634888: grid210x_device byte send 00 eoi 0
+3074.529687889: grid210x_device byte send 00 eoi 0
+3074.529740890: grid210x_device byte send 00 eoi 0
+3074.529794891: grid210x_device byte send 00 eoi 0
+3074.529846893: grid210x_device byte send 00 eoi 0
+3074.529899894: grid210x_device byte send 00 eoi 0
+3074.529953895: grid210x_device byte send 00 eoi 0
+3074.530223902: grid210x_device byte send 00 eoi 0
+3074.530302903: grid210x_device byte send 00 eoi 0
+3074.530360905: grid210x_device byte send 00 eoi 0
+3074.530417906: grid210x_device byte send 00 eoi 0
+3074.530470907: grid210x_device byte send 00 eoi 0
+3074.530523909: grid210x_device byte send 00 eoi 0
+3074.530577910: grid210x_device byte send 00 eoi 0
+3074.530629911: grid210x_device byte send 00 eoi 0
+3074.530683912: grid210x_device byte send 00 eoi 0
+3074.530737914: grid210x_device byte send 00 eoi 0
+3074.530792915: grid210x_device byte send 00 eoi 0
+3074.530858916: grid210x_device byte send 00 eoi 0
+3074.530917918: grid210x_device byte send 00 eoi 0
+3074.530970919: grid210x_device byte send 00 eoi 0
+3074.531026920: grid210x_device byte send 00 eoi 0
+3074.531079922: grid210x_device byte send 00 eoi 0
+3074.531132923: grid210x_device byte send 00 eoi 0
+3074.531328927: grid210x_device byte send 00 eoi 0
+3074.531398929: grid210x_device byte send 00 eoi 0
+3074.531456930: grid210x_device byte send 00 eoi 0
+3074.531510932: grid210x_device byte send 00 eoi 0
+3074.531619934: grid210x_device byte send 00 eoi 0
+3074.531718937: grid210x_device byte send 00 eoi 0
+3074.531779938: grid210x_device byte send 00 eoi 0
+3074.531834939: grid210x_device byte send 00 eoi 0
+3074.531887941: grid210x_device byte send 00 eoi 0
+3074.531942942: grid210x_device byte send 00 eoi 0
+3074.531994943: grid210x_device byte send 00 eoi 0
+3074.532046944: grid210x_device byte send 00 eoi 0
+3074.532642958: grid210x_device byte send 00 eoi 0
+3074.532804962: grid210x_device byte send 00 eoi 0
+3074.532861964: grid210x_device byte send 00 eoi 0
+3074.532916965: grid210x_device byte send 00 eoi 0
+3074.532970966: grid210x_device byte send 00 eoi 0
+3074.533022967: grid210x_device byte send 00 eoi 0
+3074.533079969: grid210x_device byte send 00 eoi 0
+3074.533132970: grid210x_device byte send 00 eoi 0
+3074.533186971: grid210x_device byte send 00 eoi 0
+3074.533239972: grid210x_device byte send 00 eoi 0
+3074.533292974: grid210x_device byte send 00 eoi 0
+3074.533517979: grid210x_device byte send 00 eoi 0
+3074.533590981: grid210x_device byte send 00 eoi 0
+3074.533647982: grid210x_device byte send 00 eoi 0
+3074.533703983: grid210x_device byte send 00 eoi 0
+3074.533756985: grid210x_device byte send 00 eoi 0
+3074.533810986: grid210x_device byte send 00 eoi 0
+3074.533864987: grid210x_device byte send 00 eoi 0
+3074.533917988: grid210x_device byte send 00 eoi 0
+3074.533969990: grid210x_device byte send 00 eoi 0
+3074.534022991: grid210x_device byte send 00 eoi 0
+3074.534076992: grid210x_device byte send 00 eoi 0
+3074.534127993: grid210x_device byte send 00 eoi 0
+3074.534180995: grid210x_device byte send 00 eoi 0
+3074.534232996: grid210x_device byte send 00 eoi 0
+3074.534285997: grid210x_device byte send 00 eoi 0
+3074.534337998: grid210x_device byte send 00 eoi 0
+3074.534389999: grid210x_device byte send 00 eoi 0
+3074.534581004: grid210x_device byte send 00 eoi 0
+3074.534649006: grid210x_device byte send 00 eoi 0
+3074.534706007: grid210x_device byte send 00 eoi 0
+3074.534761008: grid210x_device byte send 00 eoi 0
+3074.534814009: grid210x_device byte send 00 eoi 0
+3074.534868011: grid210x_device byte send 00 eoi 0
+3074.534920012: grid210x_device byte send 00 eoi 0
+3074.534974013: grid210x_device byte send 00 eoi 0
+3074.535025014: grid210x_device byte send 00 eoi 0
+3074.535080016: grid210x_device byte send 00 eoi 0
+3074.535133017: grid210x_device byte send 00 eoi 0
+3074.535185018: grid210x_device byte send 00 eoi 0
+3074.535237019: grid210x_device byte send 00 eoi 0
+3074.535292021: grid210x_device byte send 00 eoi 0
+3074.535344022: grid210x_device byte send 00 eoi 0
+3074.535398023: grid210x_device byte send 00 eoi 0
+3074.535452024: grid210x_device byte send 00 eoi 0
+3074.535637029: grid210x_device byte send 00 eoi 0
+3074.535708030: grid210x_device byte send 00 eoi 0
+3074.535764032: grid210x_device byte send 00 eoi 0
+3074.535820033: grid210x_device byte send 00 eoi 0
+3074.535874034: grid210x_device byte send 00 eoi 0
+3074.535928036: grid210x_device byte send 00 eoi 0
+3074.535980037: grid210x_device byte send 00 eoi 0
+3074.536034038: grid210x_device byte send 00 eoi 0
+3074.536085039: grid210x_device byte send 00 eoi 0
+3074.536137041: grid210x_device byte send 00 eoi 0
+3074.536190042: grid210x_device byte send 00 eoi 0
+3074.536242043: grid210x_device byte send 00 eoi 0
+3074.536295044: grid210x_device byte send 00 eoi 0
+3074.536347045: grid210x_device byte send 00 eoi 0
+3074.536403047: grid210x_device byte send 00 eoi 0
+3074.536455048: grid210x_device byte send 00 eoi 0
+3074.536509049: grid210x_device byte send 00 eoi 0
+3074.536690054: grid210x_device byte send 00 eoi 0
+3074.536758055: grid210x_device byte send 00 eoi 0
+3074.536815056: grid210x_device byte send 00 eoi 0
+3074.536870058: grid210x_device byte send 00 eoi 0
+3074.536924059: grid210x_device byte send 00 eoi 0
+3074.536977060: grid210x_device byte send 00 eoi 0
+3074.537031062: grid210x_device byte send 00 eoi 0
+3074.537083063: grid210x_device byte send 00 eoi 0
+3074.537136064: grid210x_device byte send 00 eoi 0
+3074.537188065: grid210x_device byte send 00 eoi 0
+3074.537242066: grid210x_device byte send 00 eoi 0
+3074.537294068: grid210x_device byte send 00 eoi 0
+3074.537348069: grid210x_device byte send 00 eoi 0
+3074.537404070: grid210x_device byte send 00 eoi 0
+3074.537457072: grid210x_device byte send 00 eoi 0
+3074.537513073: grid210x_device byte send 00 eoi 0
+3074.537566074: grid210x_device byte send 00 eoi 0
+3074.538049085: grid210x_device byte send 00 eoi 0
+3074.538117087: grid210x_device byte send 00 eoi 0
+3074.538173088: grid210x_device byte send 00 eoi 0
+3074.538226090: grid210x_device byte send 00 eoi 0
+3074.538281091: grid210x_device byte send 00 eoi 0
+3074.538332092: grid210x_device byte send 00 eoi 0
+3074.538385093: grid210x_device byte send 00 eoi 0
+3074.538438095: grid210x_device byte send 00 eoi 0
+3074.538491096: grid210x_device byte send 00 eoi 0
+3074.538545097: grid210x_device byte send 00 eoi 0
+3074.538597098: grid210x_device byte send 00 eoi 0
+3074.538830104: grid210x_device byte send 00 eoi 0
+3074.538911106: grid210x_device byte send 00 eoi 0
+3074.538970107: grid210x_device byte send 00 eoi 0
+3074.539024108: grid210x_device byte send 00 eoi 0
+3074.539080110: grid210x_device byte send 00 eoi 0
+3074.539133111: grid210x_device byte send 00 eoi 0
+3074.539188112: grid210x_device byte send 00 eoi 0
+3074.539241113: grid210x_device byte send 00 eoi 0
+3074.539294115: grid210x_device byte send 00 eoi 0
+3074.539346116: grid210x_device byte send 00 eoi 0
+3074.539397117: grid210x_device byte send 00 eoi 0
+3074.539452118: grid210x_device byte send 00 eoi 0
+3074.539506120: grid210x_device byte send 00 eoi 0
+3074.539617122: grid210x_device byte send 00 eoi 0
+3074.539716125: grid210x_device byte send 00 eoi 0
+3074.539927130: grid210x_device byte send 00 eoi 0
+3074.539996131: grid210x_device byte send 00 eoi 0
+3074.540130134: grid210x_device byte send 00 eoi 0
+3074.540190136: grid210x_device byte send 00 eoi 0
+3074.540244137: grid210x_device byte send 00 eoi 0
+3074.540298138: grid210x_device byte send 00 eoi 0
+3074.540351140: grid210x_device byte send 00 eoi 0
+3074.540404141: grid210x_device byte send 00 eoi 0
+3074.540458142: grid210x_device byte send 00 eoi 0
+3074.540509143: grid210x_device byte send 00 eoi 0
+3074.540562145: grid210x_device byte send 00 eoi 0
+3074.540614146: grid210x_device byte send 00 eoi 0
+3074.540668147: grid210x_device byte send 00 eoi 0
+3074.540721148: grid210x_device byte send 00 eoi 0
+3074.540774150: grid210x_device byte send 00 eoi 0
+3074.540962154: grid210x_device byte send 00 eoi 0
+3074.541035156: grid210x_device byte send 00 eoi 0
+3074.541091157: grid210x_device byte send 00 eoi 0
+3074.541146158: grid210x_device byte send 00 eoi 0
+3074.541202160: grid210x_device byte send 00 eoi 0
+3074.541255161: grid210x_device byte send 00 eoi 0
+3074.541309162: grid210x_device byte send 00 eoi 0
+3074.541362163: grid210x_device byte send 00 eoi 0
+3074.541416165: grid210x_device byte send 00 eoi 0
+3074.541467166: grid210x_device byte send 00 eoi 0
+3074.541519167: grid210x_device byte send 00 eoi 0
+3074.541575168: grid210x_device byte send 00 eoi 0
+3074.541627170: grid210x_device byte send 00 eoi 0
+3074.541681171: grid210x_device byte send 00 eoi 0
+3074.541735172: grid210x_device byte send 00 eoi 0
+3074.541791173: grid210x_device byte send 00 eoi 0
+3074.541844175: grid210x_device byte send 00 eoi 0
+3074.542031179: grid210x_device byte send 00 eoi 0
+3074.542102181: grid210x_device byte send 00 eoi 0
+3074.542160182: grid210x_device byte send 00 eoi 0
+3074.542215183: grid210x_device byte send 00 eoi 0
+3074.542268185: grid210x_device byte send 00 eoi 0
+3074.542322186: grid210x_device byte send 00 eoi 0
+3074.542374187: grid210x_device byte send 00 eoi 0
+3074.542429188: grid210x_device byte send 00 eoi 0
+3074.542482190: grid210x_device byte send 00 eoi 0
+3074.542538191: grid210x_device byte send 00 eoi 0
+3074.542591192: grid210x_device byte send 00 eoi 0
+3074.542642193: grid210x_device byte send 00 eoi 0
+3074.542698195: grid210x_device byte send 00 eoi 0
+3074.542754196: grid210x_device byte send 00 eoi 0
+3074.542810197: grid210x_device byte send 00 eoi 0
+3074.542863199: grid210x_device byte send 00 eoi 0
+3074.542917200: grid210x_device byte send 00 eoi 0
+3074.543119205: grid210x_device byte send 00 eoi 0
+3074.543192206: grid210x_device byte send 00 eoi 0
+3074.543248208: grid210x_device byte send 00 eoi 0
+3074.543303209: grid210x_device byte send 00 eoi 0
+3074.543670218: grid210x_device byte send 00 eoi 0
+3074.543736219: grid210x_device byte send 00 eoi 0
+3074.543793220: grid210x_device byte send 00 eoi 0
+3074.543847222: grid210x_device byte send 00 eoi 0
+3074.543903223: grid210x_device byte send 00 eoi 0
+3074.543956224: grid210x_device byte send 00 eoi 0
+3074.544202230: grid210x_device byte send 00 eoi 0
+3074.544277232: grid210x_device byte send 00 eoi 0
+3074.544335233: grid210x_device byte send 00 eoi 0
+3074.544388234: grid210x_device byte send 00 eoi 0
+3074.544443236: grid210x_device byte send 00 eoi 0
+3074.544496237: grid210x_device byte send 00 eoi 0
+3074.544549238: grid210x_device byte send 00 eoi 0
+3074.544602240: grid210x_device byte send 00 eoi 0
+3074.544655241: grid210x_device byte send 00 eoi 0
+3074.544706242: grid210x_device byte send 00 eoi 0
+3074.544758243: grid210x_device byte send 00 eoi 0
+3074.544814244: grid210x_device byte send 00 eoi 0
+3074.544866246: grid210x_device byte send 00 eoi 0
+3074.544918247: grid210x_device byte send 00 eoi 0
+3074.544972248: grid210x_device byte send 00 eoi 0
+3074.545025249: grid210x_device byte send 00 eoi 0
+3074.545079251: grid210x_device byte send 00 eoi 0
+3074.545273255: grid210x_device byte send 00 eoi 0
+3074.545344257: grid210x_device byte send 00 eoi 0
+3074.545403258: grid210x_device byte send 00 eoi 0
+3074.545459260: grid210x_device byte send 00 eoi 0
+3074.545511261: grid210x_device byte send 00 eoi 0
+3074.545566262: grid210x_device byte send 00 eoi 0
+3074.545618263: grid210x_device byte send 00 eoi 0
+3074.545672265: grid210x_device byte send 00 eoi 0
+3074.545724266: grid210x_device byte send 00 eoi 0
+3074.545778267: grid210x_device byte send 00 eoi 0
+3074.545831268: grid210x_device byte send 00 eoi 0
+3074.545884270: grid210x_device byte send 00 eoi 0
+3074.545937271: grid210x_device byte send 00 eoi 0
+3074.545991272: grid210x_device byte send 00 eoi 0
+3074.546043273: grid210x_device byte send 00 eoi 0
+3074.546095275: grid210x_device byte send 00 eoi 0
+3074.546145276: grid210x_device byte send 00 eoi 1
+3074.546808291: grid210x_device byte recv 5f atn 1 eoi 0
+3074.546849292: grid210x_device now not talking
+3074.671531223: grid210x_device byte recv 25 atn 1 eoi 0
+3074.671590225: grid210x_device now listening
+3074.672934256: grid210x_device byte recv 04 atn 0 eoi 0
+3074.673022258: grid210x_device byte recv 00 atn 0 eoi 0
+3074.673096260: grid210x_device byte recv 00 atn 0 eoi 0
+3074.673163262: grid210x_device byte recv 00 atn 0 eoi 0
+3074.673232263: grid210x_device byte recv 00 atn 0 eoi 0
+3074.673302265: grid210x_device byte recv 00 atn 0 eoi 0
+3074.673497270: grid210x_device byte recv 00 atn 0 eoi 0
+3074.673587272: grid210x_device byte recv 00 atn 0 eoi 0
+3074.673657273: grid210x_device byte recv 02 atn 0 eoi 0
+3074.674988305: grid210x_device byte recv 00 atn 0 eoi 1
+3074.675083307: grid210x_device byte recv 3f atn 1 eoi 0
+3074.675112308: grid210x_device now not listening
+3074.675123308: grid210x_device command 4, data size 512, sector no 0
+3074.676143332: grid210x_device byte recv 18 atn 1 eoi 0
+3074.676260335: grid210x_device byte recv 45 atn 1 eoi 0
+3074.676289335: grid210x_device now talking
+3074.676320336: grid210x_device byte send 4f eoi 0
+3074.676451339: grid210x_device byte recv 19 atn 1 eoi 0
+3074.676533341: grid210x_device byte recv 5f atn 1 eoi 0
+3074.676557341: grid210x_device now not talking
+3074.678135379: grid210x_device byte recv 45 atn 1 eoi 0
+3074.678181380: grid210x_device now talking
+3074.679455410: grid210x_device byte send 53 eoi 0
+3074.679973422: grid210x_device byte send 79 eoi 0
+3074.680114425: grid210x_device byte send 73 eoi 0
+3074.680178427: grid210x_device byte send 74 eoi 0
+3074.680232428: grid210x_device byte send 65 eoi 0
+3074.680286429: grid210x_device byte send 6d eoi 0
+3074.680338430: grid210x_device byte send 20 eoi 0
+3074.680390432: grid210x_device byte send 44 eoi 0
+3074.680442433: grid210x_device byte send 69 eoi 0
+3074.680493434: grid210x_device byte send 73 eoi 0
+3074.680546435: grid210x_device byte send 6b eoi 0
+3074.681124449: grid210x_device byte send 21 eoi 0
+3074.681195451: grid210x_device byte send 21 eoi 0
+3074.681249452: grid210x_device byte send 00 eoi 0
+3074.681309453: grid210x_device byte send 00 eoi 0
+3074.681362454: grid210x_device byte send 00 eoi 0
+3074.681417456: grid210x_device byte send 00 eoi 0
+3074.681471457: grid210x_device byte send 00 eoi 0
+3074.681523458: grid210x_device byte send 00 eoi 0
+3074.681579460: grid210x_device byte send 00 eoi 0
+3074.681631461: grid210x_device byte send 00 eoi 0
+3074.681685462: grid210x_device byte send 00 eoi 0
+3074.681738463: grid210x_device byte send 00 eoi 0
+3074.681792465: grid210x_device byte send 00 eoi 0
+3074.681846466: grid210x_device byte send 00 eoi 0
+3074.681897467: grid210x_device byte send 00 eoi 0
+3074.681952468: grid210x_device byte send 00 eoi 0
+3074.682151473: grid210x_device byte send 00 eoi 0
+3074.682223475: grid210x_device byte send 00 eoi 0
+3074.682281476: grid210x_device byte send 00 eoi 0
+3074.682336477: grid210x_device byte send 00 eoi 0
+3074.682388479: grid210x_device byte send 00 eoi 0
+3074.682441480: grid210x_device byte send 00 eoi 0
+3074.682494481: grid210x_device byte send 00 eoi 0
+3074.682546482: grid210x_device byte send 00 eoi 0
+3074.682599484: grid210x_device byte send 00 eoi 0
+3074.682651485: grid210x_device byte send 00 eoi 0
+3074.682706486: grid210x_device byte send 00 eoi 0
+3074.682759487: grid210x_device byte send 00 eoi 0
+3074.682813489: grid210x_device byte send 00 eoi 0
+3074.682867490: grid210x_device byte send 00 eoi 0
+3074.682920491: grid210x_device byte send 00 eoi 0
+3074.682972492: grid210x_device byte send 00 eoi 0
+3074.683025494: grid210x_device byte send 00 eoi 0
+3074.683204498: grid210x_device byte send 00 eoi 0
+3074.683271499: grid210x_device byte send 00 eoi 0
+3074.683330501: grid210x_device byte send 00 eoi 0
+3074.683386502: grid210x_device byte send 00 eoi 0
+3074.683441503: grid210x_device byte send 00 eoi 0
+3074.683494505: grid210x_device byte send 00 eoi 0
+3074.683604507: grid210x_device byte send 00 eoi 0
+3074.683703509: grid210x_device byte send 00 eoi 0
+3074.683765511: grid210x_device byte send 00 eoi 0
+3074.683823512: grid210x_device byte send 00 eoi 0
+3074.683877514: grid210x_device byte send 00 eoi 0
+3074.683930515: grid210x_device byte send 00 eoi 0
+3074.683982516: grid210x_device byte send 00 eoi 0
+3074.684036517: grid210x_device byte send 00 eoi 0
+3074.684088519: grid210x_device byte send 00 eoi 0
+3074.684297523: grid210x_device byte send 00 eoi 0
+3074.684371525: grid210x_device byte send 00 eoi 0
+3074.684430527: grid210x_device byte send 00 eoi 0
+3074.684486528: grid210x_device byte send 00 eoi 0
+3074.684541529: grid210x_device byte send 00 eoi 0
+3074.684595530: grid210x_device byte send 00 eoi 0
+3074.684648532: grid210x_device byte send 00 eoi 0
+3074.684702533: grid210x_device byte send 00 eoi 0
+3074.684754534: grid210x_device byte send 00 eoi 0
+3074.684809535: grid210x_device byte send 00 eoi 0
+3074.684860537: grid210x_device byte send 00 eoi 0
+3074.684914538: grid210x_device byte send 00 eoi 0
+3074.684966539: grid210x_device byte send 00 eoi 0
+3074.685018540: grid210x_device byte send 00 eoi 0
+3074.685072542: grid210x_device byte send 00 eoi 0
+3074.685127543: grid210x_device byte send 00 eoi 0
+3074.685331548: grid210x_device byte send 00 eoi 0
+3074.685402549: grid210x_device byte send 00 eoi 0
+3074.685458551: grid210x_device byte send 00 eoi 0
+3074.685512552: grid210x_device byte send 00 eoi 0
+3074.685566553: grid210x_device byte send 00 eoi 0
+3074.685618554: grid210x_device byte send 00 eoi 0
+3074.685674556: grid210x_device byte send 00 eoi 0
+3074.685728557: grid210x_device byte send 00 eoi 0
+3074.685784558: grid210x_device byte send 00 eoi 0
+3074.685838560: grid210x_device byte send 00 eoi 0
+3074.685890561: grid210x_device byte send 00 eoi 0
+3074.685943562: grid210x_device byte send 00 eoi 0
+3074.685998563: grid210x_device byte send 00 eoi 0
+3074.686050565: grid210x_device byte send 00 eoi 0
+3074.686539576: grid210x_device byte send 00 eoi 0
+3074.686616578: grid210x_device byte send 00 eoi 0
+3074.686671579: grid210x_device byte send 00 eoi 0
+3074.686724580: grid210x_device byte send 00 eoi 0
+3074.686777582: grid210x_device byte send 00 eoi 0
+3074.686833583: grid210x_device byte send 00 eoi 0
+3074.686885584: grid210x_device byte send 00 eoi 0
+3074.686938586: grid210x_device byte send 00 eoi 0
+3074.686989587: grid210x_device byte send 00 eoi 0
+3074.687045588: grid210x_device byte send 00 eoi 0
+3074.687097589: grid210x_device byte send 00 eoi 0
+3074.687150591: grid210x_device byte send 00 eoi 0
+3074.687205592: grid210x_device byte send 00 eoi 0
+3074.687257593: grid210x_device byte send 00 eoi 0
+3074.687312594: grid210x_device byte send 00 eoi 0
+3074.687513599: grid210x_device byte send 00 eoi 0
+3074.687587601: grid210x_device byte send 00 eoi 0
+3074.687646602: grid210x_device byte send 00 eoi 0
+3074.687702603: grid210x_device byte send 00 eoi 0
+3074.687758605: grid210x_device byte send 00 eoi 0
+3074.687813606: grid210x_device byte send 00 eoi 0
+3074.687867607: grid210x_device byte send 00 eoi 0
+3074.687921609: grid210x_device byte send 00 eoi 0
+3074.687974610: grid210x_device byte send 00 eoi 0
+3074.688028611: grid210x_device byte send 00 eoi 0
+3074.688083612: grid210x_device byte send 00 eoi 0
+3074.688134614: grid210x_device byte send 00 eoi 0
+3074.688188615: grid210x_device byte send 00 eoi 0
+3074.688241616: grid210x_device byte send 00 eoi 0
+3074.688296617: grid210x_device byte send 00 eoi 0
+3074.688348619: grid210x_device byte send 00 eoi 0
+3074.688403620: grid210x_device byte send 00 eoi 0
+3074.688590624: grid210x_device byte send 00 eoi 0
+3074.688660626: grid210x_device byte send 00 eoi 0
+3074.688716627: grid210x_device byte send 00 eoi 0
+3074.688770629: grid210x_device byte send 00 eoi 0
+3074.688827630: grid210x_device byte send 00 eoi 0
+3074.688881631: grid210x_device byte send 00 eoi 0
+3074.688935632: grid210x_device byte send 00 eoi 0
+3074.688988634: grid210x_device byte send 00 eoi 0
+3074.689042635: grid210x_device byte send 00 eoi 0
+3074.689095636: grid210x_device byte send 00 eoi 0
+3074.689148637: grid210x_device byte send 00 eoi 0
+3074.689202639: grid210x_device byte send 00 eoi 0
+3074.689254640: grid210x_device byte send 00 eoi 0
+3074.689308641: grid210x_device byte send 00 eoi 0
+3074.689360642: grid210x_device byte send 00 eoi 0
+3074.689414644: grid210x_device byte send 00 eoi 0
+3074.689468645: grid210x_device byte send 00 eoi 0
+3074.689682650: grid210x_device byte send 00 eoi 0
+3074.689755652: grid210x_device byte send 00 eoi 0
+3074.689811653: grid210x_device byte send 00 eoi 0
+3074.689867654: grid210x_device byte send 00 eoi 0
+3074.689921656: grid210x_device byte send 00 eoi 0
+3074.689975657: grid210x_device byte send 00 eoi 0
+3074.690101660: grid210x_device byte send 00 eoi 0
+3074.690171662: grid210x_device byte send 00 eoi 0
+3074.690227663: grid210x_device byte send 00 eoi 0
+3074.690282664: grid210x_device byte send 00 eoi 0
+3074.690335665: grid210x_device byte send 00 eoi 0
+3074.690389667: grid210x_device byte send 00 eoi 0
+3074.690441668: grid210x_device byte send 00 eoi 0
+3074.690494669: grid210x_device byte send 00 eoi 0
+3074.690548670: grid210x_device byte send 00 eoi 0
+3074.690738675: grid210x_device byte send 00 eoi 0
+3074.690809677: grid210x_device byte send 00 eoi 0
+3074.690866678: grid210x_device byte send 00 eoi 0
+3074.690921679: grid210x_device byte send 00 eoi 0
+3074.690974680: grid210x_device byte send 00 eoi 0
+3074.691027682: grid210x_device byte send 00 eoi 0
+3074.691081683: grid210x_device byte send 00 eoi 0
+3074.691133684: grid210x_device byte send 00 eoi 0
+3074.691187685: grid210x_device byte send 00 eoi 0
+3074.691238687: grid210x_device byte send 00 eoi 0
+3074.691294688: grid210x_device byte send 00 eoi 0
+3074.691346689: grid210x_device byte send 00 eoi 0
+3074.691399690: grid210x_device byte send 00 eoi 0
+3074.691456692: grid210x_device byte send 00 eoi 0
+3074.691509693: grid210x_device byte send 00 eoi 0
+3074.692114707: grid210x_device byte send 00 eoi 0
+3074.692183709: grid210x_device byte send 00 eoi 0
+3074.692239710: grid210x_device byte send 00 eoi 0
+3074.692294711: grid210x_device byte send 00 eoi 0
+3074.692348713: grid210x_device byte send 00 eoi 0
+3074.692404714: grid210x_device byte send 00 eoi 0
+3074.692458715: grid210x_device byte send 00 eoi 0
+3074.692511717: grid210x_device byte send 00 eoi 0
+3074.692565718: grid210x_device byte send 00 eoi 0
+3074.692619719: grid210x_device byte send 00 eoi 0
+3074.692673720: grid210x_device byte send 00 eoi 0
+3074.692724722: grid210x_device byte send 00 eoi 0
+3074.692974727: grid210x_device byte send 00 eoi 0
+3074.693037729: grid210x_device byte send 00 eoi 0
+3074.693091730: grid210x_device byte send 00 eoi 0
+3074.693143731: grid210x_device byte send 00 eoi 0
+3074.693198733: grid210x_device byte send 00 eoi 0
+3074.693250734: grid210x_device byte send 00 eoi 0
+3074.693306735: grid210x_device byte send 00 eoi 0
+3074.693359736: grid210x_device byte send 00 eoi 0
+3074.693416738: grid210x_device byte send 00 eoi 0
+3074.693467739: grid210x_device byte send 00 eoi 0
+3074.693519740: grid210x_device byte send 00 eoi 0
+3074.693574742: grid210x_device byte send 00 eoi 0
+3074.693627743: grid210x_device byte send 00 eoi 0
+3074.693680744: grid210x_device byte send 00 eoi 0
+3074.693734745: grid210x_device byte send 00 eoi 0
+3074.693787747: grid210x_device byte send 00 eoi 0
+3074.693978751: grid210x_device byte send 00 eoi 0
+3074.694054753: grid210x_device byte send 00 eoi 0
+3074.694112754: grid210x_device byte send 00 eoi 0
+3074.694168755: grid210x_device byte send 00 eoi 0
+3074.694223757: grid210x_device byte send 00 eoi 0
+3074.694276758: grid210x_device byte send 00 eoi 0
+3074.694331759: grid210x_device byte send 00 eoi 0
+3074.694384761: grid210x_device byte send 00 eoi 0
+3074.694436762: grid210x_device byte send 00 eoi 0
+3074.694490763: grid210x_device byte send 00 eoi 0
+3074.694544764: grid210x_device byte send 00 eoi 0
+3074.694598766: grid210x_device byte send 00 eoi 0
+3074.694651767: grid210x_device byte send 00 eoi 0
+3074.694704768: grid210x_device byte send 00 eoi 0
+3074.694758769: grid210x_device byte send 00 eoi 0
+3074.694810771: grid210x_device byte send 00 eoi 0
+3074.694862772: grid210x_device byte send 00 eoi 0
+3074.695071777: grid210x_device byte send 00 eoi 0
+3074.695144778: grid210x_device byte send 00 eoi 0
+3074.695202780: grid210x_device byte send 00 eoi 0
+3074.695255781: grid210x_device byte send 00 eoi 0
+3074.695307782: grid210x_device byte send 00 eoi 0
+3074.695361784: grid210x_device byte send 00 eoi 0
+3074.695417785: grid210x_device byte send 00 eoi 0
+3074.695469786: grid210x_device byte send 00 eoi 0
+3074.695522787: grid210x_device byte send 00 eoi 0
+3074.695575789: grid210x_device byte send 00 eoi 0
+3074.695627790: grid210x_device byte send 00 eoi 0
+3074.695680791: grid210x_device byte send 00 eoi 0
+3074.695733792: grid210x_device byte send 00 eoi 0
+3074.695786794: grid210x_device byte send 00 eoi 0
+3074.695839795: grid210x_device byte send 00 eoi 0
+3074.695894796: grid210x_device byte send 00 eoi 0
+3074.695948797: grid210x_device byte send 00 eoi 0
+3074.696131802: grid210x_device byte send 00 eoi 0
+3074.696201803: grid210x_device byte send 00 eoi 0
+3074.696257805: grid210x_device byte send 00 eoi 0
+3074.696313806: grid210x_device byte send 00 eoi 0
+3074.696369807: grid210x_device byte send 00 eoi 0
+3074.696424809: grid210x_device byte send 00 eoi 0
+3074.696476810: grid210x_device byte send 00 eoi 0
+3074.696532811: grid210x_device byte send 00 eoi 0
+3074.696584812: grid210x_device byte send 00 eoi 0
+3074.696635813: grid210x_device byte send 00 eoi 0
+3074.696690815: grid210x_device byte send 00 eoi 0
+3074.696743816: grid210x_device byte send 00 eoi 0
+3074.696797817: grid210x_device byte send 00 eoi 0
+3074.696850819: grid210x_device byte send 00 eoi 0
+3074.696903820: grid210x_device byte send 00 eoi 0
+3074.696957821: grid210x_device byte send 00 eoi 0
+3074.697009822: grid210x_device byte send 00 eoi 0
+3074.697470833: grid210x_device byte send 00 eoi 0
+3074.697638837: grid210x_device byte send 00 eoi 0
+3074.697693838: grid210x_device byte send 00 eoi 0
+3074.697748840: grid210x_device byte send 00 eoi 0
+3074.697801841: grid210x_device byte send 00 eoi 0
+3074.697852842: grid210x_device byte send 00 eoi 0
+3074.697907843: grid210x_device byte send 00 eoi 0
+3074.697958845: grid210x_device byte send 00 eoi 0
+3074.698010846: grid210x_device byte send 00 eoi 0
+3074.698066847: grid210x_device byte send 00 eoi 0
+3074.698317853: grid210x_device byte send 00 eoi 0
+3074.698376854: grid210x_device byte send 00 eoi 0
+3074.698432856: grid210x_device byte send 00 eoi 0
+3074.698485857: grid210x_device byte send 00 eoi 0
+3074.698541858: grid210x_device byte send 00 eoi 0
+3074.698595860: grid210x_device byte send 00 eoi 0
+3074.698648861: grid210x_device byte send 00 eoi 0
+3074.698702862: grid210x_device byte send 00 eoi 0
+3074.698755863: grid210x_device byte send 00 eoi 0
+3074.698811865: grid210x_device byte send 00 eoi 0
+3074.698864866: grid210x_device byte send 00 eoi 0
+3074.698918867: grid210x_device byte send 00 eoi 0
+3074.698970868: grid210x_device byte send 00 eoi 0
+3074.699023870: grid210x_device byte send 00 eoi 0
+3074.699077871: grid210x_device byte send 00 eoi 0
+3074.699130872: grid210x_device byte send 00 eoi 0
+3074.699319877: grid210x_device byte send 00 eoi 0
+3074.699388878: grid210x_device byte send 00 eoi 0
+3074.699446880: grid210x_device byte send 00 eoi 0
+3074.699498881: grid210x_device byte send 00 eoi 0
+3074.699607883: grid210x_device byte send 00 eoi 0
+3074.699706886: grid210x_device byte send 00 eoi 0
+3074.699767887: grid210x_device byte send 00 eoi 0
+3074.699824888: grid210x_device byte send 00 eoi 0
+3074.699877890: grid210x_device byte send 00 eoi 0
+3074.699931891: grid210x_device byte send 00 eoi 0
+3074.699985892: grid210x_device byte send 00 eoi 0
+3074.700220898: grid210x_device byte send 00 eoi 0
+3074.700449903: grid210x_device byte send 00 eoi 0
+3074.700508905: grid210x_device byte send 00 eoi 0
+3074.700563906: grid210x_device byte send 00 eoi 0
+3074.700616907: grid210x_device byte send 00 eoi 0
+3074.700670908: grid210x_device byte send 00 eoi 0
+3074.700723910: grid210x_device byte send 00 eoi 0
+3074.700775911: grid210x_device byte send 00 eoi 0
+3074.700832912: grid210x_device byte send 00 eoi 0
+3074.700884913: grid210x_device byte send 00 eoi 0
+3074.700938915: grid210x_device byte send 00 eoi 0
+3074.700990916: grid210x_device byte send 00 eoi 0
+3074.701056917: grid210x_device byte send 00 eoi 0
+3074.701113919: grid210x_device byte send 00 eoi 0
+3074.701167920: grid210x_device byte send 00 eoi 0
+3074.701220921: grid210x_device byte send 00 eoi 0
+3074.701273923: grid210x_device byte send 00 eoi 0
+3074.701471927: grid210x_device byte send 00 eoi 0
+3074.701588930: grid210x_device byte send 00 eoi 0
+3074.701651931: grid210x_device byte send 00 eoi 0
+3074.701747934: grid210x_device byte send 00 eoi 0
+3074.701807935: grid210x_device byte send 00 eoi 0
+3074.701862936: grid210x_device byte send 00 eoi 0
+3074.701918938: grid210x_device byte send 00 eoi 0
+3074.701971939: grid210x_device byte send 00 eoi 0
+3074.702023940: grid210x_device byte send 00 eoi 0
+3074.702077941: grid210x_device byte send 00 eoi 0
+3074.702131943: grid210x_device byte send 00 eoi 0
+3074.702184944: grid210x_device byte send 00 eoi 0
+3074.702236945: grid210x_device byte send 00 eoi 0
+3074.702292946: grid210x_device byte send 00 eoi 0
+3074.702345948: grid210x_device byte send 00 eoi 0
+3074.702552953: grid210x_device byte send 00 eoi 0
+3074.702611954: grid210x_device byte send 00 eoi 0
+3074.702666955: grid210x_device byte send 00 eoi 0
+3074.702721957: grid210x_device byte send 00 eoi 0
+3074.702775958: grid210x_device byte send 00 eoi 0
+3074.702830959: grid210x_device byte send 00 eoi 0
+3074.702884960: grid210x_device byte send 00 eoi 0
+3074.702935962: grid210x_device byte send 00 eoi 0
+3074.702988963: grid210x_device byte send 00 eoi 0
+3074.703042964: grid210x_device byte send 00 eoi 0
+3074.703401973: grid210x_device byte send 00 eoi 0
+3074.703660979: grid210x_device byte send 00 eoi 0
+3074.703719980: grid210x_device byte send 00 eoi 0
+3074.703773981: grid210x_device byte send 00 eoi 0
+3074.703828983: grid210x_device byte send 00 eoi 0
+3074.703881984: grid210x_device byte send 00 eoi 0
+3074.703934985: grid210x_device byte send 00 eoi 0
+3074.703987986: grid210x_device byte send 00 eoi 0
+3074.704041988: grid210x_device byte send 00 eoi 0
+3074.704094989: grid210x_device byte send 00 eoi 0
+3074.704146990: grid210x_device byte send 00 eoi 0
+3074.704200991: grid210x_device byte send 00 eoi 0
+3074.704252993: grid210x_device byte send 00 eoi 0
+3074.704306994: grid210x_device byte send 00 eoi 0
+3074.704359995: grid210x_device byte send 00 eoi 0
+3074.704413996: grid210x_device byte send 00 eoi 0
+3074.704466998: grid210x_device byte send 00 eoi 0
+3074.704657002: grid210x_device byte send 00 eoi 0
+3074.704729004: grid210x_device byte send 00 eoi 0
+3074.704785005: grid210x_device byte send 00 eoi 0
+3074.704840006: grid210x_device byte send 00 eoi 0
+3074.704893008: grid210x_device byte send 00 eoi 0
+3074.704947009: grid210x_device byte send 00 eoi 0
+3074.704998010: grid210x_device byte send 00 eoi 0
+3074.705050011: grid210x_device byte send 00 eoi 0
+3074.705103013: grid210x_device byte send 00 eoi 0
+3074.705155014: grid210x_device byte send 00 eoi 0
+3074.705209015: grid210x_device byte send 00 eoi 0
+3074.705262016: grid210x_device byte send 00 eoi 0
+3074.705315018: grid210x_device byte send 00 eoi 0
+3074.705367019: grid210x_device byte send 00 eoi 0
+3074.705420020: grid210x_device byte send 00 eoi 0
+3074.705472021: grid210x_device byte send 00 eoi 0
+3074.705524022: grid210x_device byte send 00 eoi 0
+3074.705718027: grid210x_device byte send 00 eoi 0
+3074.705795029: grid210x_device byte send 00 eoi 0
+3074.705855030: grid210x_device byte send 00 eoi 0
+3074.705910031: grid210x_device byte send 00 eoi 0
+3074.705963033: grid210x_device byte send 00 eoi 0
+3074.706015034: grid210x_device byte send 00 eoi 0
+3074.706067035: grid210x_device byte send 00 eoi 0
+3074.706120036: grid210x_device byte send 00 eoi 0
+3074.706174038: grid210x_device byte send 00 eoi 0
+3074.706227039: grid210x_device byte send 00 eoi 0
+3074.706279040: grid210x_device byte send 00 eoi 0
+3074.706333041: grid210x_device byte send 00 eoi 0
+3074.706386043: grid210x_device byte send 00 eoi 0
+3074.706439044: grid210x_device byte send 00 eoi 0
+3074.706490045: grid210x_device byte send 00 eoi 0
+3074.706543046: grid210x_device byte send 00 eoi 0
+3074.706595048: grid210x_device byte send 00 eoi 0
+3074.706784052: grid210x_device byte send 00 eoi 0
+3074.706857054: grid210x_device byte send 00 eoi 0
+3074.706916055: grid210x_device byte send 00 eoi 0
+3074.706971056: grid210x_device byte send 00 eoi 0
+3074.707024058: grid210x_device byte send 00 eoi 0
+3074.707080059: grid210x_device byte send 00 eoi 0
+3074.707133060: grid210x_device byte send 00 eoi 0
+3074.707188062: grid210x_device byte send 00 eoi 0
+3074.707241063: grid210x_device byte send 00 eoi 0
+3074.707295064: grid210x_device byte send 00 eoi 0
+3074.707349065: grid210x_device byte send 00 eoi 0
+3074.707400067: grid210x_device byte send 00 eoi 0
+3074.707456068: grid210x_device byte send 00 eoi 0
+3074.707509069: grid210x_device byte send 00 eoi 0
+3074.707620072: grid210x_device byte send 00 eoi 0
+3074.707857077: grid210x_device byte send 00 eoi 0
+3074.707930079: grid210x_device byte send 00 eoi 0
+3074.707988080: grid210x_device byte send 00 eoi 0
+3074.708041082: grid210x_device byte send 00 eoi 0
+3074.708093083: grid210x_device byte send 00 eoi 0
+3074.708144084: grid210x_device byte send 00 eoi 0
+3074.708198085: grid210x_device byte send 00 eoi 0
+3074.708250087: grid210x_device byte send 00 eoi 0
+3074.708304088: grid210x_device byte send 00 eoi 0
+3074.708356089: grid210x_device byte send 00 eoi 0
+3074.708408090: grid210x_device byte send 00 eoi 0
+3074.708460091: grid210x_device byte send 00 eoi 0
+3074.708512093: grid210x_device byte send 00 eoi 0
+3074.709014104: grid210x_device byte send 00 eoi 0
+3074.709081106: grid210x_device byte send 00 eoi 0
+3074.709137107: grid210x_device byte send 00 eoi 0
+3074.709192109: grid210x_device byte send 00 eoi 0
+3074.709245110: grid210x_device byte send 00 eoi 0
+3074.709299111: grid210x_device byte send 00 eoi 0
+3074.709351112: grid210x_device byte send 00 eoi 0
+3074.709403114: grid210x_device byte send 00 eoi 0
+3074.709456115: grid210x_device byte send 00 eoi 0
+3074.709509116: grid210x_device byte send 00 eoi 0
+3074.709564117: grid210x_device byte send 00 eoi 0
+3074.709617119: grid210x_device byte send 00 eoi 0
+3074.709671120: grid210x_device byte send 00 eoi 0
+3074.709724121: grid210x_device byte send 00 eoi 0
+3074.709776122: grid210x_device byte send 00 eoi 0
+3074.709832124: grid210x_device byte send 00 eoi 0
+3074.710091130: grid210x_device byte send 00 eoi 0
+3074.710168132: grid210x_device byte send 00 eoi 0
+3074.710225133: grid210x_device byte send 00 eoi 0
+3074.710278134: grid210x_device byte send 00 eoi 0
+3074.710335136: grid210x_device byte send 00 eoi 0
+3074.710389137: grid210x_device byte send 00 eoi 0
+3074.710443138: grid210x_device byte send 00 eoi 0
+3074.710495139: grid210x_device byte send 00 eoi 0
+3074.710549141: grid210x_device byte send 00 eoi 0
+3074.710602142: grid210x_device byte send 00 eoi 0
+3074.710654143: grid210x_device byte send 00 eoi 0
+3074.710707144: grid210x_device byte send 00 eoi 0
+3074.710759145: grid210x_device byte send 00 eoi 0
+3074.710811147: grid210x_device byte send 00 eoi 0
+3074.710863148: grid210x_device byte send 00 eoi 0
+3074.711064153: grid210x_device byte send 00 eoi 0
+3074.711141154: grid210x_device byte send 00 eoi 0
+3074.711199156: grid210x_device byte send 00 eoi 0
+3074.711253157: grid210x_device byte send 00 eoi 0
+3074.711307158: grid210x_device byte send 00 eoi 0
+3074.711359160: grid210x_device byte send 00 eoi 0
+3074.711413161: grid210x_device byte send 00 eoi 0
+3074.711466162: grid210x_device byte send 00 eoi 0
+3074.711519163: grid210x_device byte send 00 eoi 0
+3074.711573165: grid210x_device byte send 00 eoi 0
+3074.711627166: grid210x_device byte send 00 eoi 0
+3074.711682167: grid210x_device byte send 00 eoi 0
+3074.711734168: grid210x_device byte send 00 eoi 0
+3074.711789170: grid210x_device byte send 00 eoi 0
+3074.711842171: grid210x_device byte send 00 eoi 0
+3074.711893172: grid210x_device byte send 00 eoi 0
+3074.711945173: grid210x_device byte send 00 eoi 0
+3074.712138178: grid210x_device byte send 00 eoi 0
+3074.712210180: grid210x_device byte send 00 eoi 0
+3074.712266181: grid210x_device byte send 00 eoi 0
+3074.712320182: grid210x_device byte send 00 eoi 0
+3074.712375183: grid210x_device byte send 00 eoi 0
+3074.712428185: grid210x_device byte send 00 eoi 0
+3074.712482186: grid210x_device byte send 00 eoi 0
+3074.712536187: grid210x_device byte send 00 eoi 0
+3074.712588188: grid210x_device byte send 00 eoi 0
+3074.712641190: grid210x_device byte send 00 eoi 0
+3074.712695191: grid210x_device byte send 00 eoi 0
+3074.712750192: grid210x_device byte send 00 eoi 0
+3074.712802194: grid210x_device byte send 00 eoi 0
+3074.712855195: grid210x_device byte send 00 eoi 0
+3074.712908196: grid210x_device byte send 00 eoi 0
+3074.712959197: grid210x_device byte send 00 eoi 0
+3074.713011198: grid210x_device byte send 00 eoi 0
+3074.713198203: grid210x_device byte send 00 eoi 0
+3074.713268204: grid210x_device byte send 00 eoi 0
+3074.713327206: grid210x_device byte send 00 eoi 0
+3074.713381207: grid210x_device byte send 00 eoi 0
+3074.713435208: grid210x_device byte send 00 eoi 0
+3074.713487210: grid210x_device byte send 00 eoi 0
+3074.713542211: grid210x_device byte send 00 eoi 0
+3074.713595212: grid210x_device byte send 00 eoi 0
+3074.713783217: grid210x_device byte send 00 eoi 0
+3074.713835218: grid210x_device byte send 00 eoi 0
+3074.713888219: grid210x_device byte send 00 eoi 0
+3074.713942220: grid210x_device byte send 00 eoi 0
+3074.713994222: grid210x_device byte send 00 eoi 0
+3074.714533234: grid210x_device byte send 00 eoi 0
+3074.714599236: grid210x_device byte send 00 eoi 0
+3074.714654237: grid210x_device byte send 00 eoi 0
+3074.714708238: grid210x_device byte send 00 eoi 0
+3074.714762240: grid210x_device byte send 00 eoi 0
+3074.714818241: grid210x_device byte send 00 eoi 0
+3074.714871242: grid210x_device byte send 00 eoi 0
+3074.714923243: grid210x_device byte send 00 eoi 0
+3074.714976245: grid210x_device byte send 00 eoi 0
+3074.715029246: grid210x_device byte send 00 eoi 0
+3074.715083247: grid210x_device byte send 00 eoi 0
+3074.715136248: grid210x_device byte send 00 eoi 0
+3074.715359254: grid210x_device byte send 00 eoi 0
+3074.715431255: grid210x_device byte send 00 eoi 0
+3074.715487257: grid210x_device byte send 00 eoi 0
+3074.715596259: grid210x_device byte send 00 eoi 0
+3074.715693261: grid210x_device byte send 00 eoi 0
+3074.715761263: grid210x_device byte send 00 eoi 0
+3074.715820264: grid210x_device byte send 00 eoi 0
+3074.715874266: grid210x_device byte send 00 eoi 0
+3074.715927267: grid210x_device byte send 00 eoi 0
+3074.715979268: grid210x_device byte send 00 eoi 0
+3074.716033269: grid210x_device byte send 00 eoi 0
+3074.716086271: grid210x_device byte send 00 eoi 0
+3074.716138272: grid210x_device byte send 00 eoi 0
+3074.716191273: grid210x_device byte send 00 eoi 0
+3074.716244274: grid210x_device byte send 00 eoi 0
+3074.716467280: grid210x_device byte send 00 eoi 0
+3074.716536281: grid210x_device byte send 00 eoi 1
+3074.717083294: grid210x_device byte recv 5f atn 1 eoi 0
+3074.717113295: grid210x_device now not talking
+3074.846575338: grid210x_device byte recv 25 atn 1 eoi 0
+3074.846636340: grid210x_device now listening
+3074.847873369: grid210x_device byte recv 04 atn 0 eoi 0
+3074.847968371: grid210x_device byte recv 00 atn 0 eoi 0
+3074.848042373: grid210x_device byte recv 00 atn 0 eoi 0
+3074.848112374: grid210x_device byte recv ff atn 0 eoi 0
+3074.848181376: grid210x_device byte recv fd atn 0 eoi 0
+3074.848248378: grid210x_device byte recv 00 atn 0 eoi 0
+3074.848317379: grid210x_device byte recv 00 atn 0 eoi 0
+3074.848387381: grid210x_device byte recv 00 atn 0 eoi 0
+3074.848457382: grid210x_device byte recv 02 atn 0 eoi 0
+3074.849780414: grid210x_device byte recv 00 atn 0 eoi 1
+3074.849873416: grid210x_device byte recv 3f atn 1 eoi 0
+3074.849902416: grid210x_device now not listening
+3074.849917417: grid210x_device command 4, data size 512, sector no 65023
+3074.850933441: grid210x_device byte recv 18 atn 1 eoi 0
+3074.851039443: grid210x_device byte recv 45 atn 1 eoi 0
+3074.851067444: grid210x_device now talking
+3074.851097445: grid210x_device byte send 4f eoi 0
+3074.851228448: grid210x_device byte recv 19 atn 1 eoi 0
+3074.851311450: grid210x_device byte recv 5f atn 1 eoi 0
+3074.851336450: grid210x_device now not talking
+3074.852948488: grid210x_device byte recv 45 atn 1 eoi 0
+3074.853000489: grid210x_device now talking
+3074.854225518: grid210x_device byte send 28 eoi 0
+3074.854718530: grid210x_device byte send 5c eoi 0
+3074.854774531: grid210x_device byte send 31 eoi 0
+3074.854831532: grid210x_device byte send 01 eoi 0
+3074.855018537: grid210x_device byte send 00 eoi 0
+3074.855094538: grid210x_device byte send 00 eoi 0
+3074.855150540: grid210x_device byte send 00 eoi 0
+3074.855205541: grid210x_device byte send 00 eoi 0
+3074.855259542: grid210x_device byte send 00 eoi 0
+3074.855313544: grid210x_device byte send 00 eoi 0
+3074.855365545: grid210x_device byte send 00 eoi 0
+3074.855419546: grid210x_device byte send 00 eoi 0
+3074.855473547: grid210x_device byte send 00 eoi 0
+3074.855524549: grid210x_device byte send 00 eoi 0
+3074.855579550: grid210x_device byte send 00 eoi 0
+3074.855631551: grid210x_device byte send 00 eoi 0
+3074.855685552: grid210x_device byte send 00 eoi 0
+3074.855739554: grid210x_device byte send 00 eoi 0
+3074.855794555: grid210x_device byte send 00 eoi 0
+3074.855847556: grid210x_device byte send 00 eoi 0
+3074.855899557: grid210x_device byte send 00 eoi 0
+3074.856077562: grid210x_device byte send 00 eoi 0
+3074.856453570: grid210x_device byte send 00 eoi 0
+3074.856520572: grid210x_device byte send 00 eoi 0
+3074.856577573: grid210x_device byte send 00 eoi 0
+3074.856630575: grid210x_device byte send 00 eoi 0
+3074.856682576: grid210x_device byte send 00 eoi 0
+3074.856734577: grid210x_device byte send 00 eoi 0
+3074.856788578: grid210x_device byte send 00 eoi 0
+3074.856840580: grid210x_device byte send 00 eoi 0
+3074.856893581: grid210x_device byte send 00 eoi 0
+3074.856946582: grid210x_device byte send 00 eoi 0
+3074.857184588: grid210x_device byte send 00 eoi 0
+3074.857258589: grid210x_device byte send 00 eoi 0
+3074.857317591: grid210x_device byte send 00 eoi 0
+3074.857373592: grid210x_device byte send 00 eoi 0
+3074.857428593: grid210x_device byte send 00 eoi 0
+3074.857481595: grid210x_device byte send 00 eoi 0
+3074.857535596: grid210x_device byte send 00 eoi 0
+3074.857587597: grid210x_device byte send 00 eoi 0
+3074.857638598: grid210x_device byte send 00 eoi 0
+3074.857691600: grid210x_device byte send 00 eoi 0
+3074.857743601: grid210x_device byte send 00 eoi 0
+3074.857797602: grid210x_device byte send 00 eoi 0
+3074.857848603: grid210x_device byte send 00 eoi 0
+3074.857900604: grid210x_device byte send 00 eoi 0
+3074.857954606: grid210x_device byte send 00 eoi 0
+3074.858007607: grid210x_device byte send 00 eoi 0
+3074.858060608: grid210x_device byte send 00 eoi 0
+3074.858274613: grid210x_device byte send 00 eoi 0
+3074.858349615: grid210x_device byte send 00 eoi 0
+3074.858405616: grid210x_device byte send 00 eoi 0
+3074.858460618: grid210x_device byte send 00 eoi 0
+3074.858514619: grid210x_device byte send 00 eoi 0
+3074.858567620: grid210x_device byte send 00 eoi 0
+3074.858620621: grid210x_device byte send 00 eoi 0
+3074.858673623: grid210x_device byte send 00 eoi 0
+3074.858726624: grid210x_device byte send 00 eoi 0
+3074.858777625: grid210x_device byte send 00 eoi 0
+3074.858833626: grid210x_device byte send 00 eoi 0
+3074.858884628: grid210x_device byte send 00 eoi 0
+3074.858938629: grid210x_device byte send 00 eoi 0
+3074.858991630: grid210x_device byte send 00 eoi 0
+3074.859046631: grid210x_device byte send 00 eoi 0
+3074.859098633: grid210x_device byte send 00 eoi 0
+3074.859150634: grid210x_device byte send 00 eoi 0
+3074.859340638: grid210x_device byte send 00 eoi 0
+3074.859412640: grid210x_device byte send 00 eoi 0
+3074.859469641: grid210x_device byte send 00 eoi 0
+3074.859525643: grid210x_device byte send 00 eoi 0
+3074.859640645: grid210x_device byte send 00 eoi 0
+3074.859735648: grid210x_device byte send 00 eoi 0
+3074.859799649: grid210x_device byte send 00 eoi 0
+3074.859855650: grid210x_device byte send 00 eoi 0
+3074.859911652: grid210x_device byte send 00 eoi 0
+3074.859963653: grid210x_device byte send 00 eoi 0
+3074.860118657: grid210x_device byte send 00 eoi 0
+3074.860187658: grid210x_device byte send 00 eoi 0
+3074.860392663: grid210x_device byte send 00 eoi 0
+3074.860465665: grid210x_device byte send 00 eoi 0
+3074.860522666: grid210x_device byte send 00 eoi 0
+3074.860577667: grid210x_device byte send 00 eoi 0
+3074.860630669: grid210x_device byte send 00 eoi 0
+3074.860684670: grid210x_device byte send 00 eoi 0
+3074.860736671: grid210x_device byte send 00 eoi 0
+3074.860788672: grid210x_device byte send 00 eoi 0
+3074.860841674: grid210x_device byte send 00 eoi 0
+3074.860893675: grid210x_device byte send 00 eoi 0
+3074.860946676: grid210x_device byte send 00 eoi 0
+3074.860999677: grid210x_device byte send 00 eoi 0
+3074.861054679: grid210x_device byte send 00 eoi 0
+3074.861106680: grid210x_device byte send 00 eoi 0
+3074.861159681: grid210x_device byte send 00 eoi 0
+3074.861211682: grid210x_device byte send 00 eoi 0
+3074.861264684: grid210x_device byte send 00 eoi 0
+3074.861454688: grid210x_device byte send 00 eoi 0
+3074.861521690: grid210x_device byte send 00 eoi 0
+3074.861578691: grid210x_device byte send 00 eoi 0
+3074.861632692: grid210x_device byte send 00 eoi 0
+3074.861686693: grid210x_device byte send 00 eoi 0
+3074.861869698: grid210x_device byte send 00 eoi 0
+3074.862232706: grid210x_device byte send 00 eoi 0
+3074.862296708: grid210x_device byte send 00 eoi 0
+3074.862546714: grid210x_device byte send 00 eoi 0
+3074.862624716: grid210x_device byte send 00 eoi 0
+3074.862684717: grid210x_device byte send 00 eoi 0
+3074.862738718: grid210x_device byte send 00 eoi 0
+3074.862794720: grid210x_device byte send 00 eoi 0
+3074.862849721: grid210x_device byte send 00 eoi 0
+3074.862902722: grid210x_device byte send 00 eoi 0
+3074.862957723: grid210x_device byte send 00 eoi 0
+3074.863010725: grid210x_device byte send 00 eoi 0
+3074.863065726: grid210x_device byte send 00 eoi 0
+3074.863118727: grid210x_device byte send 00 eoi 0
+3074.863172728: grid210x_device byte send 00 eoi 0
+3074.863224730: grid210x_device byte send 00 eoi 0
+3074.863276731: grid210x_device byte send 00 eoi 0
+3074.863330732: grid210x_device byte send 00 eoi 0
+3074.863383733: grid210x_device byte send 00 eoi 0
+3074.863437735: grid210x_device byte send 00 eoi 0
+3074.863644739: grid210x_device byte send 00 eoi 0
+3074.863717741: grid210x_device byte send 00 eoi 0
+3074.863773743: grid210x_device byte send 00 eoi 0
+3074.863827744: grid210x_device byte send 00 eoi 0
+3074.863880745: grid210x_device byte send 00 eoi 0
+3074.863934746: grid210x_device byte send 00 eoi 0
+3074.863986748: grid210x_device byte send 00 eoi 0
+3074.864040749: grid210x_device byte send 00 eoi 0
+3074.864093750: grid210x_device byte send 00 eoi 0
+3074.864146751: grid210x_device byte send 00 eoi 0
+3074.864198753: grid210x_device byte send 00 eoi 0
+3074.864251754: grid210x_device byte send 00 eoi 0
+3074.864302755: grid210x_device byte send 00 eoi 0
+3074.864354756: grid210x_device byte send 00 eoi 0
+3074.864407757: grid210x_device byte send 00 eoi 0
+3074.864460759: grid210x_device byte send 00 eoi 0
+3074.864511760: grid210x_device byte send 00 eoi 0
+3074.864712765: grid210x_device byte send 00 eoi 0
+3074.864776766: grid210x_device byte send 00 eoi 0
+3074.864835767: grid210x_device byte send 00 eoi 0
+3074.864888769: grid210x_device byte send 00 eoi 0
+3074.864941770: grid210x_device byte send 00 eoi 0
+3074.864993771: grid210x_device byte send 00 eoi 0
+3074.865048772: grid210x_device byte send 00 eoi 0
+3074.865100774: grid210x_device byte send 00 eoi 0
+3074.865153775: grid210x_device byte send 00 eoi 0
+3074.865206776: grid210x_device byte send 00 eoi 0
+3074.865257777: grid210x_device byte send 00 eoi 0
+3074.865311779: grid210x_device byte send 00 eoi 0
+3074.865364780: grid210x_device byte send 00 eoi 0
+3074.865418781: grid210x_device byte send 00 eoi 0
+3074.865470782: grid210x_device byte send 00 eoi 0
+3074.865523784: grid210x_device byte send 00 eoi 0
+3074.865577785: grid210x_device byte send 00 eoi 0
+3074.865770789: grid210x_device byte send 00 eoi 0
+3074.865832791: grid210x_device byte send 00 eoi 0
+3074.865887792: grid210x_device byte send 00 eoi 0
+3074.865942794: grid210x_device byte send 00 eoi 0
+3074.865996795: grid210x_device byte send 00 eoi 0
+3074.866050796: grid210x_device byte send 00 eoi 0
+3074.866104797: grid210x_device byte send 00 eoi 0
+3074.866156799: grid210x_device byte send 00 eoi 0
+3074.866211800: grid210x_device byte send 00 eoi 0
+3074.866266801: grid210x_device byte send 00 eoi 0
+3074.866320802: grid210x_device byte send 00 eoi 0
+3074.866372804: grid210x_device byte send 00 eoi 0
+3074.866428805: grid210x_device byte send 00 eoi 0
+3074.866480806: grid210x_device byte send 00 eoi 0
+3074.866535807: grid210x_device byte send 00 eoi 0
+3074.866586809: grid210x_device byte send 00 eoi 0
+3074.866770813: grid210x_device byte send 00 eoi 0
+3074.866847815: grid210x_device byte send 00 eoi 0
+3074.866904816: grid210x_device byte send 00 eoi 0
+3074.866961817: grid210x_device byte send 00 eoi 0
+3074.867013819: grid210x_device byte send 00 eoi 0
+3074.867068820: grid210x_device byte send 00 eoi 0
+3074.867121821: grid210x_device byte send 00 eoi 0
+3074.867174822: grid210x_device byte send 00 eoi 0
+3074.867226824: grid210x_device byte send 00 eoi 0
+3074.867278825: grid210x_device byte send 00 eoi 0
+3074.867881839: grid210x_device byte send 00 eoi 0
+3074.867977841: grid210x_device byte send 00 eoi 0
+3074.868037843: grid210x_device byte send 00 eoi 0
+3074.868090844: grid210x_device byte send 00 eoi 0
+3074.868143845: grid210x_device byte send 00 eoi 0
+3074.868196846: grid210x_device byte send 00 eoi 0
+3074.868249848: grid210x_device byte send 00 eoi 0
+3074.868303849: grid210x_device byte send 00 eoi 0
+3074.868356850: grid210x_device byte send 00 eoi 0
+3074.868410852: grid210x_device byte send 00 eoi 0
+3074.868462853: grid210x_device byte send 00 eoi 0
+3074.868513854: grid210x_device byte send 00 eoi 0
+3074.868566855: grid210x_device byte send 00 eoi 0
+3074.868617856: grid210x_device byte send 00 eoi 0
+3074.868670858: grid210x_device byte send 00 eoi 0
+3074.868720859: grid210x_device byte send 00 eoi 0
+3074.868773860: grid210x_device byte send 00 eoi 0
+3074.868974865: grid210x_device byte send 00 eoi 0
+3074.869043866: grid210x_device byte send 00 eoi 0
+3074.869100868: grid210x_device byte send 00 eoi 0
+3074.869152869: grid210x_device byte send 00 eoi 0
+3074.869207870: grid210x_device byte send 00 eoi 0
+3074.869259871: grid210x_device byte send 00 eoi 0
+3074.869313873: grid210x_device byte send 00 eoi 0
+3074.869365874: grid210x_device byte send 00 eoi 0
+3074.869418875: grid210x_device byte send 00 eoi 0
+3074.869471876: grid210x_device byte send 00 eoi 0
+3074.869522878: grid210x_device byte send 00 eoi 0
+3074.869575879: grid210x_device byte send 00 eoi 0
+3074.869627880: grid210x_device byte send 00 eoi 0
+3074.869680881: grid210x_device byte send 00 eoi 0
+3074.869733883: grid210x_device byte send 00 eoi 0
+3074.869787884: grid210x_device byte send 00 eoi 0
+3074.869839885: grid210x_device byte send 00 eoi 0
+3074.870085891: grid210x_device byte send 00 eoi 0
+3074.870157893: grid210x_device byte send 53 eoi 0
+3074.870214894: grid210x_device byte send 79 eoi 0
+3074.870267895: grid210x_device byte send 73 eoi 0
+3074.870319896: grid210x_device byte send 74 eoi 0
+3074.870371898: grid210x_device byte send 65 eoi 0
+3074.870423899: grid210x_device byte send 6d eoi 0
+3074.870473900: grid210x_device byte send 20 eoi 0
+3074.870523901: grid210x_device byte send 44 eoi 0
+3074.870577902: grid210x_device byte send 69 eoi 0
+3074.870629904: grid210x_device byte send 73 eoi 0
+3074.870681905: grid210x_device byte send 6b eoi 0
+3074.870732906: grid210x_device byte send 21 eoi 0
+3074.870782907: grid210x_device byte send 21 eoi 0
+3074.870834909: grid210x_device byte send 00 eoi 0
+3074.870887910: grid210x_device byte send 00 eoi 0
+3074.871077914: grid210x_device byte send 00 eoi 0
+3074.871148916: grid210x_device byte send 00 eoi 0
+3074.871206917: grid210x_device byte send 00 eoi 0
+3074.871259919: grid210x_device byte send 00 eoi 0
+3074.871313920: grid210x_device byte send 00 eoi 0
+3074.871365921: grid210x_device byte send 00 eoi 0
+3074.871421922: grid210x_device byte send 00 eoi 0
+3074.871473924: grid210x_device byte send 00 eoi 0
+3074.871525925: grid210x_device byte send 00 eoi 0
+3074.871580926: grid210x_device byte send 00 eoi 0
+3074.871632927: grid210x_device byte send 00 eoi 0
+3074.871685929: grid210x_device byte send 00 eoi 0
+3074.871736930: grid210x_device byte send 00 eoi 0
+3074.871790931: grid210x_device byte send 00 eoi 0
+3074.871843932: grid210x_device byte send 00 eoi 0
+3074.871896933: grid210x_device byte send 00 eoi 0
+3074.871951935: grid210x_device byte send 00 eoi 0
+3074.872130939: grid210x_device byte send 00 eoi 0
+3074.872199941: grid210x_device byte send 00 eoi 0
+3074.872254942: grid210x_device byte send 00 eoi 0
+3074.872312943: grid210x_device byte send 00 eoi 0
+3074.872364944: grid210x_device byte send 00 eoi 0
+3074.872418946: grid210x_device byte send 00 eoi 0
+3074.872470947: grid210x_device byte send 00 eoi 0
+3074.872523948: grid210x_device byte send 00 eoi 0
+3074.872576949: grid210x_device byte send 00 eoi 0
+3074.872630951: grid210x_device byte send 00 eoi 0
+3074.872684952: grid210x_device byte send 00 eoi 0
+3074.873249965: grid210x_device byte send 00 eoi 0
+3074.873333967: grid210x_device byte send 00 eoi 0
+3074.873389969: grid210x_device byte send 00 eoi 0
+3074.873443970: grid210x_device byte send 00 eoi 0
+3074.873497971: grid210x_device byte send 00 eoi 0
+3074.873550972: grid210x_device byte send 00 eoi 0
+3074.873601974: grid210x_device byte send 00 eoi 0
+3074.873653975: grid210x_device byte send 00 eoi 0
+3074.873707976: grid210x_device byte send 00 eoi 0
+3074.873761977: grid210x_device byte send 00 eoi 0
+3074.873815979: grid210x_device byte send 00 eoi 0
+3074.873866980: grid210x_device byte send 00 eoi 0
+3074.873920981: grid210x_device byte send 00 eoi 0
+3074.873972982: grid210x_device byte send 00 eoi 0
+3074.874024984: grid210x_device byte send 00 eoi 0
+3074.874079985: grid210x_device byte send 00 eoi 0
+3074.874131986: grid210x_device byte send 00 eoi 0
+3074.874327991: grid210x_device byte send 00 eoi 0
+3074.874395992: grid210x_device byte send 00 eoi 0
+3074.874451994: grid210x_device byte send 00 eoi 0
+3074.874505995: grid210x_device byte send 00 eoi 0
+3074.874560996: grid210x_device byte send 00 eoi 0
+3074.874613997: grid210x_device byte send 00 eoi 0
+3074.874667999: grid210x_device byte send 00 eoi 0
+3074.874722000: grid210x_device byte send 00 eoi 0
+3074.874774001: grid210x_device byte send 00 eoi 0
+3074.874830002: grid210x_device byte send 00 eoi 0
+3074.874883004: grid210x_device byte send 00 eoi 0
+3074.874938005: grid210x_device byte send 00 eoi 0
+3074.874991006: grid210x_device byte send 00 eoi 0
+3074.875045007: grid210x_device byte send 00 eoi 0
+3074.875099009: grid210x_device byte send 00 eoi 0
+3074.875151010: grid210x_device byte send 00 eoi 0
+3074.875205011: grid210x_device byte send 00 eoi 0
+3074.875398016: grid210x_device byte send 00 eoi 0
+3074.875460017: grid210x_device byte send 00 eoi 0
+3074.875515019: grid210x_device byte send 00 eoi 0
+3074.875625021: grid210x_device byte send 00 eoi 0
+3074.875736024: grid210x_device byte send 00 eoi 0
+3074.875799025: grid210x_device byte send 00 eoi 0
+3074.875855027: grid210x_device byte send 00 eoi 0
+3074.875908028: grid210x_device byte send 00 eoi 0
+3074.875964029: grid210x_device byte send 00 eoi 0
+3074.876015030: grid210x_device byte send 00 eoi 0
+3074.876070032: grid210x_device byte send 00 eoi 0
+3074.876123033: grid210x_device byte send 00 eoi 0
+3074.876176034: grid210x_device byte send 00 eoi 0
+3074.876230035: grid210x_device byte send 00 eoi 0
+3074.876430040: grid210x_device byte send 00 eoi 0
+3074.876500042: grid210x_device byte send 00 eoi 0
+3074.876557043: grid210x_device byte send 00 eoi 0
+3074.876611044: grid210x_device byte send 00 eoi 0
+3074.876665046: grid210x_device byte send 00 eoi 0
+3074.876716047: grid210x_device byte send 00 eoi 0
+3074.876769048: grid210x_device byte send 00 eoi 0
+3074.876823049: grid210x_device byte send 00 eoi 0
+3074.876875051: grid210x_device byte send 00 eoi 0
+3074.876929052: grid210x_device byte send 00 eoi 0
+3074.876981053: grid210x_device byte send 00 eoi 0
+3074.877033054: grid210x_device byte send 00 eoi 0
+3074.877086055: grid210x_device byte send 00 eoi 0
+3074.877140057: grid210x_device byte send 00 eoi 0
+3074.877194058: grid210x_device byte send 00 eoi 0
+3074.877246059: grid210x_device byte send 00 eoi 0
+3074.877300060: grid210x_device byte send 00 eoi 0
+3074.877490065: grid210x_device byte send 00 eoi 0
+3074.877561067: grid210x_device byte send 00 eoi 0
+3074.877617068: grid210x_device byte send 00 eoi 0
+3074.877672069: grid210x_device byte send 00 eoi 0
+3074.877725070: grid210x_device byte send 00 eoi 0
+3074.877778072: grid210x_device byte send 00 eoi 0
+3074.877832073: grid210x_device byte send 00 eoi 0
+3074.877884074: grid210x_device byte send 00 eoi 0
+3074.877937075: grid210x_device byte send 00 eoi 0
+3074.877989077: grid210x_device byte send 00 eoi 0
+3074.878044078: grid210x_device byte send 00 eoi 0
+3074.878097079: grid210x_device byte send 00 eoi 0
+3074.878149080: grid210x_device byte send 00 eoi 0
+3074.878335085: grid210x_device byte send 00 eoi 0
+3074.878830096: grid210x_device byte send 00 eoi 0
+3074.878899098: grid210x_device byte send 00 eoi 0
+3074.878957099: grid210x_device byte send 00 eoi 0
+3074.879011101: grid210x_device byte send 00 eoi 0
+3074.879064102: grid210x_device byte send 00 eoi 0
+3074.879116103: grid210x_device byte send 00 eoi 0
+3074.879172105: grid210x_device byte send 00 eoi 0
+3074.879224106: grid210x_device byte send 00 eoi 0
+3074.879277107: grid210x_device byte send 00 eoi 0
+3074.879332108: grid210x_device byte send 00 eoi 0
+3074.879385110: grid210x_device byte send 00 eoi 0
+3074.879438111: grid210x_device byte send 00 eoi 0
+3074.879673116: grid210x_device byte send 00 eoi 0
+3074.879745118: grid210x_device byte send 00 eoi 0
+3074.879802119: grid210x_device byte send 00 eoi 0
+3074.879857121: grid210x_device byte send 00 eoi 0
+3074.879912122: grid210x_device byte send 00 eoi 0
+3074.879966123: grid210x_device byte send 00 eoi 0
+3074.880089126: grid210x_device byte send 00 eoi 0
+3074.880151128: grid210x_device byte send 00 eoi 0
+3074.880210129: grid210x_device byte send 00 eoi 0
+3074.880267130: grid210x_device byte send 00 eoi 0
+3074.880321132: grid210x_device byte send 00 eoi 0
+3074.880374133: grid210x_device byte send 00 eoi 0
+3074.880427134: grid210x_device byte send 00 eoi 0
+3074.880480135: grid210x_device byte send 00 eoi 0
+3074.880533136: grid210x_device byte send 00 eoi 0
+3074.880730141: grid210x_device byte send 00 eoi 0
+3074.880800143: grid210x_device byte send 00 eoi 0
+3074.880858144: grid210x_device byte send 00 eoi 0
+3074.880913145: grid210x_device byte send 00 eoi 0
+3074.880967147: grid210x_device byte send 00 eoi 0
+3074.881019148: grid210x_device byte send 00 eoi 0
+3074.881073149: grid210x_device byte send 00 eoi 0
+3074.881125150: grid210x_device byte send 00 eoi 0
+3074.881179152: grid210x_device byte send 00 eoi 0
+3074.881232153: grid210x_device byte send 00 eoi 0
+3074.881287154: grid210x_device byte send 00 eoi 0
+3074.881340155: grid210x_device byte send 00 eoi 0
+3074.881394157: grid210x_device byte send 00 eoi 0
+3074.881448158: grid210x_device byte send 00 eoi 0
+3074.881501159: grid210x_device byte send 00 eoi 0
+3074.881554161: grid210x_device byte send 00 eoi 0
+3074.881606162: grid210x_device byte send 00 eoi 0
+3074.881803166: grid210x_device byte send 00 eoi 0
+3074.881869168: grid210x_device byte send 00 eoi 0
+3074.881925169: grid210x_device byte send 00 eoi 0
+3074.881979170: grid210x_device byte send 00 eoi 0
+3074.882032172: grid210x_device byte send 00 eoi 0
+3074.882088173: grid210x_device byte send 00 eoi 0
+3074.882141174: grid210x_device byte send 00 eoi 0
+3074.882194176: grid210x_device byte send 00 eoi 0
+3074.882245177: grid210x_device byte send 00 eoi 0
+3074.882298178: grid210x_device byte send 00 eoi 0
+3074.882351179: grid210x_device byte send 00 eoi 0
+3074.882405181: grid210x_device byte send 00 eoi 0
+3074.882462182: grid210x_device byte send 00 eoi 0
+3074.882514183: grid210x_device byte send 00 eoi 0
+3074.882568184: grid210x_device byte send 00 eoi 0
+3074.882620186: grid210x_device byte send 00 eoi 0
+3074.882799190: grid210x_device byte send 00 eoi 0
+3074.882871191: grid210x_device byte send 00 eoi 0
+3074.882928193: grid210x_device byte send 00 eoi 0
+3074.882981194: grid210x_device byte send 00 eoi 0
+3074.883038195: grid210x_device byte send 00 eoi 0
+3074.883090197: grid210x_device byte send 00 eoi 0
+3074.883141198: grid210x_device byte send 00 eoi 0
+3074.883196199: grid210x_device byte send 00 eoi 0
+3074.883248200: grid210x_device byte send 00 eoi 0
+3074.883302202: grid210x_device byte send 00 eoi 0
+3074.883356203: grid210x_device byte send 00 eoi 0
+3074.883408204: grid210x_device byte send 00 eoi 0
+3074.883463205: grid210x_device byte send 00 eoi 0
+3074.883517207: grid210x_device byte send 00 eoi 0
+3074.883631209: grid210x_device byte send 00 eoi 0
+3074.883888215: grid210x_device byte send 00 eoi 0
+3074.883970217: grid210x_device byte send 00 eoi 0
+3074.884028219: grid210x_device byte send 00 eoi 0
+3074.884084220: grid210x_device byte send 00 eoi 0
+3074.884443228: grid210x_device byte send 00 eoi 0
+3074.884507230: grid210x_device byte send 00 eoi 0
+3074.884562231: grid210x_device byte send 00 eoi 0
+3074.884616232: grid210x_device byte send 00 eoi 0
+3074.884672234: grid210x_device byte send 00 eoi 0
+3074.884723235: grid210x_device byte send 00 eoi 0
+3074.884775236: grid210x_device byte send 00 eoi 0
+3074.885015242: grid210x_device byte send 00 eoi 0
+3074.885089244: grid210x_device byte send 00 eoi 0
+3074.885144245: grid210x_device byte send 00 eoi 0
+3074.885200246: grid210x_device byte send 00 eoi 0
+3074.885254247: grid210x_device byte send 00 eoi 0
+3074.885309249: grid210x_device byte send 00 eoi 0
+3074.885362250: grid210x_device byte send 00 eoi 0
+3074.885417251: grid210x_device byte send 00 eoi 0
+3074.885470253: grid210x_device byte send 00 eoi 0
+3074.885522254: grid210x_device byte send 00 eoi 0
+3074.885578255: grid210x_device byte send 00 eoi 0
+3074.885630256: grid210x_device byte send 00 eoi 0
+3074.885683258: grid210x_device byte send 00 eoi 0
+3074.885735259: grid210x_device byte send 00 eoi 0
+3074.885788260: grid210x_device byte send 00 eoi 0
+3074.885842261: grid210x_device byte send 00 eoi 0
+3074.885895263: grid210x_device byte send 00 eoi 0
+3074.886101267: grid210x_device byte send 00 eoi 0
+3074.886162269: grid210x_device byte send 00 eoi 0
+3074.886218270: grid210x_device byte send 00 eoi 0
+3074.886269271: grid210x_device byte send 00 eoi 0
+3074.886323273: grid210x_device byte send 00 eoi 0
+3074.886378274: grid210x_device byte send 00 eoi 0
+3074.886431275: grid210x_device byte send 00 eoi 0
+3074.886483276: grid210x_device byte send 00 eoi 0
+3074.886537278: grid210x_device byte send 00 eoi 0
+3074.886590279: grid210x_device byte send 00 eoi 0
+3074.886641280: grid210x_device byte send 00 eoi 0
+3074.886697281: grid210x_device byte send 00 eoi 0
+3074.886751283: grid210x_device byte send 00 eoi 0
+3074.886803284: grid210x_device byte send 00 eoi 0
+3074.886855285: grid210x_device byte send 00 eoi 0
+3074.886907286: grid210x_device byte send 00 eoi 0
+3074.887086291: grid210x_device byte send 00 eoi 0
+3074.887163292: grid210x_device byte send 00 eoi 0
+3074.887219294: grid210x_device byte send 00 eoi 0
+3074.887275295: grid210x_device byte send 00 eoi 0
+3074.887330296: grid210x_device byte send 00 eoi 0
+3074.887384298: grid210x_device byte send 00 eoi 0
+3074.887437299: grid210x_device byte send 00 eoi 0
+3074.887490300: grid210x_device byte send 00 eoi 0
+3074.887546301: grid210x_device byte send 00 eoi 0
+3074.887599303: grid210x_device byte send 00 eoi 0
+3074.887653304: grid210x_device byte send 00 eoi 0
+3074.887707305: grid210x_device byte send 00 eoi 0
+3074.887758306: grid210x_device byte send 00 eoi 0
+3074.887811308: grid210x_device byte send 00 eoi 0
+3074.887864309: grid210x_device byte send 00 eoi 0
+3074.887919310: grid210x_device byte send 00 eoi 0
+3074.887970311: grid210x_device byte send 00 eoi 0
+3074.888153316: grid210x_device byte send 00 eoi 0
+3074.888228317: grid210x_device byte send 00 eoi 0
+3074.888286319: grid210x_device byte send 00 eoi 0
+3074.888340320: grid210x_device byte send 00 eoi 0
+3074.888393321: grid210x_device byte send 00 eoi 0
+3074.888446323: grid210x_device byte send 00 eoi 0
+3074.888499324: grid210x_device byte send 00 eoi 0
+3074.888553325: grid210x_device byte send 00 eoi 0
+3074.888604326: grid210x_device byte send 00 eoi 0
+3074.888655327: grid210x_device byte send 00 eoi 0
+3074.888710329: grid210x_device byte send 00 eoi 0
+3074.888764330: grid210x_device byte send 00 eoi 0
+3074.888819331: grid210x_device byte send 00 eoi 0
+3074.888872333: grid210x_device byte send 00 eoi 0
+3074.888926334: grid210x_device byte send 00 eoi 0
+3074.888978335: grid210x_device byte send 00 eoi 0
+3074.889031336: grid210x_device byte send 00 eoi 0
+3074.889235341: grid210x_device byte send 00 eoi 0
+3074.889309343: grid210x_device byte send 00 eoi 0
+3074.889367344: grid210x_device byte send 00 eoi 0
+3074.889423345: grid210x_device byte send 00 eoi 0
+3074.889475347: grid210x_device byte send 00 eoi 0
+3074.889793354: grid210x_device byte send 00 eoi 0
+3074.889857356: grid210x_device byte send 00 eoi 0
+3074.889913357: grid210x_device byte send 00 eoi 0
+3074.889967358: grid210x_device byte send 00 eoi 0
+3074.890111362: grid210x_device byte send 00 eoi 0
+3074.890350367: grid210x_device byte send 00 eoi 0
+3074.890412369: grid210x_device byte send 00 eoi 0
+3074.890468370: grid210x_device byte send 00 eoi 0
+3074.890520371: grid210x_device byte send 00 eoi 0
+3074.890572372: grid210x_device byte send 00 eoi 0
+3074.890625374: grid210x_device byte send 00 eoi 0
+3074.890677375: grid210x_device byte send 00 eoi 0
+3074.890730376: grid210x_device byte send 00 eoi 0
+3074.890783377: grid210x_device byte send 00 eoi 0
+3074.890838379: grid210x_device byte send 00 eoi 0
+3074.890890380: grid210x_device byte send 00 eoi 0
+3074.890976382: grid210x_device byte send 00 eoi 1
+3074.891958405: grid210x_device byte recv 5f atn 1 eoi 0
+3074.891996406: grid210x_device now not talking
+3075.023207490: grid210x_device byte recv 25 atn 1 eoi 0
+3075.023271492: grid210x_device now listening
+3075.024608523: grid210x_device byte recv 04 atn 0 eoi 0
+3075.024696525: grid210x_device byte recv 00 atn 0 eoi 0
+3075.024770527: grid210x_device byte recv 00 atn 0 eoi 0
+3075.024840529: grid210x_device byte recv 00 atn 0 eoi 0
+3075.025045534: grid210x_device byte recv 00 atn 0 eoi 0
+3075.025141536: grid210x_device byte recv 00 atn 0 eoi 0
+3075.025215538: grid210x_device byte recv 00 atn 0 eoi 0
+3075.025285539: grid210x_device byte recv 00 atn 0 eoi 0
+3075.025355541: grid210x_device byte recv 02 atn 0 eoi 0
+3075.026886577: grid210x_device byte recv 00 atn 0 eoi 1
+3075.026976579: grid210x_device byte recv 3f atn 1 eoi 0
+3075.027005580: grid210x_device now not listening
+3075.027150583: grid210x_device command 4, data size 512, sector no 0
+3075.028047604: grid210x_device byte recv 18 atn 1 eoi 0
+3075.028327611: grid210x_device byte recv 45 atn 1 eoi 0
+3075.028362612: grid210x_device now talking
+3075.028395612: grid210x_device byte send 4f eoi 0
+3075.028523615: grid210x_device byte recv 19 atn 1 eoi 0
+3075.028607617: grid210x_device byte recv 5f atn 1 eoi 0
+3075.028632618: grid210x_device now not talking
+3075.030212655: grid210x_device byte recv 45 atn 1 eoi 0
+3075.030405660: grid210x_device now talking
+3075.031522686: grid210x_device byte send 53 eoi 0
+3075.032018698: grid210x_device byte send 79 eoi 0
+3075.032076699: grid210x_device byte send 73 eoi 0
+3075.032130700: grid210x_device byte send 74 eoi 0
+3075.032185702: grid210x_device byte send 65 eoi 0
+3075.032238703: grid210x_device byte send 6d eoi 0
+3075.032291704: grid210x_device byte send 20 eoi 0
+3075.032344705: grid210x_device byte send 44 eoi 0
+3075.032548710: grid210x_device byte send 69 eoi 0
+3075.032606711: grid210x_device byte send 73 eoi 0
+3075.032660713: grid210x_device byte send 6b eoi 0
+3075.032716714: grid210x_device byte send 21 eoi 0
+3075.032768715: grid210x_device byte send 21 eoi 0
+3075.032821716: grid210x_device byte send 00 eoi 0
+3075.032874718: grid210x_device byte send 00 eoi 0
+3075.032929719: grid210x_device byte send 00 eoi 0
+3075.032983720: grid210x_device byte send 00 eoi 0
+3075.033037722: grid210x_device byte send 00 eoi 0
+3075.033094723: grid210x_device byte send 00 eoi 0
+3075.033145724: grid210x_device byte send 00 eoi 0
+3075.033199725: grid210x_device byte send 00 eoi 0
+3075.033252727: grid210x_device byte send 00 eoi 0
+3075.033307728: grid210x_device byte send 00 eoi 0
+3075.033360729: grid210x_device byte send 00 eoi 0
+3075.033543733: grid210x_device byte send 00 eoi 0
+3075.033615735: grid210x_device byte send 00 eoi 0
+3075.033675737: grid210x_device byte send 00 eoi 0
+3075.033731738: grid210x_device byte send 00 eoi 0
+3075.033786739: grid210x_device byte send 00 eoi 0
+3075.033842740: grid210x_device byte send 00 eoi 0
+3075.033896742: grid210x_device byte send 00 eoi 0
+3075.033951743: grid210x_device byte send 00 eoi 0
+3075.034005744: grid210x_device byte send 00 eoi 0
+3075.034059746: grid210x_device byte send 00 eoi 0
+3075.034431754: grid210x_device byte send 00 eoi 0
+3075.034687760: grid210x_device byte send 00 eoi 0
+3075.034758762: grid210x_device byte send 00 eoi 0
+3075.034816763: grid210x_device byte send 00 eoi 0
+3075.034870765: grid210x_device byte send 00 eoi 0
+3075.034924766: grid210x_device byte send 00 eoi 0
+3075.034976767: grid210x_device byte send 00 eoi 0
+3075.035030768: grid210x_device byte send 00 eoi 0
+3075.035085770: grid210x_device byte send 00 eoi 0
+3075.035137771: grid210x_device byte send 00 eoi 0
+3075.035192772: grid210x_device byte send 00 eoi 0
+3075.035246773: grid210x_device byte send 00 eoi 0
+3075.035300775: grid210x_device byte send 00 eoi 0
+3075.035353776: grid210x_device byte send 00 eoi 0
+3075.035406777: grid210x_device byte send 00 eoi 0
+3075.035459778: grid210x_device byte send 00 eoi 0
+3075.035512780: grid210x_device byte send 00 eoi 0
+3075.035836787: grid210x_device byte send 00 eoi 0
+3075.035916789: grid210x_device byte send 00 eoi 0
+3075.035971791: grid210x_device byte send 00 eoi 0
+3075.036024792: grid210x_device byte send 00 eoi 0
+3075.036078793: grid210x_device byte send 00 eoi 0
+3075.036131794: grid210x_device byte send 00 eoi 0
+3075.036184796: grid210x_device byte send 00 eoi 0
+3075.036237797: grid210x_device byte send 00 eoi 0
+3075.036290798: grid210x_device byte send 00 eoi 0
+3075.036342799: grid210x_device byte send 00 eoi 0
+3075.036394800: grid210x_device byte send 00 eoi 0
+3075.036447802: grid210x_device byte send 00 eoi 0
+3075.036501803: grid210x_device byte send 00 eoi 0
+3075.036555804: grid210x_device byte send 00 eoi 0
+3075.036609806: grid210x_device byte send 00 eoi 0
+3075.036662807: grid210x_device byte send 00 eoi 0
+3075.036844811: grid210x_device byte send 00 eoi 0
+3075.036922813: grid210x_device byte send 00 eoi 0
+3075.036981814: grid210x_device byte send 00 eoi 0
+3075.037034816: grid210x_device byte send 00 eoi 0
+3075.037090817: grid210x_device byte send 00 eoi 0
+3075.037141818: grid210x_device byte send 00 eoi 0
+3075.037196819: grid210x_device byte send 00 eoi 0
+3075.037248821: grid210x_device byte send 00 eoi 0
+3075.037303822: grid210x_device byte send 00 eoi 0
+3075.037357823: grid210x_device byte send 00 eoi 0
+3075.037411824: grid210x_device byte send 00 eoi 0
+3075.037464826: grid210x_device byte send 00 eoi 0
+3075.037518827: grid210x_device byte send 00 eoi 0
+3075.037572828: grid210x_device byte send 00 eoi 0
+3075.037626829: grid210x_device byte send 00 eoi 0
+3075.037680831: grid210x_device byte send 00 eoi 0
+3075.037732832: grid210x_device byte send 00 eoi 0
+3075.037928837: grid210x_device byte send 00 eoi 0
+3075.037999838: grid210x_device byte send 00 eoi 0
+3075.038055840: grid210x_device byte send 00 eoi 0
+3075.038109841: grid210x_device byte send 00 eoi 0
+3075.038160842: grid210x_device byte send 00 eoi 0
+3075.038214843: grid210x_device byte send 00 eoi 0
+3075.038266844: grid210x_device byte send 00 eoi 0
+3075.038319846: grid210x_device byte send 00 eoi 0
+3075.038372847: grid210x_device byte send 00 eoi 0
+3075.038427848: grid210x_device byte send 00 eoi 0
+3075.038480849: grid210x_device byte send 00 eoi 0
+3075.038532851: grid210x_device byte send 00 eoi 0
+3075.038587852: grid210x_device byte send 00 eoi 0
+3075.038639853: grid210x_device byte send 00 eoi 0
+3075.038693855: grid210x_device byte send 00 eoi 0
+3075.038748856: grid210x_device byte send 00 eoi 0
+3075.038803857: grid210x_device byte send 00 eoi 0
+3075.038986861: grid210x_device byte send 00 eoi 0
+3075.039058863: grid210x_device byte send 00 eoi 0
+3075.039114864: grid210x_device byte send 00 eoi 0
+3075.039168866: grid210x_device byte send 00 eoi 0
+3075.039221867: grid210x_device byte send 00 eoi 0
+3075.039274868: grid210x_device byte send 00 eoi 0
+3075.039328869: grid210x_device byte send 00 eoi 0
+3075.039380871: grid210x_device byte send 00 eoi 0
+3075.039432872: grid210x_device byte send 00 eoi 0
+3075.039485873: grid210x_device byte send 00 eoi 0
+3075.039537874: grid210x_device byte send 00 eoi 0
+3075.040124888: grid210x_device byte send 00 eoi 0
+3075.040210890: grid210x_device byte send 00 eoi 0
+3075.040270892: grid210x_device byte send 00 eoi 0
+3075.040325893: grid210x_device byte send 00 eoi 0
+3075.040380894: grid210x_device byte send 00 eoi 0
+3075.040435895: grid210x_device byte send 00 eoi 0
+3075.040487897: grid210x_device byte send 00 eoi 0
+3075.040541898: grid210x_device byte send 00 eoi 0
+3075.040594899: grid210x_device byte send 00 eoi 0
+3075.040648900: grid210x_device byte send 00 eoi 0
+3075.040701902: grid210x_device byte send 00 eoi 0
+3075.040753903: grid210x_device byte send 00 eoi 0
+3075.040808904: grid210x_device byte send 00 eoi 0
+3075.040863906: grid210x_device byte send 00 eoi 0
+3075.040916907: grid210x_device byte send 00 eoi 0
+3075.040968908: grid210x_device byte send 00 eoi 0
+3075.041020909: grid210x_device byte send 00 eoi 0
+3075.041234914: grid210x_device byte send 00 eoi 0
+3075.041310916: grid210x_device byte send 00 eoi 0
+3075.041369917: grid210x_device byte send 00 eoi 0
+3075.041425919: grid210x_device byte send 00 eoi 0
+3075.041478920: grid210x_device byte send 00 eoi 0
+3075.041532921: grid210x_device byte send 00 eoi 0
+3075.041586923: grid210x_device byte send 00 eoi 0
+3075.041638924: grid210x_device byte send 00 eoi 0
+3075.041689925: grid210x_device byte send 00 eoi 0
+3075.041741926: grid210x_device byte send 00 eoi 0
+3075.041797927: grid210x_device byte send 00 eoi 0
+3075.041851929: grid210x_device byte send 00 eoi 0
+3075.041903930: grid210x_device byte send 00 eoi 0
+3075.041957931: grid210x_device byte send 00 eoi 0
+3075.042009932: grid210x_device byte send 00 eoi 0
+3075.042062934: grid210x_device byte send 00 eoi 0
+3075.042116935: grid210x_device byte send 00 eoi 0
+3075.042325940: grid210x_device byte send 00 eoi 0
+3075.042388941: grid210x_device byte send 00 eoi 0
+3075.042444943: grid210x_device byte send 00 eoi 0
+3075.042499944: grid210x_device byte send 00 eoi 0
+3075.042553945: grid210x_device byte send 00 eoi 0
+3075.042606946: grid210x_device byte send 00 eoi 0
+3075.042659948: grid210x_device byte send 00 eoi 0
+3075.042713949: grid210x_device byte send 00 eoi 0
+3075.042898953: grid210x_device byte send 00 eoi 0
+3075.042951955: grid210x_device byte send 00 eoi 0
+3075.043004956: grid210x_device byte send 00 eoi 0
+3075.043057957: grid210x_device byte send 00 eoi 0
+3075.043112958: grid210x_device byte send 00 eoi 0
+3075.043165960: grid210x_device byte send 00 eoi 0
+3075.043345964: grid210x_device byte send 00 eoi 0
+3075.043414965: grid210x_device byte send 00 eoi 0
+3075.043471967: grid210x_device byte send 00 eoi 0
+3075.043527968: grid210x_device byte send 00 eoi 0
+3075.043639971: grid210x_device byte send 00 eoi 0
+3075.043740973: grid210x_device byte send 00 eoi 0
+3075.043802975: grid210x_device byte send 00 eoi 0
+3075.043858976: grid210x_device byte send 00 eoi 0
+3075.043916977: grid210x_device byte send 00 eoi 0
+3075.043970979: grid210x_device byte send 00 eoi 0
+3075.044025980: grid210x_device byte send 00 eoi 0
+3075.044079981: grid210x_device byte send 00 eoi 0
+3075.044133982: grid210x_device byte send 00 eoi 0
+3075.044186984: grid210x_device byte send 00 eoi 0
+3075.044378988: grid210x_device byte send 00 eoi 0
+3075.044452990: grid210x_device byte send 00 eoi 0
+3075.044509991: grid210x_device byte send 00 eoi 0
+3075.044564993: grid210x_device byte send 00 eoi 0
+3075.044618994: grid210x_device byte send 00 eoi 0
+3075.044671995: grid210x_device byte send 00 eoi 0
+3075.044723996: grid210x_device byte send 00 eoi 0
+3075.044777998: grid210x_device byte send 00 eoi 0
+3075.044831999: grid210x_device byte send 00 eoi 0
+3075.044884000: grid210x_device byte send 00 eoi 0
+3075.044937001: grid210x_device byte send 00 eoi 0
+3075.044990003: grid210x_device byte send 00 eoi 0
+3075.045044004: grid210x_device byte send 00 eoi 0
+3075.045095005: grid210x_device byte send 00 eoi 0
+3075.045148006: grid210x_device byte send 00 eoi 0
+3075.045201007: grid210x_device byte send 00 eoi 0
+3075.045252009: grid210x_device byte send 00 eoi 0
+3075.045759021: grid210x_device byte send 00 eoi 0
+3075.045828022: grid210x_device byte send 00 eoi 0
+3075.045885024: grid210x_device byte send 00 eoi 0
+3075.045941025: grid210x_device byte send 00 eoi 0
+3075.045994026: grid210x_device byte send 00 eoi 0
+3075.046050027: grid210x_device byte send 00 eoi 0
+3075.046104029: grid210x_device byte send 00 eoi 0
+3075.046157030: grid210x_device byte send 00 eoi 0
+3075.046212031: grid210x_device byte send 00 eoi 0
+3075.046265032: grid210x_device byte send 00 eoi 0
+3075.046319034: grid210x_device byte send 00 eoi 0
+3075.046575040: grid210x_device byte send 00 eoi 0
+3075.046652042: grid210x_device byte send 00 eoi 0
+3075.046711043: grid210x_device byte send 00 eoi 0
+3075.046767044: grid210x_device byte send 00 eoi 0
+3075.046822046: grid210x_device byte send 00 eoi 0
+3075.046876047: grid210x_device byte send 00 eoi 0
+3075.046931048: grid210x_device byte send 00 eoi 0
+3075.046983049: grid210x_device byte send 00 eoi 0
+3075.047036051: grid210x_device byte send 00 eoi 0
+3075.047090052: grid210x_device byte send 00 eoi 0
+3075.047142053: grid210x_device byte send 00 eoi 0
+3075.047195054: grid210x_device byte send 00 eoi 0
+3075.047249056: grid210x_device byte send 00 eoi 0
+3075.047304057: grid210x_device byte send 00 eoi 0
+3075.047357058: grid210x_device byte send 00 eoi 0
+3075.047411059: grid210x_device byte send 00 eoi 0
+3075.047465061: grid210x_device byte send 00 eoi 0
+3075.047667065: grid210x_device byte send 00 eoi 0
+3075.047730067: grid210x_device byte send 00 eoi 0
+3075.047785068: grid210x_device byte send 00 eoi 0
+3075.047842070: grid210x_device byte send 00 eoi 0
+3075.047895071: grid210x_device byte send 00 eoi 0
+3075.047950072: grid210x_device byte send 00 eoi 0
+3075.048006073: grid210x_device byte send 00 eoi 0
+3075.048061075: grid210x_device byte send 00 eoi 0
+3075.048115076: grid210x_device byte send 00 eoi 0
+3075.048168077: grid210x_device byte send 00 eoi 0
+3075.048220078: grid210x_device byte send 00 eoi 0
+3075.048272080: grid210x_device byte send 00 eoi 0
+3075.048326081: grid210x_device byte send 00 eoi 0
+3075.048380082: grid210x_device byte send 00 eoi 0
+3075.048435084: grid210x_device byte send 00 eoi 0
+3075.048487085: grid210x_device byte send 00 eoi 0
+3075.048677089: grid210x_device byte send 00 eoi 0
+3075.048751091: grid210x_device byte send 00 eoi 0
+3075.048809092: grid210x_device byte send 00 eoi 0
+3075.048867094: grid210x_device byte send 00 eoi 0
+3075.048922095: grid210x_device byte send 00 eoi 0
+3075.048975096: grid210x_device byte send 00 eoi 0
+3075.049028097: grid210x_device byte send 00 eoi 0
+3075.049082099: grid210x_device byte send 00 eoi 0
+3075.049135100: grid210x_device byte send 00 eoi 0
+3075.049188101: grid210x_device byte send 00 eoi 0
+3075.049241102: grid210x_device byte send 00 eoi 0
+3075.049296104: grid210x_device byte send 00 eoi 0
+3075.049348105: grid210x_device byte send 00 eoi 0
+3075.049400106: grid210x_device byte send 00 eoi 0
+3075.049453107: grid210x_device byte send 00 eoi 0
+3075.049507109: grid210x_device byte send 00 eoi 0
+3075.049559110: grid210x_device byte send 00 eoi 0
+3075.049746114: grid210x_device byte send 00 eoi 0
+3075.049815116: grid210x_device byte send 00 eoi 0
+3075.049871117: grid210x_device byte send 00 eoi 0
+3075.049927119: grid210x_device byte send 00 eoi 0
+3075.049981120: grid210x_device byte send 00 eoi 0
+3075.050108123: grid210x_device byte send 00 eoi 0
+3075.050175124: grid210x_device byte send 00 eoi 0
+3075.050233126: grid210x_device byte send 00 eoi 0
+3075.050286127: grid210x_device byte send 00 eoi 0
+3075.050343128: grid210x_device byte send 00 eoi 0
+3075.050396130: grid210x_device byte send 00 eoi 0
+3075.050451131: grid210x_device byte send 00 eoi 0
+3075.050504132: grid210x_device byte send 00 eoi 0
+3075.050559133: grid210x_device byte send 00 eoi 0
+3075.050615135: grid210x_device byte send 00 eoi 0
+3075.050811139: grid210x_device byte send 00 eoi 0
+3075.050882141: grid210x_device byte send 00 eoi 0
+3075.050940142: grid210x_device byte send 00 eoi 0
+3075.051301151: grid210x_device byte send 00 eoi 0
+3075.051365152: grid210x_device byte send 00 eoi 0
+3075.051422154: grid210x_device byte send 00 eoi 0
+3075.051478155: grid210x_device byte send 00 eoi 0
+3075.051533156: grid210x_device byte send 00 eoi 0
+3075.051658159: grid210x_device byte send 00 eoi 0
+3075.051966167: grid210x_device byte send 00 eoi 0
+3075.052029168: grid210x_device byte send 00 eoi 0
+3075.052087169: grid210x_device byte send 00 eoi 0
+3075.052141171: grid210x_device byte send 00 eoi 0
+3075.052197172: grid210x_device byte send 00 eoi 0
+3075.052250173: grid210x_device byte send 00 eoi 0
+3075.052305174: grid210x_device byte send 00 eoi 0
+3075.052358176: grid210x_device byte send 00 eoi 0
+3075.052411177: grid210x_device byte send 00 eoi 0
+3075.052465178: grid210x_device byte send 00 eoi 0
+3075.052517179: grid210x_device byte send 00 eoi 0
+3075.052570181: grid210x_device byte send 00 eoi 0
+3075.052622182: grid210x_device byte send 00 eoi 0
+3075.052677183: grid210x_device byte send 00 eoi 0
+3075.052730184: grid210x_device byte send 00 eoi 0
+3075.052783186: grid210x_device byte send 00 eoi 0
+3075.052984190: grid210x_device byte send 00 eoi 0
+3075.053056192: grid210x_device byte send 00 eoi 0
+3075.053115194: grid210x_device byte send 00 eoi 0
+3075.053168195: grid210x_device byte send 00 eoi 0
+3075.053233196: grid210x_device byte send 00 eoi 0
+3075.053292198: grid210x_device byte send 00 eoi 0
+3075.053345199: grid210x_device byte send 00 eoi 0
+3075.053400200: grid210x_device byte send 00 eoi 0
+3075.053454201: grid210x_device byte send 00 eoi 0
+3075.053507203: grid210x_device byte send 00 eoi 0
+3075.053562204: grid210x_device byte send 00 eoi 0
+3075.053614205: grid210x_device byte send 00 eoi 0
+3075.053667206: grid210x_device byte send 00 eoi 0
+3075.053719208: grid210x_device byte send 00 eoi 0
+3075.053773209: grid210x_device byte send 00 eoi 0
+3075.053828210: grid210x_device byte send 00 eoi 0
+3075.054019215: grid210x_device byte send 00 eoi 0
+3075.054093217: grid210x_device byte send 00 eoi 0
+3075.054150218: grid210x_device byte send 00 eoi 0
+3075.054204219: grid210x_device byte send 00 eoi 0
+3075.054259220: grid210x_device byte send 00 eoi 0
+3075.054316222: grid210x_device byte send 00 eoi 0
+3075.054369223: grid210x_device byte send 00 eoi 0
+3075.054424224: grid210x_device byte send 00 eoi 0
+3075.054475225: grid210x_device byte send 00 eoi 0
+3075.054528227: grid210x_device byte send 00 eoi 0
+3075.054581228: grid210x_device byte send 00 eoi 0
+3075.054634229: grid210x_device byte send 00 eoi 0
+3075.054688230: grid210x_device byte send 00 eoi 0
+3075.054742232: grid210x_device byte send 00 eoi 0
+3075.054794233: grid210x_device byte send 00 eoi 0
+3075.054849234: grid210x_device byte send 00 eoi 0
+3075.054900235: grid210x_device byte send 00 eoi 0
+3075.055085240: grid210x_device byte send 00 eoi 0
+3075.055153241: grid210x_device byte send 00 eoi 0
+3075.055210243: grid210x_device byte send 00 eoi 0
+3075.055264244: grid210x_device byte send 00 eoi 0
+3075.055320245: grid210x_device byte send 00 eoi 0
+3075.055373247: grid210x_device byte send 00 eoi 0
+3075.055427248: grid210x_device byte send 00 eoi 0
+3075.055481249: grid210x_device byte send 00 eoi 0
+3075.055533250: grid210x_device byte send 00 eoi 0
+3075.055587252: grid210x_device byte send 00 eoi 0
+3075.055641253: grid210x_device byte send 00 eoi 0
+3075.055692254: grid210x_device byte send 00 eoi 0
+3075.055745255: grid210x_device byte send 00 eoi 0
+3075.055802257: grid210x_device byte send 00 eoi 0
+3075.055855258: grid210x_device byte send 00 eoi 0
+3075.055907259: grid210x_device byte send 00 eoi 0
+3075.055963260: grid210x_device byte send 00 eoi 0
+3075.056145265: grid210x_device byte send 00 eoi 0
+3075.056215266: grid210x_device byte send 00 eoi 0
+3075.056270268: grid210x_device byte send 00 eoi 0
+3075.056327269: grid210x_device byte send 00 eoi 0
+3075.056383270: grid210x_device byte send 00 eoi 0
+3075.056437272: grid210x_device byte send 00 eoi 0
+3075.056491273: grid210x_device byte send 00 eoi 0
+3075.056845281: grid210x_device byte send 00 eoi 0
+3075.056909283: grid210x_device byte send 00 eoi 0
+3075.056967284: grid210x_device byte send 00 eoi 0
+3075.057018285: grid210x_device byte send 00 eoi 0
+3075.057279291: grid210x_device byte send 00 eoi 0
+3075.057352293: grid210x_device byte send 00 eoi 0
+3075.057409294: grid210x_device byte send 00 eoi 0
+3075.057467296: grid210x_device byte send 00 eoi 0
+3075.057520297: grid210x_device byte send 00 eoi 0
+3075.057575298: grid210x_device byte send 00 eoi 0
+3075.057627300: grid210x_device byte send 00 eoi 0
+3075.057681301: grid210x_device byte send 00 eoi 0
+3075.057735302: grid210x_device byte send 00 eoi 0
+3075.057787303: grid210x_device byte send 00 eoi 0
+3075.057844305: grid210x_device byte send 00 eoi 0
+3075.057896306: grid210x_device byte send 00 eoi 0
+3075.057951307: grid210x_device byte send 00 eoi 0
+3075.058004308: grid210x_device byte send 00 eoi 0
+3075.058057310: grid210x_device byte send 00 eoi 0
+3075.058109311: grid210x_device byte send 00 eoi 0
+3075.058300315: grid210x_device byte send 00 eoi 0
+3075.058375317: grid210x_device byte send 00 eoi 0
+3075.058432319: grid210x_device byte send 00 eoi 0
+3075.058487320: grid210x_device byte send 00 eoi 0
+3075.058542321: grid210x_device byte send 00 eoi 0
+3075.058594322: grid210x_device byte send 00 eoi 0
+3075.058648324: grid210x_device byte send 00 eoi 0
+3075.058702325: grid210x_device byte send 00 eoi 0
+3075.058756326: grid210x_device byte send 00 eoi 0
+3075.058809327: grid210x_device byte send 00 eoi 0
+3075.058862329: grid210x_device byte send 00 eoi 0
+3075.058913330: grid210x_device byte send 00 eoi 0
+3075.058968331: grid210x_device byte send 00 eoi 0
+3075.059023332: grid210x_device byte send 00 eoi 0
+3075.059076334: grid210x_device byte send 00 eoi 0
+3075.059130335: grid210x_device byte send 00 eoi 0
+3075.059364340: grid210x_device byte send 00 eoi 0
+3075.059435342: grid210x_device byte send 00 eoi 0
+3075.059495344: grid210x_device byte send 00 eoi 0
+3075.059603346: grid210x_device byte send 00 eoi 0
+3075.059701348: grid210x_device byte send 00 eoi 0
+3075.059764350: grid210x_device byte send 00 eoi 0
+3075.059821351: grid210x_device byte send 00 eoi 0
+3075.059876352: grid210x_device byte send 00 eoi 0
+3075.059931354: grid210x_device byte send 00 eoi 0
+3075.059985355: grid210x_device byte send 00 eoi 0
+3075.060117358: grid210x_device byte send 00 eoi 0
+3075.060183360: grid210x_device byte send 00 eoi 0
+3075.060240361: grid210x_device byte send 00 eoi 0
+3075.060440366: grid210x_device byte send 00 eoi 0
+3075.060512367: grid210x_device byte send 00 eoi 0
+3075.060571369: grid210x_device byte send 00 eoi 0
+3075.060627370: grid210x_device byte send 00 eoi 0
+3075.060680371: grid210x_device byte send 00 eoi 0
+3075.060733373: grid210x_device byte send 00 eoi 0
+3075.060786374: grid210x_device byte send 00 eoi 0
+3075.060843375: grid210x_device byte send 00 eoi 0
+3075.060894376: grid210x_device byte send 00 eoi 0
+3075.060950378: grid210x_device byte send 00 eoi 0
+3075.061003379: grid210x_device byte send 00 eoi 0
+3075.061056380: grid210x_device byte send 00 eoi 0
+3075.061108381: grid210x_device byte send 00 eoi 0
+3075.061160383: grid210x_device byte send 00 eoi 0
+3075.061213384: grid210x_device byte send 00 eoi 0
+3075.061266385: grid210x_device byte send 00 eoi 0
+3075.061319386: grid210x_device byte send 00 eoi 0
+3075.061505391: grid210x_device byte send 00 eoi 0
+3075.061574392: grid210x_device byte send 00 eoi 0
+3075.061630394: grid210x_device byte send 00 eoi 0
+3075.061685395: grid210x_device byte send 00 eoi 0
+3075.061739396: grid210x_device byte send 00 eoi 0
+3075.061794398: grid210x_device byte send 00 eoi 0
+3075.061847399: grid210x_device byte send 00 eoi 0
+3075.061900400: grid210x_device byte send 00 eoi 0
+3075.061953401: grid210x_device byte send 00 eoi 0
+3075.062004402: grid210x_device byte send 00 eoi 0
+3075.062057404: grid210x_device byte send 00 eoi 0
+3075.062110405: grid210x_device byte send 00 eoi 0
+3075.062670418: grid210x_device byte send 00 eoi 0
+3075.062741420: grid210x_device byte send 00 eoi 0
+3075.062798421: grid210x_device byte send 00 eoi 0
+3075.062853422: grid210x_device byte send 00 eoi 0
+3075.062904424: grid210x_device byte send 00 eoi 0
+3075.062959425: grid210x_device byte send 00 eoi 0
+3075.063012426: grid210x_device byte send 00 eoi 0
+3075.063065427: grid210x_device byte send 00 eoi 0
+3075.063117429: grid210x_device byte send 00 eoi 0
+3075.063171430: grid210x_device byte send 00 eoi 0
+3075.063225431: grid210x_device byte send 00 eoi 0
+3075.063276432: grid210x_device byte send 00 eoi 0
+3075.063330434: grid210x_device byte send 00 eoi 0
+3075.063382435: grid210x_device byte send 00 eoi 0
+3075.063434436: grid210x_device byte send 00 eoi 0
+3075.063486437: grid210x_device byte send 00 eoi 0
+3075.063690442: grid210x_device byte send 00 eoi 0
+3075.063763444: grid210x_device byte send 00 eoi 0
+3075.063821445: grid210x_device byte send 00 eoi 0
+3075.063877447: grid210x_device byte send 00 eoi 0
+3075.063931448: grid210x_device byte send 00 eoi 0
+3075.063985449: grid210x_device byte send 00 eoi 0
+3075.064038450: grid210x_device byte send 00 eoi 0
+3075.064092452: grid210x_device byte send 00 eoi 0
+3075.064147453: grid210x_device byte send 00 eoi 0
+3075.064201454: grid210x_device byte send 00 eoi 0
+3075.064256455: grid210x_device byte send 00 eoi 0
+3075.064310457: grid210x_device byte send 00 eoi 0
+3075.064363458: grid210x_device byte send 00 eoi 0
+3075.064417459: grid210x_device byte send 00 eoi 0
+3075.064470460: grid210x_device byte send 00 eoi 0
+3075.064524462: grid210x_device byte send 00 eoi 0
+3075.064576463: grid210x_device byte send 00 eoi 0
+3075.064777468: grid210x_device byte send 00 eoi 0
+3075.064839469: grid210x_device byte send 00 eoi 0
+3075.064894470: grid210x_device byte send 00 eoi 0
+3075.064949472: grid210x_device byte send 00 eoi 0
+3075.065001473: grid210x_device byte send 00 eoi 0
+3075.065056474: grid210x_device byte send 00 eoi 0
+3075.065109475: grid210x_device byte send 00 eoi 0
+3075.065162477: grid210x_device byte send 00 eoi 0
+3075.065217478: grid210x_device byte send 00 eoi 0
+3075.065270479: grid210x_device byte send 00 eoi 0
+3075.065324481: grid210x_device byte send 00 eoi 0
+3075.065376482: grid210x_device byte send 00 eoi 0
+3075.065430483: grid210x_device byte send 00 eoi 0
+3075.065482484: grid210x_device byte send 00 eoi 0
+3075.065535485: grid210x_device byte send 00 eoi 0
+3075.065590487: grid210x_device byte send 00 eoi 0
+3075.065773491: grid210x_device byte send 00 eoi 0
+3075.065848493: grid210x_device byte send 00 eoi 0
+3075.065904494: grid210x_device byte send 00 eoi 0
+3075.065960495: grid210x_device byte send 00 eoi 0
+3075.066014497: grid210x_device byte send 00 eoi 0
+3075.066067498: grid210x_device byte send 00 eoi 0
+3075.066120499: grid210x_device byte send 00 eoi 0
+3075.066173500: grid210x_device byte send 00 eoi 0
+3075.066229502: grid210x_device byte send 00 eoi 0
+3075.066281503: grid210x_device byte send 00 eoi 0
+3075.066336504: grid210x_device byte send 00 eoi 0
+3075.066389506: grid210x_device byte send 00 eoi 0
+3075.066444507: grid210x_device byte send 00 eoi 0
+3075.066497508: grid210x_device byte send 00 eoi 0
+3075.066552509: grid210x_device byte send 00 eoi 0
+3075.066604511: grid210x_device byte send 00 eoi 0
+3075.066658512: grid210x_device byte send 00 eoi 0
+3075.066839516: grid210x_device byte send 00 eoi 0
+3075.066908518: grid210x_device byte send 00 eoi 0
+3075.066967519: grid210x_device byte send 00 eoi 0
+3075.067021520: grid210x_device byte send 00 eoi 0
+3075.067079522: grid210x_device byte send 00 eoi 0
+3075.067132523: grid210x_device byte send 00 eoi 0
+3075.067185524: grid210x_device byte send 00 eoi 0
+3075.067240526: grid210x_device byte send 00 eoi 0
+3075.067296527: grid210x_device byte send 00 eoi 0
+3075.067348528: grid210x_device byte send 00 eoi 0
+3075.067401529: grid210x_device byte send 00 eoi 0
+3075.067453531: grid210x_device byte send 00 eoi 0
+3075.067506532: grid210x_device byte send 00 eoi 0
+3075.068120546: grid210x_device byte send 00 eoi 0
+3075.068188548: grid210x_device byte send 00 eoi 0
+3075.068242549: grid210x_device byte send 00 eoi 0
+3075.068298550: grid210x_device byte send 00 eoi 0
+3075.068351552: grid210x_device byte send 00 eoi 0
+3075.068401553: grid210x_device byte send 00 eoi 1
+3075.069062568: grid210x_device byte recv 5f atn 1 eoi 0
+3075.069105569: grid210x_device now not talking
+3075.220926138: grid210x_device byte recv 25 atn 1 eoi 0
+3075.220985140: grid210x_device now listening
+3075.223410197: grid210x_device byte recv 14 atn 1 eoi 0
+3075.750879595: grid210x_device byte recv 25 atn 1 eoi 0
+3075.750938596: grid210x_device now listening
+3075.752296628: grid210x_device byte recv 04 atn 1 eoi 0
+3075.752390630: grid210x_device byte recv 00 atn 0 eoi 0
+3075.752465632: grid210x_device byte recv 00 atn 0 eoi 0
+3075.752535634: grid210x_device byte recv ff atn 0 eoi 0
+3075.752605635: grid210x_device byte recv fd atn 0 eoi 0
+3075.752674637: grid210x_device byte recv 00 atn 0 eoi 0
+3075.752745639: grid210x_device byte recv 00 atn 0 eoi 0
+3075.752815640: grid210x_device byte recv 00 atn 0 eoi 0
+3075.752884642: grid210x_device byte recv 02 atn 0 eoi 0
+3075.754208673: grid210x_device byte recv 00 atn 0 eoi 1
+3075.754442679: grid210x_device byte recv 3f atn 1 eoi 0
+3075.754478679: grid210x_device now not listening
+3091.840948207: grid210x_device byte recv 14 atn 1 eoi 0
+3092.371021628: grid210x_device byte recv 25 atn 1 eoi 0
+3092.371207633: grid210x_device now listening
+3092.372430661: grid210x_device byte recv 04 atn 0 eoi 0
+3092.372522664: grid210x_device byte recv 00 atn 0 eoi 0
+3092.372596665: grid210x_device byte recv 00 atn 0 eoi 0
+3092.372668667: grid210x_device byte recv ff atn 0 eoi 0
+3092.372736669: grid210x_device byte recv fd atn 0 eoi 0
+3092.372806670: grid210x_device byte recv 00 atn 0 eoi 0
+3092.372876672: grid210x_device byte recv 00 atn 0 eoi 0
+3092.372943673: grid210x_device byte recv 00 atn 0 eoi 0
+3092.373013675: grid210x_device byte recv 02 atn 0 eoi 0
+3092.374414708: grid210x_device byte recv 3f atn 1 eoi 0
+3092.374461709: grid210x_device now not listening
+3109.512813659: grid210x_device byte recv 14 atn 1 eoi 0
+3110.043550055: grid210x_device byte recv 25 atn 1 eoi 0
+3110.043617057: grid210x_device now listening
+3110.044958088: grid210x_device byte recv 01 atn 0 eoi 0
+3110.045051090: grid210x_device byte recv 00 atn 0 eoi 0
+3110.045126092: grid210x_device byte recv 00 atn 0 eoi 0
+3110.045197094: grid210x_device byte recv 00 atn 0 eoi 0
+3110.045269096: grid210x_device byte recv 00 atn 0 eoi 0
+3110.045496101: grid210x_device byte recv 00 atn 0 eoi 0
+3110.045575103: grid210x_device byte recv 00 atn 0 eoi 0
+3110.045645104: grid210x_device byte recv 36 atn 0 eoi 0
+3110.045715106: grid210x_device byte recv 00 atn 0 eoi 0
+3110.047038137: grid210x_device byte recv 00 atn 0 eoi 1
+3110.047126139: grid210x_device byte recv 3f atn 1 eoi 0
+3110.047155140: grid210x_device now not listening
+3110.047167140: grid210x_device command 1, data size 54, sector no 0
+3110.049331190: grid210x_device byte recv 45 atn 1 eoi 0
+3110.049385192: grid210x_device now talking
+3110.050689222: grid210x_device byte send 00 eoi 0
+3110.051059231: grid210x_device byte send 02 eoi 0
+3110.051120232: grid210x_device byte send f8 eoi 0
+3110.051175233: grid210x_device byte send 01 eoi 0
+3110.051231235: grid210x_device byte send d0 eoi 0
+3110.051283236: grid210x_device byte send 02 eoi 0
+3110.051337237: grid210x_device byte send 01 eoi 0
+3110.051389238: grid210x_device byte send 20 eoi 0
+3110.051441240: grid210x_device byte send 01 eoi 0
+3110.051497241: grid210x_device byte send 21 eoi 0
+3110.051550242: grid210x_device byte send 01 eoi 0
+3110.051603243: grid210x_device byte send 01 eoi 0
+3110.051805248: grid210x_device byte send 00 eoi 0
+3110.051865250: grid210x_device byte send 00 eoi 0
+3110.051920251: grid210x_device byte send 34 eoi 0
+3110.051974252: grid210x_device byte send 38 eoi 0
+3110.052026253: grid210x_device byte send 20 eoi 0
+3110.052419263: grid210x_device byte send 54 eoi 0
+3110.052547265: grid210x_device byte send 50 eoi 0
+3110.052650268: grid210x_device byte send 49 eoi 0
+3110.052913274: grid210x_device byte send 20 eoi 0
+3110.052974275: grid210x_device byte send 44 eoi 0
+3110.053030277: grid210x_device byte send 53 eoi 0
+3110.053085278: grid210x_device byte send 20 eoi 0
+3110.053138279: grid210x_device byte send 44 eoi 0
+3110.053192281: grid210x_device byte send 44 eoi 0
+3110.053245282: grid210x_device byte send 20 eoi 0
+3110.053298283: grid210x_device byte send 46 eoi 0
+3110.053349284: grid210x_device byte send 4c eoi 0
+3110.053403285: grid210x_device byte send 4f eoi 0
+3110.053458287: grid210x_device byte send 50 eoi 0
+3110.053512288: grid210x_device byte send 50 eoi 0
+3110.053565289: grid210x_device byte send 59 eoi 0
+3110.053622291: grid210x_device byte send 20 eoi 0
+3110.053675292: grid210x_device byte send 20 eoi 0
+3110.053729293: grid210x_device byte send 20 eoi 0
+3110.053940298: grid210x_device byte send 20 eoi 0
+3110.054016300: grid210x_device byte send 33 eoi 0
+3110.054073301: grid210x_device byte send 30 eoi 0
+3110.054128302: grid210x_device byte send 30 eoi 0
+3110.054182304: grid210x_device byte send 32 eoi 0
+3110.054236305: grid210x_device byte send 33 eoi 0
+3110.054289306: grid210x_device byte send 37 eoi 0
+3110.054341307: grid210x_device byte send 2d eoi 0
+3110.054395309: grid210x_device byte send 30 eoi 0
+3110.054450310: grid210x_device byte send 30 eoi 0
+3110.054503311: grid210x_device byte send 00 eoi 0
+3110.054556312: grid210x_device byte send 02 eoi 0
+3110.054609314: grid210x_device byte send 09 eoi 0
+3110.054662315: grid210x_device byte send 00 eoi 0
+3110.054716316: grid210x_device byte send 02 eoi 0
+3110.054765317: grid210x_device byte send 00 eoi 1
+3110.055308330: grid210x_device byte recv 5f atn 1 eoi 0
+3110.055353331: grid210x_device now not talking
+3110.058120396: grid210x_device byte recv 25 atn 1 eoi 0
+3110.058170397: grid210x_device now listening
+3110.059631431: grid210x_device byte recv 04 atn 0 eoi 0
+3110.059724433: grid210x_device byte recv 00 atn 0 eoi 0
+3110.059794435: grid210x_device byte recv 00 atn 0 eoi 0
+3110.059863436: grid210x_device byte recv 00 atn 0 eoi 0
+3110.059934438: grid210x_device byte recv 00 atn 0 eoi 0
+3110.060219445: grid210x_device byte recv 00 atn 0 eoi 0
+3110.060310447: grid210x_device byte recv 00 atn 0 eoi 0
+3110.060384449: grid210x_device byte recv 00 atn 0 eoi 0
+3110.060507451: grid210x_device byte recv 02 atn 0 eoi 0
+3110.061781481: grid210x_device byte recv 00 atn 0 eoi 1
+3110.061873483: grid210x_device byte recv 3f atn 1 eoi 0
+3110.061902484: grid210x_device now not listening
+3110.061915484: grid210x_device command 4, data size 512, sector no 0
+3110.062933508: grid210x_device byte recv 18 atn 1 eoi 0
+3110.063044511: grid210x_device byte recv 45 atn 1 eoi 0
+3110.063077511: grid210x_device now talking
+3110.063109512: grid210x_device byte send 4f eoi 0
+3110.063244515: grid210x_device byte recv 19 atn 1 eoi 0
+3110.063455520: grid210x_device byte recv 5f atn 1 eoi 0
+3110.063496521: grid210x_device now not talking
+3110.065078558: grid210x_device byte recv 45 atn 1 eoi 0
+3110.065124559: grid210x_device now talking
+3110.066388589: grid210x_device byte send 53 eoi 0
+3110.066890601: grid210x_device byte send 79 eoi 0
+3110.066966602: grid210x_device byte send 73 eoi 0
+3110.067024604: grid210x_device byte send 74 eoi 0
+3110.067081605: grid210x_device byte send 65 eoi 0
+3110.067136606: grid210x_device byte send 6d eoi 0
+3110.067187607: grid210x_device byte send 20 eoi 0
+3110.067240609: grid210x_device byte send 44 eoi 0
+3110.067292610: grid210x_device byte send 69 eoi 0
+3110.067346611: grid210x_device byte send 73 eoi 0
+3110.067398612: grid210x_device byte send 6b eoi 0
+3110.067453614: grid210x_device byte send 21 eoi 0
+3110.067629618: grid210x_device byte send 21 eoi 0
+3110.067703620: grid210x_device byte send 00 eoi 0
+3110.067763621: grid210x_device byte send 00 eoi 0
+3110.067818622: grid210x_device byte send 00 eoi 0
+3110.068182631: grid210x_device byte send 00 eoi 0
+3110.068249632: grid210x_device byte send 00 eoi 0
+3110.068303634: grid210x_device byte send 00 eoi 0
+3110.068356635: grid210x_device byte send 00 eoi 0
+3110.068410636: grid210x_device byte send 00 eoi 0
+3110.068525639: grid210x_device byte send 00 eoi 0
+3110.068808645: grid210x_device byte send 00 eoi 0
+3110.068884647: grid210x_device byte send 00 eoi 0
+3110.068942648: grid210x_device byte send 00 eoi 0
+3110.068999650: grid210x_device byte send 00 eoi 0
+3110.069053651: grid210x_device byte send 00 eoi 0
+3110.069107652: grid210x_device byte send 00 eoi 0
+3110.069159654: grid210x_device byte send 00 eoi 0
+3110.069214655: grid210x_device byte send 00 eoi 0
+3110.069268656: grid210x_device byte send 00 eoi 0
+3110.069320657: grid210x_device byte send 00 eoi 0
+3110.069376659: grid210x_device byte send 00 eoi 0
+3110.069431660: grid210x_device byte send 00 eoi 0
+3110.069486661: grid210x_device byte send 00 eoi 0
+3110.069538662: grid210x_device byte send 00 eoi 0
+3110.069590664: grid210x_device byte send 00 eoi 0
+3110.069642665: grid210x_device byte send 00 eoi 0
+3110.069851670: grid210x_device byte send 00 eoi 0
+3110.069927671: grid210x_device byte send 00 eoi 0
+3110.069984673: grid210x_device byte send 00 eoi 0
+3110.070110676: grid210x_device byte send 00 eoi 0
+3110.070176677: grid210x_device byte send 00 eoi 0
+3110.070231679: grid210x_device byte send 00 eoi 0
+3110.070284680: grid210x_device byte send 00 eoi 0
+3110.070338681: grid210x_device byte send 00 eoi 0
+3110.070394682: grid210x_device byte send 00 eoi 0
+3110.070445684: grid210x_device byte send 00 eoi 0
+3110.070500685: grid210x_device byte send 00 eoi 0
+3110.070553686: grid210x_device byte send 00 eoi 0
+3110.070607687: grid210x_device byte send 00 eoi 0
+3110.070660689: grid210x_device byte send 00 eoi 0
+3110.070714690: grid210x_device byte send 00 eoi 0
+3110.070902694: grid210x_device byte send 00 eoi 0
+3110.070975696: grid210x_device byte send 00 eoi 0
+3110.071032697: grid210x_device byte send 00 eoi 0
+3110.071089699: grid210x_device byte send 00 eoi 0
+3110.071141700: grid210x_device byte send 00 eoi 0
+3110.071194701: grid210x_device byte send 00 eoi 0
+3110.071249702: grid210x_device byte send 00 eoi 0
+3110.071301704: grid210x_device byte send 00 eoi 0
+3110.071354705: grid210x_device byte send 00 eoi 0
+3110.071406706: grid210x_device byte send 00 eoi 0
+3110.071460707: grid210x_device byte send 00 eoi 0
+3110.071515709: grid210x_device byte send 00 eoi 0
+3110.071568710: grid210x_device byte send 00 eoi 0
+3110.071623711: grid210x_device byte send 00 eoi 0
+3110.071676712: grid210x_device byte send 00 eoi 0
+3110.071730714: grid210x_device byte send 00 eoi 0
+3110.071783715: grid210x_device byte send 00 eoi 0
+3110.071974719: grid210x_device byte send 00 eoi 0
+3110.072044721: grid210x_device byte send 00 eoi 0
+3110.072101722: grid210x_device byte send 00 eoi 0
+3110.072153723: grid210x_device byte send 00 eoi 0
+3110.072207725: grid210x_device byte send 00 eoi 0
+3110.072261726: grid210x_device byte send 00 eoi 0
+3110.072314727: grid210x_device byte send 00 eoi 0
+3110.072368728: grid210x_device byte send 00 eoi 0
+3110.072421730: grid210x_device byte send 00 eoi 0
+3110.072473731: grid210x_device byte send 00 eoi 0
+3110.072525732: grid210x_device byte send 00 eoi 0
+3110.072582733: grid210x_device byte send 00 eoi 0
+3110.072635735: grid210x_device byte send 00 eoi 0
+3110.072687736: grid210x_device byte send 00 eoi 0
+3110.072741737: grid210x_device byte send 00 eoi 0
+3110.072797738: grid210x_device byte send 00 eoi 0
+3110.072849740: grid210x_device byte send 00 eoi 0
+3110.073029744: grid210x_device byte send 00 eoi 0
+3110.073097746: grid210x_device byte send 00 eoi 0
+3110.073155747: grid210x_device byte send 00 eoi 0
+3110.073210748: grid210x_device byte send 00 eoi 0
+3110.073264749: grid210x_device byte send 00 eoi 0
+3110.073318751: grid210x_device byte send 00 eoi 0
+3110.073375752: grid210x_device byte send 00 eoi 0
+3110.073427753: grid210x_device byte send 00 eoi 0
+3110.073785762: grid210x_device byte send 00 eoi 0
+3110.073851763: grid210x_device byte send 00 eoi 0
+3110.073908764: grid210x_device byte send 00 eoi 0
+3110.074150770: grid210x_device byte send 00 eoi 0
+3110.074221772: grid210x_device byte send 00 eoi 0
+3110.074276773: grid210x_device byte send 00 eoi 0
+3110.074331774: grid210x_device byte send 00 eoi 0
+3110.074385776: grid210x_device byte send 00 eoi 0
+3110.074438777: grid210x_device byte send 00 eoi 0
+3110.074493778: grid210x_device byte send 00 eoi 0
+3110.074546779: grid210x_device byte send 00 eoi 0
+3110.074599781: grid210x_device byte send 00 eoi 0
+3110.074655782: grid210x_device byte send 00 eoi 0
+3110.074709783: grid210x_device byte send 00 eoi 0
+3110.074762784: grid210x_device byte send 00 eoi 0
+3110.074814786: grid210x_device byte send 00 eoi 0
+3110.074869787: grid210x_device byte send 00 eoi 0
+3110.074922788: grid210x_device byte send 00 eoi 0
+3110.074977789: grid210x_device byte send 00 eoi 0
+3110.075193794: grid210x_device byte send 00 eoi 0
+3110.075274796: grid210x_device byte send 00 eoi 0
+3110.075446800: grid210x_device byte send 00 eoi 0
+3110.075503802: grid210x_device byte send 00 eoi 0
+3110.075555803: grid210x_device byte send 00 eoi 0
+3110.075609804: grid210x_device byte send 00 eoi 0
+3110.075662805: grid210x_device byte send 00 eoi 0
+3110.075716807: grid210x_device byte send 00 eoi 0
+3110.075769808: grid210x_device byte send 00 eoi 0
+3110.075822809: grid210x_device byte send 00 eoi 0
+3110.075877810: grid210x_device byte send 00 eoi 0
+3110.075931812: grid210x_device byte send 00 eoi 0
+3110.075985813: grid210x_device byte send 00 eoi 0
+3110.076039814: grid210x_device byte send 00 eoi 0
+3110.076091815: grid210x_device byte send 00 eoi 0
+3110.076285820: grid210x_device byte send 00 eoi 0
+3110.076356822: grid210x_device byte send 00 eoi 0
+3110.076412823: grid210x_device byte send 00 eoi 0
+3110.076522826: grid210x_device byte send 00 eoi 0
+3110.076622828: grid210x_device byte send 00 eoi 0
+3110.076685829: grid210x_device byte send 00 eoi 0
+3110.076743831: grid210x_device byte send 00 eoi 0
+3110.076797832: grid210x_device byte send 00 eoi 0
+3110.076854833: grid210x_device byte send 00 eoi 0
+3110.076908835: grid210x_device byte send 00 eoi 0
+3110.076963836: grid210x_device byte send 00 eoi 0
+3110.077016837: grid210x_device byte send 00 eoi 0
+3110.077068838: grid210x_device byte send 00 eoi 0
+3110.077123840: grid210x_device byte send 00 eoi 0
+3110.077320844: grid210x_device byte send 00 eoi 0
+3110.077394846: grid210x_device byte send 00 eoi 0
+3110.077452847: grid210x_device byte send 00 eoi 0
+3110.077507849: grid210x_device byte send 00 eoi 0
+3110.077560850: grid210x_device byte send 00 eoi 0
+3110.077615851: grid210x_device byte send 00 eoi 0
+3110.077668852: grid210x_device byte send 00 eoi 0
+3110.077721854: grid210x_device byte send 00 eoi 0
+3110.077775855: grid210x_device byte send 00 eoi 0
+3110.077829856: grid210x_device byte send 00 eoi 0
+3110.077880857: grid210x_device byte send 00 eoi 0
+3110.077931858: grid210x_device byte send 00 eoi 0
+3110.077985860: grid210x_device byte send 00 eoi 0
+3110.078038861: grid210x_device byte send 00 eoi 0
+3110.078091862: grid210x_device byte send 00 eoi 0
+3110.078143863: grid210x_device byte send 00 eoi 0
+3110.078194865: grid210x_device byte send 00 eoi 0
+3110.078381869: grid210x_device byte send 00 eoi 0
+3110.078452871: grid210x_device byte send 00 eoi 0
+3110.078512872: grid210x_device byte send 00 eoi 0
+3110.078566873: grid210x_device byte send 00 eoi 0
+3110.078624875: grid210x_device byte send 00 eoi 0
+3110.078676876: grid210x_device byte send 00 eoi 0
+3110.078729877: grid210x_device byte send 00 eoi 0
+3110.078783878: grid210x_device byte send 00 eoi 0
+3110.078838880: grid210x_device byte send 00 eoi 0
+3110.078891881: grid210x_device byte send 00 eoi 0
+3110.078943882: grid210x_device byte send 00 eoi 0
+3110.078997883: grid210x_device byte send 00 eoi 0
+3110.079049885: grid210x_device byte send 00 eoi 0
+3110.079100886: grid210x_device byte send 00 eoi 0
+3110.079601897: grid210x_device byte send 00 eoi 0
+3110.079670899: grid210x_device byte send 00 eoi 0
+3110.079729900: grid210x_device byte send 00 eoi 0
+3110.079784902: grid210x_device byte send 00 eoi 0
+3110.079839903: grid210x_device byte send 00 eoi 0
+3110.079894904: grid210x_device byte send 00 eoi 0
+3110.079950906: grid210x_device byte send 00 eoi 0
+3110.080086909: grid210x_device byte send 00 eoi 0
+3110.080157910: grid210x_device byte send 00 eoi 0
+3110.080214912: grid210x_device byte send 00 eoi 0
+3110.080268913: grid210x_device byte send 00 eoi 0
+3110.080322914: grid210x_device byte send 00 eoi 0
+3110.080375915: grid210x_device byte send 00 eoi 0
+3110.080593921: grid210x_device byte send 00 eoi 0
+3110.080667922: grid210x_device byte send 00 eoi 0
+3110.080726924: grid210x_device byte send 00 eoi 0
+3110.080779925: grid210x_device byte send 00 eoi 0
+3110.080834926: grid210x_device byte send 00 eoi 0
+3110.080887927: grid210x_device byte send 00 eoi 0
+3110.080940929: grid210x_device byte send 00 eoi 0
+3110.080996930: grid210x_device byte send 00 eoi 0
+3110.081049931: grid210x_device byte send 00 eoi 0
+3110.081104933: grid210x_device byte send 00 eoi 0
+3110.081155934: grid210x_device byte send 00 eoi 0
+3110.081210935: grid210x_device byte send 00 eoi 0
+3110.081261936: grid210x_device byte send 00 eoi 0
+3110.081314937: grid210x_device byte send 00 eoi 0
+3110.081369939: grid210x_device byte send 00 eoi 0
+3110.081421940: grid210x_device byte send 00 eoi 0
+3110.081474941: grid210x_device byte send 00 eoi 0
+3110.081663946: grid210x_device byte send 00 eoi 0
+3110.081733947: grid210x_device byte send 00 eoi 0
+3110.081791949: grid210x_device byte send 00 eoi 0
+3110.081845950: grid210x_device byte send 00 eoi 0
+3110.081900951: grid210x_device byte send 00 eoi 0
+3110.081953952: grid210x_device byte send 00 eoi 0
+3110.082005954: grid210x_device byte send 00 eoi 0
+3110.082057955: grid210x_device byte send 00 eoi 0
+3110.082111956: grid210x_device byte send 00 eoi 0
+3110.082165957: grid210x_device byte send 00 eoi 0
+3110.082217959: grid210x_device byte send 00 eoi 0
+3110.082271960: grid210x_device byte send 00 eoi 0
+3110.082326961: grid210x_device byte send 00 eoi 0
+3110.082378962: grid210x_device byte send 00 eoi 0
+3110.082430963: grid210x_device byte send 00 eoi 0
+3110.082484965: grid210x_device byte send 00 eoi 0
+3110.082536966: grid210x_device byte send 00 eoi 0
+3110.082730971: grid210x_device byte send 00 eoi 0
+3110.082791972: grid210x_device byte send 00 eoi 0
+3110.082846973: grid210x_device byte send 00 eoi 0
+3110.082901974: grid210x_device byte send 00 eoi 0
+3110.082953976: grid210x_device byte send 00 eoi 0
+3110.083006977: grid210x_device byte send 00 eoi 0
+3110.083059978: grid210x_device byte send 00 eoi 0
+3110.083114979: grid210x_device byte send 00 eoi 0
+3110.083168981: grid210x_device byte send 00 eoi 0
+3110.083220982: grid210x_device byte send 00 eoi 0
+3110.083274983: grid210x_device byte send 00 eoi 0
+3110.083329984: grid210x_device byte send 00 eoi 0
+3110.083382986: grid210x_device byte send 00 eoi 0
+3110.083435987: grid210x_device byte send 00 eoi 0
+3110.083489988: grid210x_device byte send 00 eoi 0
+3110.083542989: grid210x_device byte send 00 eoi 0
+3110.083595991: grid210x_device byte send 00 eoi 0
+3110.083796995: grid210x_device byte send 00 eoi 0
+3110.083854997: grid210x_device byte send 00 eoi 0
+3110.083910998: grid210x_device byte send 00 eoi 0
+3110.083965999: grid210x_device byte send 00 eoi 0
+3110.084020001: grid210x_device byte send 00 eoi 0
+3110.084073002: grid210x_device byte send 00 eoi 0
+3110.084141003: grid210x_device byte send 00 eoi 0
+3110.084197005: grid210x_device byte send 00 eoi 0
+3110.084252006: grid210x_device byte send 00 eoi 0
+3110.084305007: grid210x_device byte send 00 eoi 0
+3110.084362009: grid210x_device byte send 00 eoi 0
+3110.084414010: grid210x_device byte send 00 eoi 0
+3110.084522012: grid210x_device byte send 00 eoi 0
+3110.084623015: grid210x_device byte send 00 eoi 0
+3110.084837020: grid210x_device byte send 00 eoi 0
+3110.085221029: grid210x_device byte send 00 eoi 0
+3110.085286030: grid210x_device byte send 00 eoi 0
+3110.085342031: grid210x_device byte send 00 eoi 0
+3110.085395033: grid210x_device byte send 00 eoi 0
+3110.085446034: grid210x_device byte send 00 eoi 0
+3110.085501035: grid210x_device byte send 00 eoi 0
+3110.085554036: grid210x_device byte send 00 eoi 0
+3110.085607038: grid210x_device byte send 00 eoi 0
+3110.085661039: grid210x_device byte send 00 eoi 0
+3110.085715040: grid210x_device byte send 00 eoi 0
+3110.085981046: grid210x_device byte send 00 eoi 0
+3110.086040048: grid210x_device byte send 00 eoi 0
+3110.086096049: grid210x_device byte send 00 eoi 0
+3110.086150050: grid210x_device byte send 00 eoi 0
+3110.086204052: grid210x_device byte send 00 eoi 0
+3110.086257053: grid210x_device byte send 00 eoi 0
+3110.086310054: grid210x_device byte send 00 eoi 0
+3110.086364055: grid210x_device byte send 00 eoi 0
+3110.086419057: grid210x_device byte send 00 eoi 0
+3110.086471058: grid210x_device byte send 00 eoi 0
+3110.086525059: grid210x_device byte send 00 eoi 0
+3110.086578060: grid210x_device byte send 00 eoi 0
+3110.086629062: grid210x_device byte send 00 eoi 0
+3110.086680063: grid210x_device byte send 00 eoi 0
+3110.086735064: grid210x_device byte send 00 eoi 0
+3110.086787065: grid210x_device byte send 00 eoi 0
+3110.086978070: grid210x_device byte send 00 eoi 0
+3110.087050071: grid210x_device byte send 00 eoi 0
+3110.087108073: grid210x_device byte send 00 eoi 0
+3110.087162074: grid210x_device byte send 00 eoi 0
+3110.087217075: grid210x_device byte send 00 eoi 0
+3110.087270077: grid210x_device byte send 00 eoi 0
+3110.087322078: grid210x_device byte send 00 eoi 0
+3110.087375079: grid210x_device byte send 00 eoi 0
+3110.087427080: grid210x_device byte send 00 eoi 0
+3110.087481081: grid210x_device byte send 00 eoi 0
+3110.087533083: grid210x_device byte send 00 eoi 0
+3110.087588084: grid210x_device byte send 00 eoi 0
+3110.087640085: grid210x_device byte send 00 eoi 0
+3110.087694086: grid210x_device byte send 00 eoi 0
+3110.087751088: grid210x_device byte send 00 eoi 0
+3110.087804089: grid210x_device byte send 00 eoi 0
+3110.087857090: grid210x_device byte send 00 eoi 0
+3110.088040095: grid210x_device byte send 00 eoi 0
+3110.088110096: grid210x_device byte send 00 eoi 0
+3110.088165097: grid210x_device byte send 00 eoi 0
+3110.088218099: grid210x_device byte send 00 eoi 0
+3110.088270100: grid210x_device byte send 00 eoi 0
+3110.088323101: grid210x_device byte send 00 eoi 0
+3110.088376102: grid210x_device byte send 00 eoi 0
+3110.088428104: grid210x_device byte send 00 eoi 0
+3110.088482105: grid210x_device byte send 00 eoi 0
+3110.088535106: grid210x_device byte send 00 eoi 0
+3110.088589107: grid210x_device byte send 00 eoi 0
+3110.088644109: grid210x_device byte send 00 eoi 0
+3110.088697110: grid210x_device byte send 00 eoi 0
+3110.088754111: grid210x_device byte send 00 eoi 0
+3110.088806112: grid210x_device byte send 00 eoi 0
+3110.088861114: grid210x_device byte send 00 eoi 0
+3110.088915115: grid210x_device byte send 00 eoi 0
+3110.089104119: grid210x_device byte send 00 eoi 0
+3110.089173121: grid210x_device byte send 00 eoi 0
+3110.089230122: grid210x_device byte send 00 eoi 0
+3110.089283124: grid210x_device byte send 00 eoi 0
+3110.089338125: grid210x_device byte send 00 eoi 0
+3110.089390126: grid210x_device byte send 00 eoi 0
+3110.089442127: grid210x_device byte send 00 eoi 0
+3110.089499129: grid210x_device byte send 00 eoi 0
+3110.089551130: grid210x_device byte send 00 eoi 0
+3110.089605131: grid210x_device byte send 00 eoi 0
+3110.089659132: grid210x_device byte send 00 eoi 0
+3110.089714134: grid210x_device byte send 00 eoi 0
+3110.089768135: grid210x_device byte send 00 eoi 0
+3110.089820136: grid210x_device byte send 00 eoi 0
+3110.089874137: grid210x_device byte send 00 eoi 0
+3110.089926139: grid210x_device byte send 00 eoi 0
+3110.089979140: grid210x_device byte send 00 eoi 0
+3110.090222145: grid210x_device byte send 00 eoi 0
+3110.090615155: grid210x_device byte send 00 eoi 0
+3110.090685156: grid210x_device byte send 00 eoi 0
+3110.090741158: grid210x_device byte send 00 eoi 0
+3110.090795159: grid210x_device byte send 00 eoi 0
+3110.090850160: grid210x_device byte send 00 eoi 0
+3110.090903161: grid210x_device byte send 00 eoi 0
+3110.090957163: grid210x_device byte send 00 eoi 0
+3110.091010164: grid210x_device byte send 00 eoi 0
+3110.091062165: grid210x_device byte send 00 eoi 0
+3110.091322171: grid210x_device byte send 00 eoi 0
+3110.091397173: grid210x_device byte send 00 eoi 0
+3110.091455174: grid210x_device byte send 00 eoi 0
+3110.091508176: grid210x_device byte send 00 eoi 0
+3110.091563177: grid210x_device byte send 00 eoi 0
+3110.091745181: grid210x_device byte send 00 eoi 0
+3110.091798182: grid210x_device byte send 00 eoi 0
+3110.091850184: grid210x_device byte send 00 eoi 0
+3110.091902185: grid210x_device byte send 00 eoi 0
+3110.091956186: grid210x_device byte send 00 eoi 0
+3110.092009187: grid210x_device byte send 00 eoi 0
+3110.092061188: grid210x_device byte send 00 eoi 0
+3110.092113190: grid210x_device byte send 00 eoi 0
+3110.092167191: grid210x_device byte send 00 eoi 0
+3110.092255193: grid210x_device byte send 00 eoi 0
+3110.092417197: grid210x_device byte send 00 eoi 0
+3110.092533199: grid210x_device byte send 00 eoi 0
+3110.092635202: grid210x_device byte send 00 eoi 0
+3110.092697203: grid210x_device byte send 00 eoi 0
+3110.092754205: grid210x_device byte send 00 eoi 0
+3110.092810206: grid210x_device byte send 00 eoi 0
+3110.092862207: grid210x_device byte send 00 eoi 0
+3110.092916208: grid210x_device byte send 00 eoi 0
+3110.092969210: grid210x_device byte send 00 eoi 0
+3110.093022211: grid210x_device byte send 00 eoi 0
+3110.093076212: grid210x_device byte send 00 eoi 0
+3110.093129213: grid210x_device byte send 00 eoi 0
+3110.093182215: grid210x_device byte send 00 eoi 0
+3110.093236216: grid210x_device byte send 00 eoi 0
+3110.093439221: grid210x_device byte send 00 eoi 0
+3110.093509222: grid210x_device byte send 00 eoi 0
+3110.093566224: grid210x_device byte send 00 eoi 0
+3110.093622225: grid210x_device byte send 00 eoi 0
+3110.093674226: grid210x_device byte send 00 eoi 0
+3110.093731227: grid210x_device byte send 00 eoi 0
+3110.093784229: grid210x_device byte send 00 eoi 0
+3110.093839230: grid210x_device byte send 00 eoi 0
+3110.093892231: grid210x_device byte send 00 eoi 0
+3110.093945232: grid210x_device byte send 00 eoi 0
+3110.093998234: grid210x_device byte send 00 eoi 0
+3110.094050235: grid210x_device byte send 00 eoi 0
+3110.094104236: grid210x_device byte send 00 eoi 0
+3110.094157237: grid210x_device byte send 00 eoi 0
+3110.094211239: grid210x_device byte send 00 eoi 0
+3110.094263240: grid210x_device byte send 00 eoi 0
+3110.094316241: grid210x_device byte send 00 eoi 0
+3110.094502245: grid210x_device byte send 00 eoi 0
+3110.094571247: grid210x_device byte send 00 eoi 0
+3110.094628248: grid210x_device byte send 00 eoi 0
+3110.094683250: grid210x_device byte send 00 eoi 0
+3110.094738251: grid210x_device byte send 00 eoi 0
+3110.094791252: grid210x_device byte send 00 eoi 0
+3110.094844253: grid210x_device byte send 00 eoi 0
+3110.094898255: grid210x_device byte send 00 eoi 0
+3110.094952256: grid210x_device byte send 00 eoi 0
+3110.095005257: grid210x_device byte send 00 eoi 0
+3110.095058258: grid210x_device byte send 00 eoi 0
+3110.095113260: grid210x_device byte send 00 eoi 0
+3110.095166261: grid210x_device byte send 00 eoi 0
+3110.095220262: grid210x_device byte send 00 eoi 0
+3110.095273263: grid210x_device byte send 00 eoi 0
+3110.095327265: grid210x_device byte send 00 eoi 0
+3110.095380266: grid210x_device byte send 00 eoi 0
+3110.095560270: grid210x_device byte send 00 eoi 0
+3110.095640272: grid210x_device byte send 00 eoi 0
+3110.095697273: grid210x_device byte send 00 eoi 0
+3110.095754275: grid210x_device byte send 00 eoi 0
+3110.095808276: grid210x_device byte send 00 eoi 0
+3110.095861277: grid210x_device byte send 00 eoi 0
+3110.095913278: grid210x_device byte send 00 eoi 0
+3110.096235286: grid210x_device byte send 00 eoi 0
+3110.096301287: grid210x_device byte send 00 eoi 0
+3110.096356289: grid210x_device byte send 00 eoi 0
+3110.096409290: grid210x_device byte send 00 eoi 0
+3110.096667296: grid210x_device byte send 00 eoi 0
+3110.096741298: grid210x_device byte send 00 eoi 0
+3110.096798299: grid210x_device byte send 00 eoi 0
+3110.096856300: grid210x_device byte send 00 eoi 0
+3110.096912302: grid210x_device byte send 00 eoi 0
+3110.096966303: grid210x_device byte send 00 eoi 0
+3110.097019304: grid210x_device byte send 00 eoi 0
+3110.097071305: grid210x_device byte send 00 eoi 0
+3110.097125307: grid210x_device byte send 00 eoi 0
+3110.097177308: grid210x_device byte send 00 eoi 0
+3110.097230309: grid210x_device byte send 00 eoi 0
+3110.097282310: grid210x_device byte send 00 eoi 0
+3110.097335312: grid210x_device byte send 00 eoi 0
+3110.097388313: grid210x_device byte send 00 eoi 0
+3110.097441314: grid210x_device byte send 00 eoi 0
+3110.097495315: grid210x_device byte send 00 eoi 0
+3110.097547317: grid210x_device byte send 00 eoi 0
+3110.097745321: grid210x_device byte send 00 eoi 0
+3110.097816323: grid210x_device byte send 00 eoi 0
+3110.097874324: grid210x_device byte send 00 eoi 0
+3110.097926325: grid210x_device byte send 00 eoi 0
+3110.097981327: grid210x_device byte send 00 eoi 0
+3110.098034328: grid210x_device byte send 00 eoi 0
+3110.098088329: grid210x_device byte send 00 eoi 0
+3110.098141330: grid210x_device byte send 00 eoi 0
+3110.098194332: grid210x_device byte send 00 eoi 0
+3110.098248333: grid210x_device byte send 00 eoi 0
+3110.098301334: grid210x_device byte send 00 eoi 0
+3110.098354335: grid210x_device byte send 00 eoi 0
+3110.098406337: grid210x_device byte send 00 eoi 0
+3110.098461338: grid210x_device byte send 00 eoi 0
+3110.098514339: grid210x_device byte send 00 eoi 0
+3110.098566340: grid210x_device byte send 00 eoi 0
+3110.098619342: grid210x_device byte send 00 eoi 0
+3110.098816346: grid210x_device byte send 00 eoi 0
+3110.098879348: grid210x_device byte send 00 eoi 0
+3110.098934349: grid210x_device byte send 00 eoi 0
+3110.098988350: grid210x_device byte send 00 eoi 0
+3110.099040351: grid210x_device byte send 00 eoi 0
+3110.099094353: grid210x_device byte send 00 eoi 0
+3110.099146354: grid210x_device byte send 00 eoi 0
+3110.099198355: grid210x_device byte send 00 eoi 0
+3110.099252356: grid210x_device byte send 00 eoi 0
+3110.099304358: grid210x_device byte send 00 eoi 0
+3110.099358359: grid210x_device byte send 00 eoi 0
+3110.099412360: grid210x_device byte send 00 eoi 0
+3110.099466361: grid210x_device byte send 00 eoi 0
+3110.099520363: grid210x_device byte send 00 eoi 0
+3110.099572364: grid210x_device byte send 00 eoi 0
+3110.099626365: grid210x_device byte send 00 eoi 0
+3110.099805369: grid210x_device byte send 00 eoi 0
+3110.099880371: grid210x_device byte send 00 eoi 0
+3110.099937372: grid210x_device byte send 00 eoi 0
+3110.099994374: grid210x_device byte send 00 eoi 0
+3110.100125377: grid210x_device byte send 00 eoi 0
+3110.100186378: grid210x_device byte send 00 eoi 0
+3110.100240379: grid210x_device byte send 00 eoi 0
+3110.100293381: grid210x_device byte send 00 eoi 0
+3110.100345382: grid210x_device byte send 00 eoi 0
+3110.100397383: grid210x_device byte send 00 eoi 0
+3110.100448384: grid210x_device byte send 00 eoi 0
+3110.100561387: grid210x_device byte send 00 eoi 0
+3110.100657389: grid210x_device byte send 00 eoi 0
+3110.100719391: grid210x_device byte send 00 eoi 0
+3110.100953396: grid210x_device byte send 00 eoi 0
+3110.101021398: grid210x_device byte send 00 eoi 0
+3110.101076399: grid210x_device byte send 00 eoi 0
+3110.101129400: grid210x_device byte send 00 eoi 0
+3110.101182401: grid210x_device byte send 00 eoi 0
+3110.101237403: grid210x_device byte send 00 eoi 0
+3110.101291404: grid210x_device byte send 00 eoi 0
+3110.101343405: grid210x_device byte send 00 eoi 0
+3110.101396406: grid210x_device byte send 00 eoi 0
+3110.101448408: grid210x_device byte send 00 eoi 0
+3110.101503409: grid210x_device byte send 00 eoi 0
+3110.102054422: grid210x_device byte send 00 eoi 0
+3110.102130424: grid210x_device byte send 00 eoi 0
+3110.102186425: grid210x_device byte send 00 eoi 0
+3110.102240426: grid210x_device byte send 00 eoi 0
+3110.102293427: grid210x_device byte send 00 eoi 0
+3110.102345429: grid210x_device byte send 00 eoi 0
+3110.102398430: grid210x_device byte send 00 eoi 0
+3110.102452431: grid210x_device byte send 00 eoi 0
+3110.102504432: grid210x_device byte send 00 eoi 0
+3110.102556434: grid210x_device byte send 00 eoi 0
+3110.102608435: grid210x_device byte send 00 eoi 0
+3110.102660436: grid210x_device byte send 00 eoi 0
+3110.102716437: grid210x_device byte send 00 eoi 0
+3110.102769439: grid210x_device byte send 00 eoi 0
+3110.102821440: grid210x_device byte send 00 eoi 0
+3110.102875441: grid210x_device byte send 00 eoi 0
+3110.103058445: grid210x_device byte send 00 eoi 0
+3110.103136447: grid210x_device byte send 00 eoi 0
+3110.103195449: grid210x_device byte send 00 eoi 0
+3110.103251450: grid210x_device byte send 00 eoi 0
+3110.103304451: grid210x_device byte send 00 eoi 0
+3110.103358452: grid210x_device byte send 00 eoi 0
+3110.103407453: grid210x_device byte send 00 eoi 1
+3110.103947466: grid210x_device byte recv 5f atn 1 eoi 0
+3110.103976467: grid210x_device now not talking
+3110.106653529: grid210x_device byte recv 25 atn 1 eoi 0
+3110.106708531: grid210x_device now listening
+3110.108339569: grid210x_device byte recv 05 atn 0 eoi 0
+3110.108432571: grid210x_device byte recv 00 atn 0 eoi 0
+3110.108558574: grid210x_device byte recv 00 atn 0 eoi 0
+3110.108674576: grid210x_device byte recv ff atn 0 eoi 0
+3110.108748578: grid210x_device byte recv ff atn 0 eoi 0
+3110.108817580: grid210x_device byte recv ff atn 0 eoi 0
+3110.108887581: grid210x_device byte recv ff atn 0 eoi 0
+3110.108954583: grid210x_device byte recv 00 atn 0 eoi 0
+3110.109023585: grid210x_device byte recv 02 atn 0 eoi 0
+3110.110446618: grid210x_device byte recv 3f atn 1 eoi 0
+3110.110495619: grid210x_device now not listening
+3110.112945676: grid210x_device byte recv 25 atn 1 eoi 0
+3110.112995677: grid210x_device now listening
+3110.114675717: grid210x_device byte recv 00 atn 0 eoi 0
+3110.114768719: grid210x_device byte recv 02 atn 0 eoi 0
+3110.114838720: grid210x_device byte recv f8 atn 0 eoi 0
+3110.114907722: grid210x_device byte recv 01 atn 0 eoi 0
+3110.114977724: grid210x_device byte recv d0 atn 0 eoi 0
+3110.115046725: grid210x_device byte recv 02 atn 0 eoi 0
+3110.115119727: grid210x_device byte recv 01 atn 0 eoi 0
+3110.115188729: grid210x_device byte recv 20 atn 0 eoi 0
+3110.115258730: grid210x_device byte recv 01 atn 0 eoi 0
+3110.115324732: grid210x_device byte recv 21 atn 0 eoi 0
+3110.115394733: grid210x_device byte recv 01 atn 0 eoi 0
+3110.115463735: grid210x_device byte recv 01 atn 0 eoi 0
+3110.115661740: grid210x_device byte recv 00 atn 0 eoi 0
+3110.115749742: grid210x_device byte recv 00 atn 0 eoi 0
+3110.115823743: grid210x_device byte recv 34 atn 0 eoi 0
+3110.115894745: grid210x_device byte recv 38 atn 0 eoi 0
+3110.115964747: grid210x_device byte recv 20 atn 0 eoi 0
+3110.116030748: grid210x_device byte recv 54 atn 0 eoi 0
+3110.116099750: grid210x_device byte recv 50 atn 0 eoi 0
+3110.116168752: grid210x_device byte recv 49 atn 0 eoi 0
+3110.116234753: grid210x_device byte recv 20 atn 0 eoi 0
+3110.116303755: grid210x_device byte recv 44 atn 0 eoi 0
+3110.116370756: grid210x_device byte recv 53 atn 0 eoi 0
+3110.116433758: grid210x_device byte recv 20 atn 0 eoi 0
+3110.116559761: grid210x_device byte recv 44 atn 0 eoi 0
+3110.116842767: grid210x_device byte recv 44 atn 0 eoi 0
+3110.116920769: grid210x_device byte recv 20 atn 0 eoi 0
+3110.116989771: grid210x_device byte recv 46 atn 0 eoi 0
+3110.117058772: grid210x_device byte recv 4c atn 0 eoi 0
+3110.117127774: grid210x_device byte recv 4f atn 0 eoi 0
+3110.117194775: grid210x_device byte recv 50 atn 0 eoi 0
+3110.117264777: grid210x_device byte recv 50 atn 0 eoi 0
+3110.117330779: grid210x_device byte recv 59 atn 0 eoi 0
+3110.117398780: grid210x_device byte recv 20 atn 0 eoi 0
+3110.117963793: grid210x_device byte recv 20 atn 0 eoi 0
+3110.118044795: grid210x_device byte recv 20 atn 0 eoi 0
+3110.118115797: grid210x_device byte recv 20 atn 0 eoi 0
+3110.118184799: grid210x_device byte recv 33 atn 0 eoi 0
+3110.118254800: grid210x_device byte recv 30 atn 0 eoi 0
+3110.118320802: grid210x_device byte recv 30 atn 0 eoi 0
+3110.118390803: grid210x_device byte recv 32 atn 0 eoi 0
+3110.118459805: grid210x_device byte recv 33 atn 0 eoi 0
+3110.118528807: grid210x_device byte recv 37 atn 0 eoi 0
+3110.118594808: grid210x_device byte recv 2d atn 0 eoi 0
+3110.118659810: grid210x_device byte recv 30 atn 0 eoi 0
+3110.118724811: grid210x_device byte recv 30 atn 0 eoi 0
+3110.118924816: grid210x_device byte recv 00 atn 0 eoi 0
+3110.119016818: grid210x_device byte recv 02 atn 0 eoi 0
+3110.119090820: grid210x_device byte recv 09 atn 0 eoi 0
+3110.119160821: grid210x_device byte recv 00 atn 0 eoi 0
+3110.119230823: grid210x_device byte recv 02 atn 0 eoi 0
+3110.119300825: grid210x_device byte recv 00 atn 0 eoi 0
+3110.119369826: grid210x_device byte recv 00 atn 0 eoi 0
+3110.119440828: grid210x_device byte recv 01 atn 0 eoi 0
+3110.119509830: grid210x_device byte recv 00 atn 0 eoi 0
+3110.119577831: grid210x_device byte recv 00 atn 0 eoi 0
+3110.119644833: grid210x_device byte recv 00 atn 0 eoi 0
+3110.119710834: grid210x_device byte recv 02 atn 0 eoi 0
+3110.119779836: grid210x_device byte recv 00 atn 0 eoi 0
+3110.119845837: grid210x_device byte recv 00 atn 0 eoi 0
+3110.120194846: grid210x_device byte recv 00 atn 0 eoi 0
+3110.120286848: grid210x_device byte recv 00 atn 0 eoi 0
+3110.120359849: grid210x_device byte recv 00 atn 0 eoi 0
+3110.120431851: grid210x_device byte recv 00 atn 0 eoi 0
+3110.120500853: grid210x_device byte recv 00 atn 0 eoi 0
+3110.120570854: grid210x_device byte recv 02 atn 0 eoi 0
+3110.120641856: grid210x_device byte recv ff atn 0 eoi 0
+3110.120709858: grid210x_device byte recv ff atn 0 eoi 0
+3110.120776859: grid210x_device byte recv 00 atn 0 eoi 0
+3110.120846861: grid210x_device byte recv 02 atn 0 eoi 0
+3110.121057866: grid210x_device byte recv ff atn 0 eoi 0
+3110.121146868: grid210x_device byte recv ff atn 0 eoi 0
+3110.121216869: grid210x_device byte recv 02 atn 0 eoi 0
+3110.121285871: grid210x_device byte recv 02 atn 0 eoi 0
+3110.121355873: grid210x_device byte recv ff atn 0 eoi 0
+3110.121424874: grid210x_device byte recv ff atn 0 eoi 0
+3110.121491876: grid210x_device byte recv 02 atn 0 eoi 0
+3110.121560877: grid210x_device byte recv 02 atn 0 eoi 0
+3110.121630879: grid210x_device byte recv ff atn 0 eoi 0
+3110.121695881: grid210x_device byte recv ff atn 0 eoi 0
+3110.121764882: grid210x_device byte recv 00 atn 0 eoi 0
+3110.121835884: grid210x_device byte recv 02 atn 0 eoi 0
+3110.121902885: grid210x_device byte recv ff atn 0 eoi 0
+3110.122013888: grid210x_device byte recv ff atn 0 eoi 0
+3110.122203892: grid210x_device byte recv 00 atn 0 eoi 0
+3110.122276894: grid210x_device byte recv 02 atn 0 eoi 0
+3110.122346896: grid210x_device byte recv ff atn 0 eoi 0
+3110.122415897: grid210x_device byte recv ff atn 0 eoi 0
+3110.122480899: grid210x_device byte recv 00 atn 0 eoi 0
+3110.122550901: grid210x_device byte recv 02 atn 0 eoi 0
+3110.122620902: grid210x_device byte recv ff atn 0 eoi 0
+3110.122686904: grid210x_device byte recv ff atn 0 eoi 0
+3110.122754905: grid210x_device byte recv 00 atn 0 eoi 0
+3110.122826907: grid210x_device byte recv 02 atn 0 eoi 0
+3110.122894909: grid210x_device byte recv ff atn 0 eoi 0
+3110.122962910: grid210x_device byte recv ff atn 0 eoi 0
+3110.123030912: grid210x_device byte recv 02 atn 0 eoi 0
+3110.123241917: grid210x_device byte recv 02 atn 0 eoi 0
+3110.123319919: grid210x_device byte recv ff atn 0 eoi 0
+3110.123391920: grid210x_device byte recv ff atn 0 eoi 0
+3110.123461922: grid210x_device byte recv 02 atn 0 eoi 0
+3110.123531924: grid210x_device byte recv 02 atn 0 eoi 0
+3110.123600925: grid210x_device byte recv ff atn 0 eoi 0
+3110.123667927: grid210x_device byte recv fd atn 0 eoi 0
+3110.124059936: grid210x_device byte recv 02 atn 0 eoi 0
+3110.124322942: grid210x_device byte recv 02 atn 0 eoi 0
+3110.124410944: grid210x_device byte recv ff atn 0 eoi 0
+3110.124535947: grid210x_device byte recv fd atn 0 eoi 0
+3110.124686950: grid210x_device byte recv 02 atn 0 eoi 0
+3110.124767952: grid210x_device byte recv 02 atn 0 eoi 0
+3110.124836954: grid210x_device byte recv ff atn 0 eoi 0
+3110.124904956: grid210x_device byte recv fd atn 0 eoi 0
+3110.124972957: grid210x_device byte recv 02 atn 0 eoi 0
+3110.125041959: grid210x_device byte recv 02 atn 0 eoi 0
+3110.125112960: grid210x_device byte recv ff atn 0 eoi 0
+3110.125181962: grid210x_device byte recv ff atn 0 eoi 0
+3110.125397967: grid210x_device byte recv 02 atn 0 eoi 0
+3110.125485969: grid210x_device byte recv 02 atn 0 eoi 0
+3110.125557971: grid210x_device byte recv ff atn 0 eoi 0
+3110.125626972: grid210x_device byte recv ff atn 0 eoi 0
+3110.125695974: grid210x_device byte recv 02 atn 0 eoi 0
+3110.125766976: grid210x_device byte recv 02 atn 0 eoi 0
+3110.125834977: grid210x_device byte recv ff atn 0 eoi 0
+3110.125900979: grid210x_device byte recv ff atn 0 eoi 0
+3110.125966980: grid210x_device byte recv 00 atn 0 eoi 0
+3110.126033982: grid210x_device byte recv 02 atn 0 eoi 0
+3110.126102984: grid210x_device byte recv ff atn 0 eoi 0
+3110.126170985: grid210x_device byte recv ff atn 0 eoi 0
+3110.126236987: grid210x_device byte recv 02 atn 0 eoi 0
+3110.126438991: grid210x_device byte recv 02 atn 0 eoi 0
+3110.126526993: grid210x_device byte recv ff atn 0 eoi 0
+3110.126597995: grid210x_device byte recv ff atn 0 eoi 0
+3110.126667997: grid210x_device byte recv 02 atn 0 eoi 0
+3110.126736998: grid210x_device byte recv 02 atn 0 eoi 0
+3110.126807000: grid210x_device byte recv ff atn 0 eoi 0
+3110.126877002: grid210x_device byte recv ff atn 0 eoi 0
+3110.126945003: grid210x_device byte recv 02 atn 0 eoi 0
+3110.127017005: grid210x_device byte recv 02 atn 0 eoi 0
+3110.127088007: grid210x_device byte recv ff atn 0 eoi 0
+3110.127157008: grid210x_device byte recv ff atn 0 eoi 0
+3110.127225010: grid210x_device byte recv 00 atn 0 eoi 0
+3110.127296011: grid210x_device byte recv 02 atn 0 eoi 0
+3110.127513016: grid210x_device byte recv ff atn 0 eoi 0
+3110.127596018: grid210x_device byte recv ff atn 0 eoi 0
+3110.127667020: grid210x_device byte recv 02 atn 0 eoi 0
+3110.127738022: grid210x_device byte recv 02 atn 0 eoi 0
+3110.127807023: grid210x_device byte recv ff atn 0 eoi 0
+3110.127876025: grid210x_device byte recv ff atn 0 eoi 0
+3110.127943027: grid210x_device byte recv 00 atn 0 eoi 0
+3110.128014028: grid210x_device byte recv 02 atn 0 eoi 0
+3110.128082030: grid210x_device byte recv ff atn 0 eoi 0
+3110.128149031: grid210x_device byte recv ff atn 0 eoi 0
+3110.128213033: grid210x_device byte recv 00 atn 0 eoi 0
+3110.128283034: grid210x_device byte recv 02 atn 0 eoi 0
+3110.128353036: grid210x_device byte recv ff atn 0 eoi 0
+3110.128550041: grid210x_device byte recv ff atn 0 eoi 0
+3110.128632043: grid210x_device byte recv 00 atn 0 eoi 0
+3110.128704044: grid210x_device byte recv 02 atn 0 eoi 0
+3110.128773046: grid210x_device byte recv ff atn 0 eoi 0
+3110.128839047: grid210x_device byte recv ff atn 0 eoi 0
+3110.128908049: grid210x_device byte recv 02 atn 0 eoi 0
+3110.128977051: grid210x_device byte recv 02 atn 0 eoi 0
+3110.129047052: grid210x_device byte recv ff atn 0 eoi 0
+3110.129112054: grid210x_device byte recv ff atn 0 eoi 0
+3110.129179055: grid210x_device byte recv 02 atn 0 eoi 0
+3110.129249057: grid210x_device byte recv 02 atn 0 eoi 0
+3110.129317059: grid210x_device byte recv ff atn 0 eoi 0
+3110.129387060: grid210x_device byte recv ff atn 0 eoi 0
+3110.129584065: grid210x_device byte recv 02 atn 0 eoi 0
+3110.129669067: grid210x_device byte recv 02 atn 0 eoi 0
+3110.129743069: grid210x_device byte recv ff atn 0 eoi 0
+3110.129813070: grid210x_device byte recv ff atn 0 eoi 0
+3110.129882072: grid210x_device byte recv 02 atn 0 eoi 0
+3110.129948073: grid210x_device byte recv 02 atn 0 eoi 0
+3110.130085077: grid210x_device byte recv ff atn 0 eoi 0
+3110.130468086: grid210x_device byte recv ff atn 0 eoi 0
+3110.130740092: grid210x_device byte recv 02 atn 0 eoi 0
+3110.130814094: grid210x_device byte recv 02 atn 0 eoi 0
+3110.130888095: grid210x_device byte recv ff atn 0 eoi 0
+3110.130957097: grid210x_device byte recv ff atn 0 eoi 0
+3110.131027099: grid210x_device byte recv 02 atn 0 eoi 0
+3110.131093100: grid210x_device byte recv 02 atn 0 eoi 0
+3110.131162102: grid210x_device byte recv ff atn 0 eoi 0
+3110.131228103: grid210x_device byte recv ff atn 0 eoi 0
+3110.131294105: grid210x_device byte recv 00 atn 0 eoi 0
+3110.131363106: grid210x_device byte recv 02 atn 0 eoi 0
+3110.131433108: grid210x_device byte recv ff atn 0 eoi 0
+3110.131502110: grid210x_device byte recv fd atn 0 eoi 0
+3110.131569111: grid210x_device byte recv 00 atn 0 eoi 0
+3110.131775116: grid210x_device byte recv 02 atn 0 eoi 0
+3110.131854118: grid210x_device byte recv ff atn 0 eoi 0
+3110.131924120: grid210x_device byte recv ff atn 0 eoi 0
+3110.131993121: grid210x_device byte recv 02 atn 0 eoi 0
+3110.132062123: grid210x_device byte recv 02 atn 0 eoi 0
+3110.132130124: grid210x_device byte recv ff atn 0 eoi 0
+3110.132197126: grid210x_device byte recv ff atn 0 eoi 0
+3110.132265127: grid210x_device byte recv 02 atn 0 eoi 0
+3110.132334129: grid210x_device byte recv 02 atn 0 eoi 0
+3110.132404131: grid210x_device byte recv ff atn 0 eoi 0
+3110.132529134: grid210x_device byte recv ff atn 0 eoi 0
+3110.132792140: grid210x_device byte recv 02 atn 0 eoi 0
+3110.132885142: grid210x_device byte recv 02 atn 0 eoi 0
+3110.132955144: grid210x_device byte recv ff atn 0 eoi 0
+3110.133024145: grid210x_device byte recv fd atn 0 eoi 0
+3110.133093147: grid210x_device byte recv 02 atn 0 eoi 0
+3110.133161148: grid210x_device byte recv 02 atn 0 eoi 0
+3110.133230150: grid210x_device byte recv ff atn 0 eoi 0
+3110.133299152: grid210x_device byte recv fd atn 0 eoi 0
+3110.133367153: grid210x_device byte recv 02 atn 0 eoi 0
+3110.133438155: grid210x_device byte recv 02 atn 0 eoi 0
+3110.133508157: grid210x_device byte recv ff atn 0 eoi 0
+3110.133574158: grid210x_device byte recv fd atn 0 eoi 0
+3110.133645160: grid210x_device byte recv 02 atn 0 eoi 0
+3110.133848164: grid210x_device byte recv 02 atn 0 eoi 0
+3110.133934166: grid210x_device byte recv ff atn 0 eoi 0
+3110.134005168: grid210x_device byte recv fd atn 0 eoi 0
+3110.134075170: grid210x_device byte recv 00 atn 0 eoi 0
+3110.134145171: grid210x_device byte recv 02 atn 0 eoi 0
+3110.134214173: grid210x_device byte recv ff atn 0 eoi 0
+3110.134283175: grid210x_device byte recv fd atn 0 eoi 0
+3110.134352176: grid210x_device byte recv 00 atn 0 eoi 0
+3110.134423178: grid210x_device byte recv 02 atn 0 eoi 0
+3110.134492180: grid210x_device byte recv a1 atn 0 eoi 0
+3110.134559181: grid210x_device byte recv 00 atn 0 eoi 0
+3110.134629183: grid210x_device byte recv ff atn 0 eoi 0
+3110.134698184: grid210x_device byte recv fd atn 0 eoi 0
+3110.134887189: grid210x_device byte recv 00 atn 0 eoi 0
+3110.134975191: grid210x_device byte recv 00 atn 0 eoi 0
+3110.135048192: grid210x_device byte recv ff atn 0 eoi 0
+3110.135119194: grid210x_device byte recv fd atn 0 eoi 0
+3110.135189196: grid210x_device byte recv 00 atn 0 eoi 0
+3110.135260197: grid210x_device byte recv 00 atn 0 eoi 0
+3110.135330199: grid210x_device byte recv ff atn 0 eoi 0
+3110.135399201: grid210x_device byte recv fd atn 0 eoi 0
+3110.135465202: grid210x_device byte recv 00 atn 0 eoi 0
+3110.135533204: grid210x_device byte recv 00 atn 0 eoi 0
+3110.135603205: grid210x_device byte recv ff atn 0 eoi 0
+3110.135669207: grid210x_device byte recv fd atn 0 eoi 0
+3110.135739209: grid210x_device byte recv 00 atn 0 eoi 0
+3110.135808210: grid210x_device byte recv 00 atn 0 eoi 0
+3110.136016215: grid210x_device byte recv ff atn 0 eoi 0
+3110.136091217: grid210x_device byte recv fd atn 0 eoi 0
+3110.136159218: grid210x_device byte recv 00 atn 0 eoi 0
+3110.136226220: grid210x_device byte recv 00 atn 0 eoi 0
+3110.136296222: grid210x_device byte recv ff atn 0 eoi 0
+3110.136617229: grid210x_device byte recv fd atn 0 eoi 0
+3110.136699231: grid210x_device byte recv 00 atn 0 eoi 0
+3110.136775233: grid210x_device byte recv 00 atn 0 eoi 0
+3110.136846234: grid210x_device byte recv ff atn 0 eoi 0
+3110.137094240: grid210x_device byte recv fd atn 0 eoi 0
+3110.137175242: grid210x_device byte recv 00 atn 0 eoi 0
+3110.137246244: grid210x_device byte recv 00 atn 0 eoi 0
+3110.137315245: grid210x_device byte recv ff atn 0 eoi 0
+3110.137385247: grid210x_device byte recv fd atn 0 eoi 0
+3110.137454249: grid210x_device byte recv 00 atn 0 eoi 0
+3110.137524250: grid210x_device byte recv 00 atn 0 eoi 0
+3110.137596252: grid210x_device byte recv ff atn 0 eoi 0
+3110.137664254: grid210x_device byte recv fd atn 0 eoi 0
+3110.137734255: grid210x_device byte recv 00 atn 0 eoi 0
+3110.137801257: grid210x_device byte recv 00 atn 0 eoi 0
+3110.137870258: grid210x_device byte recv ff atn 0 eoi 0
+3110.137940260: grid210x_device byte recv fd atn 0 eoi 0
+3110.138162265: grid210x_device byte recv 00 atn 0 eoi 0
+3110.138251267: grid210x_device byte recv 00 atn 0 eoi 0
+3110.138321269: grid210x_device byte recv ff atn 0 eoi 0
+3110.138390271: grid210x_device byte recv fd atn 0 eoi 0
+3110.138459272: grid210x_device byte recv 00 atn 0 eoi 0
+3110.138526274: grid210x_device byte recv 00 atn 0 eoi 0
+3110.138595275: grid210x_device byte recv 21 atn 0 eoi 0
+3110.138664277: grid210x_device byte recv 01 atn 0 eoi 0
+3110.138733279: grid210x_device byte recv 00 atn 0 eoi 0
+3110.138804280: grid210x_device byte recv 00 atn 0 eoi 0
+3110.138871282: grid210x_device byte recv ff atn 0 eoi 0
+3110.138937283: grid210x_device byte recv fd atn 0 eoi 0
+3110.139003285: grid210x_device byte recv 00 atn 0 eoi 0
+3110.139196289: grid210x_device byte recv 00 atn 0 eoi 0
+3110.139284291: grid210x_device byte recv ff atn 0 eoi 0
+3110.139355293: grid210x_device byte recv fd atn 0 eoi 0
+3110.139425295: grid210x_device byte recv 00 atn 0 eoi 0
+3110.139494296: grid210x_device byte recv 00 atn 0 eoi 0
+3110.139564298: grid210x_device byte recv ff atn 0 eoi 0
+3110.139631300: grid210x_device byte recv fd atn 0 eoi 0
+3110.139697301: grid210x_device byte recv 00 atn 0 eoi 0
+3110.139769303: grid210x_device byte recv 00 atn 0 eoi 0
+3110.139836304: grid210x_device byte recv ff atn 0 eoi 0
+3110.139905306: grid210x_device byte recv fd atn 0 eoi 0
+3110.139973308: grid210x_device byte recv 00 atn 0 eoi 0
+3110.140237314: grid210x_device byte recv 00 atn 0 eoi 0
+3110.140329316: grid210x_device byte recv ff atn 0 eoi 0
+3110.140401318: grid210x_device byte recv fd atn 0 eoi 0
+3110.140522320: grid210x_device byte recv 00 atn 0 eoi 0
+3110.140638323: grid210x_device byte recv 00 atn 0 eoi 0
+3110.140716325: grid210x_device byte recv ff atn 0 eoi 0
+3110.140787327: grid210x_device byte recv fd atn 0 eoi 0
+3110.140856328: grid210x_device byte recv 00 atn 0 eoi 0
+3110.140926330: grid210x_device byte recv 00 atn 0 eoi 0
+3110.140996331: grid210x_device byte recv ff atn 0 eoi 0
+3110.141308339: grid210x_device byte recv fd atn 0 eoi 0
+3110.141392341: grid210x_device byte recv 00 atn 0 eoi 0
+3110.141463342: grid210x_device byte recv 00 atn 0 eoi 0
+3110.141532344: grid210x_device byte recv ff atn 0 eoi 0
+3110.141601346: grid210x_device byte recv fd atn 0 eoi 0
+3110.141667347: grid210x_device byte recv 00 atn 0 eoi 0
+3110.141735349: grid210x_device byte recv 00 atn 0 eoi 0
+3110.141806350: grid210x_device byte recv ff atn 0 eoi 0
+3110.141872352: grid210x_device byte recv fd atn 0 eoi 0
+3110.141940353: grid210x_device byte recv 00 atn 0 eoi 0
+3110.142010355: grid210x_device byte recv 00 atn 0 eoi 0
+3110.142078357: grid210x_device byte recv ff atn 0 eoi 0
+3110.142146358: grid210x_device byte recv fd atn 0 eoi 0
+3110.142340363: grid210x_device byte recv 00 atn 0 eoi 0
+3110.142426365: grid210x_device byte recv 00 atn 0 eoi 0
+3110.142499367: grid210x_device byte recv ff atn 0 eoi 0
+3110.142566368: grid210x_device byte recv fd atn 0 eoi 0
+3110.142630370: grid210x_device byte recv 00 atn 0 eoi 0
+3110.142700371: grid210x_device byte recv 00 atn 0 eoi 0
+3110.143101381: grid210x_device byte recv ff atn 0 eoi 0
+3110.143181382: grid210x_device byte recv fd atn 0 eoi 0
+3110.143449389: grid210x_device byte recv 00 atn 0 eoi 0
+3110.143541391: grid210x_device byte recv 00 atn 0 eoi 0
+3110.143613393: grid210x_device byte recv ff atn 0 eoi 0
+3110.143680394: grid210x_device byte recv fd atn 0 eoi 0
+3110.143750396: grid210x_device byte recv 00 atn 0 eoi 0
+3110.143821397: grid210x_device byte recv 00 atn 0 eoi 0
+3110.143892399: grid210x_device byte recv ff atn 0 eoi 0
+3110.143957401: grid210x_device byte recv fd atn 0 eoi 0
+3110.144025402: grid210x_device byte recv 00 atn 0 eoi 0
+3110.144095404: grid210x_device byte recv 02 atn 0 eoi 0
+3110.144161405: grid210x_device byte recv ff atn 0 eoi 0
+3110.144230407: grid210x_device byte recv fd atn 0 eoi 0
+3110.144297409: grid210x_device byte recv 00 atn 0 eoi 0
+3110.144491413: grid210x_device byte recv 02 atn 0 eoi 0
+3110.144578415: grid210x_device byte recv ff atn 0 eoi 0
+3110.144650417: grid210x_device byte recv fd atn 0 eoi 0
+3110.144717418: grid210x_device byte recv 00 atn 0 eoi 0
+3110.144787420: grid210x_device byte recv 02 atn 0 eoi 0
+3110.144857422: grid210x_device byte recv ff atn 0 eoi 0
+3110.144925423: grid210x_device byte recv fd atn 0 eoi 0
+3110.144996425: grid210x_device byte recv 00 atn 0 eoi 0
+3110.145063426: grid210x_device byte recv 02 atn 0 eoi 0
+3110.145131428: grid210x_device byte recv ff atn 0 eoi 0
+3110.145198430: grid210x_device byte recv fd atn 0 eoi 0
+3110.145267431: grid210x_device byte recv 00 atn 0 eoi 0
+3110.145335433: grid210x_device byte recv 02 atn 0 eoi 0
+3110.145406434: grid210x_device byte recv ff atn 0 eoi 0
+3110.145609439: grid210x_device byte recv fd atn 0 eoi 0
+3110.145686441: grid210x_device byte recv 00 atn 0 eoi 0
+3110.145758443: grid210x_device byte recv 02 atn 0 eoi 0
+3110.145829444: grid210x_device byte recv ff atn 0 eoi 0
+3110.145898446: grid210x_device byte recv fd atn 0 eoi 0
+3110.145964447: grid210x_device byte recv 00 atn 0 eoi 0
+3110.146033449: grid210x_device byte recv 02 atn 0 eoi 0
+3110.146103451: grid210x_device byte recv ff atn 0 eoi 0
+3110.146173452: grid210x_device byte recv fd atn 0 eoi 0
+3110.146242454: grid210x_device byte recv 02 atn 0 eoi 0
+3110.146312456: grid210x_device byte recv 02 atn 0 eoi 0
+3110.146381457: grid210x_device byte recv ff atn 0 eoi 0
+3110.146452459: grid210x_device byte recv fd atn 0 eoi 0
+3110.146644463: grid210x_device byte recv 00 atn 0 eoi 0
+3110.146728465: grid210x_device byte recv 02 atn 0 eoi 0
+3110.146800467: grid210x_device byte recv ff atn 0 eoi 0
+3110.146870469: grid210x_device byte recv fd atn 0 eoi 0
+3110.146938470: grid210x_device byte recv 02 atn 0 eoi 0
+3110.147008472: grid210x_device byte recv 02 atn 0 eoi 0
+3110.147078473: grid210x_device byte recv ff atn 0 eoi 0
+3110.147145475: grid210x_device byte recv fd atn 0 eoi 0
+3110.147213477: grid210x_device byte recv 00 atn 0 eoi 0
+3110.147283478: grid210x_device byte recv 02 atn 0 eoi 0
+3110.147353480: grid210x_device byte recv ff atn 0 eoi 0
+3110.147421481: grid210x_device byte recv fd atn 0 eoi 0
+3110.147486483: grid210x_device byte recv 02 atn 0 eoi 0
+3110.147679488: grid210x_device byte recv 02 atn 0 eoi 0
+3110.147766490: grid210x_device byte recv ff atn 0 eoi 0
+3110.147836491: grid210x_device byte recv fd atn 0 eoi 0
+3110.147906493: grid210x_device byte recv 02 atn 0 eoi 0
+3110.147975494: grid210x_device byte recv 02 atn 0 eoi 0
+3110.148046496: grid210x_device byte recv ff atn 0 eoi 0
+3110.148112498: grid210x_device byte recv fd atn 0 eoi 0
+3110.148181499: grid210x_device byte recv 02 atn 0 eoi 0
+3110.148251501: grid210x_device byte recv 02 atn 0 eoi 0
+3110.148321503: grid210x_device byte recv ff atn 0 eoi 0
+3110.148391504: grid210x_device byte recv fd atn 0 eoi 0
+3110.148513507: grid210x_device byte recv 00 atn 0 eoi 0
+3110.148780513: grid210x_device byte recv 02 atn 0 eoi 0
+3110.148872515: grid210x_device byte recv ff atn 0 eoi 0
+3110.148943517: grid210x_device byte recv fd atn 0 eoi 0
+3110.149012519: grid210x_device byte recv 00 atn 0 eoi 0
+3110.149347526: grid210x_device byte recv 00 atn 0 eoi 0
+3110.149423528: grid210x_device byte recv ff atn 0 eoi 0
+3110.149493530: grid210x_device byte recv fd atn 0 eoi 0
+3110.149563532: grid210x_device byte recv 02 atn 0 eoi 0
+3110.149633533: grid210x_device byte recv 02 atn 0 eoi 0
+3110.149885539: grid210x_device byte recv ff atn 0 eoi 0
+3110.149970541: grid210x_device byte recv fd atn 0 eoi 0
+3110.150109544: grid210x_device byte recv 02 atn 0 eoi 0
+3110.150189546: grid210x_device byte recv 02 atn 0 eoi 0
+3110.150263548: grid210x_device byte recv ff atn 0 eoi 0
+3110.150333550: grid210x_device byte recv fd atn 0 eoi 0
+3110.150402551: grid210x_device byte recv 00 atn 0 eoi 0
+3110.150472553: grid210x_device byte recv 00 atn 0 eoi 0
+3110.150543554: grid210x_device byte recv ff atn 0 eoi 0
+3110.150613556: grid210x_device byte recv fd atn 0 eoi 0
+3110.150681558: grid210x_device byte recv 02 atn 0 eoi 0
+3110.150752559: grid210x_device byte recv 02 atn 0 eoi 0
+3110.150959564: grid210x_device byte recv ff atn 0 eoi 0
+3110.151039566: grid210x_device byte recv fd atn 0 eoi 0
+3110.151108568: grid210x_device byte recv 00 atn 0 eoi 0
+3110.151179569: grid210x_device byte recv 00 atn 0 eoi 0
+3110.151248571: grid210x_device byte recv ff atn 0 eoi 0
+3110.151314572: grid210x_device byte recv fd atn 0 eoi 0
+3110.151382574: grid210x_device byte recv 00 atn 0 eoi 0
+3110.151453576: grid210x_device byte recv 00 atn 0 eoi 0
+3110.151521577: grid210x_device byte recv ff atn 0 eoi 0
+3110.151589579: grid210x_device byte recv fd atn 0 eoi 0
+3110.151657580: grid210x_device byte recv 00 atn 0 eoi 0
+3110.151729582: grid210x_device byte recv 00 atn 0 eoi 0
+3110.151799584: grid210x_device byte recv ff atn 0 eoi 0
+3110.152000588: grid210x_device byte recv fd atn 0 eoi 0
+3110.152084590: grid210x_device byte recv 00 atn 0 eoi 0
+3110.152153592: grid210x_device byte recv 00 atn 0 eoi 0
+3110.152223594: grid210x_device byte recv ff atn 0 eoi 0
+3110.152293595: grid210x_device byte recv fd atn 0 eoi 0
+3110.152358597: grid210x_device byte recv 00 atn 0 eoi 0
+3110.152428598: grid210x_device byte recv 00 atn 0 eoi 0
+3110.152498600: grid210x_device byte recv ff atn 0 eoi 0
+3110.152565602: grid210x_device byte recv fd atn 0 eoi 0
+3110.152633603: grid210x_device byte recv 02 atn 0 eoi 0
+3110.152704605: grid210x_device byte recv 02 atn 0 eoi 0
+3110.152773607: grid210x_device byte recv ff atn 0 eoi 0
+3110.152839608: grid210x_device byte recv fd atn 0 eoi 0
+3110.153031613: grid210x_device byte recv 02 atn 0 eoi 0
+3110.153118615: grid210x_device byte recv 02 atn 0 eoi 0
+3110.153189616: grid210x_device byte recv ff atn 0 eoi 0
+3110.153260618: grid210x_device byte recv fd atn 0 eoi 0
+3110.153331620: grid210x_device byte recv 02 atn 0 eoi 0
+3110.153400621: grid210x_device byte recv 02 atn 0 eoi 0
+3110.153469623: grid210x_device byte recv ff atn 0 eoi 0
+3110.153538624: grid210x_device byte recv fd atn 0 eoi 0
+3110.153608626: grid210x_device byte recv 00 atn 0 eoi 0
+3110.153676628: grid210x_device byte recv 02 atn 0 eoi 0
+3110.153748629: grid210x_device byte recv ff atn 0 eoi 0
+3110.153814631: grid210x_device byte recv fd atn 0 eoi 0
+3110.153884632: grid210x_device byte recv 00 atn 0 eoi 0
+3110.154098637: grid210x_device byte recv 02 atn 0 eoi 0
+3110.154184639: grid210x_device byte recv ff atn 0 eoi 0
+3110.154258641: grid210x_device byte recv fd atn 0 eoi 0
+3110.154329643: grid210x_device byte recv 00 atn 0 eoi 0
+3110.154400645: grid210x_device byte recv 02 atn 0 eoi 0
+3110.154469646: grid210x_device byte recv ff atn 0 eoi 0
+3110.154539648: grid210x_device byte recv fd atn 0 eoi 0
+3110.154607649: grid210x_device byte recv 02 atn 0 eoi 0
+3110.154678651: grid210x_device byte recv 02 atn 0 eoi 0
+3110.154747653: grid210x_device byte recv ff atn 0 eoi 0
+3110.154815654: grid210x_device byte recv fd atn 0 eoi 0
+3110.154883656: grid210x_device byte recv 02 atn 0 eoi 0
+3110.154950657: grid210x_device byte recv 02 atn 0 eoi 0
+3110.155143662: grid210x_device byte recv ff atn 0 eoi 0
+3110.155521671: grid210x_device byte recv fd atn 0 eoi 0
+3110.155600673: grid210x_device byte recv 02 atn 0 eoi 0
+3110.155675674: grid210x_device byte recv 02 atn 0 eoi 0
+3110.155748676: grid210x_device byte recv ff atn 0 eoi 0
+3110.155817678: grid210x_device byte recv fd atn 0 eoi 0
+3110.155885679: grid210x_device byte recv 02 atn 0 eoi 0
+3110.155956681: grid210x_device byte recv 02 atn 0 eoi 0
+3110.156025682: grid210x_device byte recv ff atn 0 eoi 0
+3110.156277688: grid210x_device byte recv fd atn 0 eoi 0
+3110.156365690: grid210x_device byte recv 02 atn 0 eoi 0
+3110.156440692: grid210x_device byte recv 02 atn 0 eoi 0
+3110.156571695: grid210x_device byte recv ff atn 0 eoi 0
+3110.156682698: grid210x_device byte recv fd atn 0 eoi 0
+3110.156756700: grid210x_device byte recv 02 atn 0 eoi 0
+3110.156827701: grid210x_device byte recv 02 atn 0 eoi 0
+3110.156896703: grid210x_device byte recv ff atn 0 eoi 0
+3110.156965704: grid210x_device byte recv fd atn 0 eoi 0
+3110.157034706: grid210x_device byte recv 02 atn 0 eoi 0
+3110.157101708: grid210x_device byte recv 02 atn 0 eoi 0
+3110.157309712: grid210x_device byte recv ff atn 0 eoi 0
+3110.157400715: grid210x_device byte recv fd atn 0 eoi 0
+3110.157595719: grid210x_device byte recv fe atn 0 eoi 0
+3110.157664721: grid210x_device byte recv ff atn 0 eoi 0
+3110.157734722: grid210x_device byte recv 00 atn 0 eoi 0
+3110.157805724: grid210x_device byte recv 02 atn 0 eoi 0
+3110.157876726: grid210x_device byte recv ff atn 0 eoi 0
+3110.157944727: grid210x_device byte recv ff atn 0 eoi 0
+3110.158015729: grid210x_device byte recv 02 atn 0 eoi 0
+3110.158083731: grid210x_device byte recv 02 atn 0 eoi 0
+3110.158150732: grid210x_device byte recv ff atn 0 eoi 0
+3110.158215734: grid210x_device byte recv ff atn 0 eoi 0
+3110.158412738: grid210x_device byte recv 00 atn 0 eoi 0
+3110.158497740: grid210x_device byte recv 02 atn 0 eoi 0
+3110.158575742: grid210x_device byte recv ff atn 0 eoi 0
+3110.158644744: grid210x_device byte recv ff atn 0 eoi 0
+3110.158711745: grid210x_device byte recv 00 atn 0 eoi 0
+3110.158780747: grid210x_device byte recv 02 atn 0 eoi 0
+3110.158851748: grid210x_device byte recv ff atn 0 eoi 0
+3110.158920750: grid210x_device byte recv ff atn 0 eoi 0
+3110.158988752: grid210x_device byte recv 00 atn 0 eoi 0
+3110.159056753: grid210x_device byte recv 02 atn 0 eoi 0
+3110.159124755: grid210x_device byte recv ff atn 0 eoi 0
+3110.159191756: grid210x_device byte recv ff atn 0 eoi 0
+3110.159261758: grid210x_device byte recv 02 atn 0 eoi 0
+3110.159482763: grid210x_device byte recv 02 atn 0 eoi 0
+3110.159566765: grid210x_device byte recv ff atn 0 eoi 0
+3110.159639767: grid210x_device byte recv ff atn 0 eoi 0
+3110.159709769: grid210x_device byte recv 02 atn 0 eoi 0
+3110.159779770: grid210x_device byte recv 02 atn 0 eoi 0
+3110.159848772: grid210x_device byte recv ff atn 0 eoi 0
+3110.159916773: grid210x_device byte recv ff atn 0 eoi 0
+3110.159982775: grid210x_device byte recv 00 atn 0 eoi 0
+3110.160292782: grid210x_device byte recv 02 atn 0 eoi 0
+3110.160528788: grid210x_device byte recv ff atn 0 eoi 0
+3110.161698815: grid210x_device byte recv 7f atn 0 eoi 1
+3110.161786817: grid210x_device byte recv 3f atn 1 eoi 0
+3110.161813818: grid210x_device now not listening
+3110.161825818: grid210x_device command 0, data size 288, sector no 16961537
