+4704.142812537: grid210x_device byte recv ff atn 1 eoi 1
+4704.149701763: grid210x_device byte recv ff atn 1 eoi 1
+4705.252979892: grid210x_device byte recv 14 atn 1 eoi 0
+4707.722970703: grid210x_device byte recv 25 atn 1 eoi 0
+4707.723030705: grid210x_device now listening
+4707.724238744: grid210x_device byte recv 01 atn 0 eoi 0
+4707.724518754: grid210x_device byte recv 00 atn 0 eoi 0
+4707.724692759: grid210x_device byte recv 00 atn 0 eoi 0
+4707.724784762: grid210x_device byte recv 00 atn 0 eoi 0
+4707.724860765: grid210x_device byte recv 00 atn 0 eoi 0
+4707.724937767: grid210x_device byte recv 00 atn 0 eoi 0
+4707.725006770: grid210x_device byte recv 00 atn 0 eoi 0
+4707.725073772: grid210x_device byte recv 34 atn 0 eoi 0
+4707.725140774: grid210x_device byte recv 00 atn 0 eoi 0
+4707.726267811: grid210x_device byte recv 3f atn 1 eoi 0
+4707.726315812: grid210x_device now not listening
+4707.728122871: grid210x_device byte recv 45 atn 1 eoi 0
+4707.728167873: grid210x_device now talking
+4712.843565922: grid210x_device byte recv 5f atn 1 eoi 0
+4712.843626924: grid210x_device now not talking
+4712.844954967: grid210x_device byte recv 14 atn 1 eoi 0
+4714.018827242: grid210x_device byte recv 14 atn 1 eoi 0
+4714.553065655: grid210x_device byte recv 26 atn 1 eoi 0
+4714.557198790: grid210x_device byte recv 14 atn 1 eoi 0
+4717.166609770: grid210x_device byte recv 14 atn 1 eoi 0
+4719.636858118: grid210x_device byte recv 25 atn 1 eoi 0
+4719.636919120: grid210x_device now listening
+4719.638104159: grid210x_device byte recv 01 atn 0 eoi 0
+4719.638194162: grid210x_device byte recv 00 atn 0 eoi 0
+4719.638266164: grid210x_device byte recv 00 atn 0 eoi 0
+4719.638335166: grid210x_device byte recv 00 atn 0 eoi 0
+4719.638404169: grid210x_device byte recv 00 atn 0 eoi 0
+4719.638524172: grid210x_device byte recv 00 atn 0 eoi 0
+4719.638634176: grid210x_device byte recv 00 atn 0 eoi 0
+4719.638713179: grid210x_device byte recv 34 atn 0 eoi 0
+4719.638783181: grid210x_device byte recv 00 atn 0 eoi 0
+4719.639971219: grid210x_device byte recv 00 atn 0 eoi 1
+4719.640121224: grid210x_device byte recv 3f atn 1 eoi 0
+4719.640156226: grid210x_device now not listening
+4719.640170226: grid210x_device command 1, data size 52, sector no 0
+4719.642136290: grid210x_device byte recv 45 atn 1 eoi 0
+4719.642186291: grid210x_device now talking
+4719.643326329: grid210x_device byte send 00 eoi 0
+4719.643771343: grid210x_device byte send 02 eoi 0
+4719.643829345: grid210x_device byte send f8 eoi 0
+4719.643883347: grid210x_device byte send 01 eoi 0
+4719.643937348: grid210x_device byte send d0 eoi 0
+4719.643991350: grid210x_device byte send 02 eoi 0
+4719.644043352: grid210x_device byte send 01 eoi 0
+4719.644227358: grid210x_device byte send 20 eoi 0
+4719.644292360: grid210x_device byte send 01 eoi 0
+4719.644350362: grid210x_device byte send 21 eoi 0
+4719.644403364: grid210x_device byte send 01 eoi 0
+4719.644457365: grid210x_device byte send 01 eoi 0
+4719.644514367: grid210x_device byte send 00 eoi 0
+4719.644565369: grid210x_device byte send 00 eoi 0
+4719.644619371: grid210x_device byte send 34 eoi 0
+4719.644671372: grid210x_device byte send 38 eoi 0
+4719.644725374: grid210x_device byte send 20 eoi 0
+4719.644777376: grid210x_device byte send 54 eoi 0
+4719.644828377: grid210x_device byte send 50 eoi 0
+4719.644881379: grid210x_device byte send 49 eoi 0
+4719.644933381: grid210x_device byte send 20 eoi 0
+4719.644986382: grid210x_device byte send 44 eoi 0
+4719.645037384: grid210x_device byte send 53 eoi 0
+4719.645090386: grid210x_device byte send 20 eoi 0
+4719.645273392: grid210x_device byte send 44 eoi 0
+4719.645340394: grid210x_device byte send 44 eoi 0
+4719.645394396: grid210x_device byte send 20 eoi 0
+4719.645447397: grid210x_device byte send 46 eoi 0
+4719.645500399: grid210x_device byte send 4c eoi 0
+4719.645551401: grid210x_device byte send 4f eoi 0
+4719.645603403: grid210x_device byte send 50 eoi 0
+4719.645655404: grid210x_device byte send 50 eoi 0
+4719.645705406: grid210x_device byte send 59 eoi 0
+4719.645759408: grid210x_device byte send 20 eoi 0
+4719.646376428: grid210x_device byte send 20 eoi 0
+4719.646451430: grid210x_device byte send 20 eoi 0
+4719.646570434: grid210x_device byte send 20 eoi 0
+4719.646665437: grid210x_device byte send 33 eoi 0
+4719.646727439: grid210x_device byte send 30 eoi 0
+4719.646778441: grid210x_device byte send 30 eoi 0
+4719.646829442: grid210x_device byte send 32 eoi 0
+4719.646884444: grid210x_device byte send 33 eoi 0
+4719.646936446: grid210x_device byte send 37 eoi 0
+4719.646989448: grid210x_device byte send 2d eoi 0
+4719.647042449: grid210x_device byte send 30 eoi 0
+4719.647095451: grid210x_device byte send 30 eoi 0
+4719.647147453: grid210x_device byte send 00 eoi 0
+4719.647201454: grid210x_device byte send 02 eoi 0
+4719.647256456: grid210x_device byte send 09 eoi 0
+4719.647484464: grid210x_device byte send 00 eoi 0
+4719.647556466: grid210x_device byte send 02 eoi 0
+4719.647610468: grid210x_device byte send 00 eoi 1
+4719.648079483: grid210x_device byte recv 5f atn 1 eoi 0
+4719.648109484: grid210x_device now not talking
+4719.651144583: grid210x_device byte recv 25 atn 1 eoi 0
+4719.651204585: grid210x_device now listening
+4719.652339621: grid210x_device byte recv 04 atn 0 eoi 0
+4719.652433625: grid210x_device byte recv 00 atn 0 eoi 0
+4719.652506627: grid210x_device byte recv 00 atn 0 eoi 0
+4719.652575629: grid210x_device byte recv 00 atn 0 eoi 0
+4719.652646631: grid210x_device byte recv 00 atn 0 eoi 0
+4719.652717634: grid210x_device byte recv 00 atn 0 eoi 0
+4719.652784636: grid210x_device byte recv 00 atn 0 eoi 0
+4719.652853638: grid210x_device byte recv 00 atn 0 eoi 0
+4719.653082646: grid210x_device byte recv 02 atn 0 eoi 0
+4719.654158681: grid210x_device byte recv 00 atn 0 eoi 1
+4719.654245683: grid210x_device byte recv 3f atn 1 eoi 0
+4719.654273684: grid210x_device now not listening
+4719.654285685: grid210x_device command 4, data size 512, sector no 0
+4719.655206715: grid210x_device byte recv 18 atn 1 eoi 0
+4719.655313718: grid210x_device byte recv 45 atn 1 eoi 0
+4719.655345719: grid210x_device now talking
+4719.655377720: grid210x_device byte send 4f eoi 0
+4719.655506724: grid210x_device byte recv 19 atn 1 eoi 0
+4719.655587727: grid210x_device byte recv 5f atn 1 eoi 0
+4719.655611728: grid210x_device now not talking
+4719.656940771: grid210x_device byte recv 45 atn 1 eoi 0
+4719.656984772: grid210x_device now talking
+4719.658167811: grid210x_device byte send 53 eoi 0
+4719.658620826: grid210x_device byte send 79 eoi 0
+4719.658678828: grid210x_device byte send 73 eoi 0
+4719.658734829: grid210x_device byte send 74 eoi 0
+4719.658787831: grid210x_device byte send 65 eoi 0
+4719.658840833: grid210x_device byte send 6d eoi 0
+4719.658892834: grid210x_device byte send 20 eoi 0
+4719.658943836: grid210x_device byte send 44 eoi 0
+4719.658996838: grid210x_device byte send 69 eoi 0
+4719.659047840: grid210x_device byte send 73 eoi 0
+4719.659100841: grid210x_device byte send 6b eoi 0
+4719.659152843: grid210x_device byte send 21 eoi 0
+4719.659203845: grid210x_device byte send 21 eoi 0
+4719.659386851: grid210x_device byte send 00 eoi 0
+4719.659455853: grid210x_device byte send 00 eoi 0
+4719.659516855: grid210x_device byte send 00 eoi 0
+4719.659572857: grid210x_device byte send 00 eoi 0
+4719.659628858: grid210x_device byte send 00 eoi 0
+4719.659682860: grid210x_device byte send 00 eoi 0
+4719.659736862: grid210x_device byte send 00 eoi 0
+4719.659788864: grid210x_device byte send 00 eoi 0
+4719.659843865: grid210x_device byte send 00 eoi 0
+4719.659897867: grid210x_device byte send 00 eoi 0
+4719.659949869: grid210x_device byte send 00 eoi 0
+4719.660074873: grid210x_device byte send 00 eoi 0
+4719.660143875: grid210x_device byte send 00 eoi 0
+4719.660200877: grid210x_device byte send 00 eoi 0
+4719.660256879: grid210x_device byte send 00 eoi 0
+4719.660440885: grid210x_device byte send 00 eoi 0
+4719.660516887: grid210x_device byte send 00 eoi 0
+4719.660573889: grid210x_device byte send 00 eoi 0
+4719.660627891: grid210x_device byte send 00 eoi 0
+4719.660990903: grid210x_device byte send 00 eoi 0
+4719.661057905: grid210x_device byte send 00 eoi 0
+4719.661115907: grid210x_device byte send 00 eoi 0
+4719.661170909: grid210x_device byte send 00 eoi 0
+4719.661226910: grid210x_device byte send 00 eoi 0
+4719.661279912: grid210x_device byte send 00 eoi 0
+4719.661332914: grid210x_device byte send 00 eoi 0
+4719.661589922: grid210x_device byte send 00 eoi 0
+4719.661660924: grid210x_device byte send 00 eoi 0
+4719.661719926: grid210x_device byte send 00 eoi 0
+4719.661774928: grid210x_device byte send 00 eoi 0
+4719.661827930: grid210x_device byte send 00 eoi 0
+4719.661884932: grid210x_device byte send 00 eoi 0
+4719.661939934: grid210x_device byte send 00 eoi 0
+4719.661992935: grid210x_device byte send 00 eoi 0
+4719.662044937: grid210x_device byte send 00 eoi 0
+4719.662099939: grid210x_device byte send 00 eoi 0
+4719.662151940: grid210x_device byte send 00 eoi 0
+4719.662203942: grid210x_device byte send 00 eoi 0
+4719.662258944: grid210x_device byte send 00 eoi 0
+4719.662311946: grid210x_device byte send 00 eoi 0
+4719.662365947: grid210x_device byte send 00 eoi 0
+4719.662419949: grid210x_device byte send 00 eoi 0
+4719.662741960: grid210x_device byte send 00 eoi 0
+4719.662824962: grid210x_device byte send 00 eoi 0
+4719.662883964: grid210x_device byte send 00 eoi 0
+4719.662936966: grid210x_device byte send 00 eoi 0
+4719.662992968: grid210x_device byte send 00 eoi 0
+4719.663045969: grid210x_device byte send 00 eoi 0
+4719.663101971: grid210x_device byte send 00 eoi 0
+4719.663154973: grid210x_device byte send 00 eoi 0
+4719.663206975: grid210x_device byte send 00 eoi 0
+4719.663259976: grid210x_device byte send 00 eoi 0
+4719.663313978: grid210x_device byte send 00 eoi 0
+4719.663366980: grid210x_device byte send 00 eoi 0
+4719.663418982: grid210x_device byte send 00 eoi 0
+4719.663472983: grid210x_device byte send 00 eoi 0
+4719.663524985: grid210x_device byte send 00 eoi 0
+4719.663577987: grid210x_device byte send 00 eoi 0
+4719.663632989: grid210x_device byte send 00 eoi 0
+4719.663845995: grid210x_device byte send 00 eoi 0
+4719.663904997: grid210x_device byte send 00 eoi 0
+4719.663959999: grid210x_device byte send 00 eoi 0
+4719.664015001: grid210x_device byte send 00 eoi 0
+4719.664070003: grid210x_device byte send 00 eoi 0
+4719.664125005: grid210x_device byte send 00 eoi 0
+4719.664177006: grid210x_device byte send 00 eoi 0
+4719.664229008: grid210x_device byte send 00 eoi 0
+4719.664282010: grid210x_device byte send 00 eoi 0
+4719.664337011: grid210x_device byte send 00 eoi 0
+4719.664391013: grid210x_device byte send 00 eoi 0
+4719.664444015: grid210x_device byte send 00 eoi 0
+4719.664497017: grid210x_device byte send 00 eoi 0
+4719.664549018: grid210x_device byte send 00 eoi 0
+4719.664602020: grid210x_device byte send 00 eoi 0
+4719.664656022: grid210x_device byte send 00 eoi 0
+4719.664836028: grid210x_device byte send 00 eoi 0
+4719.664908030: grid210x_device byte send 00 eoi 0
+4719.664968032: grid210x_device byte send 00 eoi 0
+4719.665022034: grid210x_device byte send 00 eoi 0
+4719.665076035: grid210x_device byte send 00 eoi 0
+4719.665132037: grid210x_device byte send 00 eoi 0
+4719.665186039: grid210x_device byte send 00 eoi 0
+4719.665241041: grid210x_device byte send 00 eoi 0
+4719.665295043: grid210x_device byte send 00 eoi 0
+4719.665351044: grid210x_device byte send 00 eoi 0
+4719.665405046: grid210x_device byte send 00 eoi 0
+4719.665458048: grid210x_device byte send 00 eoi 0
+4719.665512050: grid210x_device byte send 00 eoi 0
+4719.665565051: grid210x_device byte send 00 eoi 0
+4719.665620053: grid210x_device byte send 00 eoi 0
+4719.665673055: grid210x_device byte send 00 eoi 0
+4719.665727057: grid210x_device byte send 00 eoi 0
+4719.665913063: grid210x_device byte send 00 eoi 0
+4719.665985065: grid210x_device byte send 00 eoi 0
+4719.666043067: grid210x_device byte send 00 eoi 0
+4719.666099069: grid210x_device byte send 00 eoi 0
+4719.666152070: grid210x_device byte send 00 eoi 0
+4719.666205072: grid210x_device byte send 00 eoi 0
+4719.666527083: grid210x_device byte send 00 eoi 0
+4719.666592085: grid210x_device byte send 00 eoi 0
+4719.666646086: grid210x_device byte send 00 eoi 0
+4719.666699088: grid210x_device byte send 00 eoi 0
+4719.666753090: grid210x_device byte send 00 eoi 0
+4719.666979097: grid210x_device byte send 00 eoi 0
+4719.667053100: grid210x_device byte send 00 eoi 0
+4719.667189104: grid210x_device byte send 00 eoi 0
+4719.667246106: grid210x_device byte send 00 eoi 0
+4719.667299108: grid210x_device byte send 00 eoi 0
+4719.667352109: grid210x_device byte send 00 eoi 0
+4719.667405111: grid210x_device byte send 00 eoi 0
+4719.667458113: grid210x_device byte send 00 eoi 0
+4719.667513115: grid210x_device byte send 00 eoi 0
+4719.667566116: grid210x_device byte send 00 eoi 0
+4719.667620118: grid210x_device byte send 00 eoi 0
+4719.667673120: grid210x_device byte send 00 eoi 0
+4719.667727122: grid210x_device byte send 00 eoi 0
+4719.667779123: grid210x_device byte send 00 eoi 0
+4719.667837125: grid210x_device byte send 00 eoi 0
+4719.667890127: grid210x_device byte send 00 eoi 0
+4719.668117134: grid210x_device byte send 00 eoi 0
+4719.668179136: grid210x_device byte send 00 eoi 0
+4719.668237138: grid210x_device byte send 00 eoi 0
+4719.668291140: grid210x_device byte send 00 eoi 0
+4719.668347142: grid210x_device byte send 00 eoi 0
+4719.668398143: grid210x_device byte send 00 eoi 0
+4719.668451145: grid210x_device byte send 00 eoi 0
+4719.668505147: grid210x_device byte send 00 eoi 0
+4719.668559149: grid210x_device byte send 00 eoi 0
+4719.668612150: grid210x_device byte send 00 eoi 0
+4719.668665152: grid210x_device byte send 00 eoi 0
+4719.668720154: grid210x_device byte send 00 eoi 0
+4719.668773156: grid210x_device byte send 00 eoi 0
+4719.668825157: grid210x_device byte send 00 eoi 0
+4719.668879159: grid210x_device byte send 00 eoi 0
+4719.668933161: grid210x_device byte send 00 eoi 0
+4719.669112167: grid210x_device byte send 00 eoi 0
+4719.669181169: grid210x_device byte send 00 eoi 0
+4719.669240171: grid210x_device byte send 00 eoi 0
+4719.669292172: grid210x_device byte send 00 eoi 0
+4719.669346174: grid210x_device byte send 00 eoi 0
+4719.669399176: grid210x_device byte send 00 eoi 0
+4719.669452178: grid210x_device byte send 00 eoi 0
+4719.669507179: grid210x_device byte send 00 eoi 0
+4719.669560181: grid210x_device byte send 00 eoi 0
+4719.669614183: grid210x_device byte send 00 eoi 0
+4719.669667185: grid210x_device byte send 00 eoi 0
+4719.669723187: grid210x_device byte send 00 eoi 0
+4719.669776188: grid210x_device byte send 00 eoi 0
+4719.669829190: grid210x_device byte send 00 eoi 0
+4719.669885192: grid210x_device byte send 00 eoi 0
+4719.669939194: grid210x_device byte send 00 eoi 0
+4719.669994195: grid210x_device byte send 00 eoi 0
+4719.670244203: grid210x_device byte send 00 eoi 0
+4719.670306205: grid210x_device byte send 00 eoi 0
+4719.670362207: grid210x_device byte send 00 eoi 0
+4719.670417209: grid210x_device byte send 00 eoi 0
+4719.670526213: grid210x_device byte send 00 eoi 0
+4719.670626216: grid210x_device byte send 00 eoi 0
+4719.670688218: grid210x_device byte send 00 eoi 0
+4719.670745220: grid210x_device byte send 00 eoi 0
+4719.670799221: grid210x_device byte send 00 eoi 0
+4719.670852223: grid210x_device byte send 00 eoi 0
+4719.670905225: grid210x_device byte send 00 eoi 0
+4719.670957227: grid210x_device byte send 00 eoi 0
+4719.671012228: grid210x_device byte send 00 eoi 0
+4719.671064230: grid210x_device byte send 00 eoi 0
+4719.671277237: grid210x_device byte send 00 eoi 0
+4719.671351239: grid210x_device byte send 00 eoi 0
+4719.671408241: grid210x_device byte send 00 eoi 0
+4719.671462243: grid210x_device byte send 00 eoi 0
+4719.671515245: grid210x_device byte send 00 eoi 0
+4719.671567246: grid210x_device byte send 00 eoi 0
+4719.671620248: grid210x_device byte send 00 eoi 0
+4719.671672250: grid210x_device byte send 00 eoi 0
+4719.671727252: grid210x_device byte send 00 eoi 0
+4719.671781253: grid210x_device byte send 00 eoi 0
+4719.671833255: grid210x_device byte send 00 eoi 0
+4719.672366272: grid210x_device byte send 00 eoi 0
+4719.672443275: grid210x_device byte send 00 eoi 0
+4719.672503277: grid210x_device byte send 00 eoi 0
+4719.672557279: grid210x_device byte send 00 eoi 0
+4719.672611280: grid210x_device byte send 00 eoi 0
+4719.672665282: grid210x_device byte send 00 eoi 0
+4719.672720284: grid210x_device byte send 00 eoi 0
+4719.672772286: grid210x_device byte send 00 eoi 0
+4719.672824287: grid210x_device byte send 00 eoi 0
+4719.672878289: grid210x_device byte send 00 eoi 0
+4719.672932291: grid210x_device byte send 00 eoi 0
+4719.672986293: grid210x_device byte send 00 eoi 0
+4719.673042294: grid210x_device byte send 00 eoi 0
+4719.673099296: grid210x_device byte send 00 eoi 0
+4719.673152298: grid210x_device byte send 00 eoi 0
+4719.673205300: grid210x_device byte send 00 eoi 0
+4719.673259301: grid210x_device byte send 00 eoi 0
+4719.673477309: grid210x_device byte send 00 eoi 0
+4719.673549311: grid210x_device byte send 00 eoi 0
+4719.673607313: grid210x_device byte send 00 eoi 0
+4719.673660314: grid210x_device byte send 00 eoi 0
+4719.673716316: grid210x_device byte send 00 eoi 0
+4719.673769318: grid210x_device byte send 00 eoi 0
+4719.673821320: grid210x_device byte send 00 eoi 0
+4719.673874321: grid210x_device byte send 00 eoi 0
+4719.673928323: grid210x_device byte send 00 eoi 0
+4719.673981325: grid210x_device byte send 00 eoi 0
+4719.674034327: grid210x_device byte send 00 eoi 0
+4719.674088328: grid210x_device byte send 00 eoi 0
+4719.674142330: grid210x_device byte send 00 eoi 0
+4719.674194332: grid210x_device byte send 00 eoi 0
+4719.674247334: grid210x_device byte send 00 eoi 0
+4719.674299335: grid210x_device byte send 00 eoi 0
+4719.674476341: grid210x_device byte send 00 eoi 0
+4719.674552343: grid210x_device byte send 00 eoi 0
+4719.674613345: grid210x_device byte send 00 eoi 0
+4719.674668347: grid210x_device byte send 00 eoi 0
+4719.674724349: grid210x_device byte send 00 eoi 0
+4719.674777351: grid210x_device byte send 00 eoi 0
+4719.674828352: grid210x_device byte send 00 eoi 0
+4719.674883354: grid210x_device byte send 00 eoi 0
+4719.674934356: grid210x_device byte send 00 eoi 0
+4719.674987358: grid210x_device byte send 00 eoi 0
+4719.675040359: grid210x_device byte send 00 eoi 0
+4719.675095361: grid210x_device byte send 00 eoi 0
+4719.675148363: grid210x_device byte send 00 eoi 0
+4719.675200365: grid210x_device byte send 00 eoi 0
+4719.675255366: grid210x_device byte send 00 eoi 0
+4719.675309368: grid210x_device byte send 00 eoi 0
+4719.675363370: grid210x_device byte send 00 eoi 0
+4719.675554376: grid210x_device byte send 00 eoi 0
+4719.675625378: grid210x_device byte send 00 eoi 0
+4719.675683380: grid210x_device byte send 00 eoi 0
+4719.675741382: grid210x_device byte send 00 eoi 0
+4719.675795384: grid210x_device byte send 00 eoi 0
+4719.675850386: grid210x_device byte send 00 eoi 0
+4719.675902387: grid210x_device byte send 00 eoi 0
+4719.675956389: grid210x_device byte send 00 eoi 0
+4719.676012391: grid210x_device byte send 00 eoi 0
+4719.676064393: grid210x_device byte send 00 eoi 0
+4719.676119394: grid210x_device byte send 00 eoi 0
+4719.676173396: grid210x_device byte send 00 eoi 0
+4719.676228398: grid210x_device byte send 00 eoi 0
+4719.676280400: grid210x_device byte send 00 eoi 0
+4719.676332401: grid210x_device byte send 00 eoi 0
+4719.676387403: grid210x_device byte send 00 eoi 0
+4719.676442405: grid210x_device byte send 00 eoi 0
+4719.676625411: grid210x_device byte send 00 eoi 0
+4719.676692413: grid210x_device byte send 00 eoi 0
+4719.676749415: grid210x_device byte send 00 eoi 0
+4719.676804417: grid210x_device byte send 00 eoi 0
+4719.676857418: grid210x_device byte send 00 eoi 0
+4719.676910420: grid210x_device byte send 00 eoi 0
+4719.676963422: grid210x_device byte send 00 eoi 0
+4719.677017424: grid210x_device byte send 00 eoi 0
+4719.677069425: grid210x_device byte send 00 eoi 0
+4719.677122427: grid210x_device byte send 00 eoi 0
+4719.677175429: grid210x_device byte send 00 eoi 0
+4719.677229430: grid210x_device byte send 00 eoi 0
+4719.677735447: grid210x_device byte send 00 eoi 0
+4719.677808449: grid210x_device byte send 00 eoi 0
+4719.677866451: grid210x_device byte send 00 eoi 0
+4719.677920453: grid210x_device byte send 00 eoi 0
+4719.677975455: grid210x_device byte send 00 eoi 0
+4719.678028456: grid210x_device byte send 00 eoi 0
+4719.678081458: grid210x_device byte send 00 eoi 0
+4719.678137460: grid210x_device byte send 00 eoi 0
+4719.678190462: grid210x_device byte send 00 eoi 0
+4719.678244463: grid210x_device byte send 00 eoi 0
+4719.678298465: grid210x_device byte send 00 eoi 0
+4719.678352467: grid210x_device byte send 00 eoi 0
+4719.678404469: grid210x_device byte send 00 eoi 0
+4719.678457470: grid210x_device byte send 00 eoi 0
+4719.678577474: grid210x_device byte send 00 eoi 0
+4719.678841483: grid210x_device byte send 00 eoi 0
+4719.678904485: grid210x_device byte send 00 eoi 0
+4719.678962487: grid210x_device byte send 00 eoi 0
+4719.679015489: grid210x_device byte send 00 eoi 0
+4719.679067490: grid210x_device byte send 00 eoi 0
+4719.679122492: grid210x_device byte send 00 eoi 0
+4719.679175494: grid210x_device byte send 00 eoi 0
+4719.679230496: grid210x_device byte send 00 eoi 0
+4719.679283497: grid210x_device byte send 00 eoi 0
+4719.679334499: grid210x_device byte send 00 eoi 0
+4719.679390501: grid210x_device byte send 00 eoi 0
+4719.679443502: grid210x_device byte send 00 eoi 0
+4719.679497504: grid210x_device byte send 00 eoi 0
+4719.679549506: grid210x_device byte send 00 eoi 0
+4719.679602508: grid210x_device byte send 00 eoi 0
+4719.679655509: grid210x_device byte send 00 eoi 0
+4719.679839515: grid210x_device byte send 00 eoi 0
+4719.679909518: grid210x_device byte send 00 eoi 0
+4719.679968520: grid210x_device byte send 00 eoi 0
+4719.680092524: grid210x_device byte send 00 eoi 0
+4719.680156526: grid210x_device byte send 00 eoi 0
+4719.680213527: grid210x_device byte send 00 eoi 0
+4719.680268529: grid210x_device byte send 00 eoi 0
+4719.680320531: grid210x_device byte send 00 eoi 0
+4719.680374533: grid210x_device byte send 00 eoi 0
+4719.680427534: grid210x_device byte send 00 eoi 0
+4719.680480536: grid210x_device byte send 00 eoi 0
+4719.680533538: grid210x_device byte send 00 eoi 0
+4719.680587540: grid210x_device byte send 00 eoi 0
+4719.680639541: grid210x_device byte send 00 eoi 0
+4719.680691543: grid210x_device byte send 00 eoi 0
+4719.680746545: grid210x_device byte send 00 eoi 0
+4719.680957552: grid210x_device byte send 00 eoi 0
+4719.681024554: grid210x_device byte send 00 eoi 0
+4719.681079556: grid210x_device byte send 00 eoi 0
+4719.681135557: grid210x_device byte send 00 eoi 0
+4719.681188559: grid210x_device byte send 00 eoi 0
+4719.681242561: grid210x_device byte send 00 eoi 0
+4719.681295563: grid210x_device byte send 00 eoi 0
+4719.681349564: grid210x_device byte send 00 eoi 0
+4719.681401566: grid210x_device byte send 00 eoi 0
+4719.681454568: grid210x_device byte send 00 eoi 0
+4719.681508570: grid210x_device byte send 00 eoi 0
+4719.681560571: grid210x_device byte send 00 eoi 0
+4719.681613573: grid210x_device byte send 00 eoi 0
+4719.681666575: grid210x_device byte send 00 eoi 0
+4719.681720576: grid210x_device byte send 00 eoi 0
+4719.681773578: grid210x_device byte send 00 eoi 0
+4719.681954584: grid210x_device byte send 00 eoi 0
+4719.682029586: grid210x_device byte send 00 eoi 0
+4719.682088588: grid210x_device byte send 00 eoi 0
+4719.682144590: grid210x_device byte send 00 eoi 0
+4719.682198592: grid210x_device byte send 00 eoi 0
+4719.682253594: grid210x_device byte send 00 eoi 0
+4719.682305595: grid210x_device byte send 00 eoi 0
+4719.682360597: grid210x_device byte send 00 eoi 0
+4719.682413599: grid210x_device byte send 00 eoi 0
+4719.682467601: grid210x_device byte send 00 eoi 0
+4719.682520602: grid210x_device byte send 00 eoi 0
+4719.682573604: grid210x_device byte send 00 eoi 0
+4719.682627606: grid210x_device byte send 00 eoi 0
+4719.682680608: grid210x_device byte send 00 eoi 0
+4719.682737610: grid210x_device byte send 00 eoi 0
+4719.683265627: grid210x_device byte send 00 eoi 0
+4719.683338629: grid210x_device byte send 00 eoi 0
+4719.683394631: grid210x_device byte send 00 eoi 0
+4719.683539636: grid210x_device byte send 00 eoi 0
+4719.683595637: grid210x_device byte send 00 eoi 0
+4719.683648639: grid210x_device byte send 00 eoi 0
+4719.683702641: grid210x_device byte send 00 eoi 0
+4719.683758643: grid210x_device byte send 00 eoi 0
+4719.683810644: grid210x_device byte send 00 eoi 0
+4719.683865646: grid210x_device byte send 00 eoi 0
+4719.683917648: grid210x_device byte send 00 eoi 0
+4719.683972650: grid210x_device byte send 00 eoi 0
+4719.684226658: grid210x_device byte send 00 eoi 0
+4719.684297660: grid210x_device byte send 00 eoi 0
+4719.684354662: grid210x_device byte send 00 eoi 0
+4719.684408664: grid210x_device byte send 00 eoi 0
+4719.684462666: grid210x_device byte send 00 eoi 0
+4719.684516667: grid210x_device byte send 00 eoi 0
+4719.684568669: grid210x_device byte send 00 eoi 0
+4719.684624671: grid210x_device byte send 00 eoi 0
+4719.684677673: grid210x_device byte send 00 eoi 0
+4719.684731674: grid210x_device byte send 00 eoi 0
+4719.684784676: grid210x_device byte send 00 eoi 0
+4719.684838678: grid210x_device byte send 00 eoi 0
+4719.684891680: grid210x_device byte send 00 eoi 0
+4719.684942681: grid210x_device byte send 00 eoi 0
+4719.684998683: grid210x_device byte send 00 eoi 0
+4719.685050685: grid210x_device byte send 00 eoi 0
+4719.685232691: grid210x_device byte send 00 eoi 0
+4719.685305693: grid210x_device byte send 00 eoi 0
+4719.685362695: grid210x_device byte send 00 eoi 0
+4719.685416697: grid210x_device byte send 00 eoi 0
+4719.685471698: grid210x_device byte send 00 eoi 0
+4719.685524700: grid210x_device byte send 00 eoi 0
+4719.685577702: grid210x_device byte send 00 eoi 0
+4719.685630704: grid210x_device byte send 00 eoi 0
+4719.685682705: grid210x_device byte send 00 eoi 0
+4719.685737707: grid210x_device byte send 00 eoi 0
+4719.685789709: grid210x_device byte send 00 eoi 0
+4719.685843710: grid210x_device byte send 00 eoi 0
+4719.685896712: grid210x_device byte send 00 eoi 0
+4719.685948714: grid210x_device byte send 00 eoi 0
+4719.686002716: grid210x_device byte send 00 eoi 0
+4719.686054717: grid210x_device byte send 00 eoi 0
+4719.686107719: grid210x_device byte send 00 eoi 0
+4719.686293725: grid210x_device byte send 00 eoi 0
+4719.686366727: grid210x_device byte send 00 eoi 0
+4719.686423729: grid210x_device byte send 00 eoi 0
+4719.686531733: grid210x_device byte send 00 eoi 0
+4719.686629736: grid210x_device byte send 00 eoi 0
+4719.686691738: grid210x_device byte send 00 eoi 0
+4719.686749740: grid210x_device byte send 00 eoi 0
+4719.686804742: grid210x_device byte send 00 eoi 0
+4719.686856743: grid210x_device byte send 00 eoi 0
+4719.686909745: grid210x_device byte send 00 eoi 0
+4719.686963747: grid210x_device byte send 00 eoi 0
+4719.687016749: grid210x_device byte send 00 eoi 0
+4719.687069750: grid210x_device byte send 00 eoi 0
+4719.687122752: grid210x_device byte send 00 eoi 0
+4719.687174754: grid210x_device byte send 00 eoi 0
+4719.687368760: grid210x_device byte send 00 eoi 0
+4719.687436762: grid210x_device byte send 00 eoi 0
+4719.687493764: grid210x_device byte send 00 eoi 0
+4719.687548766: grid210x_device byte send 00 eoi 0
+4719.687602768: grid210x_device byte send 00 eoi 0
+4719.687656769: grid210x_device byte send 00 eoi 0
+4719.687711771: grid210x_device byte send 00 eoi 0
+4719.687766773: grid210x_device byte send 00 eoi 0
+4719.687818775: grid210x_device byte send 00 eoi 0
+4719.687873776: grid210x_device byte send 00 eoi 0
+4719.687925778: grid210x_device byte send 00 eoi 0
+4719.687979780: grid210x_device byte send 00 eoi 0
+4719.688031782: grid210x_device byte send 00 eoi 0
+4719.688082783: grid210x_device byte send 00 eoi 0
+4719.688141785: grid210x_device byte send 00 eoi 0
+4719.688194787: grid210x_device byte send 00 eoi 0
+4719.688247789: grid210x_device byte send 00 eoi 0
+4719.688439795: grid210x_device byte send 00 eoi 0
+4719.688509797: grid210x_device byte send 00 eoi 0
+4719.688844808: grid210x_device byte send 00 eoi 0
+4719.688909810: grid210x_device byte send 00 eoi 0
+4719.688967812: grid210x_device byte send 00 eoi 0
+4719.689021814: grid210x_device byte send 00 eoi 0
+4719.689075816: grid210x_device byte send 00 eoi 0
+4719.689131817: grid210x_device byte send 00 eoi 0
+4719.689185819: grid210x_device byte send 00 eoi 0
+4719.689240821: grid210x_device byte send 00 eoi 0
+4719.689293823: grid210x_device byte send 00 eoi 0
+4719.689548831: grid210x_device byte send 00 eoi 0
+4719.689621833: grid210x_device byte send 00 eoi 0
+4719.689676835: grid210x_device byte send 00 eoi 0
+4719.689730837: grid210x_device byte send 00 eoi 0
+4719.689784839: grid210x_device byte send 00 eoi 0
+4719.689838840: grid210x_device byte send 00 eoi 0
+4719.689891842: grid210x_device byte send 00 eoi 0
+4719.689944844: grid210x_device byte send 00 eoi 0
+4719.689997845: grid210x_device byte send 00 eoi 0
+4719.690131850: grid210x_device byte send 00 eoi 0
+4719.690188852: grid210x_device byte send 00 eoi 0
+4719.690246854: grid210x_device byte send 00 eoi 0
+4719.690299855: grid210x_device byte send 00 eoi 0
+4719.690352857: grid210x_device byte send 00 eoi 0
+4719.690404859: grid210x_device byte send 00 eoi 0
+4719.690598865: grid210x_device byte send 00 eoi 0
+4719.690668867: grid210x_device byte send 00 eoi 0
+4719.690726869: grid210x_device byte send 00 eoi 0
+4719.690782871: grid210x_device byte send 00 eoi 0
+4719.690837873: grid210x_device byte send 00 eoi 0
+4719.690889874: grid210x_device byte send 00 eoi 0
+4719.690942876: grid210x_device byte send 00 eoi 0
+4719.690996878: grid210x_device byte send 00 eoi 0
+4719.691050880: grid210x_device byte send 00 eoi 0
+4719.691116882: grid210x_device byte send 00 eoi 0
+4719.691172884: grid210x_device byte send 00 eoi 0
+4719.691227885: grid210x_device byte send 00 eoi 0
+4719.691279887: grid210x_device byte send 00 eoi 0
+4719.691331889: grid210x_device byte send 00 eoi 0
+4719.691385891: grid210x_device byte send 00 eoi 0
+4719.691438892: grid210x_device byte send 00 eoi 0
+4719.691492894: grid210x_device byte send 00 eoi 0
+4719.691699901: grid210x_device byte send 00 eoi 0
+4719.691762903: grid210x_device byte send 00 eoi 0
+4719.691815905: grid210x_device byte send 00 eoi 0
+4719.691870906: grid210x_device byte send 00 eoi 0
+4719.691922908: grid210x_device byte send 00 eoi 0
+4719.691977910: grid210x_device byte send 00 eoi 0
+4719.692029912: grid210x_device byte send 00 eoi 0
+4719.692082913: grid210x_device byte send 00 eoi 0
+4719.692136915: grid210x_device byte send 00 eoi 0
+4719.692189917: grid210x_device byte send 00 eoi 0
+4719.692243918: grid210x_device byte send 00 eoi 0
+4719.692295920: grid210x_device byte send 00 eoi 0
+4719.692350922: grid210x_device byte send 00 eoi 0
+4719.692401924: grid210x_device byte send 00 eoi 0
+4719.692453925: grid210x_device byte send 00 eoi 0
+4719.692508927: grid210x_device byte send 00 eoi 0
+4719.692682933: grid210x_device byte send 00 eoi 0
+4719.692760935: grid210x_device byte send 00 eoi 0
+4719.692818937: grid210x_device byte send 00 eoi 0
+4719.692874939: grid210x_device byte send 00 eoi 0
+4719.692927941: grid210x_device byte send 00 eoi 0
+4719.692981942: grid210x_device byte send 00 eoi 0
+4719.693033944: grid210x_device byte send 00 eoi 0
+4719.693088946: grid210x_device byte send 00 eoi 0
+4719.693140948: grid210x_device byte send 00 eoi 0
+4719.693193949: grid210x_device byte send 00 eoi 0
+4719.693247951: grid210x_device byte send 00 eoi 0
+4719.693300953: grid210x_device byte send 00 eoi 0
+4719.693354955: grid210x_device byte send 00 eoi 0
+4719.693406956: grid210x_device byte send 00 eoi 0
+4719.693459958: grid210x_device byte send 00 eoi 0
+4719.693513960: grid210x_device byte send 00 eoi 0
+4719.693566961: grid210x_device byte send 00 eoi 0
+4719.693745967: grid210x_device byte send 00 eoi 0
+4719.693816970: grid210x_device byte send 00 eoi 0
+4719.693874972: grid210x_device byte send 00 eoi 0
+4719.693930973: grid210x_device byte send 00 eoi 0
+4719.693985975: grid210x_device byte send 00 eoi 0
+4719.694368988: grid210x_device byte send 00 eoi 0
+4719.694433990: grid210x_device byte send 00 eoi 0
+4719.694553994: grid210x_device byte send 00 eoi 0
+4719.694653997: grid210x_device byte send 00 eoi 0
+4719.694920005: grid210x_device byte send 00 eoi 0
+4719.694981007: grid210x_device byte send 00 eoi 0
+4719.695032009: grid210x_device byte send 00 eoi 1
+4719.695503024: grid210x_device byte recv 5f atn 1 eoi 0
+4719.695530025: grid210x_device now not talking
+4719.698017106: grid210x_device byte recv 25 atn 1 eoi 0
+4719.698065108: grid210x_device now listening
+4719.699210145: grid210x_device byte recv 04 atn 0 eoi 0
+4719.699300148: grid210x_device byte recv 00 atn 0 eoi 0
+4719.699371150: grid210x_device byte recv 00 atn 0 eoi 0
+4719.699438152: grid210x_device byte recv 01 atn 0 eoi 0
+4719.699508155: grid210x_device byte recv 00 atn 0 eoi 0
+4719.699576157: grid210x_device byte recv 00 atn 0 eoi 0
+4719.699646159: grid210x_device byte recv 00 atn 0 eoi 0
+4719.699715161: grid210x_device byte recv 00 atn 0 eoi 0
+4719.699783164: grid210x_device byte recv 02 atn 0 eoi 0
+4719.701036204: grid210x_device byte recv 20 atn 0 eoi 1
+4719.701267212: grid210x_device byte recv 3f atn 1 eoi 0
+4719.701307213: grid210x_device now not listening
+4719.701321214: grid210x_device command 4, data size 512, sector no 1
+4719.702399249: grid210x_device byte recv 18 atn 1 eoi 0
+4719.702559254: grid210x_device byte recv 45 atn 1 eoi 0
+4719.702629256: grid210x_device now talking
+4719.702664257: grid210x_device byte send 4f eoi 0
+4719.702791261: grid210x_device byte recv 19 atn 1 eoi 0
+4719.702870264: grid210x_device byte recv 5f atn 1 eoi 0
+4719.702896265: grid210x_device now not talking
+4719.704222308: grid210x_device byte recv 45 atn 1 eoi 0
+4719.704265309: grid210x_device now talking
+4719.705500349: grid210x_device byte send 9a eoi 0
+4719.705898362: grid210x_device byte send 42 eoi 0
+4719.705956364: grid210x_device byte send 07 eoi 0
+4719.706016366: grid210x_device byte send 01 eoi 0
+4719.706070368: grid210x_device byte send 20 eoi 0
+4719.706123370: grid210x_device byte send 55 eoi 0
+4719.706175371: grid210x_device byte send b8 eoi 0
+4719.706228373: grid210x_device byte send 80 eoi 0
+4719.706280375: grid210x_device byte send 20 eoi 0
+4719.706331376: grid210x_device byte send 8e eoi 0
+4719.706385378: grid210x_device byte send d8 eoi 0
+4719.706578384: grid210x_device byte send bb eoi 0
+4719.706648387: grid210x_device byte send 08 eoi 0
+4719.706705389: grid210x_device byte send 00 eoi 0
+4719.706763390: grid210x_device byte send 58 eoi 0
+4719.706815392: grid210x_device byte send 59 eoi 0
+4719.706868394: grid210x_device byte send 89 eoi 0
+4719.706919395: grid210x_device byte send 0f eoi 0
+4719.706973397: grid210x_device byte send 89 eoi 0
+4719.707024399: grid210x_device byte send 47 eoi 0
+4719.707075401: grid210x_device byte send 02 eoi 0
+4719.707129402: grid210x_device byte send eb eoi 0
+4719.707181404: grid210x_device byte send e9 eoi 0
+4719.707234406: grid210x_device byte send 55 eoi 0
+4719.707285407: grid210x_device byte send 43 eoi 0
+4719.707338409: grid210x_device byte send 61 eoi 0
+4719.707389411: grid210x_device byte send 6e eoi 0
+4719.707440412: grid210x_device byte send 6e eoi 0
+4719.707623418: grid210x_device byte send 6f eoi 0
+4719.707690421: grid210x_device byte send 74 eoi 0
+4719.707746422: grid210x_device byte send 20 eoi 0
+4719.707799424: grid210x_device byte send 62 eoi 0
+4719.707852426: grid210x_device byte send 6f eoi 0
+4719.707904428: grid210x_device byte send 6f eoi 0
+4719.707955429: grid210x_device byte send 74 eoi 0
+4719.708008431: grid210x_device byte send 3a eoi 0
+4719.708060433: grid210x_device byte send 20 eoi 0
+4719.708112434: grid210x_device byte send 4d eoi 0
+4719.708164436: grid210x_device byte send 65 eoi 0
+4719.708215438: grid210x_device byte send 64 eoi 0
+4719.708266439: grid210x_device byte send 69 eoi 0
+4719.708316441: grid210x_device byte send 75 eoi 0
+4719.708368443: grid210x_device byte send 6d eoi 0
+4719.708420444: grid210x_device byte send 20 eoi 0
+4719.708947461: grid210x_device byte send 65 eoi 0
+4719.709014464: grid210x_device byte send 72 eoi 0
+4719.709066465: grid210x_device byte send 72 eoi 0
+4719.709121467: grid210x_device byte send 6f eoi 0
+4719.709173469: grid210x_device byte send 72 eoi 0
+4719.709226470: grid210x_device byte send 0d eoi 0
+4719.709282472: grid210x_device byte send 0a eoi 0
+4719.709334474: grid210x_device byte send 43 eoi 0
+4719.709387476: grid210x_device byte send 43 eoi 0
+4719.709438477: grid210x_device byte send 4f eoi 0
+4719.709491479: grid210x_device byte send 53 eoi 0
+4719.709542481: grid210x_device byte send 20 eoi 0
+4719.709595482: grid210x_device byte send 6e eoi 0
+4719.709865491: grid210x_device byte send 6f eoi 0
+4719.709928493: grid210x_device byte send 74 eoi 0
+4719.709983495: grid210x_device byte send 20 eoi 0
+4719.710113499: grid210x_device byte send 66 eoi 0
+4719.710175501: grid210x_device byte send 6f eoi 0
+4719.710230503: grid210x_device byte send 75 eoi 0
+4719.710284505: grid210x_device byte send 6e eoi 0
+4719.710339507: grid210x_device byte send 64 eoi 0
+4719.710391508: grid210x_device byte send 0d eoi 0
+4719.710446510: grid210x_device byte send 0a eoi 0
+4719.710556514: grid210x_device byte send 43 eoi 0
+4719.710654517: grid210x_device byte send 68 eoi 0
+4719.710860524: grid210x_device byte send 65 eoi 0
+4719.710932526: grid210x_device byte send 63 eoi 0
+4719.710990528: grid210x_device byte send 6b eoi 0
+4719.711043530: grid210x_device byte send 73 eoi 0
+4719.711096531: grid210x_device byte send 75 eoi 0
+4719.711147533: grid210x_device byte send 6d eoi 0
+4719.711199535: grid210x_device byte send 20 eoi 0
+4719.711252536: grid210x_device byte send 65 eoi 0
+4719.711303538: grid210x_device byte send 72 eoi 0
+4719.711356540: grid210x_device byte send 72 eoi 0
+4719.711407541: grid210x_device byte send 6f eoi 0
+4719.711459543: grid210x_device byte send 72 eoi 0
+4719.711512545: grid210x_device byte send 20 eoi 0
+4719.711564546: grid210x_device byte send 69 eoi 0
+4719.711616548: grid210x_device byte send 6e eoi 0
+4719.711667550: grid210x_device byte send 20 eoi 0
+4719.711721552: grid210x_device byte send 43 eoi 0
+4719.711773553: grid210x_device byte send 43 eoi 0
+4719.711974560: grid210x_device byte send 4f eoi 0
+4719.712041562: grid210x_device byte send 53 eoi 0
+4719.712097564: grid210x_device byte send 0d eoi 0
+4719.712152566: grid210x_device byte send 0a eoi 0
+4719.712206567: grid210x_device byte send 11 eoi 0
+4719.712260569: grid210x_device byte send 50 eoi 0
+4719.712311571: grid210x_device byte send 72 eoi 0
+4719.712366573: grid210x_device byte send 6f eoi 0
+4719.712417574: grid210x_device byte send 67 eoi 0
+4719.712470576: grid210x_device byte send 72 eoi 0
+4719.712522578: grid210x_device byte send 61 eoi 0
+4719.712572579: grid210x_device byte send 6d eoi 0
+4719.712625581: grid210x_device byte send 73 eoi 0
+4719.712675583: grid210x_device byte send 7e eoi 0
+4719.712728584: grid210x_device byte send 53 eoi 0
+4719.712779586: grid210x_device byte send 75 eoi 0
+4719.712830588: grid210x_device byte send 62 eoi 0
+4719.713016594: grid210x_device byte send 6a eoi 0
+4719.713081596: grid210x_device byte send 65 eoi 0
+4719.713137598: grid210x_device byte send 63 eoi 0
+4719.713189599: grid210x_device byte send 74 eoi 0
+4719.713242601: grid210x_device byte send 7e eoi 0
+4719.713294603: grid210x_device byte send 0c eoi 0
+4719.713349604: grid210x_device byte send 43 eoi 0
+4719.713400606: grid210x_device byte send 43 eoi 0
+4719.713451608: grid210x_device byte send 4f eoi 0
+4719.713504610: grid210x_device byte send 53 eoi 0
+4719.713555611: grid210x_device byte send 7e eoi 0
+4719.713607613: grid210x_device byte send 53 eoi 0
+4719.713658615: grid210x_device byte send 79 eoi 0
+4719.713709616: grid210x_device byte send 73 eoi 0
+4719.713765618: grid210x_device byte send 74 eoi 0
+4719.713816620: grid210x_device byte send 65 eoi 0
+4719.713869621: grid210x_device byte send 6d eoi 0
+4719.714056627: grid210x_device byte send 7e eoi 0
+4719.714125630: grid210x_device byte send 18 eoi 0
+4719.714483641: grid210x_device byte send 53 eoi 0
+4719.714545643: grid210x_device byte send 63 eoi 0
+4719.714602645: grid210x_device byte send 72 eoi 0
+4719.714655647: grid210x_device byte send 65 eoi 0
+4719.714706649: grid210x_device byte send 65 eoi 0
+4719.714762650: grid210x_device byte send 6e eoi 0
+4719.714813652: grid210x_device byte send 2e eoi 0
+4719.714867654: grid210x_device byte send 49 eoi 0
+4719.714919656: grid210x_device byte send 6e eoi 0
+4719.715186664: grid210x_device byte send 69 eoi 0
+4719.715262667: grid210x_device byte send 74 eoi 0
+4719.715317668: grid210x_device byte send 7e eoi 0
+4719.715370670: grid210x_device byte send 53 eoi 0
+4719.715423672: grid210x_device byte send 63 eoi 0
+4719.715476674: grid210x_device byte send 72 eoi 0
+4719.715527675: grid210x_device byte send 65 eoi 0
+4719.715578677: grid210x_device byte send 65 eoi 0
+4719.715632679: grid210x_device byte send 6e eoi 0
+4719.715683680: grid210x_device byte send 49 eoi 0
+4719.715737682: grid210x_device byte send 6d eoi 0
+4719.715789684: grid210x_device byte send 61 eoi 0
+4719.715840685: grid210x_device byte send 67 eoi 0
+4719.715892687: grid210x_device byte send 65 eoi 0
+4719.715944689: grid210x_device byte send 7e eoi 0
+4719.715998691: grid210x_device byte send 55 eoi 0
+4719.716049692: grid210x_device byte send 80 eoi 0
+4719.716236698: grid210x_device byte send 20 eoi 0
+4719.716302700: grid210x_device byte send 00 eoi 0
+4719.716444705: grid210x_device byte send 00 eoi 0
+4719.716501707: grid210x_device byte send 40 eoi 0
+4719.716552709: grid210x_device byte send 00 eoi 0
+4719.716605710: grid210x_device byte send 55 eoi 0
+4719.716657712: grid210x_device byte send 8b eoi 0
+4719.716709714: grid210x_device byte send ec eoi 0
+4719.716764715: grid210x_device byte send b8 eoi 0
+4719.716815717: grid210x_device byte send 08 eoi 0
+4719.716868719: grid210x_device byte send 00 eoi 0
+4719.716921721: grid210x_device byte send 0e eoi 0
+4719.716975722: grid210x_device byte send 50 eoi 0
+4719.717026724: grid210x_device byte send b8 eoi 0
+4719.717077726: grid210x_device byte send 0d eoi 0
+4719.717131727: grid210x_device byte send 00 eoi 0
+4719.717334734: grid210x_device byte send 50 eoi 0
+4719.717394736: grid210x_device byte send 9a eoi 0
+4719.717447738: grid210x_device byte send 06 eoi 0
+4719.717503740: grid210x_device byte send 00 eoi 0
+4719.717556741: grid210x_device byte send ef eoi 0
+4719.717609743: grid210x_device byte send ff eoi 0
+4719.717660745: grid210x_device byte send 8b eoi 0
+4719.717713746: grid210x_device byte send 1e eoi 0
+4719.717765748: grid210x_device byte send 00 eoi 0
+4719.717818750: grid210x_device byte send 00 eoi 0
+4719.717871751: grid210x_device byte send 4b eoi 0
+4719.717923753: grid210x_device byte send d1 eoi 0
+4719.717977755: grid210x_device byte send e3 eoi 0
+4719.718029757: grid210x_device byte send 2e eoi 0
+4719.718079758: grid210x_device byte send ff eoi 0
+4719.718132760: grid210x_device byte send a7 eoi 0
+4719.718183762: grid210x_device byte send a7 eoi 0
+4719.718375768: grid210x_device byte send 00 eoi 0
+4719.718436770: grid210x_device byte send ad eoi 0
+4719.718544773: grid210x_device byte send 00 eoi 0
+4719.718645777: grid210x_device byte send b7 eoi 0
+4719.718705779: grid210x_device byte send 00 eoi 0
+4719.718765781: grid210x_device byte send c1 eoi 0
+4719.718816782: grid210x_device byte send 00 eoi 0
+4719.718871784: grid210x_device byte send b8 eoi 0
+4719.718923786: grid210x_device byte send 15 eoi 0
+4719.718977787: grid210x_device byte send 00 eoi 0
+4719.719029789: grid210x_device byte send 0e eoi 0
+4719.719080791: grid210x_device byte send 50 eoi 0
+4719.719135793: grid210x_device byte send b8 eoi 0
+4719.719187794: grid210x_device byte send 0e eoi 0
+4719.719241796: grid210x_device byte send 00 eoi 0
+4719.719450803: grid210x_device byte send eb eoi 0
+4719.719510805: grid210x_device byte send 12 eoi 0
+4719.719561806: grid210x_device byte send b8 eoi 0
+4719.719615808: grid210x_device byte send 23 eoi 0
+4719.719927818: grid210x_device byte send 00 eoi 0
+4719.719996821: grid210x_device byte send 0e eoi 0
+4719.720146825: grid210x_device byte send 50 eoi 0
+4719.720203827: grid210x_device byte send b8 eoi 0
+4719.720261829: grid210x_device byte send 10 eoi 0
+4719.720490837: grid210x_device byte send 00 eoi 0
+4719.720566839: grid210x_device byte send eb eoi 0
+4719.720624841: grid210x_device byte send 08 eoi 0
+4719.720678843: grid210x_device byte send b8 eoi 0
+4719.720732844: grid210x_device byte send 33 eoi 0
+4719.720785846: grid210x_device byte send 00 eoi 0
+4719.720838848: grid210x_device byte send 0e eoi 0
+4719.720891850: grid210x_device byte send 50 eoi 0
+4719.720943851: grid210x_device byte send b8 eoi 0
+4719.720996853: grid210x_device byte send 18 eoi 0
+4719.721047855: grid210x_device byte send 00 eoi 0
+4719.721102856: grid210x_device byte send 50 eoi 0
+4719.721154858: grid210x_device byte send 9a eoi 0
+4719.721205860: grid210x_device byte send 06 eoi 0
+4719.721259862: grid210x_device byte send 00 eoi 0
+4719.721313863: grid210x_device byte send ef eoi 0
+4719.721366865: grid210x_device byte send ff eoi 0
+4719.721566872: grid210x_device byte send b8 eoi 0
+4719.721640874: grid210x_device byte send e8 eoi 0
+4719.721695876: grid210x_device byte send 03 eoi 0
+4719.721751878: grid210x_device byte send 50 eoi 0
+4719.721804879: grid210x_device byte send 9a eoi 0
+4719.721856881: grid210x_device byte send d3 eoi 0
+4719.721907883: grid210x_device byte send 00 eoi 0
+4719.721959884: grid210x_device byte send ef eoi 0
+4719.722014886: grid210x_device byte send ff eoi 0
+4719.722066888: grid210x_device byte send 5d eoi 0
+4719.722120890: grid210x_device byte send c3 eoi 0
+4719.722173891: grid210x_device byte send 55 eoi 0
+4719.722227893: grid210x_device byte send 8b eoi 0
+4719.722278895: grid210x_device byte send ec eoi 0
+4719.722329896: grid210x_device byte send b0 eoi 0
+4719.722382898: grid210x_device byte send 00 eoi 0
+4719.722434900: grid210x_device byte send bf eoi 0
+4719.722618906: grid210x_device byte send 99 eoi 0
+4719.722684908: grid210x_device byte send 0e eoi 0
+4719.722743910: grid210x_device byte send b9 eoi 0
+4719.722796912: grid210x_device byte send 13 eoi 0
+4719.722849913: grid210x_device byte send 00 eoi 0
+4719.722902915: grid210x_device byte send 1e eoi 0
+4719.722953917: grid210x_device byte send 07 eoi 0
+4719.723007918: grid210x_device byte send fc eoi 0
+4719.723059920: grid210x_device byte send f2 eoi 0
+4719.723111922: grid210x_device byte send aa eoi 0
+4719.723162923: grid210x_device byte send a0 eoi 0
+4719.723214925: grid210x_device byte send b0 eoi 0
+4719.723266927: grid210x_device byte send 0e eoi 0
+4719.723319929: grid210x_device byte send a2 eoi 0
+4719.723372930: grid210x_device byte send a7 eoi 0
+4719.723423932: grid210x_device byte send 0e eoi 0
+4719.723478934: grid210x_device byte send c4 eoi 0
+4719.723662940: grid210x_device byte send 46 eoi 0
+4719.723732942: grid210x_device byte send 0a eoi 0
+4719.723790944: grid210x_device byte send a3 eoi 0
+4719.723845946: grid210x_device byte send 9b eoi 0
+4719.723897947: grid210x_device byte send 0e eoi 0
+4719.723950949: grid210x_device byte send 8c eoi 0
+4719.724004951: grid210x_device byte send 06 eoi 0
+4719.724055952: grid210x_device byte send 9d eoi 0
+4719.724106954: grid210x_device byte send 0e eoi 0
+4719.724159956: grid210x_device byte send 8b eoi 0
+4719.724213958: grid210x_device byte send 46 eoi 0
+4719.724265959: grid210x_device byte send 04 eoi 0
+4719.724317961: grid210x_device byte send a3 eoi 0
+4719.724369963: grid210x_device byte send a3 eoi 0
+4719.724420964: grid210x_device byte send 0e eoi 0
+4719.724474966: grid210x_device byte send 8b eoi 0
+4719.724525968: grid210x_device byte send 46 eoi 0
+4719.724697973: grid210x_device byte send 06 eoi 0
+4719.724775976: grid210x_device byte send 8b eoi 0
+4719.724831978: grid210x_device byte send 56 eoi 0
+4719.724885979: grid210x_device byte send 08 eoi 0
+4719.724939981: grid210x_device byte send a3 eoi 0
+4719.724993983: grid210x_device byte send 9f eoi 0
+4719.725342994: grid210x_device byte send 0e eoi 0
+4719.725409996: grid210x_device byte send 89 eoi 0
+4719.725464998: grid210x_device byte send 16 eoi 0
+4719.725521000: grid210x_device byte send a1 eoi 0
+4719.725572002: grid210x_device byte send 0e eoi 0
+4719.725825010: grid210x_device byte send 5d eoi 0
+4719.725905013: grid210x_device byte send c2 eoi 0
+4719.725963014: grid210x_device byte send 0a eoi 0
+4719.726020016: grid210x_device byte send 00 eoi 0
+4719.726075018: grid210x_device byte send 55 eoi 0
+4719.726129020: grid210x_device byte send 8b eoi 0
+4719.726180022: grid210x_device byte send ec eoi 0
+4719.726232023: grid210x_device byte send c4 eoi 0
+4719.726285025: grid210x_device byte send 46 eoi 0
+4719.726339027: grid210x_device byte send 04 eoi 0
+4719.726391028: grid210x_device byte send 06 eoi 0
+4719.726444030: grid210x_device byte send 50 eoi 0
+4719.726556034: grid210x_device byte send 8b eoi 0
+4719.726655037: grid210x_device byte send 46 eoi 0
+4719.726716039: grid210x_device byte send 08 eoi 0
+4719.726919046: grid210x_device byte send ba eoi 0
+4719.726986048: grid210x_device byte send 00 eoi 0
+4719.727044050: grid210x_device byte send 00 eoi 0
+4719.727100051: grid210x_device byte send 03 eoi 0
+4719.727154053: grid210x_device byte send 06 eoi 0
+4719.727206055: grid210x_device byte send 0c eoi 0
+4719.727261057: grid210x_device byte send 00 eoi 0
+4719.727314058: grid210x_device byte send 13 eoi 0
+4719.727366060: grid210x_device byte send 16 eoi 0
+4719.727418062: grid210x_device byte send 0e eoi 0
+4719.727472063: grid210x_device byte send 00 eoi 0
+4719.727524065: grid210x_device byte send 52 eoi 0
+4719.727575067: grid210x_device byte send 50 eoi 0
+4719.727629069: grid210x_device byte send ff eoi 0
+4719.727679070: grid210x_device byte send 36 eoi 0
+4719.727731072: grid210x_device byte send 22 eoi 0
+4719.727782074: grid210x_device byte send 00 eoi 0
+4719.727967080: grid210x_device byte send e8 eoi 0
+4719.728033082: grid210x_device byte send aa eoi 0
+4719.728088084: grid210x_device byte send ff eoi 0
+4719.728140085: grid210x_device byte send b8 eoi 0
+4719.728192087: grid210x_device byte send 04 eoi 0
+4719.728248089: grid210x_device byte send 00 eoi 0
+4719.728301090: grid210x_device byte send 50 eoi 0
+4719.728354092: grid210x_device byte send b8 eoi 0
+4719.728406094: grid210x_device byte send 99 eoi 0
+4719.728457096: grid210x_device byte send 0e eoi 0
+4719.728511097: grid210x_device byte send 1e eoi 0
+4719.728562099: grid210x_device byte send 50 eoi 0
+4719.728613101: grid210x_device byte send b8 eoi 0
+4719.728664102: grid210x_device byte send 6c eoi 0
+4719.728715104: grid210x_device byte send 0a eoi 0
+4719.728768106: grid210x_device byte send 1e eoi 0
+4719.728819107: grid210x_device byte send 50 eoi 0
+4719.729001113: grid210x_device byte send ff eoi 0
+4719.729072116: grid210x_device byte send 1e eoi 0
+4719.729130117: grid210x_device byte send ac eoi 0
+4719.729182119: grid210x_device byte send 0e eoi 0
+4719.729240121: grid210x_device byte send a1 eoi 0
+4719.729291123: grid210x_device byte send 6c eoi 0
+4719.729344124: grid210x_device byte send 0a eoi 0
+4719.729395126: grid210x_device byte send 5d eoi 0
+4719.729448128: grid210x_device byte send c2 eoi 0
+4719.729501129: grid210x_device byte send 06 eoi 0
+4719.729553131: grid210x_device byte send 00 eoi 0
+4719.729606133: grid210x_device byte send 55 eoi 0
+4719.729657135: grid210x_device byte send 8b eoi 0
+4719.729708136: grid210x_device byte send ec eoi 0
+4719.729761138: grid210x_device byte send c4 eoi 0
+4719.729813140: grid210x_device byte send 5e eoi 0
+4719.729865141: grid210x_device byte send 04 eoi 0
+4719.729951144: grid210x_device byte send 8d eoi 0
+4719.730184152: grid210x_device byte send 47 eoi 0
+4719.730244154: grid210x_device byte send 04 eoi 0
+4719.730299155: grid210x_device byte send a3 eoi 0
+4719.730353157: grid210x_device byte send 72 eoi 0
+4719.730405159: grid210x_device byte send 0a eoi 0
+4719.730458161: grid210x_device byte send 8c eoi 0
+4719.730514162: grid210x_device byte send 06 eoi 0
+4719.730911175: grid210x_device byte send 74 eoi 0
+4719.730977177: grid210x_device byte send 0a eoi 0
+4719.731033179: grid210x_device byte send c4 eoi 0
+4719.731308188: grid210x_device byte send 5e eoi 0
+4719.731369190: grid210x_device byte send 04 eoi 0
+4719.731425192: grid210x_device byte send b8 eoi 0
+4719.731479194: grid210x_device byte send 00 eoi 0
+4719.731534196: grid210x_device byte send 00 eoi 0
+4719.731590197: grid210x_device byte send 26 eoi 0
+4719.731643199: grid210x_device byte send 89 eoi 0
+4719.731694201: grid210x_device byte send 87 eoi 0
+4719.731747202: grid210x_device byte send 04 eoi 0
+4719.731798204: grid210x_device byte send 04 eoi 0
+4719.731851206: grid210x_device byte send 26 eoi 0
+4719.731903208: grid210x_device byte send 89 eoi 0
+4719.731954209: grid210x_device byte send 87 eoi 0
+4719.732009211: grid210x_device byte send 06 eoi 0
+4719.732061213: grid210x_device byte send 04 eoi 0
+4719.732115214: grid210x_device byte send 26 eoi 0
+4719.732301220: grid210x_device byte send c7 eoi 0
+4719.732372223: grid210x_device byte send 07 eoi 0
+4719.732431225: grid210x_device byte send 01 eoi 0
+4719.732488227: grid210x_device byte send 00 eoi 0
+4719.732542228: grid210x_device byte send 26 eoi 0
+4719.732595230: grid210x_device byte send c7 eoi 0
+4719.732646232: grid210x_device byte send 47 eoi 0
+4719.732697233: grid210x_device byte send 02 eoi 0
+4719.732753235: grid210x_device byte send 00 eoi 0
+4719.732893240: grid210x_device byte send 00 eoi 0
+4719.732945241: grid210x_device byte send c4 eoi 0
+4719.732998243: grid210x_device byte send 1e eoi 0
+4719.733049245: grid210x_device byte send 72 eoi 0
+4719.733102246: grid210x_device byte send 0a eoi 0
+4719.733154248: grid210x_device byte send 8d eoi 0
+4719.733205250: grid210x_device byte send 87 eoi 0
+4719.733401256: grid210x_device byte send cc eoi 0
+4719.733465258: grid210x_device byte send 00 eoi 0
+4719.733519260: grid210x_device byte send a3 eoi 0
+4719.733572262: grid210x_device byte send 6e eoi 0
+4719.733624263: grid210x_device byte send 0a eoi 0
+4719.733677265: grid210x_device byte send 8c eoi 0
+4719.733730267: grid210x_device byte send 06 eoi 0
+4719.733782269: grid210x_device byte send 70 eoi 0
+4719.733833270: grid210x_device byte send 0a eoi 0
+4719.733887272: grid210x_device byte send 89 eoi 0
+4719.733939274: grid210x_device byte send c3 eoi 0
+4719.733992275: grid210x_device byte send 8b eoi 0
+4719.734044277: grid210x_device byte send 4e eoi 0
+4719.734097279: grid210x_device byte send 08 eoi 0
+4719.734149281: grid210x_device byte send 26 eoi 0
+4719.734201282: grid210x_device byte send 89 eoi 0
+4719.734255284: grid210x_device byte send 4f eoi 0
+4719.734440290: grid210x_device byte send 06 eoi 0
+4719.734561294: grid210x_device byte send 5d eoi 0
+4719.734661297: grid210x_device byte send c2 eoi 0
+4719.734722299: grid210x_device byte send 06 eoi 0
+4719.734778301: grid210x_device byte send 00 eoi 0
+4719.734830303: grid210x_device byte send 55 eoi 0
+4719.734884304: grid210x_device byte send 8b eoi 0
+4719.734934306: grid210x_device byte send ec eoi 0
+4719.734985308: grid210x_device byte send 83 eoi 0
+4719.735038309: grid210x_device byte send 7e eoi 0
+4719.735090311: grid210x_device byte send 04 eoi 0
+4719.735142313: grid210x_device byte send 00 eoi 0
+4719.735195315: grid210x_device byte send 75 eoi 0
+4719.735249316: grid210x_device byte send 08 eoi 0
+4719.735302318: grid210x_device byte send a1 eoi 0
+4719.735492324: grid210x_device byte send 24 eoi 0
+4719.735558326: grid210x_device byte send 00 eoi 0
+4719.735617328: grid210x_device byte send 2d eoi 0
+4719.735670330: grid210x_device byte send d4 eoi 0
+4719.735725332: grid210x_device byte send 00 eoi 0
+4719.735779334: grid210x_device byte send eb eoi 0
+4719.735831335: grid210x_device byte send 06 eoi 0
+4719.735886337: grid210x_device byte send a1 eoi 0
+4719.735937339: grid210x_device byte send 24 eoi 0
+4719.735991340: grid210x_device byte send 00 eoi 0
+4719.736043342: grid210x_device byte send 83 eoi 0
+4719.736096344: grid210x_device byte send e8 eoi 0
+4719.736639361: grid210x_device byte send 0c eoi 0
+4719.736714364: grid210x_device byte send d1 eoi 0
+4719.736770366: grid210x_device byte send e8 eoi 0
+4719.736822367: grid210x_device byte send 5d eoi 0
+4719.736877369: grid210x_device byte send c2 eoi 0
+4719.736929371: grid210x_device byte send 02 eoi 0
+4719.736983373: grid210x_device byte send 00 eoi 0
+4719.737037374: grid210x_device byte send 55 eoi 0
+4719.737089376: grid210x_device byte send 8b eoi 0
+4719.737139378: grid210x_device byte send ec eoi 0
+4719.737190379: grid210x_device byte send b8 eoi 0
+4719.737243381: grid210x_device byte send 00 eoi 0
+4719.737296383: grid210x_device byte send 00 eoi 0
+4719.737349385: grid210x_device byte send 50 eoi 0
+4719.737401386: grid210x_device byte send e8 eoi 0
+4719.737453388: grid210x_device byte send d9 eoi 0
+4719.737643394: grid210x_device byte send ff eoi 0
+4719.737715396: grid210x_device byte send a3 eoi 0
+4719.737770398: grid210x_device byte send 76 eoi 0
+4719.737823400: grid210x_device byte send 0a eoi 0
+4719.737880402: grid210x_device byte send c4 eoi 0
+4719.737944404: grid210x_device byte send 5e eoi 0
+4719.738000406: grid210x_device byte send 04 eoi 0
+4719.738055407: grid210x_device byte send 8d eoi 0
+4719.738108409: grid210x_device byte send 4f eoi 0
+4719.738159411: grid210x_device byte send 04 eoi 0
+4719.738211413: grid210x_device byte send 89 eoi 0
+4719.738265414: grid210x_device byte send 0e eoi 0
+4719.738318416: grid210x_device byte send 86 eoi 0
+4719.738371418: grid210x_device byte send 0a eoi 0
+4719.738422419: grid210x_device byte send 8c eoi 0
+4719.738475421: grid210x_device byte send 06 eoi 0
+4719.738527423: grid210x_device byte send 88 eoi 0
+4719.738707429: grid210x_device byte send 0a eoi 0
+4719.738777431: grid210x_device byte send c4 eoi 0
+4719.738831433: grid210x_device byte send 5e eoi 0
+4719.738885434: grid210x_device byte send 04 eoi 0
+4719.738938436: grid210x_device byte send 26 eoi 0
+4719.738991438: grid210x_device byte send 8b eoi 0
+4719.739042440: grid210x_device byte send 87 eoi 0
+4719.739094441: grid210x_device byte send 04 eoi 0
+4719.739146443: grid210x_device byte send 04 eoi 0
+4719.739199445: grid210x_device byte send 26 eoi 0
+4719.739251446: grid210x_device byte send 8b eoi 0
+4719.739302448: grid210x_device byte send 97 eoi 0
+4719.739354450: grid210x_device byte send 06 eoi 0
+4719.739406451: grid210x_device byte send 04 eoi 0
+4719.739457453: grid210x_device byte send 8b eoi 0
+4719.739511455: grid210x_device byte send 0e eoi 0
+4719.739565457: grid210x_device byte send 24 eoi 0
+4719.739743462: grid210x_device byte send 00 eoi 0
+4719.739813465: grid210x_device byte send bf eoi 0
+4719.739869466: grid210x_device byte send 00 eoi 0
+4719.739923468: grid210x_device byte send 00 eoi 0
+4719.739978470: grid210x_device byte send 9a eoi 0
+4719.740100474: grid210x_device byte send 00 eoi 0
+4719.740163476: grid210x_device byte send 00 eoi 0
+4719.740222478: grid210x_device byte send 7b eoi 0
+4719.740272480: grid210x_device byte send 20 eoi 0
+4719.740325481: grid210x_device byte send a3 eoi 0
+4719.740378483: grid210x_device byte send 7a eoi 0
+4719.740429485: grid210x_device byte send 0a eoi 0
+4719.740483486: grid210x_device byte send 3b eoi 0
+4719.740534488: grid210x_device byte send 06 eoi 0
+4719.740589490: grid210x_device byte send 76 eoi 0
+4719.740641492: grid210x_device byte send 0a eoi 0
+4719.740842498: grid210x_device byte send 73 eoi 0
+4719.740907500: grid210x_device byte send 0d eoi 0
+4719.740965502: grid210x_device byte send a3 eoi 0
+4719.741017504: grid210x_device byte send 7c eoi 0
+4719.741069505: grid210x_device byte send 0a eoi 0
+4719.741125507: grid210x_device byte send c4 eoi 0
+4719.741176509: grid210x_device byte send 1e eoi 0
+4719.741228511: grid210x_device byte send 86 eoi 1
+4719.741696526: grid210x_device byte recv 5f atn 1 eoi 0
+4719.741872532: grid210x_device now not talking
+4719.744008601: grid210x_device byte recv 25 atn 1 eoi 0
+4719.744059603: grid210x_device now listening
+4719.745217640: grid210x_device byte recv 04 atn 0 eoi 0
+4719.745313643: grid210x_device byte recv 00 atn 0 eoi 0
+4719.745387646: grid210x_device byte recv 00 atn 0 eoi 0
+4719.745454648: grid210x_device byte recv 02 atn 0 eoi 0
+4719.745527650: grid210x_device byte recv 00 atn 0 eoi 0
+4719.745596653: grid210x_device byte recv 00 atn 0 eoi 0
+4719.745662655: grid210x_device byte recv 00 atn 0 eoi 0
+4719.745732657: grid210x_device byte recv 00 atn 0 eoi 0
+4719.745801659: grid210x_device byte recv 02 atn 0 eoi 0
+4719.746891695: grid210x_device byte recv 00 atn 0 eoi 1
+4719.746989698: grid210x_device byte recv 3f atn 1 eoi 0
+4719.747018699: grid210x_device now not listening
+4719.747031699: grid210x_device command 4, data size 512, sector no 2
+4719.748301741: grid210x_device byte recv 18 atn 1 eoi 0
+4719.748404744: grid210x_device byte recv 45 atn 1 eoi 0
+4719.748432745: grid210x_device now talking
+4719.748464746: grid210x_device byte send 4f eoi 0
+4719.748590750: grid210x_device byte recv 19 atn 1 eoi 0
+4719.748667752: grid210x_device byte recv 5f atn 1 eoi 0
+4719.748692753: grid210x_device now not talking
+4719.750191802: grid210x_device byte recv 45 atn 1 eoi 0
+4719.750367808: grid210x_device now talking
+4719.751440843: grid210x_device byte send 0a eoi 0
+4719.751859856: grid210x_device byte send 8d eoi 0
+4719.751917858: grid210x_device byte send 87 eoi 0
+4719.751971860: grid210x_device byte send cc eoi 0
+4719.752026862: grid210x_device byte send 00 eoi 0
+4719.752079863: grid210x_device byte send eb eoi 0
+4719.752132865: grid210x_device byte send 1e eoi 0
+4719.752183867: grid210x_device byte send a1 eoi 0
+4719.752235868: grid210x_device byte send 7a eoi 0
+4719.752286870: grid210x_device byte send 0a eoi 0
+4719.752340872: grid210x_device byte send 2b eoi 0
+4719.752563879: grid210x_device byte send 06 eoi 0
+4719.752627881: grid210x_device byte send 76 eoi 0
+4719.752680883: grid210x_device byte send 0a eoi 0
+4719.752736885: grid210x_device byte send 50 eoi 0
+4719.752788886: grid210x_device byte send b9 eoi 0
+4719.752842888: grid210x_device byte send 01 eoi 0
+4719.752895890: grid210x_device byte send 00 eoi 0
+4719.752948892: grid210x_device byte send 51 eoi 0
+4719.753002893: grid210x_device byte send e8 eoi 0
+4719.753053895: grid210x_device byte send 8a eoi 0
+4719.753106897: grid210x_device byte send ff eoi 0
+4719.753157898: grid210x_device byte send 89 eoi 0
+4719.753209900: grid210x_device byte send c1 eoi 0
+4719.753263902: grid210x_device byte send 58 eoi 0
+4719.753314903: grid210x_device byte send 31 eoi 0
+4719.753367905: grid210x_device byte send d2 eoi 0
+4719.753418907: grid210x_device byte send f7 eoi 0
+4719.753617913: grid210x_device byte send f1 eoi 0
+4719.753674915: grid210x_device byte send 89 eoi 0
+4719.753730917: grid210x_device byte send 16 eoi 0
+4719.753783919: grid210x_device byte send 7c eoi 0
+4719.753835920: grid210x_device byte send 0a eoi 0
+4719.753895922: grid210x_device byte send c4 eoi 0
+4719.753946924: grid210x_device byte send 06 eoi 0
+4719.753999926: grid210x_device byte send 86 eoi 0
+4719.754050927: grid210x_device byte send 0a eoi 0
+4719.754104929: grid210x_device byte send a3 eoi 0
+4719.754155931: grid210x_device byte send 7e eoi 0
+4719.754206932: grid210x_device byte send 0a eoi 0
+4719.754261934: grid210x_device byte send 8c eoi 0
+4719.754313936: grid210x_device byte send 06 eoi 0
+4719.754368938: grid210x_device byte send 80 eoi 0
+4719.754419939: grid210x_device byte send 0a eoi 0
+4719.754596945: grid210x_device byte send 83 eoi 0
+4719.754665947: grid210x_device byte send 3e eoi 0
+4719.754723949: grid210x_device byte send 7c eoi 0
+4719.754777951: grid210x_device byte send 0a eoi 0
+4719.754830953: grid210x_device byte send 00 eoi 0
+4719.754886955: grid210x_device byte send 75 eoi 0
+4719.754937956: grid210x_device byte send 5a eoi 0
+4719.754990958: grid210x_device byte send c4 eoi 0
+4719.755043960: grid210x_device byte send 06 eoi 0
+4719.755097961: grid210x_device byte send 7e eoi 0
+4719.755149963: grid210x_device byte send 0a eoi 0
+4719.755512975: grid210x_device byte send a3 eoi 0
+4719.755770983: grid210x_device byte send 82 eoi 0
+4719.755829985: grid210x_device byte send 0a eoi 0
+4719.755889987: grid210x_device byte send 8c eoi 0
+4719.755942989: grid210x_device byte send 06 eoi 0
+4719.755997991: grid210x_device byte send 84 eoi 0
+4719.756049992: grid210x_device byte send 0a eoi 0
+4719.756104994: grid210x_device byte send a1 eoi 0
+4719.756155996: grid210x_device byte send 76 eoi 0
+4719.756207997: grid210x_device byte send 0a eoi 0
+4719.756261999: grid210x_device byte send 3b eoi 0
+4719.756314001: grid210x_device byte send 06 eoi 0
+4719.756368003: grid210x_device byte send 7a eoi 0
+4719.756419004: grid210x_device byte send 0a eoi 0
+4719.756473006: grid210x_device byte send 75 eoi 0
+4719.756524008: grid210x_device byte send 0f eoi 0
+4719.756577009: grid210x_device byte send c4 eoi 0
+4719.756769016: grid210x_device byte send 1e eoi 0
+4719.756841018: grid210x_device byte send 86 eoi 0
+4719.756898020: grid210x_device byte send 0a eoi 0
+4719.756953022: grid210x_device byte send 8d eoi 0
+4719.757008023: grid210x_device byte send 87 eoi 0
+4719.757060025: grid210x_device byte send cc eoi 0
+4719.757113027: grid210x_device byte send 00 eoi 0
+4719.757167029: grid210x_device byte send a3 eoi 0
+4719.757221030: grid210x_device byte send 82 eoi 0
+4719.757272032: grid210x_device byte send 0a eoi 0
+4719.757325034: grid210x_device byte send 8c eoi 0
+4719.757377035: grid210x_device byte send 06 eoi 0
+4719.757429037: grid210x_device byte send 84 eoi 0
+4719.757482039: grid210x_device byte send 0a eoi 0
+4719.757535041: grid210x_device byte send c4 eoi 0
+4719.757586042: grid210x_device byte send 1e eoi 0
+4719.757638044: grid210x_device byte send 82 eoi 0
+4719.757826050: grid210x_device byte send 0a eoi 0
+4719.757905053: grid210x_device byte send 26 eoi 0
+4719.757960054: grid210x_device byte send ff eoi 0
+4719.758020056: grid210x_device byte send 77 eoi 0
+4719.758072058: grid210x_device byte send 06 eoi 0
+4719.758125060: grid210x_device byte send c4 eoi 0
+4719.758176061: grid210x_device byte send 5e eoi 0
+4719.758230063: grid210x_device byte send 04 eoi 0
+4719.758283065: grid210x_device byte send 8d eoi 0
+4719.758335067: grid210x_device byte send 47 eoi 0
+4719.758389068: grid210x_device byte send 04 eoi 0
+4719.758441070: grid210x_device byte send 06 eoi 0
+4719.758552074: grid210x_device byte send 50 eoi 0
+4719.758650077: grid210x_device byte send e8 eoi 0
+4719.758710079: grid210x_device byte send b8 eoi 0
+4719.758913085: grid210x_device byte send fe eoi 0
+4719.758985088: grid210x_device byte send a3 eoi 0
+4719.759041090: grid210x_device byte send 78 eoi 0
+4719.759093091: grid210x_device byte send 0a eoi 0
+4719.759147093: grid210x_device byte send 09 eoi 0
+4719.759200095: grid210x_device byte send c0 eoi 0
+4719.759252096: grid210x_device byte send 75 eoi 0
+4719.759303098: grid210x_device byte send 37 eoi 0
+4719.759355100: grid210x_device byte send 83 eoi 0
+4719.759405101: grid210x_device byte send 3e eoi 0
+4719.759456103: grid210x_device byte send 7a eoi 0
+4719.759510105: grid210x_device byte send 0a eoi 0
+4719.759564107: grid210x_device byte send 00 eoi 0
+4719.759618108: grid210x_device byte send 75 eoi 0
+4719.759669110: grid210x_device byte send 16 eoi 0
+4719.759722112: grid210x_device byte send c4 eoi 0
+4719.759774113: grid210x_device byte send 1e eoi 0
+4719.759949119: grid210x_device byte send 86 eoi 0
+4719.760111124: grid210x_device byte send 0a eoi 0
+4719.760178127: grid210x_device byte send 26 eoi 0
+4719.760234128: grid210x_device byte send 8b eoi 0
+4719.760285130: grid210x_device byte send 47 eoi 0
+4719.760336132: grid210x_device byte send 04 eoi 0
+4719.760391133: grid210x_device byte send 26 eoi 0
+4719.760443135: grid210x_device byte send 8b eoi 0
+4719.760495137: grid210x_device byte send 57 eoi 0
+4719.760546138: grid210x_device byte send 06 eoi 0
+4719.760601140: grid210x_device byte send c4 eoi 0
+4719.760652142: grid210x_device byte send 5e eoi 0
+4719.760703144: grid210x_device byte send 04 eoi 0
+4719.761261162: grid210x_device byte send 26 eoi 0
+4719.761326164: grid210x_device byte send 89 eoi 0
+4719.761382166: grid210x_device byte send 07 eoi 0
+4719.761437167: grid210x_device byte send 26 eoi 0
+4719.761492169: grid210x_device byte send 89 eoi 0
+4719.761543171: grid210x_device byte send 57 eoi 0
+4719.761596173: grid210x_device byte send 02 eoi 0
+4719.761649174: grid210x_device byte send 8b eoi 0
+4719.761700176: grid210x_device byte send 36 eoi 0
+4719.761753178: grid210x_device byte send 7c eoi 0
+4719.761805179: grid210x_device byte send 0a eoi 0
+4719.761859181: grid210x_device byte send d1 eoi 0
+4719.761910183: grid210x_device byte send e6 eoi 0
+4719.761961184: grid210x_device byte send c4 eoi 0
+4719.762220193: grid210x_device byte send 1e eoi 0
+4719.762282195: grid210x_device byte send 7e eoi 0
+4719.762335197: grid210x_device byte send 0a eoi 0
+4719.762395199: grid210x_device byte send 26 eoi 0
+4719.762448200: grid210x_device byte send ff eoi 0
+4719.762500202: grid210x_device byte send 70 eoi 0
+4719.762551204: grid210x_device byte send 0c eoi 0
+4719.762605205: grid210x_device byte send c4 eoi 0
+4719.762657207: grid210x_device byte send 5e eoi 0
+4719.762708209: grid210x_device byte send 04 eoi 0
+4719.762765211: grid210x_device byte send 8d eoi 0
+4719.762817212: grid210x_device byte send 87 eoi 0
+4719.762870214: grid210x_device byte send 04 eoi 0
+4719.762923216: grid210x_device byte send 02 eoi 0
+4719.762978218: grid210x_device byte send 06 eoi 0
+4719.763030219: grid210x_device byte send 50 eoi 0
+4719.763246226: grid210x_device byte send e8 eoi 0
+4719.763318229: grid210x_device byte send 7a eoi 0
+4719.763373230: grid210x_device byte send fe eoi 0
+4719.763425232: grid210x_device byte send 5d eoi 0
+4719.763478234: grid210x_device byte send c2 eoi 0
+4719.763529235: grid210x_device byte send 04 eoi 0
+4719.763583237: grid210x_device byte send 00 eoi 0
+4719.763639239: grid210x_device byte send 55 eoi 0
+4719.763690241: grid210x_device byte send 8b eoi 0
+4719.763743242: grid210x_device byte send ec eoi 0
+4719.763794244: grid210x_device byte send c4 eoi 0
+4719.763848246: grid210x_device byte send 5e eoi 0
+4719.763899247: grid210x_device byte send 0a eoi 0
+4719.763952249: grid210x_device byte send 8d eoi 0
+4719.764005251: grid210x_device byte send 87 eoi 0
+4719.764057253: grid210x_device byte send 04 eoi 0
+4719.764112254: grid210x_device byte send 02 eoi 0
+4719.764303261: grid210x_device byte send a3 eoi 0
+4719.764373263: grid210x_device byte send 92 eoi 0
+4719.764426265: grid210x_device byte send 0a eoi 0
+4719.764482266: grid210x_device byte send 8c eoi 0
+4719.764533268: grid210x_device byte send 06 eoi 0
+4719.764586270: grid210x_device byte send 94 eoi 0
+4719.764639272: grid210x_device byte send 0a eoi 0
+4719.764691273: grid210x_device byte send c7 eoi 0
+4719.764744275: grid210x_device byte send 06 eoi 0
+4719.764797277: grid210x_device byte send 8e eoi 0
+4719.764851278: grid210x_device byte send 0a eoi 0
+4719.764903280: grid210x_device byte send 00 eoi 0
+4719.764954282: grid210x_device byte send 00 eoi 0
+4719.765009284: grid210x_device byte send c4 eoi 0
+4719.765060285: grid210x_device byte send 5e eoi 0
+4719.765111287: grid210x_device byte send 0a eoi 0
+4719.765163289: grid210x_device byte send 26 eoi 0
+4719.765345294: grid210x_device byte send 8b eoi 0
+4719.765413297: grid210x_device byte send 87 eoi 0
+4719.765468298: grid210x_device byte send 04 eoi 0
+4719.765521300: grid210x_device byte send 04 eoi 0
+4719.765575302: grid210x_device byte send 26 eoi 0
+4719.765628304: grid210x_device byte send 8b eoi 0
+4719.765679305: grid210x_device byte send 97 eoi 0
+4719.765827310: grid210x_device byte send 06 eoi 0
+4719.765881312: grid210x_device byte send 04 eoi 0
+4719.765935314: grid210x_device byte send 26 eoi 0
+4719.765988315: grid210x_device byte send 3b eoi 0
+4719.766039317: grid210x_device byte send 57 eoi 0
+4719.766093319: grid210x_device byte send 02 eoi 0
+4719.766145320: grid210x_device byte send 75 eoi 0
+4719.766196322: grid210x_device byte send 03 eoi 0
+4719.766765341: grid210x_device byte send 26 eoi 0
+4719.766830343: grid210x_device byte send 3b eoi 0
+4719.766884345: grid210x_device byte send 07 eoi 0
+4719.766939346: grid210x_device byte send b0 eoi 0
+4719.766993348: grid210x_device byte send ff eoi 0
+4719.767044350: grid210x_device byte send 74 eoi 0
+4719.767097351: grid210x_device byte send 01 eoi 0
+4719.767150353: grid210x_device byte send 40 eoi 0
+4719.767201355: grid210x_device byte send a2 eoi 0
+4719.767254357: grid210x_device byte send b1 eoi 0
+4719.767305358: grid210x_device byte send 0e eoi 0
+4719.767553366: grid210x_device byte send a1 eoi 0
+4719.767632369: grid210x_device byte send 8e eoi 0
+4719.767689371: grid210x_device byte send 0a eoi 0
+4719.767744372: grid210x_device byte send 3b eoi 0
+4719.767796374: grid210x_device byte send 46 eoi 0
+4719.767849376: grid210x_device byte send 04 eoi 0
+4719.767902378: grid210x_device byte send 72 eoi 0
+4719.767953379: grid210x_device byte send 03 eoi 0
+4719.768007381: grid210x_device byte send e9 eoi 0
+4719.768060383: grid210x_device byte send e5 eoi 0
+4719.768113384: grid210x_device byte send 00 eoi 0
+4719.768165386: grid210x_device byte send a0 eoi 0
+4719.768217388: grid210x_device byte send b1 eoi 0
+4719.768268389: grid210x_device byte send 0e eoi 0
+4719.768321391: grid210x_device byte send d0 eoi 0
+4719.768374393: grid210x_device byte send d8 eoi 0
+4719.768425395: grid210x_device byte send 73 eoi 0
+4719.768620401: grid210x_device byte send 03 eoi 0
+4719.768690403: grid210x_device byte send e9 eoi 0
+4719.768746405: grid210x_device byte send db eoi 0
+4719.768799407: grid210x_device byte send 00 eoi 0
+4719.768853409: grid210x_device byte send 8b eoi 0
+4719.768904410: grid210x_device byte send 0e eoi 0
+4719.768957412: grid210x_device byte send 24 eoi 0
+4719.769011414: grid210x_device byte send 00 eoi 0
+4719.769064415: grid210x_device byte send ba eoi 0
+4719.769117417: grid210x_device byte send 00 eoi 0
+4719.769169419: grid210x_device byte send 00 eoi 0
+4719.769224421: grid210x_device byte send c4 eoi 0
+4719.769275422: grid210x_device byte send 5e eoi 0
+4719.769327424: grid210x_device byte send 0a eoi 0
+4719.769381426: grid210x_device byte send 26 eoi 0
+4719.769433427: grid210x_device byte send 8b eoi 0
+4719.769484429: grid210x_device byte send 87 eoi 0
+4719.769672435: grid210x_device byte send 04 eoi 0
+4719.769743437: grid210x_device byte send 04 eoi 0
+4719.769801439: grid210x_device byte send 26 eoi 0
+4719.769857441: grid210x_device byte send 8b eoi 0
+4719.769907443: grid210x_device byte send bf eoi 0
+4719.769958444: grid210x_device byte send 06 eoi 0
+4719.770082448: grid210x_device byte send 04 eoi 0
+4719.770149451: grid210x_device byte send 87 eoi 0
+4719.770203452: grid210x_device byte send fa eoi 0
+4719.770257454: grid210x_device byte send 51 eoi 0
+4719.770310456: grid210x_device byte send 57 eoi 0
+4719.770364458: grid210x_device byte send 9a eoi 0
+4719.770415459: grid210x_device byte send 00 eoi 0
+4719.770471461: grid210x_device byte send 00 eoi 0
+4719.770523463: grid210x_device byte send 7b eoi 0
+4719.770574464: grid210x_device byte send 20 eoi 0
+4719.770778471: grid210x_device byte send 89 eoi 0
+4719.770839473: grid210x_device byte send 3e eoi 0
+4719.770893475: grid210x_device byte send 8a eoi 0
+4719.770945477: grid210x_device byte send 0a eoi 0
+4719.771001478: grid210x_device byte send 5b eoi 0
+4719.771052480: grid210x_device byte send 58 eoi 0
+4719.771105482: grid210x_device byte send 2b eoi 0
+4719.771156483: grid210x_device byte send c7 eoi 0
+4719.771207485: grid210x_device byte send a3 eoi 0
+4719.771260487: grid210x_device byte send 8c eoi 0
+4719.771310488: grid210x_device byte send 0a eoi 0
+4719.771364490: grid210x_device byte send 09 eoi 0
+4719.771416492: grid210x_device byte send ff eoi 0
+4719.771470494: grid210x_device byte send 75 eoi 0
+4719.771520495: grid210x_device byte send 0f eoi 0
+4719.771573497: grid210x_device byte send c4 eoi 0
+4719.771625499: grid210x_device byte send 46 eoi 0
+4719.771815505: grid210x_device byte send 0a eoi 0
+4719.772182517: grid210x_device byte send 06 eoi 0
+4719.772246519: grid210x_device byte send 50 eoi 0
+4719.772300521: grid210x_device byte send e8 eoi 0
+4719.772354522: grid210x_device byte send 94 eoi 0
+4719.772406524: grid210x_device byte send fe eoi 0
+4719.772458526: grid210x_device byte send 09 eoi 0
+4719.772512527: grid210x_device byte send c0 eoi 0
+4719.772565529: grid210x_device byte send 74 eoi 0
+4719.772618531: grid210x_device byte send 03 eoi 0
+4719.772672533: grid210x_device byte send e9 eoi 0
+4719.772932541: grid210x_device byte send a0 eoi 0
+4719.773006543: grid210x_device byte send 00 eoi 0
+4719.773065545: grid210x_device byte send 8b eoi 0
+4719.773118547: grid210x_device byte send 0e eoi 0
+4719.773173549: grid210x_device byte send 8c eoi 0
+4719.773227551: grid210x_device byte send 0a eoi 0
+4719.773279552: grid210x_device byte send a1 eoi 0
+4719.773331554: grid210x_device byte send 8e eoi 0
+4719.773385556: grid210x_device byte send 0a eoi 0
+4719.773438558: grid210x_device byte send 03 eoi 0
+4719.773493559: grid210x_device byte send c8 eoi 0
+4719.773545561: grid210x_device byte send 8b eoi 0
+4719.773598563: grid210x_device byte send 46 eoi 0
+4719.773649564: grid210x_device byte send 04 eoi 0
+4719.773701566: grid210x_device byte send 3b eoi 0
+4719.773755568: grid210x_device byte send c8 eoi 0
+4719.773808570: grid210x_device byte send 76 eoi 0
+4719.773999576: grid210x_device byte send 07 eoi 0
+4719.774061578: grid210x_device byte send 2b eoi 0
+4719.774117580: grid210x_device byte send 06 eoi 0
+4719.774170581: grid210x_device byte send 8e eoi 0
+4719.774224583: grid210x_device byte send 0a eoi 0
+4719.774277585: grid210x_device byte send a3 eoi 0
+4719.774328586: grid210x_device byte send 8c eoi 0
+4719.774380588: grid210x_device byte send 0a eoi 0
+4719.774434590: grid210x_device byte send c4 eoi 0
+4719.774545594: grid210x_device byte send 5e eoi 0
+4719.774642597: grid210x_device byte send 0a eoi 0
+4719.774703599: grid210x_device byte send 26 eoi 0
+4719.774759600: grid210x_device byte send 8b eoi 0
+4719.774813602: grid210x_device byte send 87 eoi 0
+4719.775002608: grid210x_device byte send 04 eoi 0
+4719.775074611: grid210x_device byte send 04 eoi 0
+4719.775132613: grid210x_device byte send 26 eoi 0
+4719.775187614: grid210x_device byte send 8b eoi 0
+4719.775241616: grid210x_device byte send 97 eoi 0
+4719.775294618: grid210x_device byte send 06 eoi 0
+4719.775349620: grid210x_device byte send 04 eoi 0
+4719.775402621: grid210x_device byte send 8b eoi 0
+4719.775454623: grid210x_device byte send 0e eoi 0
+4719.775509625: grid210x_device byte send 8c eoi 0
+4719.775560627: grid210x_device byte send 0a eoi 0
+4719.775614628: grid210x_device byte send bf eoi 0
+4719.775665630: grid210x_device byte send 00 eoi 0
+4719.775718632: grid210x_device byte send 00 eoi 0
+4719.775771633: grid210x_device byte send 03 eoi 0
+4719.775824635: grid210x_device byte send c8 eoi 0
+4719.775875637: grid210x_device byte send 13 eoi 0
+4719.776048642: grid210x_device byte send fa eoi 0
+4719.776120645: grid210x_device byte send 26 eoi 0
+4719.776177647: grid210x_device byte send 8b eoi 0
+4719.776232648: grid210x_device byte send 37 eoi 0
+4719.776285650: grid210x_device byte send 26 eoi 0
+4719.776337652: grid210x_device byte send 8b eoi 0
+4719.776391654: grid210x_device byte send 47 eoi 0
+4719.776443655: grid210x_device byte send 02 eoi 0
+4719.776499657: grid210x_device byte send 3b eoi 0
+4719.776550659: grid210x_device byte send f8 eoi 0
+4719.776603660: grid210x_device byte send 75 eoi 0
+4719.776654662: grid210x_device byte send 02 eoi 0
+4719.776706664: grid210x_device byte send 3b eoi 0
+4719.776759665: grid210x_device byte send ce eoi 0
+4719.776810667: grid210x_device byte send 76 eoi 0
+4719.777114677: grid210x_device byte send 15 eoi 0
+4719.777181679: grid210x_device byte send 26 eoi 0
+4719.777236681: grid210x_device byte send 2b eoi 0
+4719.777289683: grid210x_device byte send b7 eoi 0
+4719.777343684: grid210x_device byte send 04 eoi 0
+4719.777656695: grid210x_device byte send 04 eoi 0
+4719.777724697: grid210x_device byte send 26 eoi 0
+4719.777779699: grid210x_device byte send 1b eoi 0
+4719.777832700: grid210x_device byte send 87 eoi 0
+4719.777887702: grid210x_device byte send 06 eoi 0
+4719.777944704: grid210x_device byte send 04 eoi 0
+4719.777999706: grid210x_device byte send 89 eoi 0
+4719.778254714: grid210x_device byte send 36 eoi 0
+4719.778324716: grid210x_device byte send 90 eoi 0
+4719.778377718: grid210x_device byte send 0a eoi 0
+4719.778432720: grid210x_device byte send c6 eoi 0
+4719.778485722: grid210x_device byte send 06 eoi 0
+4719.778539723: grid210x_device byte send b1 eoi 0
+4719.778593725: grid210x_device byte send 0e eoi 0
+4719.778645727: grid210x_device byte send 01 eoi 0
+4719.778699729: grid210x_device byte send eb eoi 0
+4719.778754730: grid210x_device byte send 06 eoi 0
+4719.778806732: grid210x_device byte send a1 eoi 0
+4719.778859734: grid210x_device byte send 8c eoi 0
+4719.778910735: grid210x_device byte send 0a eoi 0
+4719.778966737: grid210x_device byte send a3 eoi 0
+4719.779017739: grid210x_device byte send 90 eoi 0
+4719.779069741: grid210x_device byte send 0a eoi 0
+4719.779124742: grid210x_device byte send c4 eoi 0
+4719.779314749: grid210x_device byte send 1e eoi 0
+4719.779383751: grid210x_device byte send 92 eoi 0
+4719.779437753: grid210x_device byte send 0a eoi 0
+4719.779493754: grid210x_device byte send 8b eoi 0
+4719.779544756: grid210x_device byte send 36 eoi 0
+4719.779598758: grid210x_device byte send 8a eoi 0
+4719.779650759: grid210x_device byte send 0a eoi 0
+4719.779703761: grid210x_device byte send 8d eoi 0
+4719.779756763: grid210x_device byte send 70 eoi 0
+4719.779807765: grid210x_device byte send 04 eoi 0
+4719.779861766: grid210x_device byte send 06 eoi 0
+4719.779913768: grid210x_device byte send c4 eoi 0
+4719.779966770: grid210x_device byte send 5e eoi 0
+4719.780087774: grid210x_device byte send 06 eoi 0
+4719.780157776: grid210x_device byte send 8b eoi 0
+4719.780345782: grid210x_device byte send 3e eoi 0
+4719.780413784: grid210x_device byte send 8e eoi 0
+4719.780470786: grid210x_device byte send 0a eoi 0
+4719.780526788: grid210x_device byte send 8d eoi 0
+4719.780577790: grid210x_device byte send 39 eoi 0
+4719.780630791: grid210x_device byte send 8b eoi 0
+4719.780681793: grid210x_device byte send 0e eoi 0
+4719.780735795: grid210x_device byte send 90 eoi 0
+4719.780787796: grid210x_device byte send 0a eoi 0
+4719.780841798: grid210x_device byte send 1e eoi 0
+4719.780893800: grid210x_device byte send 8e eoi 0
+4719.780944802: grid210x_device byte send 9e eoi 0
+4719.780997803: grid210x_device byte send fe eoi 0
+4719.781048805: grid210x_device byte send ff eoi 0
+4719.781101807: grid210x_device byte send fc eoi 0
+4719.781152808: grid210x_device byte send f2 eoi 0
+4719.781203810: grid210x_device byte send a4 eoi 0
+4719.781394816: grid210x_device byte send 1f eoi 0
+4719.781465818: grid210x_device byte send 59 eoi 0
+4719.781520820: grid210x_device byte send a1 eoi 0
+4719.781572822: grid210x_device byte send 90 eoi 0
+4719.781625824: grid210x_device byte send 0a eoi 0
+4719.781679825: grid210x_device byte send 01 eoi 0
+4719.781734827: grid210x_device byte send 06 eoi 0
+4719.781787829: grid210x_device byte send 8e eoi 0
+4719.781841831: grid210x_device byte send 0a eoi 0
+4719.781892832: grid210x_device byte send c4 eoi 0
+4719.781943834: grid210x_device byte send 5e eoi 0
+4719.781997836: grid210x_device byte send 0a eoi 0
+4719.782049837: grid210x_device byte send ba eoi 0
+4719.782102839: grid210x_device byte send 00 eoi 0
+4719.782246844: grid210x_device byte send 00 eoi 0
+4719.782297845: grid210x_device byte send 26 eoi 0
+4719.782543853: grid210x_device byte send 03 eoi 0
+4719.782649857: grid210x_device byte send 87 eoi 0
+4719.782709859: grid210x_device byte send 04 eoi 0
+4719.782768861: grid210x_device byte send 04 eoi 0
+4719.782820862: grid210x_device byte send 26 eoi 0
+4719.782873864: grid210x_device byte send 13 eoi 0
+4719.782924866: grid210x_device byte send 97 eoi 0
+4719.783305878: grid210x_device byte send 06 eoi 0
+4719.783584887: grid210x_device byte send 04 eoi 0
+4719.783659890: grid210x_device byte send 26 eoi 0
+4719.783718892: grid210x_device byte send 89 eoi 0
+4719.783771893: grid210x_device byte send 87 eoi 0
+4719.783822895: grid210x_device byte send 04 eoi 0
+4719.783876897: grid210x_device byte send 04 eoi 0
+4719.783927898: grid210x_device byte send 26 eoi 0
+4719.783980900: grid210x_device byte send 89 eoi 0
+4719.784031902: grid210x_device byte send 97 eoi 0
+4719.784097904: grid210x_device byte send 06 eoi 0
+4719.784152906: grid210x_device byte send 04 eoi 0
+4719.784206908: grid210x_device byte send e9 eoi 0
+4719.784261909: grid210x_device byte send 10 eoi 0
+4719.784313911: grid210x_device byte send ff eoi 0
+4719.784367913: grid210x_device byte send a1 eoi 0
+4719.784418914: grid210x_device byte send 8e eoi 0
+4719.784471916: grid210x_device byte send 0a eoi 0
+4719.784672923: grid210x_device byte send 5d eoi 0
+4719.784733925: grid210x_device byte send c2 eoi 0
+4719.784788926: grid210x_device byte send 0a eoi 0
+4719.784843928: grid210x_device byte send 00 eoi 0
+4719.784895930: grid210x_device byte send 55 eoi 0
+4719.784947932: grid210x_device byte send 8b eoi 0
+4719.785000933: grid210x_device byte send ec eoi 0
+4719.785052935: grid210x_device byte send a1 eoi 0
+4719.785105937: grid210x_device byte send 00 eoi 0
+4719.785159939: grid210x_device byte send 00 eoi 0
+4719.785211940: grid210x_device byte send 09 eoi 0
+4719.785265942: grid210x_device byte send c0 eoi 0
+4719.785317944: grid210x_device byte send 75 eoi 0
+4719.785371945: grid210x_device byte send 2d eoi 0
+4719.785423947: grid210x_device byte send ff eoi 0
+4719.785478949: grid210x_device byte send 76 eoi 0
+4719.785529951: grid210x_device byte send 0c eoi 0
+4719.785735957: grid210x_device byte send b8 eoi 0
+4719.785793959: grid210x_device byte send 58 eoi 0
+4719.785851961: grid210x_device byte send 00 eoi 0
+4719.785905963: grid210x_device byte send 1e eoi 0
+4719.785956964: grid210x_device byte send 50 eoi 0
+4719.786009966: grid210x_device byte send e8 eoi 0
+4719.786062968: grid210x_device byte send 6d eoi 0
+4719.786116970: grid210x_device byte send fd eoi 0
+4719.786167971: grid210x_device byte send b8 eoi 0
+4719.786220973: grid210x_device byte send 58 eoi 0
+4719.786271975: grid210x_device byte send 00 eoi 0
+4719.786324976: grid210x_device byte send 1e eoi 0
+4719.786378978: grid210x_device byte send 50 eoi 0
+4719.786430980: grid210x_device byte send b8 eoi 0
+4719.786482982: grid210x_device byte send ef eoi 0
+4719.786533983: grid210x_device byte send 0e eoi 0
+4719.786585985: grid210x_device byte send 1e eoi 0
+4719.786775991: grid210x_device byte send 50 eoi 0
+4719.786833993: grid210x_device byte send b8 eoi 0
+4719.786888995: grid210x_device byte send 01 eoi 0
+4719.786942996: grid210x_device byte send 00 eoi 0
+4719.786996998: grid210x_device byte send 50 eoi 0
+4719.787049000: grid210x_device byte send e8 eoi 0
+4719.787102002: grid210x_device byte send ae eoi 0
+4719.787153003: grid210x_device byte send fe eoi 0
+4719.787204005: grid210x_device byte send a3 eoi 0
+4719.787257007: grid210x_device byte send 98 eoi 0
+4719.787306008: grid210x_device byte send 0a eoi 1
+4719.787813025: grid210x_device byte recv 5f atn 1 eoi 0
+4719.787854026: grid210x_device now not talking
+4719.790131100: grid210x_device byte recv 25 atn 1 eoi 0
+4719.790180102: grid210x_device now listening
+4719.811400791: grid210x_device byte recv 14 atn 1 eoi 0
+4720.342793063: grid210x_device byte recv 26 atn 1 eoi 0
+4720.343982102: grid210x_device byte recv 01 atn 0 eoi 0
+4720.344073105: grid210x_device byte recv 00 atn 0 eoi 0
+4720.344147107: grid210x_device byte recv 00 atn 0 eoi 0
+4720.344219109: grid210x_device byte recv 00 atn 0 eoi 0
+4720.344436116: grid210x_device byte recv 00 atn 0 eoi 0
+4720.344518119: grid210x_device byte recv 00 atn 0 eoi 0
+4720.344590121: grid210x_device byte recv 00 atn 0 eoi 0
+4720.344660124: grid210x_device byte recv 34 atn 0 eoi 0
+4720.344729126: grid210x_device byte recv 00 atn 0 eoi 0
+4720.345821161: grid210x_device byte recv 20 atn 0 eoi 1
+4720.345916165: grid210x_device byte recv 3f atn 1 eoi 0
+4720.345944165: grid210x_device now not listening
+4720.345957166: grid210x_device command 1, data size 52, sector no 0
+4720.347710223: grid210x_device byte recv 46 atn 1 eoi 0
+4720.347757224: grid210x_device now not talking
+4725.471010502: grid210x_device byte recv 5f atn 1 eoi 0
+4725.471072504: grid210x_device now not talking
+4725.474339610: grid210x_device byte recv 26 atn 1 eoi 0
+4727.549826853: grid210x_device byte recv 14 atn 1 eoi 0
+4728.692821855: grid210x_device byte recv 14 atn 1 eoi 0
+4729.228584194: grid210x_device byte recv 25 atn 1 eoi 0
+4729.228644196: grid210x_device now listening
+4729.229781232: grid210x_device byte recv 01 atn 0 eoi 0
+4729.229867235: grid210x_device byte recv 00 atn 0 eoi 0
+4729.229940238: grid210x_device byte recv 00 atn 0 eoi 0
+4729.230076242: grid210x_device byte recv 00 atn 0 eoi 0
+4729.230160245: grid210x_device byte recv 00 atn 0 eoi 0
+4729.230235247: grid210x_device byte recv 00 atn 0 eoi 0
+4729.230306249: grid210x_device byte recv 00 atn 0 eoi 0
+4729.230376252: grid210x_device byte recv 34 atn 0 eoi 0
+4729.230446254: grid210x_device byte recv 00 atn 0 eoi 0
+4729.231538289: grid210x_device byte recv 20 atn 0 eoi 1
+4729.231796298: grid210x_device byte recv 3f atn 1 eoi 0
+4729.231836299: grid210x_device now not listening
+4729.231851299: grid210x_device command 1, data size 52, sector no 0
+4729.233864365: grid210x_device byte recv 45 atn 1 eoi 0
+4729.233908366: grid210x_device now talking
+4729.234989401: grid210x_device byte send 00 eoi 0
+4729.235434415: grid210x_device byte send 02 eoi 0
+4729.235490417: grid210x_device byte send f8 eoi 0
+4729.235546419: grid210x_device byte send 01 eoi 0
+4729.235598421: grid210x_device byte send d0 eoi 0
+4729.235649422: grid210x_device byte send 02 eoi 0
+4729.235702424: grid210x_device byte send 01 eoi 0
+4729.235754426: grid210x_device byte send 20 eoi 0
+4729.235932431: grid210x_device byte send 01 eoi 0
+4729.236001434: grid210x_device byte send 21 eoi 0
+4729.236058436: grid210x_device byte send 01 eoi 0
+4729.236112437: grid210x_device byte send 01 eoi 0
+4729.236166439: grid210x_device byte send 00 eoi 0
+4729.236221441: grid210x_device byte send 00 eoi 0
+4729.236274443: grid210x_device byte send 34 eoi 0
+4729.236328444: grid210x_device byte send 38 eoi 0
+4729.236380446: grid210x_device byte send 20 eoi 0
+4729.236438448: grid210x_device byte send 54 eoi 0
+4729.236490450: grid210x_device byte send 50 eoi 0
+4729.236542451: grid210x_device byte send 49 eoi 0
+4729.236596453: grid210x_device byte send 20 eoi 0
+4729.236647455: grid210x_device byte send 44 eoi 0
+4729.236699456: grid210x_device byte send 53 eoi 0
+4729.236751458: grid210x_device byte send 20 eoi 0
+4729.236804460: grid210x_device byte send 44 eoi 0
+4729.237010466: grid210x_device byte send 44 eoi 0
+4729.237084469: grid210x_device byte send 20 eoi 0
+4729.237140471: grid210x_device byte send 46 eoi 0
+4729.237192472: grid210x_device byte send 4c eoi 0
+4729.237245474: grid210x_device byte send 4f eoi 0
+4729.237297476: grid210x_device byte send 50 eoi 0
+4729.237348477: grid210x_device byte send 50 eoi 0
+4729.237399479: grid210x_device byte send 59 eoi 0
+4729.237451481: grid210x_device byte send 20 eoi 0
+4729.237503482: grid210x_device byte send 20 eoi 0
+4729.237556484: grid210x_device byte send 20 eoi 0
+4729.237607486: grid210x_device byte send 20 eoi 0
+4729.237658487: grid210x_device byte send 33 eoi 0
+4729.237712489: grid210x_device byte send 30 eoi 0
+4729.237763491: grid210x_device byte send 30 eoi 0
+4729.237815492: grid210x_device byte send 32 eoi 0
+4729.237866494: grid210x_device byte send 33 eoi 0
+4729.238041500: grid210x_device byte send 37 eoi 0
+4729.238116502: grid210x_device byte send 2d eoi 0
+4729.238174504: grid210x_device byte send 30 eoi 0
+4729.238226506: grid210x_device byte send 30 eoi 0
+4729.238277507: grid210x_device byte send 00 eoi 0
+4729.238333509: grid210x_device byte send 02 eoi 0
+4729.238723522: grid210x_device byte send 09 eoi 0
+4729.238787524: grid210x_device byte send 00 eoi 0
+4729.238910528: grid210x_device byte send 02 eoi 0
+4729.239197537: grid210x_device byte send 00 eoi 0
+4729.239266539: grid210x_device byte send 00 eoi 0
+4729.239323541: grid210x_device byte send 02 eoi 0
+4729.239380543: grid210x_device byte send f8 eoi 0
+4729.239433545: grid210x_device byte send 01 eoi 0
+4729.239485546: grid210x_device byte send d0 eoi 0
+4729.239536548: grid210x_device byte send 02 eoi 0
+4729.239591550: grid210x_device byte send 01 eoi 0
+4729.239643552: grid210x_device byte send 20 eoi 0
+4729.239697553: grid210x_device byte send 01 eoi 0
+4729.239749555: grid210x_device byte send 21 eoi 0
+4729.239803557: grid210x_device byte send 01 eoi 0
+4729.239856558: grid210x_device byte send 01 eoi 0
+4729.239910560: grid210x_device byte send 00 eoi 0
+4729.239964562: grid210x_device byte send 00 eoi 0
+4729.240229571: grid210x_device byte send 34 eoi 0
+4729.240304573: grid210x_device byte send 38 eoi 0
+4729.240362575: grid210x_device byte send 20 eoi 0
+4729.240415577: grid210x_device byte send 54 eoi 0
+4729.240470578: grid210x_device byte send 50 eoi 0
+4729.240521580: grid210x_device byte send 49 eoi 0
+4729.240574582: grid210x_device byte send 20 eoi 0
+4729.240625583: grid210x_device byte send 44 eoi 0
+4729.240678585: grid210x_device byte send 53 eoi 0
+4729.240731587: grid210x_device byte send 20 eoi 0
+4729.240782588: grid210x_device byte send 44 eoi 0
+4729.240836590: grid210x_device byte send 44 eoi 0
+4729.240888592: grid210x_device byte send 20 eoi 0
+4729.240940594: grid210x_device byte send 46 eoi 0
+4729.240992595: grid210x_device byte send 4c eoi 0
+4729.241043597: grid210x_device byte send 4f eoi 0
+4729.241097599: grid210x_device byte send 50 eoi 0
+4729.241282605: grid210x_device byte send 50 eoi 0
+4729.241358607: grid210x_device byte send 59 eoi 0
+4729.241413609: grid210x_device byte send 20 eoi 0
+4729.241469611: grid210x_device byte send 20 eoi 0
+4729.241520612: grid210x_device byte send 20 eoi 0
+4729.241574614: grid210x_device byte send 20 eoi 0
+4729.241627616: grid210x_device byte send 33 eoi 0
+4729.241681618: grid210x_device byte send 30 eoi 0
+4729.241733619: grid210x_device byte send 30 eoi 0
+4729.241785621: grid210x_device byte send 32 eoi 0
+4729.241839623: grid210x_device byte send 33 eoi 0
+4729.241891624: grid210x_device byte send 37 eoi 0
+4729.241943626: grid210x_device byte send 2d eoi 0
+4729.241994628: grid210x_device byte send 30 eoi 0
+4729.242049629: grid210x_device byte send 30 eoi 0
+4729.242102631: grid210x_device byte send 00 eoi 0
+4729.242156633: grid210x_device byte send 02 eoi 0
+4729.242361640: grid210x_device byte send 09 eoi 0
+4729.242436642: grid210x_device byte send 00 eoi 0
+4729.242494644: grid210x_device byte send 02 eoi 0
+4729.242543645: grid210x_device byte send 00 eoi 1
+4729.243008660: grid210x_device byte recv 5f atn 1 eoi 0
+4729.243036661: grid210x_device now not talking
+4729.791641409: grid210x_device byte recv 14 atn 1 eoi 0
+4730.331013856: grid210x_device byte recv 26 atn 1 eoi 0
+4730.335230992: grid210x_device byte recv 14 atn 1 eoi 0
+4732.947101405: grid210x_device byte recv 14 atn 1 eoi 0
+4733.992082149: grid210x_device byte recv 25 atn 1 eoi 0
+4733.992145151: grid210x_device now listening
+4733.993261187: grid210x_device byte recv 01 atn 0 eoi 0
+4733.993349190: grid210x_device byte recv 00 atn 0 eoi 0
+4733.993420192: grid210x_device byte recv 00 atn 0 eoi 0
+4733.993488194: grid210x_device byte recv 00 atn 0 eoi 0
+4733.993556196: grid210x_device byte recv 00 atn 0 eoi 0
+4733.993627199: grid210x_device byte recv 00 atn 0 eoi 0
+4733.993698201: grid210x_device byte recv 00 atn 0 eoi 0
+4733.993767203: grid210x_device byte recv 34 atn 0 eoi 0
+4733.993832205: grid210x_device byte recv 00 atn 0 eoi 0
+4733.994920240: grid210x_device byte recv 00 atn 0 eoi 1
+4733.995009243: grid210x_device byte recv 3f atn 1 eoi 0
+4733.995037244: grid210x_device now not listening
+4733.995049244: grid210x_device command 1, data size 52, sector no 0
+4733.997158313: grid210x_device byte recv 45 atn 1 eoi 0
+4733.997213314: grid210x_device now talking
+4733.998435354: grid210x_device byte send 00 eoi 0
+4733.998820366: grid210x_device byte send 02 eoi 0
+4733.998881368: grid210x_device byte send f8 eoi 0
+4733.998935370: grid210x_device byte send 01 eoi 0
+4733.999046374: grid210x_device byte send d0 eoi 0
+4733.999143377: grid210x_device byte send 02 eoi 0
+4733.999205379: grid210x_device byte send 01 eoi 0
+4733.999263381: grid210x_device byte send 20 eoi 0
+4733.999316382: grid210x_device byte send 01 eoi 0
+4733.999507388: grid210x_device byte send 21 eoi 0
+4733.999575391: grid210x_device byte send 01 eoi 0
+4733.999636393: grid210x_device byte send 01 eoi 0
+4733.999689394: grid210x_device byte send 00 eoi 0
+4733.999745396: grid210x_device byte send 00 eoi 0
+4733.999799398: grid210x_device byte send 34 eoi 0
+4733.999851400: grid210x_device byte send 38 eoi 0
+4733.999902401: grid210x_device byte send 20 eoi 0
+4733.999954403: grid210x_device byte send 54 eoi 0
+4734.000110408: grid210x_device byte send 50 eoi 0
+4734.000181410: grid210x_device byte send 49 eoi 0
+4734.000241412: grid210x_device byte send 20 eoi 0
+4734.000296414: grid210x_device byte send 44 eoi 0
+4734.000354416: grid210x_device byte send 53 eoi 0
+4734.000546422: grid210x_device byte send 20 eoi 0
+4734.000620424: grid210x_device byte send 44 eoi 0
+4734.000678426: grid210x_device byte send 44 eoi 0
+4734.000734428: grid210x_device byte send 20 eoi 0
+4734.000786430: grid210x_device byte send 46 eoi 0
+4734.000840431: grid210x_device byte send 4c eoi 0
+4734.000895433: grid210x_device byte send 4f eoi 0
+4734.000947435: grid210x_device byte send 50 eoi 0
+4734.001000437: grid210x_device byte send 50 eoi 0
+4734.001053438: grid210x_device byte send 59 eoi 0
+4734.001107440: grid210x_device byte send 20 eoi 0
+4734.001160442: grid210x_device byte send 20 eoi 0
+4734.001216444: grid210x_device byte send 20 eoi 0
+4734.001268445: grid210x_device byte send 20 eoi 0
+4734.001321447: grid210x_device byte send 33 eoi 0
+4734.001374449: grid210x_device byte send 30 eoi 0
+4734.001426450: grid210x_device byte send 30 eoi 0
+4734.001613456: grid210x_device byte send 32 eoi 0
+4734.001681459: grid210x_device byte send 33 eoi 0
+4734.001739460: grid210x_device byte send 37 eoi 0
+4734.001793462: grid210x_device byte send 2d eoi 0
+4734.001848464: grid210x_device byte send 30 eoi 0
+4734.001900466: grid210x_device byte send 30 eoi 0
+4734.001951467: grid210x_device byte send 00 eoi 0
+4734.002004469: grid210x_device byte send 02 eoi 0
+4734.002057471: grid210x_device byte send 09 eoi 0
+4734.002112473: grid210x_device byte send 00 eoi 0
+4734.002165474: grid210x_device byte send 02 eoi 0
+4734.002218476: grid210x_device byte send 00 eoi 1
+4734.002726492: grid210x_device byte recv 5f atn 1 eoi 0
+4734.002774494: grid210x_device now not talking
+4734.005592585: grid210x_device byte recv 25 atn 1 eoi 0
+4734.005644587: grid210x_device now listening
+4734.007963661: grid210x_device byte recv 14 atn 1 eoi 0
+4734.543582952: grid210x_device byte recv 26 atn 1 eoi 0
+4734.544882993: grid210x_device byte recv 01 atn 0 eoi 0
+4734.544972996: grid210x_device byte recv 00 atn 0 eoi 0
+4734.545045999: grid210x_device byte recv 00 atn 0 eoi 0
+4734.545116001: grid210x_device byte recv 00 atn 0 eoi 0
+4734.545186003: grid210x_device byte recv 00 atn 0 eoi 0
+4734.545252005: grid210x_device byte recv 00 atn 0 eoi 0
+4734.545321008: grid210x_device byte recv 00 atn 0 eoi 0
+4734.545387010: grid210x_device byte recv 34 atn 0 eoi 0
+4734.545453012: grid210x_device byte recv 00 atn 0 eoi 0
+4734.546542047: grid210x_device byte recv 00 atn 0 eoi 1
+4734.546627050: grid210x_device byte recv 3f atn 1 eoi 0
+4734.546656051: grid210x_device now not listening
+4734.546668051: grid210x_device command 1, data size 52, sector no 0
+4734.548441108: grid210x_device byte recv 46 atn 1 eoi 0
+4734.548492110: grid210x_device now not talking
+4739.668845166: grid210x_device byte recv 5f atn 1 eoi 0
+4739.669426185: grid210x_device now not talking
+4739.670398216: grid210x_device byte recv 14 atn 1 eoi 0
+4740.843938989: grid210x_device byte recv 14 atn 1 eoi 0
+4743.445545655: grid210x_device byte recv 14 atn 1 eoi 0
+4744.486180092: grid210x_device byte recv 25 atn 1 eoi 0
+4744.486242094: grid210x_device now listening
+4744.487309128: grid210x_device byte recv 01 atn 0 eoi 0
+4744.487488134: grid210x_device byte recv 00 atn 0 eoi 0
+4744.487567137: grid210x_device byte recv 00 atn 0 eoi 0
+4744.487639139: grid210x_device byte recv 00 atn 0 eoi 0
+4744.487708141: grid210x_device byte recv 00 atn 0 eoi 0
+4744.487776143: grid210x_device byte recv 00 atn 0 eoi 0
+4744.487845146: grid210x_device byte recv 00 atn 0 eoi 0
+4744.487913148: grid210x_device byte recv 34 atn 0 eoi 0
+4744.487979150: grid210x_device byte recv 00 atn 0 eoi 0
+4744.489065185: grid210x_device byte recv 20 atn 0 eoi 1
+4744.489158188: grid210x_device byte recv 3f atn 1 eoi 0
+4744.489323193: grid210x_device now not listening
+4744.489347194: grid210x_device command 1, data size 52, sector no 0
+4744.491407260: grid210x_device byte recv 45 atn 1 eoi 0
+4744.491460262: grid210x_device now talking
+4744.492521296: grid210x_device byte send 00 eoi 0
+4744.492965310: grid210x_device byte send 02 eoi 0
+4744.493023312: grid210x_device byte send f8 eoi 0
+4744.493080314: grid210x_device byte send 01 eoi 0
+4744.493133315: grid210x_device byte send d0 eoi 0
+4744.493186317: grid210x_device byte send 02 eoi 0
+4744.493242319: grid210x_device byte send 01 eoi 0
+4744.493294321: grid210x_device byte send 20 eoi 0
+4744.493347322: grid210x_device byte send 01 eoi 0
+4744.493535328: grid210x_device byte send 21 eoi 0
+4744.493605331: grid210x_device byte send 01 eoi 0
+4744.493663332: grid210x_device byte send 01 eoi 0
+4744.493723334: grid210x_device byte send 00 eoi 0
+4744.493778336: grid210x_device byte send 00 eoi 0
+4744.493833338: grid210x_device byte send 34 eoi 0
+4744.493886340: grid210x_device byte send 38 eoi 0
+4744.493938341: grid210x_device byte send 20 eoi 0
+4744.493992343: grid210x_device byte send 54 eoi 0
+4744.494044345: grid210x_device byte send 50 eoi 0
+4744.494096346: grid210x_device byte send 49 eoi 0
+4744.494147348: grid210x_device byte send 20 eoi 0
+4744.494198350: grid210x_device byte send 44 eoi 0
+4744.494251351: grid210x_device byte send 53 eoi 0
+4744.494303353: grid210x_device byte send 20 eoi 0
+4744.494356355: grid210x_device byte send 44 eoi 0
+4744.494407356: grid210x_device byte send 44 eoi 0
+4744.494610363: grid210x_device byte send 20 eoi 0
+4744.494677365: grid210x_device byte send 46 eoi 0
+4744.494733367: grid210x_device byte send 4c eoi 0
+4744.494786368: grid210x_device byte send 4f eoi 0
+4744.494840370: grid210x_device byte send 50 eoi 0
+4744.494892372: grid210x_device byte send 50 eoi 0
+4744.494944374: grid210x_device byte send 59 eoi 0
+4744.494999375: grid210x_device byte send 20 eoi 0
+4744.495051377: grid210x_device byte send 20 eoi 0
+4744.495105379: grid210x_device byte send 20 eoi 0
+4744.495156380: grid210x_device byte send 20 eoi 0
+4744.495209382: grid210x_device byte send 33 eoi 0
+4744.495260384: grid210x_device byte send 30 eoi 0
+4744.495312385: grid210x_device byte send 30 eoi 0
+4744.495421389: grid210x_device byte send 32 eoi 0
+4744.495661397: grid210x_device byte send 33 eoi 0
+4744.495732399: grid210x_device byte send 37 eoi 0
+4744.495788401: grid210x_device byte send 2d eoi 0
+4744.495842402: grid210x_device byte send 30 eoi 0
+4744.495895404: grid210x_device byte send 30 eoi 0
+4744.495946406: grid210x_device byte send 00 eoi 0
+4744.496003408: grid210x_device byte send 02 eoi 0
+4744.496057409: grid210x_device byte send 09 eoi 0
+4744.496112411: grid210x_device byte send 00 eoi 0
+4744.496164413: grid210x_device byte send 02 eoi 0
+4744.496217414: grid210x_device byte send 00 eoi 0
+4744.496270416: grid210x_device byte send 00 eoi 0
+4744.496322418: grid210x_device byte send 02 eoi 0
+4744.496378420: grid210x_device byte send f8 eoi 0
+4744.496430421: grid210x_device byte send 01 eoi 0
+4744.496982439: grid210x_device byte send d0 eoi 0
+4744.497046441: grid210x_device byte send 02 eoi 0
+4744.497104443: grid210x_device byte send 01 eoi 0
+4744.497157445: grid210x_device byte send 20 eoi 0
+4744.497210446: grid210x_device byte send 01 eoi 0
+4744.497262448: grid210x_device byte send 21 eoi 0
+4744.497315450: grid210x_device byte send 01 eoi 0
+4744.497369451: grid210x_device byte send 01 eoi 0
+4744.497422453: grid210x_device byte send 00 eoi 0
+4744.497476455: grid210x_device byte send 00 eoi 0
+4744.497529457: grid210x_device byte send 34 eoi 0
+4744.497583458: grid210x_device byte send 38 eoi 0
+4744.497634460: grid210x_device byte send 20 eoi 0
+4744.497852467: grid210x_device byte send 54 eoi 0
+4744.497923469: grid210x_device byte send 50 eoi 0
+4744.497983471: grid210x_device byte send 49 eoi 0
+4744.498036473: grid210x_device byte send 20 eoi 0
+4744.498090475: grid210x_device byte send 44 eoi 0
+4744.498142476: grid210x_device byte send 53 eoi 0
+4744.498194478: grid210x_device byte send 20 eoi 0
+4744.498249480: grid210x_device byte send 44 eoi 0
+4744.498300481: grid210x_device byte send 44 eoi 0
+4744.498351483: grid210x_device byte send 20 eoi 0
+4744.498403485: grid210x_device byte send 46 eoi 0
+4744.498455486: grid210x_device byte send 4c eoi 0
+4744.498506488: grid210x_device byte send 4f eoi 0
+4744.498559490: grid210x_device byte send 50 eoi 0
+4744.498613491: grid210x_device byte send 50 eoi 0
+4744.498664493: grid210x_device byte send 59 eoi 0
+4744.498719495: grid210x_device byte send 20 eoi 0
+4744.498770496: grid210x_device byte send 20 eoi 0
+4744.498978503: grid210x_device byte send 20 eoi 0
+4744.499036505: grid210x_device byte send 20 eoi 0
+4744.499091507: grid210x_device byte send 33 eoi 0
+4744.499143508: grid210x_device byte send 30 eoi 0
+4744.499194510: grid210x_device byte send 30 eoi 0
+4744.499247512: grid210x_device byte send 32 eoi 0
+4744.499299513: grid210x_device byte send 33 eoi 0
+4744.499351515: grid210x_device byte send 37 eoi 0
+4744.499402517: grid210x_device byte send 2d eoi 0
+4744.499455518: grid210x_device byte send 30 eoi 0
+4744.499506520: grid210x_device byte send 30 eoi 0
+4744.499558522: grid210x_device byte send 00 eoi 0
+4744.499615524: grid210x_device byte send 02 eoi 0
+4744.499668525: grid210x_device byte send 09 eoi 0
+4744.499722527: grid210x_device byte send 00 eoi 0
+4744.499774529: grid210x_device byte send 02 eoi 0
+4744.499824530: grid210x_device byte send 00 eoi 1
+4744.500438550: grid210x_device byte recv 5f atn 1 eoi 0
+4744.500480551: grid210x_device now not talking
+4745.142877183: grid210x_device byte recv 14 atn 1 eoi 0
+4745.683772551: grid210x_device byte recv 25 atn 1 eoi 0
+4745.683832553: grid210x_device now listening
+4745.684279567: grid210x_device byte recv 04 atn 0 eoi 0
+4745.684354570: grid210x_device byte recv 00 atn 0 eoi 0
+4745.684425572: grid210x_device byte recv 00 atn 0 eoi 0
+4745.684494574: grid210x_device byte recv 00 atn 0 eoi 0
+4745.684561577: grid210x_device byte recv 00 atn 0 eoi 0
+4745.684628579: grid210x_device byte recv 00 atn 0 eoi 0
+4745.684844586: grid210x_device byte recv 00 atn 0 eoi 0
+4745.684933588: grid210x_device byte recv 00 atn 0 eoi 0
+4745.685003591: grid210x_device byte recv 02 atn 0 eoi 0
+4745.686089626: grid210x_device byte recv 00 atn 0 eoi 1
+4745.686177628: grid210x_device byte recv 3f atn 1 eoi 0
+4745.686205629: grid210x_device now not listening
+4745.686218630: grid210x_device command 4, data size 512, sector no 0
+4745.687427669: grid210x_device byte recv 18 atn 1 eoi 0
+4745.687562673: grid210x_device byte recv 45 atn 1 eoi 0
+4745.687595674: grid210x_device now talking
+4745.687630675: grid210x_device byte send 4f eoi 0
+4745.687750679: grid210x_device byte recv 19 atn 1 eoi 0
+4745.687829681: grid210x_device byte recv 5f atn 1 eoi 0
+4745.687853682: grid210x_device now not talking
+4745.689185725: grid210x_device byte recv 45 atn 1 eoi 0
+4745.689236727: grid210x_device now talking
+4745.690408764: grid210x_device byte send 53 eoi 0
+4745.690853779: grid210x_device byte send 79 eoi 0
+4745.691454798: grid210x_device byte send 73 eoi 0
+4745.691521800: grid210x_device byte send 74 eoi 0
+4745.691576802: grid210x_device byte send 65 eoi 0
+4745.691631803: grid210x_device byte send 6d eoi 0
+4745.691683805: grid210x_device byte send 20 eoi 0
+4745.691734807: grid210x_device byte send 44 eoi 0
+4745.691787808: grid210x_device byte send 69 eoi 0
+4745.691838810: grid210x_device byte send 73 eoi 0
+4745.691892812: grid210x_device byte send 6b eoi 0
+4745.691943813: grid210x_device byte send 21 eoi 0
+4745.691996815: grid210x_device byte send 21 eoi 0
+4745.692048817: grid210x_device byte send 00 eoi 0
+4745.692103819: grid210x_device byte send 00 eoi 0
+4745.692157820: grid210x_device byte send 00 eoi 0
+4745.692210822: grid210x_device byte send 00 eoi 0
+4745.692422829: grid210x_device byte send 00 eoi 0
+4745.692493831: grid210x_device byte send 00 eoi 0
+4745.692550833: grid210x_device byte send 00 eoi 0
+4745.692603835: grid210x_device byte send 00 eoi 0
+4745.692657836: grid210x_device byte send 00 eoi 0
+4745.692711838: grid210x_device byte send 00 eoi 0
+4745.692766840: grid210x_device byte send 00 eoi 0
+4745.692818842: grid210x_device byte send 00 eoi 0
+4745.692871843: grid210x_device byte send 00 eoi 0
+4745.692922845: grid210x_device byte send 00 eoi 0
+4745.692974847: grid210x_device byte send 00 eoi 0
+4745.693028848: grid210x_device byte send 00 eoi 0
+4745.693080850: grid210x_device byte send 00 eoi 0
+4745.693135852: grid210x_device byte send 00 eoi 0
+4745.693187853: grid210x_device byte send 00 eoi 0
+4745.693239855: grid210x_device byte send 00 eoi 0
+4745.693293857: grid210x_device byte send 00 eoi 0
+4745.693495863: grid210x_device byte send 00 eoi 0
+4745.693560865: grid210x_device byte send 00 eoi 0
+4745.693614867: grid210x_device byte send 00 eoi 0
+4745.693672869: grid210x_device byte send 00 eoi 0
+4745.693726871: grid210x_device byte send 00 eoi 0
+4745.693780872: grid210x_device byte send 00 eoi 0
+4745.693832874: grid210x_device byte send 00 eoi 0
+4745.693887876: grid210x_device byte send 00 eoi 0
+4745.693940878: grid210x_device byte send 00 eoi 0
+4745.693994879: grid210x_device byte send 00 eoi 0
+4745.694046881: grid210x_device byte send 00 eoi 0
+4745.694099883: grid210x_device byte send 00 eoi 0
+4745.694153884: grid210x_device byte send 00 eoi 0
+4745.694205886: grid210x_device byte send 00 eoi 0
+4745.694260888: grid210x_device byte send 00 eoi 0
+4745.694313890: grid210x_device byte send 00 eoi 0
+4745.694509896: grid210x_device byte send 00 eoi 0
+4745.694585898: grid210x_device byte send 00 eoi 0
+4745.694646900: grid210x_device byte send 00 eoi 0
+4745.694701902: grid210x_device byte send 00 eoi 0
+4745.694755904: grid210x_device byte send 00 eoi 0
+4745.694809906: grid210x_device byte send 00 eoi 0
+4745.694862907: grid210x_device byte send 00 eoi 0
+4745.694917909: grid210x_device byte send 00 eoi 0
+4745.694970911: grid210x_device byte send 00 eoi 0
+4745.695024912: grid210x_device byte send 00 eoi 0
+4745.695077914: grid210x_device byte send 00 eoi 0
+4745.695132916: grid210x_device byte send 00 eoi 0
+4745.695185918: grid210x_device byte send 00 eoi 0
+4745.695238919: grid210x_device byte send 00 eoi 0
+4745.695295921: grid210x_device byte send 00 eoi 0
+4745.695348923: grid210x_device byte send 00 eoi 0
+4745.695645932: grid210x_device byte send 00 eoi 0
+4745.695719935: grid210x_device byte send 00 eoi 0
+4745.695776937: grid210x_device byte send 00 eoi 0
+4745.695829938: grid210x_device byte send 00 eoi 0
+4745.695883940: grid210x_device byte send 00 eoi 0
+4745.695936942: grid210x_device byte send 00 eoi 0
+4745.695989943: grid210x_device byte send 00 eoi 0
+4745.696044945: grid210x_device byte send 00 eoi 0
+4745.696097947: grid210x_device byte send 00 eoi 0
+4745.696151949: grid210x_device byte send 00 eoi 0
+4745.696204950: grid210x_device byte send 00 eoi 0
+4745.696258952: grid210x_device byte send 00 eoi 0
+4745.696310954: grid210x_device byte send 00 eoi 0
+4745.696362955: grid210x_device byte send 00 eoi 0
+4745.696851971: grid210x_device byte send 00 eoi 0
+4745.696924973: grid210x_device byte send 00 eoi 0
+4745.696980975: grid210x_device byte send 00 eoi 0
+4745.697036977: grid210x_device byte send 00 eoi 0
+4745.697091979: grid210x_device byte send 00 eoi 0
+4745.697145980: grid210x_device byte send 00 eoi 0
+4745.697198982: grid210x_device byte send 00 eoi 0
+4745.697253984: grid210x_device byte send 00 eoi 0
+4745.697306986: grid210x_device byte send 00 eoi 0
+4745.697360987: grid210x_device byte send 00 eoi 0
+4745.697415989: grid210x_device byte send 00 eoi 0
+4745.697469991: grid210x_device byte send 00 eoi 0
+4745.697521993: grid210x_device byte send 00 eoi 0
+4745.697572994: grid210x_device byte send 00 eoi 0
+4745.697782001: grid210x_device byte send 00 eoi 0
+4745.697856003: grid210x_device byte send 00 eoi 0
+4745.697917005: grid210x_device byte send 00 eoi 0
+4745.697971007: grid210x_device byte send 00 eoi 0
+4745.698025009: grid210x_device byte send 00 eoi 0
+4745.698082011: grid210x_device byte send 00 eoi 0
+4745.698136012: grid210x_device byte send 00 eoi 0
+4745.698190014: grid210x_device byte send 00 eoi 0
+4745.698244016: grid210x_device byte send 00 eoi 0
+4745.698297017: grid210x_device byte send 00 eoi 0
+4745.698350019: grid210x_device byte send 00 eoi 0
+4745.698404021: grid210x_device byte send 00 eoi 0
+4745.698457023: grid210x_device byte send 00 eoi 0
+4745.698511024: grid210x_device byte send 00 eoi 0
+4745.698563026: grid210x_device byte send 00 eoi 0
+4745.698616028: grid210x_device byte send 00 eoi 0
+4745.698671029: grid210x_device byte send 00 eoi 0
+4745.698864036: grid210x_device byte send 00 eoi 0
+4745.698934038: grid210x_device byte send 00 eoi 0
+4745.698990040: grid210x_device byte send 00 eoi 0
+4745.699134044: grid210x_device byte send 00 eoi 0
+4745.699186046: grid210x_device byte send 00 eoi 0
+4745.699239048: grid210x_device byte send 00 eoi 0
+4745.699294049: grid210x_device byte send 00 eoi 0
+4745.699347051: grid210x_device byte send 00 eoi 0
+4745.699401053: grid210x_device byte send 00 eoi 0
+4745.699455055: grid210x_device byte send 00 eoi 0
+4745.699509056: grid210x_device byte send 00 eoi 0
+4745.699562058: grid210x_device byte send 00 eoi 0
+4745.699614060: grid210x_device byte send 00 eoi 0
+4745.699673062: grid210x_device byte send 00 eoi 0
+4745.699726063: grid210x_device byte send 00 eoi 0
+4745.699937070: grid210x_device byte send 00 eoi 0
+4745.700078075: grid210x_device byte send 00 eoi 0
+4745.700147077: grid210x_device byte send 00 eoi 0
+4745.700205079: grid210x_device byte send 00 eoi 0
+4745.700259080: grid210x_device byte send 00 eoi 0
+4745.700313082: grid210x_device byte send 00 eoi 0
+4745.700366084: grid210x_device byte send 00 eoi 0
+4745.700421086: grid210x_device byte send 00 eoi 0
+4745.700473087: grid210x_device byte send 00 eoi 0
+4745.700527089: grid210x_device byte send 00 eoi 0
+4745.700580091: grid210x_device byte send 00 eoi 0
+4745.700635093: grid210x_device byte send 00 eoi 0
+4745.700688094: grid210x_device byte send 00 eoi 0
+4745.700741096: grid210x_device byte send 00 eoi 0
+4745.700797098: grid210x_device byte send 00 eoi 0
+4745.700985104: grid210x_device byte send 00 eoi 0
+4745.701056106: grid210x_device byte send 00 eoi 0
+4745.701111108: grid210x_device byte send 00 eoi 0
+4745.701166110: grid210x_device byte send 00 eoi 0
+4745.701222111: grid210x_device byte send 00 eoi 0
+4745.701275113: grid210x_device byte send 00 eoi 0
+4745.701328115: grid210x_device byte send 00 eoi 0
+4745.701383117: grid210x_device byte send 00 eoi 0
+4745.701435118: grid210x_device byte send 00 eoi 0
+4745.701488120: grid210x_device byte send 00 eoi 0
+4745.701543122: grid210x_device byte send 00 eoi 0
+4745.701595123: grid210x_device byte send 00 eoi 0
+4745.701650125: grid210x_device byte send 00 eoi 0
+4745.701703127: grid210x_device byte send 00 eoi 0
+4745.701758129: grid210x_device byte send 00 eoi 0
+4745.701810130: grid210x_device byte send 00 eoi 0
+4745.701863132: grid210x_device byte send 00 eoi 0
+4745.702048138: grid210x_device byte send 00 eoi 0
+4745.702412150: grid210x_device byte send 00 eoi 0
+4745.702477152: grid210x_device byte send 00 eoi 0
+4745.702531153: grid210x_device byte send 00 eoi 0
+4745.702586155: grid210x_device byte send 00 eoi 0
+4745.702640157: grid210x_device byte send 00 eoi 0
+4745.702693159: grid210x_device byte send 00 eoi 0
+4745.702746160: grid210x_device byte send 00 eoi 0
+4745.702798162: grid210x_device byte send 00 eoi 0
+4745.702851164: grid210x_device byte send 00 eoi 0
+4745.702905165: grid210x_device byte send 00 eoi 0
+4745.703148173: grid210x_device byte send 00 eoi 0
+4745.703217175: grid210x_device byte send 00 eoi 0
+4745.703273177: grid210x_device byte send 00 eoi 0
+4745.703326179: grid210x_device byte send 00 eoi 0
+4745.703435182: grid210x_device byte send 00 eoi 0
+4745.703536186: grid210x_device byte send 00 eoi 0
+4745.703598188: grid210x_device byte send 00 eoi 0
+4745.703657190: grid210x_device byte send 00 eoi 0
+4745.703712191: grid210x_device byte send 00 eoi 0
+4745.703766193: grid210x_device byte send 00 eoi 0
+4745.703820195: grid210x_device byte send 00 eoi 0
+4745.703875197: grid210x_device byte send 00 eoi 0
+4745.703928198: grid210x_device byte send 00 eoi 0
+4745.703981200: grid210x_device byte send 00 eoi 0
+4745.704172206: grid210x_device byte send 00 eoi 0
+4745.704247208: grid210x_device byte send 00 eoi 0
+4745.704305210: grid210x_device byte send 00 eoi 0
+4745.704360212: grid210x_device byte send 00 eoi 0
+4745.704416214: grid210x_device byte send 00 eoi 0
+4745.704470216: grid210x_device byte send 00 eoi 0
+4745.704524217: grid210x_device byte send 00 eoi 0
+4745.704576219: grid210x_device byte send 00 eoi 0
+4745.704630221: grid210x_device byte send 00 eoi 0
+4745.704683222: grid210x_device byte send 00 eoi 0
+4745.704736224: grid210x_device byte send 00 eoi 0
+4745.704793226: grid210x_device byte send 00 eoi 0
+4745.704845228: grid210x_device byte send 00 eoi 0
+4745.704904230: grid210x_device byte send 00 eoi 0
+4745.704955231: grid210x_device byte send 00 eoi 0
+4745.705009233: grid210x_device byte send 00 eoi 0
+4745.705075235: grid210x_device byte send 00 eoi 0
+4745.705294242: grid210x_device byte send 00 eoi 0
+4745.705364244: grid210x_device byte send 00 eoi 0
+4745.705424246: grid210x_device byte send 00 eoi 0
+4745.705479248: grid210x_device byte send 00 eoi 0
+4745.705534250: grid210x_device byte send 00 eoi 0
+4745.705588252: grid210x_device byte send 00 eoi 0
+4745.705643253: grid210x_device byte send 00 eoi 0
+4745.705697255: grid210x_device byte send 00 eoi 0
+4745.705752257: grid210x_device byte send 00 eoi 0
+4745.705804258: grid210x_device byte send 00 eoi 0
+4745.705856260: grid210x_device byte send 00 eoi 0
+4745.705910262: grid210x_device byte send 00 eoi 0
+4745.705962264: grid210x_device byte send 00 eoi 0
+4745.706013265: grid210x_device byte send 00 eoi 0
+4745.706065267: grid210x_device byte send 00 eoi 0
+4745.706120269: grid210x_device byte send 00 eoi 0
+4745.706300274: grid210x_device byte send 00 eoi 0
+4745.706375277: grid210x_device byte send 00 eoi 0
+4745.706431279: grid210x_device byte send 00 eoi 0
+4745.706485280: grid210x_device byte send 00 eoi 0
+4745.706542282: grid210x_device byte send 00 eoi 0
+4745.706593284: grid210x_device byte send 00 eoi 0
+4745.706649286: grid210x_device byte send 00 eoi 0
+4745.706703287: grid210x_device byte send 00 eoi 0
+4745.706757289: grid210x_device byte send 00 eoi 0
+4745.706810291: grid210x_device byte send 00 eoi 0
+4745.706863292: grid210x_device byte send 00 eoi 0
+4745.706917294: grid210x_device byte send 00 eoi 0
+4745.706969296: grid210x_device byte send 00 eoi 0
+4745.707024298: grid210x_device byte send 00 eoi 0
+4745.707076299: grid210x_device byte send 00 eoi 0
+4745.707130301: grid210x_device byte send 00 eoi 0
+4745.707181303: grid210x_device byte send 00 eoi 0
+4745.707356308: grid210x_device byte send 00 eoi 0
+4745.707430311: grid210x_device byte send 00 eoi 0
+4745.707487312: grid210x_device byte send 00 eoi 0
+4745.707543314: grid210x_device byte send 00 eoi 0
+4745.707597316: grid210x_device byte send 00 eoi 0
+4745.707918326: grid210x_device byte send 00 eoi 0
+4745.707981328: grid210x_device byte send 00 eoi 0
+4745.708039330: grid210x_device byte send 00 eoi 0
+4745.708092332: grid210x_device byte send 00 eoi 0
+4745.708148334: grid210x_device byte send 00 eoi 0
+4745.708200335: grid210x_device byte send 00 eoi 0
+4745.708254337: grid210x_device byte send 00 eoi 0
+4745.708490345: grid210x_device byte send 00 eoi 0
+4745.708562347: grid210x_device byte send 00 eoi 0
+4745.708621349: grid210x_device byte send 00 eoi 0
+4745.708675351: grid210x_device byte send 00 eoi 0
+4745.708728352: grid210x_device byte send 00 eoi 0
+4745.708783354: grid210x_device byte send 00 eoi 0
+4745.708835356: grid210x_device byte send 00 eoi 0
+4745.708888357: grid210x_device byte send 00 eoi 0
+4745.708941359: grid210x_device byte send 00 eoi 0
+4745.708995361: grid210x_device byte send 00 eoi 0
+4745.709047363: grid210x_device byte send 00 eoi 0
+4745.709100364: grid210x_device byte send 00 eoi 0
+4745.709153366: grid210x_device byte send 00 eoi 0
+4745.709205368: grid210x_device byte send 00 eoi 0
+4745.709259369: grid210x_device byte send 00 eoi 0
+4745.709311371: grid210x_device byte send 00 eoi 0
+4745.709363373: grid210x_device byte send 00 eoi 0
+4745.709554379: grid210x_device byte send 00 eoi 0
+4745.709621381: grid210x_device byte send 00 eoi 0
+4745.709677383: grid210x_device byte send 00 eoi 0
+4745.709730384: grid210x_device byte send 00 eoi 0
+4745.709784386: grid210x_device byte send 00 eoi 0
+4745.709837388: grid210x_device byte send 00 eoi 0
+4745.709890390: grid210x_device byte send 00 eoi 0
+4745.709942391: grid210x_device byte send 00 eoi 0
+4745.709995393: grid210x_device byte send 00 eoi 0
+4745.710133397: grid210x_device byte send 00 eoi 0
+4745.710194399: grid210x_device byte send 00 eoi 0
+4745.710251401: grid210x_device byte send 00 eoi 0
+4745.710304403: grid210x_device byte send 00 eoi 0
+4745.710356405: grid210x_device byte send 00 eoi 0
+4745.710410406: grid210x_device byte send 00 eoi 0
+4745.710628413: grid210x_device byte send 00 eoi 0
+4745.710697416: grid210x_device byte send 00 eoi 0
+4745.710755417: grid210x_device byte send 00 eoi 0
+4745.710810419: grid210x_device byte send 00 eoi 0
+4745.710864421: grid210x_device byte send 00 eoi 0
+4745.710919423: grid210x_device byte send 00 eoi 0
+4745.710972424: grid210x_device byte send 00 eoi 0
+4745.711026426: grid210x_device byte send 00 eoi 0
+4745.711079428: grid210x_device byte send 00 eoi 0
+4745.711134430: grid210x_device byte send 00 eoi 0
+4745.711187431: grid210x_device byte send 00 eoi 0
+4745.711241433: grid210x_device byte send 00 eoi 0
+4745.711297435: grid210x_device byte send 00 eoi 0
+4745.711349436: grid210x_device byte send 00 eoi 0
+4745.711462440: grid210x_device byte send 00 eoi 0
+4745.711701448: grid210x_device byte send 00 eoi 0
+4745.711773450: grid210x_device byte send 00 eoi 0
+4745.711827452: grid210x_device byte send 00 eoi 0
+4745.711881454: grid210x_device byte send 00 eoi 0
+4745.711933455: grid210x_device byte send 00 eoi 0
+4745.711984457: grid210x_device byte send 00 eoi 0
+4745.712039459: grid210x_device byte send 00 eoi 0
+4745.712092460: grid210x_device byte send 00 eoi 0
+4745.712145462: grid210x_device byte send 00 eoi 0
+4745.712198464: grid210x_device byte send 00 eoi 0
+4745.712251465: grid210x_device byte send 00 eoi 0
+4745.712303467: grid210x_device byte send 00 eoi 0
+4745.712355469: grid210x_device byte send 00 eoi 0
+4745.712410471: grid210x_device byte send 00 eoi 0
+4745.712463472: grid210x_device byte send 00 eoi 0
+4745.712515474: grid210x_device byte send 00 eoi 0
+4745.712567476: grid210x_device byte send 00 eoi 0
+4745.712762482: grid210x_device byte send 00 eoi 0
+4745.712835484: grid210x_device byte send 00 eoi 0
+4745.712892486: grid210x_device byte send 00 eoi 0
+4745.712946488: grid210x_device byte send 00 eoi 0
+4745.713001489: grid210x_device byte send 00 eoi 0
+4745.713053491: grid210x_device byte send 00 eoi 0
+4745.713106493: grid210x_device byte send 00 eoi 0
+4745.713161495: grid210x_device byte send 00 eoi 0
+4745.713518506: grid210x_device byte send 00 eoi 0
+4745.713581508: grid210x_device byte send 00 eoi 0
+4745.713637510: grid210x_device byte send 00 eoi 0
+4745.713887518: grid210x_device byte send 00 eoi 0
+4745.713950520: grid210x_device byte send 00 eoi 0
+4745.714005522: grid210x_device byte send 00 eoi 0
+4745.714058523: grid210x_device byte send 00 eoi 0
+4745.714111525: grid210x_device byte send 00 eoi 0
+4745.714166527: grid210x_device byte send 00 eoi 0
+4745.714218529: grid210x_device byte send 00 eoi 0
+4745.714272530: grid210x_device byte send 00 eoi 0
+4745.714324532: grid210x_device byte send 00 eoi 0
+4745.714379534: grid210x_device byte send 00 eoi 0
+4745.714431535: grid210x_device byte send 00 eoi 0
+4745.714484537: grid210x_device byte send 00 eoi 0
+4745.714539539: grid210x_device byte send 00 eoi 0
+4745.714592541: grid210x_device byte send 00 eoi 0
+4745.714648542: grid210x_device byte send 00 eoi 0
+4745.714701544: grid210x_device byte send 00 eoi 0
+4745.714885550: grid210x_device byte send 00 eoi 0
+4745.714958552: grid210x_device byte send 00 eoi 0
+4745.715019554: grid210x_device byte send 00 eoi 0
+4745.715074556: grid210x_device byte send 00 eoi 0
+4745.715129558: grid210x_device byte send 00 eoi 0
+4745.715182560: grid210x_device byte send 00 eoi 0
+4745.715575572: grid210x_device byte send 00 eoi 0
+4745.715631574: grid210x_device byte send 00 eoi 0
+4745.715685576: grid210x_device byte send 00 eoi 0
+4745.715737577: grid210x_device byte send 00 eoi 0
+4745.715793579: grid210x_device byte send 00 eoi 0
+4745.716014586: grid210x_device byte send 00 eoi 0
+4745.716079588: grid210x_device byte send 00 eoi 0
+4745.716134590: grid210x_device byte send 00 eoi 0
+4745.716187592: grid210x_device byte send 00 eoi 0
+4745.716240593: grid210x_device byte send 00 eoi 0
+4745.716294595: grid210x_device byte send 00 eoi 0
+4745.716347597: grid210x_device byte send 00 eoi 0
+4745.716399599: grid210x_device byte send 00 eoi 0
+4745.716451600: grid210x_device byte send 00 eoi 0
+4745.716506602: grid210x_device byte send 00 eoi 0
+4745.716558604: grid210x_device byte send 00 eoi 0
+4745.716610605: grid210x_device byte send 00 eoi 0
+4745.716666607: grid210x_device byte send 00 eoi 0
+4745.716719609: grid210x_device byte send 00 eoi 0
+4745.716772611: grid210x_device byte send 00 eoi 0
+4745.716824612: grid210x_device byte send 00 eoi 0
+4745.717001618: grid210x_device byte send 00 eoi 0
+4745.717075620: grid210x_device byte send 00 eoi 0
+4745.717135622: grid210x_device byte send 00 eoi 0
+4745.717189624: grid210x_device byte send 00 eoi 0
+4745.717244626: grid210x_device byte send 00 eoi 0
+4745.717296627: grid210x_device byte send 00 eoi 0
+4745.717349629: grid210x_device byte send 00 eoi 0
+4745.717404631: grid210x_device byte send 00 eoi 0
+4745.717457633: grid210x_device byte send 00 eoi 0
+4745.717511634: grid210x_device byte send 00 eoi 0
+4745.717565636: grid210x_device byte send 00 eoi 0
+4745.717619638: grid210x_device byte send 00 eoi 0
+4745.717673639: grid210x_device byte send 00 eoi 0
+4745.717725641: grid210x_device byte send 00 eoi 0
+4745.717778643: grid210x_device byte send 00 eoi 0
+4745.717830645: grid210x_device byte send 00 eoi 0
+4745.717883646: grid210x_device byte send 00 eoi 0
+4745.718084653: grid210x_device byte send 00 eoi 0
+4745.718158655: grid210x_device byte send 00 eoi 0
+4745.718215657: grid210x_device byte send 00 eoi 0
+4745.718272659: grid210x_device byte send 00 eoi 0
+4745.718325660: grid210x_device byte send 00 eoi 0
+4745.718380662: grid210x_device byte send 00 eoi 0
+4745.718432664: grid210x_device byte send 00 eoi 0
+4745.718485666: grid210x_device byte send 00 eoi 0
+4745.718539667: grid210x_device byte send 00 eoi 0
+4745.718591669: grid210x_device byte send 00 eoi 0
+4745.718645671: grid210x_device byte send 00 eoi 0
+4745.718699672: grid210x_device byte send 00 eoi 0
+4745.718752674: grid210x_device byte send 00 eoi 0
+4745.718803676: grid210x_device byte send 00 eoi 0
+4745.718856677: grid210x_device byte send 00 eoi 0
+4745.719345693: grid210x_device byte send 00 eoi 0
+4745.719487698: grid210x_device byte send 00 eoi 0
+4745.719586701: grid210x_device byte send 00 eoi 0
+4745.719645703: grid210x_device byte send 00 eoi 0
+4745.719700705: grid210x_device byte send 00 eoi 0
+4745.719755706: grid210x_device byte send 00 eoi 0
+4745.719807708: grid210x_device byte send 00 eoi 0
+4745.719862710: grid210x_device byte send 00 eoi 0
+4745.719916711: grid210x_device byte send 00 eoi 0
+4745.719969713: grid210x_device byte send 00 eoi 0
+4745.720266723: grid210x_device byte send 00 eoi 0
+4745.720343725: grid210x_device byte send 00 eoi 0
+4745.720403727: grid210x_device byte send 00 eoi 0
+4745.720456729: grid210x_device byte send 00 eoi 0
+4745.720511731: grid210x_device byte send 00 eoi 0
+4745.720565732: grid210x_device byte send 00 eoi 0
+4745.720621734: grid210x_device byte send 00 eoi 0
+4745.720674736: grid210x_device byte send 00 eoi 0
+4745.720726737: grid210x_device byte send 00 eoi 0
+4745.720779739: grid210x_device byte send 00 eoi 0
+4745.720831741: grid210x_device byte send 00 eoi 0
+4745.720884743: grid210x_device byte send 00 eoi 0
+4745.720936744: grid210x_device byte send 00 eoi 0
+4745.720989746: grid210x_device byte send 00 eoi 0
+4745.721043748: grid210x_device byte send 00 eoi 0
+4745.721096749: grid210x_device byte send 00 eoi 0
+4745.721150751: grid210x_device byte send 00 eoi 0
+4745.721357758: grid210x_device byte send 00 eoi 0
+4745.721432760: grid210x_device byte send 00 eoi 0
+4745.721489762: grid210x_device byte send 00 eoi 0
+4745.721544764: grid210x_device byte send 00 eoi 0
+4745.721596765: grid210x_device byte send 00 eoi 0
+4745.721650767: grid210x_device byte send 00 eoi 0
+4745.721702769: grid210x_device byte send 00 eoi 0
+4745.721756771: grid210x_device byte send 00 eoi 0
+4745.721809772: grid210x_device byte send 00 eoi 0
+4745.721861774: grid210x_device byte send 00 eoi 0
+4745.721916776: grid210x_device byte send 00 eoi 0
+4745.721968777: grid210x_device byte send 00 eoi 0
+4745.722022779: grid210x_device byte send 00 eoi 0
+4745.722075781: grid210x_device byte send 00 eoi 0
+4745.722129783: grid210x_device byte send 00 eoi 0
+4745.722182784: grid210x_device byte send 00 eoi 0
+4745.722235786: grid210x_device byte send 00 eoi 0
+4745.722434792: grid210x_device byte send 00 eoi 0
+4745.722505795: grid210x_device byte send 00 eoi 0
+4745.722561796: grid210x_device byte send 00 eoi 0
+4745.722613798: grid210x_device byte send 00 eoi 0
+4745.722670800: grid210x_device byte send 00 eoi 0
+4745.722722802: grid210x_device byte send 00 eoi 0
+4745.722777803: grid210x_device byte send 00 eoi 0
+4745.722830805: grid210x_device byte send 00 eoi 0
+4745.722884807: grid210x_device byte send 00 eoi 0
+4745.722936808: grid210x_device byte send 00 eoi 0
+4745.722988810: grid210x_device byte send 00 eoi 0
+4745.723041812: grid210x_device byte send 00 eoi 0
+4745.723093813: grid210x_device byte send 00 eoi 0
+4745.723147815: grid210x_device byte send 00 eoi 0
+4745.723199817: grid210x_device byte send 00 eoi 0
+4745.723254819: grid210x_device byte send 00 eoi 0
+4745.723339821: grid210x_device byte send 00 eoi 0
+4745.723510827: grid210x_device byte send 00 eoi 0
+4745.723569829: grid210x_device byte send 00 eoi 0
+4745.723626831: grid210x_device byte send 00 eoi 0
+4745.723680832: grid210x_device byte send 00 eoi 0
+4745.723732834: grid210x_device byte send 00 eoi 0
+4745.723785836: grid210x_device byte send 00 eoi 0
+4745.723837837: grid210x_device byte send 00 eoi 0
+4745.723893839: grid210x_device byte send 00 eoi 0
+4745.723945841: grid210x_device byte send 00 eoi 0
+4745.723999843: grid210x_device byte send 00 eoi 0
+4745.724050844: grid210x_device byte send 00 eoi 0
+4745.724103846: grid210x_device byte send 00 eoi 0
+4745.724156848: grid210x_device byte send 00 eoi 0
+4745.724209849: grid210x_device byte send 00 eoi 0
+4745.724262851: grid210x_device byte send 00 eoi 0
+4745.724314853: grid210x_device byte send 00 eoi 0
+4745.724488858: grid210x_device byte send 00 eoi 0
+4745.724564861: grid210x_device byte send 00 eoi 0
+4745.724927872: grid210x_device byte send 00 eoi 0
+4745.724995875: grid210x_device byte send 00 eoi 0
+4745.725049876: grid210x_device byte send 00 eoi 0
+4745.725102878: grid210x_device byte send 00 eoi 0
+4745.725156880: grid210x_device byte send 00 eoi 0
+4745.725209881: grid210x_device byte send 00 eoi 0
+4745.725263883: grid210x_device byte send 00 eoi 0
+4745.725315885: grid210x_device byte send 00 eoi 0
+4745.725370887: grid210x_device byte send 00 eoi 0
+4745.725612894: grid210x_device byte send 00 eoi 0
+4745.725688897: grid210x_device byte send 00 eoi 0
+4745.725745899: grid210x_device byte send 00 eoi 0
+4745.725801900: grid210x_device byte send 00 eoi 0
+4745.725856902: grid210x_device byte send 00 eoi 0
+4745.725911904: grid210x_device byte send 00 eoi 0
+4745.725965906: grid210x_device byte send 00 eoi 0
+4745.726019907: grid210x_device byte send 00 eoi 0
+4745.726072909: grid210x_device byte send 00 eoi 0
+4745.726125911: grid210x_device byte send 00 eoi 0
+4745.726177912: grid210x_device byte send 00 eoi 0
+4745.726229914: grid210x_device byte send 00 eoi 0
+4745.726284916: grid210x_device byte send 00 eoi 0
+4745.726338918: grid210x_device byte send 00 eoi 0
+4745.726393919: grid210x_device byte send 00 eoi 0
+4745.726446921: grid210x_device byte send 00 eoi 0
+4745.726500923: grid210x_device byte send 00 eoi 0
+4745.726709930: grid210x_device byte send 00 eoi 0
+4745.726783932: grid210x_device byte send 00 eoi 0
+4745.726839934: grid210x_device byte send 00 eoi 0
+4745.726897936: grid210x_device byte send 00 eoi 0
+4745.726951937: grid210x_device byte send 00 eoi 0
+4745.727007939: grid210x_device byte send 00 eoi 0
+4745.727060941: grid210x_device byte send 00 eoi 0
+4745.727113943: grid210x_device byte send 00 eoi 0
+4745.727166944: grid210x_device byte send 00 eoi 0
+4745.727219946: grid210x_device byte send 00 eoi 0
+4745.727274948: grid210x_device byte send 00 eoi 0
+4745.727323949: grid210x_device byte send 00 eoi 1
+4745.727795964: grid210x_device byte recv 5f atn 1 eoi 0
+4745.727838966: grid210x_device now not talking
+4745.730302045: grid210x_device byte recv 25 atn 1 eoi 0
+4745.730353047: grid210x_device now listening
+4745.731509084: grid210x_device byte recv 04 atn 0 eoi 0
+4745.731602087: grid210x_device byte recv 00 atn 0 eoi 0
+4745.731677089: grid210x_device byte recv 00 atn 0 eoi 0
+4745.731746091: grid210x_device byte recv 01 atn 0 eoi 0
+4745.731963098: grid210x_device byte recv 00 atn 0 eoi 0
+4745.732052101: grid210x_device byte recv 00 atn 0 eoi 0
+4745.732207106: grid210x_device byte recv 00 atn 0 eoi 0
+4745.732277108: grid210x_device byte recv 00 atn 0 eoi 0
+4745.732345110: grid210x_device byte recv 02 atn 0 eoi 0
+4745.733434145: grid210x_device byte recv 00 atn 0 eoi 1
+4745.733519148: grid210x_device byte recv 3f atn 1 eoi 0
+4745.733547149: grid210x_device now not listening
+4745.733560149: grid210x_device command 4, data size 512, sector no 1
+4745.734381176: grid210x_device byte recv 18 atn 1 eoi 0
+4745.734483179: grid210x_device byte recv 45 atn 1 eoi 0
+4745.734514180: grid210x_device now talking
+4745.734544181: grid210x_device byte send 4f eoi 0
+4745.734668185: grid210x_device byte recv 19 atn 1 eoi 0
+4745.734746188: grid210x_device byte recv 5f atn 1 eoi 0
+4745.734770188: grid210x_device now not talking
+4745.736225235: grid210x_device byte recv 45 atn 1 eoi 0
+4745.736272237: grid210x_device now talking
+4745.737324270: grid210x_device byte send 9a eoi 0
+4745.737766284: grid210x_device byte send 42 eoi 0
+4745.737824286: grid210x_device byte send 07 eoi 0
+4745.737883288: grid210x_device byte send 01 eoi 0
+4745.737938290: grid210x_device byte send 20 eoi 0
+4745.737990292: grid210x_device byte send 55 eoi 0
+4745.738043293: grid210x_device byte send b8 eoi 0
+4745.738094295: grid210x_device byte send 80 eoi 0
+4745.738146297: grid210x_device byte send 20 eoi 0
+4745.738333303: grid210x_device byte send 8e eoi 0
+4745.738403305: grid210x_device byte send d8 eoi 0
+4745.738459307: grid210x_device byte send bb eoi 0
+4745.738514309: grid210x_device byte send 08 eoi 0
+4745.738874320: grid210x_device byte send 00 eoi 0
+4745.738938322: grid210x_device byte send 58 eoi 0
+4745.738991324: grid210x_device byte send 59 eoi 0
+4745.739045326: grid210x_device byte send 89 eoi 0
+4745.739097327: grid210x_device byte send 0f eoi 0
+4745.739151329: grid210x_device byte send 89 eoi 0
+4745.739203331: grid210x_device byte send 47 eoi 0
+4745.739438338: grid210x_device byte send 02 eoi 0
+4745.739510340: grid210x_device byte send eb eoi 0
+4745.739565342: grid210x_device byte send e9 eoi 0
+4745.739617344: grid210x_device byte send 55 eoi 0
+4745.739673346: grid210x_device byte send 43 eoi 0
+4745.739725347: grid210x_device byte send 61 eoi 0
+4745.739778349: grid210x_device byte send 6e eoi 0
+4745.739830351: grid210x_device byte send 6e eoi 0
+4745.739884352: grid210x_device byte send 6f eoi 0
+4745.739935354: grid210x_device byte send 74 eoi 0
+4745.739986356: grid210x_device byte send 20 eoi 0
+4745.740112360: grid210x_device byte send 62 eoi 0
+4745.740179362: grid210x_device byte send 6f eoi 0
+4745.740234364: grid210x_device byte send 6f eoi 0
+4745.740290366: grid210x_device byte send 74 eoi 0
+4745.740482372: grid210x_device byte send 3a eoi 0
+4745.740553374: grid210x_device byte send 20 eoi 0
+4745.740607376: grid210x_device byte send 4d eoi 0
+4745.740662377: grid210x_device byte send 65 eoi 0
+4745.740714379: grid210x_device byte send 64 eoi 0
+4745.740766381: grid210x_device byte send 69 eoi 0
+4745.740817382: grid210x_device byte send 75 eoi 0
+4745.740870384: grid210x_device byte send 6d eoi 0
+4745.740922386: grid210x_device byte send 20 eoi 0
+4745.740973387: grid210x_device byte send 65 eoi 0
+4745.741025389: grid210x_device byte send 72 eoi 0
+4745.741076391: grid210x_device byte send 72 eoi 0
+4745.741130392: grid210x_device byte send 6f eoi 0
+4745.741181394: grid210x_device byte send 72 eoi 0
+4745.741231396: grid210x_device byte send 0d eoi 0
+4745.741292398: grid210x_device byte send 0a eoi 0
+4745.741344399: grid210x_device byte send 43 eoi 0
+4745.741526405: grid210x_device byte send 43 eoi 0
+4745.741603408: grid210x_device byte send 4f eoi 0
+4745.741663410: grid210x_device byte send 53 eoi 0
+4745.741716411: grid210x_device byte send 20 eoi 0
+4745.741771413: grid210x_device byte send 6e eoi 0
+4745.741822415: grid210x_device byte send 6f eoi 0
+4745.741875416: grid210x_device byte send 74 eoi 0
+4745.741927418: grid210x_device byte send 20 eoi 0
+4745.741979420: grid210x_device byte send 66 eoi 0
+4745.742032421: grid210x_device byte send 6f eoi 0
+4745.742084423: grid210x_device byte send 75 eoi 0
+4745.742139425: grid210x_device byte send 6e eoi 0
+4745.742191427: grid210x_device byte send 64 eoi 0
+4745.742242428: grid210x_device byte send 0d eoi 0
+4745.742297430: grid210x_device byte send 0a eoi 0
+4745.742349432: grid210x_device byte send 43 eoi 0
+4745.742403433: grid210x_device byte send 68 eoi 0
+4745.742603440: grid210x_device byte send 65 eoi 0
+4745.742676442: grid210x_device byte send 63 eoi 0
+4745.742732444: grid210x_device byte send 6b eoi 0
+4745.742787446: grid210x_device byte send 73 eoi 0
+4745.742839447: grid210x_device byte send 75 eoi 0
+4745.742891449: grid210x_device byte send 6d eoi 0
+4745.742942451: grid210x_device byte send 20 eoi 0
+4745.742994452: grid210x_device byte send 65 eoi 0
+4745.743046454: grid210x_device byte send 72 eoi 0
+4745.743097456: grid210x_device byte send 72 eoi 0
+4745.743150457: grid210x_device byte send 6f eoi 0
+4745.743201459: grid210x_device byte send 72 eoi 0
+4745.743254461: grid210x_device byte send 20 eoi 0
+4745.743304462: grid210x_device byte send 69 eoi 0
+4745.743354464: grid210x_device byte send 6e eoi 0
+4745.743466467: grid210x_device byte send 20 eoi 0
+4745.743704475: grid210x_device byte send 43 eoi 0
+4745.743774477: grid210x_device byte send 43 eoi 0
+4745.743828479: grid210x_device byte send 4f eoi 0
+4745.743881481: grid210x_device byte send 53 eoi 0
+4745.743932482: grid210x_device byte send 0d eoi 0
+4745.743988484: grid210x_device byte send 0a eoi 0
+4745.744043486: grid210x_device byte send 11 eoi 0
+4745.744399497: grid210x_device byte send 50 eoi 0
+4745.744461499: grid210x_device byte send 72 eoi 0
+4745.744515501: grid210x_device byte send 6f eoi 0
+4745.744568503: grid210x_device byte send 67 eoi 0
+4745.744807511: grid210x_device byte send 72 eoi 0
+4745.744876513: grid210x_device byte send 61 eoi 0
+4745.744930514: grid210x_device byte send 6d eoi 0
+4745.744982516: grid210x_device byte send 73 eoi 0
+4745.745035518: grid210x_device byte send 7e eoi 0
+4745.745087520: grid210x_device byte send 53 eoi 0
+4745.745141521: grid210x_device byte send 75 eoi 0
+4745.745192523: grid210x_device byte send 62 eoi 0
+4745.745242524: grid210x_device byte send 6a eoi 0
+4745.745295526: grid210x_device byte send 65 eoi 0
+4745.745347528: grid210x_device byte send 63 eoi 0
+4745.745400530: grid210x_device byte send 74 eoi 0
+4745.745452531: grid210x_device byte send 7e eoi 0
+4745.745507533: grid210x_device byte send 0c eoi 0
+4745.745561535: grid210x_device byte send 43 eoi 0
+4745.745612536: grid210x_device byte send 43 eoi 0
+4745.745667538: grid210x_device byte send 4f eoi 0
+4745.745860544: grid210x_device byte send 53 eoi 0
+4745.745931547: grid210x_device byte send 7e eoi 0
+4745.745987548: grid210x_device byte send 53 eoi 0
+4745.746043550: grid210x_device byte send 79 eoi 0
+4745.746094552: grid210x_device byte send 73 eoi 0
+4745.746148554: grid210x_device byte send 74 eoi 0
+4745.746200555: grid210x_device byte send 65 eoi 0
+4745.746254557: grid210x_device byte send 6d eoi 0
+4745.746306559: grid210x_device byte send 7e eoi 0
+4745.746357560: grid210x_device byte send 18 eoi 0
+4745.746410562: grid210x_device byte send 53 eoi 0
+4745.746461564: grid210x_device byte send 63 eoi 0
+4745.746513565: grid210x_device byte send 72 eoi 0
+4745.746564567: grid210x_device byte send 65 eoi 0
+4745.746615569: grid210x_device byte send 65 eoi 0
+4745.746668570: grid210x_device byte send 6e eoi 0
+4745.746719572: grid210x_device byte send 2e eoi 0
+4745.746923578: grid210x_device byte send 49 eoi 0
+4745.746992581: grid210x_device byte send 6e eoi 0
+4745.747048582: grid210x_device byte send 69 eoi 0
+4745.747101584: grid210x_device byte send 74 eoi 0
+4745.747155586: grid210x_device byte send 7e eoi 0
+4745.747208588: grid210x_device byte send 53 eoi 0
+4745.747260589: grid210x_device byte send 63 eoi 0
+4745.747312591: grid210x_device byte send 72 eoi 0
+4745.747363593: grid210x_device byte send 65 eoi 0
+4745.747417594: grid210x_device byte send 65 eoi 0
+4745.747469596: grid210x_device byte send 6e eoi 0
+4745.747521598: grid210x_device byte send 49 eoi 0
+4745.747573599: grid210x_device byte send 6d eoi 0
+4745.747627601: grid210x_device byte send 61 eoi 0
+4745.747678603: grid210x_device byte send 67 eoi 0
+4745.747729604: grid210x_device byte send 65 eoi 0
+4745.747782606: grid210x_device byte send 7e eoi 0
+4745.747976612: grid210x_device byte send 55 eoi 0
+4745.748045614: grid210x_device byte send 80 eoi 0
+4745.748100616: grid210x_device byte send 20 eoi 0
+4745.748153618: grid210x_device byte send 00 eoi 0
+4745.748208620: grid210x_device byte send 00 eoi 0
+4745.748262621: grid210x_device byte send 40 eoi 0
+4745.748313623: grid210x_device byte send 00 eoi 0
+4745.748459628: grid210x_device byte send 55 eoi 0
+4745.748511629: grid210x_device byte send 8b eoi 0
+4745.748564631: grid210x_device byte send ec eoi 0
+4745.748615633: grid210x_device byte send b8 eoi 0
+4745.748670635: grid210x_device byte send 08 eoi 0
+4745.748721636: grid210x_device byte send 00 eoi 0
+4745.748775638: grid210x_device byte send 0e eoi 0
+4745.748827640: grid210x_device byte send 50 eoi 0
+4745.749004645: grid210x_device byte send b8 eoi 0
+4745.749075648: grid210x_device byte send 0d eoi 0
+4745.749135649: grid210x_device byte send 00 eoi 0
+4745.749189651: grid210x_device byte send 50 eoi 0
+4745.749240653: grid210x_device byte send 9a eoi 0
+4745.749296655: grid210x_device byte send 06 eoi 0
+4745.749349656: grid210x_device byte send 00 eoi 0
+4745.749403658: grid210x_device byte send ef eoi 0
+4745.749455660: grid210x_device byte send ff eoi 0
+4745.749774670: grid210x_device byte send 8b eoi 0
+4745.749837672: grid210x_device byte send 1e eoi 0
+4745.749889674: grid210x_device byte send 00 eoi 0
+4745.750200684: grid210x_device byte send 00 eoi 0
+4745.750275686: grid210x_device byte send 4b eoi 0
+4745.750330688: grid210x_device byte send d1 eoi 0
+4745.750385690: grid210x_device byte send e3 eoi 0
+4745.750437691: grid210x_device byte send 2e eoi 0
+4745.750488693: grid210x_device byte send ff eoi 0
+4745.750542695: grid210x_device byte send a7 eoi 0
+4745.750593696: grid210x_device byte send a7 eoi 0
+4745.750648698: grid210x_device byte send 00 eoi 0
+4745.750700700: grid210x_device byte send ad eoi 0
+4745.750755701: grid210x_device byte send 00 eoi 0
+4745.750807703: grid210x_device byte send b7 eoi 0
+4745.750858705: grid210x_device byte send 00 eoi 0
+4745.750912707: grid210x_device byte send c1 eoi 0
+4745.750963708: grid210x_device byte send 00 eoi 0
+4745.751017710: grid210x_device byte send b8 eoi 0
+4745.751069712: grid210x_device byte send 15 eoi 0
+4745.751263718: grid210x_device byte send 00 eoi 0
+4745.751332720: grid210x_device byte send 0e eoi 0
+4745.751445724: grid210x_device byte send 50 eoi 0
+4745.751541727: grid210x_device byte send b8 eoi 0
+4745.751601729: grid210x_device byte send 0e eoi 0
+4745.751659731: grid210x_device byte send 00 eoi 0
+4745.751712732: grid210x_device byte send eb eoi 0
+4745.751764734: grid210x_device byte send 12 eoi 0
+4745.751828736: grid210x_device byte send b8 eoi 0
+4745.751883738: grid210x_device byte send 23 eoi 0
+4745.751935739: grid210x_device byte send 00 eoi 0
+4745.751988741: grid210x_device byte send 0e eoi 0
+4745.752045743: grid210x_device byte send 50 eoi 0
+4745.752096745: grid210x_device byte send b8 eoi 0
+4745.752148746: grid210x_device byte send 10 eoi 0
+4745.752381754: grid210x_device byte send 00 eoi 0
+4745.752447756: grid210x_device byte send eb eoi 0
+4745.752502758: grid210x_device byte send 08 eoi 0
+4745.752555759: grid210x_device byte send b8 eoi 0
+4745.752607761: grid210x_device byte send 33 eoi 0
+4745.752661763: grid210x_device byte send 00 eoi 0
+4745.752714764: grid210x_device byte send 0e eoi 0
+4745.752769766: grid210x_device byte send 50 eoi 0
+4745.752821768: grid210x_device byte send b8 eoi 0
+4745.752873769: grid210x_device byte send 18 eoi 0
+4745.752924771: grid210x_device byte send 00 eoi 0
+4745.752977773: grid210x_device byte send 50 eoi 0
+4745.753030775: grid210x_device byte send 9a eoi 0
+4745.753081776: grid210x_device byte send 06 eoi 0
+4745.753135778: grid210x_device byte send 00 eoi 0
+4745.753187780: grid210x_device byte send ef eoi 0
+4745.753238781: grid210x_device byte send ff eoi 0
+4745.753443788: grid210x_device byte send b8 eoi 0
+4745.753503790: grid210x_device byte send e8 eoi 0
+4745.753556791: grid210x_device byte send 03 eoi 0
+4745.753609793: grid210x_device byte send 50 eoi 0
+4745.753662795: grid210x_device byte send 9a eoi 0
+4745.753714796: grid210x_device byte send d3 eoi 0
+4745.753766798: grid210x_device byte send 00 eoi 0
+4745.753819800: grid210x_device byte send ef eoi 0
+4745.753871802: grid210x_device byte send ff eoi 0
+4745.753922803: grid210x_device byte send 5d eoi 0
+4745.753974805: grid210x_device byte send c3 eoi 0
+4745.754029807: grid210x_device byte send 55 eoi 0
+4745.754080808: grid210x_device byte send 8b eoi 0
+4745.754134810: grid210x_device byte send ec eoi 0
+4745.754186812: grid210x_device byte send b0 eoi 0
+4745.754237813: grid210x_device byte send 00 eoi 0
+4745.754292815: grid210x_device byte send bf eoi 0
+4745.754489821: grid210x_device byte send 99 eoi 0
+4745.754550823: grid210x_device byte send 0e eoi 0
+4745.754605825: grid210x_device byte send b9 eoi 0
+4745.754660827: grid210x_device byte send 13 eoi 0
+4745.754712829: grid210x_device byte send 00 eoi 0
+4745.754766830: grid210x_device byte send 1e eoi 0
+4745.754817832: grid210x_device byte send 07 eoi 0
+4745.754871834: grid210x_device byte send fc eoi 0
+4745.754923835: grid210x_device byte send f2 eoi 0
+4745.755298847: grid210x_device byte send aa eoi 0
+4745.755544855: grid210x_device byte send a0 eoi 0
+4745.755614857: grid210x_device byte send b0 eoi 0
+4745.755836865: grid210x_device byte send 0e eoi 0
+4745.755895866: grid210x_device byte send a2 eoi 0
+4745.755947868: grid210x_device byte send a7 eoi 0
+4745.756000870: grid210x_device byte send 0e eoi 0
+4745.756054872: grid210x_device byte send c4 eoi 0
+4745.756105873: grid210x_device byte send 46 eoi 0
+4745.756157875: grid210x_device byte send 0a eoi 0
+4745.756209877: grid210x_device byte send a3 eoi 0
+4745.756262878: grid210x_device byte send 9b eoi 0
+4745.756313880: grid210x_device byte send 0e eoi 0
+4745.756366882: grid210x_device byte send 8c eoi 0
+4745.756420883: grid210x_device byte send 06 eoi 0
+4745.756611889: grid210x_device byte send 9d eoi 0
+4745.756682892: grid210x_device byte send 0e eoi 0
+4745.756739894: grid210x_device byte send 8b eoi 0
+4745.756793895: grid210x_device byte send 46 eoi 0
+4745.756845897: grid210x_device byte send 04 eoi 0
+4745.756901899: grid210x_device byte send a3 eoi 0
+4745.756954900: grid210x_device byte send a3 eoi 0
+4745.757007902: grid210x_device byte send 0e eoi 0
+4745.757059904: grid210x_device byte send 8b eoi 0
+4745.757110905: grid210x_device byte send 46 eoi 0
+4745.757164907: grid210x_device byte send 06 eoi 0
+4745.757217909: grid210x_device byte send 8b eoi 0
+4745.757269911: grid210x_device byte send 56 eoi 0
+4745.757324912: grid210x_device byte send 08 eoi 0
+4745.757379914: grid210x_device byte send a3 eoi 0
+4745.757430916: grid210x_device byte send 9f eoi 0
+4745.757481917: grid210x_device byte send 0e eoi 0
+4745.757691924: grid210x_device byte send 89 eoi 0
+4745.757761926: grid210x_device byte send 16 eoi 0
+4745.757817928: grid210x_device byte send a1 eoi 0
+4745.757871930: grid210x_device byte send 0e eoi 0
+4745.757926932: grid210x_device byte send 5d eoi 0
+4745.757978933: grid210x_device byte send c2 eoi 0
+4745.758030935: grid210x_device byte send 0a eoi 0
+4745.758083937: grid210x_device byte send 00 eoi 0
+4745.758137938: grid210x_device byte send 55 eoi 0
+4745.758188940: grid210x_device byte send 8b eoi 0
+4745.758239942: grid210x_device byte send ec eoi 0
+4745.758293943: grid210x_device byte send c4 eoi 0
+4745.758344945: grid210x_device byte send 46 eoi 0
+4745.758397947: grid210x_device byte send 04 eoi 0
+4745.758449948: grid210x_device byte send 06 eoi 0
+4745.758504950: grid210x_device byte send 50 eoi 0
+4745.758556952: grid210x_device byte send 8b eoi 0
+4745.758738958: grid210x_device byte send 46 eoi 0
+4745.758807960: grid210x_device byte send 08 eoi 0
+4745.758865962: grid210x_device byte send ba eoi 0
+4745.758919964: grid210x_device byte send 00 eoi 0
+4745.758973965: grid210x_device byte send 00 eoi 0
+4745.759028967: grid210x_device byte send 03 eoi 0
+4745.759081969: grid210x_device byte send 06 eoi 0
+4745.759135971: grid210x_device byte send 0c eoi 0
+4745.759187972: grid210x_device byte send 00 eoi 0
+4745.759240974: grid210x_device byte send 13 eoi 0
+4745.759293976: grid210x_device byte send 16 eoi 0
+4745.759344977: grid210x_device byte send 0e eoi 0
+4745.759454981: grid210x_device byte send 00 eoi 0
+4745.759555984: grid210x_device byte send 52 eoi 0
+4745.759615986: grid210x_device byte send 50 eoi 0
+4745.759823993: grid210x_device byte send ff eoi 0
+4745.759893995: grid210x_device byte send 36 eoi 0
+4745.759946997: grid210x_device byte send 22 eoi 0
+4745.760088001: grid210x_device byte send 00 eoi 0
+4745.760160003: grid210x_device byte send e8 eoi 0
+4745.760217005: grid210x_device byte send aa eoi 0
+4745.760270007: grid210x_device byte send ff eoi 0
+4745.760323009: grid210x_device byte send b8 eoi 0
+4745.760376010: grid210x_device byte send 04 eoi 0
+4745.760428012: grid210x_device byte send 00 eoi 0
+4745.760482014: grid210x_device byte send 50 eoi 0
+4745.760536015: grid210x_device byte send b8 eoi 0
+4745.760588017: grid210x_device byte send 99 eoi 0
+4745.760640019: grid210x_device byte send 0e eoi 0
+4745.760693020: grid210x_device byte send 1e eoi 0
+4745.761189036: grid210x_device byte send 50 eoi 0
+4745.761255039: grid210x_device byte send b8 eoi 0
+4745.761310040: grid210x_device byte send 6c eoi 0
+4745.761362042: grid210x_device byte send 0a eoi 0
+4745.761419044: grid210x_device byte send 1e eoi 0
+4745.761470045: grid210x_device byte send 50 eoi 0
+4745.761522047: grid210x_device byte send ff eoi 0
+4745.761573049: grid210x_device byte send 1e eoi 0
+4745.761627050: grid210x_device byte send ac eoi 0
+4745.761679052: grid210x_device byte send 0e eoi 0
+4745.761732054: grid210x_device byte send a1 eoi 0
+4745.761970061: grid210x_device byte send 6c eoi 0
+4745.762042064: grid210x_device byte send 0a eoi 0
+4745.762099066: grid210x_device byte send 5d eoi 0
+4745.762153067: grid210x_device byte send c2 eoi 0
+4745.762205069: grid210x_device byte send 06 eoi 0
+4745.762259071: grid210x_device byte send 00 eoi 0
+4745.762312072: grid210x_device byte send 55 eoi 0
+4745.762363074: grid210x_device byte send 8b eoi 0
+4745.762417076: grid210x_device byte send ec eoi 0
+4745.762468077: grid210x_device byte send c4 eoi 0
+4745.762520079: grid210x_device byte send 5e eoi 0
+4745.762573081: grid210x_device byte send 04 eoi 0
+4745.762628083: grid210x_device byte send 8d eoi 0
+4745.762680084: grid210x_device byte send 47 eoi 0
+4745.762732086: grid210x_device byte send 04 eoi 0
+4745.762786088: grid210x_device byte send a3 eoi 0
+4745.762838089: grid210x_device byte send 72 eoi 0
+4745.763051096: grid210x_device byte send 0a eoi 0
+4745.763123098: grid210x_device byte send 8c eoi 0
+4745.763179100: grid210x_device byte send 06 eoi 0
+4745.763232102: grid210x_device byte send 74 eoi 0
+4745.763286104: grid210x_device byte send 0a eoi 0
+4745.763340105: grid210x_device byte send c4 eoi 0
+4745.763392107: grid210x_device byte send 5e eoi 0
+4745.763444109: grid210x_device byte send 04 eoi 0
+4745.763497111: grid210x_device byte send b8 eoi 0
+4745.763548112: grid210x_device byte send 00 eoi 0
+4745.763601114: grid210x_device byte send 00 eoi 0
+4745.763656116: grid210x_device byte send 26 eoi 0
+4745.763708117: grid210x_device byte send 89 eoi 0
+4745.763761119: grid210x_device byte send 87 eoi 0
+4745.763813121: grid210x_device byte send 04 eoi 0
+4745.763865122: grid210x_device byte send 04 eoi 0
+4745.763919124: grid210x_device byte send 26 eoi 0
+4745.764106130: grid210x_device byte send 89 eoi 0
+4745.764178132: grid210x_device byte send 87 eoi 0
+4745.764232134: grid210x_device byte send 06 eoi 0
+4745.764290136: grid210x_device byte send 04 eoi 0
+4745.764345138: grid210x_device byte send 26 eoi 0
+4745.764398139: grid210x_device byte send c7 eoi 0
+4745.764450141: grid210x_device byte send 07 eoi 0
+4745.764504143: grid210x_device byte send 01 eoi 0
+4745.764555144: grid210x_device byte send 00 eoi 0
+4745.764607146: grid210x_device byte send 26 eoi 0
+4745.764662148: grid210x_device byte send c7 eoi 0
+4745.764713150: grid210x_device byte send 47 eoi 0
+4745.764765151: grid210x_device byte send 02 eoi 0
+4745.764817153: grid210x_device byte send 00 eoi 0
+4745.764965158: grid210x_device byte send 00 eoi 0
+4745.765150164: grid210x_device byte send c4 eoi 0
+4745.765217166: grid210x_device byte send 1e eoi 0
+4745.765274168: grid210x_device byte send 72 eoi 0
+4745.765325169: grid210x_device byte send 0a eoi 0
+4745.765380171: grid210x_device byte send 8d eoi 0
+4745.765433173: grid210x_device byte send 87 eoi 0
+4745.765485174: grid210x_device byte send cc eoi 0
+4745.765539176: grid210x_device byte send 00 eoi 0
+4745.765592178: grid210x_device byte send a3 eoi 0
+4745.765646179: grid210x_device byte send 6e eoi 0
+4745.765698181: grid210x_device byte send 0a eoi 0
+4745.765754183: grid210x_device byte send 8c eoi 0
+4745.765805185: grid210x_device byte send 06 eoi 0
+4745.765857186: grid210x_device byte send 70 eoi 0
+4745.765911188: grid210x_device byte send 0a eoi 0
+4745.765963190: grid210x_device byte send 89 eoi 0
+4745.766015191: grid210x_device byte send c3 eoi 0
+4745.766204197: grid210x_device byte send 8b eoi 0
+4745.766275200: grid210x_device byte send 4e eoi 0
+4745.766592210: grid210x_device byte send 08 eoi 0
+4745.766659212: grid210x_device byte send 26 eoi 0
+4745.766713214: grid210x_device byte send 89 eoi 0
+4745.766765215: grid210x_device byte send 4f eoi 0
+4745.766818217: grid210x_device byte send 06 eoi 0
+4745.766873219: grid210x_device byte send 5d eoi 0
+4745.766924221: grid210x_device byte send c2 eoi 0
+4745.766976222: grid210x_device byte send 06 eoi 0
+4745.767030224: grid210x_device byte send 00 eoi 0
+4745.767083226: grid210x_device byte send 55 eoi 0
+4745.767326233: grid210x_device byte send 8b eoi 0
+4745.767450237: grid210x_device byte send ec eoi 0
+4745.767550241: grid210x_device byte send 83 eoi 0
+4745.767607242: grid210x_device byte send 7e eoi 0
+4745.767663244: grid210x_device byte send 04 eoi 0
+4745.767720246: grid210x_device byte send 00 eoi 0
+4745.767774248: grid210x_device byte send 75 eoi 0
+4745.767827250: grid210x_device byte send 08 eoi 0
+4745.767882251: grid210x_device byte send a1 eoi 0
+4745.767934253: grid210x_device byte send 24 eoi 0
+4745.767986255: grid210x_device byte send 00 eoi 0
+4745.768041256: grid210x_device byte send 2d eoi 0
+4745.768092258: grid210x_device byte send d4 eoi 0
+4745.768142260: grid210x_device byte send 00 eoi 0
+4745.768195261: grid210x_device byte send eb eoi 0
+4745.768412268: grid210x_device byte send 06 eoi 0
+4745.768483271: grid210x_device byte send a1 eoi 0
+4745.768540272: grid210x_device byte send 24 eoi 0
+4745.768593274: grid210x_device byte send 00 eoi 0
+4745.768651276: grid210x_device byte send 83 eoi 0
+4745.768703278: grid210x_device byte send e8 eoi 0
+4745.768756279: grid210x_device byte send 0c eoi 0
+4745.768808281: grid210x_device byte send d1 eoi 0
+4745.768860283: grid210x_device byte send e8 eoi 0
+4745.768914284: grid210x_device byte send 5d eoi 0
+4745.768965286: grid210x_device byte send c2 eoi 0
+4745.769017288: grid210x_device byte send 02 eoi 0
+4745.769070289: grid210x_device byte send 00 eoi 0
+4745.769124291: grid210x_device byte send 55 eoi 0
+4745.769174293: grid210x_device byte send 8b eoi 0
+4745.769226294: grid210x_device byte send ec eoi 0
+4745.769280296: grid210x_device byte send b8 eoi 0
+4745.769483303: grid210x_device byte send 00 eoi 0
+4745.769548305: grid210x_device byte send 00 eoi 0
+4745.769603307: grid210x_device byte send 50 eoi 0
+4745.769657308: grid210x_device byte send e8 eoi 0
+4745.769708310: grid210x_device byte send d9 eoi 0
+4745.769763312: grid210x_device byte send ff eoi 0
+4745.769814313: grid210x_device byte send a3 eoi 0
+4745.769866315: grid210x_device byte send 76 eoi 0
+4745.769920317: grid210x_device byte send 0a eoi 0
+4745.769972318: grid210x_device byte send c4 eoi 0
+4745.770241327: grid210x_device byte send 5e eoi 0
+4745.770315329: grid210x_device byte send 04 eoi 0
+4745.770525336: grid210x_device byte send 8d eoi 0
+4745.770592338: grid210x_device byte send 4f eoi 0
+4745.770649340: grid210x_device byte send 04 eoi 0
+4745.770704342: grid210x_device byte send 89 eoi 0
+4745.770758344: grid210x_device byte send 0e eoi 0
+4745.770810345: grid210x_device byte send 86 eoi 0
+4745.770862347: grid210x_device byte send 0a eoi 0
+4745.770917349: grid210x_device byte send 8c eoi 0
+4745.770970350: grid210x_device byte send 06 eoi 0
+4745.771024352: grid210x_device byte send 88 eoi 0
+4745.771076354: grid210x_device byte send 0a eoi 0
+4745.771131356: grid210x_device byte send c4 eoi 0
+4745.771182357: grid210x_device byte send 5e eoi 0
+4745.771233359: grid210x_device byte send 04 eoi 0
+4745.771287361: grid210x_device byte send 26 eoi 0
+4745.771338362: grid210x_device byte send 8b eoi 0
+4745.771392364: grid210x_device byte send 87 eoi 0
+4745.771579370: grid210x_device byte send 04 eoi 0
+4745.771651372: grid210x_device byte send 04 eoi 0
+4745.771708374: grid210x_device byte send 26 eoi 0
+4745.771762376: grid210x_device byte send 8b eoi 0
+4745.771814378: grid210x_device byte send 97 eoi 0
+4745.771865379: grid210x_device byte send 06 eoi 0
+4745.771919381: grid210x_device byte send 04 eoi 0
+4745.771971383: grid210x_device byte send 8b eoi 0
+4745.772327394: grid210x_device byte send 0e eoi 0
+4745.772393396: grid210x_device byte send 24 eoi 0
+4745.772447398: grid210x_device byte send 00 eoi 0
+4745.772685405: grid210x_device byte send bf eoi 0
+4745.772754408: grid210x_device byte send 00 eoi 0
+4745.772810409: grid210x_device byte send 00 eoi 0
+4745.772864411: grid210x_device byte send 9a eoi 0
+4745.772917413: grid210x_device byte send 00 eoi 0
+4745.772970415: grid210x_device byte send 00 eoi 0
+4745.773026416: grid210x_device byte send 7b eoi 0
+4745.773077418: grid210x_device byte send 20 eoi 0
+4745.773130420: grid210x_device byte send a3 eoi 0
+4745.773181421: grid210x_device byte send 7a eoi 0
+4745.773233423: grid210x_device byte send 0a eoi 0
+4745.773286425: grid210x_device byte send 3b eoi 0
+4745.773338426: grid210x_device byte send 06 eoi 0
+4745.773391428: grid210x_device byte send 76 eoi 0
+4745.773443430: grid210x_device byte send 0a eoi 0
+4745.773497432: grid210x_device byte send 73 eoi 0
+4745.773548433: grid210x_device byte send 0d eoi 0
+4745.773760440: grid210x_device byte send a3 eoi 0
+4745.773831442: grid210x_device byte send 7c eoi 0
+4745.773888444: grid210x_device byte send 0a eoi 0
+4745.773944446: grid210x_device byte send c4 eoi 0
+4745.773997448: grid210x_device byte send 1e eoi 0
+4745.774046449: grid210x_device byte send 86 eoi 1
+4745.774514464: grid210x_device byte recv 5f atn 1 eoi 0
+4745.774541465: grid210x_device now not talking
+4745.776908541: grid210x_device byte recv 25 atn 1 eoi 0
+4745.776960543: grid210x_device now listening
+4745.778027577: grid210x_device byte recv 04 atn 0 eoi 0
+4745.778115580: grid210x_device byte recv 00 atn 0 eoi 0
+4745.778188582: grid210x_device byte recv 00 atn 0 eoi 0
+4745.778260584: grid210x_device byte recv 02 atn 0 eoi 0
+4745.778330587: grid210x_device byte recv 00 atn 0 eoi 0
+4745.778399589: grid210x_device byte recv 00 atn 0 eoi 0
+4745.778466591: grid210x_device byte recv 00 atn 0 eoi 0
+4745.778533593: grid210x_device byte recv 00 atn 0 eoi 0
+4745.778602595: grid210x_device byte recv 02 atn 0 eoi 0
+4745.779690630: grid210x_device byte recv 20 atn 0 eoi 1
+4745.779776633: grid210x_device byte recv 3f atn 1 eoi 0
+4745.779805634: grid210x_device now not listening
+4745.779819634: grid210x_device command 4, data size 512, sector no 2
+4745.781179678: grid210x_device byte recv 18 atn 1 eoi 0
+4745.781422686: grid210x_device byte recv 45 atn 1 eoi 0
+4745.781450687: grid210x_device now talking
+4745.781480688: grid210x_device byte send 4f eoi 0
+4745.781605692: grid210x_device byte recv 19 atn 1 eoi 0
+4745.781685694: grid210x_device byte recv 5f atn 1 eoi 0
+4745.781711695: grid210x_device now not talking
+4745.783036738: grid210x_device byte recv 45 atn 1 eoi 0
+4745.783076739: grid210x_device now talking
+4745.784358780: grid210x_device byte send 0a eoi 0
+4745.784709791: grid210x_device byte send 8d eoi 0
+4745.784768793: grid210x_device byte send 87 eoi 0
+4745.784820795: grid210x_device byte send cc eoi 0
+4745.784872797: grid210x_device byte send 00 eoi 0
+4745.784925798: grid210x_device byte send eb eoi 0
+4745.784976800: grid210x_device byte send 1e eoi 0
+4745.785029802: grid210x_device byte send a1 eoi 0
+4745.785080803: grid210x_device byte send 7a eoi 0
+4745.785133805: grid210x_device byte send 0a eoi 0
+4745.785185807: grid210x_device byte send 2b eoi 0
+4745.785236808: grid210x_device byte send 06 eoi 0
+4745.785427815: grid210x_device byte send 76 eoi 0
+4745.785493817: grid210x_device byte send 0a eoi 0
+4745.785551819: grid210x_device byte send 50 eoi 0
+4745.785603820: grid210x_device byte send b9 eoi 0
+4745.785657822: grid210x_device byte send 01 eoi 0
+4745.785711824: grid210x_device byte send 00 eoi 0
+4745.785766825: grid210x_device byte send 51 eoi 0
+4745.785818827: grid210x_device byte send e8 eoi 0
+4745.785868829: grid210x_device byte send 8a eoi 0
+4745.785920830: grid210x_device byte send ff eoi 0
+4745.785971832: grid210x_device byte send 89 eoi 0
+4745.786023834: grid210x_device byte send c1 eoi 0
+4745.786074835: grid210x_device byte send 58 eoi 0
+4745.786628853: grid210x_device byte send 31 eoi 0
+4745.786691855: grid210x_device byte send d2 eoi 0
+4745.786743857: grid210x_device byte send f7 eoi 0
+4745.786801859: grid210x_device byte send f1 eoi 0
+4745.786853860: grid210x_device byte send 89 eoi 0
+4745.786907862: grid210x_device byte send 16 eoi 0
+4745.786958864: grid210x_device byte send 7c eoi 0
+4745.787011865: grid210x_device byte send 0a eoi 0
+4745.787065867: grid210x_device byte send c4 eoi 0
+4745.787117869: grid210x_device byte send 06 eoi 0
+4745.787175871: grid210x_device byte send 86 eoi 0
+4745.787226872: grid210x_device byte send 0a eoi 0
+4745.787281874: grid210x_device byte send a3 eoi 0
+4745.787333876: grid210x_device byte send 7e eoi 0
+4745.787386877: grid210x_device byte send 0a eoi 0
+4745.787591884: grid210x_device byte send 8c eoi 0
+4745.787661886: grid210x_device byte send 06 eoi 0
+4745.787719888: grid210x_device byte send 80 eoi 0
+4745.787776890: grid210x_device byte send 0a eoi 0
+4745.787829892: grid210x_device byte send 83 eoi 0
+4745.787882893: grid210x_device byte send 3e eoi 0
+4745.787933895: grid210x_device byte send 7c eoi 0
+4745.787984897: grid210x_device byte send 0a eoi 0
+4745.788039898: grid210x_device byte send 00 eoi 0
+4745.788091900: grid210x_device byte send 75 eoi 0
+4745.788145902: grid210x_device byte send 5a eoi 0
+4745.788197903: grid210x_device byte send c4 eoi 0
+4745.788249905: grid210x_device byte send 06 eoi 0
+4745.788300907: grid210x_device byte send 7e eoi 0
+4745.788352908: grid210x_device byte send 0a eoi 0
+4745.788406910: grid210x_device byte send a3 eoi 0
+4745.788458912: grid210x_device byte send 82 eoi 0
+4745.788642918: grid210x_device byte send 0a eoi 0
+4745.788710920: grid210x_device byte send 8c eoi 0
+4745.788768922: grid210x_device byte send 06 eoi 0
+4745.788822924: grid210x_device byte send 84 eoi 0
+4745.788877925: grid210x_device byte send 0a eoi 0
+4745.788929927: grid210x_device byte send a1 eoi 0
+4745.788979929: grid210x_device byte send 76 eoi 0
+4745.789031930: grid210x_device byte send 0a eoi 0
+4745.789084932: grid210x_device byte send 3b eoi 0
+4745.789137934: grid210x_device byte send 06 eoi 0
+4745.789189935: grid210x_device byte send 7a eoi 0
+4745.789241937: grid210x_device byte send 0a eoi 0
+4745.789295939: grid210x_device byte send 75 eoi 0
+4745.789347940: grid210x_device byte send 0f eoi 0
+4745.789401942: grid210x_device byte send c4 eoi 0
+4745.789454944: grid210x_device byte send 1e eoi 0
+4745.789507946: grid210x_device byte send 86 eoi 0
+4745.789716952: grid210x_device byte send 0a eoi 0
+4745.789787954: grid210x_device byte send 8d eoi 0
+4745.789842956: grid210x_device byte send 87 eoi 0
+4745.789896958: grid210x_device byte send cc eoi 0
+4745.789947960: grid210x_device byte send 00 eoi 0
+4745.790064963: grid210x_device byte send a3 eoi 0
+4745.790135966: grid210x_device byte send 82 eoi 0
+4745.790189967: grid210x_device byte send 0a eoi 0
+4745.790245969: grid210x_device byte send 8c eoi 0
+4745.790297971: grid210x_device byte send 06 eoi 0
+4745.790349973: grid210x_device byte send 84 eoi 0
+4745.790401974: grid210x_device byte send 0a eoi 0
+4745.790453976: grid210x_device byte send c4 eoi 0
+4745.790505978: grid210x_device byte send 1e eoi 0
+4745.790557979: grid210x_device byte send 82 eoi 0
+4745.790608981: grid210x_device byte send 0a eoi 0
+4745.790812987: grid210x_device byte send 26 eoi 0
+4745.790872989: grid210x_device byte send ff eoi 0
+4745.790924991: grid210x_device byte send 77 eoi 0
+4745.790975993: grid210x_device byte send 06 eoi 0
+4745.791031994: grid210x_device byte send c4 eoi 0
+4745.791082996: grid210x_device byte send 5e eoi 0
+4745.791134998: grid210x_device byte send 04 eoi 0
+4745.791186999: grid210x_device byte send 8d eoi 0
+4745.791238001: grid210x_device byte send 47 eoi 0
+4745.791291003: grid210x_device byte send 04 eoi 0
+4745.791343004: grid210x_device byte send 06 eoi 0
+4745.791453008: grid210x_device byte send 50 eoi 0
+4745.791550011: grid210x_device byte send e8 eoi 0
+4745.792093028: grid210x_device byte send b8 eoi 0
+4745.792160031: grid210x_device byte send fe eoi 0
+4745.792215032: grid210x_device byte send a3 eoi 0
+4745.792268034: grid210x_device byte send 78 eoi 0
+4745.792319036: grid210x_device byte send 0a eoi 0
+4745.792375038: grid210x_device byte send 09 eoi 0
+4745.792429039: grid210x_device byte send c0 eoi 0
+4745.792481041: grid210x_device byte send 75 eoi 0
+4745.792535043: grid210x_device byte send 37 eoi 0
+4745.792586044: grid210x_device byte send 83 eoi 0
+4745.792640046: grid210x_device byte send 3e eoi 0
+4745.792692048: grid210x_device byte send 7a eoi 0
+4745.792743049: grid210x_device byte send 0a eoi 0
+4745.792982057: grid210x_device byte send 00 eoi 0
+4745.793055059: grid210x_device byte send 75 eoi 0
+4745.793110061: grid210x_device byte send 16 eoi 0
+4745.793162063: grid210x_device byte send c4 eoi 0
+4745.793215065: grid210x_device byte send 1e eoi 0
+4745.793266066: grid210x_device byte send 86 eoi 0
+4745.793316068: grid210x_device byte send 0a eoi 0
+4745.793372070: grid210x_device byte send 26 eoi 0
+4745.793424071: grid210x_device byte send 8b eoi 0
+4745.793475073: grid210x_device byte send 47 eoi 0
+4745.793527075: grid210x_device byte send 04 eoi 0
+4745.793579076: grid210x_device byte send 26 eoi 0
+4745.793633078: grid210x_device byte send 8b eoi 0
+4745.793685080: grid210x_device byte send 57 eoi 0
+4745.793736081: grid210x_device byte send 06 eoi 0
+4745.793790083: grid210x_device byte send c4 eoi 0
+4745.793842085: grid210x_device byte send 5e eoi 0
+4745.794040091: grid210x_device byte send 04 eoi 0
+4745.794112093: grid210x_device byte send 26 eoi 0
+4745.794170095: grid210x_device byte send 89 eoi 0
+4745.794222097: grid210x_device byte send 07 eoi 0
+4745.794278099: grid210x_device byte send 26 eoi 0
+4745.794330100: grid210x_device byte send 89 eoi 0
+4745.794382102: grid210x_device byte send 57 eoi 0
+4745.794433104: grid210x_device byte send 02 eoi 0
+4745.794486105: grid210x_device byte send 8b eoi 0
+4745.794543107: grid210x_device byte send 36 eoi 0
+4745.794594109: grid210x_device byte send 7c eoi 0
+4745.794647110: grid210x_device byte send 0a eoi 0
+4745.794700112: grid210x_device byte send d1 eoi 0
+4745.794753114: grid210x_device byte send e6 eoi 0
+4745.794805116: grid210x_device byte send c4 eoi 0
+4745.794856117: grid210x_device byte send 1e eoi 0
+4745.794909119: grid210x_device byte send 7e eoi 0
+4745.795117126: grid210x_device byte send 0a eoi 0
+4745.795184128: grid210x_device byte send 26 eoi 0
+4745.795238129: grid210x_device byte send ff eoi 0
+4745.795293131: grid210x_device byte send 70 eoi 0
+4745.795344133: grid210x_device byte send 0c eoi 0
+4745.795398135: grid210x_device byte send c4 eoi 0
+4745.795449136: grid210x_device byte send 5e eoi 0
+4745.795503138: grid210x_device byte send 04 eoi 0
+4745.795555140: grid210x_device byte send 8d eoi 0
+4745.795606141: grid210x_device byte send 87 eoi 0
+4745.795658143: grid210x_device byte send 04 eoi 0
+4745.795710145: grid210x_device byte send 02 eoi 0
+4745.795764146: grid210x_device byte send 06 eoi 0
+4745.796125158: grid210x_device byte send 50 eoi 0
+4745.796196160: grid210x_device byte send e8 eoi 0
+4745.796253162: grid210x_device byte send 7a eoi 0
+4745.796307164: grid210x_device byte send fe eoi 0
+4745.796358165: grid210x_device byte send 5d eoi 0
+4745.796411167: grid210x_device byte send c2 eoi 0
+4745.796462169: grid210x_device byte send 04 eoi 0
+4745.796517171: grid210x_device byte send 00 eoi 0
+4745.796570172: grid210x_device byte send 55 eoi 0
+4745.796624174: grid210x_device byte send 8b eoi 0
+4745.796676176: grid210x_device byte send ec eoi 0
+4745.796727177: grid210x_device byte send c4 eoi 0
+4745.796780179: grid210x_device byte send 5e eoi 0
+4745.796831181: grid210x_device byte send 0a eoi 0
+4745.796885182: grid210x_device byte send 8d eoi 0
+4745.796937184: grid210x_device byte send 87 eoi 0
+4745.796989186: grid210x_device byte send 04 eoi 0
+4745.797173192: grid210x_device byte send 02 eoi 0
+4745.797243194: grid210x_device byte send a3 eoi 0
+4745.797563204: grid210x_device byte send 92 eoi 0
+4745.797630206: grid210x_device byte send 0a eoi 0
+4745.797687208: grid210x_device byte send 8c eoi 0
+4745.797831213: grid210x_device byte send 06 eoi 0
+4745.797885214: grid210x_device byte send 94 eoi 0
+4745.797938216: grid210x_device byte send 0a eoi 0
+4745.797991218: grid210x_device byte send c7 eoi 0
+4745.798044220: grid210x_device byte send 06 eoi 0
+4745.798275227: grid210x_device byte send 8e eoi 0
+4745.798343229: grid210x_device byte send 0a eoi 0
+4745.798405231: grid210x_device byte send 00 eoi 0
+4745.798459233: grid210x_device byte send 00 eoi 0
+4745.798513235: grid210x_device byte send c4 eoi 0
+4745.798565236: grid210x_device byte send 5e eoi 0
+4745.798617238: grid210x_device byte send 0a eoi 0
+4745.798673240: grid210x_device byte send 26 eoi 0
+4745.798724241: grid210x_device byte send 8b eoi 0
+4745.798787243: grid210x_device byte send 87 eoi 0
+4745.798842245: grid210x_device byte send 04 eoi 0
+4745.798899247: grid210x_device byte send 04 eoi 0
+4745.798953249: grid210x_device byte send 26 eoi 0
+4745.799006250: grid210x_device byte send 8b eoi 0
+4745.799058252: grid210x_device byte send 97 eoi 0
+4745.799109254: grid210x_device byte send 06 eoi 0
+4745.799163255: grid210x_device byte send 04 eoi 0
+4745.799438264: grid210x_device byte send 26 eoi 0
+4745.799551268: grid210x_device byte send 3b eoi 0
+4745.799613270: grid210x_device byte send 57 eoi 0
+4745.799671272: grid210x_device byte send 02 eoi 0
+4745.799727274: grid210x_device byte send 75 eoi 0
+4745.799781275: grid210x_device byte send 03 eoi 0
+4745.799834277: grid210x_device byte send 26 eoi 0
+4745.799887279: grid210x_device byte send 3b eoi 0
+4745.799938280: grid210x_device byte send 07 eoi 0
+4745.799990282: grid210x_device byte send b0 eoi 0
+4745.800129286: grid210x_device byte send ff eoi 0
+4745.800187288: grid210x_device byte send 74 eoi 0
+4745.800239290: grid210x_device byte send 01 eoi 0
+4745.800444297: grid210x_device byte send 40 eoi 0
+4745.800513299: grid210x_device byte send a2 eoi 0
+4745.800570301: grid210x_device byte send b1 eoi 0
+4745.800624302: grid210x_device byte send 0e eoi 0
+4745.800678304: grid210x_device byte send a1 eoi 0
+4745.800730306: grid210x_device byte send 8e eoi 0
+4745.800784308: grid210x_device byte send 0a eoi 0
+4745.800837309: grid210x_device byte send 3b eoi 0
+4745.800891311: grid210x_device byte send 46 eoi 0
+4745.800943313: grid210x_device byte send 04 eoi 0
+4745.800997314: grid210x_device byte send 72 eoi 0
+4745.801049316: grid210x_device byte send 03 eoi 0
+4745.801102318: grid210x_device byte send e9 eoi 0
+4745.801155319: grid210x_device byte send e5 eoi 0
+4745.801206321: grid210x_device byte send 00 eoi 0
+4745.801260323: grid210x_device byte send a0 eoi 0
+4745.801311324: grid210x_device byte send b1 eoi 0
+4745.801502331: grid210x_device byte send 0e eoi 0
+4745.801571333: grid210x_device byte send d0 eoi 0
+4745.801628335: grid210x_device byte send d8 eoi 0
+4745.801681336: grid210x_device byte send 73 eoi 0
+4745.801732338: grid210x_device byte send 03 eoi 0
+4745.801787340: grid210x_device byte send e9 eoi 0
+4745.801839341: grid210x_device byte send db eoi 0
+4745.801892343: grid210x_device byte send 00 eoi 0
+4745.801944345: grid210x_device byte send 8b eoi 0
+4745.801997346: grid210x_device byte send 0e eoi 0
+4745.802050348: grid210x_device byte send 24 eoi 0
+4745.802101350: grid210x_device byte send 00 eoi 0
+4745.802155352: grid210x_device byte send ba eoi 0
+4745.802207353: grid210x_device byte send 00 eoi 0
+4745.802261355: grid210x_device byte send 00 eoi 0
+4745.802314357: grid210x_device byte send c4 eoi 0
+4745.802366358: grid210x_device byte send 5e eoi 0
+4745.802549364: grid210x_device byte send 0a eoi 0
+4745.802619366: grid210x_device byte send 26 eoi 0
+4745.802676368: grid210x_device byte send 8b eoi 0
+4745.802728370: grid210x_device byte send 87 eoi 0
+4745.802782372: grid210x_device byte send 04 eoi 0
+4745.802834373: grid210x_device byte send 04 eoi 0
+4745.802889375: grid210x_device byte send 26 eoi 0
+4745.803248387: grid210x_device byte send 8b eoi 0
+4745.803310389: grid210x_device byte send bf eoi 0
+4745.803364390: grid210x_device byte send 06 eoi 0
+4745.803423392: grid210x_device byte send 04 eoi 0
+4745.803676400: grid210x_device byte send 87 eoi 0
+4745.803737402: grid210x_device byte send fa eoi 0
+4745.803794404: grid210x_device byte send 51 eoi 0
+4745.803847406: grid210x_device byte send 57 eoi 0
+4745.803900408: grid210x_device byte send 9a eoi 0
+4745.803951409: grid210x_device byte send 00 eoi 0
+4745.804006411: grid210x_device byte send 00 eoi 0
+4745.804059413: grid210x_device byte send 7b eoi 0
+4745.804110414: grid210x_device byte send 20 eoi 0
+4745.804164416: grid210x_device byte send 89 eoi 0
+4745.804218418: grid210x_device byte send 3e eoi 0
+4745.804271419: grid210x_device byte send 8a eoi 0
+4745.804323421: grid210x_device byte send 0a eoi 0
+4745.804377423: grid210x_device byte send 5b eoi 0
+4745.804428424: grid210x_device byte send 58 eoi 0
+4745.804482426: grid210x_device byte send 2b eoi 0
+4745.804689433: grid210x_device byte send c7 eoi 0
+4745.804768435: grid210x_device byte send a3 eoi 0
+4745.804824437: grid210x_device byte send 8c eoi 0
+4745.804880439: grid210x_device byte send 0a eoi 0
+4745.804934441: grid210x_device byte send 09 eoi 0
+4745.804986442: grid210x_device byte send ff eoi 0
+4745.805040444: grid210x_device byte send 75 eoi 0
+4745.805092446: grid210x_device byte send 0f eoi 0
+4745.805143447: grid210x_device byte send c4 eoi 0
+4745.805195449: grid210x_device byte send 46 eoi 0
+4745.805248451: grid210x_device byte send 0a eoi 0
+4745.805300452: grid210x_device byte send 06 eoi 0
+4745.805353454: grid210x_device byte send 50 eoi 0
+4745.805405456: grid210x_device byte send e8 eoi 0
+4745.805456457: grid210x_device byte send 94 eoi 0
+4745.805509459: grid210x_device byte send fe eoi 0
+4745.805561461: grid210x_device byte send 09 eoi 0
+4745.805743467: grid210x_device byte send c0 eoi 0
+4745.805816469: grid210x_device byte send 74 eoi 0
+4745.805873471: grid210x_device byte send 03 eoi 0
+4745.805928473: grid210x_device byte send e9 eoi 0
+4745.805981474: grid210x_device byte send a0 eoi 0
+4745.806034476: grid210x_device byte send 00 eoi 0
+4745.806086478: grid210x_device byte send 8b eoi 0
+4745.806139479: grid210x_device byte send 0e eoi 0
+4745.806192481: grid210x_device byte send 8c eoi 0
+4745.806242483: grid210x_device byte send 0a eoi 0
+4745.806297484: grid210x_device byte send a1 eoi 0
+4745.806349486: grid210x_device byte send 8e eoi 0
+4745.806402488: grid210x_device byte send 0a eoi 0
+4745.806454490: grid210x_device byte send 03 eoi 0
+4745.806507491: grid210x_device byte send c8 eoi 0
+4745.806558493: grid210x_device byte send 8b eoi 0
+4745.806609495: grid210x_device byte send 46 eoi 0
+4745.806787500: grid210x_device byte send 04 eoi 0
+4745.806861503: grid210x_device byte send 3b eoi 0
+4745.806921505: grid210x_device byte send c8 eoi 0
+4745.806975506: grid210x_device byte send 76 eoi 0
+4745.807028508: grid210x_device byte send 07 eoi 0
+4745.807082510: grid210x_device byte send 2b eoi 0
+4745.807135511: grid210x_device byte send 06 eoi 0
+4745.807187513: grid210x_device byte send 8e eoi 0
+4745.807238515: grid210x_device byte send 0a eoi 0
+4745.807293516: grid210x_device byte send a3 eoi 0
+4745.807345518: grid210x_device byte send 8c eoi 0
+4745.807452522: grid210x_device byte send 0a eoi 0
+4745.807551525: grid210x_device byte send c4 eoi 0
+4745.807610527: grid210x_device byte send 5e eoi 0
+4745.807668529: grid210x_device byte send 0a eoi 0
+4745.807858535: grid210x_device byte send 26 eoi 0
+4745.807931537: grid210x_device byte send 8b eoi 0
+4745.807987539: grid210x_device byte send 87 eoi 0
+4745.808043541: grid210x_device byte send 04 eoi 0
+4745.808098542: grid210x_device byte send 04 eoi 0
+4745.808152544: grid210x_device byte send 26 eoi 0
+4745.808204546: grid210x_device byte send 8b eoi 0
+4745.808258547: grid210x_device byte send 97 eoi 0
+4745.808309549: grid210x_device byte send 06 eoi 0
+4745.808363551: grid210x_device byte send 04 eoi 0
+4745.808685561: grid210x_device byte send 8b eoi 0
+4745.808748563: grid210x_device byte send 0e eoi 0
+4745.808988571: grid210x_device byte send 8c eoi 0
+4745.809057573: grid210x_device byte send 0a eoi 0
+4745.809116575: grid210x_device byte send bf eoi 0
+4745.809171577: grid210x_device byte send 00 eoi 0
+4745.809226579: grid210x_device byte send 00 eoi 0
+4745.809281580: grid210x_device byte send 03 eoi 0
+4745.809333582: grid210x_device byte send c8 eoi 0
+4745.809386584: grid210x_device byte send 13 eoi 0
+4745.809438585: grid210x_device byte send fa eoi 0
+4745.809489587: grid210x_device byte send 26 eoi 0
+4745.809543589: grid210x_device byte send 8b eoi 0
+4745.809595590: grid210x_device byte send 37 eoi 0
+4745.809649592: grid210x_device byte send 26 eoi 0
+4745.809701594: grid210x_device byte send 8b eoi 0
+4745.809758596: grid210x_device byte send 47 eoi 0
+4745.809808597: grid210x_device byte send 02 eoi 0
+4745.809861599: grid210x_device byte send 3b eoi 0
+4745.810135608: grid210x_device byte send f8 eoi 0
+4745.810200610: grid210x_device byte send 75 eoi 0
+4745.810256612: grid210x_device byte send 02 eoi 0
+4745.810312613: grid210x_device byte send 3b eoi 0
+4745.810364615: grid210x_device byte send ce eoi 0
+4745.810417617: grid210x_device byte send 76 eoi 0
+4745.810469618: grid210x_device byte send 15 eoi 0
+4745.810521620: grid210x_device byte send 26 eoi 0
+4745.810572622: grid210x_device byte send 2b eoi 0
+4745.810625623: grid210x_device byte send b7 eoi 0
+4745.810676625: grid210x_device byte send 04 eoi 0
+4745.810729627: grid210x_device byte send 04 eoi 0
+4745.810784629: grid210x_device byte send 26 eoi 0
+4745.810835630: grid210x_device byte send 1b eoi 0
+4745.810887632: grid210x_device byte send 87 eoi 0
+4745.811072638: grid210x_device byte send 06 eoi 0
+4745.811148640: grid210x_device byte send 04 eoi 0
+4745.811205642: grid210x_device byte send 89 eoi 0
+4745.811259644: grid210x_device byte send 36 eoi 0
+4745.811313646: grid210x_device byte send 90 eoi 0
+4745.811365647: grid210x_device byte send 0a eoi 0
+4745.811422649: grid210x_device byte send c6 eoi 0
+4745.811474651: grid210x_device byte send 06 eoi 0
+4745.811528652: grid210x_device byte send b1 eoi 0
+4745.811580654: grid210x_device byte send 0e eoi 0
+4745.811636656: grid210x_device byte send 01 eoi 0
+4745.811688658: grid210x_device byte send eb eoi 0
+4745.811740659: grid210x_device byte send 06 eoi 0
+4745.811796661: grid210x_device byte send a1 eoi 0
+4745.811847663: grid210x_device byte send 8c eoi 0
+4745.811899664: grid210x_device byte send 0a eoi 0
+4745.811951666: grid210x_device byte send a3 eoi 0
+4745.812133672: grid210x_device byte send 90 eoi 0
+4745.812205674: grid210x_device byte send 0a eoi 0
+4745.812264676: grid210x_device byte send c4 eoi 0
+4745.812317678: grid210x_device byte send 1e eoi 0
+4745.812369679: grid210x_device byte send 92 eoi 0
+4745.812423681: grid210x_device byte send 0a eoi 0
+4745.812477683: grid210x_device byte send 8b eoi 0
+4745.812531685: grid210x_device byte send 36 eoi 0
+4745.812582686: grid210x_device byte send 8a eoi 0
+4745.812636688: grid210x_device byte send 0a eoi 0
+4745.812690690: grid210x_device byte send 8d eoi 0
+4745.812741691: grid210x_device byte send 70 eoi 0
+4745.812794693: grid210x_device byte send 04 eoi 0
+4745.812846695: grid210x_device byte send 06 eoi 0
+4745.812899696: grid210x_device byte send c4 eoi 0
+4745.812951698: grid210x_device byte send 5e eoi 0
+4745.813004700: grid210x_device byte send 06 eoi 0
+4745.813182706: grid210x_device byte send 8b eoi 0
+4745.813252708: grid210x_device byte send 3e eoi 0
+4745.813309710: grid210x_device byte send 8e eoi 0
+4745.813362711: grid210x_device byte send 0a eoi 0
+4745.813418713: grid210x_device byte send 8d eoi 0
+4745.813472715: grid210x_device byte send 39 eoi 0
+4745.813525717: grid210x_device byte send 8b eoi 0
+4745.813576718: grid210x_device byte send 0e eoi 0
+4745.813633720: grid210x_device byte send 90 eoi 0
+4745.813685722: grid210x_device byte send 0a eoi 0
+4745.814040733: grid210x_device byte send 1e eoi 0
+4745.814282741: grid210x_device byte send 8e eoi 0
+4745.814353743: grid210x_device byte send 9e eoi 0
+4745.814491748: grid210x_device byte send fe eoi 0
+4745.814545749: grid210x_device byte send ff eoi 0
+4745.814598751: grid210x_device byte send fc eoi 0
+4745.814652753: grid210x_device byte send f2 eoi 0
+4745.814704754: grid210x_device byte send a4 eoi 0
+4745.814757756: grid210x_device byte send 1f eoi 0
+4745.814808758: grid210x_device byte send 59 eoi 0
+4745.814860759: grid210x_device byte send a1 eoi 0
+4745.814912761: grid210x_device byte send 90 eoi 0
+4745.814963763: grid210x_device byte send 0a eoi 0
+4745.815020765: grid210x_device byte send 01 eoi 0
+4745.815074766: grid210x_device byte send 06 eoi 0
+4745.815129768: grid210x_device byte send 8e eoi 0
+4745.815180770: grid210x_device byte send 0a eoi 0
+4745.815451778: grid210x_device byte send c4 eoi 0
+4745.815561782: grid210x_device byte send 5e eoi 0
+4745.815624784: grid210x_device byte send 0a eoi 0
+4745.815681786: grid210x_device byte send ba eoi 0
+4745.815735787: grid210x_device byte send 00 eoi 0
+4745.815793789: grid210x_device byte send 00 eoi 0
+4745.815849791: grid210x_device byte send 26 eoi 0
+4745.815900793: grid210x_device byte send 03 eoi 0
+4745.815954795: grid210x_device byte send 87 eoi 0
+4745.816007796: grid210x_device byte send 04 eoi 0
+4745.816060798: grid210x_device byte send 04 eoi 0
+4745.816112800: grid210x_device byte send 26 eoi 0
+4745.816164801: grid210x_device byte send 13 eoi 0
+4745.816217803: grid210x_device byte send 97 eoi 0
+4745.816268805: grid210x_device byte send 06 eoi 0
+4745.816478811: grid210x_device byte send 04 eoi 0
+4745.816539813: grid210x_device byte send 26 eoi 0
+4745.816593815: grid210x_device byte send 89 eoi 0
+4745.816649817: grid210x_device byte send 87 eoi 0
+4745.816701818: grid210x_device byte send 04 eoi 0
+4745.816756820: grid210x_device byte send 04 eoi 0
+4745.816809822: grid210x_device byte send 26 eoi 0
+4745.816861824: grid210x_device byte send 89 eoi 0
+4745.816914825: grid210x_device byte send 97 eoi 0
+4745.816965827: grid210x_device byte send 06 eoi 0
+4745.817018829: grid210x_device byte send 04 eoi 0
+4745.817071830: grid210x_device byte send e9 eoi 0
+4745.817125832: grid210x_device byte send 10 eoi 0
+4745.817176834: grid210x_device byte send ff eoi 0
+4745.817228835: grid210x_device byte send a1 eoi 0
+4745.817281837: grid210x_device byte send 8e eoi 0
+4745.817332839: grid210x_device byte send 0a eoi 0
+4745.817528845: grid210x_device byte send 5d eoi 0
+4745.817584847: grid210x_device byte send c2 eoi 0
+4745.817640849: grid210x_device byte send 0a eoi 0
+4745.817695850: grid210x_device byte send 00 eoi 0
+4745.817750852: grid210x_device byte send 55 eoi 0
+4745.817801854: grid210x_device byte send 8b eoi 0
+4745.817852855: grid210x_device byte send ec eoi 0
+4745.817905857: grid210x_device byte send a1 eoi 0
+4745.817956859: grid210x_device byte send 00 eoi 0
+4745.818011861: grid210x_device byte send 00 eoi 0
+4745.818065862: grid210x_device byte send 09 eoi 0
+4745.818119864: grid210x_device byte send c0 eoi 0
+4745.818173866: grid210x_device byte send 75 eoi 0
+4745.818225867: grid210x_device byte send 2d eoi 0
+4745.818277869: grid210x_device byte send ff eoi 0
+4745.818328871: grid210x_device byte send 76 eoi 0
+4745.818381872: grid210x_device byte send 0c eoi 0
+4745.818582879: grid210x_device byte send b8 eoi 0
+4745.818643881: grid210x_device byte send 58 eoi 0
+4745.818698883: grid210x_device byte send 00 eoi 0
+4745.818754884: grid210x_device byte send 1e eoi 0
+4745.818806886: grid210x_device byte send 50 eoi 0
+4745.818859888: grid210x_device byte send e8 eoi 0
+4745.818912889: grid210x_device byte send 6d eoi 0
+4745.818963891: grid210x_device byte send fd eoi 0
+4745.819016893: grid210x_device byte send b8 eoi 0
+4745.819068894: grid210x_device byte send 58 eoi 0
+4745.819119896: grid210x_device byte send 00 eoi 0
+4745.819176898: grid210x_device byte send 1e eoi 0
+4745.819228900: grid210x_device byte send 50 eoi 0
+4745.819733916: grid210x_device byte send b8 eoi 0
+4745.819801918: grid210x_device byte send ef eoi 0
+4745.819855920: grid210x_device byte send 0e eoi 0
+4745.819913922: grid210x_device byte send 1e eoi 0
+4745.819966923: grid210x_device byte send 50 eoi 0
+4745.820091927: grid210x_device byte send b8 eoi 0
+4745.820158929: grid210x_device byte send 01 eoi 0
+4745.820217931: grid210x_device byte send 00 eoi 0
+4745.820273933: grid210x_device byte send 50 eoi 0
+4745.820324935: grid210x_device byte send e8 eoi 0
+4745.820377936: grid210x_device byte send ae eoi 0
+4745.820429938: grid210x_device byte send fe eoi 0
+4745.820480940: grid210x_device byte send a3 eoi 0
+4745.820532941: grid210x_device byte send 98 eoi 0
+4745.820752949: grid210x_device byte send 0a eoi 1
+4745.821234964: grid210x_device byte recv 5f atn 1 eoi 0
+4745.821268965: grid210x_device now not talking
+4745.823581039: grid210x_device byte recv 25 atn 1 eoi 0
+4745.823635041: grid210x_device now listening
+4745.824743077: grid210x_device byte recv 04 atn 0 eoi 0
+4745.824959084: grid210x_device byte recv 00 atn 0 eoi 0
+4745.825044086: grid210x_device byte recv 00 atn 0 eoi 0
+4745.825117089: grid210x_device byte recv 03 atn 0 eoi 0
+4745.825187091: grid210x_device byte recv 00 atn 0 eoi 0
+4745.825255093: grid210x_device byte recv 00 atn 0 eoi 0
+4745.825323095: grid210x_device byte recv 00 atn 0 eoi 0
+4745.825391097: grid210x_device byte recv 00 atn 0 eoi 0
+4745.825460100: grid210x_device byte recv 02 atn 0 eoi 0
+4745.826551135: grid210x_device byte recv 20 atn 0 eoi 1
+4745.826639137: grid210x_device byte recv 3f atn 1 eoi 0
+4745.826668138: grid210x_device now not listening
+4745.826681139: grid210x_device command 4, data size 512, sector no 3
+4745.827910178: grid210x_device byte recv 18 atn 1 eoi 0
+4745.828141186: grid210x_device byte recv 45 atn 1 eoi 0
+4745.828181187: grid210x_device now talking
+4745.828214188: grid210x_device byte send 4f eoi 0
+4745.828337192: grid210x_device byte recv 19 atn 1 eoi 0
+4745.828417195: grid210x_device byte recv 5f atn 1 eoi 0
+4745.828442195: grid210x_device now not talking
+4745.829765238: grid210x_device byte recv 45 atn 1 eoi 0
+4745.829804239: grid210x_device now talking
+4745.831154282: grid210x_device byte send 09 eoi 0
+4745.831598297: grid210x_device byte send c0 eoi 0
+4745.831668299: grid210x_device byte send 74 eoi 0
+4745.831722301: grid210x_device byte send 07 eoi 0
+4745.831779303: grid210x_device byte send 80 eoi 0
+4745.831831304: grid210x_device byte send 3e eoi 0
+4745.831886306: grid210x_device byte send ef eoi 0
+4745.831937308: grid210x_device byte send 0e eoi 0
+4745.831990309: grid210x_device byte send ff eoi 0
+4745.832044311: grid210x_device byte send 75 eoi 0
+4745.832095313: grid210x_device byte send 05 eoi 0
+4745.832150314: grid210x_device byte send b8 eoi 0
+4745.832201316: grid210x_device byte send 02 eoi 0
+4745.832400322: grid210x_device byte send 00 eoi 0
+4745.832470325: grid210x_device byte send eb eoi 0
+4745.832527327: grid210x_device byte send 6b eoi 0
+4745.832580328: grid210x_device byte send b8 eoi 0
+4745.832634330: grid210x_device byte send 58 eoi 0
+4745.832686332: grid210x_device byte send 00 eoi 0
+4745.832739333: grid210x_device byte send 1e eoi 0
+4745.832794335: grid210x_device byte send 50 eoi 0
+4745.832845337: grid210x_device byte send b8 eoi 0
+4745.832900338: grid210x_device byte send 96 eoi 0
+4745.832951340: grid210x_device byte send 0a eoi 0
+4745.833004342: grid210x_device byte send 1e eoi 0
+4745.833056344: grid210x_device byte send 50 eoi 0
+4745.833107345: grid210x_device byte send b8 eoi 0
+4745.833160347: grid210x_device byte send 02 eoi 0
+4745.833213349: grid210x_device byte send 00 eoi 0
+4745.833266350: grid210x_device byte send 50 eoi 0
+4745.833452356: grid210x_device byte send e8 eoi 0
+4745.833519358: grid210x_device byte send 8a eoi 0
+4745.833573360: grid210x_device byte send fe eoi 0
+4745.833629362: grid210x_device byte send a3 eoi 0
+4745.833681364: grid210x_device byte send 98 eoi 0
+4745.833732365: grid210x_device byte send 0a eoi 0
+4745.834086377: grid210x_device byte send b8 eoi 0
+4745.834149379: grid210x_device byte send 58 eoi 0
+4745.834203380: grid210x_device byte send 00 eoi 0
+4745.834259382: grid210x_device byte send 1e eoi 0
+4745.834312384: grid210x_device byte send 50 eoi 0
+4745.834546391: grid210x_device byte send b8 eoi 0
+4745.834613393: grid210x_device byte send b2 eoi 0
+4745.834673395: grid210x_device byte send 0e eoi 0
+4745.834729397: grid210x_device byte send 1e eoi 0
+4745.834782399: grid210x_device byte send 50 eoi 0
+4745.834834401: grid210x_device byte send b8 eoi 0
+4745.834887402: grid210x_device byte send 01 eoi 0
+4745.834942404: grid210x_device byte send 00 eoi 0
+4745.834995406: grid210x_device byte send 50 eoi 0
+4745.835049407: grid210x_device byte send e8 eoi 0
+4745.835101409: grid210x_device byte send 76 eoi 0
+4745.835155411: grid210x_device byte send fe eoi 0
+4745.835206413: grid210x_device byte send a3 eoi 0
+4745.835259414: grid210x_device byte send 98 eoi 0
+4745.835310416: grid210x_device byte send 0a eoi 0
+4745.835362418: grid210x_device byte send b8 eoi 0
+4745.835415419: grid210x_device byte send 58 eoi 0
+4745.835611426: grid210x_device byte send 00 eoi 0
+4745.835684428: grid210x_device byte send 1e eoi 0
+4745.835739430: grid210x_device byte send 50 eoi 0
+4745.835795431: grid210x_device byte send b8 eoi 0
+4745.835847433: grid210x_device byte send b3 eoi 0
+4745.835899435: grid210x_device byte send 0e eoi 0
+4745.835954437: grid210x_device byte send 1e eoi 0
+4745.836008438: grid210x_device byte send 50 eoi 0
+4745.836060440: grid210x_device byte send a0 eoi 0
+4745.836292447: grid210x_device byte send b2 eoi 0
+4745.836344449: grid210x_device byte send 0e eoi 0
+4745.836399451: grid210x_device byte send b4 eoi 0
+4745.836451452: grid210x_device byte send 00 eoi 0
+4745.836505454: grid210x_device byte send 50 eoi 0
+4745.836716461: grid210x_device byte send e8 eoi 0
+4745.836774463: grid210x_device byte send 60 eoi 0
+4745.836828465: grid210x_device byte send fe eoi 0
+4745.836882466: grid210x_device byte send a3 eoi 0
+4745.836934468: grid210x_device byte send 98 eoi 0
+4745.836986470: grid210x_device byte send 0a eoi 0
+4745.837045472: grid210x_device byte send c4 eoi 0
+4745.837097473: grid210x_device byte send 5e eoi 0
+4745.837149475: grid210x_device byte send 08 eoi 0
+4745.837204477: grid210x_device byte send a0 eoi 0
+4745.837257478: grid210x_device byte send b2 eoi 0
+4745.837309480: grid210x_device byte send 0e eoi 0
+4745.837360482: grid210x_device byte send 26 eoi 0
+4745.837413483: grid210x_device byte send 38 eoi 0
+4745.837464485: grid210x_device byte send 07 eoi 0
+4745.837519487: grid210x_device byte send 75 eoi 0
+4745.837699493: grid210x_device byte send 26 eoi 0
+4745.837773495: grid210x_device byte send b9 eoi 0
+4745.837830497: grid210x_device byte send b3 eoi 0
+4745.837886499: grid210x_device byte send 0e eoi 0
+4745.837940500: grid210x_device byte send 1e eoi 0
+4745.837991502: grid210x_device byte send 51 eoi 0
+4745.838043504: grid210x_device byte send 8d eoi 0
+4745.838095505: grid210x_device byte send 4f eoi 0
+4745.838147507: grid210x_device byte send 01 eoi 0
+4745.838199509: grid210x_device byte send 06 eoi 0
+4745.838254510: grid210x_device byte send 51 eoi 0
+4745.838307512: grid210x_device byte send b4 eoi 0
+4745.838359514: grid210x_device byte send 00 eoi 0
+4745.838414516: grid210x_device byte send 50 eoi 0
+4745.838467517: grid210x_device byte send 9a eoi 0
+4745.838520519: grid210x_device byte send ec eoi 0
+4745.838571521: grid210x_device byte send 00 eoi 0
+4745.838658523: grid210x_device byte send ef eoi 0
+4745.838821529: grid210x_device byte send ff eoi 0
+4745.838880530: grid210x_device byte send d0 eoi 0
+4745.838933532: grid210x_device byte send d8 eoi 0
+4745.838984534: grid210x_device byte send 73 eoi 0
+4745.839037536: grid210x_device byte send 10 eoi 0
+4745.839089537: grid210x_device byte send a1 eoi 0
+4745.839142539: grid210x_device byte send 96 eoi 0
+4745.839194541: grid210x_device byte send 0a eoi 0
+4745.839249542: grid210x_device byte send c4 eoi 0
+4745.839660556: grid210x_device byte send 5e eoi 0
+4745.839917564: grid210x_device byte send 04 eoi 0
+4745.839981566: grid210x_device byte send 26 eoi 0
+4745.840106570: grid210x_device byte send 89 eoi 0
+4745.840171572: grid210x_device byte send 07 eoi 0
+4745.840227574: grid210x_device byte send b8 eoi 0
+4745.840284576: grid210x_device byte send 00 eoi 0
+4745.840337577: grid210x_device byte send 00 eoi 0
+4745.840392579: grid210x_device byte send 5d eoi 0
+4745.840443581: grid210x_device byte send c2 eoi 0
+4745.840494582: grid210x_device byte send 0a eoi 0
+4745.840549584: grid210x_device byte send 00 eoi 0
+4745.840602586: grid210x_device byte send b8 eoi 0
+4745.840656587: grid210x_device byte send 58 eoi 0
+4745.840707589: grid210x_device byte send 00 eoi 0
+4745.840761591: grid210x_device byte send 1e eoi 0
+4745.840954597: grid210x_device byte send 50 eoi 0
+4745.841022599: grid210x_device byte send b8 eoi 0
+4745.841076601: grid210x_device byte send f0 eoi 0
+4745.841132603: grid210x_device byte send 0e eoi 0
+4745.841188605: grid210x_device byte send 1e eoi 0
+4745.841241606: grid210x_device byte send 50 eoi 0
+4745.841297608: grid210x_device byte send b8 eoi 0
+4745.841348610: grid210x_device byte send 01 eoi 0
+4745.841401611: grid210x_device byte send 00 eoi 0
+4745.841454613: grid210x_device byte send 50 eoi 0
+4745.841507615: grid210x_device byte send e8 eoi 0
+4745.841559616: grid210x_device byte send 1b eoi 0
+4745.841610618: grid210x_device byte send fe eoi 0
+4745.841663620: grid210x_device byte send a3 eoi 0
+4745.841714621: grid210x_device byte send 98 eoi 0
+4745.841765623: grid210x_device byte send 0a eoi 0
+4745.841818625: grid210x_device byte send e9 eoi 0
+4745.842030632: grid210x_device byte send 56 eoi 0
+4745.842100634: grid210x_device byte send ff eoi 0
+4745.842153636: grid210x_device byte send 55 eoi 0
+4745.842207637: grid210x_device byte send 8b eoi 0
+4745.842261639: grid210x_device byte send ec eoi 0
+4745.842313641: grid210x_device byte send b8 eoi 0
+4745.842366642: grid210x_device byte send 60 eoi 0
+4745.842420644: grid210x_device byte send 04 eoi 0
+4745.842474646: grid210x_device byte send 1e eoi 0
+4745.842528648: grid210x_device byte send 50 eoi 0
+4745.842579649: grid210x_device byte send b8 eoi 0
+4745.842634651: grid210x_device byte send 18 eoi 0
+4745.842686653: grid210x_device byte send 00 eoi 0
+4745.842738654: grid210x_device byte send 1e eoi 0
+4745.842793656: grid210x_device byte send 50 eoi 0
+4745.842845658: grid210x_device byte send b8 eoi 0
+4745.842897659: grid210x_device byte send 0a eoi 0
+4745.843096666: grid210x_device byte send 00 eoi 0
+4745.843159668: grid210x_device byte send 50 eoi 0
+4745.843215670: grid210x_device byte send e8 eoi 0
+4745.843270671: grid210x_device byte send 01 eoi 0
+4745.843325673: grid210x_device byte send fe eoi 0
+4745.843378675: grid210x_device byte send a3 eoi 0
+4745.843429677: grid210x_device byte send 9c eoi 0
+4745.843480678: grid210x_device byte send 0a eoi 0
+4745.843533680: grid210x_device byte send c7 eoi 0
+4745.843584681: grid210x_device byte send 06 eoi 0
+4745.843639683: grid210x_device byte send 9e eoi 0
+4745.843690685: grid210x_device byte send 0a eoi 0
+4745.843742687: grid210x_device byte send 00 eoi 0
+4745.843796688: grid210x_device byte send 00 eoi 0
+4745.843849690: grid210x_device byte send c7 eoi 0
+4745.843901692: grid210x_device byte send 06 eoi 0
+4745.843955693: grid210x_device byte send 9c eoi 0
+4745.844149700: grid210x_device byte send 0a eoi 0
+4745.844209702: grid210x_device byte send ec eoi 0
+4745.844264703: grid210x_device byte send 03 eoi 0
+4745.844318705: grid210x_device byte send b8 eoi 0
+4745.844370707: grid210x_device byte send ec eoi 0
+4745.844423708: grid210x_device byte send 03 eoi 0
+4745.844476710: grid210x_device byte send 39 eoi 0
+4745.844528712: grid210x_device byte send 06 eoi 0
+4745.844580713: grid210x_device byte send 9c eoi 0
+4745.844634715: grid210x_device byte send 0a eoi 0
+4745.844687717: grid210x_device byte send 75 eoi 0
+4745.844739719: grid210x_device byte send 1e eoi 0
+4745.845282736: grid210x_device byte send b9 eoi 0
+4745.845346738: grid210x_device byte send 60 eoi 0
+4745.845401740: grid210x_device byte send 04 eoi 0
+4745.845458742: grid210x_device byte send 1e eoi 0
+4745.845512743: grid210x_device byte send 51 eoi 0
+4745.845576745: grid210x_device byte send c4 eoi 0
+4745.845633747: grid210x_device byte send 1e eoi 0
+4745.845686749: grid210x_device byte send 1a eoi 0
+4745.845738751: grid210x_device byte send 00 eoi 0
+4745.845796752: grid210x_device byte send 8b eoi 0
+4745.845846754: grid210x_device byte send 36 eoi 0
+4745.845897756: grid210x_device byte send 9e eoi 0
+4745.845948757: grid210x_device byte send 0a eoi 0
+4745.846003759: grid210x_device byte send 8d eoi 0
+4745.846055761: grid210x_device byte send 08 eoi 0
+4745.846108763: grid210x_device byte send 06 eoi 0
+4745.846309769: grid210x_device byte send 51 eoi 0
+4745.846369771: grid210x_device byte send 50 eoi 0
+4745.846426773: grid210x_device byte send e8 eoi 0
+4745.846478774: grid210x_device byte send d4 eoi 0
+4745.846531776: grid210x_device byte send fd eoi 0
+4745.846582778: grid210x_device byte send a3 eoi 0
+4745.846637779: grid210x_device byte send 9c eoi 0
+4745.846688781: grid210x_device byte send 0a eoi 0
+4745.846740783: grid210x_device byte send 01 eoi 0
+4745.846795785: grid210x_device byte send 06 eoi 0
+4745.846848786: grid210x_device byte send 9e eoi 0
+4745.846901788: grid210x_device byte send 0a eoi 0
+4745.846954790: grid210x_device byte send eb eoi 0
+4745.847008791: grid210x_device byte send d9 eoi 0
+4745.847059793: grid210x_device byte send b8 eoi 0
+4745.847340802: grid210x_device byte send 1a eoi 0
+4745.847471806: grid210x_device byte send 00 eoi 0
+4745.847574810: grid210x_device byte send 1e eoi 0
+4745.847633811: grid210x_device byte send 50 eoi 0
+4745.847687813: grid210x_device byte send b8 eoi 0
+4745.847738815: grid210x_device byte send 08 eoi 0
+4745.847795817: grid210x_device byte send 00 eoi 0
+4745.847848818: grid210x_device byte send 50 eoi 0
+4745.847901820: grid210x_device byte send 9a eoi 0
+4745.847953822: grid210x_device byte send f1 eoi 0
+4745.848008824: grid210x_device byte send 00 eoi 0
+4745.848060825: grid210x_device byte send ef eoi 0
+4745.848111827: grid210x_device byte send ff eoi 0
+4745.848166829: grid210x_device byte send 50 eoi 0
+4745.848217830: grid210x_device byte send c4 eoi 0
+4745.848412836: grid210x_device byte send 06 eoi 0
+4745.848482839: grid210x_device byte send 1a eoi 0
+4745.848539841: grid210x_device byte send 00 eoi 0
+4745.848593842: grid210x_device byte send 06 eoi 0
+4745.848648844: grid210x_device byte send 50 eoi 0
+4745.848701846: grid210x_device byte send ff eoi 0
+4745.848754847: grid210x_device byte send 36 eoi 0
+4745.848805849: grid210x_device byte send 9e eoi 0
+4745.848856851: grid210x_device byte send 0a eoi 0
+4745.848910852: grid210x_device byte send 9a eoi 0
+4745.848962854: grid210x_device byte send f1 eoi 0
+4745.849014856: grid210x_device byte send 00 eoi 0
+4745.849066857: grid210x_device byte send ef eoi 0
+4745.849117859: grid210x_device byte send ff eoi 0
+4745.849169861: grid210x_device byte send 59 eoi 0
+4745.849220862: grid210x_device byte send 03 eoi 0
+4745.849274864: grid210x_device byte send c1 eoi 0
+4745.849460870: grid210x_device byte send 3b eoi 0
+4745.849529872: grid210x_device byte send 06 eoi 0
+4745.849587874: grid210x_device byte send 18 eoi 0
+4745.849641876: grid210x_device byte send 00 eoi 0
+4745.849695878: grid210x_device byte send 74 eoi 0
+4745.849748879: grid210x_device byte send 06 eoi 0
+4745.849799881: grid210x_device byte send c7 eoi 0
+4745.849850883: grid210x_device byte send 06 eoi 0
+4745.849904884: grid210x_device byte send 00 eoi 0
+4745.849956886: grid210x_device byte send 00 eoi 0
+4745.850077890: grid210x_device byte send 03 eoi 0
+4745.850148892: grid210x_device byte send 00 eoi 0
+4745.850206894: grid210x_device byte send 5d eoi 0
+4745.850259896: grid210x_device byte send c3 eoi 0
+4745.850311897: grid210x_device byte send 55 eoi 0
+4745.850796913: grid210x_device byte send 8b eoi 0
+4745.850861915: grid210x_device byte send ec eoi 0
+4745.850918917: grid210x_device byte send b0 eoi 0
+4745.850970919: grid210x_device byte send 00 eoi 0
+4745.851028920: grid210x_device byte send a2 eoi 0
+4745.851079922: grid210x_device byte send 2f eoi 0
+4745.851133924: grid210x_device byte send 00 eoi 0
+4745.851186926: grid210x_device byte send a2 eoi 0
+4745.851237927: grid210x_device byte send 56 eoi 0
+4745.851291929: grid210x_device byte send 00 eoi 0
+4745.851343931: grid210x_device byte send a1 eoi 0
+4745.851394932: grid210x_device byte send 76 eoi 0
+4745.851629940: grid210x_device byte send 08 eoi 0
+4745.851708942: grid210x_device byte send 09 eoi 0
+4745.851766944: grid210x_device byte send c0 eoi 0
+4745.851820946: grid210x_device byte send 74 eoi 0
+4745.851874948: grid210x_device byte send 24 eoi 0
+4745.851925949: grid210x_device byte send a3 eoi 0
+4745.851977951: grid210x_device byte send 50 eoi 0
+4745.852029953: grid210x_device byte send 00 eoi 0
+4745.852083954: grid210x_device byte send a1 eoi 0
+4745.852136956: grid210x_device byte send 78 eoi 0
+4745.852187958: grid210x_device byte send 08 eoi 0
+4745.852240959: grid210x_device byte send a3 eoi 0
+4745.852294961: grid210x_device byte send 52 eoi 0
+4745.852345963: grid210x_device byte send 00 eoi 0
+4745.852399964: grid210x_device byte send 8b eoi 0
+4745.852452966: grid210x_device byte send 0e eoi 0
+4745.852507968: grid210x_device byte send 7a eoi 0
+4745.852731975: grid210x_device byte send 08 eoi 0
+4745.852796977: grid210x_device byte send 89 eoi 0
+4745.852849979: grid210x_device byte send 0e eoi 0
+4745.852904981: grid210x_device byte send 54 eoi 0
+4745.852956982: grid210x_device byte send 00 eoi 0
+4745.853011984: grid210x_device byte send 8a eoi 0
+4745.853063986: grid210x_device byte send 16 eoi 0
+4745.853113987: grid210x_device byte send 7e eoi 0
+4745.853168989: grid210x_device byte send 08 eoi 0
+4745.853221991: grid210x_device byte send 88 eoi 0
+4745.853272992: grid210x_device byte send 16 eoi 0
+4745.853324994: grid210x_device byte send 57 eoi 0
+4745.853375996: grid210x_device byte send 00 eoi 0
+4745.853427997: grid210x_device byte send f7 eoi 0
+4745.853479999: grid210x_device byte send e1 eoi 0
+4745.853533001: grid210x_device byte send f7 eoi 0
+4745.853584002: grid210x_device byte send 26 eoi 0
+4745.853782009: grid210x_device byte send 7c eoi 0
+4745.853842011: grid210x_device byte send 08 eoi 0
+4745.853901013: grid210x_device byte send a3 eoi 0
+4745.853955014: grid210x_device byte send 26 eoi 0
+4745.854009016: grid210x_device byte send 00 eoi 0
+4745.854061018: grid210x_device byte send eb eoi 0
+4745.854111019: grid210x_device byte send 17 eoi 0
+4745.854165021: grid210x_device byte send c7 eoi 0
+4745.854216023: grid210x_device byte send 06 eoi 0
+4745.854269024: grid210x_device byte send 52 eoi 0
+4745.854320026: grid210x_device byte send 00 eoi 0
+4745.854374028: grid210x_device byte send 09 eoi 0
+4745.854426030: grid210x_device byte send 00 eoi 0
+4745.854478031: grid210x_device byte send c7 eoi 0
+4745.854533033: grid210x_device byte send 06 eoi 0
+4745.854585035: grid210x_device byte send 54 eoi 0
+4745.854639036: grid210x_device byte send 00 eoi 0
+4745.854840043: grid210x_device byte send 02 eoi 0
+4745.854902045: grid210x_device byte send 00 eoi 0
+4745.854958047: grid210x_device byte send c6 eoi 0
+4745.855012048: grid210x_device byte send 06 eoi 0
+4745.855065050: grid210x_device byte send 57 eoi 0
+4745.855118052: grid210x_device byte send 00 eoi 0
+4745.855172053: grid210x_device byte send 01 eoi 0
+4745.855224055: grid210x_device byte send c7 eoi 0
+4745.855277057: grid210x_device byte send 06 eoi 0
+4745.855329059: grid210x_device byte send 26 eoi 0
+4745.855438062: grid210x_device byte send 00 eoi 0
+4745.855536065: grid210x_device byte send d0 eoi 0
+4745.855597067: grid210x_device byte send 02 eoi 0
+4745.855656069: grid210x_device byte send b8 eoi 0
+4745.855842075: grid210x_device byte send 22 eoi 0
+4745.855913077: grid210x_device byte send 00 eoi 0
+4745.856249088: grid210x_device byte send 1e eoi 0
+4745.856311090: grid210x_device byte send 50 eoi 0
+4745.856363092: grid210x_device byte send b8 eoi 0
+4745.856418093: grid210x_device byte send ff eoi 0
+4745.856470095: grid210x_device byte send ff eoi 0
+4745.856523097: grid210x_device byte send 89 eoi 0
+4745.856574098: grid210x_device byte send c2 eoi 0
+4745.856628100: grid210x_device byte send 52 eoi 0
+4745.856679102: grid210x_device byte send 50 eoi 0
+4745.856731104: grid210x_device byte send ff eoi 0
+4745.856992112: grid210x_device byte send 36 eoi 0
+4745.857066114: grid210x_device byte send 22 eoi 0
+4745.857120116: grid210x_device byte send 00 eoi 0
+4745.857182118: grid210x_device byte send e8 eoi 0
+4745.857235120: grid210x_device byte send 7b eoi 0
+4745.857289121: grid210x_device byte send fb eoi 0
+4745.857340123: grid210x_device byte send c6 eoi 0
+4745.857393125: grid210x_device byte send 06 eoi 0
+4745.857446126: grid210x_device byte send a5 eoi 0
+4745.857498128: grid210x_device byte send 0e eoi 0
+4745.857552130: grid210x_device byte send 01 eoi 0
+4745.857605132: grid210x_device byte send b8 eoi 0
+4745.857659133: grid210x_device byte send 05 eoi 0
+4745.857712135: grid210x_device byte send 00 eoi 0
+4745.857766137: grid210x_device byte send 50 eoi 0
+4745.857818138: grid210x_device byte send b8 eoi 0
+4745.857869140: grid210x_device byte send 99 eoi 0
+4745.858077147: grid210x_device byte send 0e eoi 0
+4745.858140149: grid210x_device byte send 1e eoi 0
+4745.858193150: grid210x_device byte send 50 eoi 0
+4745.858244152: grid210x_device byte send b8 eoi 0
+4745.858298154: grid210x_device byte send a0 eoi 0
+4745.858349155: grid210x_device byte send 0a eoi 0
+4745.858402157: grid210x_device byte send 1e eoi 0
+4745.858453159: grid210x_device byte send 50 eoi 0
+4745.858506160: grid210x_device byte send ff eoi 0
+4745.858558162: grid210x_device byte send 1e eoi 0
+4745.858608164: grid210x_device byte send ac eoi 0
+4745.858662166: grid210x_device byte send 0e eoi 0
+4745.858715167: grid210x_device byte send 5d eoi 0
+4745.858768169: grid210x_device byte send c3 eoi 0
+4745.858820171: grid210x_device byte send 55 eoi 0
+4745.858871172: grid210x_device byte send 8b eoi 0
+4745.858923174: grid210x_device byte send ec eoi 0
+4745.859111180: grid210x_device byte send b8 eoi 0
+4745.859180182: grid210x_device byte send 00 eoi 0
+4745.859235184: grid210x_device byte send 00 eoi 0
+4745.859291186: grid210x_device byte send 89 eoi 0
+4745.859344187: grid210x_device byte send c2 eoi 0
+4745.859398189: grid210x_device byte send a3 eoi 0
+4745.859450191: grid210x_device byte send 0c eoi 0
+4745.859504193: grid210x_device byte send 00 eoi 0
+4745.859557194: grid210x_device byte send 89 eoi 0
+4745.859608196: grid210x_device byte send 16 eoi 0
+4745.859660198: grid210x_device byte send 0e eoi 0
+4745.859713199: grid210x_device byte send 00 eoi 0
+4745.859766201: grid210x_device byte send c6 eoi 0
+4745.859817203: grid210x_device byte send 06 eoi 0
+4745.859869204: grid210x_device byte send f1 eoi 0
+4745.859921206: grid210x_device byte send 0e eoi 0
+4745.859973208: grid210x_device byte send 01 eoi 0
+4745.860219215: grid210x_device byte send c6 eoi 0
+4745.860290218: grid210x_device byte send 06 eoi 0
+4745.860348220: grid210x_device byte send b0 eoi 0
+4745.860402221: grid210x_device byte send 0e eoi 0
+4745.860455223: grid210x_device byte send 04 eoi 0
+4745.860509225: grid210x_device byte send bf eoi 0
+4745.860560226: grid210x_device byte send ef eoi 0
+4745.860611228: grid210x_device byte send ff eoi 0
+4745.860665230: grid210x_device byte send b9 eoi 0
+4745.860716231: grid210x_device byte send 24 eoi 0
+4745.860768233: grid210x_device byte send 00 eoi 0
+4745.860820235: grid210x_device byte send 89 eoi 0
+4745.860874237: grid210x_device byte send 0e eoi 0
+4745.860926238: grid210x_device byte send ac eoi 0
+4745.860977240: grid210x_device byte send 0e eoi 0
+4745.861030242: grid210x_device byte send 89 eoi 0
+4745.861081243: grid210x_device byte send 3e eoi 0
+4745.861267249: grid210x_device byte send ae eoi 0
+4745.861628261: grid210x_device byte send 0e eoi 0
+4745.861692263: grid210x_device byte send 80 eoi 0
+4745.861746265: grid210x_device byte send 3e eoi 0
+4745.861802266: grid210x_device byte send b0 eoi 0
+4745.861853268: grid210x_device byte send 0a eoi 0
+4745.861909270: grid210x_device byte send 62 eoi 0
+4745.861960271: grid210x_device byte send 75 eoi 0
+4745.862013273: grid210x_device byte send 18 eoi 0
+4745.862064275: grid210x_device byte send c6 eoi 0
+4745.862115276: grid210x_device byte send 06 eoi 0
+4745.862384285: grid210x_device byte send b0 eoi 0
+4745.862456287: grid210x_device byte send 0e eoi 0
+4745.862515289: grid210x_device byte send ff eoi 0
+4745.862568291: grid210x_device byte send bf eoi 0
+4745.862620293: grid210x_device byte send ef eoi 0
+4745.862673294: grid210x_device byte send ff eoi 0
+4745.862725296: grid210x_device byte send b9 eoi 0
+4745.862777298: grid210x_device byte send 1a eoi 0
+4745.862828299: grid210x_device byte send 00 eoi 0
+4745.862884301: grid210x_device byte send 89 eoi 0
+4745.862937303: grid210x_device byte send 0e eoi 0
+4745.862990304: grid210x_device byte send ac eoi 0
+4745.863043306: grid210x_device byte send 0e eoi 0
+4745.863095308: grid210x_device byte send 89 eoi 0
+4745.863149310: grid210x_device byte send 3e eoi 0
+4745.863200311: grid210x_device byte send ae eoi 0
+4745.863251313: grid210x_device byte send 0e eoi 0
+4745.863534322: grid210x_device byte send a2 eoi 0
+4745.863606324: grid210x_device byte send f1 eoi 0
+4745.863746329: grid210x_device byte send 0e eoi 0
+4745.863804331: grid210x_device byte send eb eoi 0
+4745.863856332: grid210x_device byte send 1a eoi 0
+4745.863909334: grid210x_device byte send 80 eoi 0
+4745.863960336: grid210x_device byte send 3e eoi 0
+4745.864013337: grid210x_device byte send b0 eoi 0
+4745.864064339: grid210x_device byte send 0a eoi 0
+4745.864117341: grid210x_device byte send 63 eoi 0
+4745.864172342: grid210x_device byte send 75 eoi 0
+4745.864223344: grid210x_device byte send 07 eoi 0
+4745.864275346: grid210x_device byte send c6 eoi 0
+4745.864327347: grid210x_device byte send 06 eoi 0
+4745.864382349: grid210x_device byte send b0 eoi 0
+4745.864586356: grid210x_device byte send 0e eoi 0
+4745.864647358: grid210x_device byte send 06 eoi 0
+4745.864701359: grid210x_device byte send eb eoi 0
+4745.864756361: grid210x_device byte send 0c eoi 0
+4745.864808363: grid210x_device byte send 80 eoi 0
+4745.864860364: grid210x_device byte send 3e eoi 0
+4745.864914366: grid210x_device byte send b0 eoi 0
+4745.864965368: grid210x_device byte send 0a eoi 0
+4745.865018370: grid210x_device byte send 77 eoi 0
+4745.865070371: grid210x_device byte send 74 eoi 0
+4745.865121373: grid210x_device byte send 05 eoi 0
+4745.865175375: grid210x_device byte send c6 eoi 0
+4745.865226376: grid210x_device byte send 06 eoi 0
+4745.865278378: grid210x_device byte send b0 eoi 0
+4745.865330380: grid210x_device byte send 0e eoi 0
+4745.865384381: grid210x_device byte send 05 eoi 0
+4745.865437383: grid210x_device byte send b8 eoi 0
+4745.865634389: grid210x_device byte send 22 eoi 0
+4745.865695391: grid210x_device byte send 00 eoi 0
+4745.865753393: grid210x_device byte send 1e eoi 0
+4745.865806395: grid210x_device byte send 50 eoi 0
+4745.865859397: grid210x_device byte send b8 eoi 0
+4745.865913398: grid210x_device byte send 00 eoi 0
+4745.865966400: grid210x_device byte send 00 eoi 0
+4745.866019402: grid210x_device byte send 89 eoi 0
+4745.866070403: grid210x_device byte send c2 eoi 0
+4745.866121405: grid210x_device byte send 52 eoi 0
+4745.866174407: grid210x_device byte send 50 eoi 0
+4745.866226408: grid210x_device byte send b8 eoi 0
+4745.866278410: grid210x_device byte send 36 eoi 0
+4745.866329412: grid210x_device byte send 00 eoi 0
+4745.866383413: grid210x_device byte send 50 eoi 0
+4745.866432415: grid210x_device byte send e8 eoi 0
+4745.866482417: grid210x_device byte send ef eoi 0
+4745.866664422: grid210x_device byte send fa eoi 0
+4745.866728424: grid210x_device byte send b8 eoi 0
+4745.866784426: grid210x_device byte send 01 eoi 0
+4745.867100436: grid210x_device byte send 00 eoi 0
+4745.867164438: grid210x_device byte send 50 eoi 0
+4745.867215440: grid210x_device byte send b8 eoi 1
+4745.867802459: grid210x_device byte recv 5f atn 1 eoi 0
+4745.867847460: grid210x_device now not talking
+4745.869996529: grid210x_device byte recv 25 atn 1 eoi 0
+4745.870107533: grid210x_device now listening
+4745.891558222: grid210x_device byte recv 14 atn 1 eoi 0
+4746.424197320: grid210x_device byte recv 26 atn 1 eoi 0
+4746.425493362: grid210x_device byte recv 01 atn 0 eoi 0
+4746.425590365: grid210x_device byte recv 00 atn 0 eoi 0
+4746.425664367: grid210x_device byte recv 00 atn 0 eoi 0
+4746.425733369: grid210x_device byte recv 00 atn 0 eoi 0
+4746.425800372: grid210x_device byte recv 00 atn 0 eoi 0
+4746.425867374: grid210x_device byte recv 00 atn 0 eoi 0
+4746.425938376: grid210x_device byte recv 00 atn 0 eoi 0
+4746.426007378: grid210x_device byte recv 34 atn 0 eoi 0
+4746.426075380: grid210x_device byte recv 00 atn 0 eoi 0
+4746.427162415: grid210x_device byte recv 00 atn 0 eoi 1
+4746.427248418: grid210x_device byte recv 3f atn 1 eoi 0
+4746.427279419: grid210x_device now not listening
+4746.427292419: grid210x_device command 1, data size 52, sector no 0
+4746.429408487: grid210x_device byte recv 46 atn 1 eoi 0
+4746.429458489: grid210x_device now not talking
+4751.549123604: grid210x_device byte recv 5f atn 1 eoi 0
+4751.549182606: grid210x_device now not talking
+4751.550507649: grid210x_device byte recv 14 atn 1 eoi 0
+4752.084004727: grid210x_device byte recv 26 atn 1 eoi 0
+4752.084121731: grid210x_device byte recv 04 atn 0 eoi 0
+4754.700844441: grid210x_device byte recv 14 atn 1 eoi 0
+4755.429214726: grid210x_device byte recv 25 atn 1 eoi 0
+4755.429274728: grid210x_device now listening
+4755.430405764: grid210x_device byte recv 01 atn 0 eoi 0
+4755.430495767: grid210x_device byte recv 00 atn 0 eoi 0
+4755.430567769: grid210x_device byte recv 00 atn 0 eoi 0
+4755.430638771: grid210x_device byte recv 00 atn 0 eoi 0
+4755.430706773: grid210x_device byte recv 00 atn 0 eoi 0
+4755.430774776: grid210x_device byte recv 00 atn 0 eoi 0
+4755.430844778: grid210x_device byte recv 00 atn 0 eoi 0
+4755.430908780: grid210x_device byte recv 34 atn 0 eoi 0
+4755.430973782: grid210x_device byte recv 00 atn 0 eoi 0
+4755.432067817: grid210x_device byte recv 20 atn 0 eoi 1
+4755.432300824: grid210x_device byte recv 3f atn 1 eoi 0
+4755.432343826: grid210x_device now not listening
+4755.432359826: grid210x_device command 1, data size 52, sector no 0
+4755.434389891: grid210x_device byte recv 45 atn 1 eoi 0
+4755.434434893: grid210x_device now talking
+4755.435521927: grid210x_device byte send 00 eoi 0
+4755.435967941: grid210x_device byte send 02 eoi 0
+4755.436030944: grid210x_device byte send f8 eoi 0
+4755.436085945: grid210x_device byte send 01 eoi 0
+4755.436139947: grid210x_device byte send d0 eoi 0
+4755.436191949: grid210x_device byte send 02 eoi 0
+4755.436246950: grid210x_device byte send 01 eoi 0
+4755.436298952: grid210x_device byte send 20 eoi 0
+4755.436503959: grid210x_device byte send 01 eoi 0
+4755.436574961: grid210x_device byte send 21 eoi 0
+4755.436632963: grid210x_device byte send 01 eoi 0
+4755.436685964: grid210x_device byte send 01 eoi 0
+4755.436740966: grid210x_device byte send 00 eoi 0
+4755.436792968: grid210x_device byte send 00 eoi 0
+4755.436847970: grid210x_device byte send 34 eoi 0
+4755.436898971: grid210x_device byte send 38 eoi 0
+4755.436948973: grid210x_device byte send 20 eoi 0
+4755.437002975: grid210x_device byte send 54 eoi 0
+4755.437053976: grid210x_device byte send 50 eoi 0
+4755.437106978: grid210x_device byte send 49 eoi 0
+4755.437157980: grid210x_device byte send 20 eoi 0
+4755.437210981: grid210x_device byte send 44 eoi 0
+4755.437261983: grid210x_device byte send 53 eoi 0
+4755.437311984: grid210x_device byte send 20 eoi 0
+4755.437364986: grid210x_device byte send 44 eoi 0
+4755.437553992: grid210x_device byte send 44 eoi 0
+4755.437622994: grid210x_device byte send 20 eoi 0
+4755.437993006: grid210x_device byte send 46 eoi 0
+4755.438055008: grid210x_device byte send 4c eoi 0
+4755.438109010: grid210x_device byte send 4f eoi 0
+4755.438162012: grid210x_device byte send 50 eoi 0
+4755.438215013: grid210x_device byte send 50 eoi 0
+4755.438267015: grid210x_device byte send 59 eoi 0
+4755.438318017: grid210x_device byte send 20 eoi 0
+4755.438371018: grid210x_device byte send 20 eoi 0
+4755.438423020: grid210x_device byte send 20 eoi 0
+4755.438670028: grid210x_device byte send 20 eoi 0
+4755.438740030: grid210x_device byte send 33 eoi 0
+4755.438795032: grid210x_device byte send 30 eoi 0
+4755.438848034: grid210x_device byte send 30 eoi 0
+4755.438899035: grid210x_device byte send 32 eoi 0
+4755.438950037: grid210x_device byte send 33 eoi 0
+4755.439005039: grid210x_device byte send 37 eoi 0
+4755.439057040: grid210x_device byte send 2d eoi 0
+4755.439109042: grid210x_device byte send 30 eoi 0
+4755.439160043: grid210x_device byte send 30 eoi 0
+4755.439212045: grid210x_device byte send 00 eoi 0
+4755.439266047: grid210x_device byte send 02 eoi 0
+4755.439318049: grid210x_device byte send 09 eoi 0
+4755.439547056: grid210x_device byte send 00 eoi 0
+4755.439795064: grid210x_device byte send 02 eoi 0
+4755.439900067: grid210x_device byte send 00 eoi 0
+4755.439963069: grid210x_device byte send 00 eoi 0
+4755.440256079: grid210x_device byte send 02 eoi 0
+4755.440332081: grid210x_device byte send f8 eoi 0
+4755.440388083: grid210x_device byte send 01 eoi 0
+4755.440543088: grid210x_device byte send d0 eoi 0
+4755.440596089: grid210x_device byte send 02 eoi 0
+4755.440824097: grid210x_device byte send 01 eoi 0
+4755.440887099: grid210x_device byte send 20 eoi 0
+4755.440941100: grid210x_device byte send 01 eoi 0
+4755.440996102: grid210x_device byte send 21 eoi 0
+4755.441048104: grid210x_device byte send 01 eoi 0
+4755.441104106: grid210x_device byte send 01 eoi 0
+4755.441156107: grid210x_device byte send 00 eoi 0
+4755.441213109: grid210x_device byte send 00 eoi 0
+4755.441268111: grid210x_device byte send 34 eoi 0
+4755.441320113: grid210x_device byte send 38 eoi 0
+4755.441375114: grid210x_device byte send 20 eoi 0
+4755.441427116: grid210x_device byte send 54 eoi 0
+4755.441479118: grid210x_device byte send 50 eoi 0
+4755.441531119: grid210x_device byte send 49 eoi 0
+4755.441585121: grid210x_device byte send 20 eoi 0
+4755.441636123: grid210x_device byte send 44 eoi 0
+4755.441832129: grid210x_device byte send 53 eoi 0
+4755.441910131: grid210x_device byte send 20 eoi 0
+4755.441969133: grid210x_device byte send 44 eoi 0
+4755.442023135: grid210x_device byte send 44 eoi 0
+4755.442075137: grid210x_device byte send 20 eoi 0
+4755.442128138: grid210x_device byte send 46 eoi 0
+4755.442180140: grid210x_device byte send 4c eoi 0
+4755.442232142: grid210x_device byte send 4f eoi 0
+4755.442283143: grid210x_device byte send 50 eoi 0
+4755.442336145: grid210x_device byte send 50 eoi 0
+4755.442387147: grid210x_device byte send 59 eoi 0
+4755.442438148: grid210x_device byte send 20 eoi 0
+4755.442490150: grid210x_device byte send 20 eoi 0
+4755.442541152: grid210x_device byte send 20 eoi 0
+4755.442594153: grid210x_device byte send 20 eoi 0
+4755.442645155: grid210x_device byte send 33 eoi 0
+4755.442695156: grid210x_device byte send 30 eoi 0
+4755.442747158: grid210x_device byte send 30 eoi 0
+4755.442952165: grid210x_device byte send 32 eoi 0
+4755.443014167: grid210x_device byte send 33 eoi 0
+4755.443069168: grid210x_device byte send 37 eoi 0
+4755.443122170: grid210x_device byte send 2d eoi 0
+4755.443174172: grid210x_device byte send 30 eoi 0
+4755.443227173: grid210x_device byte send 30 eoi 0
+4755.443278175: grid210x_device byte send 00 eoi 0
+4755.443334177: grid210x_device byte send 02 eoi 0
+4755.443386179: grid210x_device byte send 09 eoi 0
+4755.443439180: grid210x_device byte send 00 eoi 0
+4755.443493182: grid210x_device byte send 02 eoi 0
+4755.443542184: grid210x_device byte send 00 eoi 1
+4755.444008198: grid210x_device byte recv 5f atn 1 eoi 0
+4755.444049200: grid210x_device now not talking
+4756.086334723: grid210x_device byte recv 14 atn 1 eoi 0
+4756.626335975: grid210x_device byte recv 25 atn 1 eoi 0
+4756.626397977: grid210x_device now listening
+4756.627532013: grid210x_device byte recv 04 atn 0 eoi 0
+4756.627617015: grid210x_device byte recv 00 atn 0 eoi 0
+4756.627690018: grid210x_device byte recv 00 atn 0 eoi 0
+4756.627760020: grid210x_device byte recv 00 atn 0 eoi 0
+4756.627827022: grid210x_device byte recv 00 atn 0 eoi 0
+4756.627897024: grid210x_device byte recv 00 atn 0 eoi 0
+4756.627965027: grid210x_device byte recv 00 atn 0 eoi 0
+4756.628032029: grid210x_device byte recv 00 atn 0 eoi 0
+4756.628227035: grid210x_device byte recv 02 atn 0 eoi 0
+4756.629301069: grid210x_device byte recv 3f atn 0 eoi 1
+4756.629385072: grid210x_device byte recv 3f atn 1 eoi 0
+4756.629414073: grid210x_device now not listening
+4756.629426073: grid210x_device command 4, data size 512, sector no 0
+4756.630476107: grid210x_device byte recv 18 atn 1 eoi 0
+4756.630587110: grid210x_device byte recv 45 atn 1 eoi 0
+4756.630615111: grid210x_device now talking
+4756.630648112: grid210x_device byte send 4f eoi 0
+4756.630773116: grid210x_device byte recv 19 atn 1 eoi 0
+4756.630852119: grid210x_device byte recv 5f atn 1 eoi 0
+4756.630879120: grid210x_device now not talking
+4756.632210162: grid210x_device byte recv 45 atn 1 eoi 0
+4756.632263164: grid210x_device now talking
+4756.633500203: grid210x_device byte send 53 eoi 0
+4756.633873215: grid210x_device byte send 79 eoi 0
+4756.633930217: grid210x_device byte send 73 eoi 0
+4756.633983219: grid210x_device byte send 74 eoi 0
+4756.634037221: grid210x_device byte send 65 eoi 0
+4756.634089222: grid210x_device byte send 6d eoi 0
+4756.634141224: grid210x_device byte send 20 eoi 0
+4756.634193226: grid210x_device byte send 44 eoi 0
+4756.634245227: grid210x_device byte send 69 eoi 0
+4756.634298229: grid210x_device byte send 73 eoi 0
+4756.634349231: grid210x_device byte send 6b eoi 0
+4756.634402232: grid210x_device byte send 21 eoi 0
+4756.634600239: grid210x_device byte send 21 eoi 0
+4756.634658240: grid210x_device byte send 00 eoi 0
+4756.634716242: grid210x_device byte send 00 eoi 0
+4756.634772244: grid210x_device byte send 00 eoi 0
+4756.634826246: grid210x_device byte send 00 eoi 0
+4756.634881247: grid210x_device byte send 00 eoi 0
+4756.634933249: grid210x_device byte send 00 eoi 0
+4756.634986251: grid210x_device byte send 00 eoi 0
+4756.635042253: grid210x_device byte send 00 eoi 0
+4756.635095254: grid210x_device byte send 00 eoi 0
+4756.635148256: grid210x_device byte send 00 eoi 0
+4756.635200258: grid210x_device byte send 00 eoi 0
+4756.635253259: grid210x_device byte send 00 eoi 0
+4756.635305261: grid210x_device byte send 00 eoi 0
+4756.635357263: grid210x_device byte send 00 eoi 0
+4756.635409264: grid210x_device byte send 00 eoi 0
+4756.635462266: grid210x_device byte send 00 eoi 0
+4756.635662272: grid210x_device byte send 00 eoi 0
+4756.635720274: grid210x_device byte send 00 eoi 0
+4756.635776276: grid210x_device byte send 00 eoi 0
+4756.635830278: grid210x_device byte send 00 eoi 0
+4756.635885280: grid210x_device byte send 00 eoi 0
+4756.635938281: grid210x_device byte send 00 eoi 0
+4756.635991283: grid210x_device byte send 00 eoi 0
+4756.636045285: grid210x_device byte send 00 eoi 0
+4756.636097286: grid210x_device byte send 00 eoi 0
+4756.636152288: grid210x_device byte send 00 eoi 0
+4756.636204290: grid210x_device byte send 00 eoi 0
+4756.636259292: grid210x_device byte send 00 eoi 0
+4756.636311293: grid210x_device byte send 00 eoi 0
+4756.636363295: grid210x_device byte send 00 eoi 0
+4756.636419297: grid210x_device byte send 00 eoi 0
+4756.636471298: grid210x_device byte send 00 eoi 0
+4756.636661304: grid210x_device byte send 00 eoi 0
+4756.636735307: grid210x_device byte send 00 eoi 0
+4756.636795309: grid210x_device byte send 00 eoi 0
+4756.636849310: grid210x_device byte send 00 eoi 0
+4756.636904312: grid210x_device byte send 00 eoi 0
+4756.636956314: grid210x_device byte send 00 eoi 0
+4756.637013316: grid210x_device byte send 00 eoi 0
+4756.660361061: grid210x_device byte send 00 eoi 0
+4756.660731073: grid210x_device byte send 00 eoi 0
+4756.660789075: grid210x_device byte send 00 eoi 0
+4756.660843077: grid210x_device byte send 00 eoi 0
+4756.661063084: grid210x_device byte send 00 eoi 0
+4756.661141086: grid210x_device byte send 00 eoi 0
+4756.661198088: grid210x_device byte send 00 eoi 0
+4756.661253090: grid210x_device byte send 00 eoi 0
+4756.661307092: grid210x_device byte send 00 eoi 0
+4756.661360093: grid210x_device byte send 00 eoi 0
+4756.661413095: grid210x_device byte send 00 eoi 0
+4756.661466097: grid210x_device byte send 00 eoi 0
+4756.661520098: grid210x_device byte send 00 eoi 0
+4756.661572100: grid210x_device byte send 00 eoi 0
+4756.661625102: grid210x_device byte send 00 eoi 0
+4756.661677103: grid210x_device byte send 00 eoi 0
+4756.661729105: grid210x_device byte send 00 eoi 0
+4756.661783107: grid210x_device byte send 00 eoi 0
+4756.661835108: grid210x_device byte send 00 eoi 0
+4756.661888110: grid210x_device byte send 00 eoi 0
+4756.661940112: grid210x_device byte send 00 eoi 0
+4756.662128118: grid210x_device byte send 00 eoi 0
+4756.662195120: grid210x_device byte send 00 eoi 0
+4756.662250122: grid210x_device byte send 00 eoi 0
+4756.662306123: grid210x_device byte send 00 eoi 0
+4756.662359125: grid210x_device byte send 00 eoi 0
+4756.662415127: grid210x_device byte send 00 eoi 0
+4756.662467129: grid210x_device byte send 00 eoi 0
+4756.662522130: grid210x_device byte send 00 eoi 0
+4756.662575132: grid210x_device byte send 00 eoi 0
+4756.662629134: grid210x_device byte send 00 eoi 0
+4756.662680135: grid210x_device byte send 00 eoi 0
+4756.662733137: grid210x_device byte send 00 eoi 0
+4756.662787139: grid210x_device byte send 00 eoi 0
+4756.662839140: grid210x_device byte send 00 eoi 0
+4756.662895142: grid210x_device byte send 00 eoi 0
+4756.662949144: grid210x_device byte send 00 eoi 0
+4756.663004146: grid210x_device byte send 00 eoi 0
+4756.663214152: grid210x_device byte send 00 eoi 0
+4756.663287155: grid210x_device byte send 00 eoi 0
+4756.663344157: grid210x_device byte send 00 eoi 0
+4756.663400158: grid210x_device byte send 00 eoi 0
+4756.663453160: grid210x_device byte send 00 eoi 0
+4756.663521162: grid210x_device byte send 00 eoi 0
+4756.663576164: grid210x_device byte send 00 eoi 0
+4756.663631166: grid210x_device byte send 00 eoi 0
+4756.663685167: grid210x_device byte send 00 eoi 0
+4756.663737169: grid210x_device byte send 00 eoi 0
+4756.663855173: grid210x_device byte send 00 eoi 0
+4756.663952176: grid210x_device byte send 00 eoi 0
+4756.664015178: grid210x_device byte send 00 eoi 0
+4756.664070180: grid210x_device byte send 00 eoi 0
+4756.664267186: grid210x_device byte send 00 eoi 0
+4756.664334188: grid210x_device byte send 00 eoi 0
+4756.664390190: grid210x_device byte send 00 eoi 0
+4756.664444192: grid210x_device byte send 00 eoi 0
+4756.664497193: grid210x_device byte send 00 eoi 0
+4756.664549195: grid210x_device byte send 00 eoi 0
+4756.664600197: grid210x_device byte send 00 eoi 0
+4756.664653198: grid210x_device byte send 00 eoi 0
+4756.664705200: grid210x_device byte send 00 eoi 0
+4756.664760202: grid210x_device byte send 00 eoi 0
+4756.664813203: grid210x_device byte send 00 eoi 0
+4756.664865205: grid210x_device byte send 00 eoi 0
+4756.664919207: grid210x_device byte send 00 eoi 0
+4756.664971209: grid210x_device byte send 00 eoi 0
+4756.665026210: grid210x_device byte send 00 eoi 0
+4756.665078212: grid210x_device byte send 00 eoi 0
+4756.665131214: grid210x_device byte send 00 eoi 0
+4756.665321220: grid210x_device byte send 00 eoi 0
+4756.665391222: grid210x_device byte send 00 eoi 0
+4756.665446224: grid210x_device byte send 00 eoi 0
+4756.665499225: grid210x_device byte send 00 eoi 0
+4756.665551227: grid210x_device byte send 00 eoi 0
+4756.665604229: grid210x_device byte send 00 eoi 0
+4756.665658230: grid210x_device byte send 00 eoi 0
+4756.665711232: grid210x_device byte send 00 eoi 0
+4756.665766234: grid210x_device byte send 00 eoi 0
+4756.665818236: grid210x_device byte send 00 eoi 0
+4756.666723264: grid210x_device byte send 00 eoi 0
+4756.666790267: grid210x_device byte send 00 eoi 0
+4756.666845268: grid210x_device byte send 00 eoi 0
+4756.666902270: grid210x_device byte send 00 eoi 0
+4756.666953272: grid210x_device byte send 00 eoi 0
+4756.667009274: grid210x_device byte send 00 eoi 0
+4756.667061275: grid210x_device byte send 00 eoi 0
+4756.667113277: grid210x_device byte send 00 eoi 0
+4756.667168279: grid210x_device byte send 00 eoi 0
+4756.667221280: grid210x_device byte send 00 eoi 0
+4756.667275282: grid210x_device byte send 00 eoi 0
+4756.667327284: grid210x_device byte send 00 eoi 0
+4756.667559291: grid210x_device byte send 00 eoi 0
+4756.667629293: grid210x_device byte send 00 eoi 0
+4756.667686295: grid210x_device byte send 00 eoi 0
+4756.667739297: grid210x_device byte send 00 eoi 0
+4756.667796299: grid210x_device byte send 00 eoi 0
+4756.667849300: grid210x_device byte send 00 eoi 0
+4756.667903302: grid210x_device byte send 00 eoi 0
+4756.667955304: grid210x_device byte send 00 eoi 0
+4756.668011306: grid210x_device byte send 00 eoi 0
+4756.668064307: grid210x_device byte send 00 eoi 0
+4756.668118309: grid210x_device byte send 00 eoi 0
+4756.668173311: grid210x_device byte send 00 eoi 0
+4756.668226312: grid210x_device byte send 00 eoi 0
+4756.668280314: grid210x_device byte send 00 eoi 0
+4756.668332316: grid210x_device byte send 00 eoi 0
+4756.668387318: grid210x_device byte send 00 eoi 0
+4756.668440319: grid210x_device byte send 00 eoi 0
+4756.668665327: grid210x_device byte send 00 eoi 0
+4756.668725328: grid210x_device byte send 00 eoi 0
+4756.668782330: grid210x_device byte send 00 eoi 0
+4756.668836332: grid210x_device byte send 00 eoi 0
+4756.668890334: grid210x_device byte send 00 eoi 0
+4756.668944335: grid210x_device byte send 00 eoi 0
+4756.668999337: grid210x_device byte send 00 eoi 0
+4756.669051339: grid210x_device byte send 00 eoi 0
+4756.669104341: grid210x_device byte send 00 eoi 0
+4756.669158342: grid210x_device byte send 00 eoi 0
+4756.669210344: grid210x_device byte send 00 eoi 0
+4756.669263346: grid210x_device byte send 00 eoi 0
+4756.669315347: grid210x_device byte send 00 eoi 0
+4756.669367349: grid210x_device byte send 00 eoi 0
+4756.669422351: grid210x_device byte send 00 eoi 0
+4756.669474352: grid210x_device byte send 00 eoi 0
+4756.669659358: grid210x_device byte send 00 eoi 0
+4756.669727360: grid210x_device byte send 00 eoi 0
+4756.669785362: grid210x_device byte send 00 eoi 0
+4756.669839364: grid210x_device byte send 00 eoi 0
+4756.669895366: grid210x_device byte send 00 eoi 0
+4756.669948367: grid210x_device byte send 00 eoi 0
+4756.670069371: grid210x_device byte send 00 eoi 0
+4756.670140374: grid210x_device byte send 00 eoi 0
+4756.670196375: grid210x_device byte send 00 eoi 0
+4756.670253377: grid210x_device byte send 00 eoi 0
+4756.670306379: grid210x_device byte send 00 eoi 0
+4756.670360381: grid210x_device byte send 00 eoi 0
+4756.670413382: grid210x_device byte send 00 eoi 0
+4756.670466384: grid210x_device byte send 00 eoi 0
+4756.670521386: grid210x_device byte send 00 eoi 0
+4756.670709392: grid210x_device byte send 00 eoi 0
+4756.670782394: grid210x_device byte send 00 eoi 0
+4756.670840396: grid210x_device byte send 00 eoi 0
+4756.670895398: grid210x_device byte send 00 eoi 0
+4756.670948399: grid210x_device byte send 00 eoi 0
+4756.671004401: grid210x_device byte send 00 eoi 0
+4756.671057403: grid210x_device byte send 00 eoi 0
+4756.671109405: grid210x_device byte send 00 eoi 0
+4756.671163406: grid210x_device byte send 00 eoi 0
+4756.671216408: grid210x_device byte send 00 eoi 0
+4756.671269410: grid210x_device byte send 00 eoi 0
+4756.671322411: grid210x_device byte send 00 eoi 0
+4756.671376413: grid210x_device byte send 00 eoi 0
+4756.671428415: grid210x_device byte send 00 eoi 0
+4756.671480416: grid210x_device byte send 00 eoi 0
+4756.671533418: grid210x_device byte send 00 eoi 0
+4756.671585420: grid210x_device byte send 00 eoi 0
+4756.671811427: grid210x_device byte send 00 eoi 0
+4756.672220440: grid210x_device byte send 00 eoi 0
+4756.672287442: grid210x_device byte send 00 eoi 0
+4756.672343444: grid210x_device byte send 00 eoi 0
+4756.672397446: grid210x_device byte send 00 eoi 0
+4756.672449447: grid210x_device byte send 00 eoi 0
+4756.672500449: grid210x_device byte send 00 eoi 0
+4756.672553451: grid210x_device byte send 00 eoi 0
+4756.672606452: grid210x_device byte send 00 eoi 0
+4756.672660454: grid210x_device byte send 00 eoi 0
+4756.672909462: grid210x_device byte send 00 eoi 0
+4756.672978464: grid210x_device byte send 00 eoi 0
+4756.673038466: grid210x_device byte send 00 eoi 0
+4756.673090468: grid210x_device byte send 00 eoi 0
+4756.673144470: grid210x_device byte send 00 eoi 0
+4756.673197471: grid210x_device byte send 00 eoi 0
+4756.673251473: grid210x_device byte send 00 eoi 0
+4756.673302475: grid210x_device byte send 00 eoi 0
+4756.673354476: grid210x_device byte send 00 eoi 0
+4756.673408478: grid210x_device byte send 00 eoi 0
+4756.673461480: grid210x_device byte send 00 eoi 0
+4756.673513481: grid210x_device byte send 00 eoi 0
+4756.673566483: grid210x_device byte send 00 eoi 0
+4756.673618485: grid210x_device byte send 00 eoi 0
+4756.673675487: grid210x_device byte send 00 eoi 0
+4756.673727488: grid210x_device byte send 00 eoi 0
+4756.674033498: grid210x_device byte send 00 eoi 0
+4756.674108500: grid210x_device byte send 00 eoi 0
+4756.674166502: grid210x_device byte send 00 eoi 0
+4756.674221504: grid210x_device byte send 00 eoi 0
+4756.674277506: grid210x_device byte send 00 eoi 0
+4756.674330507: grid210x_device byte send 00 eoi 0
+4756.674385509: grid210x_device byte send 00 eoi 0
+4756.674438511: grid210x_device byte send 00 eoi 0
+4756.674489513: grid210x_device byte send 00 eoi 0
+4756.674544514: grid210x_device byte send 00 eoi 0
+4756.674688519: grid210x_device byte send 00 eoi 0
+4756.674740521: grid210x_device byte send 00 eoi 0
+4756.674795522: grid210x_device byte send 00 eoi 0
+4756.674848524: grid210x_device byte send 00 eoi 0
+4756.674903526: grid210x_device byte send 00 eoi 0
+4756.675109532: grid210x_device byte send 00 eoi 0
+4756.675171534: grid210x_device byte send 00 eoi 0
+4756.675225536: grid210x_device byte send 00 eoi 0
+4756.675279538: grid210x_device byte send 00 eoi 0
+4756.675333539: grid210x_device byte send 00 eoi 0
+4756.675388541: grid210x_device byte send 00 eoi 0
+4756.675440543: grid210x_device byte send 00 eoi 0
+4756.675492545: grid210x_device byte send 00 eoi 0
+4756.675550546: grid210x_device byte send 00 eoi 0
+4756.675601548: grid210x_device byte send 00 eoi 0
+4756.675655550: grid210x_device byte send 00 eoi 0
+4756.675708551: grid210x_device byte send 00 eoi 0
+4756.675763553: grid210x_device byte send 00 eoi 0
+4756.675815555: grid210x_device byte send 00 eoi 0
+4756.675866557: grid210x_device byte send 00 eoi 0
+4756.675921558: grid210x_device byte send 00 eoi 0
+4756.676102564: grid210x_device byte send 00 eoi 0
+4756.676177566: grid210x_device byte send 00 eoi 0
+4756.676234568: grid210x_device byte send 00 eoi 0
+4756.676292570: grid210x_device byte send 00 eoi 0
+4756.676345572: grid210x_device byte send 00 eoi 0
+4756.676400574: grid210x_device byte send 00 eoi 0
+4756.676452575: grid210x_device byte send 00 eoi 0
+4756.676507577: grid210x_device byte send 00 eoi 0
+4756.676559579: grid210x_device byte send 00 eoi 0
+4756.676611580: grid210x_device byte send 00 eoi 0
+4756.676665582: grid210x_device byte send 00 eoi 0
+4756.676719584: grid210x_device byte send 00 eoi 0
+4756.676772585: grid210x_device byte send 00 eoi 0
+4756.676823587: grid210x_device byte send 00 eoi 0
+4756.676879589: grid210x_device byte send 00 eoi 0
+4756.676930590: grid210x_device byte send 00 eoi 0
+4756.676983592: grid210x_device byte send 00 eoi 0
+4756.677163598: grid210x_device byte send 00 eoi 0
+4756.677232600: grid210x_device byte send 00 eoi 0
+4756.677289602: grid210x_device byte send 00 eoi 0
+4756.677345604: grid210x_device byte send 00 eoi 0
+4756.677399605: grid210x_device byte send 00 eoi 0
+4756.677452607: grid210x_device byte send 00 eoi 0
+4756.677772617: grid210x_device byte send 00 eoi 0
+4756.677836619: grid210x_device byte send 00 eoi 0
+4756.677893621: grid210x_device byte send 00 eoi 0
+4756.677948623: grid210x_device byte send 00 eoi 0
+4756.678003625: grid210x_device byte send 00 eoi 0
+4756.678055626: grid210x_device byte send 00 eoi 0
+4756.678299634: grid210x_device byte send 00 eoi 0
+4756.678367636: grid210x_device byte send 00 eoi 0
+4756.678424638: grid210x_device byte send 00 eoi 0
+4756.678479640: grid210x_device byte send 00 eoi 0
+4756.678533642: grid210x_device byte send 00 eoi 0
+4756.678586643: grid210x_device byte send 00 eoi 0
+4756.678640645: grid210x_device byte send 00 eoi 0
+4756.678693647: grid210x_device byte send 00 eoi 0
+4756.678745648: grid210x_device byte send 00 eoi 0
+4756.678799650: grid210x_device byte send 00 eoi 0
+4756.678850652: grid210x_device byte send 00 eoi 0
+4756.678904654: grid210x_device byte send 00 eoi 0
+4756.678957655: grid210x_device byte send 00 eoi 0
+4756.679012657: grid210x_device byte send 00 eoi 0
+4756.679064659: grid210x_device byte send 00 eoi 0
+4756.679116660: grid210x_device byte send 00 eoi 0
+4756.679321667: grid210x_device byte send 00 eoi 0
+4756.679401669: grid210x_device byte send 00 eoi 0
+4756.679458671: grid210x_device byte send 00 eoi 0
+4756.679513673: grid210x_device byte send 00 eoi 0
+4756.679567675: grid210x_device byte send 00 eoi 0
+4756.679620676: grid210x_device byte send 00 eoi 0
+4756.679675678: grid210x_device byte send 00 eoi 0
+4756.679728680: grid210x_device byte send 00 eoi 0
+4756.679839683: grid210x_device byte send 00 eoi 0
+4756.679938687: grid210x_device byte send 00 eoi 0
+4756.679999689: grid210x_device byte send 00 eoi 0
+4756.680136693: grid210x_device byte send 00 eoi 0
+4756.680193695: grid210x_device byte send 00 eoi 0
+4756.680389701: grid210x_device byte send 00 eoi 0
+4756.680463703: grid210x_device byte send 00 eoi 0
+4756.680522705: grid210x_device byte send 00 eoi 0
+4756.680578707: grid210x_device byte send 00 eoi 0
+4756.680633709: grid210x_device byte send 00 eoi 0
+4756.680686710: grid210x_device byte send 00 eoi 0
+4756.680738712: grid210x_device byte send 00 eoi 0
+4756.680794714: grid210x_device byte send 00 eoi 0
+4756.680847716: grid210x_device byte send 00 eoi 0
+4756.680900717: grid210x_device byte send 00 eoi 0
+4756.680954719: grid210x_device byte send 00 eoi 0
+4756.681010721: grid210x_device byte send 00 eoi 0
+4756.681062722: grid210x_device byte send 00 eoi 0
+4756.681114724: grid210x_device byte send 00 eoi 0
+4756.681169726: grid210x_device byte send 00 eoi 0
+4756.681221728: grid210x_device byte send 00 eoi 0
+4756.681276729: grid210x_device byte send 00 eoi 0
+4756.681463735: grid210x_device byte send 00 eoi 0
+4756.681533738: grid210x_device byte send 00 eoi 0
+4756.681591739: grid210x_device byte send 00 eoi 0
+4756.681646741: grid210x_device byte send 00 eoi 0
+4756.681700743: grid210x_device byte send 00 eoi 0
+4756.681754745: grid210x_device byte send 00 eoi 0
+4756.681806746: grid210x_device byte send 00 eoi 0
+4756.681858748: grid210x_device byte send 00 eoi 0
+4756.681913750: grid210x_device byte send 00 eoi 0
+4756.681966751: grid210x_device byte send 00 eoi 0
+4756.682023753: grid210x_device byte send 00 eoi 0
+4756.682076755: grid210x_device byte send 00 eoi 0
+4756.682130757: grid210x_device byte send 00 eoi 0
+4756.682182758: grid210x_device byte send 00 eoi 0
+4756.682234760: grid210x_device byte send 00 eoi 0
+4756.682288762: grid210x_device byte send 00 eoi 0
+4756.682341763: grid210x_device byte send 00 eoi 0
+4756.682528769: grid210x_device byte send 00 eoi 0
+4756.682597771: grid210x_device byte send 00 eoi 0
+4756.682654773: grid210x_device byte send 00 eoi 0
+4756.682708775: grid210x_device byte send 00 eoi 0
+4756.682761777: grid210x_device byte send 00 eoi 0
+4756.682814778: grid210x_device byte send 00 eoi 0
+4756.682866780: grid210x_device byte send 00 eoi 0
+4756.682922782: grid210x_device byte send 00 eoi 0
+4756.682975784: grid210x_device byte send 00 eoi 0
+4756.683031785: grid210x_device byte send 00 eoi 0
+4756.683389797: grid210x_device byte send 00 eoi 0
+4756.683640805: grid210x_device byte send 00 eoi 0
+4756.683708807: grid210x_device byte send 00 eoi 0
+4756.683765809: grid210x_device byte send 00 eoi 0
+4756.683820811: grid210x_device byte send 00 eoi 0
+4756.683875812: grid210x_device byte send 00 eoi 0
+4756.683928814: grid210x_device byte send 00 eoi 0
+4756.683981816: grid210x_device byte send 00 eoi 0
+4756.684036817: grid210x_device byte send 00 eoi 0
+4756.684088819: grid210x_device byte send 00 eoi 0
+4756.684141821: grid210x_device byte send 00 eoi 0
+4756.684192822: grid210x_device byte send 00 eoi 0
+4756.684244824: grid210x_device byte send 00 eoi 0
+4756.684302826: grid210x_device byte send 00 eoi 0
+4756.684354828: grid210x_device byte send 00 eoi 0
+4756.684408829: grid210x_device byte send 00 eoi 0
+4756.684460831: grid210x_device byte send 00 eoi 0
+4756.684515833: grid210x_device byte send 00 eoi 0
+4756.684740840: grid210x_device byte send 00 eoi 0
+4756.684803842: grid210x_device byte send 00 eoi 0
+4756.684855844: grid210x_device byte send 00 eoi 0
+4756.684908845: grid210x_device byte send 00 eoi 0
+4756.684961847: grid210x_device byte send 00 eoi 0
+4756.685018849: grid210x_device byte send 00 eoi 0
+4756.685072851: grid210x_device byte send 00 eoi 0
+4756.685124852: grid210x_device byte send 00 eoi 0
+4756.685176854: grid210x_device byte send 00 eoi 0
+4756.685229856: grid210x_device byte send 00 eoi 0
+4756.685282857: grid210x_device byte send 00 eoi 0
+4756.685335859: grid210x_device byte send 00 eoi 0
+4756.685390861: grid210x_device byte send 00 eoi 0
+4756.685442862: grid210x_device byte send 00 eoi 0
+4756.685494864: grid210x_device byte send 00 eoi 0
+4756.685548866: grid210x_device byte send 00 eoi 0
+4756.685732872: grid210x_device byte send 00 eoi 0
+4756.685808874: grid210x_device byte send 00 eoi 0
+4756.685865876: grid210x_device byte send 00 eoi 0
+4756.685920878: grid210x_device byte send 00 eoi 0
+4756.685973879: grid210x_device byte send 00 eoi 0
+4756.686027881: grid210x_device byte send 00 eoi 0
+4756.686081883: grid210x_device byte send 00 eoi 0
+4756.686136885: grid210x_device byte send 00 eoi 0
+4756.686189886: grid210x_device byte send 00 eoi 0
+4756.686242888: grid210x_device byte send 00 eoi 0
+4756.686297890: grid210x_device byte send 00 eoi 0
+4756.686350891: grid210x_device byte send 00 eoi 0
+4756.686404893: grid210x_device byte send 00 eoi 0
+4756.686457895: grid210x_device byte send 00 eoi 0
+4756.686511897: grid210x_device byte send 00 eoi 0
+4756.686564898: grid210x_device byte send 00 eoi 0
+4756.686617900: grid210x_device byte send 00 eoi 0
+4756.686801906: grid210x_device byte send 00 eoi 0
+4756.686870908: grid210x_device byte send 00 eoi 0
+4756.686928910: grid210x_device byte send 00 eoi 0
+4756.686980911: grid210x_device byte send 00 eoi 0
+4756.687034913: grid210x_device byte send 00 eoi 0
+4756.687088915: grid210x_device byte send 00 eoi 0
+4756.687139917: grid210x_device byte send 00 eoi 0
+4756.687191918: grid210x_device byte send 00 eoi 0
+4756.687244920: grid210x_device byte send 00 eoi 0
+4756.687297922: grid210x_device byte send 00 eoi 0
+4756.687349923: grid210x_device byte send 00 eoi 0
+4756.687403925: grid210x_device byte send 00 eoi 0
+4756.687455927: grid210x_device byte send 00 eoi 0
+4756.687509928: grid210x_device byte send 00 eoi 0
+4756.687562930: grid210x_device byte send 00 eoi 0
+4756.687615932: grid210x_device byte send 00 eoi 0
+4756.687669933: grid210x_device byte send 00 eoi 0
+4756.687942942: grid210x_device byte send 00 eoi 0
+4756.688017945: grid210x_device byte send 00 eoi 0
+4756.688075946: grid210x_device byte send 00 eoi 0
+4756.688130948: grid210x_device byte send 00 eoi 0
+4756.688183950: grid210x_device byte send 00 eoi 0
+4756.688234952: grid210x_device byte send 00 eoi 0
+4756.688288953: grid210x_device byte send 00 eoi 0
+4756.688341955: grid210x_device byte send 00 eoi 0
+4756.688395957: grid210x_device byte send 00 eoi 0
+4756.688446958: grid210x_device byte send 00 eoi 0
+4756.688499960: grid210x_device byte send 00 eoi 0
+4756.689005976: grid210x_device byte send 00 eoi 0
+4756.689084979: grid210x_device byte send 00 eoi 0
+4756.689144981: grid210x_device byte send 00 eoi 0
+4756.689200982: grid210x_device byte send 00 eoi 0
+4756.689255984: grid210x_device byte send 00 eoi 0
+4756.689309986: grid210x_device byte send 00 eoi 0
+4756.689362988: grid210x_device byte send 00 eoi 0
+4756.689415989: grid210x_device byte send 00 eoi 0
+4756.689468991: grid210x_device byte send 00 eoi 0
+4756.689522993: grid210x_device byte send 00 eoi 0
+4756.689575994: grid210x_device byte send 00 eoi 0
+4756.689629996: grid210x_device byte send 00 eoi 0
+4756.689681998: grid210x_device byte send 00 eoi 0
+4756.689732999: grid210x_device byte send 00 eoi 0
+4756.689786001: grid210x_device byte send 00 eoi 0
+4756.689839003: grid210x_device byte send 00 eoi 0
+4756.689893004: grid210x_device byte send 00 eoi 0
+4756.690177014: grid210x_device byte send 00 eoi 0
+4756.690250016: grid210x_device byte send 00 eoi 0
+4756.690308018: grid210x_device byte send 00 eoi 0
+4756.690362019: grid210x_device byte send 00 eoi 0
+4756.690420021: grid210x_device byte send 00 eoi 0
+4756.690472023: grid210x_device byte send 00 eoi 0
+4756.690526025: grid210x_device byte send 00 eoi 0
+4756.690580026: grid210x_device byte send 00 eoi 0
+4756.690634028: grid210x_device byte send 00 eoi 0
+4756.690686030: grid210x_device byte send 00 eoi 0
+4756.690740032: grid210x_device byte send 00 eoi 0
+4756.690794033: grid210x_device byte send 00 eoi 0
+4756.690846035: grid210x_device byte send 00 eoi 0
+4756.690900037: grid210x_device byte send 00 eoi 0
+4756.690952038: grid210x_device byte send 00 eoi 0
+4756.691008040: grid210x_device byte send 00 eoi 0
+4756.691201046: grid210x_device byte send 00 eoi 0
+4756.691272049: grid210x_device byte send 00 eoi 0
+4756.691331050: grid210x_device byte send 00 eoi 0
+4756.691386052: grid210x_device byte send 00 eoi 0
+4756.691439054: grid210x_device byte send 00 eoi 0
+4756.691491056: grid210x_device byte send 00 eoi 0
+4756.691545057: grid210x_device byte send 00 eoi 0
+4756.691599059: grid210x_device byte send 00 eoi 0
+4756.691654061: grid210x_device byte send 00 eoi 0
+4756.691707062: grid210x_device byte send 00 eoi 0
+4756.691760064: grid210x_device byte send 00 eoi 0
+4756.691813066: grid210x_device byte send 00 eoi 0
+4756.691865067: grid210x_device byte send 00 eoi 0
+4756.691919069: grid210x_device byte send 00 eoi 0
+4756.691972071: grid210x_device byte send 00 eoi 0
+4756.692028073: grid210x_device byte send 00 eoi 0
+4756.692082074: grid210x_device byte send 00 eoi 0
+4756.692271080: grid210x_device byte send 00 eoi 0
+4756.692338083: grid210x_device byte send 00 eoi 0
+4756.692396084: grid210x_device byte send 00 eoi 0
+4756.692450086: grid210x_device byte send 00 eoi 0
+4756.692505088: grid210x_device byte send 00 eoi 0
+4756.692557090: grid210x_device byte send 00 eoi 0
+4756.692609091: grid210x_device byte send 00 eoi 0
+4756.692663093: grid210x_device byte send 00 eoi 0
+4756.692716095: grid210x_device byte send 00 eoi 0
+4756.692770096: grid210x_device byte send 00 eoi 0
+4756.692822098: grid210x_device byte send 00 eoi 0
+4756.692875100: grid210x_device byte send 00 eoi 0
+4756.692927101: grid210x_device byte send 00 eoi 0
+4756.692979103: grid210x_device byte send 00 eoi 0
+4756.693034105: grid210x_device byte send 00 eoi 0
+4756.693084106: grid210x_device byte send 00 eoi 1
+4756.693557122: grid210x_device byte recv 5f atn 1 eoi 0
+4756.693597123: grid210x_device now not talking
+4756.696065202: grid210x_device byte recv 25 atn 1 eoi 0
+4756.696118203: grid210x_device now listening
+4756.697271240: grid210x_device byte recv 04 atn 0 eoi 0
+4756.697359243: grid210x_device byte recv 00 atn 0 eoi 0
+4756.697556249: grid210x_device byte recv 00 atn 0 eoi 0
+4756.697639252: grid210x_device byte recv 01 atn 0 eoi 0
+4756.697711254: grid210x_device byte recv 00 atn 0 eoi 0
+4756.697780256: grid210x_device byte recv 00 atn 0 eoi 0
+4756.697848259: grid210x_device byte recv 00 atn 0 eoi 0
+4756.698213270: grid210x_device byte recv 00 atn 0 eoi 0
+4756.698301273: grid210x_device byte recv 02 atn 0 eoi 0
+4756.699385308: grid210x_device byte recv 00 atn 0 eoi 1
+4756.699472310: grid210x_device byte recv 3f atn 1 eoi 0
+4756.699503311: grid210x_device now not listening
+4756.699516312: grid210x_device command 4, data size 512, sector no 1
+4756.700799353: grid210x_device byte recv 18 atn 1 eoi 0
+4756.700909356: grid210x_device byte recv 45 atn 1 eoi 0
+4756.700937357: grid210x_device now talking
+4756.700967358: grid210x_device byte send 4f eoi 0
+4756.701092362: grid210x_device byte recv 19 atn 1 eoi 0
+4756.701170365: grid210x_device byte recv 5f atn 1 eoi 0
+4756.701194365: grid210x_device now not talking
+4756.702523408: grid210x_device byte recv 45 atn 1 eoi 0
+4756.702565409: grid210x_device now talking
+4756.703948453: grid210x_device byte send 9a eoi 0
+4756.704194461: grid210x_device byte send 42 eoi 0
+4756.704252463: grid210x_device byte send 07 eoi 0
+4756.704310465: grid210x_device byte send 01 eoi 0
+4756.704364467: grid210x_device byte send 20 eoi 0
+4756.704418468: grid210x_device byte send 55 eoi 0
+4756.704469470: grid210x_device byte send b8 eoi 0
+4756.704524472: grid210x_device byte send 80 eoi 0
+4756.704575473: grid210x_device byte send 20 eoi 0
+4756.704627475: grid210x_device byte send 8e eoi 0
+4756.704678477: grid210x_device byte send d8 eoi 0
+4756.704730478: grid210x_device byte send bb eoi 0
+4756.704784480: grid210x_device byte send 08 eoi 0
+4756.704840482: grid210x_device byte send 00 eoi 0
+4756.705049489: grid210x_device byte send 58 eoi 0
+4756.705120491: grid210x_device byte send 59 eoi 0
+4756.705178493: grid210x_device byte send 89 eoi 0
+4756.705230494: grid210x_device byte send 0f eoi 0
+4756.705285496: grid210x_device byte send 89 eoi 0
+4756.705337498: grid210x_device byte send 47 eoi 0
+4756.705390499: grid210x_device byte send 02 eoi 0
+4756.705442501: grid210x_device byte send eb eoi 0
+4756.705494503: grid210x_device byte send e9 eoi 0
+4756.705547504: grid210x_device byte send 55 eoi 0
+4756.705599506: grid210x_device byte send 43 eoi 0
+4756.705652508: grid210x_device byte send 61 eoi 0
+4756.705703509: grid210x_device byte send 6e eoi 0
+4756.705757511: grid210x_device byte send 6e eoi 0
+4756.705809513: grid210x_device byte send 6f eoi 0
+4756.705860514: grid210x_device byte send 74 eoi 0
+4756.705914516: grid210x_device byte send 20 eoi 0
+4756.706104522: grid210x_device byte send 62 eoi 0
+4756.706173524: grid210x_device byte send 6f eoi 0
+4756.706229526: grid210x_device byte send 6f eoi 0
+4756.706282528: grid210x_device byte send 74 eoi 0
+4756.706334530: grid210x_device byte send 3a eoi 0
+4756.706388531: grid210x_device byte send 20 eoi 0
+4756.706439533: grid210x_device byte send 4d eoi 0
+4756.706490535: grid210x_device byte send 65 eoi 0
+4756.706545536: grid210x_device byte send 64 eoi 0
+4756.706596538: grid210x_device byte send 69 eoi 0
+4756.706649540: grid210x_device byte send 75 eoi 0
+4756.706700541: grid210x_device byte send 6d eoi 0
+4756.706752543: grid210x_device byte send 20 eoi 0
+4756.706802545: grid210x_device byte send 65 eoi 0
+4756.706854546: grid210x_device byte send 72 eoi 0
+4756.706906548: grid210x_device byte send 72 eoi 0
+4756.706957550: grid210x_device byte send 6f eoi 0
+4756.707130555: grid210x_device byte send 72 eoi 0
+4756.707202557: grid210x_device byte send 0d eoi 0
+4756.707263559: grid210x_device byte send 0a eoi 0
+4756.707316561: grid210x_device byte send 43 eoi 0
+4756.707368563: grid210x_device byte send 43 eoi 0
+4756.707423564: grid210x_device byte send 4f eoi 0
+4756.707475566: grid210x_device byte send 53 eoi 0
+4756.707619571: grid210x_device byte send 20 eoi 0
+4756.707672572: grid210x_device byte send 6e eoi 0
+4756.707723574: grid210x_device byte send 6f eoi 0
+4756.707776576: grid210x_device byte send 74 eoi 0
+4756.707827577: grid210x_device byte send 20 eoi 0
+4756.707880579: grid210x_device byte send 66 eoi 0
+4756.707931581: grid210x_device byte send 6f eoi 0
+4756.707983582: grid210x_device byte send 75 eoi 0
+4756.708517599: grid210x_device byte send 6e eoi 0
+4756.708581601: grid210x_device byte send 64 eoi 0
+4756.708636603: grid210x_device byte send 0d eoi 0
+4756.708691605: grid210x_device byte send 0a eoi 0
+4756.708744607: grid210x_device byte send 43 eoi 0
+4756.708798608: grid210x_device byte send 68 eoi 0
+4756.708849610: grid210x_device byte send 65 eoi 0
+4756.708902612: grid210x_device byte send 63 eoi 0
+4756.708954613: grid210x_device byte send 6b eoi 0
+4756.709009615: grid210x_device byte send 73 eoi 0
+4756.709061617: grid210x_device byte send 75 eoi 0
+4756.709113618: grid210x_device byte send 6d eoi 0
+4756.709339626: grid210x_device byte send 20 eoi 0
+4756.709414628: grid210x_device byte send 65 eoi 0
+4756.709471630: grid210x_device byte send 72 eoi 0
+4756.709527632: grid210x_device byte send 72 eoi 0
+4756.709578633: grid210x_device byte send 6f eoi 0
+4756.709631635: grid210x_device byte send 72 eoi 0
+4756.709682637: grid210x_device byte send 20 eoi 0
+4756.709733638: grid210x_device byte send 69 eoi 0
+4756.709786640: grid210x_device byte send 6e eoi 0
+4756.709837642: grid210x_device byte send 20 eoi 0
+4756.709889643: grid210x_device byte send 43 eoi 0
+4756.709941645: grid210x_device byte send 43 eoi 0
+4756.709992646: grid210x_device byte send 4f eoi 0
+4756.710150652: grid210x_device byte send 53 eoi 0
+4756.710209653: grid210x_device byte send 0d eoi 0
+4756.710414660: grid210x_device byte send 0a eoi 0
+4756.710488662: grid210x_device byte send 11 eoi 0
+4756.710548664: grid210x_device byte send 50 eoi 0
+4756.710601666: grid210x_device byte send 72 eoi 0
+4756.710656668: grid210x_device byte send 6f eoi 0
+4756.710721670: grid210x_device byte send 67 eoi 0
+4756.710775671: grid210x_device byte send 72 eoi 0
+4756.710828673: grid210x_device byte send 61 eoi 0
+4756.710883675: grid210x_device byte send 6d eoi 0
+4756.710935677: grid210x_device byte send 73 eoi 0
+4756.710987678: grid210x_device byte send 7e eoi 0
+4756.711040680: grid210x_device byte send 53 eoi 0
+4756.711091682: grid210x_device byte send 75 eoi 0
+4756.711144683: grid210x_device byte send 62 eoi 0
+4756.711195685: grid210x_device byte send 6a eoi 0
+4756.711246687: grid210x_device byte send 65 eoi 0
+4756.711299688: grid210x_device byte send 63 eoi 0
+4756.711489694: grid210x_device byte send 74 eoi 0
+4756.711561697: grid210x_device byte send 7e eoi 0
+4756.711615698: grid210x_device byte send 0c eoi 0
+4756.711673700: grid210x_device byte send 43 eoi 0
+4756.711725702: grid210x_device byte send 43 eoi 0
+4756.711834705: grid210x_device byte send 4f eoi 0
+4756.711932708: grid210x_device byte send 53 eoi 0
+4756.711990710: grid210x_device byte send 7e eoi 0
+4756.712047712: grid210x_device byte send 53 eoi 0
+4756.712100714: grid210x_device byte send 79 eoi 0
+4756.712153715: grid210x_device byte send 73 eoi 0
+4756.712206717: grid210x_device byte send 74 eoi 0
+4756.712259719: grid210x_device byte send 65 eoi 0
+4756.712310720: grid210x_device byte send 6d eoi 0
+4756.712361722: grid210x_device byte send 7e eoi 0
+4756.712561729: grid210x_device byte send 18 eoi 0
+4756.712630731: grid210x_device byte send 53 eoi 0
+4756.712685732: grid210x_device byte send 63 eoi 0
+4756.712739734: grid210x_device byte send 72 eoi 0
+4756.712793736: grid210x_device byte send 65 eoi 0
+4756.712844738: grid210x_device byte send 65 eoi 0
+4756.712896739: grid210x_device byte send 6e eoi 0
+4756.712949741: grid210x_device byte send 2e eoi 0
+4756.713002743: grid210x_device byte send 49 eoi 0
+4756.713054744: grid210x_device byte send 6e eoi 0
+4756.713105746: grid210x_device byte send 69 eoi 0
+4756.713158748: grid210x_device byte send 74 eoi 0
+4756.713209749: grid210x_device byte send 7e eoi 0
+4756.713262751: grid210x_device byte send 53 eoi 0
+4756.713313753: grid210x_device byte send 63 eoi 0
+4756.713364754: grid210x_device byte send 72 eoi 0
+4756.713417756: grid210x_device byte send 65 eoi 0
+4756.713605762: grid210x_device byte send 65 eoi 0
+4756.713676764: grid210x_device byte send 6e eoi 0
+4756.713729766: grid210x_device byte send 49 eoi 0
+4756.714092777: grid210x_device byte send 6d eoi 0
+4756.714154779: grid210x_device byte send 61 eoi 0
+4756.714209781: grid210x_device byte send 67 eoi 0
+4756.714263783: grid210x_device byte send 65 eoi 0
+4756.714314784: grid210x_device byte send 7e eoi 0
+4756.714365786: grid210x_device byte send 55 eoi 0
+4756.714420788: grid210x_device byte send 80 eoi 0
+4756.714471790: grid210x_device byte send 20 eoi 0
+4756.714712797: grid210x_device byte send 00 eoi 0
+4756.714786800: grid210x_device byte send 00 eoi 0
+4756.714840801: grid210x_device byte send 40 eoi 0
+4756.714894803: grid210x_device byte send 00 eoi 0
+4756.714946805: grid210x_device byte send 55 eoi 0
+4756.715001806: grid210x_device byte send 8b eoi 0
+4756.715051808: grid210x_device byte send ec eoi 0
+4756.715102810: grid210x_device byte send b8 eoi 0
+4756.715154811: grid210x_device byte send 08 eoi 0
+4756.715206813: grid210x_device byte send 00 eoi 0
+4756.715261815: grid210x_device byte send 0e eoi 0
+4756.715316817: grid210x_device byte send 50 eoi 0
+4756.715367818: grid210x_device byte send b8 eoi 0
+4756.715421820: grid210x_device byte send 0d eoi 0
+4756.715474822: grid210x_device byte send 00 eoi 0
+4756.715529823: grid210x_device byte send 50 eoi 0
+4756.715583825: grid210x_device byte send 9a eoi 0
+4756.715790832: grid210x_device byte send 06 eoi 0
+4756.715862834: grid210x_device byte send 00 eoi 0
+4756.715921836: grid210x_device byte send ef eoi 0
+4756.715975838: grid210x_device byte send ff eoi 0
+4756.716030839: grid210x_device byte send 8b eoi 0
+4756.716083841: grid210x_device byte send 1e eoi 0
+4756.716136843: grid210x_device byte send 00 eoi 0
+4756.716190844: grid210x_device byte send 00 eoi 0
+4756.716242846: grid210x_device byte send 4b eoi 0
+4756.716296848: grid210x_device byte send d1 eoi 0
+4756.716347849: grid210x_device byte send e3 eoi 0
+4756.716400851: grid210x_device byte send 2e eoi 0
+4756.716452853: grid210x_device byte send ff eoi 0
+4756.716505854: grid210x_device byte send a7 eoi 0
+4756.716558856: grid210x_device byte send a7 eoi 0
+4756.716609858: grid210x_device byte send 00 eoi 0
+4756.716663860: grid210x_device byte send ad eoi 0
+4756.716866866: grid210x_device byte send 00 eoi 0
+4756.716939868: grid210x_device byte send b7 eoi 0
+4756.716994870: grid210x_device byte send 00 eoi 0
+4756.717051872: grid210x_device byte send c1 eoi 0
+4756.717104874: grid210x_device byte send 00 eoi 0
+4756.717158875: grid210x_device byte send b8 eoi 0
+4756.717209877: grid210x_device byte send 15 eoi 0
+4756.717262879: grid210x_device byte send 00 eoi 0
+4756.717316880: grid210x_device byte send 0e eoi 0
+4756.717367882: grid210x_device byte send 50 eoi 0
+4756.717422884: grid210x_device byte send b8 eoi 0
+4756.717473885: grid210x_device byte send 0e eoi 0
+4756.717527887: grid210x_device byte send 00 eoi 0
+4756.717581889: grid210x_device byte send eb eoi 0
+4756.717635891: grid210x_device byte send 12 eoi 0
+4756.717686892: grid210x_device byte send b8 eoi 0
+4756.717736894: grid210x_device byte send 23 eoi 0
+4756.717935900: grid210x_device byte send 00 eoi 0
+4756.718003902: grid210x_device byte send 0e eoi 0
+4756.718058904: grid210x_device byte send 50 eoi 0
+4756.718110906: grid210x_device byte send b8 eoi 0
+4756.718163907: grid210x_device byte send 10 eoi 0
+4756.718214909: grid210x_device byte send 00 eoi 0
+4756.718268911: grid210x_device byte send eb eoi 0
+4756.718321912: grid210x_device byte send 08 eoi 0
+4756.718375914: grid210x_device byte send b8 eoi 0
+4756.718427916: grid210x_device byte send 33 eoi 0
+4756.718478917: grid210x_device byte send 00 eoi 0
+4756.718532919: grid210x_device byte send 0e eoi 0
+4756.718583921: grid210x_device byte send 50 eoi 0
+4756.718636923: grid210x_device byte send b8 eoi 0
+4756.718688924: grid210x_device byte send 18 eoi 0
+4756.718739926: grid210x_device byte send 00 eoi 0
+4756.718793928: grid210x_device byte send 50 eoi 0
+4756.718980934: grid210x_device byte send 9a eoi 0
+4756.719047936: grid210x_device byte send 06 eoi 0
+4756.719103937: grid210x_device byte send 00 eoi 0
+4756.719423948: grid210x_device byte send ef eoi 0
+4756.719484950: grid210x_device byte send ff eoi 0
+4756.719540951: grid210x_device byte send b8 eoi 0
+4756.719593953: grid210x_device byte send e8 eoi 0
+4756.719648955: grid210x_device byte send 03 eoi 0
+4756.719703957: grid210x_device byte send 50 eoi 0
+4756.719815960: grid210x_device byte send 9a eoi 0
+4756.720158971: grid210x_device byte send d3 eoi 0
+4756.720230973: grid210x_device byte send 00 eoi 0
+4756.720291975: grid210x_device byte send ef eoi 0
+4756.720344977: grid210x_device byte send ff eoi 0
+4756.720399979: grid210x_device byte send 5d eoi 0
+4756.720451981: grid210x_device byte send c3 eoi 0
+4756.720504982: grid210x_device byte send 55 eoi 0
+4756.720560984: grid210x_device byte send 8b eoi 0
+4756.720612986: grid210x_device byte send ec eoi 0
+4756.720666987: grid210x_device byte send b0 eoi 0
+4756.720718989: grid210x_device byte send 00 eoi 0
+4756.720774991: grid210x_device byte send bf eoi 0
+4756.720826992: grid210x_device byte send 99 eoi 0
+4756.720879994: grid210x_device byte send 0e eoi 0
+4756.720931996: grid210x_device byte send b9 eoi 0
+4756.720984998: grid210x_device byte send 13 eoi 0
+4756.721038999: grid210x_device byte send 00 eoi 0
+4756.721271007: grid210x_device byte send 1e eoi 0
+4756.721331009: grid210x_device byte send 07 eoi 0
+4756.721389010: grid210x_device byte send fc eoi 0
+4756.721441012: grid210x_device byte send f2 eoi 0
+4756.721493014: grid210x_device byte send aa eoi 0
+4756.721548016: grid210x_device byte send a0 eoi 0
+4756.721600017: grid210x_device byte send b0 eoi 0
+4756.721654019: grid210x_device byte send 0e eoi 0
+4756.721707021: grid210x_device byte send a2 eoi 0
+4756.721760022: grid210x_device byte send a7 eoi 0
+4756.721812024: grid210x_device byte send 0e eoi 0
+4756.721866026: grid210x_device byte send c4 eoi 0
+4756.721920027: grid210x_device byte send 46 eoi 0
+4756.721973029: grid210x_device byte send 0a eoi 0
+4756.722028031: grid210x_device byte send a3 eoi 0
+4756.722081033: grid210x_device byte send 9b eoi 0
+4756.722261038: grid210x_device byte send 0e eoi 0
+4756.722332041: grid210x_device byte send 8c eoi 0
+4756.722391042: grid210x_device byte send 06 eoi 0
+4756.722444044: grid210x_device byte send 9d eoi 0
+4756.722496046: grid210x_device byte send 0e eoi 0
+4756.722551048: grid210x_device byte send 8b eoi 0
+4756.722602049: grid210x_device byte send 46 eoi 0
+4756.722655051: grid210x_device byte send 04 eoi 0
+4756.722708053: grid210x_device byte send a3 eoi 0
+4756.722761054: grid210x_device byte send a3 eoi 0
+4756.722814056: grid210x_device byte send 0e eoi 0
+4756.722867058: grid210x_device byte send 8b eoi 0
+4756.722919059: grid210x_device byte send 46 eoi 0
+4756.722970061: grid210x_device byte send 06 eoi 0
+4756.723026063: grid210x_device byte send 8b eoi 0
+4756.723079064: grid210x_device byte send 56 eoi 0
+4756.723131066: grid210x_device byte send 08 eoi 0
+4756.723320072: grid210x_device byte send a3 eoi 0
+4756.723393074: grid210x_device byte send 9f eoi 0
+4756.723449076: grid210x_device byte send 0e eoi 0
+4756.723507078: grid210x_device byte send 89 eoi 0
+4756.723559080: grid210x_device byte send 16 eoi 0
+4756.723611081: grid210x_device byte send a1 eoi 0
+4756.723664083: grid210x_device byte send 0e eoi 0
+4756.723717085: grid210x_device byte send 5d eoi 0
+4756.723769086: grid210x_device byte send c2 eoi 0
+4756.723821088: grid210x_device byte send 0a eoi 0
+4756.723872090: grid210x_device byte send 00 eoi 0
+4756.723926091: grid210x_device byte send 55 eoi 0
+4756.724073096: grid210x_device byte send 8b eoi 0
+4756.724125098: grid210x_device byte send ec eoi 0
+4756.724176099: grid210x_device byte send c4 eoi 0
+4756.724227101: grid210x_device byte send 46 eoi 0
+4756.724417107: grid210x_device byte send 04 eoi 0
+4756.724478109: grid210x_device byte send 06 eoi 0
+4756.724536111: grid210x_device byte send 50 eoi 0
+4756.724589113: grid210x_device byte send 8b eoi 0
+4756.724642114: grid210x_device byte send 46 eoi 0
+4756.724693116: grid210x_device byte send 08 eoi 0
+4756.725076128: grid210x_device byte send ba eoi 0
+4756.725140130: grid210x_device byte send 00 eoi 0
+4756.725195132: grid210x_device byte send 00 eoi 0
+4756.725247134: grid210x_device byte send 03 eoi 0
+4756.725494142: grid210x_device byte send 06 eoi 0
+4756.725565144: grid210x_device byte send 0c eoi 0
+4756.725621146: grid210x_device byte send 00 eoi 0
+4756.725678147: grid210x_device byte send 13 eoi 0
+4756.725729149: grid210x_device byte send 16 eoi 0
+4756.725784151: grid210x_device byte send 0e eoi 0
+4756.725838153: grid210x_device byte send 00 eoi 0
+4756.725893154: grid210x_device byte send 52 eoi 0
+4756.725944156: grid210x_device byte send 50 eoi 0
+4756.725995158: grid210x_device byte send ff eoi 0
+4756.726049159: grid210x_device byte send 36 eoi 0
+4756.726101161: grid210x_device byte send 22 eoi 0
+4756.726153163: grid210x_device byte send 00 eoi 0
+4756.726206164: grid210x_device byte send e8 eoi 0
+4756.726259166: grid210x_device byte send aa eoi 0
+4756.726310168: grid210x_device byte send ff eoi 0
+4756.726361169: grid210x_device byte send b8 eoi 0
+4756.726578176: grid210x_device byte send 04 eoi 0
+4756.726654179: grid210x_device byte send 00 eoi 0
+4756.726709180: grid210x_device byte send 50 eoi 0
+4756.726764182: grid210x_device byte send b8 eoi 0
+4756.726816184: grid210x_device byte send 99 eoi 0
+4756.726868185: grid210x_device byte send 0e eoi 0
+4756.726923187: grid210x_device byte send 1e eoi 0
+4756.726974189: grid210x_device byte send 50 eoi 0
+4756.727028191: grid210x_device byte send b8 eoi 0
+4756.727080192: grid210x_device byte send 6c eoi 0
+4756.727133194: grid210x_device byte send 0a eoi 0
+4756.727187196: grid210x_device byte send 1e eoi 0
+4756.727238197: grid210x_device byte send 50 eoi 0
+4756.727291199: grid210x_device byte send ff eoi 0
+4756.727343201: grid210x_device byte send 1e eoi 0
+4756.727394202: grid210x_device byte send ac eoi 0
+4756.727445204: grid210x_device byte send 0e eoi 0
+4756.727637210: grid210x_device byte send a1 eoi 0
+4756.727703212: grid210x_device byte send 6c eoi 0
+4756.727811216: grid210x_device byte send 0a eoi 0
+4756.727910219: grid210x_device byte send 5d eoi 0
+4756.727971221: grid210x_device byte send c2 eoi 0
+4756.728029223: grid210x_device byte send 06 eoi 0
+4756.728084224: grid210x_device byte send 00 eoi 0
+4756.728139226: grid210x_device byte send 55 eoi 0
+4756.728190228: grid210x_device byte send 8b eoi 0
+4756.728241229: grid210x_device byte send ec eoi 0
+4756.728295231: grid210x_device byte send c4 eoi 0
+4756.728346233: grid210x_device byte send 5e eoi 0
+4756.728400234: grid210x_device byte send 04 eoi 0
+4756.728452236: grid210x_device byte send 8d eoi 0
+4756.728505238: grid210x_device byte send 47 eoi 0
+4756.728703244: grid210x_device byte send 04 eoi 0
+4756.728774246: grid210x_device byte send a3 eoi 0
+4756.728828248: grid210x_device byte send 72 eoi 0
+4756.728881250: grid210x_device byte send 0a eoi 0
+4756.728934251: grid210x_device byte send 8c eoi 0
+4756.729166259: grid210x_device byte send 06 eoi 0
+4756.729219261: grid210x_device byte send 74 eoi 0
+4756.729271262: grid210x_device byte send 0a eoi 0
+4756.729325264: grid210x_device byte send c4 eoi 0
+4756.729377266: grid210x_device byte send 5e eoi 0
+4756.729428267: grid210x_device byte send 04 eoi 0
+4756.729480269: grid210x_device byte send b8 eoi 0
+4756.729533271: grid210x_device byte send 00 eoi 0
+4756.729586272: grid210x_device byte send 00 eoi 0
+4756.729783279: grid210x_device byte send 26 eoi 0
+4756.729841280: grid210x_device byte send 89 eoi 0
+4756.729895282: grid210x_device byte send 87 eoi 0
+4756.729947284: grid210x_device byte send 04 eoi 0
+4756.730067288: grid210x_device byte send 04 eoi 0
+4756.730137290: grid210x_device byte send 26 eoi 0
+4756.730194292: grid210x_device byte send 89 eoi 0
+4756.730246293: grid210x_device byte send 87 eoi 0
+4756.730302295: grid210x_device byte send 06 eoi 0
+4756.730355297: grid210x_device byte send 04 eoi 0
+4756.730409299: grid210x_device byte send 26 eoi 0
+4756.730960316: grid210x_device byte send c7 eoi 0
+4756.731029318: grid210x_device byte send 07 eoi 0
+4756.731087320: grid210x_device byte send 01 eoi 0
+4756.731140322: grid210x_device byte send 00 eoi 0
+4756.731193324: grid210x_device byte send 26 eoi 0
+4756.731246325: grid210x_device byte send c7 eoi 0
+4756.731301327: grid210x_device byte send 47 eoi 0
+4756.731352329: grid210x_device byte send 02 eoi 0
+4756.731406330: grid210x_device byte send 00 eoi 0
+4756.731458332: grid210x_device byte send 00 eoi 0
+4756.731513334: grid210x_device byte send c4 eoi 0
+4756.731566335: grid210x_device byte send 1e eoi 0
+4756.731617337: grid210x_device byte send 72 eoi 0
+4756.731671339: grid210x_device byte send 0a eoi 0
+4756.731724341: grid210x_device byte send 8d eoi 0
+4756.731956348: grid210x_device byte send 87 eoi 0
+4756.732028350: grid210x_device byte send cc eoi 0
+4756.732083352: grid210x_device byte send 00 eoi 0
+4756.732140354: grid210x_device byte send a3 eoi 0
+4756.732192355: grid210x_device byte send 6e eoi 0
+4756.732244357: grid210x_device byte send 0a eoi 0
+4756.732302359: grid210x_device byte send 8c eoi 0
+4756.732353361: grid210x_device byte send 06 eoi 0
+4756.732409362: grid210x_device byte send 70 eoi 0
+4756.732460364: grid210x_device byte send 0a eoi 0
+4756.732513366: grid210x_device byte send 89 eoi 0
+4756.732564367: grid210x_device byte send c3 eoi 0
+4756.732616369: grid210x_device byte send 8b eoi 0
+4756.732670371: grid210x_device byte send 4e eoi 0
+4756.732721372: grid210x_device byte send 08 eoi 0
+4756.732775374: grid210x_device byte send 26 eoi 0
+4756.732826376: grid210x_device byte send 89 eoi 0
+4756.733032382: grid210x_device byte send 4f eoi 0
+4756.733090384: grid210x_device byte send 06 eoi 0
+4756.733145386: grid210x_device byte send 5d eoi 0
+4756.733198388: grid210x_device byte send c2 eoi 0
+4756.733251389: grid210x_device byte send 06 eoi 0
+4756.733305391: grid210x_device byte send 00 eoi 0
+4756.733357393: grid210x_device byte send 55 eoi 0
+4756.733411394: grid210x_device byte send 8b eoi 0
+4756.733463396: grid210x_device byte send ec eoi 0
+4756.733515398: grid210x_device byte send 83 eoi 0
+4756.733566399: grid210x_device byte send 7e eoi 0
+4756.733618401: grid210x_device byte send 04 eoi 0
+4756.733673403: grid210x_device byte send 00 eoi 0
+4756.733726404: grid210x_device byte send 75 eoi 0
+4756.733778406: grid210x_device byte send 08 eoi 0
+4756.733830408: grid210x_device byte send a1 eoi 0
+4756.733883409: grid210x_device byte send 24 eoi 0
+4756.734074416: grid210x_device byte send 00 eoi 0
+4756.734141418: grid210x_device byte send 2d eoi 0
+4756.734194419: grid210x_device byte send d4 eoi 0
+4756.734247421: grid210x_device byte send 00 eoi 0
+4756.734303423: grid210x_device byte send eb eoi 0
+4756.734354425: grid210x_device byte send 06 eoi 0
+4756.734410426: grid210x_device byte send a1 eoi 0
+4756.734462428: grid210x_device byte send 24 eoi 0
+4756.734514430: grid210x_device byte send 00 eoi 0
+4756.734566431: grid210x_device byte send 83 eoi 0
+4756.734618433: grid210x_device byte send e8 eoi 0
+4756.734671435: grid210x_device byte send 0c eoi 0
+4756.734723436: grid210x_device byte send d1 eoi 0
+4756.734777438: grid210x_device byte send e8 eoi 0
+4756.734828440: grid210x_device byte send 5d eoi 0
+4756.734881441: grid210x_device byte send c2 eoi 0
+4756.734932443: grid210x_device byte send 02 eoi 0
+4756.735128449: grid210x_device byte send 00 eoi 0
+4756.735188451: grid210x_device byte send 55 eoi 0
+4756.735241453: grid210x_device byte send 8b eoi 0
+4756.735295455: grid210x_device byte send ec eoi 0
+4756.735347456: grid210x_device byte send b8 eoi 0
+4756.735399458: grid210x_device byte send 00 eoi 0
+4756.735451460: grid210x_device byte send 00 eoi 0
+4756.735506461: grid210x_device byte send 50 eoi 0
+4756.735558463: grid210x_device byte send e8 eoi 0
+4756.735609465: grid210x_device byte send d9 eoi 0
+4756.735662466: grid210x_device byte send ff eoi 0
+4756.735713468: grid210x_device byte send a3 eoi 0
+4756.735822471: grid210x_device byte send 76 eoi 0
+4756.736383489: grid210x_device byte send 0a eoi 0
+4756.736451492: grid210x_device byte send c4 eoi 0
+4756.736506493: grid210x_device byte send 5e eoi 0
+4756.736559495: grid210x_device byte send 04 eoi 0
+4756.736613497: grid210x_device byte send 8d eoi 0
+4756.736666498: grid210x_device byte send 4f eoi 0
+4756.736718500: grid210x_device byte send 04 eoi 0
+4756.736771502: grid210x_device byte send 89 eoi 0
+4756.736824503: grid210x_device byte send 0e eoi 0
+4756.736876505: grid210x_device byte send 86 eoi 0
+4756.736927507: grid210x_device byte send 0a eoi 0
+4756.736979508: grid210x_device byte send 8c eoi 0
+4756.737033510: grid210x_device byte send 06 eoi 0
+4756.737085512: grid210x_device byte send 88 eoi 0
+4756.737315519: grid210x_device byte send 0a eoi 0
+4756.737387521: grid210x_device byte send c4 eoi 0
+4756.737443523: grid210x_device byte send 5e eoi 0
+4756.737495525: grid210x_device byte send 04 eoi 0
+4756.737551527: grid210x_device byte send 26 eoi 0
+4756.737605528: grid210x_device byte send 8b eoi 0
+4756.737658530: grid210x_device byte send 87 eoi 0
+4756.737710532: grid210x_device byte send 04 eoi 0
+4756.737764533: grid210x_device byte send 04 eoi 0
+4756.737817535: grid210x_device byte send 26 eoi 0
+4756.737869537: grid210x_device byte send 8b eoi 0
+4756.737922538: grid210x_device byte send 97 eoi 0
+4756.737973540: grid210x_device byte send 06 eoi 0
+4756.738030542: grid210x_device byte send 04 eoi 0
+4756.738084544: grid210x_device byte send 8b eoi 0
+4756.738137545: grid210x_device byte send 0e eoi 0
+4756.738189547: grid210x_device byte send 24 eoi 0
+4756.738382553: grid210x_device byte send 00 eoi 0
+4756.738450555: grid210x_device byte send bf eoi 0
+4756.738507557: grid210x_device byte send 00 eoi 0
+4756.738561559: grid210x_device byte send 00 eoi 0
+4756.738613561: grid210x_device byte send 9a eoi 0
+4756.738670562: grid210x_device byte send 00 eoi 0
+4756.738722564: grid210x_device byte send 00 eoi 0
+4756.738778566: grid210x_device byte send 7b eoi 0
+4756.738829567: grid210x_device byte send 20 eoi 0
+4756.738882569: grid210x_device byte send a3 eoi 0
+4756.738933571: grid210x_device byte send 7a eoi 0
+4756.738984572: grid210x_device byte send 0a eoi 0
+4756.739038574: grid210x_device byte send 3b eoi 0
+4756.739089576: grid210x_device byte send 06 eoi 0
+4756.739142577: grid210x_device byte send 76 eoi 0
+4756.739194579: grid210x_device byte send 0a eoi 0
+4756.739246581: grid210x_device byte send 73 eoi 0
+4756.739431587: grid210x_device byte send 0d eoi 0
+4756.739499589: grid210x_device byte send a3 eoi 0
+4756.739555591: grid210x_device byte send 7c eoi 0
+4756.739607592: grid210x_device byte send 0a eoi 0
+4756.739661594: grid210x_device byte send c4 eoi 0
+4756.739713596: grid210x_device byte send 1e eoi 0
+4756.739763597: grid210x_device byte send 86 eoi 1
+4756.740236612: grid210x_device byte recv 5f atn 1 eoi 0
+4756.740276614: grid210x_device now not talking
+4756.742711691: grid210x_device byte recv 25 atn 1 eoi 0
+4756.742764693: grid210x_device now listening
+4756.743938731: grid210x_device byte recv 04 atn 0 eoi 0
+4756.744031734: grid210x_device byte recv 00 atn 0 eoi 0
+4756.744103736: grid210x_device byte recv 00 atn 0 eoi 0
+4756.744173738: grid210x_device byte recv 02 atn 0 eoi 0
+4756.744241740: grid210x_device byte recv 00 atn 0 eoi 0
+4756.744311743: grid210x_device byte recv 00 atn 0 eoi 0
+4756.744376745: grid210x_device byte recv 00 atn 0 eoi 0
+4756.744445747: grid210x_device byte recv 00 atn 0 eoi 0
+4756.744512749: grid210x_device byte recv 02 atn 0 eoi 0
+4756.745720788: grid210x_device byte recv 30 atn 0 eoi 1
+4756.745808790: grid210x_device byte recv 3f atn 1 eoi 0
+4756.745838791: grid210x_device now not listening
+4756.745851792: grid210x_device command 4, data size 512, sector no 2
+4756.746965827: grid210x_device byte recv 18 atn 1 eoi 0
+4756.747078831: grid210x_device byte recv 45 atn 1 eoi 0
+4756.747106832: grid210x_device now talking
+4756.747139833: grid210x_device byte send 4f eoi 0
+4756.747260837: grid210x_device byte recv 19 atn 1 eoi 0
+4756.747635849: grid210x_device byte recv 5f atn 1 eoi 0
+4756.747669850: grid210x_device now not talking
+4756.748995892: grid210x_device byte recv 45 atn 1 eoi 0
+4756.749041894: grid210x_device now talking
+4756.750220931: grid210x_device byte send 0a eoi 0
+4756.750670946: grid210x_device byte send 8d eoi 0
+4756.750725947: grid210x_device byte send 87 eoi 0
+4756.750779949: grid210x_device byte send cc eoi 0
+4756.750830951: grid210x_device byte send 00 eoi 0
+4756.750884953: grid210x_device byte send eb eoi 0
+4756.751077959: grid210x_device byte send 1e eoi 0
+4756.751147961: grid210x_device byte send a1 eoi 0
+4756.751201963: grid210x_device byte send 7a eoi 0
+4756.751255964: grid210x_device byte send 0a eoi 0
+4756.751308966: grid210x_device byte send 2b eoi 0
+4756.751360968: grid210x_device byte send 06 eoi 0
+4756.751414969: grid210x_device byte send 76 eoi 0
+4756.751467971: grid210x_device byte send 0a eoi 0
+4756.751520973: grid210x_device byte send 50 eoi 0
+4756.751571974: grid210x_device byte send b9 eoi 0
+4756.751624976: grid210x_device byte send 01 eoi 0
+4756.751676978: grid210x_device byte send 00 eoi 0
+4756.751730980: grid210x_device byte send 51 eoi 0
+4756.751838983: grid210x_device byte send e8 eoi 0
+4756.751937986: grid210x_device byte send 8a eoi 0
+4756.752159993: grid210x_device byte send ff eoi 0
+4756.752230995: grid210x_device byte send 89 eoi 0
+4756.752285997: grid210x_device byte send c1 eoi 0
+4756.752338999: grid210x_device byte send 58 eoi 0
+4756.752391001: grid210x_device byte send 31 eoi 0
+4756.752444002: grid210x_device byte send d2 eoi 0
+4756.752496004: grid210x_device byte send f7 eoi 0
+4756.752550006: grid210x_device byte send f1 eoi 0
+4756.752601007: grid210x_device byte send 89 eoi 0
+4756.752654009: grid210x_device byte send 16 eoi 0
+4756.752705011: grid210x_device byte send 7c eoi 0
+4756.752758012: grid210x_device byte send 0a eoi 0
+4756.752813014: grid210x_device byte send c4 eoi 0
+4756.752865016: grid210x_device byte send 06 eoi 0
+4756.752919017: grid210x_device byte send 86 eoi 0
+4756.752970019: grid210x_device byte send 0a eoi 0
+4756.753024021: grid210x_device byte send a3 eoi 0
+4756.753217027: grid210x_device byte send 7e eoi 0
+4756.753291029: grid210x_device byte send 0a eoi 0
+4756.753349031: grid210x_device byte send 8c eoi 0
+4756.753405033: grid210x_device byte send 06 eoi 0
+4756.753458035: grid210x_device byte send 80 eoi 0
+4756.753512036: grid210x_device byte send 0a eoi 0
+4756.753565038: grid210x_device byte send 83 eoi 0
+4756.753617040: grid210x_device byte send 3e eoi 0
+4756.753671041: grid210x_device byte send 7c eoi 0
+4756.753721043: grid210x_device byte send 0a eoi 0
+4756.753776045: grid210x_device byte send 00 eoi 0
+4756.753829047: grid210x_device byte send 75 eoi 0
+4756.753882048: grid210x_device byte send 5a eoi 0
+4756.753934050: grid210x_device byte send c4 eoi 0
+4756.753984051: grid210x_device byte send 06 eoi 0
+4756.754038053: grid210x_device byte send 7e eoi 0
+4756.754090055: grid210x_device byte send 0a eoi 0
+4756.754273061: grid210x_device byte send a3 eoi 0
+4756.754338063: grid210x_device byte send 82 eoi 0
+4756.754396065: grid210x_device byte send 0a eoi 0
+4756.754452066: grid210x_device byte send 8c eoi 0
+4756.754506068: grid210x_device byte send 06 eoi 0
+4756.754559070: grid210x_device byte send 84 eoi 0
+4756.754611072: grid210x_device byte send 0a eoi 0
+4756.754665073: grid210x_device byte send a1 eoi 0
+4756.754717075: grid210x_device byte send 76 eoi 0
+4756.754770077: grid210x_device byte send 0a eoi 0
+4756.754822078: grid210x_device byte send 3b eoi 0
+4756.754876080: grid210x_device byte send 06 eoi 0
+4756.754928082: grid210x_device byte send 7a eoi 0
+4756.754979083: grid210x_device byte send 0a eoi 0
+4756.755034085: grid210x_device byte send 75 eoi 0
+4756.755086087: grid210x_device byte send 0f eoi 0
+4756.755140088: grid210x_device byte send c4 eoi 0
+4756.755324094: grid210x_device byte send 1e eoi 0
+4756.755394097: grid210x_device byte send 86 eoi 0
+4756.755449098: grid210x_device byte send 0a eoi 0
+4756.755806110: grid210x_device byte send 8d eoi 0
+4756.755869112: grid210x_device byte send 87 eoi 0
+4756.755925113: grid210x_device byte send cc eoi 0
+4756.755977115: grid210x_device byte send 00 eoi 0
+4756.756033117: grid210x_device byte send a3 eoi 0
+4756.756087119: grid210x_device byte send 82 eoi 0
+4756.756141120: grid210x_device byte send 0a eoi 0
+4756.756193122: grid210x_device byte send 8c eoi 0
+4756.756431130: grid210x_device byte send 06 eoi 0
+4756.756503132: grid210x_device byte send 84 eoi 0
+4756.756557134: grid210x_device byte send 0a eoi 0
+4756.756609135: grid210x_device byte send c4 eoi 0
+4756.756661137: grid210x_device byte send 1e eoi 0
+4756.756715139: grid210x_device byte send 82 eoi 0
+4756.756766140: grid210x_device byte send 0a eoi 0
+4756.756818142: grid210x_device byte send 26 eoi 0
+4756.756963147: grid210x_device byte send ff eoi 0
+4756.757017148: grid210x_device byte send 77 eoi 0
+4756.757069150: grid210x_device byte send 06 eoi 0
+4756.757121152: grid210x_device byte send c4 eoi 0
+4756.757187154: grid210x_device byte send 5e eoi 0
+4756.757242156: grid210x_device byte send 04 eoi 0
+4756.757297157: grid210x_device byte send 8d eoi 0
+4756.757513164: grid210x_device byte send 47 eoi 0
+4756.757582166: grid210x_device byte send 04 eoi 0
+4756.757641168: grid210x_device byte send 06 eoi 0
+4756.757697170: grid210x_device byte send 50 eoi 0
+4756.757752172: grid210x_device byte send e8 eoi 0
+4756.757804173: grid210x_device byte send b8 eoi 0
+4756.757855175: grid210x_device byte send fe eoi 0
+4756.757908177: grid210x_device byte send a3 eoi 0
+4756.757959178: grid210x_device byte send 78 eoi 0
+4756.758012180: grid210x_device byte send 0a eoi 0
+4756.758065182: grid210x_device byte send 09 eoi 0
+4756.758117183: grid210x_device byte send c0 eoi 0
+4756.758172185: grid210x_device byte send 75 eoi 0
+4756.758224187: grid210x_device byte send 37 eoi 0
+4756.758278189: grid210x_device byte send 83 eoi 0
+4756.758329190: grid210x_device byte send 3e eoi 0
+4756.758382192: grid210x_device byte send 7a eoi 0
+4756.758568198: grid210x_device byte send 0a eoi 0
+4756.758638200: grid210x_device byte send 00 eoi 0
+4756.758693202: grid210x_device byte send 75 eoi 0
+4756.758745204: grid210x_device byte send 16 eoi 0
+4756.758798205: grid210x_device byte send c4 eoi 0
+4756.758849207: grid210x_device byte send 1e eoi 0
+4756.758902209: grid210x_device byte send 86 eoi 0
+4756.758953210: grid210x_device byte send 0a eoi 0
+4756.759007212: grid210x_device byte send 26 eoi 0
+4756.759060214: grid210x_device byte send 8b eoi 0
+4756.759111215: grid210x_device byte send 47 eoi 0
+4756.759164217: grid210x_device byte send 04 eoi 0
+4756.759216219: grid210x_device byte send 26 eoi 0
+4756.759268220: grid210x_device byte send 8b eoi 0
+4756.759319222: grid210x_device byte send 57 eoi 0
+4756.759370224: grid210x_device byte send 06 eoi 0
+4756.759424225: grid210x_device byte send c4 eoi 0
+4756.759601231: grid210x_device byte send 5e eoi 0
+4756.759673233: grid210x_device byte send 04 eoi 0
+4756.759731235: grid210x_device byte send 26 eoi 0
+4756.759840239: grid210x_device byte send 89 eoi 0
+4756.759938242: grid210x_device byte send 07 eoi 0
+4756.759997244: grid210x_device byte send 26 eoi 0
+4756.760246251: grid210x_device byte send 89 eoi 0
+4756.760307253: grid210x_device byte send 57 eoi 0
+4756.760360255: grid210x_device byte send 02 eoi 0
+4756.760417257: grid210x_device byte send 8b eoi 0
+4756.760469259: grid210x_device byte send 36 eoi 0
+4756.760666265: grid210x_device byte send 7c eoi 0
+4756.760736267: grid210x_device byte send 0a eoi 0
+4756.760798269: grid210x_device byte send d1 eoi 0
+4756.760852271: grid210x_device byte send e6 eoi 0
+4756.760906273: grid210x_device byte send c4 eoi 0
+4756.760957274: grid210x_device byte send 1e eoi 0
+4756.761012276: grid210x_device byte send 7e eoi 0
+4756.761065278: grid210x_device byte send 0a eoi 0
+4756.761118279: grid210x_device byte send 26 eoi 0
+4756.761171281: grid210x_device byte send ff eoi 0
+4756.761524292: grid210x_device byte send 70 eoi 0
+4756.761771300: grid210x_device byte send 0c eoi 0
+4756.761844303: grid210x_device byte send c4 eoi 0
+4756.761902304: grid210x_device byte send 5e eoi 0
+4756.761955306: grid210x_device byte send 04 eoi 0
+4756.762013308: grid210x_device byte send 8d eoi 0
+4756.762064310: grid210x_device byte send 87 eoi 0
+4756.762115311: grid210x_device byte send 04 eoi 0
+4756.762174313: grid210x_device byte send 02 eoi 0
+4756.762229315: grid210x_device byte send 06 eoi 0
+4756.762283317: grid210x_device byte send 50 eoi 0
+4756.762336318: grid210x_device byte send e8 eoi 0
+4756.762389320: grid210x_device byte send 7a eoi 0
+4756.762440322: grid210x_device byte send fe eoi 0
+4756.762493323: grid210x_device byte send 5d eoi 0
+4756.762547325: grid210x_device byte send c2 eoi 0
+4756.762598327: grid210x_device byte send 04 eoi 0
+4756.762654328: grid210x_device byte send 00 eoi 0
+4756.763179345: grid210x_device byte send 55 eoi 0
+4756.763262348: grid210x_device byte send 8b eoi 0
+4756.763318350: grid210x_device byte send ec eoi 0
+4756.763371351: grid210x_device byte send c4 eoi 0
+4756.763425353: grid210x_device byte send 5e eoi 0
+4756.763478355: grid210x_device byte send 0a eoi 0
+4756.763534357: grid210x_device byte send 8d eoi 0
+4756.763585358: grid210x_device byte send 87 eoi 0
+4756.763639360: grid210x_device byte send 04 eoi 0
+4756.763691362: grid210x_device byte send 02 eoi 0
+4756.763743363: grid210x_device byte send a3 eoi 0
+4756.763801365: grid210x_device byte send 92 eoi 0
+4756.763852367: grid210x_device byte send 0a eoi 0
+4756.763906368: grid210x_device byte send 8c eoi 0
+4756.763958370: grid210x_device byte send 06 eoi 0
+4756.764014372: grid210x_device byte send 94 eoi 0
+4756.764217378: grid210x_device byte send 0a eoi 0
+4756.764291381: grid210x_device byte send c7 eoi 0
+4756.764346382: grid210x_device byte send 06 eoi 0
+4756.764401384: grid210x_device byte send 8e eoi 0
+4756.764454386: grid210x_device byte send 0a eoi 0
+4756.764509388: grid210x_device byte send 00 eoi 0
+4756.764561389: grid210x_device byte send 00 eoi 0
+4756.764613391: grid210x_device byte send c4 eoi 0
+4756.764666393: grid210x_device byte send 5e eoi 0
+4756.764718394: grid210x_device byte send 0a eoi 0
+4756.764773396: grid210x_device byte send 26 eoi 0
+4756.764824398: grid210x_device byte send 8b eoi 0
+4756.764876399: grid210x_device byte send 87 eoi 0
+4756.764926401: grid210x_device byte send 04 eoi 0
+4756.764979403: grid210x_device byte send 04 eoi 0
+4756.765036404: grid210x_device byte send 26 eoi 0
+4756.765088406: grid210x_device byte send 8b eoi 0
+4756.765268412: grid210x_device byte send 97 eoi 0
+4756.765337414: grid210x_device byte send 06 eoi 0
+4756.765396416: grid210x_device byte send 04 eoi 0
+4756.765451418: grid210x_device byte send 26 eoi 0
+4756.765504419: grid210x_device byte send 3b eoi 0
+4756.765555421: grid210x_device byte send 57 eoi 0
+4756.765606423: grid210x_device byte send 02 eoi 0
+4756.765660424: grid210x_device byte send 75 eoi 0
+4756.765712426: grid210x_device byte send 03 eoi 0
+4756.765766428: grid210x_device byte send 26 eoi 0
+4756.765818429: grid210x_device byte send 3b eoi 0
+4756.765869431: grid210x_device byte send 07 eoi 0
+4756.765922433: grid210x_device byte send b0 eoi 0
+4756.765973434: grid210x_device byte send ff eoi 0
+4756.766026436: grid210x_device byte send 74 eoi 0
+4756.766077438: grid210x_device byte send 01 eoi 0
+4756.766129439: grid210x_device byte send 40 eoi 0
+4756.766179441: grid210x_device byte send a2 eoi 0
+4756.766381447: grid210x_device byte send b1 eoi 0
+4756.766441449: grid210x_device byte send 0e eoi 0
+4756.766497451: grid210x_device byte send a1 eoi 0
+4756.766552453: grid210x_device byte send 8e eoi 0
+4756.766606455: grid210x_device byte send 0a eoi 0
+4756.766662456: grid210x_device byte send 3b eoi 0
+4756.766715458: grid210x_device byte send 46 eoi 0
+4756.766767460: grid210x_device byte send 04 eoi 0
+4756.766819461: grid210x_device byte send 72 eoi 0
+4756.766871463: grid210x_device byte send 03 eoi 0
+4756.767198474: grid210x_device byte send e9 eoi 0
+4756.767443481: grid210x_device byte send e5 eoi 0
+4756.767516484: grid210x_device byte send 00 eoi 0
+4756.767574486: grid210x_device byte send a0 eoi 0
+4756.767627487: grid210x_device byte send b1 eoi 0
+4756.767679489: grid210x_device byte send 0e eoi 0
+4756.767734491: grid210x_device byte send d0 eoi 0
+4756.767849494: grid210x_device byte send d8 eoi 0
+4756.767950498: grid210x_device byte send 73 eoi 0
+4756.768012500: grid210x_device byte send 03 eoi 0
+4756.768069501: grid210x_device byte send e9 eoi 0
+4756.768121503: grid210x_device byte send db eoi 0
+4756.768174505: grid210x_device byte send 00 eoi 0
+4756.768227506: grid210x_device byte send 8b eoi 0
+4756.768279508: grid210x_device byte send 0e eoi 0
+4756.768331510: grid210x_device byte send 24 eoi 0
+4756.768549517: grid210x_device byte send 00 eoi 0
+4756.768618519: grid210x_device byte send ba eoi 0
+4756.768675521: grid210x_device byte send 00 eoi 0
+4756.768728522: grid210x_device byte send 00 eoi 0
+4756.768781524: grid210x_device byte send c4 eoi 0
+4756.768833526: grid210x_device byte send 5e eoi 0
+4756.768887527: grid210x_device byte send 0a eoi 0
+4756.768939529: grid210x_device byte send 26 eoi 0
+4756.768991531: grid210x_device byte send 8b eoi 0
+4756.769046533: grid210x_device byte send 87 eoi 0
+4756.769098534: grid210x_device byte send 04 eoi 0
+4756.769152536: grid210x_device byte send 04 eoi 0
+4756.769205538: grid210x_device byte send 26 eoi 0
+4756.769578550: grid210x_device byte send 8b eoi 0
+4756.769653552: grid210x_device byte send bf eoi 0
+4756.769709554: grid210x_device byte send 06 eoi 0
+4756.769765556: grid210x_device byte send 04 eoi 0
+4756.769818557: grid210x_device byte send 87 eoi 0
+4756.769870559: grid210x_device byte send fa eoi 0
+4756.769923561: grid210x_device byte send 51 eoi 0
+4756.769975562: grid210x_device byte send 57 eoi 0
+4756.770128567: grid210x_device byte send 9a eoi 0
+4756.770193569: grid210x_device byte send 00 eoi 0
+4756.770251571: grid210x_device byte send 00 eoi 0
+4756.770304573: grid210x_device byte send 7b eoi 0
+4756.770355574: grid210x_device byte send 20 eoi 0
+4756.770408576: grid210x_device byte send 89 eoi 0
+4756.770459578: grid210x_device byte send 3e eoi 0
+4756.770652584: grid210x_device byte send 8a eoi 0
+4756.770721586: grid210x_device byte send 0a eoi 0
+4756.770780588: grid210x_device byte send 5b eoi 0
+4756.770832590: grid210x_device byte send 58 eoi 0
+4756.770885591: grid210x_device byte send 2b eoi 0
+4756.770936593: grid210x_device byte send c7 eoi 0
+4756.770988595: grid210x_device byte send a3 eoi 0
+4756.771041596: grid210x_device byte send 8c eoi 0
+4756.771093598: grid210x_device byte send 0a eoi 0
+4756.771147600: grid210x_device byte send 09 eoi 0
+4756.771199601: grid210x_device byte send ff eoi 0
+4756.771252603: grid210x_device byte send 75 eoi 0
+4756.771303605: grid210x_device byte send 0f eoi 0
+4756.771355606: grid210x_device byte send c4 eoi 0
+4756.771408608: grid210x_device byte send 46 eoi 0
+4756.771460610: grid210x_device byte send 0a eoi 0
+4756.771514611: grid210x_device byte send 06 eoi 0
+4756.771700617: grid210x_device byte send 50 eoi 0
+4756.771770620: grid210x_device byte send e8 eoi 0
+4756.771825621: grid210x_device byte send 94 eoi 0
+4756.771879623: grid210x_device byte send fe eoi 0
+4756.771929625: grid210x_device byte send 09 eoi 0
+4756.771983626: grid210x_device byte send c0 eoi 0
+4756.772037628: grid210x_device byte send 74 eoi 0
+4756.772088630: grid210x_device byte send 03 eoi 0
+4756.772141631: grid210x_device byte send e9 eoi 0
+4756.772192633: grid210x_device byte send a0 eoi 0
+4756.772244635: grid210x_device byte send 00 eoi 0
+4756.772297636: grid210x_device byte send 8b eoi 0
+4756.772348638: grid210x_device byte send 0e eoi 0
+4756.772402640: grid210x_device byte send 8c eoi 0
+4756.772454641: grid210x_device byte send 0a eoi 0
+4756.772508643: grid210x_device byte send a1 eoi 0
+4756.772559645: grid210x_device byte send 8e eoi 0
+4756.772609646: grid210x_device byte send 0a eoi 0
+4756.773130663: grid210x_device byte send 03 eoi 0
+4756.773197665: grid210x_device byte send c8 eoi 0
+4756.773252667: grid210x_device byte send 8b eoi 0
+4756.773304669: grid210x_device byte send 46 eoi 0
+4756.773449673: grid210x_device byte send 04 eoi 0
+4756.773502675: grid210x_device byte send 3b eoi 0
+4756.773553677: grid210x_device byte send c8 eoi 0
+4756.773605678: grid210x_device byte send 76 eoi 0
+4756.773658680: grid210x_device byte send 07 eoi 0
+4756.773928688: grid210x_device byte send 2b eoi 0
+4756.773986690: grid210x_device byte send 06 eoi 0
+4756.774042692: grid210x_device byte send 8e eoi 0
+4756.774094694: grid210x_device byte send 0a eoi 0
+4756.774147695: grid210x_device byte send a3 eoi 0
+4756.774198697: grid210x_device byte send 8c eoi 0
+4756.774252699: grid210x_device byte send 0a eoi 0
+4756.774304700: grid210x_device byte send c4 eoi 0
+4756.774355702: grid210x_device byte send 5e eoi 0
+4756.774408704: grid210x_device byte send 0a eoi 0
+4756.774460705: grid210x_device byte send 26 eoi 0
+4756.774513707: grid210x_device byte send 8b eoi 0
+4756.774564709: grid210x_device byte send 87 eoi 0
+4756.774614710: grid210x_device byte send 04 eoi 0
+4756.774671712: grid210x_device byte send 04 eoi 0
+4756.774724714: grid210x_device byte send 26 eoi 0
+4756.774812717: grid210x_device byte send 8b eoi 0
+4756.774976722: grid210x_device byte send 97 eoi 0
+4756.775034724: grid210x_device byte send 06 eoi 0
+4756.775089726: grid210x_device byte send 04 eoi 0
+4756.775145727: grid210x_device byte send 8b eoi 0
+4756.775198729: grid210x_device byte send 0e eoi 0
+4756.775252731: grid210x_device byte send 8c eoi 0
+4756.775303732: grid210x_device byte send 0a eoi 0
+4756.775355734: grid210x_device byte send bf eoi 0
+4756.775408736: grid210x_device byte send 00 eoi 0
+4756.775460737: grid210x_device byte send 00 eoi 0
+4756.775514739: grid210x_device byte send 03 eoi 0
+4756.775565741: grid210x_device byte send c8 eoi 0
+4756.775617742: grid210x_device byte send 13 eoi 0
+4756.775670744: grid210x_device byte send fa eoi 0
+4756.775721746: grid210x_device byte send 26 eoi 0
+4756.775830749: grid210x_device byte send 8b eoi 0
+4756.776075757: grid210x_device byte send 37 eoi 0
+4756.776136759: grid210x_device byte send 26 eoi 0
+4756.776189761: grid210x_device byte send 8b eoi 0
+4756.776241762: grid210x_device byte send 47 eoi 0
+4756.776296764: grid210x_device byte send 02 eoi 0
+4756.776351766: grid210x_device byte send 3b eoi 0
+4756.776404768: grid210x_device byte send f8 eoi 0
+4756.776455769: grid210x_device byte send 75 eoi 0
+4756.776509771: grid210x_device byte send 02 eoi 0
+4756.776561773: grid210x_device byte send 3b eoi 0
+4756.776612774: grid210x_device byte send ce eoi 0
+4756.776663776: grid210x_device byte send 76 eoi 0
+4756.776714777: grid210x_device byte send 15 eoi 0
+4756.776766779: grid210x_device byte send 26 eoi 0
+4756.776817781: grid210x_device byte send 2b eoi 0
+4756.776866782: grid210x_device byte send b7 eoi 0
+4756.776921784: grid210x_device byte send 04 eoi 0
+4756.777120790: grid210x_device byte send 04 eoi 0
+4756.777185793: grid210x_device byte send 26 eoi 0
+4756.777237794: grid210x_device byte send 1b eoi 0
+4756.777290796: grid210x_device byte send 87 eoi 0
+4756.777341797: grid210x_device byte send 06 eoi 0
+4756.777396799: grid210x_device byte send 04 eoi 0
+4756.777448801: grid210x_device byte send 89 eoi 0
+4756.777501803: grid210x_device byte send 36 eoi 0
+4756.777551804: grid210x_device byte send 90 eoi 0
+4756.777603806: grid210x_device byte send 0a eoi 0
+4756.777656808: grid210x_device byte send c6 eoi 0
+4756.777709809: grid210x_device byte send 06 eoi 0
+4756.777763811: grid210x_device byte send b1 eoi 0
+4756.777814813: grid210x_device byte send 0e eoi 0
+4756.777868814: grid210x_device byte send 01 eoi 0
+4756.777924816: grid210x_device byte send eb eoi 0
+4756.777975818: grid210x_device byte send 06 eoi 0
+4756.778156824: grid210x_device byte send a1 eoi 0
+4756.778223826: grid210x_device byte send 8c eoi 0
+4756.778280827: grid210x_device byte send 0a eoi 0
+4756.778607838: grid210x_device byte send a3 eoi 0
+4756.778673840: grid210x_device byte send 90 eoi 0
+4756.778728842: grid210x_device byte send 0a eoi 0
+4756.778783844: grid210x_device byte send c4 eoi 0
+4756.778836845: grid210x_device byte send 1e eoi 0
+4756.778890847: grid210x_device byte send 92 eoi 0
+4756.778942849: grid210x_device byte send 0a eoi 0
+4756.778994850: grid210x_device byte send 8b eoi 0
+4756.779247858: grid210x_device byte send 36 eoi 0
+4756.779316861: grid210x_device byte send 8a eoi 0
+4756.779371862: grid210x_device byte send 0a eoi 0
+4756.779431864: grid210x_device byte send 8d eoi 0
+4756.779484866: grid210x_device byte send 70 eoi 0
+4756.779536868: grid210x_device byte send 04 eoi 0
+4756.779588869: grid210x_device byte send 06 eoi 0
+4756.779643871: grid210x_device byte send c4 eoi 0
+4756.779695873: grid210x_device byte send 5e eoi 0
+4756.779746874: grid210x_device byte send 06 eoi 0
+4756.779800876: grid210x_device byte send 8b eoi 0
+4756.779851878: grid210x_device byte send 3e eoi 0
+4756.779902879: grid210x_device byte send 8e eoi 0
+4756.779953881: grid210x_device byte send 0a eoi 0
+4756.780080885: grid210x_device byte send 8d eoi 0
+4756.780180888: grid210x_device byte send 39 eoi 0
+4756.780354894: grid210x_device byte send 8b eoi 0
+4756.780413896: grid210x_device byte send 0e eoi 0
+4756.780471897: grid210x_device byte send 90 eoi 0
+4756.780522899: grid210x_device byte send 0a eoi 0
+4756.780575901: grid210x_device byte send 1e eoi 0
+4756.780628902: grid210x_device byte send 8e eoi 0
+4756.780679904: grid210x_device byte send 9e eoi 0
+4756.780731906: grid210x_device byte send fe eoi 0
+4756.780786908: grid210x_device byte send ff eoi 0
+4756.780838909: grid210x_device byte send fc eoi 0
+4756.780891911: grid210x_device byte send f2 eoi 0
+4756.780943913: grid210x_device byte send a4 eoi 0
+4756.780994914: grid210x_device byte send 1f eoi 0
+4756.781048916: grid210x_device byte send 59 eoi 0
+4756.781100918: grid210x_device byte send a1 eoi 0
+4756.781154919: grid210x_device byte send 90 eoi 0
+4756.781205921: grid210x_device byte send 0a eoi 0
+4756.781402927: grid210x_device byte send 01 eoi 0
+4756.781464929: grid210x_device byte send 06 eoi 0
+4756.781521931: grid210x_device byte send 8e eoi 0
+4756.781573933: grid210x_device byte send 0a eoi 0
+4756.781627934: grid210x_device byte send c4 eoi 0
+4756.781679936: grid210x_device byte send 5e eoi 0
+4756.781730938: grid210x_device byte send 0a eoi 0
+4756.781783939: grid210x_device byte send ba eoi 0
+4756.781836941: grid210x_device byte send 00 eoi 0
+4756.781891943: grid210x_device byte send 00 eoi 0
+4756.781944945: grid210x_device byte send 26 eoi 0
+4756.781995946: grid210x_device byte send 03 eoi 0
+4756.782049948: grid210x_device byte send 87 eoi 0
+4756.782100949: grid210x_device byte send 04 eoi 0
+4756.782152951: grid210x_device byte send 04 eoi 0
+4756.782205953: grid210x_device byte send 26 eoi 0
+4756.782259955: grid210x_device byte send 13 eoi 0
+4756.782457961: grid210x_device byte send 97 eoi 0
+4756.782518963: grid210x_device byte send 06 eoi 0
+4756.782573965: grid210x_device byte send 04 eoi 0
+4756.782627966: grid210x_device byte send 26 eoi 0
+4756.782679968: grid210x_device byte send 89 eoi 0
+4756.782730970: grid210x_device byte send 87 eoi 0
+4756.782783971: grid210x_device byte send 04 eoi 0
+4756.782836973: grid210x_device byte send 04 eoi 0
+4756.782891975: grid210x_device byte send 26 eoi 0
+4756.782944976: grid210x_device byte send 89 eoi 0
+4756.782995978: grid210x_device byte send 97 eoi 0
+4756.783048980: grid210x_device byte send 06 eoi 0
+4756.783099981: grid210x_device byte send 04 eoi 0
+4756.783154983: grid210x_device byte send e9 eoi 0
+4756.783205985: grid210x_device byte send 10 eoi 0
+4756.783258986: grid210x_device byte send ff eoi 0
+4756.783309988: grid210x_device byte send a1 eoi 0
+4756.783520995: grid210x_device byte send 8e eoi 0
+4756.783582997: grid210x_device byte send 0a eoi 0
+4756.783639999: grid210x_device byte send 5d eoi 0
+4756.784087013: grid210x_device byte send c2 eoi 0
+4756.784160015: grid210x_device byte send 0a eoi 0
+4756.784217017: grid210x_device byte send 00 eoi 0
+4756.784272019: grid210x_device byte send 55 eoi 0
+4756.784324021: grid210x_device byte send 8b eoi 0
+4756.784571028: grid210x_device byte send ec eoi 0
+4756.784644031: grid210x_device byte send a1 eoi 0
+4756.784700033: grid210x_device byte send 00 eoi 0
+4756.784759034: grid210x_device byte send 00 eoi 0
+4756.784812036: grid210x_device byte send 09 eoi 0
+4756.784865038: grid210x_device byte send c0 eoi 0
+4756.784918039: grid210x_device byte send 75 eoi 0
+4756.784970041: grid210x_device byte send 2d eoi 0
+4756.785022043: grid210x_device byte send ff eoi 0
+4756.785074044: grid210x_device byte send 76 eoi 0
+4756.785124046: grid210x_device byte send 0c eoi 0
+4756.785177048: grid210x_device byte send b8 eoi 0
+4756.785228049: grid210x_device byte send 58 eoi 0
+4756.785280051: grid210x_device byte send 00 eoi 0
+4756.785332053: grid210x_device byte send 1e eoi 0
+4756.785386054: grid210x_device byte send 50 eoi 0
+4756.785438056: grid210x_device byte send e8 eoi 0
+4756.785622062: grid210x_device byte send 6d eoi 0
+4756.785696064: grid210x_device byte send fd eoi 0
+4756.785754066: grid210x_device byte send b8 eoi 0
+4756.785806068: grid210x_device byte send 58 eoi 0
+4756.785857069: grid210x_device byte send 00 eoi 0
+4756.785913071: grid210x_device byte send 1e eoi 0
+4756.785965073: grid210x_device byte send 50 eoi 0
+4756.786020075: grid210x_device byte send b8 eoi 0
+4756.786072076: grid210x_device byte send ef eoi 0
+4756.786122078: grid210x_device byte send 0e eoi 0
+4756.786176080: grid210x_device byte send 1e eoi 0
+4756.786227081: grid210x_device byte send 50 eoi 0
+4756.786279083: grid210x_device byte send b8 eoi 0
+4756.786331085: grid210x_device byte send 01 eoi 0
+4756.786385086: grid210x_device byte send 00 eoi 0
+4756.786437088: grid210x_device byte send 50 eoi 0
+4756.786488090: grid210x_device byte send e8 eoi 0
+4756.786669095: grid210x_device byte send ae eoi 0
+4756.786741098: grid210x_device byte send fe eoi 0
+4756.786800100: grid210x_device byte send a3 eoi 0
+4756.786852101: grid210x_device byte send 98 eoi 0
+4756.786902103: grid210x_device byte send 0a eoi 1
+4756.787373118: grid210x_device byte recv 5f atn 1 eoi 0
+4756.787403119: grid210x_device now not talking
+4756.789805196: grid210x_device byte recv 25 atn 1 eoi 0
+4756.789861197: grid210x_device now listening
+4756.791051235: grid210x_device byte recv 04 atn 0 eoi 0
+4756.791141238: grid210x_device byte recv 00 atn 0 eoi 0
+4756.791211240: grid210x_device byte recv 00 atn 0 eoi 0
+4756.791280243: grid210x_device byte recv 03 atn 0 eoi 0
+4756.791346245: grid210x_device byte recv 00 atn 0 eoi 0
+4756.791415247: grid210x_device byte recv 00 atn 0 eoi 0
+4756.791484249: grid210x_device byte recv 00 atn 0 eoi 0
+4756.791555251: grid210x_device byte recv 00 atn 0 eoi 0
+4756.791620254: grid210x_device byte recv 02 atn 0 eoi 0
+4756.792712288: grid210x_device byte recv 00 atn 0 eoi 1
+4756.792803291: grid210x_device byte recv 3f atn 1 eoi 0
+4756.792833292: grid210x_device now not listening
+4756.792845293: grid210x_device command 4, data size 512, sector no 3
+4756.794154334: grid210x_device byte recv 18 atn 1 eoi 0
+4756.794262338: grid210x_device byte recv 45 atn 1 eoi 0
+4756.794290339: grid210x_device now talking
+4756.794321340: grid210x_device byte send 4f eoi 0
+4756.794444344: grid210x_device byte recv 19 atn 1 eoi 0
+4756.794525346: grid210x_device byte recv 5f atn 1 eoi 0
+4756.794551347: grid210x_device now not talking
+4756.795878390: grid210x_device byte recv 45 atn 1 eoi 0
+4756.795918391: grid210x_device now talking
+4756.797098428: grid210x_device byte send 09 eoi 0
+4756.797547443: grid210x_device byte send c0 eoi 0
+4756.797616445: grid210x_device byte send 74 eoi 0
+4756.797673447: grid210x_device byte send 07 eoi 0
+4756.797727449: grid210x_device byte send 80 eoi 0
+4756.797780450: grid210x_device byte send 3e eoi 0
+4756.797831452: grid210x_device byte send ef eoi 0
+4756.798366469: grid210x_device byte send 0e eoi 0
+4756.798450472: grid210x_device byte send ff eoi 0
+4756.798511474: grid210x_device byte send 75 eoi 0
+4756.798562475: grid210x_device byte send 05 eoi 0
+4756.798616477: grid210x_device byte send b8 eoi 0
+4756.798669479: grid210x_device byte send 02 eoi 0
+4756.798722480: grid210x_device byte send 00 eoi 0
+4756.798776482: grid210x_device byte send eb eoi 0
+4756.798827484: grid210x_device byte send 6b eoi 0
+4756.798879485: grid210x_device byte send b8 eoi 0
+4756.798931487: grid210x_device byte send 58 eoi 0
+4756.798984489: grid210x_device byte send 00 eoi 0
+4756.799038490: grid210x_device byte send 1e eoi 0
+4756.799091492: grid210x_device byte send 50 eoi 0
+4756.799144494: grid210x_device byte send b8 eoi 0
+4756.799198496: grid210x_device byte send 96 eoi 0
+4756.799252497: grid210x_device byte send 0a eoi 0
+4756.799464504: grid210x_device byte send 1e eoi 0
+4756.799537506: grid210x_device byte send 50 eoi 0
+4756.799593508: grid210x_device byte send b8 eoi 0
+4756.799646510: grid210x_device byte send 02 eoi 0
+4756.799701512: grid210x_device byte send 00 eoi 0
+4756.799812515: grid210x_device byte send 50 eoi 0
+4756.799874517: grid210x_device byte send e8 eoi 0
+4756.799969520: grid210x_device byte send 8a eoi 0
+4756.800096524: grid210x_device byte send fe eoi 0
+4756.800163526: grid210x_device byte send a3 eoi 0
+4756.800217528: grid210x_device byte send 98 eoi 0
+4756.800271530: grid210x_device byte send 0a eoi 0
+4756.800325532: grid210x_device byte send b8 eoi 0
+4756.800517538: grid210x_device byte send 58 eoi 0
+4756.800586540: grid210x_device byte send 00 eoi 0
+4756.800644542: grid210x_device byte send 1e eoi 0
+4756.800698543: grid210x_device byte send 50 eoi 0
+4756.800752545: grid210x_device byte send b8 eoi 0
+4756.800803547: grid210x_device byte send b2 eoi 0
+4756.800854548: grid210x_device byte send 0e eoi 0
+4756.800909550: grid210x_device byte send 1e eoi 0
+4756.800960552: grid210x_device byte send 50 eoi 0
+4756.801013554: grid210x_device byte send b8 eoi 0
+4756.801065555: grid210x_device byte send 01 eoi 0
+4756.801117557: grid210x_device byte send 00 eoi 0
+4756.801175559: grid210x_device byte send 50 eoi 0
+4756.801227560: grid210x_device byte send e8 eoi 0
+4756.801280562: grid210x_device byte send 76 eoi 0
+4756.801332564: grid210x_device byte send fe eoi 0
+4756.801385565: grid210x_device byte send a3 eoi 0
+4756.801568571: grid210x_device byte send 98 eoi 0
+4756.801639574: grid210x_device byte send 0a eoi 0
+4756.801699575: grid210x_device byte send b8 eoi 0
+4756.801753577: grid210x_device byte send 58 eoi 0
+4756.801805579: grid210x_device byte send 00 eoi 0
+4756.801858581: grid210x_device byte send 1e eoi 0
+4756.801913582: grid210x_device byte send 50 eoi 0
+4756.801964584: grid210x_device byte send b8 eoi 0
+4756.802017586: grid210x_device byte send b3 eoi 0
+4756.802069587: grid210x_device byte send 0e eoi 0
+4756.802121589: grid210x_device byte send 1e eoi 0
+4756.802174591: grid210x_device byte send 50 eoi 0
+4756.802225592: grid210x_device byte send a0 eoi 0
+4756.802278594: grid210x_device byte send b2 eoi 0
+4756.802329596: grid210x_device byte send 0e eoi 0
+4756.802384597: grid210x_device byte send b4 eoi 0
+4756.802435599: grid210x_device byte send 00 eoi 0
+4756.802608604: grid210x_device byte send 50 eoi 0
+4756.802678607: grid210x_device byte send e8 eoi 0
+4756.802734609: grid210x_device byte send 60 eoi 0
+4756.802789610: grid210x_device byte send fe eoi 0
+4756.802841612: grid210x_device byte send a3 eoi 0
+4756.802894614: grid210x_device byte send 98 eoi 0
+4756.802946615: grid210x_device byte send 0a eoi 0
+4756.803002617: grid210x_device byte send c4 eoi 0
+4756.803054619: grid210x_device byte send 5e eoi 0
+4756.803106620: grid210x_device byte send 08 eoi 0
+4756.803161622: grid210x_device byte send a0 eoi 0
+4756.803213624: grid210x_device byte send b2 eoi 0
+4756.803266625: grid210x_device byte send 0e eoi 0
+4756.803318627: grid210x_device byte send 26 eoi 0
+4756.803370629: grid210x_device byte send 38 eoi 0
+4756.803907646: grid210x_device byte send 07 eoi 0
+4756.803973648: grid210x_device byte send 75 eoi 0
+4756.804030650: grid210x_device byte send 26 eoi 0
+4756.804084652: grid210x_device byte send b9 eoi 0
+4756.804139653: grid210x_device byte send b3 eoi 0
+4756.804190655: grid210x_device byte send 0e eoi 0
+4756.804243657: grid210x_device byte send 1e eoi 0
+4756.804299658: grid210x_device byte send 51 eoi 0
+4756.804350660: grid210x_device byte send 8d eoi 0
+4756.804419662: grid210x_device byte send 4f eoi 0
+4756.804476664: grid210x_device byte send 01 eoi 0
+4756.804532666: grid210x_device byte send 06 eoi 0
+4756.804585668: grid210x_device byte send 51 eoi 0
+4756.804828675: grid210x_device byte send b4 eoi 0
+4756.804906678: grid210x_device byte send 00 eoi 0
+4756.804967680: grid210x_device byte send 50 eoi 0
+4756.805022682: grid210x_device byte send 9a eoi 0
+4756.805074683: grid210x_device byte send ec eoi 0
+4756.805128685: grid210x_device byte send 00 eoi 0
+4756.805181687: grid210x_device byte send ef eoi 0
+4756.805232688: grid210x_device byte send ff eoi 0
+4756.805286690: grid210x_device byte send d0 eoi 0
+4756.805337692: grid210x_device byte send d8 eoi 0
+4756.805390693: grid210x_device byte send 73 eoi 0
+4756.805441695: grid210x_device byte send 10 eoi 0
+4756.805492697: grid210x_device byte send a1 eoi 0
+4756.805546698: grid210x_device byte send 96 eoi 0
+4756.805597700: grid210x_device byte send 0a eoi 0
+4756.805648702: grid210x_device byte send c4 eoi 0
+4756.805699703: grid210x_device byte send 5e eoi 0
+4756.805882709: grid210x_device byte send 04 eoi 0
+4756.805951711: grid210x_device byte send 26 eoi 0
+4756.806008713: grid210x_device byte send 89 eoi 0
+4756.806062715: grid210x_device byte send 07 eoi 0
+4756.806115716: grid210x_device byte send b8 eoi 0
+4756.806169718: grid210x_device byte send 00 eoi 0
+4756.806314723: grid210x_device byte send 00 eoi 0
+4756.806367725: grid210x_device byte send 5d eoi 0
+4756.806422726: grid210x_device byte send c2 eoi 0
+4756.806474728: grid210x_device byte send 0a eoi 0
+4756.806528730: grid210x_device byte send 00 eoi 0
+4756.806580731: grid210x_device byte send b8 eoi 0
+4756.806633733: grid210x_device byte send 58 eoi 0
+4756.806684735: grid210x_device byte send 00 eoi 0
+4756.806737736: grid210x_device byte send 1e eoi 0
+4756.806917742: grid210x_device byte send 50 eoi 0
+4756.806988744: grid210x_device byte send b8 eoi 0
+4756.807050746: grid210x_device byte send f0 eoi 0
+4756.807103748: grid210x_device byte send 0e eoi 0
+4756.807159750: grid210x_device byte send 1e eoi 0
+4756.807210751: grid210x_device byte send 50 eoi 0
+4756.807263753: grid210x_device byte send b8 eoi 0
+4756.807314755: grid210x_device byte send 01 eoi 0
+4756.807367756: grid210x_device byte send 00 eoi 0
+4756.807423758: grid210x_device byte send 50 eoi 0
+4756.807474760: grid210x_device byte send e8 eoi 0
+4756.807526762: grid210x_device byte send 1b eoi 0
+4756.807578763: grid210x_device byte send fe eoi 0
+4756.807630765: grid210x_device byte send a3 eoi 0
+4756.807680766: grid210x_device byte send 98 eoi 0
+4756.807732768: grid210x_device byte send 0a eoi 0
+4756.807842772: grid210x_device byte send e9 eoi 0
+4756.808079779: grid210x_device byte send 56 eoi 0
+4756.808138781: grid210x_device byte send ff eoi 0
+4756.808191783: grid210x_device byte send 55 eoi 0
+4756.808244784: grid210x_device byte send 8b eoi 0
+4756.808298786: grid210x_device byte send ec eoi 0
+4756.808350788: grid210x_device byte send b8 eoi 0
+4756.808403790: grid210x_device byte send 60 eoi 0
+4756.808454791: grid210x_device byte send 04 eoi 0
+4756.808510793: grid210x_device byte send 1e eoi 0
+4756.808563795: grid210x_device byte send 50 eoi 0
+4756.808614796: grid210x_device byte send b8 eoi 0
+4756.808666798: grid210x_device byte send 18 eoi 0
+4756.808716800: grid210x_device byte send 00 eoi 0
+4756.808771801: grid210x_device byte send 1e eoi 0
+4756.808823803: grid210x_device byte send 50 eoi 0
+4756.808874805: grid210x_device byte send b8 eoi 0
+4756.808927806: grid210x_device byte send 0a eoi 0
+4756.809383821: grid210x_device byte send 00 eoi 0
+4756.809447823: grid210x_device byte send 50 eoi 0
+4756.809502825: grid210x_device byte send e8 eoi 0
+4756.809554826: grid210x_device byte send 01 eoi 0
+4756.809606828: grid210x_device byte send fe eoi 0
+4756.809660830: grid210x_device byte send a3 eoi 0
+4756.809713831: grid210x_device byte send 9c eoi 0
+4756.809765833: grid210x_device byte send 0a eoi 0
+4756.809817835: grid210x_device byte send c7 eoi 0
+4756.810323851: grid210x_device byte send 06 eoi 0
+4756.810407854: grid210x_device byte send 9e eoi 0
+4756.810464855: grid210x_device byte send 0a eoi 0
+4756.810521857: grid210x_device byte send 00 eoi 0
+4756.810576859: grid210x_device byte send 00 eoi 0
+4756.810630861: grid210x_device byte send c7 eoi 0
+4756.810681862: grid210x_device byte send 06 eoi 0
+4756.810733864: grid210x_device byte send 9c eoi 0
+4756.810786866: grid210x_device byte send 0a eoi 0
+4756.810839867: grid210x_device byte send ec eoi 0
+4756.810893869: grid210x_device byte send 03 eoi 0
+4756.810945871: grid210x_device byte send b8 eoi 0
+4756.810996872: grid210x_device byte send ec eoi 0
+4756.811050874: grid210x_device byte send 03 eoi 0
+4756.811103876: grid210x_device byte send 39 eoi 0
+4756.811155877: grid210x_device byte send 06 eoi 0
+4756.811207879: grid210x_device byte send 9c eoi 0
+4756.811410886: grid210x_device byte send 0a eoi 0
+4756.811475888: grid210x_device byte send 75 eoi 0
+4756.811531889: grid210x_device byte send 1e eoi 0
+4756.811584891: grid210x_device byte send b9 eoi 0
+4756.811639893: grid210x_device byte send 60 eoi 0
+4756.811690895: grid210x_device byte send 04 eoi 0
+4756.811743896: grid210x_device byte send 1e eoi 0
+4756.811797898: grid210x_device byte send 51 eoi 0
+4756.811848900: grid210x_device byte send c4 eoi 0
+4756.811901901: grid210x_device byte send 1e eoi 0
+4756.811952903: grid210x_device byte send 1a eoi 0
+4756.812005905: grid210x_device byte send 00 eoi 0
+4756.812057906: grid210x_device byte send 8b eoi 0
+4756.812110908: grid210x_device byte send 36 eoi 0
+4756.812162910: grid210x_device byte send 9e eoi 0
+4756.812213911: grid210x_device byte send 0a eoi 0
+4756.812267913: grid210x_device byte send 8d eoi 0
+4756.812455919: grid210x_device byte send 08 eoi 0
+4756.812526921: grid210x_device byte send 06 eoi 0
+4756.812583923: grid210x_device byte send 51 eoi 0
+4756.812638925: grid210x_device byte send 50 eoi 0
+4756.812690927: grid210x_device byte send e8 eoi 0
+4756.812740928: grid210x_device byte send d4 eoi 0
+4756.812793930: grid210x_device byte send fd eoi 0
+4756.812846931: grid210x_device byte send a3 eoi 0
+4756.812898933: grid210x_device byte send 9c eoi 0
+4756.812949935: grid210x_device byte send 0a eoi 0
+4756.813004937: grid210x_device byte send 01 eoi 0
+4756.813055938: grid210x_device byte send 06 eoi 0
+4756.813108940: grid210x_device byte send 9e eoi 0
+4756.813162942: grid210x_device byte send 0a eoi 0
+4756.813214943: grid210x_device byte send eb eoi 0
+4756.813267945: grid210x_device byte send d9 eoi 0
+4756.813319947: grid210x_device byte send b8 eoi 0
+4756.813505953: grid210x_device byte send 1a eoi 0
+4756.813570955: grid210x_device byte send 00 eoi 0
+4756.813629956: grid210x_device byte send 1e eoi 0
+4756.813681958: grid210x_device byte send 50 eoi 0
+4756.813732960: grid210x_device byte send b8 eoi 0
+4756.813786962: grid210x_device byte send 08 eoi 0
+4756.813839963: grid210x_device byte send 00 eoi 0
+4756.813892965: grid210x_device byte send 50 eoi 0
+4756.813943967: grid210x_device byte send 9a eoi 0
+4756.813994968: grid210x_device byte send f1 eoi 0
+4756.814051970: grid210x_device byte send 00 eoi 0
+4756.814102972: grid210x_device byte send ef eoi 0
+4756.814155973: grid210x_device byte send ff eoi 0
+4756.814207975: grid210x_device byte send 50 eoi 0
+4756.814260977: grid210x_device byte send c4 eoi 0
+4756.814311978: grid210x_device byte send 06 eoi 0
+4756.814363980: grid210x_device byte send 1a eoi 0
+4756.814544986: grid210x_device byte send 00 eoi 0
+4756.814613988: grid210x_device byte send 06 eoi 0
+4756.814986000: grid210x_device byte send 50 eoi 0
+4756.815052002: grid210x_device byte send ff eoi 0
+4756.815106004: grid210x_device byte send 36 eoi 0
+4756.815158005: grid210x_device byte send 9e eoi 0
+4756.815209007: grid210x_device byte send 0a eoi 0
+4756.815263009: grid210x_device byte send 9a eoi 0
+4756.815315010: grid210x_device byte send f1 eoi 0
+4756.815366012: grid210x_device byte send 00 eoi 0
+4756.815424014: grid210x_device byte send ef eoi 0
+4756.815688022: grid210x_device byte send ff eoi 0
+4756.815815026: grid210x_device byte send 59 eoi 0
+4756.815914029: grid210x_device byte send 03 eoi 0
+4756.815979032: grid210x_device byte send c1 eoi 0
+4756.816035033: grid210x_device byte send 3b eoi 0
+4756.816089035: grid210x_device byte send 06 eoi 0
+4756.816143037: grid210x_device byte send 18 eoi 0
+4756.816195038: grid210x_device byte send 00 eoi 0
+4756.816246040: grid210x_device byte send 74 eoi 0
+4756.816300042: grid210x_device byte send 06 eoi 0
+4756.816353043: grid210x_device byte send c7 eoi 0
+4756.816407045: grid210x_device byte send 06 eoi 0
+4756.816460047: grid210x_device byte send 00 eoi 0
+4756.816516049: grid210x_device byte send 00 eoi 0
+4756.816706055: grid210x_device byte send 03 eoi 0
+4756.816781057: grid210x_device byte send 00 eoi 0
+4756.816839059: grid210x_device byte send 5d eoi 0
+4756.816893061: grid210x_device byte send c3 eoi 0
+4756.816946062: grid210x_device byte send 55 eoi 0
+4756.816998064: grid210x_device byte send 8b eoi 0
+4756.817052066: grid210x_device byte send ec eoi 0
+4756.817104067: grid210x_device byte send b0 eoi 0
+4756.817156069: grid210x_device byte send 00 eoi 0
+4756.817208071: grid210x_device byte send a2 eoi 0
+4756.817261072: grid210x_device byte send 2f eoi 0
+4756.817313074: grid210x_device byte send 00 eoi 0
+4756.817365076: grid210x_device byte send a2 eoi 0
+4756.817418077: grid210x_device byte send 56 eoi 0
+4756.817469079: grid210x_device byte send 00 eoi 0
+4756.817523081: grid210x_device byte send a1 eoi 0
+4756.817575082: grid210x_device byte send 76 eoi 0
+4756.817629084: grid210x_device byte send 08 eoi 0
+4756.817838091: grid210x_device byte send 09 eoi 0
+4756.817900093: grid210x_device byte send c0 eoi 0
+4756.817954095: grid210x_device byte send 74 eoi 0
+4756.818007096: grid210x_device byte send 24 eoi 0
+4756.818059098: grid210x_device byte send a3 eoi 0
+4756.818110100: grid210x_device byte send 50 eoi 0
+4756.818164101: grid210x_device byte send 00 eoi 0
+4756.818217103: grid210x_device byte send a1 eoi 0
+4756.818269105: grid210x_device byte send 78 eoi 0
+4756.818323106: grid210x_device byte send 08 eoi 0
+4756.818375108: grid210x_device byte send a3 eoi 0
+4756.818429110: grid210x_device byte send 52 eoi 0
+4756.818480111: grid210x_device byte send 00 eoi 0
+4756.818533113: grid210x_device byte send 8b eoi 0
+4756.818584115: grid210x_device byte send 0e eoi 0
+4756.818638116: grid210x_device byte send 7a eoi 0
+4756.818690118: grid210x_device byte send 08 eoi 0
+4756.818898125: grid210x_device byte send 89 eoi 0
+4756.818958127: grid210x_device byte send 0e eoi 0
+4756.819014128: grid210x_device byte send 54 eoi 0
+4756.819066130: grid210x_device byte send 00 eoi 0
+4756.819119132: grid210x_device byte send 8a eoi 0
+4756.819174134: grid210x_device byte send 16 eoi 0
+4756.819225135: grid210x_device byte send 7e eoi 0
+4756.819277137: grid210x_device byte send 08 eoi 0
+4756.819329139: grid210x_device byte send 88 eoi 0
+4756.819381140: grid210x_device byte send 16 eoi 0
+4756.819432142: grid210x_device byte send 57 eoi 0
+4756.819483143: grid210x_device byte send 00 eoi 0
+4756.819537145: grid210x_device byte send f7 eoi 0
+4756.819588147: grid210x_device byte send e1 eoi 0
+4756.819641148: grid210x_device byte send f7 eoi 0
+4756.819691150: grid210x_device byte send 26 eoi 0
+4756.819742152: grid210x_device byte send 7c eoi 0
+4756.819922157: grid210x_device byte send 08 eoi 0
+4756.819987160: grid210x_device byte send a3 eoi 0
+4756.820111163: grid210x_device byte send 26 eoi 0
+4756.820499176: grid210x_device byte send 00 eoi 0
+4756.820570178: grid210x_device byte send eb eoi 0
+4756.820625180: grid210x_device byte send 17 eoi 0
+4756.820681182: grid210x_device byte send c7 eoi 0
+4756.820732183: grid210x_device byte send 06 eoi 0
+4756.820785185: grid210x_device byte send 52 eoi 0
+4756.821051194: grid210x_device byte send 00 eoi 0
+4756.821119196: grid210x_device byte send 09 eoi 0
+4756.821176198: grid210x_device byte send 00 eoi 0
+4756.821230199: grid210x_device byte send c7 eoi 0
+4756.821283201: grid210x_device byte send 06 eoi 0
+4756.821336203: grid210x_device byte send 54 eoi 0
+4756.821390204: grid210x_device byte send 00 eoi 0
+4756.821443206: grid210x_device byte send 02 eoi 0
+4756.821495208: grid210x_device byte send 00 eoi 0
+4756.821549209: grid210x_device byte send c6 eoi 0
+4756.821600211: grid210x_device byte send 06 eoi 0
+4756.821654213: grid210x_device byte send 57 eoi 0
+4756.821706214: grid210x_device byte send 00 eoi 0
+4756.821761216: grid210x_device byte send 01 eoi 0
+4756.821813218: grid210x_device byte send c7 eoi 0
+4756.821865220: grid210x_device byte send 06 eoi 0
+4756.822052225: grid210x_device byte send 26 eoi 0
+4756.822128228: grid210x_device byte send 00 eoi 0
+4756.822188230: grid210x_device byte send d0 eoi 0
+4756.822240231: grid210x_device byte send 02 eoi 0
+4756.822294233: grid210x_device byte send b8 eoi 0
+4756.822347235: grid210x_device byte send 22 eoi 0
+4756.822399237: grid210x_device byte send 00 eoi 0
+4756.822453238: grid210x_device byte send 1e eoi 0
+4756.822504240: grid210x_device byte send 50 eoi 0
+4756.822555242: grid210x_device byte send b8 eoi 0
+4756.822606243: grid210x_device byte send ff eoi 0
+4756.822658245: grid210x_device byte send ff eoi 0
+4756.822803249: grid210x_device byte send 89 eoi 0
+4756.822855251: grid210x_device byte send c2 eoi 0
+4756.822909253: grid210x_device byte send 52 eoi 0
+4756.822960254: grid210x_device byte send 50 eoi 0
+4756.823150261: grid210x_device byte send ff eoi 0
+4756.823216263: grid210x_device byte send 36 eoi 0
+4756.823273264: grid210x_device byte send 22 eoi 0
+4756.823325266: grid210x_device byte send 00 eoi 0
+4756.823381268: grid210x_device byte send e8 eoi 0
+4756.823432270: grid210x_device byte send 7b eoi 0
+4756.823483271: grid210x_device byte send fb eoi 0
+4756.823536273: grid210x_device byte send c6 eoi 0
+4756.823588275: grid210x_device byte send 06 eoi 0
+4756.823642276: grid210x_device byte send a5 eoi 0
+4756.823694278: grid210x_device byte send 0e eoi 0
+4756.823747280: grid210x_device byte send 01 eoi 0
+4756.823864283: grid210x_device byte send b8 eoi 0
+4756.823960286: grid210x_device byte send 05 eoi 0
+4756.824020288: grid210x_device byte send 00 eoi 0
+4756.824223295: grid210x_device byte send 50 eoi 0
+4756.824291297: grid210x_device byte send b8 eoi 0
+4756.824347299: grid210x_device byte send 99 eoi 0
+4756.824399300: grid210x_device byte send 0e eoi 0
+4756.824453302: grid210x_device byte send 1e eoi 0
+4756.824506304: grid210x_device byte send 50 eoi 0
+4756.824557305: grid210x_device byte send b8 eoi 0
+4756.824609307: grid210x_device byte send a0 eoi 0
+4756.824662309: grid210x_device byte send 0a eoi 0
+4756.824715311: grid210x_device byte send 1e eoi 0
+4756.824768312: grid210x_device byte send 50 eoi 0
+4756.824819314: grid210x_device byte send ff eoi 0
+4756.824870315: grid210x_device byte send 1e eoi 0
+4756.824923317: grid210x_device byte send ac eoi 0
+4756.824975319: grid210x_device byte send 0e eoi 0
+4756.825030321: grid210x_device byte send 5d eoi 0
+4756.825082322: grid210x_device byte send c3 eoi 0
+4756.825265328: grid210x_device byte send 55 eoi 0
+4756.825330330: grid210x_device byte send 8b eoi 0
+4756.825389332: grid210x_device byte send ec eoi 0
+4756.825444334: grid210x_device byte send b8 eoi 0
+4756.825496335: grid210x_device byte send 00 eoi 0
+4756.825553337: grid210x_device byte send 00 eoi 0
+4756.825605339: grid210x_device byte send 89 eoi 0
+4756.825658341: grid210x_device byte send c2 eoi 0
+4756.825710342: grid210x_device byte send a3 eoi 0
+4756.826057353: grid210x_device byte send 0c eoi 0
+4756.826122355: grid210x_device byte send 00 eoi 0
+4756.826389364: grid210x_device byte send 89 eoi 0
+4756.826454366: grid210x_device byte send 16 eoi 0
+4756.826510368: grid210x_device byte send 0e eoi 0
+4756.826566370: grid210x_device byte send 00 eoi 0
+4756.826619371: grid210x_device byte send c6 eoi 0
+4756.826674373: grid210x_device byte send 06 eoi 0
+4756.826727375: grid210x_device byte send f1 eoi 0
+4756.826781377: grid210x_device byte send 0e eoi 0
+4756.826833378: grid210x_device byte send 01 eoi 0
+4756.826886380: grid210x_device byte send c6 eoi 0
+4756.826937382: grid210x_device byte send 06 eoi 0
+4756.826991383: grid210x_device byte send b0 eoi 0
+4756.827045385: grid210x_device byte send 0e eoi 0
+4756.827098387: grid210x_device byte send 04 eoi 0
+4756.827152388: grid210x_device byte send bf eoi 0
+4756.827204390: grid210x_device byte send ef eoi 0
+4756.827258392: grid210x_device byte send ff eoi 0
+4756.827454398: grid210x_device byte send b9 eoi 0
+4756.827514400: grid210x_device byte send 24 eoi 0
+4756.827567402: grid210x_device byte send 00 eoi 0
+4756.827622403: grid210x_device byte send 89 eoi 0
+4756.827680405: grid210x_device byte send 0e eoi 0
+4756.827732407: grid210x_device byte send ac eoi 0
+4756.827785409: grid210x_device byte send 0e eoi 0
+4756.827838410: grid210x_device byte send 89 eoi 0
+4756.827891412: grid210x_device byte send 3e eoi 0
+4756.827943414: grid210x_device byte send ae eoi 0
+4756.827994415: grid210x_device byte send 0e eoi 0
+4756.828049417: grid210x_device byte send 80 eoi 0
+4756.828101419: grid210x_device byte send 3e eoi 0
+4756.828154420: grid210x_device byte send b0 eoi 0
+4756.828206422: grid210x_device byte send 0a eoi 0
+4756.828262424: grid210x_device byte send 62 eoi 0
+4756.828313425: grid210x_device byte send 75 eoi 0
+4756.828513432: grid210x_device byte send 18 eoi 0
+4756.828572434: grid210x_device byte send c6 eoi 0
+4756.828628436: grid210x_device byte send 06 eoi 0
+4756.828682437: grid210x_device byte send b0 eoi 0
+4756.828734439: grid210x_device byte send 0e eoi 0
+4756.828789441: grid210x_device byte send ff eoi 0
+4756.828841442: grid210x_device byte send bf eoi 0
+4756.828893444: grid210x_device byte send ef eoi 0
+4756.828944446: grid210x_device byte send ff eoi 0
+4756.828995447: grid210x_device byte send b9 eoi 0
+4756.829050449: grid210x_device byte send 1a eoi 0
+4756.829101451: grid210x_device byte send 00 eoi 0
+4756.829154452: grid210x_device byte send 89 eoi 0
+4756.829205454: grid210x_device byte send 0e eoi 0
+4756.829260456: grid210x_device byte send ac eoi 0
+4756.829311457: grid210x_device byte send 0e eoi 0
+4756.829364459: grid210x_device byte send 89 eoi 0
+4756.829549465: grid210x_device byte send 3e eoi 0
+4756.829609467: grid210x_device byte send ae eoi 0
+4756.829664469: grid210x_device byte send 0e eoi 0
+4756.829719470: grid210x_device byte send a2 eoi 0
+4756.829773472: grid210x_device byte send f1 eoi 0
+4756.829825474: grid210x_device byte send 0e eoi 0
+4756.829879475: grid210x_device byte send eb eoi 0
+4756.829930477: grid210x_device byte send 1a eoi 0
+4756.829981479: grid210x_device byte send 80 eoi 0
+4756.830108483: grid210x_device byte send 3e eoi 0
+4756.830174485: grid210x_device byte send b0 eoi 0
+4756.830229487: grid210x_device byte send 0a eoi 0
+4756.830285488: grid210x_device byte send 63 eoi 0
+4756.830337490: grid210x_device byte send 75 eoi 0
+4756.830391492: grid210x_device byte send 07 eoi 0
+4756.830580498: grid210x_device byte send c6 eoi 0
+4756.830649500: grid210x_device byte send 06 eoi 0
+4756.830706502: grid210x_device byte send b0 eoi 0
+4756.830761504: grid210x_device byte send 0e eoi 0
+4756.830814505: grid210x_device byte send 06 eoi 0
+4756.830866507: grid210x_device byte send eb eoi 0
+4756.830920509: grid210x_device byte send 0c eoi 0
+4756.830974510: grid210x_device byte send 80 eoi 0
+4756.831025512: grid210x_device byte send 3e eoi 0
+4756.831077514: grid210x_device byte send b0 eoi 0
+4756.831129515: grid210x_device byte send 0a eoi 0
+4756.831690533: grid210x_device byte send 77 eoi 0
+4756.831824538: grid210x_device byte send 74 eoi 0
+4756.831923541: grid210x_device byte send 05 eoi 0
+4756.831986543: grid210x_device byte send c6 eoi 0
+4756.832041545: grid210x_device byte send 06 eoi 0
+4756.832096546: grid210x_device byte send b0 eoi 0
+4756.832149548: grid210x_device byte send 0e eoi 0
+4756.832202550: grid210x_device byte send 05 eoi 0
+4756.832256551: grid210x_device byte send b8 eoi 0
+4756.832307553: grid210x_device byte send 22 eoi 0
+4756.832358555: grid210x_device byte send 00 eoi 0
+4756.832413556: grid210x_device byte send 1e eoi 0
+4756.832466558: grid210x_device byte send 50 eoi 0
+4756.832520560: grid210x_device byte send b8 eoi 0
+4756.832571561: grid210x_device byte send 00 eoi 0
+4756.832774568: grid210x_device byte send 00 eoi 0
+4756.832846570: grid210x_device byte send 89 eoi 0
+4756.832903572: grid210x_device byte send c2 eoi 0
+4756.832955574: grid210x_device byte send 52 eoi 0
+4756.833009575: grid210x_device byte send 50 eoi 0
+4756.833060577: grid210x_device byte send b8 eoi 0
+4756.833112579: grid210x_device byte send 36 eoi 0
+4756.833163580: grid210x_device byte send 00 eoi 0
+4756.833215582: grid210x_device byte send 50 eoi 0
+4756.833268584: grid210x_device byte send e8 eoi 0
+4756.833320585: grid210x_device byte send ef eoi 0
+4756.833372587: grid210x_device byte send fa eoi 0
+4756.833425589: grid210x_device byte send b8 eoi 0
+4756.833477590: grid210x_device byte send 01 eoi 0
+4756.833531592: grid210x_device byte send 00 eoi 0
+4756.833583594: grid210x_device byte send 50 eoi 0
+4756.833634595: grid210x_device byte send b8 eoi 1
+4756.834103610: grid210x_device byte recv 5f atn 1 eoi 0
+4756.834145612: grid210x_device now not talking
+4756.836419684: grid210x_device byte recv 25 atn 1 eoi 0
+4756.836468686: grid210x_device now listening
+4756.837624723: grid210x_device byte recv 04 atn 0 eoi 0
+4756.837714726: grid210x_device byte recv 00 atn 0 eoi 0
+4756.837787728: grid210x_device byte recv 00 atn 0 eoi 0
+4756.837857730: grid210x_device byte recv 04 atn 0 eoi 0
+4756.838063737: grid210x_device byte recv 00 atn 0 eoi 0
+4756.838139739: grid210x_device byte recv 00 atn 0 eoi 0
+4756.838208742: grid210x_device byte recv 00 atn 0 eoi 0
+4756.838277744: grid210x_device byte recv 00 atn 0 eoi 0
+4756.838343746: grid210x_device byte recv 02 atn 0 eoi 0
+4756.839595786: grid210x_device byte recv 00 atn 0 eoi 1
+4756.839683789: grid210x_device byte recv 3f atn 1 eoi 0
+4756.839712790: grid210x_device now not listening
+4756.839724790: grid210x_device command 4, data size 512, sector no 4
+4756.840959829: grid210x_device byte recv 18 atn 1 eoi 0
+4756.841062833: grid210x_device byte recv 45 atn 1 eoi 0
+4756.841091834: grid210x_device now talking
+4756.841287840: grid210x_device byte send 4f eoi 0
+4756.841424844: grid210x_device byte recv 19 atn 1 eoi 0
+4756.841514847: grid210x_device byte recv 5f atn 1 eoi 0
+4756.841540848: grid210x_device now not talking
+4756.842863890: grid210x_device byte recv 45 atn 1 eoi 0
+4756.842907892: grid210x_device now talking
+4756.844084929: grid210x_device byte send 99 eoi 0
+4756.844533944: grid210x_device byte send 0e eoi 0
+4756.844603946: grid210x_device byte send 1e eoi 0
+4756.844660948: grid210x_device byte send 50 eoi 0
+4756.844713949: grid210x_device byte send b8 eoi 0
+4756.844766951: grid210x_device byte send 00 eoi 0
+4756.844818953: grid210x_device byte send 00 eoi 0
+4756.844870954: grid210x_device byte send 1e eoi 0
+4756.844923956: grid210x_device byte send 50 eoi 0
+4756.844975958: grid210x_device byte send ff eoi 0
+4756.845030959: grid210x_device byte send 1e eoi 0
+4756.845081961: grid210x_device byte send ac eoi 0
+4756.845135963: grid210x_device byte send 0e eoi 0
+4756.845188964: grid210x_device byte send 83 eoi 0
+4756.845239966: grid210x_device byte send 3e eoi 0
+4756.845290968: grid210x_device byte send 00 eoi 0
+4756.845342969: grid210x_device byte send 00 eoi 0
+4756.845538976: grid210x_device byte send 00 eoi 0
+4756.845596977: grid210x_device byte send 74 eoi 0
+4756.845957989: grid210x_device byte send 02 eoi 0
+4756.846025991: grid210x_device byte send 5d eoi 0
+4756.846078993: grid210x_device byte send c3 eoi 0
+4756.846130995: grid210x_device byte send b8 eoi 0
+4756.846183996: grid210x_device byte send 00 eoi 0
+4756.846236998: grid210x_device byte send 02 eoi 0
+4756.846291000: grid210x_device byte send 31 eoi 0
+4756.846343001: grid210x_device byte send d2 eoi 0
+4756.846597009: grid210x_device byte send f7 eoi 0
+4756.846674012: grid210x_device byte send 36 eoi 0
+4756.846731014: grid210x_device byte send 22 eoi 0
+4756.846784015: grid210x_device byte send 00 eoi 0
+4756.846839017: grid210x_device byte send a3 eoi 0
+4756.846893019: grid210x_device byte send a2 eoi 0
+4756.846945021: grid210x_device byte send 0a eoi 0
+4756.846999022: grid210x_device byte send b8 eoi 0
+4756.847054024: grid210x_device byte send 68 eoi 0
+4756.847105026: grid210x_device byte send 08 eoi 0
+4756.847159027: grid210x_device byte send a3 eoi 0
+4756.847211029: grid210x_device byte send a4 eoi 0
+4756.847264031: grid210x_device byte send 0a eoi 0
+4756.847315032: grid210x_device byte send 8c eoi 0
+4756.847366034: grid210x_device byte send 1e eoi 0
+4756.847420036: grid210x_device byte send a6 eoi 0
+4756.847472037: grid210x_device byte send 0a eoi 0
+4756.847657043: grid210x_device byte send c6 eoi 0
+4756.847725045: grid210x_device byte send 06 eoi 0
+4756.847840049: grid210x_device byte send f2 eoi 0
+4756.847935052: grid210x_device byte send 0e eoi 0
+4756.847995054: grid210x_device byte send 00 eoi 0
+4756.848056056: grid210x_device byte send a1 eoi 0
+4756.848107058: grid210x_device byte send a2 eoi 0
+4756.848159059: grid210x_device byte send 0a eoi 0
+4756.848212061: grid210x_device byte send 48 eoi 0
+4756.848265063: grid210x_device byte send 8a eoi 0
+4756.848316064: grid210x_device byte send 0e eoi 0
+4756.848369066: grid210x_device byte send f2 eoi 0
+4756.848423068: grid210x_device byte send 0e eoi 0
+4756.848476069: grid210x_device byte send b5 eoi 0
+4756.848528071: grid210x_device byte send 00 eoi 0
+4756.848727077: grid210x_device byte send 3b eoi 0
+4756.848796080: grid210x_device byte send c8 eoi 0
+4756.848852081: grid210x_device byte send 77 eoi 0
+4756.848908083: grid210x_device byte send 29 eoi 0
+4756.848960085: grid210x_device byte send 83 eoi 0
+4756.849015087: grid210x_device byte send 3e eoi 0
+4756.849066088: grid210x_device byte send 00 eoi 0
+4756.849119090: grid210x_device byte send 00 eoi 0
+4756.849174092: grid210x_device byte send 00 eoi 0
+4756.849227093: grid210x_device byte send 75 eoi 0
+4756.849281095: grid210x_device byte send 1c eoi 0
+4756.849333097: grid210x_device byte send b8 eoi 0
+4756.849386098: grid210x_device byte send 00 eoi 0
+4756.849438100: grid210x_device byte send 00 eoi 0
+4756.849489102: grid210x_device byte send 50 eoi 0
+4756.849542103: grid210x_device byte send 8b eoi 0
+4756.849594105: grid210x_device byte send 16 eoi 0
+4756.849773111: grid210x_device byte send 22 eoi 0
+4756.849841113: grid210x_device byte send 00 eoi 0
+4756.849900115: grid210x_device byte send 89 eoi 0
+4756.849953117: grid210x_device byte send d0 eoi 0
+4756.850073120: grid210x_device byte send f7 eoi 0
+4756.850140123: grid210x_device byte send e1 eoi 0
+4756.850362130: grid210x_device byte send 89 eoi 0
+4756.850414131: grid210x_device byte send c6 eoi 0
+4756.850466133: grid210x_device byte send c4 eoi 0
+4756.850518135: grid210x_device byte send 1e eoi 0
+4756.850570136: grid210x_device byte send a4 eoi 0
+4756.850621138: grid210x_device byte send 0a eoi 0
+4756.850676140: grid210x_device byte send 8d eoi 0
+4756.850875146: grid210x_device byte send 00 eoi 0
+4756.850938148: grid210x_device byte send 06 eoi 0
+4756.850993150: grid210x_device byte send 50 eoi 0
+4756.851048152: grid210x_device byte send e8 eoi 0
+4756.851100153: grid210x_device byte send c2 eoi 0
+4756.851154155: grid210x_device byte send fa eoi 0
+4756.851216157: grid210x_device byte send a3 eoi 0
+4756.851271159: grid210x_device byte send 00 eoi 0
+4756.851325160: grid210x_device byte send 00 eoi 0
+4756.851705173: grid210x_device byte send fe eoi 0
+4756.851973181: grid210x_device byte send 06 eoi 0
+4756.852044183: grid210x_device byte send f2 eoi 0
+4756.852097185: grid210x_device byte send 0e eoi 0
+4756.852152187: grid210x_device byte send 75 eoi 0
+4756.852204188: grid210x_device byte send c9 eoi 0
+4756.852257190: grid210x_device byte send 83 eoi 0
+4756.852308192: grid210x_device byte send 3e eoi 0
+4756.852359193: grid210x_device byte send 00 eoi 0
+4756.852414195: grid210x_device byte send 00 eoi 0
+4756.852468197: grid210x_device byte send 00 eoi 0
+4756.852520199: grid210x_device byte send 74 eoi 0
+4756.852572200: grid210x_device byte send 02 eoi 0
+4756.852625202: grid210x_device byte send 5d eoi 0
+4756.852677204: grid210x_device byte send c3 eoi 0
+4756.852728205: grid210x_device byte send a0 eoi 0
+4756.852781207: grid210x_device byte send f1 eoi 0
+4756.852832209: grid210x_device byte send 0e eoi 0
+4756.853021215: grid210x_device byte send d0 eoi 0
+4756.853087217: grid210x_device byte send d8 eoi 0
+4756.853144219: grid210x_device byte send 73 eoi 0
+4756.853196220: grid210x_device byte send 0b eoi 0
+4756.853250222: grid210x_device byte send 81 eoi 0
+4756.853303224: grid210x_device byte send 3e eoi 0
+4756.853354225: grid210x_device byte send 26 eoi 0
+4756.853407227: grid210x_device byte send 00 eoi 0
+4756.853460229: grid210x_device byte send 40 eoi 0
+4756.853513230: grid210x_device byte send 1f eoi 0
+4756.853564232: grid210x_device byte send 73 eoi 0
+4756.853614234: grid210x_device byte send 03 eoi 0
+4756.853670235: grid210x_device byte send e8 eoi 0
+4756.853721237: grid210x_device byte send 8c eoi 0
+4756.853774239: grid210x_device byte send fe eoi 0
+4756.853825240: grid210x_device byte send 81 eoi 0
+4756.853876242: grid210x_device byte send 3e eoi 0
+4756.854066248: grid210x_device byte send 24 eoi 0
+4756.854133250: grid210x_device byte send 0a eoi 0
+4756.854190252: grid210x_device byte send aa eoi 0
+4756.854242254: grid210x_device byte send 55 eoi 0
+4756.854296255: grid210x_device byte send 75 eoi 0
+4756.854348257: grid210x_device byte send 1d eoi 0
+4756.854400259: grid210x_device byte send a1 eoi 0
+4756.854452260: grid210x_device byte send 08 eoi 0
+4756.854505262: grid210x_device byte send 00 eoi 0
+4756.854558264: grid210x_device byte send 8b eoi 0
+4756.854608265: grid210x_device byte send 16 eoi 0
+4756.854661267: grid210x_device byte send 0a eoi 0
+4756.854713269: grid210x_device byte send 00 eoi 0
+4756.854768270: grid210x_device byte send a3 eoi 0
+4756.854819272: grid210x_device byte send 0c eoi 0
+4756.854873274: grid210x_device byte send 00 eoi 0
+4756.854928276: grid210x_device byte send 89 eoi 0
+4756.855108281: grid210x_device byte send 16 eoi 0
+4756.855178283: grid210x_device byte send 0e eoi 0
+4756.855235285: grid210x_device byte send 00 eoi 0
+4756.855291287: grid210x_device byte send b8 eoi 0
+4756.855341289: grid210x_device byte send 00 eoi 0
+4756.855394290: grid210x_device byte send 00 eoi 0
+4756.855447292: grid210x_device byte send 50 eoi 0
+4756.855499294: grid210x_device byte send b8 eoi 0
+4756.855553295: grid210x_device byte send 68 eoi 0
+4756.855697300: grid210x_device byte send 08 eoi 0
+4756.855751302: grid210x_device byte send 1e eoi 0
+4756.855866305: grid210x_device byte send 50 eoi 0
+4756.855960308: grid210x_device byte send e8 eoi 0
+4756.856153315: grid210x_device byte send 7c eoi 0
+4756.856223317: grid210x_device byte send fa eoi 0
+4756.856281319: grid210x_device byte send a3 eoi 0
+4756.856333320: grid210x_device byte send 00 eoi 0
+4756.856389322: grid210x_device byte send 00 eoi 0
+4756.856442324: grid210x_device byte send a1 eoi 0
+4756.856494326: grid210x_device byte send 88 eoi 0
+4756.856548327: grid210x_device byte send 08 eoi 0
+4756.856602329: grid210x_device byte send 09 eoi 0
+4756.856656331: grid210x_device byte send c0 eoi 0
+4756.856707332: grid210x_device byte send 74 eoi 0
+4756.856760334: grid210x_device byte send 03 eoi 0
+4756.856812336: grid210x_device byte send a3 eoi 0
+4756.857359353: grid210x_device byte send 2b eoi 0
+4756.857428355: grid210x_device byte send 00 eoi 0
+4756.857483357: grid210x_device byte send 5d eoi 0
+4756.857538359: grid210x_device byte send c3 eoi 0
+4756.857589360: grid210x_device byte send 55 eoi 0
+4756.857641362: grid210x_device byte send 8b eoi 0
+4756.857692364: grid210x_device byte send ec eoi 0
+4756.857743365: grid210x_device byte send 9a eoi 0
+4756.857796367: grid210x_device byte send 15 eoi 0
+4756.857848369: grid210x_device byte send 00 eoi 0
+4756.857901370: grid210x_device byte send ef eoi 0
+4756.857953372: grid210x_device byte send ff eoi 0
+4756.858006374: grid210x_device byte send 89 eoi 0
+4756.858057375: grid210x_device byte send 1e eoi 0
+4756.858108377: grid210x_device byte send 14 eoi 0
+4756.858159379: grid210x_device byte send 00 eoi 0
+4756.858356385: grid210x_device byte send 8c eoi 0
+4756.858425387: grid210x_device byte send 06 eoi 0
+4756.858483389: grid210x_device byte send 16 eoi 0
+4756.858536391: grid210x_device byte send 00 eoi 0
+4756.858589392: grid210x_device byte send 26 eoi 0
+4756.858642394: grid210x_device byte send 8a eoi 0
+4756.858694396: grid210x_device byte send 47 eoi 0
+4756.858744397: grid210x_device byte send 16 eoi 0
+4756.858797399: grid210x_device byte send a2 eoi 0
+4756.858848401: grid210x_device byte send b0 eoi 0
+4756.858900402: grid210x_device byte send 0a eoi 0
+4756.858954404: grid210x_device byte send e8 eoi 0
+4756.859008406: grid210x_device byte send ba eoi 0
+4756.859059407: grid210x_device byte send fe eoi 0
+4756.859111409: grid210x_device byte send ff eoi 0
+4756.859164411: grid210x_device byte send 36 eoi 0
+4756.859215412: grid210x_device byte send 2b eoi 0
+4756.859394418: grid210x_device byte send 00 eoi 0
+4756.859461420: grid210x_device byte send b8 eoi 0
+4756.859518422: grid210x_device byte send 4b eoi 0
+4756.859570424: grid210x_device byte send 00 eoi 0
+4756.859624425: grid210x_device byte send 0e eoi 0
+4756.859678427: grid210x_device byte send 50 eoi 0
+4756.859729429: grid210x_device byte send b8 eoi 0
+4756.859783431: grid210x_device byte send aa eoi 0
+4756.859834432: grid210x_device byte send 0a eoi 0
+4756.859888434: grid210x_device byte send 1e eoi 0
+4756.859940436: grid210x_device byte send 50 eoi 0
+4756.859991437: grid210x_device byte send e8 eoi 0
+4756.860213444: grid210x_device byte send f8 eoi 0
+4756.860276446: grid210x_device byte send fc eoi 0
+4756.860467452: grid210x_device byte send a3 eoi 0
+4756.860536455: grid210x_device byte send 00 eoi 0
+4756.860594456: grid210x_device byte send 00 eoi 0
+4756.860651458: grid210x_device byte send ff eoi 0
+4756.860704460: grid210x_device byte send 36 eoi 0
+4756.860758462: grid210x_device byte send aa eoi 0
+4756.860810463: grid210x_device byte send 0a eoi 0
+4756.860863465: grid210x_device byte send b8 eoi 0
+4756.860916467: grid210x_device byte send 5d eoi 0
+4756.860967468: grid210x_device byte send 00 eoi 0
+4756.861022470: grid210x_device byte send 0e eoi 0
+4756.861074472: grid210x_device byte send 50 eoi 0
+4756.861125473: grid210x_device byte send b8 eoi 0
+4756.861177475: grid210x_device byte send ac eoi 0
+4756.861229477: grid210x_device byte send 0a eoi 0
+4756.861282478: grid210x_device byte send 1e eoi 0
+4756.861334480: grid210x_device byte send 50 eoi 0
+4756.861518486: grid210x_device byte send e8 eoi 0
+4756.861585488: grid210x_device byte send e4 eoi 0
+4756.861641490: grid210x_device byte send fc eoi 0
+4756.861694492: grid210x_device byte send a3 eoi 0
+4756.861746493: grid210x_device byte send 00 eoi 0
+4756.861802495: grid210x_device byte send 00 eoi 0
+4756.861855497: grid210x_device byte send ff eoi 0
+4756.861908498: grid210x_device byte send 36 eoi 0
+4756.861960500: grid210x_device byte send aa eoi 0
+4756.862014502: grid210x_device byte send 0a eoi 0
+4756.862069504: grid210x_device byte send b8 eoi 0
+4756.862121505: grid210x_device byte send 6a eoi 0
+4756.862175507: grid210x_device byte send 00 eoi 0
+4756.862228509: grid210x_device byte send 0e eoi 0
+4756.862283510: grid210x_device byte send 50 eoi 0
+4756.862841528: grid210x_device byte send b8 eoi 0
+4756.862910530: grid210x_device byte send ae eoi 0
+4756.862964532: grid210x_device byte send 0a eoi 0
+4756.863022534: grid210x_device byte send 1e eoi 0
+4756.863073536: grid210x_device byte send 50 eoi 0
+4756.863125537: grid210x_device byte send e8 eoi 0
+4756.863181539: grid210x_device byte send d0 eoi 0
+4756.863232541: grid210x_device byte send fc eoi 0
+4756.863285542: grid210x_device byte send 09 eoi 0
+4756.863337544: grid210x_device byte send c0 eoi 0
+4756.863389546: grid210x_device byte send 75 eoi 0
+4756.863441547: grid210x_device byte send 22 eoi 0
+4756.863492549: grid210x_device byte send ff eoi 0
+4756.863723556: grid210x_device byte send 36 eoi 0
+4756.863847560: grid210x_device byte send ae eoi 0
+4756.863945564: grid210x_device byte send 0a eoi 0
+4756.864008566: grid210x_device byte send b8 eoi 0
+4756.864063567: grid210x_device byte send 60 eoi 0
+4756.864116569: grid210x_device byte send 04 eoi 0
+4756.864170571: grid210x_device byte send 1e eoi 0
+4756.864223572: grid210x_device byte send 50 eoi 0
+4756.864276574: grid210x_device byte send e8 eoi 0
+4756.864328576: grid210x_device byte send 42 eoi 0
+4756.864380577: grid210x_device byte send fa eoi 0
+4756.864431579: grid210x_device byte send b8 eoi 0
+4756.864482581: grid210x_device byte send 60 eoi 0
+4756.864534582: grid210x_device byte send 04 eoi 0
+4756.864586584: grid210x_device byte send 1e eoi 0
+4756.864784590: grid210x_device byte send 50 eoi 0
+4756.864851592: grid210x_device byte send 2e eoi 0
+4756.864908594: grid210x_device byte send c4 eoi 0
+4756.864961596: grid210x_device byte send 06 eoi 0
+4756.865017598: grid210x_device byte send 86 eoi 0
+4756.865069599: grid210x_device byte send 00 eoi 0
+4756.865122601: grid210x_device byte send 06 eoi 0
+4756.865177603: grid210x_device byte send 50 eoi 0
+4756.865229605: grid210x_device byte send b8 eoi 0
+4756.865282606: grid210x_device byte send 80 eoi 0
+4756.865334608: grid210x_device byte send 25 eoi 0
+4756.865387610: grid210x_device byte send 50 eoi 0
+4756.865439611: grid210x_device byte send e8 eoi 0
+4756.865490613: grid210x_device byte send 81 eoi 0
+4756.865544615: grid210x_device byte send fb eoi 0
+4756.865595616: grid210x_device byte send a3 eoi 0
+4756.865647618: grid210x_device byte send a8 eoi 0
+4756.865837624: grid210x_device byte send 0a eoi 0
+4756.865906626: grid210x_device byte send 83 eoi 0
+4756.865960628: grid210x_device byte send 3e eoi 0
+4756.866013630: grid210x_device byte send 00 eoi 0
+4756.866066631: grid210x_device byte send 00 eoi 0
+4756.866119633: grid210x_device byte send 00 eoi 0
+4756.866174635: grid210x_device byte send 75 eoi 0
+4756.866226636: grid210x_device byte send 18 eoi 0
+4756.866278638: grid210x_device byte send ff eoi 0
+4756.866329640: grid210x_device byte send 36 eoi 0
+4756.866381641: grid210x_device byte send ac eoi 0
+4756.866433643: grid210x_device byte send 0a eoi 0
+4756.866488645: grid210x_device byte send b8 eoi 0
+4756.866540646: grid210x_device byte send 60 eoi 0
+4756.866591648: grid210x_device byte send 04 eoi 0
+4756.866645650: grid210x_device byte send 1e eoi 0
+4756.866696651: grid210x_device byte send 50 eoi 0
+4756.866876657: grid210x_device byte send e8 eoi 0
+4756.866947659: grid210x_device byte send 19 eoi 0
+4756.867000661: grid210x_device byte send fa eoi 0
+4756.867056663: grid210x_device byte send e8 eoi 0
+4756.867108665: grid210x_device byte send 53 eoi 0
+4756.867159666: grid210x_device byte send fd eoi 0
+4756.867211668: grid210x_device byte send 83 eoi 0
+4756.867264670: grid210x_device byte send 3e eoi 0
+4756.867316671: grid210x_device byte send 00 eoi 0
+4756.867373673: grid210x_device byte send 00 eoi 0
+4756.867432675: grid210x_device byte send 00 eoi 0
+4756.867485677: grid210x_device byte send 75 eoi 0
+4756.867538678: grid210x_device byte send 02 eoi 0
+4756.867591680: grid210x_device byte send 5d eoi 0
+4756.867644682: grid210x_device byte send c3 eoi 0
+4756.867695683: grid210x_device byte send e8 eoi 0
+4756.867746685: grid210x_device byte send 4b eoi 0
+4756.868237701: grid210x_device byte send f9 eoi 0
+4756.868307703: grid210x_device byte send e9 eoi 0
+4756.868361705: grid210x_device byte send 79 eoi 0
+4756.868414706: grid210x_device byte send ff eoi 0
+4756.868466708: grid210x_device byte send 1e eoi 0
+4756.868519710: grid210x_device byte send 2e eoi 0
+4756.868570711: grid210x_device byte send 8e eoi 0
+4756.868622713: grid210x_device byte send 1e eoi 0
+4756.868675715: grid210x_device byte send 84 eoi 0
+4756.868727716: grid210x_device byte send 00 eoi 0
+4756.868782718: grid210x_device byte send 55 eoi 0
+4756.868834720: grid210x_device byte send 8b eoi 0
+4756.869069727: grid210x_device byte send ec eoi 0
+4756.869143730: grid210x_device byte send 89 eoi 0
+4756.869201731: grid210x_device byte send e0 eoi 0
+4756.869254733: grid210x_device byte send a3 eoi 0
+4756.869306735: grid210x_device byte send 02 eoi 0
+4756.869361736: grid210x_device byte send 00 eoi 0
+4756.869415738: grid210x_device byte send 8c eoi 0
+4756.869467740: grid210x_device byte send d0 eoi 0
+4756.869521742: grid210x_device byte send a3 eoi 0
+4756.869573743: grid210x_device byte send 04 eoi 0
+4756.869626745: grid210x_device byte send 00 eoi 0
+4756.869680747: grid210x_device byte send b8 eoi 0
+4756.869732748: grid210x_device byte send b1 eoi 0
+4756.869784750: grid210x_device byte send 0a eoi 0
+4756.869837752: grid210x_device byte send a3 eoi 0
+4756.869890753: grid210x_device byte send 10 eoi 0
+4756.869942755: grid210x_device byte send 00 eoi 0
+4756.870194763: grid210x_device byte send 8c eoi 0
+4756.870267765: grid210x_device byte send 1e eoi 0
+4756.870322767: grid210x_device byte send 12 eoi 0
+4756.870375769: grid210x_device byte send 00 eoi 0
+4756.870432771: grid210x_device byte send fa eoi 0
+4756.870482772: grid210x_device byte send a1 eoi 0
+4756.870534774: grid210x_device byte send 10 eoi 0
+4756.870585776: grid210x_device byte send 00 eoi 0
+4756.870641777: grid210x_device byte send 8b eoi 0
+4756.870694779: grid210x_device byte send 16 eoi 0
+4756.870745781: grid210x_device byte send 12 eoi 0
+4756.870799782: grid210x_device byte send 00 eoi 0
+4756.870850784: grid210x_device byte send 05 eoi 0
+4756.870904786: grid210x_device byte send e8 eoi 0
+4756.870955787: grid210x_device byte send 03 eoi 0
+4756.871011789: grid210x_device byte send 83 eoi 0
+4756.871062791: grid210x_device byte send e8 eoi 0
+4756.871246797: grid210x_device byte send 0a eoi 0
+4756.871318799: grid210x_device byte send 89 eoi 0
+4756.871373801: grid210x_device byte send c4 eoi 0
+4756.871427802: grid210x_device byte send a1 eoi 0
+4756.871479804: grid210x_device byte send 12 eoi 0
+4756.871533806: grid210x_device byte send 00 eoi 0
+4756.871587808: grid210x_device byte send 8e eoi 0
+4756.871640809: grid210x_device byte send d0 eoi 0
+4756.871692811: grid210x_device byte send fb eoi 0
+4756.871744813: grid210x_device byte send e8 eoi 0
+4756.871857816: grid210x_device byte send 2c eoi 0
+4756.871952819: grid210x_device byte send ff eoi 0
+4756.872012821: grid210x_device byte send fa eoi 0
+4756.872291830: grid210x_device byte send a1 eoi 0
+4756.872363832: grid210x_device byte send 02 eoi 0
+4756.872426834: grid210x_device byte send 00 eoi 0
+4756.872481836: grid210x_device byte send 89 eoi 0
+4756.872535838: grid210x_device byte send c4 eoi 0
+4756.872590840: grid210x_device byte send a1 eoi 0
+4756.872644841: grid210x_device byte send 04 eoi 0
+4756.872696843: grid210x_device byte send 00 eoi 0
+4756.872750845: grid210x_device byte send 8e eoi 0
+4756.872803846: grid210x_device byte send d0 eoi 0
+4756.872856848: grid210x_device byte send fb eoi 0
+4756.872909850: grid210x_device byte send ff eoi 0
+4756.872961851: grid210x_device byte send 36 eoi 0
+4756.873015853: grid210x_device byte send 0e eoi 0
+4756.873068855: grid210x_device byte send 00 eoi 0
+4756.873120857: grid210x_device byte send ff eoi 0
+4756.873175858: grid210x_device byte send 36 eoi 0
+4756.873374865: grid210x_device byte send 0c eoi 0
+4756.873451867: grid210x_device byte send 00 eoi 0
+4756.873509869: grid210x_device byte send b8 eoi 0
+4756.873865880: grid210x_device byte send 01 eoi 0
+4756.873933883: grid210x_device byte send 00 eoi 0
+4756.873989884: grid210x_device byte send 50 eoi 0
+4756.874046886: grid210x_device byte send b8 eoi 0
+4756.874098888: grid210x_device byte send 21 eoi 0
+4756.874150889: grid210x_device byte send 43 eoi 0
+4756.874202891: grid210x_device byte send 50 eoi 0
+4756.874255893: grid210x_device byte send ff eoi 0
+4756.874497901: grid210x_device byte send 1e eoi 0
+4756.874568903: grid210x_device byte send 1e eoi 0
+4756.874624905: grid210x_device byte send 00 eoi 0
+4756.874682906: grid210x_device byte send 5d eoi 0
+4756.874734908: grid210x_device byte send 1f eoi 0
+4756.874787910: grid210x_device byte send cb eoi 0
+4756.874838911: grid210x_device byte send 55 eoi 0
+4756.874891913: grid210x_device byte send 55 eoi 0
+4756.874944915: grid210x_device byte send 55 eoi 0
+4756.874996916: grid210x_device byte send 55 eoi 0
+4756.875051918: grid210x_device byte send 55 eoi 0
+4756.875102920: grid210x_device byte send 0b eoi 0
+4756.875157922: grid210x_device byte send ff eoi 0
+4756.875209923: grid210x_device byte send 75 eoi 0
+4756.875262925: grid210x_device byte send 1d eoi 0
+4756.875313927: grid210x_device byte send 3b eoi 0
+4756.875364928: grid210x_device byte send ca eoi 0
+4756.875550934: grid210x_device byte send 76 eoi 0
+4756.875616936: grid210x_device byte send 09 eoi 0
+4756.875676938: grid210x_device byte send f7 eoi 0
+4756.875731940: grid210x_device byte send f1 eoi 0
+4756.875783942: grid210x_device byte send 33 eoi 0
+4756.875835943: grid210x_device byte send f6 eoi 0
+4756.875888945: grid210x_device byte send 8b eoi 0
+4756.875940947: grid210x_device byte send fa eoi 0
+4756.875991948: grid210x_device byte send 33 eoi 0
+4756.876045950: grid210x_device byte send d2 eoi 0
+4756.876097952: grid210x_device byte send cb eoi 0
+4756.876149953: grid210x_device byte send 8b eoi 0
+4756.876201955: grid210x_device byte send f8 eoi 0
+4756.876253957: grid210x_device byte send 8b eoi 0
+4756.876304958: grid210x_device byte send c2 eoi 0
+4756.876355960: grid210x_device byte send 33 eoi 0
+4756.876407962: grid210x_device byte send d2 eoi 0
+4756.876595968: grid210x_device byte send f7 eoi 0
+4756.876664970: grid210x_device byte send f1 eoi 0
+4756.876719972: grid210x_device byte send 97 eoi 0
+4756.876771973: grid210x_device byte send f7 eoi 0
+4756.876824975: grid210x_device byte send f1 eoi 0
+4756.876875976: grid210x_device byte send 87 eoi 0
+4756.876927978: grid210x_device byte send d7 eoi 0
+4756.876978980: grid210x_device byte send 33 eoi 0
+4756.877031981: grid210x_device byte send f6 eoi 0
+4756.877082983: grid210x_device byte send cb eoi 0
+4756.877137985: grid210x_device byte send 55 eoi 0
+4756.877188986: grid210x_device byte send 8b eoi 0
+4756.877241988: grid210x_device byte send e9 eoi 0
+4756.877293990: grid210x_device byte send 8b eoi 0
+4756.877345991: grid210x_device byte send df eoi 0
+4756.877397993: grid210x_device byte send 33 eoi 0
+4756.877448995: grid210x_device byte send f6 eoi 0
+4756.877623000: grid210x_device byte send 8b eoi 0
+4756.877699003: grid210x_device byte send fe eoi 0
+4756.877756005: grid210x_device byte send b9 eoi 0
+4756.877810006: grid210x_device byte send 20 eoi 0
+4756.877865008: grid210x_device byte send 00 eoi 0
+4756.877921010: grid210x_device byte send d1 eoi 0
+4756.877973012: grid210x_device byte send e7 eoi 0
+4756.878026013: grid210x_device byte send d1 eoi 0
+4756.878078015: grid210x_device byte send d6 eoi 0
+4756.878131017: grid210x_device byte send d1 eoi 0
+4756.878182018: grid210x_device byte send e0 eoi 0
+4756.878233020: grid210x_device byte send d1 eoi 0
+4756.878285021: grid210x_device byte send d2 eoi 0
+4756.878335023: grid210x_device byte send 83 eoi 0
+4756.878388025: grid210x_device byte send d7 eoi 0
+4756.878439026: grid210x_device byte send 00 eoi 0
+4756.878492028: grid210x_device byte send 2b eoi 0
+4756.878546030: grid210x_device byte send fd eoi 0
+4756.878761037: grid210x_device byte send 1b eoi 0
+4756.879082047: grid210x_device byte send f3 eoi 0
+4756.879148049: grid210x_device byte send 40 eoi 0
+4756.879201051: grid210x_device byte send 73 eoi 0
+4756.879252052: grid210x_device byte send 05 eoi 0
+4756.879308054: grid210x_device byte send 03 eoi 0
+4756.879362056: grid210x_device byte send fd eoi 0
+4756.879416058: grid210x_device byte send 13 eoi 0
+4756.879468059: grid210x_device byte send f3 eoi 0
+4756.879521061: grid210x_device byte send 48 eoi 0
+4756.879572063: grid210x_device byte send e2 eoi 0
+4756.879862072: grid210x_device byte send e7 eoi 0
+4756.879978076: grid210x_device byte send 5d eoi 0
+4756.880141081: grid210x_device byte send cb eoi 0
+4756.880205083: grid210x_device byte send 55 eoi 0
+4756.880261085: grid210x_device byte send 55 eoi 0
+4756.880314086: grid210x_device byte send 55 eoi 0
+4756.880365088: grid210x_device byte send 55 eoi 0
+4756.880417090: grid210x_device byte send 55 eoi 0
+4756.880468091: grid210x_device byte send 55 eoi 0
+4756.880520093: grid210x_device byte send 76 eoi 0
+4756.880568094: grid210x_device byte send 65 eoi 1
+4756.881041110: grid210x_device byte recv 5f atn 1 eoi 0
+4756.881083111: grid210x_device now not talking
+4774.968555432: grid210x_device byte recv 5f atn 1 eoi 0
+4775.038487647: grid210x_device now not talking
+4775.038577650: grid210x_device byte recv ff atn 1 eoi 1
+4775.038669653: grid210x_device byte recv ff atn 1 eoi 1
+4775.038754656: grid210x_device byte recv ff atn 1 eoi 1
+4775.038830658: grid210x_device byte recv ff atn 1 eoi 1
+4775.038909660: grid210x_device byte recv ff atn 1 eoi 1
+4775.038984663: grid210x_device byte recv ff atn 1 eoi 1
+4775.039057665: grid210x_device byte recv ff atn 1 eoi 1
+4775.039135668: grid210x_device byte recv ff atn 1 eoi 1
+4775.039206670: grid210x_device byte recv ff atn 1 eoi 1
+4775.039283672: grid210x_device byte recv ff atn 1 eoi 1
+4775.039359675: grid210x_device byte recv ff atn 1 eoi 1
+4775.039566681: grid210x_device byte recv ff atn 1 eoi 1
+4775.039656684: grid210x_device byte recv ff atn 1 eoi 1
+4775.039734687: grid210x_device byte recv ff atn 1 eoi 1
+4775.039807689: grid210x_device byte recv ff atn 1 eoi 1
+4775.039880691: grid210x_device byte recv ff atn 1 eoi 1
+4775.039951693: grid210x_device byte recv ff atn 1 eoi 1
+4775.040093698: grid210x_device byte recv ff atn 1 eoi 1
+4775.040180701: grid210x_device byte recv 7f atn 1 eoi 1
+4775.040253703: grid210x_device byte recv 51 atn 1 eoi 1
+4775.040285704: grid210x_device now not talking
+4775.040337706: grid210x_device byte recv 4b atn 1 eoi 1
+4775.040367707: grid210x_device now not talking
+4775.040653716: grid210x_device byte recv 43 atn 1 eoi 1
+4775.040702717: grid210x_device now not talking
+4775.040759719: grid210x_device byte recv 40 atn 1 eoi 1
+4775.040790720: grid210x_device now not talking
+4775.040843722: grid210x_device byte recv 40 atn 1 eoi 1
+4775.040871723: grid210x_device now not talking
+4775.040925724: grid210x_device byte recv 40 atn 1 eoi 1
+4775.040953725: grid210x_device now not talking
+4775.041006727: grid210x_device byte recv 40 atn 1 eoi 1
+4775.041034728: grid210x_device now not talking
+4775.041086729: grid210x_device byte recv 40 atn 1 eoi 1
+4775.041113730: grid210x_device now not talking
+4775.041169732: grid210x_device byte recv 40 atn 1 eoi 1
+4775.041197733: grid210x_device now not talking
+4775.041249735: grid210x_device byte recv 40 atn 1 eoi 1
+4775.041278736: grid210x_device now not talking
+4775.041331737: grid210x_device byte recv 40 atn 1 eoi 1
+4775.041359738: grid210x_device now not talking
+4775.041421740: grid210x_device byte recv 40 atn 1 eoi 1
+4775.041449741: grid210x_device now not talking
+4775.041509743: grid210x_device byte recv 40 atn 0 eoi 1
