+5106.167264869: grid210x_device byte recv ff atn 1 eoi 1
+5106.174097062: grid210x_device byte recv ff atn 1 eoi 1
+5107.277378191: grid210x_device byte recv 14 atn 1 eoi 0
+5109.747590853: grid210x_device byte recv 25 atn 1 eoi 0
+5109.747650855: grid210x_device now listening
+5109.748848889: grid210x_device byte recv 01 atn 0 eoi 0
+5109.748965892: grid210x_device byte recv 00 atn 0 eoi 0
+5109.749122896: grid210x_device byte recv 00 atn 0 eoi 0
+5109.749211899: grid210x_device byte recv 00 atn 0 eoi 0
+5109.749285901: grid210x_device byte recv 00 atn 0 eoi 0
+5109.749361903: grid210x_device byte recv 00 atn 0 eoi 0
+5109.749430905: grid210x_device byte recv 00 atn 0 eoi 0
+5109.749659912: grid210x_device byte recv 34 atn 0 eoi 0
+5109.749744914: grid210x_device byte recv 00 atn 0 eoi 0
+5109.750839945: grid210x_device byte recv 30 atn 0 eoi 1
+5109.750937948: grid210x_device byte recv 3f atn 1 eoi 0
+5109.750966948: grid210x_device now not listening
+5109.750979949: grid210x_device command 1, data size 52, sector no 0
+5109.753064008: grid210x_device byte recv 45 atn 1 eoi 0
+5109.753107009: grid210x_device now talking
+5109.754287042: grid210x_device byte send 00 eoi 0
+5109.754739055: grid210x_device byte send 02 eoi 0
+5109.754942061: grid210x_device byte send f8 eoi 0
+5109.755000062: grid210x_device byte send 01 eoi 0
+5109.755054064: grid210x_device byte send d0 eoi 0
+5109.755108065: grid210x_device byte send 02 eoi 0
+5109.755161067: grid210x_device byte send 01 eoi 0
+5109.755272070: grid210x_device byte send 20 eoi 0
+5109.755369073: grid210x_device byte send 01 eoi 0
+5109.755429074: grid210x_device byte send 21 eoi 0
+5109.755485076: grid210x_device byte send 01 eoi 0
+5109.755541077: grid210x_device byte send 01 eoi 0
+5109.755596079: grid210x_device byte send 00 eoi 0
+5109.755649080: grid210x_device byte send 00 eoi 0
+5109.755704082: grid210x_device byte send 34 eoi 0
+5109.755756083: grid210x_device byte send 38 eoi 0
+5109.755948089: grid210x_device byte send 20 eoi 0
+5109.756022091: grid210x_device byte send 54 eoi 0
+5109.756087093: grid210x_device byte send 50 eoi 0
+5109.756139094: grid210x_device byte send 49 eoi 0
+5109.756193096: grid210x_device byte send 20 eoi 0
+5109.756246097: grid210x_device byte send 44 eoi 0
+5109.756297099: grid210x_device byte send 53 eoi 0
+5109.756349100: grid210x_device byte send 20 eoi 0
+5109.756401102: grid210x_device byte send 44 eoi 0
+5109.756453103: grid210x_device byte send 44 eoi 0
+5109.756505105: grid210x_device byte send 20 eoi 0
+5109.756556106: grid210x_device byte send 46 eoi 0
+5109.756609108: grid210x_device byte send 4c eoi 0
+5109.756661109: grid210x_device byte send 4f eoi 0
+5109.756715111: grid210x_device byte send 50 eoi 0
+5109.756767112: grid210x_device byte send 50 eoi 0
+5109.756820113: grid210x_device byte send 59 eoi 0
+5109.757017119: grid210x_device byte send 20 eoi 0
+5109.757093121: grid210x_device byte send 20 eoi 0
+5109.757148123: grid210x_device byte send 20 eoi 0
+5109.757202124: grid210x_device byte send 20 eoi 0
+5109.757254126: grid210x_device byte send 33 eoi 0
+5109.757307127: grid210x_device byte send 30 eoi 0
+5109.757360129: grid210x_device byte send 30 eoi 0
+5109.757412130: grid210x_device byte send 32 eoi 0
+5109.757465132: grid210x_device byte send 33 eoi 0
+5109.757517133: grid210x_device byte send 37 eoi 0
+5109.757571135: grid210x_device byte send 2d eoi 0
+5109.757623136: grid210x_device byte send 30 eoi 0
+5109.757675138: grid210x_device byte send 30 eoi 0
+5109.757730139: grid210x_device byte send 00 eoi 0
+5109.757785141: grid210x_device byte send 02 eoi 0
+5109.757841142: grid210x_device byte send 09 eoi 0
+5109.757893144: grid210x_device byte send 00 eoi 0
+5109.758079149: grid210x_device byte send 02 eoi 0
+5109.758148151: grid210x_device byte send 00 eoi 1
+5109.758623164: grid210x_device byte recv 5f atn 1 eoi 0
+5109.758652165: grid210x_device now not talking
+5109.761688251: grid210x_device byte recv 25 atn 1 eoi 0
+5109.761743252: grid210x_device now listening
+5109.762887285: grid210x_device byte recv 04 atn 0 eoi 0
+5109.763572304: grid210x_device byte recv 00 atn 0 eoi 0
+5109.763655306: grid210x_device byte recv 00 atn 0 eoi 0
+5109.763728308: grid210x_device byte recv 00 atn 0 eoi 0
+5109.763795310: grid210x_device byte recv 00 atn 0 eoi 0
+5109.763865312: grid210x_device byte recv 00 atn 0 eoi 0
+5109.763931314: grid210x_device byte recv 00 atn 0 eoi 0
+5109.764000316: grid210x_device byte recv 00 atn 0 eoi 0
+5109.764070318: grid210x_device byte recv 02 atn 0 eoi 0
+5109.765152348: grid210x_device byte recv 00 atn 0 eoi 1
+5109.765239351: grid210x_device byte recv 3f atn 1 eoi 0
+5109.765268352: grid210x_device now not listening
+5109.765280352: grid210x_device command 4, data size 512, sector no 0
+5109.766518387: grid210x_device byte recv 18 atn 1 eoi 0
+5109.766813395: grid210x_device byte recv 45 atn 1 eoi 0
+5109.766844396: grid210x_device now talking
+5109.766875397: grid210x_device byte send 4f eoi 0
+5109.767004401: grid210x_device byte recv 19 atn 1 eoi 0
+5109.767084403: grid210x_device byte recv 5f atn 1 eoi 0
+5109.767108403: grid210x_device now not talking
+5109.768438441: grid210x_device byte recv 45 atn 1 eoi 0
+5109.768480442: grid210x_device now talking
+5109.769661475: grid210x_device byte send 53 eoi 0
+5109.770108488: grid210x_device byte send 79 eoi 0
+5109.770180490: grid210x_device byte send 73 eoi 0
+5109.770238492: grid210x_device byte send 74 eoi 0
+5109.770289493: grid210x_device byte send 65 eoi 0
+5109.770342495: grid210x_device byte send 6d eoi 0
+5109.770394496: grid210x_device byte send 20 eoi 0
+5109.770449498: grid210x_device byte send 44 eoi 0
+5109.770501499: grid210x_device byte send 69 eoi 0
+5109.770552501: grid210x_device byte send 73 eoi 0
+5109.770607502: grid210x_device byte send 6b eoi 0
+5109.770659504: grid210x_device byte send 21 eoi 0
+5109.770715505: grid210x_device byte send 21 eoi 0
+5109.770766507: grid210x_device byte send 00 eoi 0
+5109.770961512: grid210x_device byte send 00 eoi 0
+5109.771031514: grid210x_device byte send 00 eoi 0
+5109.771088516: grid210x_device byte send 00 eoi 0
+5109.771142517: grid210x_device byte send 00 eoi 0
+5109.771254520: grid210x_device byte send 00 eoi 0
+5109.771352523: grid210x_device byte send 00 eoi 0
+5109.771413525: grid210x_device byte send 00 eoi 0
+5109.771468526: grid210x_device byte send 00 eoi 0
+5109.771522528: grid210x_device byte send 00 eoi 0
+5109.771577529: grid210x_device byte send 00 eoi 0
+5109.771630531: grid210x_device byte send 00 eoi 0
+5109.771682532: grid210x_device byte send 00 eoi 0
+5109.771736534: grid210x_device byte send 00 eoi 0
+5109.771791536: grid210x_device byte send 00 eoi 0
+5109.771845537: grid210x_device byte send 00 eoi 0
+5109.772088544: grid210x_device byte send 00 eoi 0
+5109.772147546: grid210x_device byte send 00 eoi 0
+5109.772202547: grid210x_device byte send 00 eoi 0
+5109.772256549: grid210x_device byte send 00 eoi 0
+5109.772311550: grid210x_device byte send 00 eoi 0
+5109.772364552: grid210x_device byte send 00 eoi 0
+5109.772416553: grid210x_device byte send 00 eoi 0
+5109.772471555: grid210x_device byte send 00 eoi 0
+5109.772523556: grid210x_device byte send 00 eoi 0
+5109.772576558: grid210x_device byte send 00 eoi 0
+5109.772629559: grid210x_device byte send 00 eoi 0
+5109.772681561: grid210x_device byte send 00 eoi 0
+5109.772735562: grid210x_device byte send 00 eoi 0
+5109.772789564: grid210x_device byte send 00 eoi 0
+5109.772843565: grid210x_device byte send 00 eoi 0
+5109.772895567: grid210x_device byte send 00 eoi 0
+5109.773081572: grid210x_device byte send 00 eoi 0
+5109.773150574: grid210x_device byte send 00 eoi 0
+5109.773207575: grid210x_device byte send 00 eoi 0
+5109.773260577: grid210x_device byte send 00 eoi 0
+5109.773317579: grid210x_device byte send 00 eoi 0
+5109.773369580: grid210x_device byte send 00 eoi 0
+5109.773420581: grid210x_device byte send 00 eoi 0
+5109.773474583: grid210x_device byte send 00 eoi 0
+5109.773526584: grid210x_device byte send 00 eoi 0
+5109.773579586: grid210x_device byte send 00 eoi 0
+5109.773632587: grid210x_device byte send 00 eoi 0
+5109.774189603: grid210x_device byte send 00 eoi 0
+5109.774265605: grid210x_device byte send 00 eoi 0
+5109.774325607: grid210x_device byte send 00 eoi 0
+5109.774380609: grid210x_device byte send 00 eoi 0
+5109.774436610: grid210x_device byte send 00 eoi 0
+5109.774491612: grid210x_device byte send 00 eoi 0
+5109.774544613: grid210x_device byte send 00 eoi 0
+5109.774597615: grid210x_device byte send 00 eoi 0
+5109.774651616: grid210x_device byte send 00 eoi 0
+5109.774703618: grid210x_device byte send 00 eoi 0
+5109.774757619: grid210x_device byte send 00 eoi 0
+5109.774812621: grid210x_device byte send 00 eoi 0
+5109.774865622: grid210x_device byte send 00 eoi 0
+5109.774918624: grid210x_device byte send 00 eoi 0
+5109.774972625: grid210x_device byte send 00 eoi 0
+5109.775024627: grid210x_device byte send 00 eoi 0
+5109.775077628: grid210x_device byte send 00 eoi 0
+5109.775279634: grid210x_device byte send 00 eoi 0
+5109.775343636: grid210x_device byte send 00 eoi 0
+5109.775399637: grid210x_device byte send 00 eoi 0
+5109.775455639: grid210x_device byte send 00 eoi 0
+5109.775508640: grid210x_device byte send 00 eoi 0
+5109.775563642: grid210x_device byte send 00 eoi 0
+5109.775615643: grid210x_device byte send 00 eoi 0
+5109.775666645: grid210x_device byte send 00 eoi 0
+5109.775720646: grid210x_device byte send 00 eoi 0
+5109.775771648: grid210x_device byte send 00 eoi 0
+5109.775826649: grid210x_device byte send 00 eoi 0
+5109.775878651: grid210x_device byte send 00 eoi 0
+5109.775930652: grid210x_device byte send 00 eoi 0
+5109.775985654: grid210x_device byte send 00 eoi 0
+5109.776038655: grid210x_device byte send 00 eoi 0
+5109.776092657: grid210x_device byte send 00 eoi 0
+5109.776145658: grid210x_device byte send 00 eoi 0
+5109.776346664: grid210x_device byte send 00 eoi 0
+5109.776403666: grid210x_device byte send 00 eoi 0
+5109.776458667: grid210x_device byte send 00 eoi 0
+5109.776510669: grid210x_device byte send 00 eoi 0
+5109.776564670: grid210x_device byte send 00 eoi 0
+5109.776617672: grid210x_device byte send 00 eoi 0
+5109.776671673: grid210x_device byte send 00 eoi 0
+5109.776725675: grid210x_device byte send 00 eoi 0
+5109.776778676: grid210x_device byte send 00 eoi 0
+5109.776831678: grid210x_device byte send 00 eoi 0
+5109.776885679: grid210x_device byte send 00 eoi 0
+5109.776937681: grid210x_device byte send 00 eoi 0
+5109.776991682: grid210x_device byte send 00 eoi 0
+5109.777046684: grid210x_device byte send 00 eoi 0
+5109.777099685: grid210x_device byte send 00 eoi 0
+5109.777153687: grid210x_device byte send 00 eoi 0
+5109.777351692: grid210x_device byte send 00 eoi 0
+5109.777432695: grid210x_device byte send 00 eoi 0
+5109.777494696: grid210x_device byte send 00 eoi 0
+5109.777547698: grid210x_device byte send 00 eoi 0
+5109.777604699: grid210x_device byte send 00 eoi 0
+5109.777658701: grid210x_device byte send 00 eoi 0
+5109.777711702: grid210x_device byte send 00 eoi 0
+5109.777764704: grid210x_device byte send 00 eoi 0
+5109.777818705: grid210x_device byte send 00 eoi 0
+5109.777961709: grid210x_device byte send 00 eoi 0
+5109.778013711: grid210x_device byte send 00 eoi 0
+5109.778065712: grid210x_device byte send 00 eoi 0
+5109.778118714: grid210x_device byte send 00 eoi 0
+5109.778170715: grid210x_device byte send 00 eoi 0
+5109.778222717: grid210x_device byte send 00 eoi 0
+5109.778274718: grid210x_device byte send 00 eoi 0
+5109.778477724: grid210x_device byte send 00 eoi 0
+5109.778537726: grid210x_device byte send 00 eoi 0
+5109.778594727: grid210x_device byte send 00 eoi 0
+5109.778648729: grid210x_device byte send 00 eoi 0
+5109.778701730: grid210x_device byte send 00 eoi 0
+5109.778754732: grid210x_device byte send 00 eoi 0
+5109.778807733: grid210x_device byte send 00 eoi 0
+5109.778861735: grid210x_device byte send 00 eoi 0
+5109.778914736: grid210x_device byte send 00 eoi 0
+5109.778969738: grid210x_device byte send 00 eoi 0
+5109.779022739: grid210x_device byte send 00 eoi 0
+5109.779075741: grid210x_device byte send 00 eoi 0
+5109.779128742: grid210x_device byte send 00 eoi 0
+5109.779709759: grid210x_device byte send 00 eoi 0
+5109.779773761: grid210x_device byte send 00 eoi 0
+5109.779830762: grid210x_device byte send 00 eoi 0
+5109.779884764: grid210x_device byte send 00 eoi 0
+5109.779939765: grid210x_device byte send 00 eoi 0
+5109.779992767: grid210x_device byte send 00 eoi 0
+5109.780138771: grid210x_device byte send 00 eoi 0
+5109.780200773: grid210x_device byte send 00 eoi 0
+5109.780256774: grid210x_device byte send 00 eoi 0
+5109.780311776: grid210x_device byte send 00 eoi 0
+5109.780365777: grid210x_device byte send 00 eoi 0
+5109.780418779: grid210x_device byte send 00 eoi 0
+5109.780626785: grid210x_device byte send 00 eoi 0
+5109.780699787: grid210x_device byte send 00 eoi 0
+5109.780754788: grid210x_device byte send 00 eoi 0
+5109.780808790: grid210x_device byte send 00 eoi 0
+5109.780862791: grid210x_device byte send 00 eoi 0
+5109.780914793: grid210x_device byte send 00 eoi 0
+5109.780967794: grid210x_device byte send 00 eoi 0
+5109.781020796: grid210x_device byte send 00 eoi 0
+5109.781074797: grid210x_device byte send 00 eoi 0
+5109.781126799: grid210x_device byte send 00 eoi 0
+5109.781178800: grid210x_device byte send 00 eoi 0
+5109.781234802: grid210x_device byte send 00 eoi 0
+5109.781285803: grid210x_device byte send 00 eoi 0
+5109.781340805: grid210x_device byte send 00 eoi 0
+5109.781392806: grid210x_device byte send 00 eoi 0
+5109.781447808: grid210x_device byte send 00 eoi 0
+5109.781500809: grid210x_device byte send 00 eoi 0
+5109.781699815: grid210x_device byte send 00 eoi 0
+5109.781769817: grid210x_device byte send 00 eoi 0
+5109.781826818: grid210x_device byte send 00 eoi 0
+5109.781879820: grid210x_device byte send 00 eoi 0
+5109.781932821: grid210x_device byte send 00 eoi 0
+5109.781989823: grid210x_device byte send 00 eoi 0
+5109.782041824: grid210x_device byte send 00 eoi 0
+5109.782095826: grid210x_device byte send 00 eoi 0
+5109.782149828: grid210x_device byte send 00 eoi 0
+5109.782202829: grid210x_device byte send 00 eoi 0
+5109.782254830: grid210x_device byte send 00 eoi 0
+5109.782307832: grid210x_device byte send 00 eoi 0
+5109.782362834: grid210x_device byte send 00 eoi 0
+5109.782414835: grid210x_device byte send 00 eoi 0
+5109.782467836: grid210x_device byte send 00 eoi 0
+5109.782521838: grid210x_device byte send 00 eoi 0
+5109.782575840: grid210x_device byte send 00 eoi 0
+5109.782780845: grid210x_device byte send 00 eoi 0
+5109.782853847: grid210x_device byte send 00 eoi 0
+5109.782909849: grid210x_device byte send 00 eoi 0
+5109.782965851: grid210x_device byte send 00 eoi 0
+5109.783020852: grid210x_device byte send 00 eoi 0
+5109.783075854: grid210x_device byte send 00 eoi 0
+5109.783130855: grid210x_device byte send 00 eoi 0
+5109.783183857: grid210x_device byte send 00 eoi 0
+5109.783237858: grid210x_device byte send 00 eoi 0
+5109.783289860: grid210x_device byte send 00 eoi 0
+5109.783342861: grid210x_device byte send 00 eoi 0
+5109.783395863: grid210x_device byte send 00 eoi 0
+5109.783451864: grid210x_device byte send 00 eoi 0
+5109.783502866: grid210x_device byte send 00 eoi 0
+5109.783555867: grid210x_device byte send 00 eoi 0
+5109.783608869: grid210x_device byte send 00 eoi 0
+5109.783792874: grid210x_device byte send 00 eoi 0
+5109.783867876: grid210x_device byte send 00 eoi 0
+5109.783924878: grid210x_device byte send 00 eoi 0
+5109.783980879: grid210x_device byte send 00 eoi 0
+5109.784034881: grid210x_device byte send 00 eoi 0
+5109.784088882: grid210x_device byte send 00 eoi 0
+5109.784140884: grid210x_device byte send 00 eoi 0
+5109.784195885: grid210x_device byte send 00 eoi 0
+5109.784247887: grid210x_device byte send 00 eoi 0
+5109.784300888: grid210x_device byte send 00 eoi 0
+5109.784354890: grid210x_device byte send 00 eoi 0
+5109.784408891: grid210x_device byte send 00 eoi 0
+5109.784461893: grid210x_device byte send 00 eoi 0
+5109.784515894: grid210x_device byte send 00 eoi 0
+5109.784570896: grid210x_device byte send 00 eoi 0
+5109.784623897: grid210x_device byte send 00 eoi 0
+5109.784675899: grid210x_device byte send 00 eoi 0
+5109.785175913: grid210x_device byte send 00 eoi 0
+5109.785241915: grid210x_device byte send 00 eoi 0
+5109.785295916: grid210x_device byte send 00 eoi 0
+5109.785350918: grid210x_device byte send 00 eoi 0
+5109.785404919: grid210x_device byte send 00 eoi 0
+5109.785458921: grid210x_device byte send 00 eoi 0
+5109.785510922: grid210x_device byte send 00 eoi 0
+5109.785565924: grid210x_device byte send 00 eoi 0
+5109.785617925: grid210x_device byte send 00 eoi 0
+5109.785669927: grid210x_device byte send 00 eoi 0
+5109.785722928: grid210x_device byte send 00 eoi 0
+5109.785775930: grid210x_device byte send 00 eoi 0
+5109.786027937: grid210x_device byte send 00 eoi 0
+5109.786088939: grid210x_device byte send 00 eoi 0
+5109.786141940: grid210x_device byte send 00 eoi 0
+5109.786196942: grid210x_device byte send 00 eoi 0
+5109.786248943: grid210x_device byte send 00 eoi 0
+5109.786300945: grid210x_device byte send 00 eoi 0
+5109.786355946: grid210x_device byte send 00 eoi 0
+5109.786407948: grid210x_device byte send 00 eoi 0
+5109.786461949: grid210x_device byte send 00 eoi 0
+5109.786513951: grid210x_device byte send 00 eoi 0
+5109.786568952: grid210x_device byte send 00 eoi 0
+5109.786621954: grid210x_device byte send 00 eoi 0
+5109.786672955: grid210x_device byte send 00 eoi 0
+5109.786724957: grid210x_device byte send 00 eoi 0
+5109.786777958: grid210x_device byte send 00 eoi 0
+5109.786829959: grid210x_device byte send 00 eoi 0
+5109.787027965: grid210x_device byte send 00 eoi 0
+5109.787103967: grid210x_device byte send 00 eoi 0
+5109.787160969: grid210x_device byte send 00 eoi 0
+5109.787272972: grid210x_device byte send 00 eoi 0
+5109.787374975: grid210x_device byte send 00 eoi 0
+5109.787438977: grid210x_device byte send 00 eoi 0
+5109.787494978: grid210x_device byte send 00 eoi 0
+5109.787547980: grid210x_device byte send 00 eoi 0
+5109.787603981: grid210x_device byte send 00 eoi 0
+5109.787656983: grid210x_device byte send 00 eoi 0
+5109.787709984: grid210x_device byte send 00 eoi 0
+5109.787762986: grid210x_device byte send 00 eoi 0
+5109.787816987: grid210x_device byte send 00 eoi 0
+5109.787870989: grid210x_device byte send 00 eoi 0
+5109.787921990: grid210x_device byte send 00 eoi 0
+5109.788136996: grid210x_device byte send 00 eoi 0
+5109.788210998: grid210x_device byte send 00 eoi 0
+5109.788267000: grid210x_device byte send 00 eoi 0
+5109.788322002: grid210x_device byte send 00 eoi 0
+5109.788374003: grid210x_device byte send 00 eoi 0
+5109.788426004: grid210x_device byte send 00 eoi 0
+5109.788481006: grid210x_device byte send 00 eoi 0
+5109.788534008: grid210x_device byte send 00 eoi 0
+5109.788589009: grid210x_device byte send 00 eoi 0
+5109.788643011: grid210x_device byte send 00 eoi 0
+5109.788697012: grid210x_device byte send 00 eoi 0
+5109.788751014: grid210x_device byte send 00 eoi 0
+5109.788803015: grid210x_device byte send 00 eoi 0
+5109.788857017: grid210x_device byte send 00 eoi 0
+5109.788911018: grid210x_device byte send 00 eoi 0
+5109.788965020: grid210x_device byte send 00 eoi 0
+5109.789056022: grid210x_device byte send 00 eoi 0
+5109.789224027: grid210x_device byte send 00 eoi 0
+5109.789284029: grid210x_device byte send 00 eoi 0
+5109.789338030: grid210x_device byte send 00 eoi 0
+5109.789392032: grid210x_device byte send 00 eoi 0
+5109.789447033: grid210x_device byte send 00 eoi 0
+5109.789500035: grid210x_device byte send 00 eoi 0
+5109.789553036: grid210x_device byte send 00 eoi 0
+5109.789609038: grid210x_device byte send 00 eoi 0
+5109.789662039: grid210x_device byte send 00 eoi 0
+5109.789715041: grid210x_device byte send 00 eoi 0
+5109.789767042: grid210x_device byte send 00 eoi 0
+5109.789821044: grid210x_device byte send 00 eoi 0
+5109.789874045: grid210x_device byte send 00 eoi 0
+5109.789925047: grid210x_device byte send 00 eoi 0
+5109.789980048: grid210x_device byte send 00 eoi 0
+5109.790227055: grid210x_device byte send 00 eoi 0
+5109.790300057: grid210x_device byte send 00 eoi 0
+5109.790358059: grid210x_device byte send 00 eoi 0
+5109.790708069: grid210x_device byte send 00 eoi 0
+5109.790778071: grid210x_device byte send 00 eoi 0
+5109.790835072: grid210x_device byte send 00 eoi 0
+5109.790890074: grid210x_device byte send 00 eoi 0
+5109.790945075: grid210x_device byte send 00 eoi 0
+5109.790998077: grid210x_device byte send 00 eoi 0
+5109.791051078: grid210x_device byte send 00 eoi 0
+5109.791106080: grid210x_device byte send 00 eoi 0
+5109.791351087: grid210x_device byte send 00 eoi 0
+5109.791422089: grid210x_device byte send 00 eoi 0
+5109.791480091: grid210x_device byte send 00 eoi 0
+5109.791534092: grid210x_device byte send 00 eoi 0
+5109.791588094: grid210x_device byte send 00 eoi 0
+5109.791642095: grid210x_device byte send 00 eoi 0
+5109.791696097: grid210x_device byte send 00 eoi 0
+5109.791750098: grid210x_device byte send 00 eoi 0
+5109.791804100: grid210x_device byte send 00 eoi 0
+5109.791858101: grid210x_device byte send 00 eoi 0
+5109.791911103: grid210x_device byte send 00 eoi 0
+5109.791966104: grid210x_device byte send 00 eoi 0
+5109.792019106: grid210x_device byte send 00 eoi 0
+5109.792073107: grid210x_device byte send 00 eoi 0
+5109.792126109: grid210x_device byte send 00 eoi 0
+5109.792179110: grid210x_device byte send 00 eoi 0
+5109.792365116: grid210x_device byte send 00 eoi 0
+5109.792438118: grid210x_device byte send 00 eoi 0
+5109.792495119: grid210x_device byte send 00 eoi 0
+5109.792550121: grid210x_device byte send 00 eoi 0
+5109.792604122: grid210x_device byte send 00 eoi 0
+5109.792658124: grid210x_device byte send 00 eoi 0
+5109.792713125: grid210x_device byte send 00 eoi 0
+5109.792769127: grid210x_device byte send 00 eoi 0
+5109.792825128: grid210x_device byte send 00 eoi 0
+5109.792877130: grid210x_device byte send 00 eoi 0
+5109.792930131: grid210x_device byte send 00 eoi 0
+5109.792984133: grid210x_device byte send 00 eoi 0
+5109.793036134: grid210x_device byte send 00 eoi 0
+5109.793091136: grid210x_device byte send 00 eoi 0
+5109.793144137: grid210x_device byte send 00 eoi 0
+5109.793198139: grid210x_device byte send 00 eoi 0
+5109.793251140: grid210x_device byte send 00 eoi 0
+5109.793463146: grid210x_device byte send 00 eoi 0
+5109.793536149: grid210x_device byte send 00 eoi 0
+5109.793594150: grid210x_device byte send 00 eoi 0
+5109.793648152: grid210x_device byte send 00 eoi 0
+5109.793702153: grid210x_device byte send 00 eoi 0
+5109.793756155: grid210x_device byte send 00 eoi 0
+5109.793809156: grid210x_device byte send 00 eoi 0
+5109.793863158: grid210x_device byte send 00 eoi 0
+5109.793916159: grid210x_device byte send 00 eoi 0
+5109.793970161: grid210x_device byte send 00 eoi 0
+5109.794023162: grid210x_device byte send 00 eoi 0
+5109.794077164: grid210x_device byte send 00 eoi 0
+5109.794130165: grid210x_device byte send 00 eoi 0
+5109.794183167: grid210x_device byte send 00 eoi 0
+5109.794237168: grid210x_device byte send 00 eoi 0
+5109.794509176: grid210x_device byte send 00 eoi 0
+5109.794582178: grid210x_device byte send 00 eoi 0
+5109.794640180: grid210x_device byte send 00 eoi 0
+5109.794697181: grid210x_device byte send 00 eoi 0
+5109.794750183: grid210x_device byte send 00 eoi 0
+5109.794803184: grid210x_device byte send 00 eoi 0
+5109.794858186: grid210x_device byte send 00 eoi 0
+5109.794910187: grid210x_device byte send 00 eoi 0
+5109.794964189: grid210x_device byte send 00 eoi 0
+5109.795017190: grid210x_device byte send 00 eoi 0
+5109.795073192: grid210x_device byte send 00 eoi 0
+5109.795127193: grid210x_device byte send 00 eoi 0
+5109.795180195: grid210x_device byte send 00 eoi 0
+5109.795298198: grid210x_device byte send 00 eoi 0
+5109.795394201: grid210x_device byte send 00 eoi 0
+5109.795594207: grid210x_device byte send 00 eoi 0
+5109.795665209: grid210x_device byte send 00 eoi 0
+5109.795725210: grid210x_device byte send 00 eoi 0
+5109.795779212: grid210x_device byte send 00 eoi 0
+5109.795832213: grid210x_device byte send 00 eoi 0
+5109.795885215: grid210x_device byte send 00 eoi 0
+5109.795940216: grid210x_device byte send 00 eoi 0
+5109.795993218: grid210x_device byte send 00 eoi 0
+5109.796318227: grid210x_device byte send 00 eoi 0
+5109.796381229: grid210x_device byte send 00 eoi 0
+5109.796439230: grid210x_device byte send 00 eoi 0
+5109.796682237: grid210x_device byte send 00 eoi 0
+5109.796758239: grid210x_device byte send 00 eoi 0
+5109.796814241: grid210x_device byte send 00 eoi 0
+5109.796868242: grid210x_device byte send 00 eoi 0
+5109.796923244: grid210x_device byte send 00 eoi 0
+5109.796977246: grid210x_device byte send 00 eoi 0
+5109.797030247: grid210x_device byte send 00 eoi 0
+5109.797082248: grid210x_device byte send 00 eoi 0
+5109.797134250: grid210x_device byte send 00 eoi 0
+5109.797188251: grid210x_device byte send 00 eoi 0
+5109.797240253: grid210x_device byte send 00 eoi 0
+5109.797292254: grid210x_device byte send 00 eoi 0
+5109.797346256: grid210x_device byte send 00 eoi 0
+5109.797398257: grid210x_device byte send 00 eoi 0
+5109.797452259: grid210x_device byte send 00 eoi 0
+5109.797506260: grid210x_device byte send 00 eoi 0
+5109.797559262: grid210x_device byte send 00 eoi 0
+5109.797749267: grid210x_device byte send 00 eoi 0
+5109.797820269: grid210x_device byte send 00 eoi 0
+5109.797876271: grid210x_device byte send 00 eoi 0
+5109.797931272: grid210x_device byte send 00 eoi 0
+5109.797988274: grid210x_device byte send 00 eoi 0
+5109.798042276: grid210x_device byte send 00 eoi 0
+5109.798095277: grid210x_device byte send 00 eoi 0
+5109.798149279: grid210x_device byte send 00 eoi 0
+5109.798203280: grid210x_device byte send 00 eoi 0
+5109.798256282: grid210x_device byte send 00 eoi 0
+5109.798309283: grid210x_device byte send 00 eoi 0
+5109.798364285: grid210x_device byte send 00 eoi 0
+5109.798418286: grid210x_device byte send 00 eoi 0
+5109.798472288: grid210x_device byte send 00 eoi 0
+5109.798525289: grid210x_device byte send 00 eoi 0
+5109.798578291: grid210x_device byte send 00 eoi 0
+5109.798632292: grid210x_device byte send 00 eoi 0
+5109.798859299: grid210x_device byte send 00 eoi 0
+5109.798918300: grid210x_device byte send 00 eoi 0
+5109.798973302: grid210x_device byte send 00 eoi 0
+5109.799027303: grid210x_device byte send 00 eoi 0
+5109.799080305: grid210x_device byte send 00 eoi 0
+5109.799132306: grid210x_device byte send 00 eoi 0
+5109.799184308: grid210x_device byte send 00 eoi 0
+5109.799239309: grid210x_device byte send 00 eoi 0
+5109.799291311: grid210x_device byte send 00 eoi 0
+5109.799344312: grid210x_device byte send 00 eoi 0
+5109.799396314: grid210x_device byte send 00 eoi 0
+5109.799451315: grid210x_device byte send 00 eoi 0
+5109.799503317: grid210x_device byte send 00 eoi 0
+5109.799556318: grid210x_device byte send 00 eoi 0
+5109.799611320: grid210x_device byte send 00 eoi 0
+5109.799663321: grid210x_device byte send 00 eoi 0
+5109.799847326: grid210x_device byte send 00 eoi 0
+5109.799920328: grid210x_device byte send 00 eoi 0
+5109.799980330: grid210x_device byte send 00 eoi 0
+5109.800189336: grid210x_device byte send 00 eoi 0
+5109.800260338: grid210x_device byte send 00 eoi 0
+5109.800316340: grid210x_device byte send 00 eoi 0
+5109.800371341: grid210x_device byte send 00 eoi 0
+5109.800423343: grid210x_device byte send 00 eoi 0
+5109.800480344: grid210x_device byte send 00 eoi 0
+5109.800532346: grid210x_device byte send 00 eoi 0
+5109.800587347: grid210x_device byte send 00 eoi 0
+5109.800639349: grid210x_device byte send 00 eoi 0
+5109.800693350: grid210x_device byte send 00 eoi 0
+5109.800746352: grid210x_device byte send 00 eoi 0
+5109.800951358: grid210x_device byte send 00 eoi 0
+5109.801018359: grid210x_device byte send 00 eoi 0
+5109.801075361: grid210x_device byte send 00 eoi 0
+5109.801128363: grid210x_device byte send 00 eoi 0
+5109.801181364: grid210x_device byte send 00 eoi 0
+5109.801237366: grid210x_device byte send 00 eoi 0
+5109.801289367: grid210x_device byte send 00 eoi 0
+5109.801343369: grid210x_device byte send 00 eoi 0
+5109.801395370: grid210x_device byte send 00 eoi 0
+5109.801449372: grid210x_device byte send 00 eoi 0
+5109.801504373: grid210x_device byte send 00 eoi 0
+5109.801556375: grid210x_device byte send 00 eoi 0
+5109.802086390: grid210x_device byte send 00 eoi 0
+5109.802149391: grid210x_device byte send 00 eoi 0
+5109.802206393: grid210x_device byte send 00 eoi 0
+5109.802259394: grid210x_device byte send 00 eoi 0
+5109.802313396: grid210x_device byte send 00 eoi 0
+5109.802366397: grid210x_device byte send 00 eoi 0
+5109.802419399: grid210x_device byte send 00 eoi 0
+5109.802475401: grid210x_device byte send 00 eoi 0
+5109.802527402: grid210x_device byte send 00 eoi 0
+5109.802592404: grid210x_device byte send 00 eoi 0
+5109.802648405: grid210x_device byte send 00 eoi 0
+5109.802703407: grid210x_device byte send 00 eoi 0
+5109.802756408: grid210x_device byte send 00 eoi 0
+5109.802809410: grid210x_device byte send 00 eoi 0
+5109.802863411: grid210x_device byte send 00 eoi 0
+5109.802916413: grid210x_device byte send 00 eoi 0
+5109.803132419: grid210x_device byte send 00 eoi 0
+5109.803266423: grid210x_device byte send 00 eoi 0
+5109.803365426: grid210x_device byte send 00 eoi 0
+5109.803427427: grid210x_device byte send 00 eoi 0
+5109.803485429: grid210x_device byte send 00 eoi 0
+5109.803538430: grid210x_device byte send 00 eoi 0
+5109.803593432: grid210x_device byte send 00 eoi 0
+5109.803645434: grid210x_device byte send 00 eoi 0
+5109.803700435: grid210x_device byte send 00 eoi 0
+5109.803751437: grid210x_device byte send 00 eoi 0
+5109.803803438: grid210x_device byte send 00 eoi 0
+5109.803856439: grid210x_device byte send 00 eoi 0
+5109.803909441: grid210x_device byte send 00 eoi 0
+5109.803962442: grid210x_device byte send 00 eoi 0
+5109.804183449: grid210x_device byte send 00 eoi 0
+5109.804256451: grid210x_device byte send 00 eoi 0
+5109.804313452: grid210x_device byte send 00 eoi 0
+5109.804368454: grid210x_device byte send 00 eoi 0
+5109.804422455: grid210x_device byte send 00 eoi 0
+5109.804476457: grid210x_device byte send 00 eoi 0
+5109.804529458: grid210x_device byte send 00 eoi 0
+5109.804582460: grid210x_device byte send 00 eoi 0
+5109.804635461: grid210x_device byte send 00 eoi 0
+5109.804688463: grid210x_device byte send 00 eoi 0
+5109.804740464: grid210x_device byte send 00 eoi 0
+5109.804793466: grid210x_device byte send 00 eoi 0
+5109.804848467: grid210x_device byte send 00 eoi 0
+5109.804901469: grid210x_device byte send 00 eoi 0
+5109.804956470: grid210x_device byte send 00 eoi 0
+5109.805009472: grid210x_device byte send 00 eoi 0
+5109.805062473: grid210x_device byte send 00 eoi 0
+5109.805249479: grid210x_device byte send 00 eoi 0
+5109.805314481: grid210x_device byte send 00 eoi 0
+5109.805370482: grid210x_device byte send 00 eoi 0
+5109.805425484: grid210x_device byte send 00 eoi 0
+5109.805481485: grid210x_device byte send 00 eoi 0
+5109.805535487: grid210x_device byte send 00 eoi 0
+5109.805589488: grid210x_device byte send 00 eoi 0
+5109.805642490: grid210x_device byte send 00 eoi 0
+5109.805696491: grid210x_device byte send 00 eoi 0
+5109.805749493: grid210x_device byte send 00 eoi 0
+5109.805801494: grid210x_device byte send 00 eoi 0
+5109.805855496: grid210x_device byte send 00 eoi 0
+5109.805908497: grid210x_device byte send 00 eoi 0
+5109.805962499: grid210x_device byte send 00 eoi 0
+5109.806011500: grid210x_device byte send 00 eoi 1
+5109.806482513: grid210x_device byte recv 5f atn 1 eoi 0
+5109.806522515: grid210x_device now not talking
+5109.808995584: grid210x_device byte recv 25 atn 1 eoi 0
+5109.809045586: grid210x_device now listening
+5109.810200618: grid210x_device byte recv 04 atn 0 eoi 0
+5109.810293621: grid210x_device byte recv 00 atn 0 eoi 0
+5109.810501627: grid210x_device byte recv 00 atn 0 eoi 0
+5109.810588629: grid210x_device byte recv 01 atn 0 eoi 0
+5109.810663631: grid210x_device byte recv 00 atn 0 eoi 0
+5109.810733633: grid210x_device byte recv 00 atn 0 eoi 0
+5109.810898638: grid210x_device byte recv 00 atn 0 eoi 0
+5109.810968640: grid210x_device byte recv 00 atn 0 eoi 0
+5109.811036642: grid210x_device byte recv 02 atn 0 eoi 0
+5109.812125673: grid210x_device byte recv 00 atn 0 eoi 1
+5109.812215675: grid210x_device byte recv 3f atn 1 eoi 0
+5109.812730690: grid210x_device now not listening
+5109.812753690: grid210x_device command 4, data size 512, sector no 1
+5109.813483711: grid210x_device byte recv 18 atn 1 eoi 0
+5109.813775719: grid210x_device byte recv 45 atn 1 eoi 0
+5109.813823720: grid210x_device now talking
+5109.813855721: grid210x_device byte send 4f eoi 0
+5109.813983725: grid210x_device byte recv 19 atn 1 eoi 0
+5109.814063727: grid210x_device byte recv 5f atn 1 eoi 0
+5109.814090728: grid210x_device now not talking
+5109.815416765: grid210x_device byte recv 45 atn 1 eoi 0
+5109.815461767: grid210x_device now talking
+5109.816641800: grid210x_device byte send 9a eoi 0
+5109.817093813: grid210x_device byte send 42 eoi 0
+5109.817164815: grid210x_device byte send 07 eoi 0
+5109.817224816: grid210x_device byte send 01 eoi 0
+5109.817280818: grid210x_device byte send 20 eoi 0
+5109.817332819: grid210x_device byte send 55 eoi 0
+5109.817383821: grid210x_device byte send b8 eoi 0
+5109.817434822: grid210x_device byte send 80 eoi 0
+5109.817488824: grid210x_device byte send 20 eoi 0
+5109.817540825: grid210x_device byte send 8e eoi 0
+5109.817593827: grid210x_device byte send d8 eoi 0
+5109.817646828: grid210x_device byte send bb eoi 0
+5109.817700830: grid210x_device byte send 08 eoi 0
+5109.817752831: grid210x_device byte send 00 eoi 0
+5109.817804833: grid210x_device byte send 58 eoi 0
+5109.817992838: grid210x_device byte send 59 eoi 0
+5109.818059840: grid210x_device byte send 89 eoi 0
+5109.818116841: grid210x_device byte send 0f eoi 0
+5109.818170843: grid210x_device byte send 89 eoi 0
+5109.818224845: grid210x_device byte send 47 eoi 0
+5109.818276846: grid210x_device byte send 02 eoi 0
+5109.818329847: grid210x_device byte send eb eoi 0
+5109.818383849: grid210x_device byte send e9 eoi 0
+5109.818433850: grid210x_device byte send 55 eoi 0
+5109.819126870: grid210x_device byte send 43 eoi 0
+5109.819256874: grid210x_device byte send 61 eoi 0
+5109.819351876: grid210x_device byte send 6e eoi 0
+5109.819412878: grid210x_device byte send 6e eoi 0
+5109.819468880: grid210x_device byte send 6f eoi 0
+5109.819520881: grid210x_device byte send 74 eoi 0
+5109.819573883: grid210x_device byte send 20 eoi 0
+5109.819624884: grid210x_device byte send 62 eoi 0
+5109.819676885: grid210x_device byte send 6f eoi 0
+5109.819729887: grid210x_device byte send 6f eoi 0
+5109.819780888: grid210x_device byte send 74 eoi 0
+5109.819832890: grid210x_device byte send 3a eoi 0
+5109.819884891: grid210x_device byte send 20 eoi 0
+5109.819937893: grid210x_device byte send 4d eoi 0
+5109.820197900: grid210x_device byte send 65 eoi 0
+5109.820274902: grid210x_device byte send 64 eoi 0
+5109.820331904: grid210x_device byte send 69 eoi 0
+5109.820384905: grid210x_device byte send 75 eoi 0
+5109.820439907: grid210x_device byte send 6d eoi 0
+5109.820490908: grid210x_device byte send 20 eoi 0
+5109.820540910: grid210x_device byte send 65 eoi 0
+5109.820593911: grid210x_device byte send 72 eoi 0
+5109.820645913: grid210x_device byte send 72 eoi 0
+5109.820699914: grid210x_device byte send 6f eoi 0
+5109.820750916: grid210x_device byte send 72 eoi 0
+5109.820801917: grid210x_device byte send 0d eoi 0
+5109.820860919: grid210x_device byte send 0a eoi 0
+5109.820913920: grid210x_device byte send 43 eoi 0
+5109.820966922: grid210x_device byte send 43 eoi 0
+5109.821017923: grid210x_device byte send 4f eoi 0
+5109.821071925: grid210x_device byte send 53 eoi 0
+5109.821258930: grid210x_device byte send 20 eoi 0
+5109.821329932: grid210x_device byte send 6e eoi 0
+5109.821385934: grid210x_device byte send 6f eoi 0
+5109.821439935: grid210x_device byte send 74 eoi 0
+5109.821491937: grid210x_device byte send 20 eoi 0
+5109.821543938: grid210x_device byte send 66 eoi 0
+5109.821596940: grid210x_device byte send 6f eoi 0
+5109.821649941: grid210x_device byte send 75 eoi 0
+5109.821702943: grid210x_device byte send 6e eoi 0
+5109.821752944: grid210x_device byte send 64 eoi 0
+5109.821803945: grid210x_device byte send 0d eoi 0
+5109.821857947: grid210x_device byte send 0a eoi 0
+5109.821909948: grid210x_device byte send 43 eoi 0
+5109.822446964: grid210x_device byte send 68 eoi 0
+5109.822510965: grid210x_device byte send 65 eoi 0
+5109.822565967: grid210x_device byte send 63 eoi 0
+5109.822618968: grid210x_device byte send 6b eoi 0
+5109.822670970: grid210x_device byte send 73 eoi 0
+5109.822722971: grid210x_device byte send 75 eoi 0
+5109.822774973: grid210x_device byte send 6d eoi 0
+5109.822827974: grid210x_device byte send 20 eoi 0
+5109.822880976: grid210x_device byte send 65 eoi 0
+5109.822932977: grid210x_device byte send 72 eoi 0
+5109.822985979: grid210x_device byte send 72 eoi 0
+5109.823037980: grid210x_device byte send 6f eoi 0
+5109.823090982: grid210x_device byte send 72 eoi 0
+5109.823141983: grid210x_device byte send 20 eoi 0
+5109.823193985: grid210x_device byte send 69 eoi 0
+5109.823244986: grid210x_device byte send 6e eoi 0
+5109.823452992: grid210x_device byte send 20 eoi 0
+5109.823521994: grid210x_device byte send 43 eoi 0
+5109.823577995: grid210x_device byte send 43 eoi 0
+5109.823630997: grid210x_device byte send 4f eoi 0
+5109.823682998: grid210x_device byte send 53 eoi 0
+5109.823737000: grid210x_device byte send 0d eoi 0
+5109.823792001: grid210x_device byte send 0a eoi 0
+5109.823847003: grid210x_device byte send 11 eoi 0
+5109.823898004: grid210x_device byte send 50 eoi 0
+5109.823950006: grid210x_device byte send 72 eoi 0
+5109.824000007: grid210x_device byte send 6f eoi 0
+5109.824051009: grid210x_device byte send 67 eoi 0
+5109.824104010: grid210x_device byte send 72 eoi 0
+5109.824156012: grid210x_device byte send 61 eoi 0
+5109.824211013: grid210x_device byte send 6d eoi 0
+5109.824262015: grid210x_device byte send 73 eoi 0
+5109.824315016: grid210x_device byte send 7e eoi 0
+5109.824518022: grid210x_device byte send 53 eoi 0
+5109.824588024: grid210x_device byte send 75 eoi 0
+5109.824644025: grid210x_device byte send 62 eoi 0
+5109.824698027: grid210x_device byte send 6a eoi 0
+5109.824751028: grid210x_device byte send 65 eoi 0
+5109.824802030: grid210x_device byte send 63 eoi 0
+5109.824854031: grid210x_device byte send 74 eoi 0
+5109.824906033: grid210x_device byte send 7e eoi 0
+5109.824958034: grid210x_device byte send 0c eoi 0
+5109.825013036: grid210x_device byte send 43 eoi 0
+5109.825065037: grid210x_device byte send 43 eoi 0
+5109.825117039: grid210x_device byte send 4f eoi 0
+5109.825169040: grid210x_device byte send 53 eoi 0
+5109.825222042: grid210x_device byte send 7e eoi 0
+5109.825275043: grid210x_device byte send 53 eoi 0
+5109.825329045: grid210x_device byte send 79 eoi 0
+5109.825380046: grid210x_device byte send 73 eoi 0
+5109.825577052: grid210x_device byte send 74 eoi 0
+5109.825642054: grid210x_device byte send 65 eoi 0
+5109.825699055: grid210x_device byte send 6d eoi 0
+5109.825751057: grid210x_device byte send 7e eoi 0
+5109.825802058: grid210x_device byte send 18 eoi 0
+5109.825855060: grid210x_device byte send 53 eoi 0
+5109.825907061: grid210x_device byte send 63 eoi 0
+5109.825961063: grid210x_device byte send 72 eoi 0
+5109.826013064: grid210x_device byte send 65 eoi 0
+5109.826066066: grid210x_device byte send 65 eoi 0
+5109.826118067: grid210x_device byte send 6e eoi 0
+5109.826168068: grid210x_device byte send 2e eoi 0
+5109.826220070: grid210x_device byte send 49 eoi 0
+5109.826271071: grid210x_device byte send 6e eoi 0
+5109.826324073: grid210x_device byte send 69 eoi 0
+5109.826375074: grid210x_device byte send 74 eoi 0
+5109.826425076: grid210x_device byte send 7e eoi 0
+5109.826606081: grid210x_device byte send 53 eoi 0
+5109.826676083: grid210x_device byte send 63 eoi 0
+5109.826736084: grid210x_device byte send 72 eoi 0
+5109.826787086: grid210x_device byte send 65 eoi 0
+5109.826841087: grid210x_device byte send 65 eoi 0
+5109.826893089: grid210x_device byte send 6e eoi 0
+5109.826946090: grid210x_device byte send 49 eoi 0
+5109.826998092: grid210x_device byte send 6d eoi 0
+5109.827050093: grid210x_device byte send 61 eoi 0
+5109.827101095: grid210x_device byte send 67 eoi 0
+5109.827153096: grid210x_device byte send 65 eoi 0
+5109.827753113: grid210x_device byte send 7e eoi 0
+5109.827831115: grid210x_device byte send 55 eoi 0
+5109.827886117: grid210x_device byte send 80 eoi 0
+5109.827940118: grid210x_device byte send 20 eoi 0
+5109.827993120: grid210x_device byte send 00 eoi 0
+5109.828049121: grid210x_device byte send 00 eoi 0
+5109.828101123: grid210x_device byte send 40 eoi 0
+5109.828153124: grid210x_device byte send 00 eoi 0
+5109.828207126: grid210x_device byte send 55 eoi 0
+5109.828259127: grid210x_device byte send 8b eoi 0
+5109.828310129: grid210x_device byte send ec eoi 0
+5109.828364130: grid210x_device byte send b8 eoi 0
+5109.828416132: grid210x_device byte send 08 eoi 0
+5109.828470133: grid210x_device byte send 00 eoi 0
+5109.828523135: grid210x_device byte send 0e eoi 0
+5109.828577136: grid210x_device byte send 50 eoi 0
+5109.828763142: grid210x_device byte send b8 eoi 0
+5109.828841144: grid210x_device byte send 0d eoi 0
+5109.828901145: grid210x_device byte send 00 eoi 0
+5109.828956147: grid210x_device byte send 50 eoi 0
+5109.829007148: grid210x_device byte send 9a eoi 0
+5109.829058150: grid210x_device byte send 06 eoi 0
+5109.829112151: grid210x_device byte send 00 eoi 0
+5109.829166153: grid210x_device byte send ef eoi 0
+5109.829217154: grid210x_device byte send ff eoi 0
+5109.829269156: grid210x_device byte send 8b eoi 0
+5109.829322157: grid210x_device byte send 1e eoi 0
+5109.829373159: grid210x_device byte send 00 eoi 0
+5109.829427160: grid210x_device byte send 00 eoi 0
+5109.829485162: grid210x_device byte send 4b eoi 0
+5109.829537163: grid210x_device byte send d1 eoi 0
+5109.829589165: grid210x_device byte send e3 eoi 0
+5109.829641166: grid210x_device byte send 2e eoi 0
+5109.829839172: grid210x_device byte send ff eoi 0
+5109.829914174: grid210x_device byte send a7 eoi 0
+5109.829970176: grid210x_device byte send a7 eoi 0
+5109.830118180: grid210x_device byte send 00 eoi 0
+5109.830185182: grid210x_device byte send ad eoi 0
+5109.830242183: grid210x_device byte send 00 eoi 0
+5109.830297185: grid210x_device byte send b7 eoi 0
+5109.830350186: grid210x_device byte send 00 eoi 0
+5109.830403188: grid210x_device byte send c1 eoi 0
+5109.830457189: grid210x_device byte send 00 eoi 0
+5109.830509191: grid210x_device byte send b8 eoi 0
+5109.830560192: grid210x_device byte send 15 eoi 0
+5109.830613194: grid210x_device byte send 00 eoi 0
+5109.830665195: grid210x_device byte send 0e eoi 0
+5109.830719197: grid210x_device byte send 50 eoi 0
+5109.830910202: grid210x_device byte send b8 eoi 0
+5109.830980204: grid210x_device byte send 0e eoi 0
+5109.831037206: grid210x_device byte send 00 eoi 0
+5109.831093207: grid210x_device byte send eb eoi 0
+5109.831145209: grid210x_device byte send 12 eoi 0
+5109.831198210: grid210x_device byte send b8 eoi 0
+5109.831250212: grid210x_device byte send 23 eoi 0
+5109.831301213: grid210x_device byte send 00 eoi 0
+5109.831355215: grid210x_device byte send 0e eoi 0
+5109.831408216: grid210x_device byte send 50 eoi 0
+5109.831461218: grid210x_device byte send b8 eoi 0
+5109.831514219: grid210x_device byte send 10 eoi 0
+5109.831567221: grid210x_device byte send 00 eoi 0
+5109.831619222: grid210x_device byte send eb eoi 0
+5109.831671224: grid210x_device byte send 08 eoi 0
+5109.831726225: grid210x_device byte send b8 eoi 0
+5109.831776227: grid210x_device byte send 33 eoi 0
+5109.831960232: grid210x_device byte send 00 eoi 0
+5109.832031234: grid210x_device byte send 0e eoi 0
+5109.832090235: grid210x_device byte send 50 eoi 0
+5109.832142237: grid210x_device byte send b8 eoi 0
+5109.832197238: grid210x_device byte send 18 eoi 0
+5109.832249240: grid210x_device byte send 00 eoi 0
+5109.832301241: grid210x_device byte send 50 eoi 0
+5109.832354243: grid210x_device byte send 9a eoi 0
+5109.832407244: grid210x_device byte send 06 eoi 0
+5109.832459246: grid210x_device byte send 00 eoi 0
+5109.832512247: grid210x_device byte send ef eoi 0
+5109.832566249: grid210x_device byte send ff eoi 0
+5109.832617250: grid210x_device byte send b8 eoi 0
+5109.832669252: grid210x_device byte send e8 eoi 0
+5109.833224267: grid210x_device byte send 03 eoi 0
+5109.833290269: grid210x_device byte send 50 eoi 0
+5109.833345271: grid210x_device byte send 9a eoi 0
+5109.833397272: grid210x_device byte send d3 eoi 0
+5109.833450274: grid210x_device byte send 00 eoi 0
+5109.833505275: grid210x_device byte send ef eoi 0
+5109.833557277: grid210x_device byte send ff eoi 0
+5109.833609278: grid210x_device byte send 5d eoi 0
+5109.833661280: grid210x_device byte send c3 eoi 0
+5109.833714281: grid210x_device byte send 55 eoi 0
+5109.833765283: grid210x_device byte send 8b eoi 0
+5109.833816284: grid210x_device byte send ec eoi 0
+5109.833869286: grid210x_device byte send b0 eoi 0
+5109.833919287: grid210x_device byte send 00 eoi 0
+5109.833974289: grid210x_device byte send bf eoi 0
+5109.834192295: grid210x_device byte send 99 eoi 0
+5109.834262297: grid210x_device byte send 0e eoi 0
+5109.834321298: grid210x_device byte send b9 eoi 0
+5109.834375300: grid210x_device byte send 13 eoi 0
+5109.834426301: grid210x_device byte send 00 eoi 0
+5109.834480303: grid210x_device byte send 1e eoi 0
+5109.834532304: grid210x_device byte send 07 eoi 0
+5109.834585306: grid210x_device byte send fc eoi 0
+5109.834638307: grid210x_device byte send f2 eoi 0
+5109.834691309: grid210x_device byte send aa eoi 0
+5109.834743310: grid210x_device byte send a0 eoi 0
+5109.834794312: grid210x_device byte send b0 eoi 0
+5109.834846313: grid210x_device byte send 0e eoi 0
+5109.834899315: grid210x_device byte send a2 eoi 0
+5109.834952316: grid210x_device byte send a7 eoi 0
+5109.835004318: grid210x_device byte send 0e eoi 0
+5109.835058319: grid210x_device byte send c4 eoi 0
+5109.835379328: grid210x_device byte send 46 eoi 0
+5109.835457330: grid210x_device byte send 0a eoi 0
+5109.835515332: grid210x_device byte send a3 eoi 0
+5109.835570334: grid210x_device byte send 9b eoi 0
+5109.835620335: grid210x_device byte send 0e eoi 0
+5109.835671336: grid210x_device byte send 8c eoi 0
+5109.835724338: grid210x_device byte send 06 eoi 0
+5109.835778339: grid210x_device byte send 9d eoi 0
+5109.835829341: grid210x_device byte send 0e eoi 0
+5109.835882342: grid210x_device byte send 8b eoi 0
+5109.835933344: grid210x_device byte send 46 eoi 0
+5109.835987345: grid210x_device byte send 04 eoi 0
+5109.836040347: grid210x_device byte send a3 eoi 0
+5109.836094348: grid210x_device byte send a3 eoi 0
+5109.836145350: grid210x_device byte send 0e eoi 0
+5109.836199351: grid210x_device byte send 8b eoi 0
+5109.836414357: grid210x_device byte send 46 eoi 0
+5109.836478359: grid210x_device byte send 06 eoi 0
+5109.836534361: grid210x_device byte send 8b eoi 0
+5109.836588362: grid210x_device byte send 56 eoi 0
+5109.836640364: grid210x_device byte send 08 eoi 0
+5109.836695365: grid210x_device byte send a3 eoi 0
+5109.836748367: grid210x_device byte send 9f eoi 0
+5109.836799368: grid210x_device byte send 0e eoi 0
+5109.836851370: grid210x_device byte send 89 eoi 0
+5109.836902371: grid210x_device byte send 16 eoi 0
+5109.836955373: grid210x_device byte send a1 eoi 0
+5109.837007374: grid210x_device byte send 0e eoi 0
+5109.837060376: grid210x_device byte send 5d eoi 0
+5109.837114377: grid210x_device byte send c2 eoi 0
+5109.837165378: grid210x_device byte send 0a eoi 0
+5109.837218380: grid210x_device byte send 00 eoi 0
+5109.837269381: grid210x_device byte send 55 eoi 0
+5109.837471387: grid210x_device byte send 8b eoi 0
+5109.837531389: grid210x_device byte send ec eoi 0
+5109.837584390: grid210x_device byte send c4 eoi 0
+5109.837637392: grid210x_device byte send 46 eoi 0
+5109.837690393: grid210x_device byte send 04 eoi 0
+5109.837743395: grid210x_device byte send 06 eoi 0
+5109.837794396: grid210x_device byte send 50 eoi 0
+5109.837846398: grid210x_device byte send 8b eoi 0
+5109.837898399: grid210x_device byte send 46 eoi 0
+5109.837951401: grid210x_device byte send 08 eoi 0
+5109.838004402: grid210x_device byte send ba eoi 0
+5109.838056404: grid210x_device byte send 00 eoi 0
+5109.838110405: grid210x_device byte send 00 eoi 0
+5109.838161407: grid210x_device byte send 03 eoi 0
+5109.838680421: grid210x_device byte send 06 eoi 0
+5109.838748423: grid210x_device byte send 0c eoi 0
+5109.838803425: grid210x_device byte send 00 eoi 0
+5109.838859426: grid210x_device byte send 13 eoi 0
+5109.838911428: grid210x_device byte send 16 eoi 0
+5109.838963429: grid210x_device byte send 0e eoi 0
+5109.839016431: grid210x_device byte send 00 eoi 0
+5109.839070432: grid210x_device byte send 52 eoi 0
+5109.839122434: grid210x_device byte send 50 eoi 0
+5109.839174435: grid210x_device byte send ff eoi 0
+5109.839226437: grid210x_device byte send 36 eoi 0
+5109.839278438: grid210x_device byte send 22 eoi 0
+5109.839330440: grid210x_device byte send 00 eoi 0
+5109.839383441: grid210x_device byte send e8 eoi 0
+5109.839589447: grid210x_device byte send aa eoi 0
+5109.839663449: grid210x_device byte send ff eoi 0
+5109.839721451: grid210x_device byte send b8 eoi 0
+5109.839774452: grid210x_device byte send 04 eoi 0
+5109.839829454: grid210x_device byte send 00 eoi 0
+5109.839882455: grid210x_device byte send 50 eoi 0
+5109.839934457: grid210x_device byte send b8 eoi 0
+5109.839990458: grid210x_device byte send 99 eoi 0
+5109.840124462: grid210x_device byte send 0e eoi 0
+5109.840192464: grid210x_device byte send 1e eoi 0
+5109.840247465: grid210x_device byte send 50 eoi 0
+5109.840299467: grid210x_device byte send b8 eoi 0
+5109.840351468: grid210x_device byte send 6c eoi 0
+5109.840404470: grid210x_device byte send 0a eoi 0
+5109.840459471: grid210x_device byte send 1e eoi 0
+5109.840545474: grid210x_device byte send 50 eoi 0
+5109.840730479: grid210x_device byte send ff eoi 0
+5109.840789481: grid210x_device byte send 1e eoi 0
+5109.840843482: grid210x_device byte send ac eoi 0
+5109.840895484: grid210x_device byte send 0e eoi 0
+5109.840952485: grid210x_device byte send a1 eoi 0
+5109.841002487: grid210x_device byte send 6c eoi 0
+5109.841053488: grid210x_device byte send 0a eoi 0
+5109.841108490: grid210x_device byte send 5d eoi 0
+5109.841159491: grid210x_device byte send c2 eoi 0
+5109.841210493: grid210x_device byte send 06 eoi 0
+5109.841262494: grid210x_device byte send 00 eoi 0
+5109.841315495: grid210x_device byte send 55 eoi 0
+5109.841366497: grid210x_device byte send 8b eoi 0
+5109.841416498: grid210x_device byte send ec eoi 0
+5109.841469500: grid210x_device byte send c4 eoi 0
+5109.841520501: grid210x_device byte send 5e eoi 0
+5109.841573503: grid210x_device byte send 04 eoi 0
+5109.841764508: grid210x_device byte send 8d eoi 0
+5109.841829510: grid210x_device byte send 47 eoi 0
+5109.841883511: grid210x_device byte send 04 eoi 0
+5109.841940513: grid210x_device byte send a3 eoi 0
+5109.841992515: grid210x_device byte send 72 eoi 0
+5109.842044516: grid210x_device byte send 0a eoi 0
+5109.842099518: grid210x_device byte send 8c eoi 0
+5109.842151519: grid210x_device byte send 06 eoi 0
+5109.842206521: grid210x_device byte send 74 eoi 0
+5109.842258522: grid210x_device byte send 0a eoi 0
+5109.842311524: grid210x_device byte send c4 eoi 0
+5109.842364525: grid210x_device byte send 5e eoi 0
+5109.842416527: grid210x_device byte send 04 eoi 0
+5109.842472528: grid210x_device byte send b8 eoi 0
+5109.842524530: grid210x_device byte send 00 eoi 0
+5109.842578531: grid210x_device byte send 00 eoi 0
+5109.842630533: grid210x_device byte send 26 eoi 0
+5109.842829538: grid210x_device byte send 89 eoi 0
+5109.842887540: grid210x_device byte send 87 eoi 0
+5109.842942541: grid210x_device byte send 04 eoi 0
+5109.842997543: grid210x_device byte send 04 eoi 0
+5109.843048544: grid210x_device byte send 26 eoi 0
+5109.843100546: grid210x_device byte send 89 eoi 0
+5109.843151547: grid210x_device byte send 87 eoi 0
+5109.843260550: grid210x_device byte send 06 eoi 0
+5109.843357553: grid210x_device byte send 04 eoi 0
+5109.843419555: grid210x_device byte send 26 eoi 0
+5109.843475556: grid210x_device byte send c7 eoi 0
+5109.843528558: grid210x_device byte send 07 eoi 0
+5109.843583559: grid210x_device byte send 01 eoi 0
+5109.843636561: grid210x_device byte send 00 eoi 0
+5109.843839567: grid210x_device byte send 26 eoi 0
+5109.844205577: grid210x_device byte send c7 eoi 0
+5109.844268579: grid210x_device byte send 47 eoi 0
+5109.844322580: grid210x_device byte send 02 eoi 0
+5109.844378582: grid210x_device byte send 00 eoi 0
+5109.844430583: grid210x_device byte send 00 eoi 0
+5109.844486585: grid210x_device byte send c4 eoi 0
+5109.844537586: grid210x_device byte send 1e eoi 0
+5109.844590588: grid210x_device byte send 72 eoi 0
+5109.844641589: grid210x_device byte send 0a eoi 0
+5109.844695591: grid210x_device byte send 8d eoi 0
+5109.844926597: grid210x_device byte send 87 eoi 0
+5109.845003599: grid210x_device byte send cc eoi 0
+5109.845058601: grid210x_device byte send 00 eoi 0
+5109.845117603: grid210x_device byte send a3 eoi 0
+5109.845169604: grid210x_device byte send 6e eoi 0
+5109.845223606: grid210x_device byte send 0a eoi 0
+5109.845274607: grid210x_device byte send 8c eoi 0
+5109.845328609: grid210x_device byte send 06 eoi 0
+5109.845381610: grid210x_device byte send 70 eoi 0
+5109.845432612: grid210x_device byte send 0a eoi 0
+5109.845487613: grid210x_device byte send 89 eoi 0
+5109.845538615: grid210x_device byte send c3 eoi 0
+5109.845592616: grid210x_device byte send 8b eoi 0
+5109.845642617: grid210x_device byte send 4e eoi 0
+5109.845692619: grid210x_device byte send 08 eoi 0
+5109.845743620: grid210x_device byte send 26 eoi 0
+5109.845794622: grid210x_device byte send 89 eoi 0
+5109.846001628: grid210x_device byte send 4f eoi 0
+5109.846079630: grid210x_device byte send 06 eoi 0
+5109.846139631: grid210x_device byte send 5d eoi 0
+5109.846192633: grid210x_device byte send c2 eoi 0
+5109.846244634: grid210x_device byte send 06 eoi 0
+5109.846297636: grid210x_device byte send 00 eoi 0
+5109.846350637: grid210x_device byte send 55 eoi 0
+5109.846401639: grid210x_device byte send 8b eoi 0
+5109.846454640: grid210x_device byte send ec eoi 0
+5109.846505642: grid210x_device byte send 83 eoi 0
+5109.846557643: grid210x_device byte send 7e eoi 0
+5109.846611645: grid210x_device byte send 04 eoi 0
+5109.846663646: grid210x_device byte send 00 eoi 0
+5109.846717648: grid210x_device byte send 75 eoi 0
+5109.846769649: grid210x_device byte send 08 eoi 0
+5109.846822651: grid210x_device byte send a1 eoi 0
+5109.846875652: grid210x_device byte send 24 eoi 0
+5109.847050657: grid210x_device byte send 00 eoi 0
+5109.847126659: grid210x_device byte send 2d eoi 0
+5109.847181661: grid210x_device byte send d4 eoi 0
+5109.847237662: grid210x_device byte send 00 eoi 0
+5109.847291664: grid210x_device byte send eb eoi 0
+5109.847343665: grid210x_device byte send 06 eoi 0
+5109.847395667: grid210x_device byte send a1 eoi 0
+5109.847449668: grid210x_device byte send 24 eoi 0
+5109.847501670: grid210x_device byte send 00 eoi 0
+5109.847554671: grid210x_device byte send 83 eoi 0
+5109.847608673: grid210x_device byte send e8 eoi 0
+5109.847659674: grid210x_device byte send 0c eoi 0
+5109.847713676: grid210x_device byte send d1 eoi 0
+5109.847764677: grid210x_device byte send e8 eoi 0
+5109.847817679: grid210x_device byte send 5d eoi 0
+5109.847868680: grid210x_device byte send c2 eoi 0
+5109.847918682: grid210x_device byte send 02 eoi 0
+5109.847972683: grid210x_device byte send 00 eoi 0
+5109.848169689: grid210x_device byte send 55 eoi 0
+5109.848229690: grid210x_device byte send 8b eoi 0
+5109.848284692: grid210x_device byte send ec eoi 0
+5109.848339693: grid210x_device byte send b8 eoi 0
+5109.848392695: grid210x_device byte send 00 eoi 0
+5109.848448697: grid210x_device byte send 00 eoi 0
+5109.848501698: grid210x_device byte send 50 eoi 0
+5109.848553700: grid210x_device byte send e8 eoi 0
+5109.848606701: grid210x_device byte send d9 eoi 0
+5109.848657702: grid210x_device byte send ff eoi 0
+5109.848708704: grid210x_device byte send a3 eoi 0
+5109.848758705: grid210x_device byte send 76 eoi 0
+5109.848809707: grid210x_device byte send 0a eoi 0
+5109.848864708: grid210x_device byte send c4 eoi 0
+5109.848928710: grid210x_device byte send 5e eoi 0
+5109.848986712: grid210x_device byte send 04 eoi 0
+5109.849447725: grid210x_device byte send 8d eoi 0
+5109.849514727: grid210x_device byte send 4f eoi 0
+5109.849570728: grid210x_device byte send 04 eoi 0
+5109.849625730: grid210x_device byte send 89 eoi 0
+5109.849678731: grid210x_device byte send 0e eoi 0
+5109.849733733: grid210x_device byte send 86 eoi 0
+5109.849785734: grid210x_device byte send 0a eoi 0
+5109.849839736: grid210x_device byte send 8c eoi 0
+5109.849891737: grid210x_device byte send 06 eoi 0
+5109.849945739: grid210x_device byte send 88 eoi 0
+5109.849997740: grid210x_device byte send 0a eoi 0
+5109.850299749: grid210x_device byte send c4 eoi 0
+5109.850369751: grid210x_device byte send 5e eoi 0
+5109.850423752: grid210x_device byte send 04 eoi 0
+5109.850481754: grid210x_device byte send 26 eoi 0
+5109.850535755: grid210x_device byte send 8b eoi 0
+5109.850588757: grid210x_device byte send 87 eoi 0
+5109.850638758: grid210x_device byte send 04 eoi 0
+5109.850694760: grid210x_device byte send 04 eoi 0
+5109.850747761: grid210x_device byte send 26 eoi 0
+5109.850799763: grid210x_device byte send 8b eoi 0
+5109.850851764: grid210x_device byte send 97 eoi 0
+5109.850902766: grid210x_device byte send 06 eoi 0
+5109.850954767: grid210x_device byte send 04 eoi 0
+5109.851007769: grid210x_device byte send 8b eoi 0
+5109.851058770: grid210x_device byte send 0e eoi 0
+5109.851112772: grid210x_device byte send 24 eoi 0
+5109.851162773: grid210x_device byte send 00 eoi 0
+5109.851475782: grid210x_device byte send bf eoi 0
+5109.851546784: grid210x_device byte send 00 eoi 0
+5109.851603786: grid210x_device byte send 00 eoi 0
+5109.851658787: grid210x_device byte send 9a eoi 0
+5109.851710789: grid210x_device byte send 00 eoi 0
+5109.851765790: grid210x_device byte send 00 eoi 0
+5109.851819792: grid210x_device byte send 7b eoi 0
+5109.851871793: grid210x_device byte send 20 eoi 0
+5109.851921794: grid210x_device byte send a3 eoi 0
+5109.851973796: grid210x_device byte send 7a eoi 0
+5109.852023797: grid210x_device byte send 0a eoi 0
+5109.852077799: grid210x_device byte send 3b eoi 0
+5109.852129800: grid210x_device byte send 06 eoi 0
+5109.852182802: grid210x_device byte send 76 eoi 0
+5109.852236803: grid210x_device byte send 0a eoi 0
+5109.852287805: grid210x_device byte send 73 eoi 0
+5109.852473810: grid210x_device byte send 0d eoi 0
+5109.852548812: grid210x_device byte send a3 eoi 0
+5109.852607814: grid210x_device byte send 7c eoi 0
+5109.852660815: grid210x_device byte send 0a eoi 0
+5109.852718817: grid210x_device byte send c4 eoi 0
+5109.852769818: grid210x_device byte send 1e eoi 0
+5109.852819820: grid210x_device byte send 86 eoi 1
+5109.853287833: grid210x_device byte recv 5f atn 1 eoi 0
+5109.853316834: grid210x_device now not talking
+5109.855643899: grid210x_device byte recv 25 atn 1 eoi 0
+5109.855711901: grid210x_device now listening
+5109.856796932: grid210x_device byte recv 04 atn 0 eoi 0
+5109.856884934: grid210x_device byte recv 00 atn 0 eoi 0
+5109.856958936: grid210x_device byte recv 00 atn 0 eoi 0
+5109.857026938: grid210x_device byte recv 02 atn 0 eoi 0
+5109.857094940: grid210x_device byte recv 00 atn 0 eoi 0
+5109.857161942: grid210x_device byte recv 00 atn 0 eoi 0
+5109.857229944: grid210x_device byte recv 00 atn 0 eoi 0
+5109.857293946: grid210x_device byte recv 00 atn 0 eoi 0
+5109.857363948: grid210x_device byte recv 02 atn 0 eoi 0
+5109.858452979: grid210x_device byte recv 20 atn 0 eoi 1
+5109.858534981: grid210x_device byte recv 3f atn 1 eoi 0
+5109.858564982: grid210x_device now not listening
+5109.858577982: grid210x_device command 4, data size 512, sector no 2
+5109.859397005: grid210x_device byte recv 18 atn 1 eoi 0
+5109.859500008: grid210x_device byte recv 45 atn 1 eoi 0
+5109.859529009: grid210x_device now talking
+5109.859558010: grid210x_device byte send 4f eoi 0
+5109.859684013: grid210x_device byte recv 19 atn 1 eoi 0
+5109.860065024: grid210x_device byte recv 5f atn 1 eoi 0
+5109.860109025: grid210x_device now not talking
+5109.861507065: grid210x_device byte recv 45 atn 1 eoi 0
+5109.861555066: grid210x_device now talking
+5109.862734099: grid210x_device byte send 0a eoi 0
+5109.863183112: grid210x_device byte send 8d eoi 0
+5109.863257114: grid210x_device byte send 87 eoi 0
+5109.863311116: grid210x_device byte send cc eoi 0
+5109.863367117: grid210x_device byte send 00 eoi 0
+5109.863422119: grid210x_device byte send eb eoi 0
+5109.863477120: grid210x_device byte send 1e eoi 0
+5109.863529122: grid210x_device byte send a1 eoi 0
+5109.863581123: grid210x_device byte send 7a eoi 0
+5109.863633125: grid210x_device byte send 0a eoi 0
+5109.863685126: grid210x_device byte send 2b eoi 0
+5109.863739128: grid210x_device byte send 06 eoi 0
+5109.863792129: grid210x_device byte send 76 eoi 0
+5109.863845131: grid210x_device byte send 0a eoi 0
+5109.863899132: grid210x_device byte send 50 eoi 0
+5109.863951134: grid210x_device byte send b9 eoi 0
+5109.864130139: grid210x_device byte send 01 eoi 0
+5109.864206141: grid210x_device byte send 00 eoi 0
+5109.864264142: grid210x_device byte send 51 eoi 0
+5109.864316144: grid210x_device byte send e8 eoi 0
+5109.864369145: grid210x_device byte send 8a eoi 0
+5109.864420147: grid210x_device byte send ff eoi 0
+5109.864474148: grid210x_device byte send 89 eoi 0
+5109.864525150: grid210x_device byte send c1 eoi 0
+5109.864578151: grid210x_device byte send 58 eoi 0
+5109.864629153: grid210x_device byte send 31 eoi 0
+5109.864680154: grid210x_device byte send d2 eoi 0
+5109.864734156: grid210x_device byte send f7 eoi 0
+5109.864786157: grid210x_device byte send f1 eoi 0
+5109.864840159: grid210x_device byte send 89 eoi 0
+5109.864891160: grid210x_device byte send 16 eoi 0
+5109.864942162: grid210x_device byte send 7c eoi 0
+5109.864996163: grid210x_device byte send 0a eoi 0
+5109.865049165: grid210x_device byte send c4 eoi 0
+5109.865244170: grid210x_device byte send 06 eoi 0
+5109.865306172: grid210x_device byte send 86 eoi 0
+5109.865363173: grid210x_device byte send 0a eoi 0
+5109.865417175: grid210x_device byte send a3 eoi 0
+5109.865471176: grid210x_device byte send 7e eoi 0
+5109.865523178: grid210x_device byte send 0a eoi 0
+5109.865578179: grid210x_device byte send 8c eoi 0
+5109.865630181: grid210x_device byte send 06 eoi 0
+5109.865683182: grid210x_device byte send 80 eoi 0
+5109.865737184: grid210x_device byte send 0a eoi 0
+5109.865790185: grid210x_device byte send 83 eoi 0
+5109.865843187: grid210x_device byte send 3e eoi 0
+5109.865895188: grid210x_device byte send 7c eoi 0
+5109.865948190: grid210x_device byte send 0a eoi 0
+5109.866000191: grid210x_device byte send 00 eoi 0
+5109.866054193: grid210x_device byte send 75 eoi 0
+5109.866106194: grid210x_device byte send 5a eoi 0
+5109.866336201: grid210x_device byte send c4 eoi 0
+5109.866393202: grid210x_device byte send 06 eoi 0
+5109.866450204: grid210x_device byte send 7e eoi 0
+5109.866503206: grid210x_device byte send 0a eoi 0
+5109.866556207: grid210x_device byte send a3 eoi 0
+5109.866609209: grid210x_device byte send 82 eoi 0
+5109.866661210: grid210x_device byte send 0a eoi 0
+5109.866714211: grid210x_device byte send 8c eoi 0
+5109.866765213: grid210x_device byte send 06 eoi 0
+5109.866818214: grid210x_device byte send 84 eoi 0
+5109.866868216: grid210x_device byte send 0a eoi 0
+5109.866920217: grid210x_device byte send a1 eoi 0
+5109.866974219: grid210x_device byte send 76 eoi 0
+5109.867024220: grid210x_device byte send 0a eoi 0
+5109.867079222: grid210x_device byte send 3b eoi 0
+5109.867130223: grid210x_device byte send 06 eoi 0
+5109.867182225: grid210x_device byte send 7a eoi 0
+5109.867479233: grid210x_device byte send 0a eoi 0
+5109.867541235: grid210x_device byte send 75 eoi 0
+5109.867594236: grid210x_device byte send 0f eoi 0
+5109.867647238: grid210x_device byte send c4 eoi 0
+5109.867701239: grid210x_device byte send 1e eoi 0
+5109.867753241: grid210x_device byte send 86 eoi 0
+5109.867804242: grid210x_device byte send 0a eoi 0
+5109.867858244: grid210x_device byte send 8d eoi 0
+5109.867910245: grid210x_device byte send 87 eoi 0
+5109.867964247: grid210x_device byte send cc eoi 0
+5109.868015248: grid210x_device byte send 00 eoi 0
+5109.868521262: grid210x_device byte send a3 eoi 0
+5109.868598265: grid210x_device byte send 82 eoi 0
+5109.868654266: grid210x_device byte send 0a eoi 0
+5109.868710268: grid210x_device byte send 8c eoi 0
+5109.868762269: grid210x_device byte send 06 eoi 0
+5109.868816271: grid210x_device byte send 84 eoi 0
+5109.868868272: grid210x_device byte send 0a eoi 0
+5109.868921274: grid210x_device byte send c4 eoi 0
+5109.868974275: grid210x_device byte send 1e eoi 0
+5109.869026277: grid210x_device byte send 82 eoi 0
+5109.869079278: grid210x_device byte send 0a eoi 0
+5109.869132280: grid210x_device byte send 26 eoi 0
+5109.869182281: grid210x_device byte send ff eoi 0
+5109.869234283: grid210x_device byte send 77 eoi 0
+5109.869286284: grid210x_device byte send 06 eoi 0
+5109.869340286: grid210x_device byte send c4 eoi 0
+5109.869392287: grid210x_device byte send 5e eoi 0
+5109.869580292: grid210x_device byte send 04 eoi 0
+5109.869654294: grid210x_device byte send 8d eoi 0
+5109.869713296: grid210x_device byte send 47 eoi 0
+5109.869767298: grid210x_device byte send 04 eoi 0
+5109.869822299: grid210x_device byte send 06 eoi 0
+5109.869875301: grid210x_device byte send 50 eoi 0
+5109.869926302: grid210x_device byte send e8 eoi 0
+5109.869978303: grid210x_device byte send b8 eoi 0
+5109.870102307: grid210x_device byte send fe eoi 0
+5109.870163309: grid210x_device byte send a3 eoi 0
+5109.870220310: grid210x_device byte send 78 eoi 0
+5109.870273312: grid210x_device byte send 0a eoi 0
+5109.870329313: grid210x_device byte send 09 eoi 0
+5109.870383315: grid210x_device byte send c0 eoi 0
+5109.870433316: grid210x_device byte send 75 eoi 0
+5109.870487318: grid210x_device byte send 37 eoi 0
+5109.870687323: grid210x_device byte send 83 eoi 0
+5109.870747325: grid210x_device byte send 3e eoi 0
+5109.870800327: grid210x_device byte send 7a eoi 0
+5109.870852328: grid210x_device byte send 0a eoi 0
+5109.870906330: grid210x_device byte send 00 eoi 0
+5109.870959331: grid210x_device byte send 75 eoi 0
+5109.871011333: grid210x_device byte send 16 eoi 0
+5109.871064334: grid210x_device byte send c4 eoi 0
+5109.871114336: grid210x_device byte send 1e eoi 0
+5109.871166337: grid210x_device byte send 86 eoi 0
+5109.871218338: grid210x_device byte send 0a eoi 0
+5109.871271340: grid210x_device byte send 26 eoi 0
+5109.871325341: grid210x_device byte send 8b eoi 0
+5109.871378343: grid210x_device byte send 47 eoi 0
+5109.871429344: grid210x_device byte send 04 eoi 0
+5109.871486346: grid210x_device byte send 26 eoi 0
+5109.871537347: grid210x_device byte send 8b eoi 0
+5109.871738353: grid210x_device byte send 57 eoi 0
+5109.871805355: grid210x_device byte send 06 eoi 0
+5109.871863357: grid210x_device byte send c4 eoi 0
+5109.871917358: grid210x_device byte send 5e eoi 0
+5109.871969360: grid210x_device byte send 04 eoi 0
+5109.872021361: grid210x_device byte send 26 eoi 0
+5109.872076363: grid210x_device byte send 89 eoi 0
+5109.872127364: grid210x_device byte send 07 eoi 0
+5109.872180366: grid210x_device byte send 26 eoi 0
+5109.872234367: grid210x_device byte send 89 eoi 0
+5109.872285369: grid210x_device byte send 57 eoi 0
+5109.872336370: grid210x_device byte send 02 eoi 0
+5109.872389371: grid210x_device byte send 8b eoi 0
+5109.872441373: grid210x_device byte send 36 eoi 0
+5109.872493374: grid210x_device byte send 7c eoi 0
+5109.872544376: grid210x_device byte send 0a eoi 0
+5109.872598377: grid210x_device byte send d1 eoi 0
+5109.872789383: grid210x_device byte send e6 eoi 0
+5109.872856385: grid210x_device byte send c4 eoi 0
+5109.872910386: grid210x_device byte send 1e eoi 0
+5109.872965388: grid210x_device byte send 7e eoi 0
+5109.873017389: grid210x_device byte send 0a eoi 0
+5109.873072391: grid210x_device byte send 26 eoi 0
+5109.873126392: grid210x_device byte send ff eoi 0
+5109.873176394: grid210x_device byte send 70 eoi 0
+5109.873227395: grid210x_device byte send 0c eoi 0
+5109.873279397: grid210x_device byte send c4 eoi 0
+5109.873332398: grid210x_device byte send 5e eoi 0
+5109.873384400: grid210x_device byte send 04 eoi 0
+5109.873928415: grid210x_device byte send 8d eoi 0
+5109.873996417: grid210x_device byte send 87 eoi 0
+5109.874049418: grid210x_device byte send 04 eoi 0
+5109.874103420: grid210x_device byte send 02 eoi 0
+5109.874157421: grid210x_device byte send 06 eoi 0
+5109.874211423: grid210x_device byte send 50 eoi 0
+5109.874261424: grid210x_device byte send e8 eoi 0
+5109.874315426: grid210x_device byte send 7a eoi 0
+5109.874366427: grid210x_device byte send fe eoi 0
+5109.874417429: grid210x_device byte send 5d eoi 0
+5109.874469430: grid210x_device byte send c2 eoi 0
+5109.874520432: grid210x_device byte send 04 eoi 0
+5109.874574433: grid210x_device byte send 00 eoi 0
+5109.874626435: grid210x_device byte send 55 eoi 0
+5109.874677436: grid210x_device byte send 8b eoi 0
+5109.874730437: grid210x_device byte send ec eoi 0
+5109.874910443: grid210x_device byte send c4 eoi 0
+5109.874983445: grid210x_device byte send 5e eoi 0
+5109.875038446: grid210x_device byte send 0a eoi 0
+5109.875096448: grid210x_device byte send 8d eoi 0
+5109.875148449: grid210x_device byte send 87 eoi 0
+5109.875256452: grid210x_device byte send 04 eoi 0
+5109.875355455: grid210x_device byte send 02 eoi 0
+5109.875417457: grid210x_device byte send a3 eoi 0
+5109.875475458: grid210x_device byte send 92 eoi 0
+5109.875528460: grid210x_device byte send 0a eoi 0
+5109.875582461: grid210x_device byte send 8c eoi 0
+5109.875634463: grid210x_device byte send 06 eoi 0
+5109.875686464: grid210x_device byte send 94 eoi 0
+5109.875740466: grid210x_device byte send 0a eoi 0
+5109.875791467: grid210x_device byte send c7 eoi 0
+5109.875990473: grid210x_device byte send 06 eoi 0
+5109.876065475: grid210x_device byte send 8e eoi 0
+5109.876121477: grid210x_device byte send 0a eoi 0
+5109.876174478: grid210x_device byte send 00 eoi 0
+5109.876228480: grid210x_device byte send 00 eoi 0
+5109.876282481: grid210x_device byte send c4 eoi 0
+5109.876335483: grid210x_device byte send 5e eoi 0
+5109.876386484: grid210x_device byte send 0a eoi 0
+5109.876440486: grid210x_device byte send 26 eoi 0
+5109.876492487: grid210x_device byte send 8b eoi 0
+5109.876543489: grid210x_device byte send 87 eoi 0
+5109.876693493: grid210x_device byte send 04 eoi 0
+5109.876744494: grid210x_device byte send 04 eoi 0
+5109.876797496: grid210x_device byte send 26 eoi 0
+5109.876850497: grid210x_device byte send 8b eoi 0
+5109.876903499: grid210x_device byte send 97 eoi 0
+5109.877124505: grid210x_device byte send 06 eoi 0
+5109.877184507: grid210x_device byte send 04 eoi 0
+5109.877241508: grid210x_device byte send 26 eoi 0
+5109.877293510: grid210x_device byte send 3b eoi 0
+5109.877345511: grid210x_device byte send 57 eoi 0
+5109.877397513: grid210x_device byte send 02 eoi 0
+5109.877451514: grid210x_device byte send 75 eoi 0
+5109.877504516: grid210x_device byte send 03 eoi 0
+5109.877557517: grid210x_device byte send 26 eoi 0
+5109.877611519: grid210x_device byte send 3b eoi 0
+5109.877663520: grid210x_device byte send 07 eoi 0
+5109.877719522: grid210x_device byte send b0 eoi 0
+5109.877769523: grid210x_device byte send ff eoi 0
+5109.877823525: grid210x_device byte send 74 eoi 0
+5109.877875526: grid210x_device byte send 01 eoi 0
+5109.877928528: grid210x_device byte send 40 eoi 0
+5109.878111533: grid210x_device byte send a2 eoi 0
+5109.878181535: grid210x_device byte send b1 eoi 0
+5109.878239536: grid210x_device byte send 0e eoi 0
+5109.878295538: grid210x_device byte send a1 eoi 0
+5109.878349539: grid210x_device byte send 8e eoi 0
+5109.878401541: grid210x_device byte send 0a eoi 0
+5109.878456543: grid210x_device byte send 3b eoi 0
+5109.878508544: grid210x_device byte send 46 eoi 0
+5109.878559545: grid210x_device byte send 04 eoi 0
+5109.878613547: grid210x_device byte send 72 eoi 0
+5109.878664548: grid210x_device byte send 03 eoi 0
+5109.878719550: grid210x_device byte send e9 eoi 0
+5109.878770551: grid210x_device byte send e5 eoi 0
+5109.878823553: grid210x_device byte send 00 eoi 0
+5109.878875554: grid210x_device byte send a0 eoi 0
+5109.878925556: grid210x_device byte send b1 eoi 0
+5109.879401569: grid210x_device byte send 0e eoi 0
+5109.879469571: grid210x_device byte send d0 eoi 0
+5109.879524573: grid210x_device byte send d8 eoi 0
+5109.879577574: grid210x_device byte send 73 eoi 0
+5109.879630576: grid210x_device byte send 03 eoi 0
+5109.879681577: grid210x_device byte send e9 eoi 0
+5109.879735579: grid210x_device byte send db eoi 0
+5109.879786580: grid210x_device byte send 00 eoi 0
+5109.879839581: grid210x_device byte send 8b eoi 0
+5109.879892583: grid210x_device byte send 0e eoi 0
+5109.879946585: grid210x_device byte send 24 eoi 0
+5109.879999586: grid210x_device byte send 00 eoi 0
+5109.880301595: grid210x_device byte send ba eoi 0
+5109.880372597: grid210x_device byte send 00 eoi 0
+5109.880429598: grid210x_device byte send 00 eoi 0
+5109.880487600: grid210x_device byte send c4 eoi 0
+5109.880538601: grid210x_device byte send 5e eoi 0
+5109.880592603: grid210x_device byte send 0a eoi 0
+5109.880645604: grid210x_device byte send 26 eoi 0
+5109.880698606: grid210x_device byte send 8b eoi 0
+5109.880749607: grid210x_device byte send 87 eoi 0
+5109.880800609: grid210x_device byte send 04 eoi 0
+5109.880854610: grid210x_device byte send 04 eoi 0
+5109.880904612: grid210x_device byte send 26 eoi 0
+5109.880956613: grid210x_device byte send 8b eoi 0
+5109.881008614: grid210x_device byte send bf eoi 0
+5109.881059616: grid210x_device byte send 06 eoi 0
+5109.881115617: grid210x_device byte send 04 eoi 0
+5109.881167619: grid210x_device byte send 87 eoi 0
+5109.881353624: grid210x_device byte send fa eoi 0
+5109.881420626: grid210x_device byte send 51 eoi 0
+5109.881476628: grid210x_device byte send 57 eoi 0
+5109.881529629: grid210x_device byte send 9a eoi 0
+5109.881581631: grid210x_device byte send 00 eoi 0
+5109.881636632: grid210x_device byte send 00 eoi 0
+5109.881687634: grid210x_device byte send 7b eoi 0
+5109.881741635: grid210x_device byte send 20 eoi 0
+5109.881791637: grid210x_device byte send 89 eoi 0
+5109.881843638: grid210x_device byte send 3e eoi 0
+5109.881894639: grid210x_device byte send 8a eoi 0
+5109.881947641: grid210x_device byte send 0a eoi 0
+5109.882000642: grid210x_device byte send 5b eoi 0
+5109.882051644: grid210x_device byte send 58 eoi 0
+5109.882102645: grid210x_device byte send 2b eoi 0
+5109.882153647: grid210x_device byte send c7 eoi 0
+5109.882206648: grid210x_device byte send a3 eoi 0
+5109.882413654: grid210x_device byte send 8c eoi 0
+5109.882488656: grid210x_device byte send 0a eoi 0
+5109.882544658: grid210x_device byte send 09 eoi 0
+5109.882601659: grid210x_device byte send ff eoi 0
+5109.882653661: grid210x_device byte send 75 eoi 0
+5109.882706662: grid210x_device byte send 0f eoi 0
+5109.882759664: grid210x_device byte send c4 eoi 0
+5109.882810665: grid210x_device byte send 46 eoi 0
+5109.882864667: grid210x_device byte send 0a eoi 0
+5109.882917668: grid210x_device byte send 06 eoi 0
+5109.882970670: grid210x_device byte send 50 eoi 0
+5109.883022671: grid210x_device byte send e8 eoi 0
+5109.883075673: grid210x_device byte send 94 eoi 0
+5109.883128674: grid210x_device byte send fe eoi 0
+5109.883180676: grid210x_device byte send 09 eoi 0
+5109.883299679: grid210x_device byte send c0 eoi 0
+5109.883536686: grid210x_device byte send 74 eoi 0
+5109.883602688: grid210x_device byte send 03 eoi 0
+5109.883658689: grid210x_device byte send e9 eoi 0
+5109.883711691: grid210x_device byte send a0 eoi 0
+5109.883763692: grid210x_device byte send 00 eoi 0
+5109.883817694: grid210x_device byte send 8b eoi 0
+5109.883868695: grid210x_device byte send 0e eoi 0
+5109.883919697: grid210x_device byte send 8c eoi 0
+5109.883972698: grid210x_device byte send 0a eoi 0
+5109.884024699: grid210x_device byte send a1 eoi 0
+5109.884077701: grid210x_device byte send 8e eoi 0
+5109.884129702: grid210x_device byte send 0a eoi 0
+5109.884181704: grid210x_device byte send 03 eoi 0
+5109.884236705: grid210x_device byte send c8 eoi 0
+5109.884287707: grid210x_device byte send 8b eoi 0
+5109.884339708: grid210x_device byte send 46 eoi 0
+5109.884854723: grid210x_device byte send 04 eoi 0
+5109.884924725: grid210x_device byte send 3b eoi 0
+5109.884978726: grid210x_device byte send c8 eoi 0
+5109.885029728: grid210x_device byte send 76 eoi 0
+5109.885082729: grid210x_device byte send 07 eoi 0
+5109.885136731: grid210x_device byte send 2b eoi 0
+5109.885190732: grid210x_device byte send 06 eoi 0
+5109.885242734: grid210x_device byte send 8e eoi 0
+5109.885294735: grid210x_device byte send 0a eoi 0
+5109.885348737: grid210x_device byte send a3 eoi 0
+5109.885401738: grid210x_device byte send 8c eoi 0
+5109.885455740: grid210x_device byte send 0a eoi 0
+5109.885508741: grid210x_device byte send c4 eoi 0
+5109.885759748: grid210x_device byte send 5e eoi 0
+5109.885818750: grid210x_device byte send 0a eoi 0
+5109.885874752: grid210x_device byte send 26 eoi 0
+5109.885927753: grid210x_device byte send 8b eoi 0
+5109.885980755: grid210x_device byte send 87 eoi 0
+5109.886031756: grid210x_device byte send 04 eoi 0
+5109.886084758: grid210x_device byte send 04 eoi 0
+5109.886137759: grid210x_device byte send 26 eoi 0
+5109.886190761: grid210x_device byte send 8b eoi 0
+5109.886242762: grid210x_device byte send 97 eoi 0
+5109.886294763: grid210x_device byte send 06 eoi 0
+5109.886349765: grid210x_device byte send 04 eoi 0
+5109.886402767: grid210x_device byte send 8b eoi 0
+5109.886456768: grid210x_device byte send 0e eoi 0
+5109.886508770: grid210x_device byte send 8c eoi 0
+5109.886559771: grid210x_device byte send 0a eoi 0
+5109.886649773: grid210x_device byte send bf eoi 0
+5109.886818778: grid210x_device byte send 00 eoi 0
+5109.886877780: grid210x_device byte send 00 eoi 0
+5109.886931781: grid210x_device byte send 03 eoi 0
+5109.886988783: grid210x_device byte send c8 eoi 0
+5109.887039784: grid210x_device byte send 13 eoi 0
+5109.887090786: grid210x_device byte send fa eoi 0
+5109.887143787: grid210x_device byte send 26 eoi 0
+5109.887197789: grid210x_device byte send 8b eoi 0
+5109.887249790: grid210x_device byte send 37 eoi 0
+5109.887302792: grid210x_device byte send 26 eoi 0
+5109.887354793: grid210x_device byte send 8b eoi 0
+5109.887405795: grid210x_device byte send 47 eoi 0
+5109.887457796: grid210x_device byte send 02 eoi 0
+5109.887510798: grid210x_device byte send 3b eoi 0
+5109.887561799: grid210x_device byte send f8 eoi 0
+5109.887615801: grid210x_device byte send 75 eoi 0
+5109.887666802: grid210x_device byte send 02 eoi 0
+5109.887878808: grid210x_device byte send 3b eoi 0
+5109.887941810: grid210x_device byte send ce eoi 0
+5109.887996811: grid210x_device byte send 76 eoi 0
+5109.888048813: grid210x_device byte send 15 eoi 0
+5109.888101814: grid210x_device byte send 26 eoi 0
+5109.888153816: grid210x_device byte send 2b eoi 0
+5109.888206817: grid210x_device byte send b7 eoi 0
+5109.888258819: grid210x_device byte send 04 eoi 0
+5109.888312820: grid210x_device byte send 04 eoi 0
+5109.888367822: grid210x_device byte send 26 eoi 0
+5109.888418823: grid210x_device byte send 1b eoi 0
+5109.888471825: grid210x_device byte send 87 eoi 0
+5109.888523826: grid210x_device byte send 06 eoi 0
+5109.888576828: grid210x_device byte send 04 eoi 0
+5109.888629829: grid210x_device byte send 89 eoi 0
+5109.888679831: grid210x_device byte send 36 eoi 0
+5109.888732832: grid210x_device byte send 90 eoi 0
+5109.888925838: grid210x_device byte send 0a eoi 0
+5109.888995840: grid210x_device byte send c6 eoi 0
+5109.889050841: grid210x_device byte send 06 eoi 0
+5109.889104843: grid210x_device byte send b1 eoi 0
+5109.889157844: grid210x_device byte send 0e eoi 0
+5109.889209846: grid210x_device byte send 01 eoi 0
+5109.889262847: grid210x_device byte send eb eoi 0
+5109.889315849: grid210x_device byte send 06 eoi 0
+5109.889367850: grid210x_device byte send a1 eoi 0
+5109.889417852: grid210x_device byte send 8c eoi 0
+5109.889472853: grid210x_device byte send 0a eoi 0
+5109.889524855: grid210x_device byte send a3 eoi 0
+5109.889577856: grid210x_device byte send 90 eoi 0
+5109.889628857: grid210x_device byte send 0a eoi 0
+5109.889682859: grid210x_device byte send c4 eoi 0
+5109.890226874: grid210x_device byte send 1e eoi 0
+5109.890291876: grid210x_device byte send 92 eoi 0
+5109.890347878: grid210x_device byte send 0a eoi 0
+5109.890402879: grid210x_device byte send 8b eoi 0
+5109.890456881: grid210x_device byte send 36 eoi 0
+5109.890508882: grid210x_device byte send 8a eoi 0
+5109.890559884: grid210x_device byte send 0a eoi 0
+5109.890615885: grid210x_device byte send 8d eoi 0
+5109.890667887: grid210x_device byte send 70 eoi 0
+5109.890720888: grid210x_device byte send 04 eoi 0
+5109.890773890: grid210x_device byte send 06 eoi 0
+5109.890826891: grid210x_device byte send c4 eoi 0
+5109.890878893: grid210x_device byte send 5e eoi 0
+5109.891090899: grid210x_device byte send 06 eoi 0
+5109.891161901: grid210x_device byte send 8b eoi 0
+5109.891276904: grid210x_device byte send 3e eoi 0
+5109.891375907: grid210x_device byte send 8e eoi 0
+5109.891434908: grid210x_device byte send 0a eoi 0
+5109.891492910: grid210x_device byte send 8d eoi 0
+5109.891546912: grid210x_device byte send 39 eoi 0
+5109.891599913: grid210x_device byte send 8b eoi 0
+5109.891651914: grid210x_device byte send 0e eoi 0
+5109.891706916: grid210x_device byte send 90 eoi 0
+5109.891758918: grid210x_device byte send 0a eoi 0
+5109.891812919: grid210x_device byte send 1e eoi 0
+5109.891866921: grid210x_device byte send 8e eoi 0
+5109.891918922: grid210x_device byte send 9e eoi 0
+5109.891969923: grid210x_device byte send fe eoi 0
+5109.892168929: grid210x_device byte send ff eoi 0
+5109.892236931: grid210x_device byte send fc eoi 0
+5109.892292933: grid210x_device byte send f2 eoi 0
+5109.892344934: grid210x_device byte send a4 eoi 0
+5109.892397936: grid210x_device byte send 1f eoi 0
+5109.892452937: grid210x_device byte send 59 eoi 0
+5109.892503939: grid210x_device byte send a1 eoi 0
+5109.892554940: grid210x_device byte send 90 eoi 0
+5109.892607941: grid210x_device byte send 0a eoi 0
+5109.892662943: grid210x_device byte send 01 eoi 0
+5109.892717945: grid210x_device byte send 06 eoi 0
+5109.892769946: grid210x_device byte send 8e eoi 0
+5109.892824948: grid210x_device byte send 0a eoi 0
+5109.892875949: grid210x_device byte send c4 eoi 0
+5109.892926950: grid210x_device byte send 5e eoi 0
+5109.892981952: grid210x_device byte send 0a eoi 0
+5109.893225959: grid210x_device byte send ba eoi 0
+5109.893296961: grid210x_device byte send 00 eoi 0
+5109.893355963: grid210x_device byte send 00 eoi 0
+5109.893408964: grid210x_device byte send 26 eoi 0
+5109.893463966: grid210x_device byte send 03 eoi 0
+5109.893516967: grid210x_device byte send 87 eoi 0
+5109.893570969: grid210x_device byte send 04 eoi 0
+5109.893623970: grid210x_device byte send 04 eoi 0
+5109.893676972: grid210x_device byte send 26 eoi 0
+5109.893728973: grid210x_device byte send 13 eoi 0
+5109.893780975: grid210x_device byte send 97 eoi 0
+5109.893833976: grid210x_device byte send 06 eoi 0
+5109.893887978: grid210x_device byte send 04 eoi 0
+5109.893941979: grid210x_device byte send 26 eoi 0
+5109.893993981: grid210x_device byte send 89 eoi 0
+5109.894043982: grid210x_device byte send 87 eoi 0
+5109.894096983: grid210x_device byte send 04 eoi 0
+5109.894281989: grid210x_device byte send 04 eoi 0
+5109.894355991: grid210x_device byte send 26 eoi 0
+5109.894410992: grid210x_device byte send 89 eoi 0
+5109.894465994: grid210x_device byte send 97 eoi 0
+5109.894529996: grid210x_device byte send 06 eoi 0
+5109.894586997: grid210x_device byte send 04 eoi 0
+5109.894639999: grid210x_device byte send e9 eoi 0
+5109.894694000: grid210x_device byte send 10 eoi 0
+5109.894745002: grid210x_device byte send ff eoi 0
+5109.894796003: grid210x_device byte send a1 eoi 0
+5109.894848005: grid210x_device byte send 8e eoi 0
+5109.894899006: grid210x_device byte send 0a eoi 0
+5109.894954008: grid210x_device byte send 5d eoi 0
+5109.895006009: grid210x_device byte send c2 eoi 0
+5109.895056010: grid210x_device byte send 0a eoi 0
+5109.895110012: grid210x_device byte send 00 eoi 0
+5109.895163013: grid210x_device byte send 55 eoi 0
+5109.895358019: grid210x_device byte send 8b eoi 0
+5109.895725029: grid210x_device byte send ec eoi 0
+5109.895786031: grid210x_device byte send a1 eoi 0
+5109.895840033: grid210x_device byte send 00 eoi 0
+5109.895896034: grid210x_device byte send 00 eoi 0
+5109.895952036: grid210x_device byte send 09 eoi 0
+5109.896004037: grid210x_device byte send c0 eoi 0
+5109.896055039: grid210x_device byte send 75 eoi 0
+5109.896110040: grid210x_device byte send 2d eoi 0
+5109.896162042: grid210x_device byte send ff eoi 0
+5109.896215043: grid210x_device byte send 76 eoi 0
+5109.896455050: grid210x_device byte send 0c eoi 0
+5109.896529052: grid210x_device byte send b8 eoi 0
+5109.896586054: grid210x_device byte send 58 eoi 0
+5109.896640055: grid210x_device byte send 00 eoi 0
+5109.896693057: grid210x_device byte send 1e eoi 0
+5109.896745058: grid210x_device byte send 50 eoi 0
+5109.896795059: grid210x_device byte send e8 eoi 0
+5109.896847061: grid210x_device byte send 6d eoi 0
+5109.896898062: grid210x_device byte send fd eoi 0
+5109.896951064: grid210x_device byte send b8 eoi 0
+5109.897003065: grid210x_device byte send 58 eoi 0
+5109.897054067: grid210x_device byte send 00 eoi 0
+5109.897107068: grid210x_device byte send 1e eoi 0
+5109.897159070: grid210x_device byte send 50 eoi 0
+5109.897210071: grid210x_device byte send b8 eoi 0
+5109.897262073: grid210x_device byte send ef eoi 0
+5109.897316074: grid210x_device byte send 0e eoi 0
+5109.897509080: grid210x_device byte send 1e eoi 0
+5109.897576082: grid210x_device byte send 50 eoi 0
+5109.897632083: grid210x_device byte send b8 eoi 0
+5109.897684085: grid210x_device byte send 01 eoi 0
+5109.897742086: grid210x_device byte send 00 eoi 0
+5109.897795088: grid210x_device byte send 50 eoi 0
+5109.897848089: grid210x_device byte send e8 eoi 0
+5109.897900091: grid210x_device byte send ae eoi 0
+5109.897952092: grid210x_device byte send fe eoi 0
+5109.898004094: grid210x_device byte send a3 eoi 0
+5109.898054095: grid210x_device byte send 98 eoi 0
+5109.898103096: grid210x_device byte send 0a eoi 1
+5109.898610111: grid210x_device byte recv 5f atn 1 eoi 0
+5109.898652112: grid210x_device now not talking
+5109.900886175: grid210x_device byte recv 25 atn 1 eoi 0
+5109.900942176: grid210x_device now listening
+5109.922192775: grid210x_device byte recv 14 atn 1 eoi 0
+5110.453651757: grid210x_device byte recv 26 atn 1 eoi 0
+5110.454263775: grid210x_device byte recv 01 atn 0 eoi 0
+5110.454345777: grid210x_device byte recv 00 atn 0 eoi 0
+5110.454417779: grid210x_device byte recv 00 atn 0 eoi 0
+5110.454488781: grid210x_device byte recv 00 atn 0 eoi 0
+5110.454556783: grid210x_device byte recv 00 atn 0 eoi 0
+5110.454623785: grid210x_device byte recv 00 atn 0 eoi 0
+5110.454692787: grid210x_device byte recv 00 atn 0 eoi 0
+5110.454885792: grid210x_device byte recv 34 atn 0 eoi 0
+5110.454969795: grid210x_device byte recv 00 atn 0 eoi 0
+5110.456054825: grid210x_device byte recv 00 atn 0 eoi 1
+5110.456141828: grid210x_device byte recv 3f atn 1 eoi 0
+5110.456170828: grid210x_device now not listening
+5110.456183829: grid210x_device command 1, data size 52, sector no 0
+5110.458291888: grid210x_device byte recv 46 atn 1 eoi 0
+5110.458337890: grid210x_device now not talking
+5115.573359970: grid210x_device byte recv 5f atn 1 eoi 0
+5115.573421971: grid210x_device now not talking
+5115.574835011: grid210x_device byte recv 14 atn 1 eoi 0
+5116.750493100: grid210x_device byte recv 14 atn 1 eoi 0
+5119.355528384: grid210x_device byte recv 14 atn 1 eoi 0
+5121.825340817: grid210x_device byte recv 25 atn 1 eoi 0
+5121.825401819: grid210x_device now listening
+5121.826529850: grid210x_device byte recv 01 atn 0 eoi 0
+5121.826623853: grid210x_device byte recv 00 atn 0 eoi 0
+5121.826693855: grid210x_device byte recv 00 atn 0 eoi 0
+5121.826762857: grid210x_device byte recv 00 atn 0 eoi 0
+5121.826831859: grid210x_device byte recv 00 atn 0 eoi 0
+5121.826899861: grid210x_device byte recv 00 atn 0 eoi 0
+5121.826969863: grid210x_device byte recv 00 atn 0 eoi 0
+5121.827038865: grid210x_device byte recv 34 atn 0 eoi 0
+5121.827636882: grid210x_device byte recv 00 atn 0 eoi 0
+5121.828654910: grid210x_device byte recv 20 atn 0 eoi 1
+5121.828743913: grid210x_device byte recv 3f atn 1 eoi 0
+5121.828771913: grid210x_device now not listening
+5121.828784914: grid210x_device command 1, data size 52, sector no 0
+5121.830897973: grid210x_device byte recv 45 atn 1 eoi 0
+5121.830952975: grid210x_device now talking
+5121.832117007: grid210x_device byte send 00 eoi 0
+5121.832568020: grid210x_device byte send 02 eoi 0
+5121.832638022: grid210x_device byte send f8 eoi 0
+5121.832695024: grid210x_device byte send 01 eoi 0
+5121.832750025: grid210x_device byte send d0 eoi 0
+5121.832802027: grid210x_device byte send 02 eoi 0
+5121.832859028: grid210x_device byte send 01 eoi 0
+5121.832911030: grid210x_device byte send 20 eoi 0
+5121.832963031: grid210x_device byte send 01 eoi 0
+5121.833015033: grid210x_device byte send 21 eoi 0
+5121.833069034: grid210x_device byte send 01 eoi 0
+5121.833121036: grid210x_device byte send 01 eoi 0
+5121.833174037: grid210x_device byte send 00 eoi 0
+5121.833229039: grid210x_device byte send 00 eoi 0
+5121.833282040: grid210x_device byte send 34 eoi 0
+5121.833335042: grid210x_device byte send 38 eoi 0
+5121.833387043: grid210x_device byte send 20 eoi 0
+5121.833440045: grid210x_device byte send 54 eoi 0
+5121.833623050: grid210x_device byte send 50 eoi 0
+5121.833692052: grid210x_device byte send 49 eoi 0
+5121.833747053: grid210x_device byte send 20 eoi 0
+5121.833800055: grid210x_device byte send 44 eoi 0
+5121.833855056: grid210x_device byte send 53 eoi 0
+5121.833907058: grid210x_device byte send 20 eoi 0
+5121.833961059: grid210x_device byte send 44 eoi 0
+5121.834013061: grid210x_device byte send 44 eoi 0
+5121.834066062: grid210x_device byte send 20 eoi 0
+5121.834117064: grid210x_device byte send 46 eoi 0
+5121.834167065: grid210x_device byte send 4c eoi 0
+5121.834218066: grid210x_device byte send 4f eoi 0
+5121.834270068: grid210x_device byte send 50 eoi 0
+5121.834322069: grid210x_device byte send 50 eoi 0
+5121.834375071: grid210x_device byte send 59 eoi 0
+5121.834425072: grid210x_device byte send 20 eoi 0
+5121.834479074: grid210x_device byte send 20 eoi 0
+5121.834662079: grid210x_device byte send 20 eoi 0
+5121.834734081: grid210x_device byte send 20 eoi 0
+5121.834789083: grid210x_device byte send 33 eoi 0
+5121.834843084: grid210x_device byte send 30 eoi 0
+5121.834896086: grid210x_device byte send 30 eoi 0
+5121.834948087: grid210x_device byte send 32 eoi 0
+5121.835000088: grid210x_device byte send 33 eoi 0
+5121.835051090: grid210x_device byte send 37 eoi 0
+5121.835105091: grid210x_device byte send 2d eoi 0
+5121.835157093: grid210x_device byte send 30 eoi 0
+5121.835207094: grid210x_device byte send 30 eoi 0
+5121.835258096: grid210x_device byte send 00 eoi 0
+5121.835316097: grid210x_device byte send 02 eoi 0
+5121.835370099: grid210x_device byte send 09 eoi 0
+5121.835422100: grid210x_device byte send 00 eoi 0
+5121.835477102: grid210x_device byte send 02 eoi 0
+5121.835529103: grid210x_device byte send 00 eoi 0
+5121.835801111: grid210x_device byte send 00 eoi 0
+5121.835874113: grid210x_device byte send 02 eoi 0
+5121.835929115: grid210x_device byte send f8 eoi 0
+5121.835983116: grid210x_device byte send 01 eoi 0
+5121.836040118: grid210x_device byte send d0 eoi 0
+5121.836094119: grid210x_device byte send 02 eoi 0
+5121.836147121: grid210x_device byte send 01 eoi 0
+5121.836204122: grid210x_device byte send 20 eoi 0
+5121.836256124: grid210x_device byte send 01 eoi 0
+5121.836311125: grid210x_device byte send 21 eoi 0
+5121.836362127: grid210x_device byte send 01 eoi 0
+5121.836414128: grid210x_device byte send 01 eoi 0
+5121.836468130: grid210x_device byte send 00 eoi 0
+5121.836521131: grid210x_device byte send 00 eoi 0
+5121.836575133: grid210x_device byte send 34 eoi 0
+5121.836627134: grid210x_device byte send 38 eoi 0
+5121.836678136: grid210x_device byte send 20 eoi 0
+5121.836900142: grid210x_device byte send 54 eoi 0
+5121.836973144: grid210x_device byte send 50 eoi 0
+5121.837325154: grid210x_device byte send 49 eoi 0
+5121.837390156: grid210x_device byte send 20 eoi 0
+5121.837444157: grid210x_device byte send 44 eoi 0
+5121.837497159: grid210x_device byte send 53 eoi 0
+5121.837549160: grid210x_device byte send 20 eoi 0
+5121.837605162: grid210x_device byte send 44 eoi 0
+5121.837657163: grid210x_device byte send 44 eoi 0
+5121.837710165: grid210x_device byte send 20 eoi 0
+5121.837762166: grid210x_device byte send 46 eoi 0
+5121.838006173: grid210x_device byte send 4c eoi 0
+5121.838074175: grid210x_device byte send 4f eoi 0
+5121.838128176: grid210x_device byte send 50 eoi 0
+5121.838183178: grid210x_device byte send 50 eoi 0
+5121.838235179: grid210x_device byte send 59 eoi 0
+5121.838287181: grid210x_device byte send 20 eoi 0
+5121.838339182: grid210x_device byte send 20 eoi 0
+5121.838391184: grid210x_device byte send 20 eoi 0
+5121.838445185: grid210x_device byte send 20 eoi 0
+5121.838495187: grid210x_device byte send 33 eoi 0
+5121.838546188: grid210x_device byte send 30 eoi 0
+5121.838600190: grid210x_device byte send 30 eoi 0
+5121.838652191: grid210x_device byte send 32 eoi 0
+5121.838703193: grid210x_device byte send 33 eoi 0
+5121.838755194: grid210x_device byte send 37 eoi 0
+5121.838807195: grid210x_device byte send 2d eoi 0
+5121.838859197: grid210x_device byte send 30 eoi 0
+5121.839053202: grid210x_device byte send 30 eoi 0
+5121.839118204: grid210x_device byte send 00 eoi 0
+5121.839175206: grid210x_device byte send 02 eoi 0
+5121.839231207: grid210x_device byte send 09 eoi 0
+5121.839285209: grid210x_device byte send 00 eoi 0
+5121.839454214: grid210x_device byte send 02 eoi 0
+5121.839503215: grid210x_device byte send 00 eoi 1
+5121.840404240: grid210x_device byte recv 5f atn 1 eoi 0
+5121.840461242: grid210x_device now not talking
+5121.842865309: grid210x_device byte recv 25 atn 1 eoi 0
+5121.842915311: grid210x_device now listening
+5121.844071343: grid210x_device byte recv 04 atn 0 eoi 0
+5121.844165346: grid210x_device byte recv 00 atn 0 eoi 0
+5121.844239348: grid210x_device byte recv 00 atn 0 eoi 0
+5121.844309350: grid210x_device byte recv 00 atn 0 eoi 0
+5121.844377352: grid210x_device byte recv 00 atn 0 eoi 0
+5121.844445354: grid210x_device byte recv 00 atn 0 eoi 0
+5121.844655360: grid210x_device byte recv 00 atn 0 eoi 0
+5121.844739362: grid210x_device byte recv 00 atn 0 eoi 0
+5121.844809364: grid210x_device byte recv 02 atn 0 eoi 0
+5121.845894395: grid210x_device byte recv 00 atn 0 eoi 1
+5121.845980397: grid210x_device byte recv 3f atn 1 eoi 0
+5121.846008398: grid210x_device now not listening
+5121.846020398: grid210x_device command 4, data size 512, sector no 0
+5121.846847421: grid210x_device byte recv 18 atn 1 eoi 0
+5121.846951424: grid210x_device byte recv 45 atn 1 eoi 0
+5121.846981425: grid210x_device now talking
+5121.847011426: grid210x_device byte send 4f eoi 0
+5121.847135429: grid210x_device byte recv 19 atn 1 eoi 0
+5121.847214432: grid210x_device byte recv 5f atn 1 eoi 0
+5121.847240432: grid210x_device now not talking
+5121.848568470: grid210x_device byte recv 45 atn 1 eoi 0
+5121.848608471: grid210x_device now talking
+5121.849900507: grid210x_device byte send 53 eoi 0
+5121.850235517: grid210x_device byte send 79 eoi 0
+5121.850300518: grid210x_device byte send 73 eoi 0
+5121.850358520: grid210x_device byte send 74 eoi 0
+5121.850410522: grid210x_device byte send 65 eoi 0
+5121.850462523: grid210x_device byte send 6d eoi 0
+5121.850514524: grid210x_device byte send 20 eoi 0
+5121.850568526: grid210x_device byte send 44 eoi 0
+5121.850620527: grid210x_device byte send 69 eoi 0
+5121.850672529: grid210x_device byte send 73 eoi 0
+5121.850726530: grid210x_device byte send 6b eoi 0
+5121.850777532: grid210x_device byte send 21 eoi 0
+5121.850963537: grid210x_device byte send 21 eoi 0
+5121.851033539: grid210x_device byte send 00 eoi 0
+5121.851092541: grid210x_device byte send 00 eoi 0
+5121.851147542: grid210x_device byte send 00 eoi 0
+5121.851201544: grid210x_device byte send 00 eoi 0
+5121.851254545: grid210x_device byte send 00 eoi 0
+5121.851674557: grid210x_device byte send 00 eoi 0
+5121.851788560: grid210x_device byte send 00 eoi 0
+5121.851847562: grid210x_device byte send 00 eoi 0
+5121.852108569: grid210x_device byte send 00 eoi 0
+5121.852178571: grid210x_device byte send 00 eoi 0
+5121.852235573: grid210x_device byte send 00 eoi 0
+5121.852289574: grid210x_device byte send 00 eoi 0
+5121.852343576: grid210x_device byte send 00 eoi 0
+5121.852395577: grid210x_device byte send 00 eoi 0
+5121.852447579: grid210x_device byte send 00 eoi 0
+5121.852501580: grid210x_device byte send 00 eoi 0
+5121.852553582: grid210x_device byte send 00 eoi 0
+5121.852606583: grid210x_device byte send 00 eoi 0
+5121.852658585: grid210x_device byte send 00 eoi 0
+5121.852712586: grid210x_device byte send 00 eoi 0
+5121.852765588: grid210x_device byte send 00 eoi 0
+5121.852819589: grid210x_device byte send 00 eoi 0
+5121.852873591: grid210x_device byte send 00 eoi 0
+5121.852925592: grid210x_device byte send 00 eoi 0
+5121.853021595: grid210x_device byte send 00 eoi 0
+5121.853203600: grid210x_device byte send 00 eoi 0
+5121.853263602: grid210x_device byte send 00 eoi 0
+5121.853320603: grid210x_device byte send 00 eoi 0
+5121.853375605: grid210x_device byte send 00 eoi 0
+5121.853427606: grid210x_device byte send 00 eoi 0
+5121.853482608: grid210x_device byte send 00 eoi 0
+5121.853534609: grid210x_device byte send 00 eoi 0
+5121.853589611: grid210x_device byte send 00 eoi 0
+5121.853642612: grid210x_device byte send 00 eoi 0
+5121.853695614: grid210x_device byte send 00 eoi 0
+5121.853749615: grid210x_device byte send 00 eoi 0
+5121.853801617: grid210x_device byte send 00 eoi 0
+5121.853857618: grid210x_device byte send 00 eoi 0
+5121.853911620: grid210x_device byte send 00 eoi 0
+5121.853966621: grid210x_device byte send 00 eoi 0
+5121.854019623: grid210x_device byte send 00 eoi 0
+5121.854212628: grid210x_device byte send 00 eoi 0
+5121.854283630: grid210x_device byte send 00 eoi 0
+5121.854340632: grid210x_device byte send 00 eoi 0
+5121.854393633: grid210x_device byte send 00 eoi 0
+5121.854447635: grid210x_device byte send 00 eoi 0
+5121.854500636: grid210x_device byte send 00 eoi 0
+5121.854552638: grid210x_device byte send 00 eoi 0
+5121.854607639: grid210x_device byte send 00 eoi 0
+5121.854659641: grid210x_device byte send 00 eoi 0
+5121.854713642: grid210x_device byte send 00 eoi 0
+5121.854766644: grid210x_device byte send 00 eoi 0
+5121.854820645: grid210x_device byte send 00 eoi 0
+5121.854872647: grid210x_device byte send 00 eoi 0
+5121.854926648: grid210x_device byte send 00 eoi 0
+5121.854981650: grid210x_device byte send 00 eoi 0
+5121.855033651: grid210x_device byte send 00 eoi 0
+5121.855087653: grid210x_device byte send 00 eoi 0
+5121.855273658: grid210x_device byte send 00 eoi 0
+5121.855346660: grid210x_device byte send 00 eoi 0
+5121.855402662: grid210x_device byte send 00 eoi 0
+5121.855458663: grid210x_device byte send 00 eoi 0
+5121.855511665: grid210x_device byte send 00 eoi 0
+5121.855565666: grid210x_device byte send 00 eoi 0
+5121.855617668: grid210x_device byte send 00 eoi 0
+5121.855668669: grid210x_device byte send 00 eoi 0
+5121.855723671: grid210x_device byte send 00 eoi 0
+5121.855776672: grid210x_device byte send 00 eoi 0
+5121.855922676: grid210x_device byte send 00 eoi 0
+5121.855977678: grid210x_device byte send 00 eoi 0
+5121.856030679: grid210x_device byte send 00 eoi 0
+5121.856085681: grid210x_device byte send 00 eoi 0
+5121.856138683: grid210x_device byte send 00 eoi 0
+5121.856331688: grid210x_device byte send 00 eoi 0
+5121.856404690: grid210x_device byte send 00 eoi 0
+5121.856463692: grid210x_device byte send 00 eoi 0
+5121.856517693: grid210x_device byte send 00 eoi 0
+5121.856571695: grid210x_device byte send 00 eoi 0
+5121.856623696: grid210x_device byte send 00 eoi 0
+5121.856674698: grid210x_device byte send 00 eoi 0
+5121.856729699: grid210x_device byte send 00 eoi 0
+5121.856781701: grid210x_device byte send 00 eoi 0
+5121.856836702: grid210x_device byte send 00 eoi 0
+5121.856889704: grid210x_device byte send 00 eoi 0
+5121.857437719: grid210x_device byte send 00 eoi 0
+5121.857518721: grid210x_device byte send 00 eoi 0
+5121.857578723: grid210x_device byte send 00 eoi 0
+5121.857633725: grid210x_device byte send 00 eoi 0
+5121.857689726: grid210x_device byte send 00 eoi 0
+5121.857742728: grid210x_device byte send 00 eoi 0
+5121.857795729: grid210x_device byte send 00 eoi 0
+5121.857851731: grid210x_device byte send 00 eoi 0
+5121.857903732: grid210x_device byte send 00 eoi 0
+5121.857957734: grid210x_device byte send 00 eoi 0
+5121.858008735: grid210x_device byte send 00 eoi 0
+5121.858062737: grid210x_device byte send 00 eoi 0
+5121.858114738: grid210x_device byte send 00 eoi 0
+5121.858166740: grid210x_device byte send 00 eoi 0
+5121.858218741: grid210x_device byte send 00 eoi 0
+5121.858269742: grid210x_device byte send 00 eoi 0
+5121.858323744: grid210x_device byte send 00 eoi 0
+5121.858518749: grid210x_device byte send 00 eoi 0
+5121.858590751: grid210x_device byte send 00 eoi 0
+5121.858644753: grid210x_device byte send 00 eoi 0
+5121.858698754: grid210x_device byte send 00 eoi 0
+5121.858750756: grid210x_device byte send 00 eoi 0
+5121.858802757: grid210x_device byte send 00 eoi 0
+5121.858858759: grid210x_device byte send 00 eoi 0
+5121.858912760: grid210x_device byte send 00 eoi 0
+5121.858966762: grid210x_device byte send 00 eoi 0
+5121.859017763: grid210x_device byte send 00 eoi 0
+5121.859072765: grid210x_device byte send 00 eoi 0
+5121.859124766: grid210x_device byte send 00 eoi 0
+5121.859176768: grid210x_device byte send 00 eoi 0
+5121.859230769: grid210x_device byte send 00 eoi 0
+5121.859283771: grid210x_device byte send 00 eoi 0
+5121.859337772: grid210x_device byte send 00 eoi 0
+5121.859389774: grid210x_device byte send 00 eoi 0
+5121.859637781: grid210x_device byte send 00 eoi 0
+5121.859747784: grid210x_device byte send 00 eoi 0
+5121.859811786: grid210x_device byte send 00 eoi 0
+5121.859865787: grid210x_device byte send 00 eoi 0
+5121.859917789: grid210x_device byte send 00 eoi 0
+5121.859973790: grid210x_device byte send 00 eoi 0
+5121.860097794: grid210x_device byte send 00 eoi 0
+5121.860161796: grid210x_device byte send 00 eoi 0
+5121.860220797: grid210x_device byte send 00 eoi 0
+5121.860274799: grid210x_device byte send 00 eoi 0
+5121.860328800: grid210x_device byte send 00 eoi 0
+5121.860381802: grid210x_device byte send 00 eoi 0
+5121.860434803: grid210x_device byte send 00 eoi 0
+5121.860628809: grid210x_device byte send 00 eoi 0
+5121.860698811: grid210x_device byte send 00 eoi 0
+5121.860754812: grid210x_device byte send 00 eoi 0
+5121.860809814: grid210x_device byte send 00 eoi 0
+5121.860862815: grid210x_device byte send 00 eoi 0
+5121.860915817: grid210x_device byte send 00 eoi 0
+5121.860969818: grid210x_device byte send 00 eoi 0
+5121.861022820: grid210x_device byte send 00 eoi 0
+5121.861075821: grid210x_device byte send 00 eoi 0
+5121.861128823: grid210x_device byte send 00 eoi 0
+5121.861183824: grid210x_device byte send 00 eoi 0
+5121.861235826: grid210x_device byte send 00 eoi 0
+5121.861288827: grid210x_device byte send 00 eoi 0
+5121.861341829: grid210x_device byte send 00 eoi 0
+5121.861394830: grid210x_device byte send 00 eoi 0
+5121.861448832: grid210x_device byte send 00 eoi 0
+5121.861500833: grid210x_device byte send 00 eoi 0
+5121.861692839: grid210x_device byte send 00 eoi 0
+5121.861760841: grid210x_device byte send 00 eoi 0
+5121.861819842: grid210x_device byte send 00 eoi 0
+5121.861872844: grid210x_device byte send 00 eoi 0
+5121.861924845: grid210x_device byte send 00 eoi 0
+5121.861979847: grid210x_device byte send 00 eoi 0
+5121.862031848: grid210x_device byte send 00 eoi 0
+5121.862085850: grid210x_device byte send 00 eoi 0
+5121.862137851: grid210x_device byte send 00 eoi 0
+5121.862190853: grid210x_device byte send 00 eoi 0
+5121.862243854: grid210x_device byte send 00 eoi 0
+5121.862294856: grid210x_device byte send 00 eoi 0
+5121.862348857: grid210x_device byte send 00 eoi 0
+5121.862402859: grid210x_device byte send 00 eoi 0
+5121.862457860: grid210x_device byte send 00 eoi 0
+5121.863019876: grid210x_device byte send 00 eoi 0
+5121.863089878: grid210x_device byte send 00 eoi 0
+5121.863144879: grid210x_device byte send 00 eoi 0
+5121.863199881: grid210x_device byte send 00 eoi 0
+5121.863251882: grid210x_device byte send 00 eoi 0
+5121.863303884: grid210x_device byte send 00 eoi 0
+5121.863357885: grid210x_device byte send 00 eoi 0
+5121.863409887: grid210x_device byte send 00 eoi 0
+5121.863463888: grid210x_device byte send 00 eoi 0
+5121.863516890: grid210x_device byte send 00 eoi 0
+5121.863570891: grid210x_device byte send 00 eoi 0
+5121.863622893: grid210x_device byte send 00 eoi 0
+5121.863674894: grid210x_device byte send 00 eoi 0
+5121.863914901: grid210x_device byte send 00 eoi 0
+5121.863988903: grid210x_device byte send 00 eoi 0
+5121.864043905: grid210x_device byte send 00 eoi 0
+5121.864099906: grid210x_device byte send 00 eoi 0
+5121.864151908: grid210x_device byte send 00 eoi 0
+5121.864205909: grid210x_device byte send 00 eoi 0
+5121.864258911: grid210x_device byte send 00 eoi 0
+5121.864310912: grid210x_device byte send 00 eoi 0
+5121.864362914: grid210x_device byte send 00 eoi 0
+5121.864413915: grid210x_device byte send 00 eoi 0
+5121.864467917: grid210x_device byte send 00 eoi 0
+5121.864520918: grid210x_device byte send 00 eoi 0
+5121.864572920: grid210x_device byte send 00 eoi 0
+5121.864625921: grid210x_device byte send 00 eoi 0
+5121.864677922: grid210x_device byte send 00 eoi 0
+5121.864731924: grid210x_device byte send 00 eoi 0
+5121.864915929: grid210x_device byte send 00 eoi 0
+5121.864990931: grid210x_device byte send 00 eoi 0
+5121.865046933: grid210x_device byte send 00 eoi 0
+5121.865104934: grid210x_device byte send 00 eoi 0
+5121.865158936: grid210x_device byte send 00 eoi 0
+5121.865211937: grid210x_device byte send 00 eoi 0
+5121.865264939: grid210x_device byte send 00 eoi 0
+5121.865319941: grid210x_device byte send 00 eoi 0
+5121.865372942: grid210x_device byte send 00 eoi 0
+5121.865425944: grid210x_device byte send 00 eoi 0
+5121.865479945: grid210x_device byte send 00 eoi 0
+5121.865531946: grid210x_device byte send 00 eoi 0
+5121.865587948: grid210x_device byte send 00 eoi 0
+5121.865639950: grid210x_device byte send 00 eoi 0
+5121.865693951: grid210x_device byte send 00 eoi 0
+5121.865746953: grid210x_device byte send 00 eoi 0
+5121.865799954: grid210x_device byte send 00 eoi 0
+5121.865986959: grid210x_device byte send 00 eoi 0
+5121.866059961: grid210x_device byte send 00 eoi 0
+5121.866117963: grid210x_device byte send 00 eoi 0
+5121.866170964: grid210x_device byte send 00 eoi 0
+5121.866225966: grid210x_device byte send 00 eoi 0
+5121.866279968: grid210x_device byte send 00 eoi 0
+5121.866333969: grid210x_device byte send 00 eoi 0
+5121.866386971: grid210x_device byte send 00 eoi 0
+5121.866441972: grid210x_device byte send 00 eoi 0
+5121.866494974: grid210x_device byte send 00 eoi 0
+5121.866545975: grid210x_device byte send 00 eoi 0
+5121.866599977: grid210x_device byte send 00 eoi 0
+5121.866652978: grid210x_device byte send 00 eoi 0
+5121.866706980: grid210x_device byte send 00 eoi 0
+5121.866757981: grid210x_device byte send 00 eoi 0
+5121.866811982: grid210x_device byte send 00 eoi 0
+5121.866863984: grid210x_device byte send 00 eoi 0
+5121.867049989: grid210x_device byte send 00 eoi 0
+5121.867123991: grid210x_device byte send 00 eoi 0
+5121.867179993: grid210x_device byte send 00 eoi 0
+5121.867236994: grid210x_device byte send 00 eoi 0
+5121.867289996: grid210x_device byte send 00 eoi 0
+5121.867342997: grid210x_device byte send 00 eoi 0
+5121.867395999: grid210x_device byte send 00 eoi 0
+5121.867450000: grid210x_device byte send 00 eoi 0
+5121.867507002: grid210x_device byte send 00 eoi 0
+5121.867616005: grid210x_device byte send 00 eoi 0
+5121.867721008: grid210x_device byte send 00 eoi 0
+5121.867783010: grid210x_device byte send 00 eoi 0
+5121.867841011: grid210x_device byte send 00 eoi 0
+5121.867894013: grid210x_device byte send 00 eoi 0
+5121.867949014: grid210x_device byte send 00 eoi 0
+5121.868183021: grid210x_device byte send 00 eoi 0
+5121.868513030: grid210x_device byte send 00 eoi 0
+5121.868578032: grid210x_device byte send 00 eoi 0
+5121.868632034: grid210x_device byte send 00 eoi 0
+5121.868687035: grid210x_device byte send 00 eoi 0
+5121.868739037: grid210x_device byte send 00 eoi 0
+5121.868791038: grid210x_device byte send 00 eoi 0
+5121.868844040: grid210x_device byte send 00 eoi 0
+5121.868897041: grid210x_device byte send 00 eoi 0
+5121.868951043: grid210x_device byte send 00 eoi 0
+5121.869004044: grid210x_device byte send 00 eoi 0
+5121.869245051: grid210x_device byte send 00 eoi 0
+5121.869319053: grid210x_device byte send 00 eoi 0
+5121.869376055: grid210x_device byte send 00 eoi 0
+5121.869428056: grid210x_device byte send 00 eoi 0
+5121.869485058: grid210x_device byte send 00 eoi 0
+5121.869539059: grid210x_device byte send 00 eoi 0
+5121.869594061: grid210x_device byte send 00 eoi 0
+5121.869646062: grid210x_device byte send 00 eoi 0
+5121.869698064: grid210x_device byte send 00 eoi 0
+5121.869750065: grid210x_device byte send 00 eoi 0
+5121.869803067: grid210x_device byte send 00 eoi 0
+5121.869858068: grid210x_device byte send 00 eoi 0
+5121.869911070: grid210x_device byte send 00 eoi 0
+5121.869965071: grid210x_device byte send 00 eoi 0
+5121.870113075: grid210x_device byte send 00 eoi 0
+5121.870323081: grid210x_device byte send 00 eoi 0
+5121.870391083: grid210x_device byte send 00 eoi 0
+5121.870448085: grid210x_device byte send 00 eoi 0
+5121.870502086: grid210x_device byte send 00 eoi 0
+5121.870555088: grid210x_device byte send 00 eoi 0
+5121.870610089: grid210x_device byte send 00 eoi 0
+5121.870661091: grid210x_device byte send 00 eoi 0
+5121.870713092: grid210x_device byte send 00 eoi 0
+5121.870766094: grid210x_device byte send 00 eoi 0
+5121.870820095: grid210x_device byte send 00 eoi 0
+5121.870873097: grid210x_device byte send 00 eoi 0
+5121.870925098: grid210x_device byte send 00 eoi 0
+5121.870980100: grid210x_device byte send 00 eoi 0
+5121.871034101: grid210x_device byte send 00 eoi 0
+5121.871087103: grid210x_device byte send 00 eoi 0
+5121.871139104: grid210x_device byte send 00 eoi 0
+5121.871193106: grid210x_device byte send 00 eoi 0
+5121.871388111: grid210x_device byte send 00 eoi 0
+5121.871450113: grid210x_device byte send 00 eoi 0
+5121.871505114: grid210x_device byte send 00 eoi 0
+5121.871558116: grid210x_device byte send 00 eoi 0
+5121.871610117: grid210x_device byte send 00 eoi 0
+5121.871663119: grid210x_device byte send 00 eoi 0
+5121.871717120: grid210x_device byte send 00 eoi 0
+5121.871770122: grid210x_device byte send 00 eoi 0
+5121.871824123: grid210x_device byte send 00 eoi 0
+5121.871876125: grid210x_device byte send 00 eoi 0
+5121.871927126: grid210x_device byte send 00 eoi 0
+5121.871982128: grid210x_device byte send 00 eoi 0
+5121.872034129: grid210x_device byte send 00 eoi 0
+5121.872086131: grid210x_device byte send 00 eoi 0
+5121.872138132: grid210x_device byte send 00 eoi 0
+5121.872192134: grid210x_device byte send 00 eoi 0
+5121.872245135: grid210x_device byte send 00 eoi 0
+5121.872443141: grid210x_device byte send 00 eoi 0
+5121.872505142: grid210x_device byte send 00 eoi 0
+5121.872559144: grid210x_device byte send 00 eoi 0
+5121.872613145: grid210x_device byte send 00 eoi 0
+5121.872666147: grid210x_device byte send 00 eoi 0
+5121.872720149: grid210x_device byte send 00 eoi 0
+5121.872775150: grid210x_device byte send 00 eoi 0
+5121.872828152: grid210x_device byte send 00 eoi 0
+5121.872880153: grid210x_device byte send 00 eoi 0
+5121.872934155: grid210x_device byte send 00 eoi 0
+5121.872988156: grid210x_device byte send 00 eoi 0
+5121.873041158: grid210x_device byte send 00 eoi 0
+5121.873094159: grid210x_device byte send 00 eoi 0
+5121.873146160: grid210x_device byte send 00 eoi 0
+5121.873199162: grid210x_device byte send 00 eoi 0
+5121.873251163: grid210x_device byte send 00 eoi 0
+5121.873304165: grid210x_device byte send 00 eoi 0
+5121.873516171: grid210x_device byte send 00 eoi 0
+5121.873576173: grid210x_device byte send 00 eoi 0
+5121.873934183: grid210x_device byte send 00 eoi 0
+5121.874002185: grid210x_device byte send 00 eoi 0
+5121.874059186: grid210x_device byte send 00 eoi 0
+5121.874112188: grid210x_device byte send 00 eoi 0
+5121.874165189: grid210x_device byte send 00 eoi 0
+5121.874221191: grid210x_device byte send 00 eoi 0
+5121.874273192: grid210x_device byte send 00 eoi 0
+5121.874327194: grid210x_device byte send 00 eoi 0
+5121.874570200: grid210x_device byte send 00 eoi 0
+5121.874643203: grid210x_device byte send 00 eoi 0
+5121.874700204: grid210x_device byte send 00 eoi 0
+5121.874755206: grid210x_device byte send 00 eoi 0
+5121.874810207: grid210x_device byte send 00 eoi 0
+5121.874864209: grid210x_device byte send 00 eoi 0
+5121.874916210: grid210x_device byte send 00 eoi 0
+5121.874969212: grid210x_device byte send 00 eoi 0
+5121.875022213: grid210x_device byte send 00 eoi 0
+5121.875075215: grid210x_device byte send 00 eoi 0
+5121.875127216: grid210x_device byte send 00 eoi 0
+5121.875178218: grid210x_device byte send 00 eoi 0
+5121.875232219: grid210x_device byte send 00 eoi 0
+5121.875284221: grid210x_device byte send 00 eoi 0
+5121.875348222: grid210x_device byte send 00 eoi 0
+5121.875405224: grid210x_device byte send 00 eoi 0
+5121.875462226: grid210x_device byte send 00 eoi 0
+5121.875756234: grid210x_device byte send 00 eoi 0
+5121.875832236: grid210x_device byte send 00 eoi 0
+5121.875888238: grid210x_device byte send 00 eoi 0
+5121.875944239: grid210x_device byte send 00 eoi 0
+5121.875998241: grid210x_device byte send 00 eoi 0
+5121.876050242: grid210x_device byte send 00 eoi 0
+5121.876104244: grid210x_device byte send 00 eoi 0
+5121.876157245: grid210x_device byte send 00 eoi 0
+5121.876212247: grid210x_device byte send 00 eoi 0
+5121.876265248: grid210x_device byte send 00 eoi 0
+5121.876318250: grid210x_device byte send 00 eoi 0
+5121.876370251: grid210x_device byte send 00 eoi 0
+5121.876422253: grid210x_device byte send 00 eoi 0
+5121.876476254: grid210x_device byte send 00 eoi 0
+5121.876529256: grid210x_device byte send 00 eoi 0
+5121.876583257: grid210x_device byte send 00 eoi 0
+5121.876789263: grid210x_device byte send 00 eoi 0
+5121.876852265: grid210x_device byte send 00 eoi 0
+5121.876906266: grid210x_device byte send 00 eoi 0
+5121.876959268: grid210x_device byte send 00 eoi 0
+5121.877012269: grid210x_device byte send 00 eoi 0
+5121.877066271: grid210x_device byte send 00 eoi 0
+5121.877119272: grid210x_device byte send 00 eoi 0
+5121.877171274: grid210x_device byte send 00 eoi 0
+5121.877226275: grid210x_device byte send 00 eoi 0
+5121.877279277: grid210x_device byte send 00 eoi 0
+5121.877333278: grid210x_device byte send 00 eoi 0
+5121.877385280: grid210x_device byte send 00 eoi 0
+5121.877440281: grid210x_device byte send 00 eoi 0
+5121.877493283: grid210x_device byte send 00 eoi 0
+5121.877545284: grid210x_device byte send 00 eoi 0
+5121.877598286: grid210x_device byte send 00 eoi 0
+5121.877651287: grid210x_device byte send 00 eoi 0
+5121.877857293: grid210x_device byte send 00 eoi 0
+5121.877915295: grid210x_device byte send 00 eoi 0
+5121.877972296: grid210x_device byte send 00 eoi 0
+5121.878026298: grid210x_device byte send 00 eoi 0
+5121.878079299: grid210x_device byte send 00 eoi 0
+5121.878132301: grid210x_device byte send 00 eoi 0
+5121.878185302: grid210x_device byte send 00 eoi 0
+5121.878238304: grid210x_device byte send 00 eoi 0
+5121.878291305: grid210x_device byte send 00 eoi 0
+5121.878344307: grid210x_device byte send 00 eoi 0
+5121.878397308: grid210x_device byte send 00 eoi 0
+5121.878451310: grid210x_device byte send 00 eoi 0
+5121.878502311: grid210x_device byte send 00 eoi 0
+5121.878554312: grid210x_device byte send 00 eoi 0
+5121.878608314: grid210x_device byte send 00 eoi 0
+5121.878661315: grid210x_device byte send 00 eoi 0
+5121.878856321: grid210x_device byte send 00 eoi 0
+5121.878934323: grid210x_device byte send 00 eoi 0
+5121.878992325: grid210x_device byte send 00 eoi 0
+5121.879046326: grid210x_device byte send 00 eoi 0
+5121.879102328: grid210x_device byte send 00 eoi 0
+5121.879423337: grid210x_device byte send 00 eoi 0
+5121.879490339: grid210x_device byte send 00 eoi 0
+5121.879544340: grid210x_device byte send 00 eoi 0
+5121.879599342: grid210x_device byte send 00 eoi 0
+5121.879653343: grid210x_device byte send 00 eoi 0
+5121.879707345: grid210x_device byte send 00 eoi 0
+5121.879759346: grid210x_device byte send 00 eoi 0
+5121.880066355: grid210x_device byte send 00 eoi 0
+5121.880143357: grid210x_device byte send 00 eoi 0
+5121.880199359: grid210x_device byte send 00 eoi 0
+5121.880255360: grid210x_device byte send 00 eoi 0
+5121.880310362: grid210x_device byte send 00 eoi 0
+5121.880362363: grid210x_device byte send 00 eoi 0
+5121.880414365: grid210x_device byte send 00 eoi 0
+5121.880467366: grid210x_device byte send 00 eoi 0
+5121.880520368: grid210x_device byte send 00 eoi 0
+5121.880573369: grid210x_device byte send 00 eoi 0
+5121.880625371: grid210x_device byte send 00 eoi 0
+5121.880677372: grid210x_device byte send 00 eoi 0
+5121.880731374: grid210x_device byte send 00 eoi 0
+5121.880782375: grid210x_device byte send 00 eoi 0
+5121.880835377: grid210x_device byte send 00 eoi 0
+5121.881030382: grid210x_device byte send 00 eoi 0
+5121.881105384: grid210x_device byte send 00 eoi 0
+5121.881162386: grid210x_device byte send 00 eoi 0
+5121.881218387: grid210x_device byte send 00 eoi 0
+5121.881272389: grid210x_device byte send 00 eoi 0
+5121.881326390: grid210x_device byte send 00 eoi 0
+5121.881379392: grid210x_device byte send 00 eoi 0
+5121.881434393: grid210x_device byte send 00 eoi 0
+5121.881488395: grid210x_device byte send 00 eoi 0
+5121.881539396: grid210x_device byte send 00 eoi 0
+5121.881592398: grid210x_device byte send 00 eoi 0
+5121.881645399: grid210x_device byte send 00 eoi 0
+5121.881699401: grid210x_device byte send 00 eoi 0
+5121.881751402: grid210x_device byte send 00 eoi 0
+5121.881803404: grid210x_device byte send 00 eoi 0
+5121.881858405: grid210x_device byte send 00 eoi 0
+5121.881909407: grid210x_device byte send 00 eoi 0
+5121.882094412: grid210x_device byte send 00 eoi 0
+5121.882163414: grid210x_device byte send 00 eoi 0
+5121.882220415: grid210x_device byte send 00 eoi 0
+5121.882275417: grid210x_device byte send 00 eoi 0
+5121.882328419: grid210x_device byte send 00 eoi 0
+5121.882381420: grid210x_device byte send 00 eoi 0
+5121.882434422: grid210x_device byte send 00 eoi 0
+5121.882487423: grid210x_device byte send 00 eoi 0
+5121.882538424: grid210x_device byte send 00 eoi 0
+5121.882592426: grid210x_device byte send 00 eoi 0
+5121.882645427: grid210x_device byte send 00 eoi 0
+5121.882698429: grid210x_device byte send 00 eoi 0
+5121.882751430: grid210x_device byte send 00 eoi 0
+5121.882804432: grid210x_device byte send 00 eoi 0
+5121.882859433: grid210x_device byte send 00 eoi 0
+5121.882912435: grid210x_device byte send 00 eoi 0
+5121.882967436: grid210x_device byte send 00 eoi 0
+5121.883153442: grid210x_device byte send 00 eoi 0
+5121.883228444: grid210x_device byte send 00 eoi 0
+5121.883283445: grid210x_device byte send 00 eoi 0
+5121.883338447: grid210x_device byte send 00 eoi 0
+5121.883393448: grid210x_device byte send 00 eoi 0
+5121.883447450: grid210x_device byte send 00 eoi 0
+5121.883500451: grid210x_device byte send 00 eoi 0
+5121.883552453: grid210x_device byte send 00 eoi 0
+5121.883672456: grid210x_device byte send 00 eoi 0
+5121.883771459: grid210x_device byte send 00 eoi 0
+5121.883831461: grid210x_device byte send 00 eoi 0
+5121.883885462: grid210x_device byte send 00 eoi 0
+5121.883940464: grid210x_device byte send 00 eoi 0
+5121.883994465: grid210x_device byte send 00 eoi 0
+5121.884045467: grid210x_device byte send 00 eoi 0
+5121.884274473: grid210x_device byte send 00 eoi 0
+5121.884335475: grid210x_device byte send 00 eoi 0
+5121.884390476: grid210x_device byte send 00 eoi 0
+5121.884445478: grid210x_device byte send 00 eoi 0
+5121.884498480: grid210x_device byte send 00 eoi 0
+5121.884550481: grid210x_device byte send 00 eoi 0
+5121.884605483: grid210x_device byte send 00 eoi 0
+5121.884657484: grid210x_device byte send 00 eoi 0
+5121.885019494: grid210x_device byte send 00 eoi 0
+5121.885085496: grid210x_device byte send 00 eoi 0
+5121.885329503: grid210x_device byte send 00 eoi 0
+5121.885401505: grid210x_device byte send 00 eoi 0
+5121.885458506: grid210x_device byte send 00 eoi 0
+5121.885512508: grid210x_device byte send 00 eoi 0
+5121.885566510: grid210x_device byte send 00 eoi 0
+5121.885618511: grid210x_device byte send 00 eoi 0
+5121.885671512: grid210x_device byte send 00 eoi 0
+5121.885724514: grid210x_device byte send 00 eoi 0
+5121.885775515: grid210x_device byte send 00 eoi 0
+5121.885828517: grid210x_device byte send 00 eoi 0
+5121.885881518: grid210x_device byte send 00 eoi 0
+5121.885934520: grid210x_device byte send 00 eoi 0
+5121.885987521: grid210x_device byte send 00 eoi 0
+5121.886039523: grid210x_device byte send 00 eoi 0
+5121.886092524: grid210x_device byte send 00 eoi 0
+5121.886144526: grid210x_device byte send 00 eoi 0
+5121.886198527: grid210x_device byte send 00 eoi 0
+5121.886387533: grid210x_device byte send 00 eoi 0
+5121.886453534: grid210x_device byte send 00 eoi 1
+5121.886925548: grid210x_device byte recv 5f atn 1 eoi 0
+5121.886956549: grid210x_device now not talking
+5121.889604623: grid210x_device byte recv 25 atn 1 eoi 0
+5121.889656624: grid210x_device now listening
+5121.890795656: grid210x_device byte recv 04 atn 0 eoi 0
+5121.890887659: grid210x_device byte recv 00 atn 0 eoi 0
+5121.890961661: grid210x_device byte recv 00 atn 0 eoi 0
+5121.891027663: grid210x_device byte recv 01 atn 0 eoi 0
+5121.891095665: grid210x_device byte recv 00 atn 0 eoi 0
+5121.891164667: grid210x_device byte recv 00 atn 0 eoi 0
+5121.891233669: grid210x_device byte recv 00 atn 0 eoi 0
+5121.891297671: grid210x_device byte recv 00 atn 0 eoi 0
+5121.891366673: grid210x_device byte recv 02 atn 0 eoi 0
+5121.892453703: grid210x_device byte recv 00 atn 0 eoi 1
+5121.892546706: grid210x_device byte recv 3f atn 1 eoi 0
+5121.892576707: grid210x_device now not listening
+5121.892727711: grid210x_device command 4, data size 512, sector no 1
+5121.893863743: grid210x_device byte recv 18 atn 1 eoi 0
+5121.893966746: grid210x_device byte recv 45 atn 1 eoi 0
+5121.893995746: grid210x_device now talking
+5121.894025747: grid210x_device byte send 4f eoi 0
+5121.894151751: grid210x_device byte recv 19 atn 1 eoi 0
+5121.894229753: grid210x_device byte recv 5f atn 1 eoi 0
+5121.894254754: grid210x_device now not talking
+5121.895585791: grid210x_device byte recv 45 atn 1 eoi 0
+5121.895625792: grid210x_device now talking
+5121.896801825: grid210x_device byte send 9a eoi 0
+5121.897251838: grid210x_device byte send 42 eoi 0
+5121.897320840: grid210x_device byte send 07 eoi 0
+5121.897379842: grid210x_device byte send 01 eoi 0
+5121.897434843: grid210x_device byte send 20 eoi 0
+5121.897487845: grid210x_device byte send 55 eoi 0
+5121.897539846: grid210x_device byte send b8 eoi 0
+5121.897592848: grid210x_device byte send 80 eoi 0
+5121.897644849: grid210x_device byte send 20 eoi 0
+5121.897696850: grid210x_device byte send 8e eoi 0
+5121.897748852: grid210x_device byte send d8 eoi 0
+5121.897800853: grid210x_device byte send bb eoi 0
+5121.897854855: grid210x_device byte send 08 eoi 0
+5121.898032860: grid210x_device byte send 00 eoi 0
+5121.898101862: grid210x_device byte send 58 eoi 0
+5121.898155863: grid210x_device byte send 59 eoi 0
+5121.898207865: grid210x_device byte send 89 eoi 0
+5121.898259866: grid210x_device byte send 0f eoi 0
+5121.898313868: grid210x_device byte send 89 eoi 0
+5121.898365869: grid210x_device byte send 47 eoi 0
+5121.898415871: grid210x_device byte send 02 eoi 0
+5121.898470872: grid210x_device byte send eb eoi 0
+5121.898523874: grid210x_device byte send e9 eoi 0
+5121.898576875: grid210x_device byte send 55 eoi 0
+5121.898627877: grid210x_device byte send 43 eoi 0
+5121.898679878: grid210x_device byte send 61 eoi 0
+5121.898732880: grid210x_device byte send 6e eoi 0
+5121.898784881: grid210x_device byte send 6e eoi 0
+5121.898838883: grid210x_device byte send 6f eoi 0
+5121.898890884: grid210x_device byte send 74 eoi 0
+5121.899435899: grid210x_device byte send 20 eoi 0
+5121.899499901: grid210x_device byte send 62 eoi 0
+5121.899552903: grid210x_device byte send 6f eoi 0
+5121.899675906: grid210x_device byte send 6f eoi 0
+5121.899772909: grid210x_device byte send 74 eoi 0
+5121.899830910: grid210x_device byte send 3a eoi 0
+5121.899884912: grid210x_device byte send 20 eoi 0
+5121.899938913: grid210x_device byte send 4d eoi 0
+5121.899990915: grid210x_device byte send 65 eoi 0
+5121.900283923: grid210x_device byte send 64 eoi 0
+5121.900352925: grid210x_device byte send 69 eoi 0
+5121.900405927: grid210x_device byte send 75 eoi 0
+5121.900458928: grid210x_device byte send 6d eoi 0
+5121.900510930: grid210x_device byte send 20 eoi 0
+5121.900562931: grid210x_device byte send 65 eoi 0
+5121.900614932: grid210x_device byte send 72 eoi 0
+5121.900665934: grid210x_device byte send 72 eoi 0
+5121.900717935: grid210x_device byte send 6f eoi 0
+5121.900767937: grid210x_device byte send 72 eoi 0
+5121.900820938: grid210x_device byte send 0d eoi 0
+5121.900875940: grid210x_device byte send 0a eoi 0
+5121.900929941: grid210x_device byte send 43 eoi 0
+5121.900983943: grid210x_device byte send 43 eoi 0
+5121.901035944: grid210x_device byte send 4f eoi 0
+5121.901089946: grid210x_device byte send 53 eoi 0
+5121.901140947: grid210x_device byte send 20 eoi 0
+5121.901339953: grid210x_device byte send 6e eoi 0
+5121.901401955: grid210x_device byte send 6f eoi 0
+5121.901454956: grid210x_device byte send 74 eoi 0
+5121.901507958: grid210x_device byte send 20 eoi 0
+5121.901560959: grid210x_device byte send 66 eoi 0
+5121.901611960: grid210x_device byte send 6f eoi 0
+5121.901663962: grid210x_device byte send 75 eoi 0
+5121.901715963: grid210x_device byte send 6e eoi 0
+5121.901767965: grid210x_device byte send 64 eoi 0
+5121.901820966: grid210x_device byte send 0d eoi 0
+5121.901875968: grid210x_device byte send 0a eoi 0
+5121.901927969: grid210x_device byte send 43 eoi 0
+5121.901982971: grid210x_device byte send 68 eoi 0
+5121.902033972: grid210x_device byte send 65 eoi 0
+5121.902088974: grid210x_device byte send 63 eoi 0
+5121.902139975: grid210x_device byte send 6b eoi 0
+5121.902193977: grid210x_device byte send 73 eoi 0
+5121.902378982: grid210x_device byte send 75 eoi 0
+5121.902446984: grid210x_device byte send 6d eoi 0
+5121.902499985: grid210x_device byte send 20 eoi 0
+5121.902551987: grid210x_device byte send 65 eoi 0
+5121.902604988: grid210x_device byte send 72 eoi 0
+5121.902656990: grid210x_device byte send 72 eoi 0
+5121.902708991: grid210x_device byte send 6f eoi 0
+5121.902760993: grid210x_device byte send 72 eoi 0
+5121.902814994: grid210x_device byte send 20 eoi 0
+5121.902865996: grid210x_device byte send 69 eoi 0
+5121.902915997: grid210x_device byte send 6e eoi 0
+5121.902967999: grid210x_device byte send 20 eoi 0
+5121.903020000: grid210x_device byte send 43 eoi 0
+5121.903073002: grid210x_device byte send 43 eoi 0
+5121.903124003: grid210x_device byte send 4f eoi 0
+5121.903175004: grid210x_device byte send 53 eoi 0
+5121.903229006: grid210x_device byte send 0d eoi 0
+5121.903420011: grid210x_device byte send 0a eoi 0
+5121.903493013: grid210x_device byte send 11 eoi 0
+5121.903547015: grid210x_device byte send 50 eoi 0
+5121.903601016: grid210x_device byte send 72 eoi 0
+5121.903653018: grid210x_device byte send 6f eoi 0
+5121.903704019: grid210x_device byte send 67 eoi 0
+5121.903756021: grid210x_device byte send 72 eoi 0
+5121.903806022: grid210x_device byte send 61 eoi 0
+5121.903860024: grid210x_device byte send 6d eoi 0
+5121.903912025: grid210x_device byte send 73 eoi 0
+5121.903966027: grid210x_device byte send 7e eoi 0
+5121.904017028: grid210x_device byte send 53 eoi 0
+5121.904070030: grid210x_device byte send 75 eoi 0
+5121.904121031: grid210x_device byte send 62 eoi 0
+5121.904174032: grid210x_device byte send 6a eoi 0
+5121.904228034: grid210x_device byte send 65 eoi 0
+5121.904280035: grid210x_device byte send 63 eoi 0
+5121.904479041: grid210x_device byte send 74 eoi 0
+5121.904548043: grid210x_device byte send 7e eoi 0
+5121.904914053: grid210x_device byte send 0c eoi 0
+5121.904978055: grid210x_device byte send 43 eoi 0
+5121.905032057: grid210x_device byte send 43 eoi 0
+5121.905086058: grid210x_device byte send 4f eoi 0
+5121.905137060: grid210x_device byte send 53 eoi 0
+5121.905283064: grid210x_device byte send 7e eoi 0
+5121.905335065: grid210x_device byte send 53 eoi 0
+5121.905573072: grid210x_device byte send 79 eoi 0
+5121.905643074: grid210x_device byte send 73 eoi 0
+5121.905701075: grid210x_device byte send 74 eoi 0
+5121.905753077: grid210x_device byte send 65 eoi 0
+5121.905805078: grid210x_device byte send 6d eoi 0
+5121.905858080: grid210x_device byte send 7e eoi 0
+5121.905910081: grid210x_device byte send 18 eoi 0
+5121.905962083: grid210x_device byte send 53 eoi 0
+5121.906014084: grid210x_device byte send 63 eoi 0
+5121.906067086: grid210x_device byte send 72 eoi 0
+5121.906118087: grid210x_device byte send 65 eoi 0
+5121.906168089: grid210x_device byte send 65 eoi 0
+5121.906221090: grid210x_device byte send 6e eoi 0
+5121.906273091: grid210x_device byte send 2e eoi 0
+5121.906327093: grid210x_device byte send 49 eoi 0
+5121.906379094: grid210x_device byte send 6e eoi 0
+5121.906430096: grid210x_device byte send 69 eoi 0
+5121.906625101: grid210x_device byte send 74 eoi 0
+5121.906702104: grid210x_device byte send 7e eoi 0
+5121.906758105: grid210x_device byte send 53 eoi 0
+5121.906811107: grid210x_device byte send 63 eoi 0
+5121.906863108: grid210x_device byte send 72 eoi 0
+5121.906914109: grid210x_device byte send 65 eoi 0
+5121.906966111: grid210x_device byte send 65 eoi 0
+5121.907018112: grid210x_device byte send 6e eoi 0
+5121.907070114: grid210x_device byte send 49 eoi 0
+5121.907122115: grid210x_device byte send 6d eoi 0
+5121.907173117: grid210x_device byte send 61 eoi 0
+5121.907226118: grid210x_device byte send 67 eoi 0
+5121.907276120: grid210x_device byte send 65 eoi 0
+5121.907328121: grid210x_device byte send 7e eoi 0
+5121.907380123: grid210x_device byte send 55 eoi 0
+5121.907430124: grid210x_device byte send 80 eoi 0
+5121.907483125: grid210x_device byte send 20 eoi 0
+5121.907535127: grid210x_device byte send 00 eoi 0
+5121.907812135: grid210x_device byte send 00 eoi 0
+5121.907884137: grid210x_device byte send 40 eoi 0
+5121.907943138: grid210x_device byte send 00 eoi 0
+5121.907996140: grid210x_device byte send 55 eoi 0
+5121.908049141: grid210x_device byte send 8b eoi 0
+5121.908102143: grid210x_device byte send ec eoi 0
+5121.908154144: grid210x_device byte send b8 eoi 0
+5121.908208146: grid210x_device byte send 08 eoi 0
+5121.908260147: grid210x_device byte send 00 eoi 0
+5121.908312149: grid210x_device byte send 0e eoi 0
+5121.908365150: grid210x_device byte send 50 eoi 0
+5121.908416152: grid210x_device byte send b8 eoi 0
+5121.908469153: grid210x_device byte send 0d eoi 0
+5121.908521155: grid210x_device byte send 00 eoi 0
+5121.908575156: grid210x_device byte send 50 eoi 0
+5121.908626158: grid210x_device byte send 9a eoi 0
+5121.908676159: grid210x_device byte send 06 eoi 0
+5121.908887165: grid210x_device byte send 00 eoi 0
+5121.908948167: grid210x_device byte send ef eoi 0
+5121.909000168: grid210x_device byte send ff eoi 0
+5121.909052170: grid210x_device byte send 8b eoi 0
+5121.909105171: grid210x_device byte send 1e eoi 0
+5121.909156172: grid210x_device byte send 00 eoi 0
+5121.909210174: grid210x_device byte send 00 eoi 0
+5121.909264176: grid210x_device byte send 4b eoi 0
+5121.909316177: grid210x_device byte send d1 eoi 0
+5121.909367178: grid210x_device byte send e3 eoi 0
+5121.909419180: grid210x_device byte send 2e eoi 0
+5121.909470181: grid210x_device byte send ff eoi 0
+5121.909522183: grid210x_device byte send a7 eoi 0
+5121.909574184: grid210x_device byte send a7 eoi 0
+5121.909626186: grid210x_device byte send 00 eoi 0
+5121.909679187: grid210x_device byte send ad eoi 0
+5121.909733189: grid210x_device byte send 00 eoi 0
+5121.909944195: grid210x_device byte send b7 eoi 0
+5121.910082199: grid210x_device byte send 00 eoi 0
+5121.910474210: grid210x_device byte send c1 eoi 0
+5121.910536211: grid210x_device byte send 00 eoi 0
+5121.910593213: grid210x_device byte send b8 eoi 0
+5121.910647214: grid210x_device byte send 15 eoi 0
+5121.910701216: grid210x_device byte send 00 eoi 0
+5121.910753217: grid210x_device byte send 0e eoi 0
+5121.910806219: grid210x_device byte send 50 eoi 0
+5121.911062226: grid210x_device byte send b8 eoi 0
+5121.911122228: grid210x_device byte send 0e eoi 0
+5121.911177229: grid210x_device byte send 00 eoi 0
+5121.911233231: grid210x_device byte send eb eoi 0
+5121.911285232: grid210x_device byte send 12 eoi 0
+5121.911337234: grid210x_device byte send b8 eoi 0
+5121.911388235: grid210x_device byte send 23 eoi 0
+5121.911441237: grid210x_device byte send 00 eoi 0
+5121.911493238: grid210x_device byte send 0e eoi 0
+5121.911544240: grid210x_device byte send 50 eoi 0
+5121.911595241: grid210x_device byte send b8 eoi 0
+5121.911647242: grid210x_device byte send 10 eoi 0
+5121.911700244: grid210x_device byte send 00 eoi 0
+5121.911753245: grid210x_device byte send eb eoi 0
+5121.911805247: grid210x_device byte send 08 eoi 0
+5121.911860248: grid210x_device byte send b8 eoi 0
+5121.911912250: grid210x_device byte send 33 eoi 0
+5121.912119256: grid210x_device byte send 00 eoi 0
+5121.912181257: grid210x_device byte send 0e eoi 0
+5121.912238259: grid210x_device byte send 50 eoi 0
+5121.912289261: grid210x_device byte send b8 eoi 0
+5121.912342262: grid210x_device byte send 18 eoi 0
+5121.912392263: grid210x_device byte send 00 eoi 0
+5121.912447265: grid210x_device byte send 50 eoi 0
+5121.912499266: grid210x_device byte send 9a eoi 0
+5121.912551268: grid210x_device byte send 06 eoi 0
+5121.912605269: grid210x_device byte send 00 eoi 0
+5121.912657271: grid210x_device byte send ef eoi 0
+5121.912709272: grid210x_device byte send ff eoi 0
+5121.912760274: grid210x_device byte send b8 eoi 0
+5121.912812275: grid210x_device byte send e8 eoi 0
+5121.912864277: grid210x_device byte send 03 eoi 0
+5121.912916278: grid210x_device byte send 50 eoi 0
+5121.912969280: grid210x_device byte send 9a eoi 0
+5121.913160285: grid210x_device byte send d3 eoi 0
+5121.913225287: grid210x_device byte send 00 eoi 0
+5121.913282288: grid210x_device byte send ef eoi 0
+5121.913337290: grid210x_device byte send ff eoi 0
+5121.913388291: grid210x_device byte send 5d eoi 0
+5121.913440293: grid210x_device byte send c3 eoi 0
+5121.913492294: grid210x_device byte send 55 eoi 0
+5121.913542296: grid210x_device byte send 8b eoi 0
+5121.913595297: grid210x_device byte send ec eoi 0
+5121.913646299: grid210x_device byte send b0 eoi 0
+5121.913698300: grid210x_device byte send 00 eoi 0
+5121.913750302: grid210x_device byte send bf eoi 0
+5121.913802303: grid210x_device byte send 99 eoi 0
+5121.913856305: grid210x_device byte send 0e eoi 0
+5121.913909306: grid210x_device byte send b9 eoi 0
+5121.913962308: grid210x_device byte send 13 eoi 0
+5121.914014309: grid210x_device byte send 00 eoi 0
+5121.914198314: grid210x_device byte send 1e eoi 0
+5121.914265316: grid210x_device byte send 07 eoi 0
+5121.914325318: grid210x_device byte send fc eoi 0
+5121.914379319: grid210x_device byte send f2 eoi 0
+5121.914430321: grid210x_device byte send aa eoi 0
+5121.914484322: grid210x_device byte send a0 eoi 0
+5121.914535324: grid210x_device byte send b0 eoi 0
+5121.914587325: grid210x_device byte send 0e eoi 0
+5121.914639327: grid210x_device byte send a2 eoi 0
+5121.914695328: grid210x_device byte send a7 eoi 0
+5121.914748330: grid210x_device byte send 0e eoi 0
+5121.914800331: grid210x_device byte send c4 eoi 0
+5121.914855333: grid210x_device byte send 46 eoi 0
+5121.914907334: grid210x_device byte send 0a eoi 0
+5121.914959336: grid210x_device byte send a3 eoi 0
+5121.915012337: grid210x_device byte send 9b eoi 0
+5121.915066339: grid210x_device byte send 0e eoi 0
+5121.915265344: grid210x_device byte send 8c eoi 0
+5121.915333346: grid210x_device byte send 06 eoi 0
+5121.915389348: grid210x_device byte send 9d eoi 0
+5121.915444349: grid210x_device byte send 0e eoi 0
+5121.915865361: grid210x_device byte send 8b eoi 0
+5121.915928363: grid210x_device byte send 46 eoi 0
+5121.915983364: grid210x_device byte send 04 eoi 0
+5121.916037366: grid210x_device byte send a3 eoi 0
+5121.916091367: grid210x_device byte send a3 eoi 0
+5121.916143369: grid210x_device byte send 0e eoi 0
+5121.916402376: grid210x_device byte send 8b eoi 0
+5121.916465378: grid210x_device byte send 46 eoi 0
+5121.916519379: grid210x_device byte send 06 eoi 0
+5121.916575381: grid210x_device byte send 8b eoi 0
+5121.916628382: grid210x_device byte send 56 eoi 0
+5121.916679384: grid210x_device byte send 08 eoi 0
+5121.916734385: grid210x_device byte send a3 eoi 0
+5121.916786387: grid210x_device byte send 9f eoi 0
+5121.916838388: grid210x_device byte send 0e eoi 0
+5121.916891390: grid210x_device byte send 89 eoi 0
+5121.916945391: grid210x_device byte send 16 eoi 0
+5121.916997393: grid210x_device byte send a1 eoi 0
+5121.917048394: grid210x_device byte send 0e eoi 0
+5121.917103396: grid210x_device byte send 5d eoi 0
+5121.917153397: grid210x_device byte send c2 eoi 0
+5121.917206399: grid210x_device byte send 0a eoi 0
+5121.917258400: grid210x_device byte send 00 eoi 0
+5121.917460406: grid210x_device byte send 55 eoi 0
+5121.917517407: grid210x_device byte send 8b eoi 0
+5121.917571409: grid210x_device byte send ec eoi 0
+5121.917623410: grid210x_device byte send c4 eoi 0
+5121.917674412: grid210x_device byte send 46 eoi 0
+5121.917728413: grid210x_device byte send 04 eoi 0
+5121.917781415: grid210x_device byte send 06 eoi 0
+5121.917835416: grid210x_device byte send 50 eoi 0
+5121.917888418: grid210x_device byte send 8b eoi 0
+5121.917941419: grid210x_device byte send 46 eoi 0
+5121.917993421: grid210x_device byte send 08 eoi 0
+5121.918046422: grid210x_device byte send ba eoi 0
+5121.918099424: grid210x_device byte send 00 eoi 0
+5121.918152425: grid210x_device byte send 00 eoi 0
+5121.918205427: grid210x_device byte send 03 eoi 0
+5121.918257428: grid210x_device byte send 06 eoi 0
+5121.918310430: grid210x_device byte send 0c eoi 0
+5121.918498435: grid210x_device byte send 00 eoi 0
+5121.918563437: grid210x_device byte send 13 eoi 0
+5121.918618438: grid210x_device byte send 16 eoi 0
+5121.918670440: grid210x_device byte send 0e eoi 0
+5121.918723441: grid210x_device byte send 00 eoi 0
+5121.918776443: grid210x_device byte send 52 eoi 0
+5121.918829444: grid210x_device byte send 50 eoi 0
+5121.918881446: grid210x_device byte send ff eoi 0
+5121.918935447: grid210x_device byte send 36 eoi 0
+5121.918987449: grid210x_device byte send 22 eoi 0
+5121.919039450: grid210x_device byte send 00 eoi 0
+5121.919092452: grid210x_device byte send e8 eoi 0
+5121.919143453: grid210x_device byte send aa eoi 0
+5121.919196455: grid210x_device byte send ff eoi 0
+5121.919247456: grid210x_device byte send b8 eoi 0
+5121.919297457: grid210x_device byte send 04 eoi 0
+5121.919352459: grid210x_device byte send 00 eoi 0
+5121.919548465: grid210x_device byte send 50 eoi 0
+5121.919616466: grid210x_device byte send b8 eoi 0
+5121.919669468: grid210x_device byte send 99 eoi 0
+5121.919720469: grid210x_device byte send 0e eoi 0
+5121.919778471: grid210x_device byte send 1e eoi 0
+5121.919830472: grid210x_device byte send 50 eoi 0
+5121.919883474: grid210x_device byte send b8 eoi 0
+5121.919938476: grid210x_device byte send 6c eoi 0
+5121.919990477: grid210x_device byte send 0a eoi 0
+5121.920153482: grid210x_device byte send 1e eoi 0
+5121.920215483: grid210x_device byte send 50 eoi 0
+5121.920268485: grid210x_device byte send ff eoi 0
+5121.920322486: grid210x_device byte send 1e eoi 0
+5121.920374488: grid210x_device byte send ac eoi 0
+5121.920426489: grid210x_device byte send 0e eoi 0
+5121.920643495: grid210x_device byte send a1 eoi 0
+5121.920703497: grid210x_device byte send 6c eoi 0
+5121.920758499: grid210x_device byte send 0a eoi 0
+5121.920814500: grid210x_device byte send 5d eoi 0
+5121.920866502: grid210x_device byte send c2 eoi 0
+5121.920917503: grid210x_device byte send 06 eoi 0
+5121.920971505: grid210x_device byte send 00 eoi 0
+5121.921331515: grid210x_device byte send 55 eoi 0
+5121.921392516: grid210x_device byte send 8b eoi 0
+5121.921449518: grid210x_device byte send ec eoi 0
+5121.921555521: grid210x_device byte send c4 eoi 0
+5121.921756527: grid210x_device byte send 5e eoi 0
+5121.921892530: grid210x_device byte send 04 eoi 0
+5121.921950532: grid210x_device byte send 8d eoi 0
+5121.922001533: grid210x_device byte send 47 eoi 0
+5121.922053535: grid210x_device byte send 04 eoi 0
+5121.922109537: grid210x_device byte send a3 eoi 0
+5121.922173538: grid210x_device byte send 72 eoi 0
+5121.922229540: grid210x_device byte send 0a eoi 0
+5121.922283541: grid210x_device byte send 8c eoi 0
+5121.922336543: grid210x_device byte send 06 eoi 0
+5121.922389544: grid210x_device byte send 74 eoi 0
+5121.922442546: grid210x_device byte send 0a eoi 0
+5121.922496547: grid210x_device byte send c4 eoi 0
+5121.922548549: grid210x_device byte send 5e eoi 0
+5121.922601550: grid210x_device byte send 04 eoi 0
+5121.922818556: grid210x_device byte send b8 eoi 0
+5121.922876558: grid210x_device byte send 00 eoi 0
+5121.922931560: grid210x_device byte send 00 eoi 0
+5121.922986561: grid210x_device byte send 26 eoi 0
+5121.923038563: grid210x_device byte send 89 eoi 0
+5121.923091564: grid210x_device byte send 87 eoi 0
+5121.923143566: grid210x_device byte send 04 eoi 0
+5121.923198567: grid210x_device byte send 04 eoi 0
+5121.923251569: grid210x_device byte send 26 eoi 0
+5121.923302570: grid210x_device byte send 89 eoi 0
+5121.923355572: grid210x_device byte send 87 eoi 0
+5121.923405573: grid210x_device byte send 06 eoi 0
+5121.923458574: grid210x_device byte send 04 eoi 0
+5121.923511576: grid210x_device byte send 26 eoi 0
+5121.923618579: grid210x_device byte send c7 eoi 0
+5121.923846585: grid210x_device byte send 07 eoi 0
+5121.923923587: grid210x_device byte send 01 eoi 0
+5121.923983589: grid210x_device byte send 00 eoi 0
+5121.924037591: grid210x_device byte send 26 eoi 0
+5121.924089592: grid210x_device byte send c7 eoi 0
+5121.924142594: grid210x_device byte send 47 eoi 0
+5121.924194595: grid210x_device byte send 02 eoi 0
+5121.924247597: grid210x_device byte send 00 eoi 0
+5121.924299598: grid210x_device byte send 00 eoi 0
+5121.924352600: grid210x_device byte send c4 eoi 0
+5121.924402601: grid210x_device byte send 1e eoi 0
+5121.924454602: grid210x_device byte send 72 eoi 0
+5121.924505604: grid210x_device byte send 0a eoi 0
+5121.924559605: grid210x_device byte send 8d eoi 0
+5121.924609607: grid210x_device byte send 87 eoi 0
+5121.924660608: grid210x_device byte send cc eoi 0
+5121.924712610: grid210x_device byte send 00 eoi 0
+5121.924764611: grid210x_device byte send a3 eoi 0
+5121.924964617: grid210x_device byte send 6e eoi 0
+5121.925023618: grid210x_device byte send 0a eoi 0
+5121.925079620: grid210x_device byte send 8c eoi 0
+5121.925133622: grid210x_device byte send 06 eoi 0
+5121.925191623: grid210x_device byte send 70 eoi 0
+5121.925243625: grid210x_device byte send 0a eoi 0
+5121.925295626: grid210x_device byte send 89 eoi 0
+5121.925348628: grid210x_device byte send c3 eoi 0
+5121.925400629: grid210x_device byte send 8b eoi 0
+5121.925451630: grid210x_device byte send 4e eoi 0
+5121.925502632: grid210x_device byte send 08 eoi 0
+5121.925554633: grid210x_device byte send 26 eoi 0
+5121.925607635: grid210x_device byte send 89 eoi 0
+5121.925658636: grid210x_device byte send 4f eoi 0
+5121.925709638: grid210x_device byte send 06 eoi 0
+5121.925761639: grid210x_device byte send 5d eoi 0
+5121.925812641: grid210x_device byte send c2 eoi 0
+5121.926017646: grid210x_device byte send 06 eoi 0
+5121.926091648: grid210x_device byte send 00 eoi 0
+5121.926147650: grid210x_device byte send 55 eoi 0
+5121.926200651: grid210x_device byte send 8b eoi 0
+5121.926252653: grid210x_device byte send ec eoi 0
+5121.926302654: grid210x_device byte send 83 eoi 0
+5121.926356656: grid210x_device byte send 7e eoi 0
+5121.926408657: grid210x_device byte send 04 eoi 0
+5121.926463659: grid210x_device byte send 00 eoi 0
+5121.926516660: grid210x_device byte send 75 eoi 0
+5121.926834669: grid210x_device byte send 08 eoi 0
+5121.927083676: grid210x_device byte send a1 eoi 0
+5121.927155678: grid210x_device byte send 24 eoi 0
+5121.927213680: grid210x_device byte send 00 eoi 0
+5121.927269682: grid210x_device byte send 2d eoi 0
+5121.927325683: grid210x_device byte send d4 eoi 0
+5121.927377685: grid210x_device byte send 00 eoi 0
+5121.927429686: grid210x_device byte send eb eoi 0
+5121.927483688: grid210x_device byte send 06 eoi 0
+5121.927534689: grid210x_device byte send a1 eoi 0
+5121.927586690: grid210x_device byte send 24 eoi 0
+5121.927638692: grid210x_device byte send 00 eoi 0
+5121.927693693: grid210x_device byte send 83 eoi 0
+5121.927745695: grid210x_device byte send e8 eoi 0
+5121.927796696: grid210x_device byte send 0c eoi 0
+5121.927851698: grid210x_device byte send d1 eoi 0
+5121.927902699: grid210x_device byte send e8 eoi 0
+5121.927954701: grid210x_device byte send 5d eoi 0
+5121.928142706: grid210x_device byte send c2 eoi 0
+5121.928215708: grid210x_device byte send 02 eoi 0
+5121.928273710: grid210x_device byte send 00 eoi 0
+5121.928329711: grid210x_device byte send 55 eoi 0
+5121.928381713: grid210x_device byte send 8b eoi 0
+5121.928435714: grid210x_device byte send ec eoi 0
+5121.928486716: grid210x_device byte send b8 eoi 0
+5121.928536717: grid210x_device byte send 00 eoi 0
+5121.928591719: grid210x_device byte send 00 eoi 0
+5121.928643720: grid210x_device byte send 50 eoi 0
+5121.928696722: grid210x_device byte send e8 eoi 0
+5121.928749723: grid210x_device byte send d9 eoi 0
+5121.928799725: grid210x_device byte send ff eoi 0
+5121.928852726: grid210x_device byte send a3 eoi 0
+5121.928903727: grid210x_device byte send 76 eoi 0
+5121.928954729: grid210x_device byte send 0a eoi 0
+5121.929007730: grid210x_device byte send c4 eoi 0
+5121.929060732: grid210x_device byte send 5e eoi 0
+5121.929259737: grid210x_device byte send 04 eoi 0
+5121.929321739: grid210x_device byte send 8d eoi 0
+5121.929375741: grid210x_device byte send 4f eoi 0
+5121.929427742: grid210x_device byte send 04 eoi 0
+5121.929481744: grid210x_device byte send 89 eoi 0
+5121.929533745: grid210x_device byte send 0e eoi 0
+5121.929586747: grid210x_device byte send 86 eoi 0
+5121.929637748: grid210x_device byte send 0a eoi 0
+5121.929691750: grid210x_device byte send 8c eoi 0
+5121.929743751: grid210x_device byte send 06 eoi 0
+5121.929795753: grid210x_device byte send 88 eoi 0
+5121.929847754: grid210x_device byte send 0a eoi 0
+5121.929901756: grid210x_device byte send c4 eoi 0
+5121.929956757: grid210x_device byte send 5e eoi 0
+5121.930098761: grid210x_device byte send 04 eoi 0
+5121.930303767: grid210x_device byte send 26 eoi 0
+5121.930369769: grid210x_device byte send 8b eoi 0
+5121.930426770: grid210x_device byte send 87 eoi 0
+5121.930482772: grid210x_device byte send 04 eoi 0
+5121.930537773: grid210x_device byte send 04 eoi 0
+5121.930590775: grid210x_device byte send 26 eoi 0
+5121.930642776: grid210x_device byte send 8b eoi 0
+5121.930696778: grid210x_device byte send 97 eoi 0
+5121.930747779: grid210x_device byte send 06 eoi 0
+5121.930800781: grid210x_device byte send 04 eoi 0
+5121.930855782: grid210x_device byte send 8b eoi 0
+5121.930906784: grid210x_device byte send 0e eoi 0
+5121.930960785: grid210x_device byte send 24 eoi 0
+5121.931010787: grid210x_device byte send 00 eoi 0
+5121.931065788: grid210x_device byte send bf eoi 0
+5121.931117790: grid210x_device byte send 00 eoi 0
+5121.931169791: grid210x_device byte send 00 eoi 0
+5121.931386797: grid210x_device byte send 9a eoi 0
+5121.931446799: grid210x_device byte send 00 eoi 0
+5121.931502801: grid210x_device byte send 00 eoi 0
+5121.931556802: grid210x_device byte send 7b eoi 0
+5121.931669805: grid210x_device byte send 20 eoi 0
+5121.931759808: grid210x_device byte send a3 eoi 0
+5121.931821809: grid210x_device byte send 7a eoi 0
+5121.931873811: grid210x_device byte send 0a eoi 0
+5121.931928812: grid210x_device byte send 3b eoi 0
+5121.931983814: grid210x_device byte send 06 eoi 0
+5121.932528829: grid210x_device byte send 76 eoi 0
+5121.932597831: grid210x_device byte send 0a eoi 0
+5121.932655833: grid210x_device byte send 73 eoi 0
+5121.932709834: grid210x_device byte send 0d eoi 0
+5121.932762836: grid210x_device byte send a3 eoi 0
+5121.932816837: grid210x_device byte send 7c eoi 0
+5121.932869839: grid210x_device byte send 0a eoi 0
+5121.932923840: grid210x_device byte send c4 eoi 0
+5121.932976842: grid210x_device byte send 1e eoi 0
+5121.933023843: grid210x_device byte send 86 eoi 1
+5121.933551858: grid210x_device byte recv 5f atn 1 eoi 0
+5121.933595859: grid210x_device now not talking
+5121.935811922: grid210x_device byte recv 25 atn 1 eoi 0
+5121.935860923: grid210x_device now listening
+5121.957285525: grid210x_device byte recv 14 atn 1 eoi 0
+5122.498728741: grid210x_device byte recv 26 atn 1 eoi 0
+5122.499928775: grid210x_device byte recv 01 atn 0 eoi 0
+5122.500089779: grid210x_device byte recv 00 atn 0 eoi 0
+5122.500168781: grid210x_device byte recv 00 atn 0 eoi 0
+5122.500243783: grid210x_device byte recv 00 atn 0 eoi 0
+5122.500312785: grid210x_device byte recv 00 atn 0 eoi 0
+5122.500380787: grid210x_device byte recv 00 atn 0 eoi 0
+5122.500446789: grid210x_device byte recv 00 atn 0 eoi 0
+5122.500518791: grid210x_device byte recv 34 atn 0 eoi 0
+5122.500587793: grid210x_device byte recv 00 atn 0 eoi 0
+5122.501674824: grid210x_device byte recv 20 atn 0 eoi 1
+5122.501759826: grid210x_device byte recv 3f atn 1 eoi 0
+5122.501938831: grid210x_device now not listening
+5122.501966832: grid210x_device command 1, data size 52, sector no 0
+5122.504022890: grid210x_device byte recv 46 atn 1 eoi 0
+5122.504068891: grid210x_device now not talking
+5127.635083974: grid210x_device byte recv 5f atn 1 eoi 0
+5127.635144975: grid210x_device now not talking
+5127.636473013: grid210x_device byte recv 14 atn 1 eoi 0
+5128.815480093: grid210x_device byte recv 14 atn 1 eoi 0
+5131.417010054: grid210x_device byte recv 14 atn 1 eoi 0
+5133.895807526: grid210x_device byte recv 25 atn 1 eoi 0
+5133.895869528: grid210x_device now listening
+5133.897000560: grid210x_device byte recv 01 atn 0 eoi 0
+5133.897089562: grid210x_device byte recv 00 atn 0 eoi 0
+5133.897161564: grid210x_device byte recv 00 atn 0 eoi 0
+5133.897229566: grid210x_device byte recv 00 atn 0 eoi 0
+5133.897296568: grid210x_device byte recv 00 atn 0 eoi 0
+5133.897365570: grid210x_device byte recv 00 atn 0 eoi 0
+5133.897434572: grid210x_device byte recv 00 atn 0 eoi 0
+5133.897635577: grid210x_device byte recv 34 atn 0 eoi 0
+5133.897721580: grid210x_device byte recv 00 atn 0 eoi 0
+5133.898801610: grid210x_device byte recv 00 atn 0 eoi 1
+5133.898884612: grid210x_device byte recv 3f atn 1 eoi 0
+5133.898911613: grid210x_device now not listening
+5133.898923613: grid210x_device command 1, data size 52, sector no 0
+5133.900829667: grid210x_device byte recv 45 atn 1 eoi 0
+5133.900883668: grid210x_device now talking
+5133.902031700: grid210x_device byte send 00 eoi 0
+5133.902483713: grid210x_device byte send 02 eoi 0
+5133.902541715: grid210x_device byte send f8 eoi 0
+5133.902596716: grid210x_device byte send 01 eoi 0
+5133.902648718: grid210x_device byte send d0 eoi 0
+5133.902702719: grid210x_device byte send 02 eoi 0
+5133.902755721: grid210x_device byte send 01 eoi 0
+5133.902960727: grid210x_device byte send 20 eoi 0
+5133.903018728: grid210x_device byte send 01 eoi 0
+5133.903073730: grid210x_device byte send 21 eoi 0
+5133.903125731: grid210x_device byte send 01 eoi 0
+5133.903180733: grid210x_device byte send 01 eoi 0
+5133.903233734: grid210x_device byte send 00 eoi 0
+5133.903285736: grid210x_device byte send 00 eoi 0
+5133.903338737: grid210x_device byte send 34 eoi 0
+5133.903389739: grid210x_device byte send 38 eoi 0
+5133.903441740: grid210x_device byte send 20 eoi 0
+5133.903492741: grid210x_device byte send 54 eoi 0
+5133.903544743: grid210x_device byte send 50 eoi 0
+5133.903597744: grid210x_device byte send 49 eoi 0
+5133.903649746: grid210x_device byte send 20 eoi 0
+5133.903702747: grid210x_device byte send 44 eoi 0
+5133.906796834: grid210x_device byte send 53 eoi 0
+5133.906868836: grid210x_device byte send 20 eoi 0
+5133.906921837: grid210x_device byte send 44 eoi 0
+5133.906977839: grid210x_device byte send 44 eoi 0
+5133.907028840: grid210x_device byte send 20 eoi 0
+5133.907080842: grid210x_device byte send 46 eoi 0
+5133.907132843: grid210x_device byte send 4c eoi 0
+5133.907186845: grid210x_device byte send 4f eoi 0
+5133.907237846: grid210x_device byte send 50 eoi 0
+5133.907289848: grid210x_device byte send 50 eoi 0
+5133.907342849: grid210x_device byte send 59 eoi 0
+5133.907394851: grid210x_device byte send 20 eoi 0
+5133.907445852: grid210x_device byte send 20 eoi 0
+5133.908023868: grid210x_device byte send 20 eoi 0
+5133.908145872: grid210x_device byte send 20 eoi 0
+5133.908207874: grid210x_device byte send 33 eoi 0
+5133.908263875: grid210x_device byte send 30 eoi 0
+5133.908316877: grid210x_device byte send 30 eoi 0
+5133.908367878: grid210x_device byte send 32 eoi 0
+5133.908419879: grid210x_device byte send 33 eoi 0
+5133.908472881: grid210x_device byte send 37 eoi 0
+5133.908524882: grid210x_device byte send 2d eoi 0
+5133.908576884: grid210x_device byte send 30 eoi 0
+5133.908627885: grid210x_device byte send 30 eoi 0
+5133.908681887: grid210x_device byte send 00 eoi 0
+5133.908737888: grid210x_device byte send 02 eoi 0
+5133.908789890: grid210x_device byte send 09 eoi 0
+5133.908843891: grid210x_device byte send 00 eoi 0
+5133.909064898: grid210x_device byte send 02 eoi 0
+5133.909130899: grid210x_device byte send 00 eoi 0
+5133.909188901: grid210x_device byte send 00 eoi 0
+5133.909241902: grid210x_device byte send 02 eoi 0
+5133.909293904: grid210x_device byte send f8 eoi 0
+5133.909347905: grid210x_device byte send 01 eoi 0
+5133.909399907: grid210x_device byte send d0 eoi 0
+5133.909450908: grid210x_device byte send 02 eoi 0
+5133.909503910: grid210x_device byte send 01 eoi 0
+5133.909558911: grid210x_device byte send 20 eoi 0
+5133.909610913: grid210x_device byte send 01 eoi 0
+5133.909662914: grid210x_device byte send 21 eoi 0
+5133.909714916: grid210x_device byte send 01 eoi 0
+5133.909767917: grid210x_device byte send 01 eoi 0
+5133.909822919: grid210x_device byte send 00 eoi 0
+5133.909874920: grid210x_device byte send 00 eoi 0
+5133.909927922: grid210x_device byte send 34 eoi 0
+5133.910205930: grid210x_device byte send 38 eoi 0
+5133.910265931: grid210x_device byte send 20 eoi 0
+5133.910318933: grid210x_device byte send 54 eoi 0
+5133.910371934: grid210x_device byte send 50 eoi 0
+5133.910422936: grid210x_device byte send 49 eoi 0
+5133.910476937: grid210x_device byte send 20 eoi 0
+5133.910526938: grid210x_device byte send 44 eoi 0
+5133.910579940: grid210x_device byte send 53 eoi 0
+5133.910631941: grid210x_device byte send 20 eoi 0
+5133.910683943: grid210x_device byte send 44 eoi 0
+5133.910735944: grid210x_device byte send 44 eoi 0
+5133.910786946: grid210x_device byte send 20 eoi 0
+5133.910838947: grid210x_device byte send 46 eoi 0
+5133.910889949: grid210x_device byte send 4c eoi 0
+5133.910941950: grid210x_device byte send 4f eoi 0
+5133.910992952: grid210x_device byte send 50 eoi 0
+5133.911044953: grid210x_device byte send 50 eoi 0
+5133.911269959: grid210x_device byte send 59 eoi 0
+5133.911331961: grid210x_device byte send 20 eoi 0
+5133.911384963: grid210x_device byte send 20 eoi 0
+5133.911439964: grid210x_device byte send 20 eoi 0
+5133.911491966: grid210x_device byte send 20 eoi 0
+5133.911544967: grid210x_device byte send 33 eoi 0
+5133.911597969: grid210x_device byte send 30 eoi 0
+5133.911649970: grid210x_device byte send 30 eoi 0
+5133.911702971: grid210x_device byte send 32 eoi 0
+5133.911755973: grid210x_device byte send 33 eoi 0
+5133.911808974: grid210x_device byte send 37 eoi 0
+5133.911859976: grid210x_device byte send 2d eoi 0
+5133.911911977: grid210x_device byte send 30 eoi 0
+5133.911963979: grid210x_device byte send 30 eoi 0
+5133.912015980: grid210x_device byte send 00 eoi 0
+5133.912072982: grid210x_device byte send 02 eoi 0
+5133.912125983: grid210x_device byte send 09 eoi 0
+5133.912630997: grid210x_device byte send 00 eoi 0
+5133.912698999: grid210x_device byte send 02 eoi 0
+5133.912750001: grid210x_device byte send 00 eoi 1
+5133.913413019: grid210x_device byte recv 5f atn 1 eoi 0
+5133.913460021: grid210x_device now not talking
+5133.916138096: grid210x_device byte recv 25 atn 1 eoi 0
+5133.916196097: grid210x_device now listening
+5133.917594137: grid210x_device byte recv 04 atn 0 eoi 0
+5133.917687139: grid210x_device byte recv 00 atn 0 eoi 0
+5133.917760141: grid210x_device byte recv 00 atn 0 eoi 0
+5133.917830143: grid210x_device byte recv 00 atn 0 eoi 0
+5133.917897145: grid210x_device byte recv 00 atn 0 eoi 0
+5133.917966147: grid210x_device byte recv 00 atn 0 eoi 0
+5133.918032149: grid210x_device byte recv 00 atn 0 eoi 0
+5133.918101151: grid210x_device byte recv 00 atn 0 eoi 0
+5133.918169153: grid210x_device byte recv 02 atn 0 eoi 0
+5133.919258183: grid210x_device byte recv 20 atn 0 eoi 1
+5133.919342185: grid210x_device byte recv 3f atn 1 eoi 0
+5133.919370186: grid210x_device now not listening
+5133.919383187: grid210x_device command 4, data size 512, sector no 0
+5133.920205210: grid210x_device byte recv 18 atn 1 eoi 0
+5133.920306212: grid210x_device byte recv 45 atn 1 eoi 0
+5133.920334213: grid210x_device now talking
+5133.920366214: grid210x_device byte send 4f eoi 0
+5133.920491218: grid210x_device byte recv 19 atn 1 eoi 0
+5133.920569220: grid210x_device byte recv 5f atn 1 eoi 0
+5133.920594221: grid210x_device now not talking
+5133.921928258: grid210x_device byte recv 45 atn 1 eoi 0
+5133.921976259: grid210x_device now talking
+5133.923394299: grid210x_device byte send 53 eoi 0
+5133.923990316: grid210x_device byte send 79 eoi 0
+5133.924099319: grid210x_device byte send 73 eoi 0
+5133.924161321: grid210x_device byte send 74 eoi 0
+5133.924220322: grid210x_device byte send 65 eoi 0
+5133.924273324: grid210x_device byte send 6d eoi 0
+5133.924327325: grid210x_device byte send 20 eoi 0
+5133.924379327: grid210x_device byte send 44 eoi 0
+5133.924434328: grid210x_device byte send 69 eoi 0
+5133.924485330: grid210x_device byte send 73 eoi 0
+5133.924537331: grid210x_device byte send 6b eoi 0
+5133.924589332: grid210x_device byte send 21 eoi 0
+5133.924642334: grid210x_device byte send 21 eoi 0
+5133.924694335: grid210x_device byte send 00 eoi 0
+5133.924749337: grid210x_device byte send 00 eoi 0
+5133.924804339: grid210x_device byte send 00 eoi 0
+5133.925006344: grid210x_device byte send 00 eoi 0
+5133.925082346: grid210x_device byte send 00 eoi 0
+5133.925140348: grid210x_device byte send 00 eoi 0
+5133.925196350: grid210x_device byte send 00 eoi 0
+5133.925250351: grid210x_device byte send 00 eoi 0
+5133.925304353: grid210x_device byte send 00 eoi 0
+5133.925358354: grid210x_device byte send 00 eoi 0
+5133.925410356: grid210x_device byte send 00 eoi 0
+5133.925462357: grid210x_device byte send 00 eoi 0
+5133.925515358: grid210x_device byte send 00 eoi 0
+5133.925569360: grid210x_device byte send 00 eoi 0
+5133.925621361: grid210x_device byte send 00 eoi 0
+5133.925673363: grid210x_device byte send 00 eoi 0
+5133.925728364: grid210x_device byte send 00 eoi 0
+5133.925781366: grid210x_device byte send 00 eoi 0
+5133.925836367: grid210x_device byte send 00 eoi 0
+5133.925888369: grid210x_device byte send 00 eoi 0
+5133.926074374: grid210x_device byte send 00 eoi 0
+5133.926142376: grid210x_device byte send 00 eoi 0
+5133.926199378: grid210x_device byte send 00 eoi 0
+5133.926252379: grid210x_device byte send 00 eoi 0
+5133.926305381: grid210x_device byte send 00 eoi 0
+5133.926356382: grid210x_device byte send 00 eoi 0
+5133.926408383: grid210x_device byte send 00 eoi 0
+5133.926463385: grid210x_device byte send 00 eoi 0
+5133.926517387: grid210x_device byte send 00 eoi 0
+5133.926570388: grid210x_device byte send 00 eoi 0
+5133.926623389: grid210x_device byte send 00 eoi 0
+5133.926678391: grid210x_device byte send 00 eoi 0
+5133.926730392: grid210x_device byte send 00 eoi 0
+5133.926781394: grid210x_device byte send 00 eoi 0
+5133.926834395: grid210x_device byte send 00 eoi 0
+5133.927406411: grid210x_device byte send 00 eoi 0
+5133.927472413: grid210x_device byte send 00 eoi 0
+5133.927526415: grid210x_device byte send 00 eoi 0
+5133.927580416: grid210x_device byte send 00 eoi 0
+5133.927633418: grid210x_device byte send 00 eoi 0
+5133.927687419: grid210x_device byte send 00 eoi 0
+5133.927739421: grid210x_device byte send 00 eoi 0
+5133.927792422: grid210x_device byte send 00 eoi 0
+5133.927846424: grid210x_device byte send 00 eoi 0
+5133.927898425: grid210x_device byte send 00 eoi 0
+5133.927951427: grid210x_device byte send 00 eoi 0
+5133.928003428: grid210x_device byte send 00 eoi 0
+5133.928057430: grid210x_device byte send 00 eoi 0
+5133.928287436: grid210x_device byte send 00 eoi 0
+5133.928366438: grid210x_device byte send 00 eoi 0
+5133.928422440: grid210x_device byte send 00 eoi 0
+5133.928478441: grid210x_device byte send 00 eoi 0
+5133.928532443: grid210x_device byte send 00 eoi 0
+5133.928586444: grid210x_device byte send 00 eoi 0
+5133.928638446: grid210x_device byte send 00 eoi 0
+5133.928692447: grid210x_device byte send 00 eoi 0
+5133.928745449: grid210x_device byte send 00 eoi 0
+5133.928797450: grid210x_device byte send 00 eoi 0
+5133.928851452: grid210x_device byte send 00 eoi 0
+5133.928904453: grid210x_device byte send 00 eoi 0
+5133.928958455: grid210x_device byte send 00 eoi 0
+5133.929009456: grid210x_device byte send 00 eoi 0
+5133.929063458: grid210x_device byte send 00 eoi 0
+5133.929116459: grid210x_device byte send 00 eoi 0
+5133.929168461: grid210x_device byte send 00 eoi 0
+5133.929354466: grid210x_device byte send 00 eoi 0
+5133.929421468: grid210x_device byte send 00 eoi 0
+5133.929479470: grid210x_device byte send 00 eoi 0
+5133.929534471: grid210x_device byte send 00 eoi 0
+5133.929588473: grid210x_device byte send 00 eoi 0
+5133.929640474: grid210x_device byte send 00 eoi 0
+5133.929694476: grid210x_device byte send 00 eoi 0
+5133.929747477: grid210x_device byte send 00 eoi 0
+5133.929799478: grid210x_device byte send 00 eoi 0
+5133.929854480: grid210x_device byte send 00 eoi 0
+5133.929905481: grid210x_device byte send 00 eoi 0
+5133.929959483: grid210x_device byte send 00 eoi 0
+5133.930086487: grid210x_device byte send 00 eoi 0
+5133.930151488: grid210x_device byte send 00 eoi 0
+5133.930207490: grid210x_device byte send 00 eoi 0
+5133.930397495: grid210x_device byte send 00 eoi 0
+5133.930468497: grid210x_device byte send 00 eoi 0
+5133.930524499: grid210x_device byte send 00 eoi 0
+5133.930581500: grid210x_device byte send 00 eoi 0
+5133.930634502: grid210x_device byte send 00 eoi 0
+5133.930689503: grid210x_device byte send 00 eoi 0
+5133.930740505: grid210x_device byte send 00 eoi 0
+5133.930792506: grid210x_device byte send 00 eoi 0
+5133.930846508: grid210x_device byte send 00 eoi 0
+5133.930898509: grid210x_device byte send 00 eoi 0
+5133.930952511: grid210x_device byte send 00 eoi 0
+5133.931004512: grid210x_device byte send 00 eoi 0
+5133.931058514: grid210x_device byte send 00 eoi 0
+5133.931111515: grid210x_device byte send 00 eoi 0
+5133.931162517: grid210x_device byte send 00 eoi 0
+5133.931216518: grid210x_device byte send 00 eoi 0
+5133.931268520: grid210x_device byte send 00 eoi 0
+5133.931453525: grid210x_device byte send 00 eoi 0
+5133.931525527: grid210x_device byte send 00 eoi 0
+5133.931583528: grid210x_device byte send 00 eoi 0
+5133.931637530: grid210x_device byte send 00 eoi 0
+5133.931693532: grid210x_device byte send 00 eoi 0
+5133.931749533: grid210x_device byte send 00 eoi 0
+5133.931803535: grid210x_device byte send 00 eoi 0
+5133.931857536: grid210x_device byte send 00 eoi 0
+5133.931909538: grid210x_device byte send 00 eoi 0
+5133.932022541: grid210x_device byte send 00 eoi 0
+5133.932122544: grid210x_device byte send 00 eoi 0
+5133.932184545: grid210x_device byte send 00 eoi 0
+5133.932240547: grid210x_device byte send 00 eoi 0
+5133.932294548: grid210x_device byte send 00 eoi 0
+5133.932347550: grid210x_device byte send 00 eoi 0
+5133.932574556: grid210x_device byte send 00 eoi 0
+5133.932638558: grid210x_device byte send 00 eoi 0
+5133.932999568: grid210x_device byte send 00 eoi 0
+5133.933063570: grid210x_device byte send 00 eoi 0
+5133.933118571: grid210x_device byte send 00 eoi 0
+5133.933170573: grid210x_device byte send 00 eoi 0
+5133.933228575: grid210x_device byte send 00 eoi 0
+5133.933280576: grid210x_device byte send 00 eoi 0
+5133.933334578: grid210x_device byte send 00 eoi 0
+5133.933386579: grid210x_device byte send 00 eoi 0
+5133.933618585: grid210x_device byte send 00 eoi 0
+5133.933695588: grid210x_device byte send 00 eoi 0
+5133.933752589: grid210x_device byte send 00 eoi 0
+5133.933896593: grid210x_device byte send 00 eoi 0
+5133.933952595: grid210x_device byte send 00 eoi 0
+5133.934005596: grid210x_device byte send 00 eoi 0
+5133.934059598: grid210x_device byte send 00 eoi 0
+5133.934111599: grid210x_device byte send 00 eoi 0
+5133.934164601: grid210x_device byte send 00 eoi 0
+5133.934218602: grid210x_device byte send 00 eoi 0
+5133.934271604: grid210x_device byte send 00 eoi 0
+5133.934323605: grid210x_device byte send 00 eoi 0
+5133.934376607: grid210x_device byte send 00 eoi 0
+5133.934429608: grid210x_device byte send 00 eoi 0
+5133.934482610: grid210x_device byte send 00 eoi 0
+5133.934533611: grid210x_device byte send 00 eoi 0
+5133.934743617: grid210x_device byte send 00 eoi 0
+5133.934805619: grid210x_device byte send 00 eoi 0
+5133.934860620: grid210x_device byte send 00 eoi 0
+5133.934914622: grid210x_device byte send 00 eoi 0
+5133.934968623: grid210x_device byte send 00 eoi 0
+5133.935021625: grid210x_device byte send 00 eoi 0
+5133.935075626: grid210x_device byte send 00 eoi 0
+5133.935127628: grid210x_device byte send 00 eoi 0
+5133.935181629: grid210x_device byte send 00 eoi 0
+5133.935234631: grid210x_device byte send 00 eoi 0
+5133.935285632: grid210x_device byte send 00 eoi 0
+5133.935339634: grid210x_device byte send 00 eoi 0
+5133.935392635: grid210x_device byte send 00 eoi 0
+5133.935446637: grid210x_device byte send 00 eoi 0
+5133.935499638: grid210x_device byte send 00 eoi 0
+5133.935553640: grid210x_device byte send 00 eoi 0
+5133.935736645: grid210x_device byte send 00 eoi 0
+5133.935813647: grid210x_device byte send 00 eoi 0
+5133.935871649: grid210x_device byte send 00 eoi 0
+5133.935928650: grid210x_device byte send 00 eoi 0
+5133.935983652: grid210x_device byte send 00 eoi 0
+5133.936035653: grid210x_device byte send 00 eoi 0
+5133.936087655: grid210x_device byte send 00 eoi 0
+5133.936140656: grid210x_device byte send 00 eoi 0
+5133.936195658: grid210x_device byte send 00 eoi 0
+5133.936247659: grid210x_device byte send 00 eoi 0
+5133.936299661: grid210x_device byte send 00 eoi 0
+5133.936353662: grid210x_device byte send 00 eoi 0
+5133.936406664: grid210x_device byte send 00 eoi 0
+5133.936460665: grid210x_device byte send 00 eoi 0
+5133.936512667: grid210x_device byte send 00 eoi 0
+5133.936565668: grid210x_device byte send 00 eoi 0
+5133.936617670: grid210x_device byte send 00 eoi 0
+5133.936793674: grid210x_device byte send 00 eoi 0
+5133.936865676: grid210x_device byte send 00 eoi 0
+5133.936923678: grid210x_device byte send 00 eoi 0
+5133.936982680: grid210x_device byte send 00 eoi 0
+5133.937035681: grid210x_device byte send 00 eoi 0
+5133.937087683: grid210x_device byte send 00 eoi 0
+5133.937140684: grid210x_device byte send 00 eoi 0
+5133.937195686: grid210x_device byte send 00 eoi 0
+5133.937248687: grid210x_device byte send 00 eoi 0
+5133.937303689: grid210x_device byte send 00 eoi 0
+5133.937355690: grid210x_device byte send 00 eoi 0
+5133.937406692: grid210x_device byte send 00 eoi 0
+5133.937458693: grid210x_device byte send 00 eoi 0
+5133.937510695: grid210x_device byte send 00 eoi 0
+5133.937564696: grid210x_device byte send 00 eoi 0
+5133.937617698: grid210x_device byte send 00 eoi 0
+5133.937669699: grid210x_device byte send 00 eoi 0
+5133.937870705: grid210x_device byte send 00 eoi 0
+5133.937946707: grid210x_device byte send 00 eoi 0
+5133.938001708: grid210x_device byte send 00 eoi 0
+5133.938055710: grid210x_device byte send 00 eoi 0
+5133.938377719: grid210x_device byte send 00 eoi 0
+5133.938442721: grid210x_device byte send 00 eoi 0
+5133.938497722: grid210x_device byte send 00 eoi 0
+5133.938553724: grid210x_device byte send 00 eoi 0
+5133.938607725: grid210x_device byte send 00 eoi 0
+5133.938658727: grid210x_device byte send 00 eoi 0
+5133.938712728: grid210x_device byte send 00 eoi 0
+5133.938764730: grid210x_device byte send 00 eoi 0
+5133.939020737: grid210x_device byte send 00 eoi 0
+5133.939086739: grid210x_device byte send 00 eoi 0
+5133.939141740: grid210x_device byte send 00 eoi 0
+5133.939197742: grid210x_device byte send 00 eoi 0
+5133.939250743: grid210x_device byte send 00 eoi 0
+5133.939303745: grid210x_device byte send 00 eoi 0
+5133.939355746: grid210x_device byte send 00 eoi 0
+5133.939407748: grid210x_device byte send 00 eoi 0
+5133.939461749: grid210x_device byte send 00 eoi 0
+5133.939514751: grid210x_device byte send 00 eoi 0
+5133.939568752: grid210x_device byte send 00 eoi 0
+5133.939621754: grid210x_device byte send 00 eoi 0
+5133.939673755: grid210x_device byte send 00 eoi 0
+5133.939726757: grid210x_device byte send 00 eoi 0
+5133.939777758: grid210x_device byte send 00 eoi 0
+5133.939830760: grid210x_device byte send 00 eoi 0
+5133.940173769: grid210x_device byte send 00 eoi 0
+5133.940260772: grid210x_device byte send 00 eoi 0
+5133.940318773: grid210x_device byte send 00 eoi 0
+5133.940372775: grid210x_device byte send 00 eoi 0
+5133.940428776: grid210x_device byte send 00 eoi 0
+5133.940480778: grid210x_device byte send 00 eoi 0
+5133.940533779: grid210x_device byte send 00 eoi 0
+5133.940588781: grid210x_device byte send 00 eoi 0
+5133.940640782: grid210x_device byte send 00 eoi 0
+5133.940694784: grid210x_device byte send 00 eoi 0
+5133.940747785: grid210x_device byte send 00 eoi 0
+5133.940799787: grid210x_device byte send 00 eoi 0
+5133.940853788: grid210x_device byte send 00 eoi 0
+5133.940906790: grid210x_device byte send 00 eoi 0
+5133.940958791: grid210x_device byte send 00 eoi 0
+5133.941010793: grid210x_device byte send 00 eoi 0
+5133.941064794: grid210x_device byte send 00 eoi 0
+5133.941273800: grid210x_device byte send 00 eoi 0
+5133.941343802: grid210x_device byte send 00 eoi 0
+5133.941400804: grid210x_device byte send 00 eoi 0
+5133.941456805: grid210x_device byte send 00 eoi 0
+5133.941509807: grid210x_device byte send 00 eoi 0
+5133.941576808: grid210x_device byte send 00 eoi 0
+5133.941632810: grid210x_device byte send 00 eoi 0
+5133.941686812: grid210x_device byte send 00 eoi 0
+5133.941739813: grid210x_device byte send 00 eoi 0
+5133.941791814: grid210x_device byte send 00 eoi 0
+5133.941844816: grid210x_device byte send 00 eoi 0
+5133.941896817: grid210x_device byte send 00 eoi 0
+5133.941948819: grid210x_device byte send 00 eoi 0
+5133.942000820: grid210x_device byte send 00 eoi 0
+5133.942053822: grid210x_device byte send 00 eoi 0
+5133.942106823: grid210x_device byte send 00 eoi 0
+5133.942157825: grid210x_device byte send 00 eoi 0
+5133.942395831: grid210x_device byte send 00 eoi 0
+5133.942458833: grid210x_device byte send 00 eoi 0
+5133.942513835: grid210x_device byte send 00 eoi 0
+5133.942567836: grid210x_device byte send 00 eoi 0
+5133.942620838: grid210x_device byte send 00 eoi 0
+5133.942672839: grid210x_device byte send 00 eoi 0
+5133.942728841: grid210x_device byte send 00 eoi 0
+5133.942780842: grid210x_device byte send 00 eoi 0
+5133.942834844: grid210x_device byte send 00 eoi 0
+5133.942887845: grid210x_device byte send 00 eoi 0
+5133.942942847: grid210x_device byte send 00 eoi 0
+5133.942995848: grid210x_device byte send 00 eoi 0
+5133.943046850: grid210x_device byte send 00 eoi 0
+5133.943100851: grid210x_device byte send 00 eoi 0
+5133.943152853: grid210x_device byte send 00 eoi 0
+5133.943206854: grid210x_device byte send 00 eoi 0
+5133.943393859: grid210x_device byte send 00 eoi 0
+5133.943468861: grid210x_device byte send 00 eoi 0
+5133.943523863: grid210x_device byte send 00 eoi 0
+5133.943579865: grid210x_device byte send 00 eoi 0
+5133.943631866: grid210x_device byte send 00 eoi 0
+5133.943991876: grid210x_device byte send 00 eoi 0
+5133.944056878: grid210x_device byte send 00 eoi 0
+5133.944111879: grid210x_device byte send 00 eoi 0
+5133.944164881: grid210x_device byte send 00 eoi 0
+5133.944219883: grid210x_device byte send 00 eoi 0
+5133.944273884: grid210x_device byte send 00 eoi 0
+5133.944512891: grid210x_device byte send 00 eoi 0
+5133.944583893: grid210x_device byte send 00 eoi 0
+5133.944639894: grid210x_device byte send 00 eoi 0
+5133.944694896: grid210x_device byte send 00 eoi 0
+5133.944748897: grid210x_device byte send 00 eoi 0
+5133.944802899: grid210x_device byte send 00 eoi 0
+5133.944855900: grid210x_device byte send 00 eoi 0
+5133.944907902: grid210x_device byte send 00 eoi 0
+5133.944961903: grid210x_device byte send 00 eoi 0
+5133.945014905: grid210x_device byte send 00 eoi 0
+5133.945067906: grid210x_device byte send 00 eoi 0
+5133.945121908: grid210x_device byte send 00 eoi 0
+5133.945174909: grid210x_device byte send 00 eoi 0
+5133.945229911: grid210x_device byte send 00 eoi 0
+5133.945280912: grid210x_device byte send 00 eoi 0
+5133.945332914: grid210x_device byte send 00 eoi 0
+5133.945384915: grid210x_device byte send 00 eoi 0
+5133.945580921: grid210x_device byte send 00 eoi 0
+5133.945648923: grid210x_device byte send 00 eoi 0
+5133.945704924: grid210x_device byte send 00 eoi 0
+5133.945759926: grid210x_device byte send 00 eoi 0
+5133.945813927: grid210x_device byte send 00 eoi 0
+5133.945865929: grid210x_device byte send 00 eoi 0
+5133.945918930: grid210x_device byte send 00 eoi 0
+5133.945972932: grid210x_device byte send 00 eoi 0
+5133.946024933: grid210x_device byte send 00 eoi 0
+5133.946078935: grid210x_device byte send 00 eoi 0
+5133.946130936: grid210x_device byte send 00 eoi 0
+5133.946186938: grid210x_device byte send 00 eoi 0
+5133.946238939: grid210x_device byte send 00 eoi 0
+5133.946290941: grid210x_device byte send 00 eoi 0
+5133.946343942: grid210x_device byte send 00 eoi 0
+5133.946396944: grid210x_device byte send 00 eoi 0
+5133.946448945: grid210x_device byte send 00 eoi 0
+5133.946635950: grid210x_device byte send 00 eoi 0
+5133.946704952: grid210x_device byte send 00 eoi 0
+5133.946760954: grid210x_device byte send 00 eoi 0
+5133.946816955: grid210x_device byte send 00 eoi 0
+5133.946870957: grid210x_device byte send 00 eoi 0
+5133.946923958: grid210x_device byte send 00 eoi 0
+5133.946976960: grid210x_device byte send 00 eoi 0
+5133.947028961: grid210x_device byte send 00 eoi 0
+5133.947082963: grid210x_device byte send 00 eoi 0
+5133.947134964: grid210x_device byte send 00 eoi 0
+5133.947189966: grid210x_device byte send 00 eoi 0
+5133.947241967: grid210x_device byte send 00 eoi 0
+5133.947293969: grid210x_device byte send 00 eoi 0
+5133.947348970: grid210x_device byte send 00 eoi 0
+5133.947401972: grid210x_device byte send 00 eoi 0
+5133.947456973: grid210x_device byte send 00 eoi 0
+5133.947509975: grid210x_device byte send 00 eoi 0
+5133.947733981: grid210x_device byte send 00 eoi 0
+5133.947794983: grid210x_device byte send 00 eoi 0
+5133.947849984: grid210x_device byte send 00 eoi 0
+5133.947902986: grid210x_device byte send 00 eoi 0
+5133.948015989: grid210x_device byte send 00 eoi 0
+5133.948112992: grid210x_device byte send 00 eoi 0
+5133.948173993: grid210x_device byte send 00 eoi 0
+5133.948230995: grid210x_device byte send 00 eoi 0
+5133.948283996: grid210x_device byte send 00 eoi 0
+5133.948336998: grid210x_device byte send 00 eoi 0
+5133.948389999: grid210x_device byte send 00 eoi 0
+5133.948443001: grid210x_device byte send 00 eoi 0
+5133.948494002: grid210x_device byte send 00 eoi 0
+5133.948546004: grid210x_device byte send 00 eoi 0
+5133.948744009: grid210x_device byte send 00 eoi 0
+5133.948818011: grid210x_device byte send 00 eoi 0
+5133.948875013: grid210x_device byte send 00 eoi 0
+5133.948930014: grid210x_device byte send 00 eoi 0
+5133.948983016: grid210x_device byte send 00 eoi 0
+5133.949035017: grid210x_device byte send 00 eoi 0
+5133.949090019: grid210x_device byte send 00 eoi 0
+5133.949142020: grid210x_device byte send 00 eoi 0
+5133.949461029: grid210x_device byte send 00 eoi 0
+5133.949526031: grid210x_device byte send 00 eoi 0
+5133.949582033: grid210x_device byte send 00 eoi 0
+5133.949636034: grid210x_device byte send 00 eoi 0
+5133.949875041: grid210x_device byte send 00 eoi 0
+5133.949946043: grid210x_device byte send 00 eoi 0
+5133.950070046: grid210x_device byte send 00 eoi 0
+5133.950139048: grid210x_device byte send 00 eoi 0
+5133.950197050: grid210x_device byte send 00 eoi 0
+5133.950340054: grid210x_device byte send 00 eoi 0
+5133.950394055: grid210x_device byte send 00 eoi 0
+5133.950448057: grid210x_device byte send 00 eoi 0
+5133.950500058: grid210x_device byte send 00 eoi 0
+5133.950553060: grid210x_device byte send 00 eoi 0
+5133.950605061: grid210x_device byte send 00 eoi 0
+5133.950658063: grid210x_device byte send 00 eoi 0
+5133.950712064: grid210x_device byte send 00 eoi 0
+5133.950907070: grid210x_device byte send 00 eoi 0
+5133.950978072: grid210x_device byte send 00 eoi 0
+5133.951033073: grid210x_device byte send 00 eoi 0
+5133.951089075: grid210x_device byte send 00 eoi 0
+5133.951143076: grid210x_device byte send 00 eoi 0
+5133.951196078: grid210x_device byte send 00 eoi 0
+5133.951250079: grid210x_device byte send 00 eoi 0
+5133.951304081: grid210x_device byte send 00 eoi 0
+5133.951356082: grid210x_device byte send 00 eoi 0
+5133.951409084: grid210x_device byte send 00 eoi 0
+5133.951463085: grid210x_device byte send 00 eoi 0
+5133.951516087: grid210x_device byte send 00 eoi 0
+5133.951569088: grid210x_device byte send 00 eoi 0
+5133.951622090: grid210x_device byte send 00 eoi 0
+5133.951674091: grid210x_device byte send 00 eoi 0
+5133.951729093: grid210x_device byte send 00 eoi 0
+5133.951782094: grid210x_device byte send 00 eoi 0
+5133.951972100: grid210x_device byte send 00 eoi 0
+5133.952043102: grid210x_device byte send 00 eoi 0
+5133.952100103: grid210x_device byte send 00 eoi 0
+5133.952154105: grid210x_device byte send 00 eoi 0
+5133.952209106: grid210x_device byte send 00 eoi 0
+5133.952263108: grid210x_device byte send 00 eoi 0
+5133.952318109: grid210x_device byte send 00 eoi 0
+5133.952371111: grid210x_device byte send 00 eoi 0
+5133.952424112: grid210x_device byte send 00 eoi 0
+5133.952478114: grid210x_device byte send 00 eoi 0
+5133.952529115: grid210x_device byte send 00 eoi 0
+5133.952581117: grid210x_device byte send 00 eoi 0
+5133.952634118: grid210x_device byte send 00 eoi 0
+5133.952691120: grid210x_device byte send 00 eoi 0
+5133.952744121: grid210x_device byte send 00 eoi 0
+5133.952797123: grid210x_device byte send 00 eoi 0
+5133.952851124: grid210x_device byte send 00 eoi 0
+5133.953058130: grid210x_device byte send 00 eoi 0
+5133.953123132: grid210x_device byte send 00 eoi 0
+5133.953180134: grid210x_device byte send 00 eoi 0
+5133.953234135: grid210x_device byte send 00 eoi 0
+5133.953287137: grid210x_device byte send 00 eoi 0
+5133.953340138: grid210x_device byte send 00 eoi 0
+5133.953394140: grid210x_device byte send 00 eoi 0
+5133.953445141: grid210x_device byte send 00 eoi 0
+5133.953498142: grid210x_device byte send 00 eoi 0
+5133.953550144: grid210x_device byte send 00 eoi 0
+5133.953605145: grid210x_device byte send 00 eoi 0
+5133.953658147: grid210x_device byte send 00 eoi 0
+5133.953712148: grid210x_device byte send 00 eoi 0
+5133.953766150: grid210x_device byte send 00 eoi 0
+5133.953820151: grid210x_device byte send 00 eoi 0
+5133.953872153: grid210x_device byte send 00 eoi 0
+5133.953923154: grid210x_device byte send 00 eoi 0
+5133.954119160: grid210x_device byte send 00 eoi 0
+5133.954180162: grid210x_device byte send 00 eoi 0
+5133.954235163: grid210x_device byte send 00 eoi 0
+5133.954290165: grid210x_device byte send 00 eoi 0
+5133.954345166: grid210x_device byte send 00 eoi 0
+5133.954398168: grid210x_device byte send 00 eoi 0
+5133.954452169: grid210x_device byte send 00 eoi 0
+5133.954504171: grid210x_device byte send 00 eoi 0
+5133.954555172: grid210x_device byte send 00 eoi 0
+5133.954608174: grid210x_device byte send 00 eoi 0
+5133.954660175: grid210x_device byte send 00 eoi 0
+5133.955214191: grid210x_device byte send 00 eoi 0
+5133.955288193: grid210x_device byte send 00 eoi 0
+5133.955346194: grid210x_device byte send 00 eoi 0
+5133.955400196: grid210x_device byte send 00 eoi 0
+5133.955452197: grid210x_device byte send 00 eoi 0
+5133.955504199: grid210x_device byte send 00 eoi 0
+5133.955558200: grid210x_device byte send 00 eoi 0
+5133.955611202: grid210x_device byte send 00 eoi 0
+5133.955664203: grid210x_device byte send 00 eoi 0
+5133.955718205: grid210x_device byte send 00 eoi 0
+5133.955772206: grid210x_device byte send 00 eoi 0
+5133.955824208: grid210x_device byte send 00 eoi 0
+5133.955876209: grid210x_device byte send 00 eoi 0
+5133.955982212: grid210x_device byte send 00 eoi 0
+5133.956046214: grid210x_device byte send 00 eoi 0
+5133.956288221: grid210x_device byte send 00 eoi 0
+5133.956352222: grid210x_device byte send 00 eoi 0
+5133.956407224: grid210x_device byte send 00 eoi 0
+5133.956463226: grid210x_device byte send 00 eoi 0
+5133.956515227: grid210x_device byte send 00 eoi 0
+5133.956568228: grid210x_device byte send 00 eoi 0
+5133.956620230: grid210x_device byte send 00 eoi 0
+5133.956671231: grid210x_device byte send 00 eoi 0
+5133.956727233: grid210x_device byte send 00 eoi 0
+5133.956780234: grid210x_device byte send 00 eoi 0
+5133.956834236: grid210x_device byte send 00 eoi 0
+5133.956887237: grid210x_device byte send 00 eoi 0
+5133.956943239: grid210x_device byte send 00 eoi 0
+5133.956995240: grid210x_device byte send 00 eoi 0
+5133.957046242: grid210x_device byte send 00 eoi 0
+5133.957102243: grid210x_device byte send 00 eoi 0
+5133.957303249: grid210x_device byte send 00 eoi 0
+5133.957379251: grid210x_device byte send 00 eoi 0
+5133.957437253: grid210x_device byte send 00 eoi 0
+5133.957491254: grid210x_device byte send 00 eoi 0
+5133.957544256: grid210x_device byte send 00 eoi 0
+5133.957599257: grid210x_device byte send 00 eoi 0
+5133.957651259: grid210x_device byte send 00 eoi 0
+5133.957705260: grid210x_device byte send 00 eoi 0
+5133.957759262: grid210x_device byte send 00 eoi 0
+5133.957812263: grid210x_device byte send 00 eoi 0
+5133.957865265: grid210x_device byte send 00 eoi 0
+5133.957919266: grid210x_device byte send 00 eoi 0
+5133.957974268: grid210x_device byte send 00 eoi 0
+5133.958026269: grid210x_device byte send 00 eoi 0
+5133.958078271: grid210x_device byte send 00 eoi 0
+5133.958130272: grid210x_device byte send 00 eoi 0
+5133.958183274: grid210x_device byte send 00 eoi 0
+5133.958386279: grid210x_device byte send 00 eoi 0
+5133.958461282: grid210x_device byte send 00 eoi 0
+5133.958517283: grid210x_device byte send 00 eoi 0
+5133.958573285: grid210x_device byte send 00 eoi 0
+5133.958627286: grid210x_device byte send 00 eoi 0
+5133.958680288: grid210x_device byte send 00 eoi 0
+5133.958733289: grid210x_device byte send 00 eoi 0
+5133.958785291: grid210x_device byte send 00 eoi 0
+5133.958840292: grid210x_device byte send 00 eoi 0
+5133.958893294: grid210x_device byte send 00 eoi 0
+5133.958946295: grid210x_device byte send 00 eoi 0
+5133.958999297: grid210x_device byte send 00 eoi 0
+5133.959053298: grid210x_device byte send 00 eoi 0
+5133.959105300: grid210x_device byte send 00 eoi 0
+5133.959157301: grid210x_device byte send 00 eoi 0
+5133.959211303: grid210x_device byte send 00 eoi 0
+5133.959264304: grid210x_device byte send 00 eoi 0
+5133.959456309: grid210x_device byte send 00 eoi 0
+5133.959524311: grid210x_device byte send 00 eoi 0
+5133.959580313: grid210x_device byte send 00 eoi 0
+5133.959633314: grid210x_device byte send 00 eoi 0
+5133.959683316: grid210x_device byte send 00 eoi 1
+5133.960156329: grid210x_device byte recv 5f atn 1 eoi 0
+5133.960197330: grid210x_device now not talking
+5133.962662399: grid210x_device byte recv 25 atn 1 eoi 0
+5133.962710401: grid210x_device now listening
+5133.964135441: grid210x_device byte recv 04 atn 0 eoi 0
+5133.964237443: grid210x_device byte recv 00 atn 0 eoi 0
+5133.964309445: grid210x_device byte recv 00 atn 0 eoi 0
+5133.964375447: grid210x_device byte recv 01 atn 0 eoi 0
+5133.964950463: grid210x_device byte recv 00 atn 0 eoi 0
+5133.965029466: grid210x_device byte recv 00 atn 0 eoi 0
+5133.965099468: grid210x_device byte recv 00 atn 0 eoi 0
+5133.965167469: grid210x_device byte recv 00 atn 0 eoi 0
+5133.965237471: grid210x_device byte recv 02 atn 0 eoi 0
+5133.966329502: grid210x_device byte recv 20 atn 0 eoi 1
+5133.966417504: grid210x_device byte recv 3f atn 1 eoi 0
+5133.966447505: grid210x_device now not listening
+5133.966460506: grid210x_device command 4, data size 512, sector no 1
+5133.967972548: grid210x_device byte recv 18 atn 1 eoi 0
+5133.968083551: grid210x_device byte recv 45 atn 1 eoi 0
+5133.968112552: grid210x_device now talking
+5133.968143553: grid210x_device byte send 4f eoi 0
+5133.968265556: grid210x_device byte recv 19 atn 1 eoi 0
+5133.968345558: grid210x_device byte recv 5f atn 1 eoi 0
+5133.968370559: grid210x_device now not talking
+5133.969700596: grid210x_device byte recv 45 atn 1 eoi 0
+5133.969746598: grid210x_device now talking
+5133.970927631: grid210x_device byte send 9a eoi 0
+5133.971375643: grid210x_device byte send 42 eoi 0
+5133.971446645: grid210x_device byte send 07 eoi 0
+5133.971507647: grid210x_device byte send 01 eoi 0
+5133.971563649: grid210x_device byte send 20 eoi 0
+5133.971614650: grid210x_device byte send 55 eoi 0
+5133.971665651: grid210x_device byte send b8 eoi 0
+5133.971717653: grid210x_device byte send 80 eoi 0
+5133.971767654: grid210x_device byte send 20 eoi 0
+5133.971818656: grid210x_device byte send 8e eoi 0
+5133.971870657: grid210x_device byte send d8 eoi 0
+5133.971921659: grid210x_device byte send bb eoi 0
+5133.972037662: grid210x_device byte send 08 eoi 0
+5133.972275669: grid210x_device byte send 00 eoi 0
+5133.972347671: grid210x_device byte send 58 eoi 0
+5133.972404672: grid210x_device byte send 59 eoi 0
+5133.972457674: grid210x_device byte send 89 eoi 0
+5133.972510675: grid210x_device byte send 0f eoi 0
+5133.972564677: grid210x_device byte send 89 eoi 0
+5133.972616678: grid210x_device byte send 47 eoi 0
+5133.972667680: grid210x_device byte send 02 eoi 0
+5133.972721681: grid210x_device byte send eb eoi 0
+5133.972774683: grid210x_device byte send e9 eoi 0
+5133.972825684: grid210x_device byte send 55 eoi 0
+5133.972876685: grid210x_device byte send 43 eoi 0
+5133.972930687: grid210x_device byte send 61 eoi 0
+5133.972981688: grid210x_device byte send 6e eoi 0
+5133.973032690: grid210x_device byte send 6e eoi 0
+5133.973083691: grid210x_device byte send 6f eoi 0
+5133.973134693: grid210x_device byte send 74 eoi 0
+5133.973316698: grid210x_device byte send 20 eoi 0
+5133.973385700: grid210x_device byte send 62 eoi 0
+5133.973441701: grid210x_device byte send 6f eoi 0
+5133.973493703: grid210x_device byte send 6f eoi 0
+5133.973543704: grid210x_device byte send 74 eoi 0
+5133.973596706: grid210x_device byte send 3a eoi 0
+5133.973649707: grid210x_device byte send 20 eoi 0
+5133.973702709: grid210x_device byte send 4d eoi 0
+5133.973754710: grid210x_device byte send 65 eoi 0
+5133.973805711: grid210x_device byte send 64 eoi 0
+5133.973858713: grid210x_device byte send 69 eoi 0
+5133.973908714: grid210x_device byte send 75 eoi 0
+5133.973960716: grid210x_device byte send 6d eoi 0
+5133.974012717: grid210x_device byte send 20 eoi 0
+5133.974064719: grid210x_device byte send 65 eoi 0
+5133.974115720: grid210x_device byte send 72 eoi 0
+5133.974165722: grid210x_device byte send 72 eoi 0
+5133.974219723: grid210x_device byte send 6f eoi 0
+5133.974440729: grid210x_device byte send 72 eoi 0
+5133.974500731: grid210x_device byte send 0d eoi 0
+5133.974559733: grid210x_device byte send 0a eoi 0
+5133.974612734: grid210x_device byte send 43 eoi 0
+5133.974665736: grid210x_device byte send 43 eoi 0
+5133.974719737: grid210x_device byte send 4f eoi 0
+5133.974771739: grid210x_device byte send 53 eoi 0
+5133.974822740: grid210x_device byte send 20 eoi 0
+5133.974873741: grid210x_device byte send 6e eoi 0
+5133.974924743: grid210x_device byte send 6f eoi 0
+5133.974976744: grid210x_device byte send 74 eoi 0
+5133.975519759: grid210x_device byte send 20 eoi 0
+5133.975592762: grid210x_device byte send 66 eoi 0
+5133.975647763: grid210x_device byte send 6f eoi 0
+5133.975700765: grid210x_device byte send 75 eoi 0
+5133.975752766: grid210x_device byte send 6e eoi 0
+5133.975805767: grid210x_device byte send 64 eoi 0
+5133.975856769: grid210x_device byte send 0d eoi 0
+5133.975911770: grid210x_device byte send 0a eoi 0
+5133.975965772: grid210x_device byte send 43 eoi 0
+5133.976016773: grid210x_device byte send 68 eoi 0
+5133.976069775: grid210x_device byte send 65 eoi 0
+5133.976121776: grid210x_device byte send 63 eoi 0
+5133.976172778: grid210x_device byte send 6b eoi 0
+5133.976226779: grid210x_device byte send 73 eoi 0
+5133.976277781: grid210x_device byte send 75 eoi 0
+5133.976329782: grid210x_device byte send 6d eoi 0
+5133.976381784: grid210x_device byte send 20 eoi 0
+5133.976579789: grid210x_device byte send 65 eoi 0
+5133.976644791: grid210x_device byte send 72 eoi 0
+5133.976698793: grid210x_device byte send 72 eoi 0
+5133.976749794: grid210x_device byte send 6f eoi 0
+5133.976799795: grid210x_device byte send 72 eoi 0
+5133.976852797: grid210x_device byte send 20 eoi 0
+5133.976903798: grid210x_device byte send 69 eoi 0
+5133.976956800: grid210x_device byte send 6e eoi 0
+5133.977007801: grid210x_device byte send 20 eoi 0
+5133.977060803: grid210x_device byte send 43 eoi 0
+5133.977112804: grid210x_device byte send 43 eoi 0
+5133.977163806: grid210x_device byte send 4f eoi 0
+5133.977217807: grid210x_device byte send 53 eoi 0
+5133.977268808: grid210x_device byte send 0d eoi 0
+5133.977324810: grid210x_device byte send 0a eoi 0
+5133.977377812: grid210x_device byte send 11 eoi 0
+5133.977430813: grid210x_device byte send 50 eoi 0
+5133.977614818: grid210x_device byte send 72 eoi 0
+5133.977682820: grid210x_device byte send 6f eoi 0
+5133.977737822: grid210x_device byte send 67 eoi 0
+5133.977791823: grid210x_device byte send 72 eoi 0
+5133.977844825: grid210x_device byte send 61 eoi 0
+5133.977895826: grid210x_device byte send 6d eoi 0
+5133.977948828: grid210x_device byte send 73 eoi 0
+5133.978000829: grid210x_device byte send 7e eoi 0
+5133.978052830: grid210x_device byte send 53 eoi 0
+5133.978104832: grid210x_device byte send 75 eoi 0
+5133.978155833: grid210x_device byte send 62 eoi 0
+5133.978210835: grid210x_device byte send 6a eoi 0
+5133.978261836: grid210x_device byte send 65 eoi 0
+5133.978314838: grid210x_device byte send 63 eoi 0
+5133.978365839: grid210x_device byte send 74 eoi 0
+5133.978416841: grid210x_device byte send 7e eoi 0
+5133.978468842: grid210x_device byte send 0c eoi 0
+5133.978655847: grid210x_device byte send 43 eoi 0
+5133.978728849: grid210x_device byte send 43 eoi 0
+5133.978783851: grid210x_device byte send 4f eoi 0
+5133.978838852: grid210x_device byte send 53 eoi 0
+5133.978893854: grid210x_device byte send 7e eoi 0
+5133.978945855: grid210x_device byte send 53 eoi 0
+5133.978998857: grid210x_device byte send 79 eoi 0
+5133.979049858: grid210x_device byte send 73 eoi 0
+5133.979102860: grid210x_device byte send 74 eoi 0
+5133.979153861: grid210x_device byte send 65 eoi 0
+5133.979207863: grid210x_device byte send 6d eoi 0
+5133.979258864: grid210x_device byte send 7e eoi 0
+5133.979312866: grid210x_device byte send 18 eoi 0
+5133.979364867: grid210x_device byte send 53 eoi 0
+5133.979415869: grid210x_device byte send 63 eoi 0
+5133.979468870: grid210x_device byte send 72 eoi 0
+5133.979520872: grid210x_device byte send 65 eoi 0
+5133.979714877: grid210x_device byte send 65 eoi 0
+5133.979791879: grid210x_device byte send 6e eoi 0
+5133.979850881: grid210x_device byte send 2e eoi 0
+5133.979903882: grid210x_device byte send 49 eoi 0
+5133.980113888: grid210x_device byte send 6e eoi 0
+5133.980187890: grid210x_device byte send 69 eoi 0
+5133.980242892: grid210x_device byte send 74 eoi 0
+5133.980295893: grid210x_device byte send 7e eoi 0
+5133.980349895: grid210x_device byte send 53 eoi 0
+5133.980401896: grid210x_device byte send 63 eoi 0
+5133.980452898: grid210x_device byte send 72 eoi 0
+5133.981004913: grid210x_device byte send 65 eoi 0
+5133.981069915: grid210x_device byte send 65 eoi 0
+5133.981123916: grid210x_device byte send 6e eoi 0
+5133.981178918: grid210x_device byte send 49 eoi 0
+5133.981230919: grid210x_device byte send 6d eoi 0
+5133.981282921: grid210x_device byte send 61 eoi 0
+5133.981335922: grid210x_device byte send 67 eoi 0
+5133.981386924: grid210x_device byte send 65 eoi 0
+5133.981439925: grid210x_device byte send 7e eoi 0
+5133.981490927: grid210x_device byte send 55 eoi 0
+5133.981541928: grid210x_device byte send 80 eoi 0
+5133.981594930: grid210x_device byte send 20 eoi 0
+5133.981645931: grid210x_device byte send 00 eoi 0
+5133.981702933: grid210x_device byte send 00 eoi 0
+5133.981925939: grid210x_device byte send 40 eoi 0
+5133.981996941: grid210x_device byte send 00 eoi 0
+5133.982055943: grid210x_device byte send 55 eoi 0
+5133.982108944: grid210x_device byte send 8b eoi 0
+5133.982160946: grid210x_device byte send ec eoi 0
+5133.982214947: grid210x_device byte send b8 eoi 0
+5133.982266949: grid210x_device byte send 08 eoi 0
+5133.982320950: grid210x_device byte send 00 eoi 0
+5133.982371951: grid210x_device byte send 0e eoi 0
+5133.982424953: grid210x_device byte send 50 eoi 0
+5133.982477954: grid210x_device byte send b8 eoi 0
+5133.982528956: grid210x_device byte send 0d eoi 0
+5133.982583957: grid210x_device byte send 00 eoi 0
+5133.982635959: grid210x_device byte send 50 eoi 0
+5133.982688960: grid210x_device byte send 9a eoi 0
+5133.982740962: grid210x_device byte send 06 eoi 0
+5133.982792963: grid210x_device byte send 00 eoi 0
+5133.982983969: grid210x_device byte send ef eoi 0
+5133.983053971: grid210x_device byte send ff eoi 0
+5133.983110972: grid210x_device byte send 8b eoi 0
+5133.983252976: grid210x_device byte send 1e eoi 0
+5133.983304978: grid210x_device byte send 00 eoi 0
+5133.983358979: grid210x_device byte send 00 eoi 0
+5133.983410981: grid210x_device byte send 4b eoi 0
+5133.983463982: grid210x_device byte send d1 eoi 0
+5133.983515984: grid210x_device byte send e3 eoi 0
+5133.983569985: grid210x_device byte send 2e eoi 0
+5133.983621986: grid210x_device byte send ff eoi 0
+5133.983672988: grid210x_device byte send a7 eoi 0
+5133.983726989: grid210x_device byte send a7 eoi 0
+5133.983777991: grid210x_device byte send 00 eoi 0
+5133.983831992: grid210x_device byte send ad eoi 0
+5133.983882994: grid210x_device byte send 00 eoi 0
+5133.984085999: grid210x_device byte send b7 eoi 0
+5133.984147001: grid210x_device byte send 00 eoi 0
+5133.984206003: grid210x_device byte send c1 eoi 0
+5133.984259004: grid210x_device byte send 00 eoi 0
+5133.984314006: grid210x_device byte send b8 eoi 0
+5133.984366007: grid210x_device byte send 15 eoi 0
+5133.984418009: grid210x_device byte send 00 eoi 0
+5133.984473010: grid210x_device byte send 0e eoi 0
+5133.984524012: grid210x_device byte send 50 eoi 0
+5133.984575013: grid210x_device byte send b8 eoi 0
+5133.984628015: grid210x_device byte send 0e eoi 0
+5133.984680016: grid210x_device byte send 00 eoi 0
+5133.984734018: grid210x_device byte send eb eoi 0
+5133.984785019: grid210x_device byte send 12 eoi 0
+5133.984837021: grid210x_device byte send b8 eoi 0
+5133.984889022: grid210x_device byte send 23 eoi 0
+5133.984942023: grid210x_device byte send 00 eoi 0
+5133.985152029: grid210x_device byte send 0e eoi 0
+5133.985215031: grid210x_device byte send 50 eoi 0
+5133.985269033: grid210x_device byte send b8 eoi 0
+5133.985320034: grid210x_device byte send 10 eoi 0
+5133.985371035: grid210x_device byte send 00 eoi 0
+5133.985423037: grid210x_device byte send eb eoi 0
+5133.985477038: grid210x_device byte send 08 eoi 0
+5133.985530040: grid210x_device byte send b8 eoi 0
+5133.985582041: grid210x_device byte send 33 eoi 0
+5133.985633043: grid210x_device byte send 00 eoi 0
+5133.985687044: grid210x_device byte send 0e eoi 0
+5133.985738046: grid210x_device byte send 50 eoi 0
+5133.985790047: grid210x_device byte send b8 eoi 0
+5133.985843049: grid210x_device byte send 18 eoi 0
+5133.985896050: grid210x_device byte send 00 eoi 0
+5133.986377064: grid210x_device byte send 50 eoi 0
+5133.986442065: grid210x_device byte send 9a eoi 0
+5133.986494067: grid210x_device byte send 06 eoi 0
+5133.986547068: grid210x_device byte send 00 eoi 0
+5133.986602070: grid210x_device byte send ef eoi 0
+5133.986654071: grid210x_device byte send ff eoi 0
+5133.986707073: grid210x_device byte send b8 eoi 0
+5133.986759074: grid210x_device byte send e8 eoi 0
+5133.986813076: grid210x_device byte send 03 eoi 0
+5133.986866077: grid210x_device byte send 50 eoi 0
+5133.986918079: grid210x_device byte send 9a eoi 0
+5133.986971080: grid210x_device byte send d3 eoi 0
+5133.987022082: grid210x_device byte send 00 eoi 0
+5133.987076083: grid210x_device byte send ef eoi 0
+5133.987309090: grid210x_device byte send ff eoi 0
+5133.987378092: grid210x_device byte send 5d eoi 0
+5133.987432093: grid210x_device byte send c3 eoi 0
+5133.987484095: grid210x_device byte send 55 eoi 0
+5133.987536096: grid210x_device byte send 8b eoi 0
+5133.987588098: grid210x_device byte send ec eoi 0
+5133.987639099: grid210x_device byte send b0 eoi 0
+5133.987692101: grid210x_device byte send 00 eoi 0
+5133.987747102: grid210x_device byte send bf eoi 0
+5133.987799104: grid210x_device byte send 99 eoi 0
+5133.987852105: grid210x_device byte send 0e eoi 0
+5133.987904106: grid210x_device byte send b9 eoi 0
+5133.988014110: grid210x_device byte send 13 eoi 0
+5133.988111112: grid210x_device byte send 00 eoi 0
+5133.988171114: grid210x_device byte send 1e eoi 0
+5133.988377120: grid210x_device byte send 07 eoi 0
+5133.988441122: grid210x_device byte send fc eoi 0
+5133.988495123: grid210x_device byte send f2 eoi 0
+5133.988545124: grid210x_device byte send aa eoi 0
+5133.988598126: grid210x_device byte send a0 eoi 0
+5133.988663128: grid210x_device byte send b0 eoi 0
+5133.988717129: grid210x_device byte send 0e eoi 0
+5133.988771131: grid210x_device byte send a2 eoi 0
+5133.988824132: grid210x_device byte send a7 eoi 0
+5133.988875134: grid210x_device byte send 0e eoi 0
+5133.988930135: grid210x_device byte send c4 eoi 0
+5133.988981137: grid210x_device byte send 46 eoi 0
+5133.989032138: grid210x_device byte send 0a eoi 0
+5133.989085140: grid210x_device byte send a3 eoi 0
+5133.989137141: grid210x_device byte send 9b eoi 0
+5133.989192143: grid210x_device byte send 0e eoi 0
+5133.989384148: grid210x_device byte send 8c eoi 0
+5133.989467150: grid210x_device byte send 06 eoi 0
+5133.989526152: grid210x_device byte send 9d eoi 0
+5133.989580153: grid210x_device byte send 0e eoi 0
+5133.989633155: grid210x_device byte send 8b eoi 0
+5133.989687156: grid210x_device byte send 46 eoi 0
+5133.989738158: grid210x_device byte send 04 eoi 0
+5133.989791159: grid210x_device byte send a3 eoi 0
+5133.989845161: grid210x_device byte send a3 eoi 0
+5133.989896162: grid210x_device byte send 0e eoi 0
+5133.989949164: grid210x_device byte send 8b eoi 0
+5133.990158170: grid210x_device byte send 46 eoi 0
+5133.990235172: grid210x_device byte send 06 eoi 0
+5133.990295173: grid210x_device byte send 8b eoi 0
+5133.990510179: grid210x_device byte send 56 eoi 0
+5133.990571181: grid210x_device byte send 08 eoi 0
+5133.990626183: grid210x_device byte send a3 eoi 0
+5133.990680184: grid210x_device byte send 9f eoi 0
+5133.990733186: grid210x_device byte send 0e eoi 0
+5133.990786187: grid210x_device byte send 89 eoi 0
+5133.990841189: grid210x_device byte send 16 eoi 0
+5133.990894190: grid210x_device byte send a1 eoi 0
+5133.990946192: grid210x_device byte send 0e eoi 0
+5133.990999193: grid210x_device byte send 5d eoi 0
+5133.991053195: grid210x_device byte send c2 eoi 0
+5133.991105196: grid210x_device byte send 0a eoi 0
+5133.991157198: grid210x_device byte send 00 eoi 0
+5133.991210199: grid210x_device byte send 55 eoi 0
+5133.991262201: grid210x_device byte send 8b eoi 0
+5133.991315202: grid210x_device byte send ec eoi 0
+5133.991499207: grid210x_device byte send c4 eoi 0
+5133.991572209: grid210x_device byte send 46 eoi 0
+5133.991627211: grid210x_device byte send 04 eoi 0
+5133.991682212: grid210x_device byte send 06 eoi 0
+5133.992071223: grid210x_device byte send 50 eoi 0
+5133.992131225: grid210x_device byte send 8b eoi 0
+5133.992187226: grid210x_device byte send 46 eoi 0
+5133.992239228: grid210x_device byte send 08 eoi 0
+5133.992291229: grid210x_device byte send ba eoi 0
+5133.992345231: grid210x_device byte send 00 eoi 0
+5133.992397232: grid210x_device byte send 00 eoi 0
+5133.992638239: grid210x_device byte send 03 eoi 0
+5133.992709241: grid210x_device byte send 06 eoi 0
+5133.992766243: grid210x_device byte send 0c eoi 0
+5133.992820244: grid210x_device byte send 00 eoi 0
+5133.992872246: grid210x_device byte send 13 eoi 0
+5133.992923247: grid210x_device byte send 16 eoi 0
+5133.992976249: grid210x_device byte send 0e eoi 0
+5133.993030250: grid210x_device byte send 00 eoi 0
+5133.993082252: grid210x_device byte send 52 eoi 0
+5133.993133253: grid210x_device byte send 50 eoi 0
+5133.993188255: grid210x_device byte send ff eoi 0
+5133.993240256: grid210x_device byte send 36 eoi 0
+5133.993291257: grid210x_device byte send 22 eoi 0
+5133.993344259: grid210x_device byte send 00 eoi 0
+5133.993397260: grid210x_device byte send e8 eoi 0
+5133.993450262: grid210x_device byte send aa eoi 0
+5133.993500263: grid210x_device byte send ff eoi 0
+5133.993697269: grid210x_device byte send b8 eoi 0
+5133.993767271: grid210x_device byte send 04 eoi 0
+5133.993825272: grid210x_device byte send 00 eoi 0
+5133.993879274: grid210x_device byte send 50 eoi 0
+5133.993932275: grid210x_device byte send b8 eoi 0
+5133.993985277: grid210x_device byte send 99 eoi 0
+5133.994035278: grid210x_device byte send 0e eoi 0
+5133.994088280: grid210x_device byte send 1e eoi 0
+5133.994140281: grid210x_device byte send 50 eoi 0
+5133.994195283: grid210x_device byte send b8 eoi 0
+5133.994246284: grid210x_device byte send 6c eoi 0
+5133.994298286: grid210x_device byte send 0a eoi 0
+5133.994354287: grid210x_device byte send 1e eoi 0
+5133.994404289: grid210x_device byte send 50 eoi 0
+5133.994454290: grid210x_device byte send ff eoi 0
+5133.994506291: grid210x_device byte send 1e eoi 0
+5133.994560293: grid210x_device byte send ac eoi 0
+5133.994774299: grid210x_device byte send 0e eoi 0
+5133.994846301: grid210x_device byte send a1 eoi 0
+5133.994901303: grid210x_device byte send 6c eoi 0
+5133.994954304: grid210x_device byte send 0a eoi 0
+5133.995007305: grid210x_device byte send 5d eoi 0
+5133.995061307: grid210x_device byte send c2 eoi 0
+5133.995114308: grid210x_device byte send 06 eoi 0
+5133.995166310: grid210x_device byte send 00 eoi 0
+5133.995219311: grid210x_device byte send 55 eoi 0
+5133.995271313: grid210x_device byte send 8b eoi 0
+5133.995323314: grid210x_device byte send ec eoi 0
+5133.995374316: grid210x_device byte send c4 eoi 0
+5133.995429317: grid210x_device byte send 5e eoi 0
+5133.995480319: grid210x_device byte send 04 eoi 0
+5133.995531320: grid210x_device byte send 8d eoi 0
+5133.995583322: grid210x_device byte send 47 eoi 0
+5133.995636323: grid210x_device byte send 04 eoi 0
+5133.995828328: grid210x_device byte send a3 eoi 0
+5133.995894330: grid210x_device byte send 72 eoi 0
+5133.996007333: grid210x_device byte send 0a eoi 0
+5133.996106336: grid210x_device byte send 8c eoi 0
+5133.996165338: grid210x_device byte send 06 eoi 0
+5133.996223340: grid210x_device byte send 74 eoi 0
+5133.996276341: grid210x_device byte send 0a eoi 0
+5133.996331343: grid210x_device byte send c4 eoi 0
+5133.996382344: grid210x_device byte send 5e eoi 0
+5133.996437346: grid210x_device byte send 04 eoi 0
+5133.996489347: grid210x_device byte send b8 eoi 0
+5133.996541348: grid210x_device byte send 00 eoi 0
+5133.996594350: grid210x_device byte send 00 eoi 0
+5133.996647351: grid210x_device byte send 26 eoi 0
+5133.996698353: grid210x_device byte send 89 eoi 0
+5133.996904359: grid210x_device byte send 87 eoi 0
+5133.996973361: grid210x_device byte send 04 eoi 0
+5133.997031362: grid210x_device byte send 04 eoi 0
+5133.997087364: grid210x_device byte send 26 eoi 0
+5133.997139365: grid210x_device byte send 89 eoi 0
+5133.997464374: grid210x_device byte send 87 eoi 0
+5133.997526376: grid210x_device byte send 06 eoi 0
+5133.997584378: grid210x_device byte send 04 eoi 0
+5133.997640379: grid210x_device byte send 26 eoi 0
+5133.997693381: grid210x_device byte send c7 eoi 0
+5133.997745382: grid210x_device byte send 07 eoi 0
+5133.997977389: grid210x_device byte send 01 eoi 0
+5133.998054391: grid210x_device byte send 00 eoi 0
+5133.998112392: grid210x_device byte send 26 eoi 0
+5133.998165394: grid210x_device byte send c7 eoi 0
+5133.998220395: grid210x_device byte send 47 eoi 0
+5133.998270397: grid210x_device byte send 02 eoi 0
+5133.998322398: grid210x_device byte send 00 eoi 0
+5133.998375400: grid210x_device byte send 00 eoi 0
+5133.998426401: grid210x_device byte send c4 eoi 0
+5133.998480403: grid210x_device byte send 1e eoi 0
+5133.998531404: grid210x_device byte send 72 eoi 0
+5133.998582406: grid210x_device byte send 0a eoi 0
+5133.998634407: grid210x_device byte send 8d eoi 0
+5133.998686409: grid210x_device byte send 87 eoi 0
+5133.998739410: grid210x_device byte send cc eoi 0
+5133.998790411: grid210x_device byte send 00 eoi 0
+5133.998844413: grid210x_device byte send a3 eoi 0
+5133.999036418: grid210x_device byte send 6e eoi 0
+5133.999109420: grid210x_device byte send 0a eoi 0
+5133.999167422: grid210x_device byte send 8c eoi 0
+5133.999224424: grid210x_device byte send 06 eoi 0
+5133.999278425: grid210x_device byte send 70 eoi 0
+5133.999330427: grid210x_device byte send 0a eoi 0
+5133.999383428: grid210x_device byte send 89 eoi 0
+5133.999436430: grid210x_device byte send c3 eoi 0
+5133.999489431: grid210x_device byte send 8b eoi 0
+5133.999542433: grid210x_device byte send 4e eoi 0
+5133.999593434: grid210x_device byte send 08 eoi 0
+5133.999736438: grid210x_device byte send 26 eoi 0
+5133.999787439: grid210x_device byte send 89 eoi 0
+5133.999840441: grid210x_device byte send 4f eoi 0
+5133.999894442: grid210x_device byte send 06 eoi 0
+5133.999948444: grid210x_device byte send 5d eoi 0
+5134.000419457: grid210x_device byte send c2 eoi 0
+5134.000486459: grid210x_device byte send 06 eoi 0
+5134.000544461: grid210x_device byte send 00 eoi 0
+5134.000602462: grid210x_device byte send 55 eoi 0
+5134.000654464: grid210x_device byte send 8b eoi 0
+5134.000708465: grid210x_device byte send ec eoi 0
+5134.000760467: grid210x_device byte send 83 eoi 0
+5134.000814468: grid210x_device byte send 7e eoi 0
+5134.000867470: grid210x_device byte send 04 eoi 0
+5134.000920471: grid210x_device byte send 00 eoi 0
+5134.000974473: grid210x_device byte send 75 eoi 0
+5134.001026474: grid210x_device byte send 08 eoi 0
+5134.001080476: grid210x_device byte send a1 eoi 0
+5134.001132477: grid210x_device byte send 24 eoi 0
+5134.001187479: grid210x_device byte send 00 eoi 0
+5134.001240480: grid210x_device byte send 2d eoi 0
+5134.001450486: grid210x_device byte send d4 eoi 0
+5134.001518488: grid210x_device byte send 00 eoi 0
+5134.001574489: grid210x_device byte send eb eoi 0
+5134.001628491: grid210x_device byte send 06 eoi 0
+5134.001683493: grid210x_device byte send a1 eoi 0
+5134.001735494: grid210x_device byte send 24 eoi 0
+5134.001788495: grid210x_device byte send 00 eoi 0
+5134.001840497: grid210x_device byte send 83 eoi 0
+5134.001893498: grid210x_device byte send e8 eoi 0
+5134.001945500: grid210x_device byte send 0c eoi 0
+5134.001998501: grid210x_device byte send d1 eoi 0
+5134.002049503: grid210x_device byte send e8 eoi 0
+5134.002103504: grid210x_device byte send 5d eoi 0
+5134.002155506: grid210x_device byte send c2 eoi 0
+5134.002209507: grid210x_device byte send 02 eoi 0
+5134.002262509: grid210x_device byte send 00 eoi 0
+5134.002316510: grid210x_device byte send 55 eoi 0
+5134.002507516: grid210x_device byte send 8b eoi 0
+5134.002578518: grid210x_device byte send ec eoi 0
+5134.002637519: grid210x_device byte send b8 eoi 0
+5134.002691521: grid210x_device byte send 00 eoi 0
+5134.002746522: grid210x_device byte send 00 eoi 0
+5134.002801524: grid210x_device byte send 50 eoi 0
+5134.002855525: grid210x_device byte send e8 eoi 0
+5134.003217536: grid210x_device byte send d9 eoi 0
+5134.003283537: grid210x_device byte send ff eoi 0
+5134.003341539: grid210x_device byte send a3 eoi 0
+5134.003583546: grid210x_device byte send 76 eoi 0
+5134.003657548: grid210x_device byte send 0a eoi 0
+5134.003716549: grid210x_device byte send c4 eoi 0
+5134.003769551: grid210x_device byte send 5e eoi 0
+5134.004001557: grid210x_device byte send 04 eoi 0
+5134.004099560: grid210x_device byte send 8d eoi 0
+5134.004161562: grid210x_device byte send 4f eoi 0
+5134.004217564: grid210x_device byte send 04 eoi 0
+5134.004273565: grid210x_device byte send 89 eoi 0
+5134.004326567: grid210x_device byte send 0e eoi 0
+5134.004378568: grid210x_device byte send 86 eoi 0
+5134.004430569: grid210x_device byte send 0a eoi 0
+5134.004483571: grid210x_device byte send 8c eoi 0
+5134.004682577: grid210x_device byte send 06 eoi 0
+5134.004752579: grid210x_device byte send 88 eoi 0
+5134.004807580: grid210x_device byte send 0a eoi 0
+5134.004861582: grid210x_device byte send c4 eoi 0
+5134.004913583: grid210x_device byte send 5e eoi 0
+5134.004967585: grid210x_device byte send 04 eoi 0
+5134.005020586: grid210x_device byte send 26 eoi 0
+5134.005074588: grid210x_device byte send 8b eoi 0
+5134.005127589: grid210x_device byte send 87 eoi 0
+5134.005181591: grid210x_device byte send 04 eoi 0
+5134.005235592: grid210x_device byte send 04 eoi 0
+5134.005288594: grid210x_device byte send 26 eoi 0
+5134.005341595: grid210x_device byte send 8b eoi 0
+5134.005394597: grid210x_device byte send 97 eoi 0
+5134.005448598: grid210x_device byte send 06 eoi 0
+5134.005501600: grid210x_device byte send 04 eoi 0
+5134.005555601: grid210x_device byte send 8b eoi 0
+5134.005770607: grid210x_device byte send 0e eoi 0
+5134.005832609: grid210x_device byte send 24 eoi 0
+5134.005886610: grid210x_device byte send 00 eoi 0
+5134.005940612: grid210x_device byte send bf eoi 0
+5134.005993613: grid210x_device byte send 00 eoi 0
+5134.006046615: grid210x_device byte send 00 eoi 0
+5134.006099616: grid210x_device byte send 9a eoi 0
+5134.006151618: grid210x_device byte send 00 eoi 0
+5134.006204619: grid210x_device byte send 00 eoi 0
+5134.006257621: grid210x_device byte send 7b eoi 0
+5134.006312622: grid210x_device byte send 20 eoi 0
+5134.006364624: grid210x_device byte send a3 eoi 0
+5134.006415625: grid210x_device byte send 7a eoi 0
+5134.006470627: grid210x_device byte send 0a eoi 0
+5134.006523628: grid210x_device byte send 3b eoi 0
+5134.006578630: grid210x_device byte send 06 eoi 0
+5134.006772635: grid210x_device byte send 76 eoi 0
+5134.006848637: grid210x_device byte send 0a eoi 0
+5134.006904639: grid210x_device byte send 73 eoi 0
+5134.006960640: grid210x_device byte send 0d eoi 0
+5134.007014642: grid210x_device byte send a3 eoi 0
+5134.007068643: grid210x_device byte send 7c eoi 0
+5134.007121645: grid210x_device byte send 0a eoi 0
+5134.007173646: grid210x_device byte send c4 eoi 0
+5134.007228648: grid210x_device byte send 1e eoi 0
+5134.007278649: grid210x_device byte send 86 eoi 1
+5134.007856665: grid210x_device byte recv 5f atn 1 eoi 0
+5134.007898667: grid210x_device now not talking
+5134.010133729: grid210x_device byte recv 25 atn 1 eoi 0
+5134.010187731: grid210x_device now listening
+5134.011271761: grid210x_device byte recv 04 atn 0 eoi 0
+5134.011361764: grid210x_device byte recv 00 atn 0 eoi 0
+5134.011435766: grid210x_device byte recv 00 atn 0 eoi 0
+5134.011504768: grid210x_device byte recv 02 atn 0 eoi 0
+5134.011574770: grid210x_device byte recv 00 atn 0 eoi 0
+5134.011642772: grid210x_device byte recv 00 atn 0 eoi 0
+5134.011712774: grid210x_device byte recv 00 atn 0 eoi 0
+5134.011781775: grid210x_device byte recv 00 atn 0 eoi 0
+5134.011849777: grid210x_device byte recv 02 atn 0 eoi 0
+5134.012938808: grid210x_device byte recv 00 atn 0 eoi 1
+5134.013162814: grid210x_device byte recv 3f atn 1 eoi 0
+5134.013209815: grid210x_device now not listening
+5134.013225816: grid210x_device command 4, data size 512, sector no 2
+5134.014297846: grid210x_device byte recv 18 atn 1 eoi 0
+5134.014704857: grid210x_device byte recv 45 atn 1 eoi 0
+5134.014741858: grid210x_device now talking
+5134.014775859: grid210x_device byte send 4f eoi 0
+5134.014898863: grid210x_device byte recv 19 atn 1 eoi 0
+5134.014977865: grid210x_device byte recv 5f atn 1 eoi 0
+5134.015002866: grid210x_device now not talking
+5134.016499908: grid210x_device byte recv 45 atn 1 eoi 0
+5134.016555909: grid210x_device now talking
+5134.017714942: grid210x_device byte send 0a eoi 0
+5134.018162954: grid210x_device byte send 8d eoi 0
+5134.018221956: grid210x_device byte send 87 eoi 0
+5134.018275957: grid210x_device byte send cc eoi 0
+5134.018329959: grid210x_device byte send 00 eoi 0
+5134.018516964: grid210x_device byte send eb eoi 0
+5134.018584966: grid210x_device byte send 1e eoi 0
+5134.018640968: grid210x_device byte send a1 eoi 0
+5134.018695969: grid210x_device byte send 7a eoi 0
+5134.018748971: grid210x_device byte send 0a eoi 0
+5134.018804972: grid210x_device byte send 2b eoi 0
+5134.018857974: grid210x_device byte send 06 eoi 0
+5134.018909975: grid210x_device byte send 76 eoi 0
+5134.018963977: grid210x_device byte send 0a eoi 0
+5134.019017978: grid210x_device byte send 50 eoi 0
+5134.019069980: grid210x_device byte send b9 eoi 0
+5134.019121981: grid210x_device byte send 01 eoi 0
+5134.019173983: grid210x_device byte send 00 eoi 0
+5134.019228984: grid210x_device byte send 51 eoi 0
+5134.019281986: grid210x_device byte send e8 eoi 0
+5134.019334987: grid210x_device byte send 8a eoi 0
+5134.019388989: grid210x_device byte send ff eoi 0
+5134.019587994: grid210x_device byte send 89 eoi 0
+5134.019650996: grid210x_device byte send c1 eoi 0
+5134.019705997: grid210x_device byte send 58 eoi 0
+5134.019759999: grid210x_device byte send 31 eoi 0
+5134.019814001: grid210x_device byte send d2 eoi 0
+5134.019867002: grid210x_device byte send f7 eoi 0
+5134.019920003: grid210x_device byte send f1 eoi 0
+5134.020132009: grid210x_device byte send 89 eoi 0
+5134.020202011: grid210x_device byte send 16 eoi 0
+5134.020258013: grid210x_device byte send 7c eoi 0
+5134.020311014: grid210x_device byte send 0a eoi 0
+5134.020364016: grid210x_device byte send c4 eoi 0
+5134.020417017: grid210x_device byte send 06 eoi 0
+5134.020612023: grid210x_device byte send 86 eoi 0
+5134.020684025: grid210x_device byte send 0a eoi 0
+5134.020743027: grid210x_device byte send a3 eoi 0
+5134.020794028: grid210x_device byte send 7e eoi 0
+5134.020852030: grid210x_device byte send 0a eoi 0
+5134.020905031: grid210x_device byte send 8c eoi 0
+5134.020958033: grid210x_device byte send 06 eoi 0
+5134.021011034: grid210x_device byte send 80 eoi 0
+5134.021065036: grid210x_device byte send 0a eoi 0
+5134.021118037: grid210x_device byte send 83 eoi 0
+5134.021171039: grid210x_device byte send 3e eoi 0
+5134.021226040: grid210x_device byte send 7c eoi 0
+5134.021280042: grid210x_device byte send 0a eoi 0
+5134.021334043: grid210x_device byte send 00 eoi 0
+5134.021386045: grid210x_device byte send 75 eoi 0
+5134.021441046: grid210x_device byte send 5a eoi 0
+5134.021493048: grid210x_device byte send c4 eoi 0
+5134.021702053: grid210x_device byte send 06 eoi 0
+5134.021773055: grid210x_device byte send 7e eoi 0
+5134.021831057: grid210x_device byte send 0a eoi 0
+5134.021885059: grid210x_device byte send a3 eoi 0
+5134.021939060: grid210x_device byte send 82 eoi 0
+5134.021991062: grid210x_device byte send 0a eoi 0
+5134.022044063: grid210x_device byte send 8c eoi 0
+5134.022098065: grid210x_device byte send 06 eoi 0
+5134.022152066: grid210x_device byte send 84 eoi 0
+5134.022207068: grid210x_device byte send 0a eoi 0
+5134.022261069: grid210x_device byte send a1 eoi 0
+5134.022315071: grid210x_device byte send 76 eoi 0
+5134.022366072: grid210x_device byte send 0a eoi 0
+5134.022419074: grid210x_device byte send 3b eoi 0
+5134.022472075: grid210x_device byte send 06 eoi 0
+5134.022524076: grid210x_device byte send 7a eoi 0
+5134.022576078: grid210x_device byte send 0a eoi 0
+5134.022773083: grid210x_device byte send 75 eoi 0
+5134.022834085: grid210x_device byte send 0f eoi 0
+5134.023194095: grid210x_device byte send c4 eoi 0
+5134.023257097: grid210x_device byte send 1e eoi 0
+5134.023313099: grid210x_device byte send 86 eoi 0
+5134.023366100: grid210x_device byte send 0a eoi 0
+5134.023421102: grid210x_device byte send 8d eoi 0
+5134.023475103: grid210x_device byte send 87 eoi 0
+5134.023528105: grid210x_device byte send cc eoi 0
+5134.023580106: grid210x_device byte send 00 eoi 0
+5134.023633108: grid210x_device byte send a3 eoi 0
+5134.023892115: grid210x_device byte send 82 eoi 0
+5134.023954117: grid210x_device byte send 0a eoi 0
+5134.024009118: grid210x_device byte send 8c eoi 0
+5134.024066120: grid210x_device byte send 06 eoi 0
+5134.024121121: grid210x_device byte send 84 eoi 0
+5134.024173123: grid210x_device byte send 0a eoi 0
+5134.024229124: grid210x_device byte send c4 eoi 0
+5134.024282126: grid210x_device byte send 1e eoi 0
+5134.024337127: grid210x_device byte send 82 eoi 0
+5134.024390129: grid210x_device byte send 0a eoi 0
+5134.024444130: grid210x_device byte send 26 eoi 0
+5134.024498132: grid210x_device byte send ff eoi 0
+5134.024549133: grid210x_device byte send 77 eoi 0
+5134.024605135: grid210x_device byte send 06 eoi 0
+5134.024657136: grid210x_device byte send c4 eoi 0
+5134.024711138: grid210x_device byte send 5e eoi 0
+5134.024904143: grid210x_device byte send 04 eoi 0
+5134.024976145: grid210x_device byte send 8d eoi 0
+5134.025033147: grid210x_device byte send 47 eoi 0
+5134.025090148: grid210x_device byte send 04 eoi 0
+5134.025144150: grid210x_device byte send 06 eoi 0
+5134.025198151: grid210x_device byte send 50 eoi 0
+5134.025251153: grid210x_device byte send e8 eoi 0
+5134.025302154: grid210x_device byte send b8 eoi 0
+5134.025357156: grid210x_device byte send fe eoi 0
+5134.025410157: grid210x_device byte send a3 eoi 0
+5134.025466159: grid210x_device byte send 78 eoi 0
+5134.025519160: grid210x_device byte send 0a eoi 0
+5134.025572162: grid210x_device byte send 09 eoi 0
+5134.025625163: grid210x_device byte send c0 eoi 0
+5134.025677165: grid210x_device byte send 75 eoi 0
+5134.025733166: grid210x_device byte send 37 eoi 0
+5134.025787168: grid210x_device byte send 83 eoi 0
+5134.025973173: grid210x_device byte send 3e eoi 0
+5134.026040175: grid210x_device byte send 7a eoi 0
+5134.026098177: grid210x_device byte send 0a eoi 0
+5134.026152178: grid210x_device byte send 00 eoi 0
+5134.026207180: grid210x_device byte send 75 eoi 0
+5134.026259181: grid210x_device byte send 16 eoi 0
+5134.026313183: grid210x_device byte send c4 eoi 0
+5134.026366184: grid210x_device byte send 1e eoi 0
+5134.026418186: grid210x_device byte send 86 eoi 0
+5134.026471187: grid210x_device byte send 0a eoi 0
+5134.026524189: grid210x_device byte send 26 eoi 0
+5134.026580190: grid210x_device byte send 8b eoi 0
+5134.026633192: grid210x_device byte send 47 eoi 0
+5134.026686193: grid210x_device byte send 04 eoi 0
+5134.026739195: grid210x_device byte send 26 eoi 0
+5134.026791196: grid210x_device byte send 8b eoi 0
+5134.026846198: grid210x_device byte send 57 eoi 0
+5134.027059204: grid210x_device byte send 06 eoi 0
+5134.027121205: grid210x_device byte send c4 eoi 0
+5134.027176207: grid210x_device byte send 5e eoi 0
+5134.027234208: grid210x_device byte send 04 eoi 0
+5134.027287210: grid210x_device byte send 26 eoi 0
+5134.027339211: grid210x_device byte send 89 eoi 0
+5134.027392213: grid210x_device byte send 07 eoi 0
+5134.027445214: grid210x_device byte send 26 eoi 0
+5134.027497216: grid210x_device byte send 89 eoi 0
+5134.027550217: grid210x_device byte send 57 eoi 0
+5134.027604219: grid210x_device byte send 02 eoi 0
+5134.027657220: grid210x_device byte send 8b eoi 0
+5134.027711222: grid210x_device byte send 36 eoi 0
+5134.027764223: grid210x_device byte send 7c eoi 0
+5134.027817225: grid210x_device byte send 0a eoi 0
+5134.027871226: grid210x_device byte send d1 eoi 0
+5134.028138234: grid210x_device byte send e6 eoi 0
+5134.028221236: grid210x_device byte send c4 eoi 0
+5134.028278238: grid210x_device byte send 1e eoi 0
+5134.028595247: grid210x_device byte send 7e eoi 0
+5134.028662248: grid210x_device byte send 0a eoi 0
+5134.028718250: grid210x_device byte send 26 eoi 0
+5134.028771251: grid210x_device byte send ff eoi 0
+5134.028825253: grid210x_device byte send 70 eoi 0
+5134.028878254: grid210x_device byte send 0c eoi 0
+5134.028932256: grid210x_device byte send c4 eoi 0
+5134.028984257: grid210x_device byte send 5e eoi 0
+5134.029036259: grid210x_device byte send 04 eoi 0
+5134.029282266: grid210x_device byte send 8d eoi 0
+5134.029356268: grid210x_device byte send 87 eoi 0
+5134.029412269: grid210x_device byte send 04 eoi 0
+5134.029466271: grid210x_device byte send 02 eoi 0
+5134.029519272: grid210x_device byte send 06 eoi 0
+5134.029573274: grid210x_device byte send 50 eoi 0
+5134.029624275: grid210x_device byte send e8 eoi 0
+5134.029676277: grid210x_device byte send 7a eoi 0
+5134.029732278: grid210x_device byte send fe eoi 0
+5134.029784280: grid210x_device byte send 5d eoi 0
+5134.029837281: grid210x_device byte send c2 eoi 0
+5134.029891283: grid210x_device byte send 04 eoi 0
+5134.029995286: grid210x_device byte send 00 eoi 0
+5134.030331295: grid210x_device byte send 55 eoi 0
+5134.030403297: grid210x_device byte send 8b eoi 0
+5134.030459299: grid210x_device byte send ec eoi 0
+5134.030515300: grid210x_device byte send c4 eoi 0
+5134.030571302: grid210x_device byte send 5e eoi 0
+5134.030623303: grid210x_device byte send 0a eoi 0
+5134.030677305: grid210x_device byte send 8d eoi 0
+5134.030732306: grid210x_device byte send 87 eoi 0
+5134.030784308: grid210x_device byte send 04 eoi 0
+5134.030837309: grid210x_device byte send 02 eoi 0
+5134.030891311: grid210x_device byte send a3 eoi 0
+5134.030945312: grid210x_device byte send 92 eoi 0
+5134.030998314: grid210x_device byte send 0a eoi 0
+5134.031050315: grid210x_device byte send 8c eoi 0
+5134.031104317: grid210x_device byte send 06 eoi 0
+5134.031157318: grid210x_device byte send 94 eoi 0
+5134.031211320: grid210x_device byte send 0a eoi 0
+5134.031417326: grid210x_device byte send c7 eoi 0
+5134.031492328: grid210x_device byte send 06 eoi 0
+5134.031549329: grid210x_device byte send 8e eoi 0
+5134.031604331: grid210x_device byte send 0a eoi 0
+5134.031657332: grid210x_device byte send 00 eoi 0
+5134.031712334: grid210x_device byte send 00 eoi 0
+5134.031764335: grid210x_device byte send c4 eoi 0
+5134.031819337: grid210x_device byte send 5e eoi 0
+5134.031872338: grid210x_device byte send 0a eoi 0
+5134.031925340: grid210x_device byte send 26 eoi 0
+5134.031979341: grid210x_device byte send 8b eoi 0
+5134.032031343: grid210x_device byte send 87 eoi 0
+5134.032084344: grid210x_device byte send 04 eoi 0
+5134.032137346: grid210x_device byte send 04 eoi 0
+5134.032192347: grid210x_device byte send 26 eoi 0
+5134.032243349: grid210x_device byte send 8b eoi 0
+5134.032297350: grid210x_device byte send 97 eoi 0
+5134.032508356: grid210x_device byte send 06 eoi 0
+5134.032642360: grid210x_device byte send 04 eoi 0
+5134.032697361: grid210x_device byte send 26 eoi 0
+5134.032750363: grid210x_device byte send 3b eoi 0
+5134.032802364: grid210x_device byte send 57 eoi 0
+5134.032856366: grid210x_device byte send 02 eoi 0
+5134.032908367: grid210x_device byte send 75 eoi 0
+5134.032960369: grid210x_device byte send 03 eoi 0
+5134.033013370: grid210x_device byte send 26 eoi 0
+5134.033066372: grid210x_device byte send 3b eoi 0
+5134.033119373: grid210x_device byte send 07 eoi 0
+5134.033172375: grid210x_device byte send b0 eoi 0
+5134.033226376: grid210x_device byte send ff eoi 0
+5134.033279378: grid210x_device byte send 74 eoi 0
+5134.033334379: grid210x_device byte send 01 eoi 0
+5134.033523385: grid210x_device byte send 40 eoi 0
+5134.033594387: grid210x_device byte send a2 eoi 0
+5134.033649388: grid210x_device byte send b1 eoi 0
+5134.033703390: grid210x_device byte send 0e eoi 0
+5134.033757391: grid210x_device byte send a1 eoi 0
+5134.033811393: grid210x_device byte send 8e eoi 0
+5134.033864394: grid210x_device byte send 0a eoi 0
+5134.033915396: grid210x_device byte send 3b eoi 0
+5134.034272406: grid210x_device byte send 46 eoi 0
+5134.034336407: grid210x_device byte send 04 eoi 0
+5134.034391409: grid210x_device byte send 72 eoi 0
+5134.034631416: grid210x_device byte send 03 eoi 0
+5134.034700418: grid210x_device byte send e9 eoi 0
+5134.034758419: grid210x_device byte send e5 eoi 0
+5134.034814421: grid210x_device byte send 00 eoi 0
+5134.034869422: grid210x_device byte send a0 eoi 0
+5134.034922424: grid210x_device byte send b1 eoi 0
+5134.034977425: grid210x_device byte send 0e eoi 0
+5134.035029427: grid210x_device byte send d0 eoi 0
+5134.035083428: grid210x_device byte send d8 eoi 0
+5134.035135430: grid210x_device byte send 73 eoi 0
+5134.035191431: grid210x_device byte send 03 eoi 0
+5134.035244433: grid210x_device byte send e9 eoi 0
+5134.035296434: grid210x_device byte send db eoi 0
+5134.035349436: grid210x_device byte send 00 eoi 0
+5134.035401437: grid210x_device byte send 8b eoi 0
+5134.035454439: grid210x_device byte send 0e eoi 0
+5134.035507440: grid210x_device byte send 24 eoi 0
+5134.035703446: grid210x_device byte send 00 eoi 0
+5134.035771448: grid210x_device byte send ba eoi 0
+5134.035828449: grid210x_device byte send 00 eoi 0
+5134.035896451: grid210x_device byte send 00 eoi 0
+5134.036008454: grid210x_device byte send c4 eoi 0
+5134.036107457: grid210x_device byte send 5e eoi 0
+5134.036168459: grid210x_device byte send 0a eoi 0
+5134.036224460: grid210x_device byte send 26 eoi 0
+5134.036278462: grid210x_device byte send 8b eoi 0
+5134.036332463: grid210x_device byte send 87 eoi 0
+5134.036385465: grid210x_device byte send 04 eoi 0
+5134.036439466: grid210x_device byte send 04 eoi 0
+5134.036492468: grid210x_device byte send 26 eoi 0
+5134.036544469: grid210x_device byte send 8b eoi 0
+5134.036764475: grid210x_device byte send bf eoi 0
+5134.036836477: grid210x_device byte send 06 eoi 0
+5134.036892479: grid210x_device byte send 04 eoi 0
+5134.036946481: grid210x_device byte send 87 eoi 0
+5134.037001482: grid210x_device byte send fa eoi 0
+5134.037056484: grid210x_device byte send 51 eoi 0
+5134.037109485: grid210x_device byte send 57 eoi 0
+5134.037162487: grid210x_device byte send 9a eoi 0
+5134.037217488: grid210x_device byte send 00 eoi 0
+5134.037271490: grid210x_device byte send 00 eoi 0
+5134.037324491: grid210x_device byte send 7b eoi 0
+5134.037376493: grid210x_device byte send 20 eoi 0
+5134.037430494: grid210x_device byte send 89 eoi 0
+5134.037482496: grid210x_device byte send 3e eoi 0
+5134.037534497: grid210x_device byte send 8a eoi 0
+5134.037587498: grid210x_device byte send 0a eoi 0
+5134.037641500: grid210x_device byte send 5b eoi 0
+5134.037834505: grid210x_device byte send 58 eoi 0
+5134.037900507: grid210x_device byte send 2b eoi 0
+5134.037956509: grid210x_device byte send c7 eoi 0
+5134.038009510: grid210x_device byte send a3 eoi 0
+5134.038062512: grid210x_device byte send 8c eoi 0
+5134.038114513: grid210x_device byte send 0a eoi 0
+5134.038167515: grid210x_device byte send 09 eoi 0
+5134.038221516: grid210x_device byte send ff eoi 0
+5134.038274518: grid210x_device byte send 75 eoi 0
+5134.038328519: grid210x_device byte send 0f eoi 0
+5134.038381521: grid210x_device byte send c4 eoi 0
+5134.038435522: grid210x_device byte send 46 eoi 0
+5134.038487524: grid210x_device byte send 0a eoi 0
+5134.038539525: grid210x_device byte send 06 eoi 0
+5134.038594527: grid210x_device byte send 50 eoi 0
+5134.038647528: grid210x_device byte send e8 eoi 0
+5134.038700530: grid210x_device byte send 94 eoi 0
+5134.038884535: grid210x_device byte send fe eoi 0
+5134.038952537: grid210x_device byte send 09 eoi 0
+5134.039008538: grid210x_device byte send c0 eoi 0
+5134.039063540: grid210x_device byte send 74 eoi 0
+5134.039116541: grid210x_device byte send 03 eoi 0
+5134.039170543: grid210x_device byte send e9 eoi 0
+5134.039226544: grid210x_device byte send a0 eoi 0
+5134.039279546: grid210x_device byte send 00 eoi 0
+5134.039333547: grid210x_device byte send 8b eoi 0
+5134.039385549: grid210x_device byte send 0e eoi 0
+5134.039438550: grid210x_device byte send 8c eoi 0
+5134.039755559: grid210x_device byte send 0a eoi 0
+5134.040085568: grid210x_device byte send a1 eoi 0
+5134.040154570: grid210x_device byte send 8e eoi 0
+5134.040210572: grid210x_device byte send 0a eoi 0
+5134.040265574: grid210x_device byte send 03 eoi 0
+5134.040319575: grid210x_device byte send c8 eoi 0
+5134.040373577: grid210x_device byte send 8b eoi 0
+5134.040426578: grid210x_device byte send 46 eoi 0
+5134.040479580: grid210x_device byte send 04 eoi 0
+5134.040532581: grid210x_device byte send 3b eoi 0
+5134.040584582: grid210x_device byte send c8 eoi 0
+5134.040636584: grid210x_device byte send 76 eoi 0
+5134.040690585: grid210x_device byte send 07 eoi 0
+5134.040743587: grid210x_device byte send 2b eoi 0
+5134.040796588: grid210x_device byte send 06 eoi 0
+5134.040850590: grid210x_device byte send 8e eoi 0
+5134.041047595: grid210x_device byte send 0a eoi 0
+5134.041116597: grid210x_device byte send a3 eoi 0
+5134.041171599: grid210x_device byte send 8c eoi 0
+5134.041229601: grid210x_device byte send 0a eoi 0
+5134.041283602: grid210x_device byte send c4 eoi 0
+5134.041336604: grid210x_device byte send 5e eoi 0
+5134.041388605: grid210x_device byte send 0a eoi 0
+5134.041442607: grid210x_device byte send 26 eoi 0
+5134.041494608: grid210x_device byte send 8b eoi 0
+5134.041546609: grid210x_device byte send 87 eoi 0
+5134.041600611: grid210x_device byte send 04 eoi 0
+5134.041653612: grid210x_device byte send 04 eoi 0
+5134.041706614: grid210x_device byte send 26 eoi 0
+5134.041759615: grid210x_device byte send 8b eoi 0
+5134.041814617: grid210x_device byte send 97 eoi 0
+5134.041867618: grid210x_device byte send 06 eoi 0
+5134.041919620: grid210x_device byte send 04 eoi 0
+5134.042135626: grid210x_device byte send 8b eoi 0
+5134.042203628: grid210x_device byte send 0e eoi 0
+5134.042259629: grid210x_device byte send 8c eoi 0
+5134.042314631: grid210x_device byte send 0a eoi 0
+5134.042368632: grid210x_device byte send bf eoi 0
+5134.042421634: grid210x_device byte send 00 eoi 0
+5134.042477636: grid210x_device byte send 00 eoi 0
+5134.042529637: grid210x_device byte send 03 eoi 0
+5134.042584639: grid210x_device byte send c8 eoi 0
+5134.042636640: grid210x_device byte send 13 eoi 0
+5134.042692642: grid210x_device byte send fa eoi 0
+5134.042744643: grid210x_device byte send 26 eoi 0
+5134.042797644: grid210x_device byte send 8b eoi 0
+5134.042851646: grid210x_device byte send 37 eoi 0
+5134.042903647: grid210x_device byte send 26 eoi 0
+5134.042958649: grid210x_device byte send 8b eoi 0
+5134.043148654: grid210x_device byte send 47 eoi 0
+5134.043221656: grid210x_device byte send 02 eoi 0
+5134.043278658: grid210x_device byte send 3b eoi 0
+5134.043334660: grid210x_device byte send f8 eoi 0
+5134.043387661: grid210x_device byte send 75 eoi 0
+5134.043442663: grid210x_device byte send 02 eoi 0
+5134.043496664: grid210x_device byte send 3b eoi 0
+5134.043547665: grid210x_device byte send ce eoi 0
+5134.043600667: grid210x_device byte send 76 eoi 0
+5134.043653668: grid210x_device byte send 15 eoi 0
+5134.043705670: grid210x_device byte send 26 eoi 0
+5134.043758671: grid210x_device byte send 2b eoi 0
+5134.043811673: grid210x_device byte send b7 eoi 0
+5134.043864674: grid210x_device byte send 04 eoi 0
+5134.043918676: grid210x_device byte send 04 eoi 0
+5134.044032679: grid210x_device byte send 26 eoi 0
+5134.044262686: grid210x_device byte send 1b eoi 0
+5134.044483692: grid210x_device byte send 87 eoi 0
+5134.044542693: grid210x_device byte send 06 eoi 0
+5134.044597695: grid210x_device byte send 04 eoi 0
+5134.044651696: grid210x_device byte send 89 eoi 0
+5134.044704698: grid210x_device byte send 36 eoi 0
+5134.044756699: grid210x_device byte send 90 eoi 0
+5134.044810701: grid210x_device byte send 0a eoi 0
+5134.044863702: grid210x_device byte send c6 eoi 0
+5134.044914704: grid210x_device byte send 06 eoi 0
+5134.044966705: grid210x_device byte send b1 eoi 0
+5134.045019707: grid210x_device byte send 0e eoi 0
+5134.045073708: grid210x_device byte send 01 eoi 0
+5134.045127710: grid210x_device byte send eb eoi 0
+5134.045623724: grid210x_device byte send 06 eoi 0
+5134.045692726: grid210x_device byte send a1 eoi 0
+5134.045747727: grid210x_device byte send 8c eoi 0
+5134.045801729: grid210x_device byte send 0a eoi 0
+5134.045855730: grid210x_device byte send a3 eoi 0
+5134.045906732: grid210x_device byte send 90 eoi 0
+5134.045958733: grid210x_device byte send 0a eoi 0
+5134.046010734: grid210x_device byte send c4 eoi 0
+5134.046064736: grid210x_device byte send 1e eoi 0
+5134.046117737: grid210x_device byte send 92 eoi 0
+5134.046170739: grid210x_device byte send 0a eoi 0
+5134.046418746: grid210x_device byte send 8b eoi 0
+5134.046491748: grid210x_device byte send 36 eoi 0
+5134.046545749: grid210x_device byte send 8a eoi 0
+5134.046601751: grid210x_device byte send 0a eoi 0
+5134.046656753: grid210x_device byte send 8d eoi 0
+5134.046709754: grid210x_device byte send 70 eoi 0
+5134.046762756: grid210x_device byte send 04 eoi 0
+5134.046817757: grid210x_device byte send 06 eoi 0
+5134.046870759: grid210x_device byte send c4 eoi 0
+5134.046923760: grid210x_device byte send 5e eoi 0
+5134.046977762: grid210x_device byte send 06 eoi 0
+5134.047032763: grid210x_device byte send 8b eoi 0
+5134.047085765: grid210x_device byte send 3e eoi 0
+5134.047139766: grid210x_device byte send 8e eoi 0
+5134.047195768: grid210x_device byte send 0a eoi 0
+5134.047248769: grid210x_device byte send 8d eoi 0
+5134.047301771: grid210x_device byte send 39 eoi 0
+5134.047531777: grid210x_device byte send 8b eoi 0
+5134.047592779: grid210x_device byte send 0e eoi 0
+5134.047646780: grid210x_device byte send 90 eoi 0
+5134.047700782: grid210x_device byte send 0a eoi 0
+5134.047753783: grid210x_device byte send 1e eoi 0
+5134.047806785: grid210x_device byte send 8e eoi 0
+5134.047859786: grid210x_device byte send 9e eoi 0
+5134.047910788: grid210x_device byte send fe eoi 0
+5134.047964789: grid210x_device byte send ff eoi 0
+5134.048017791: grid210x_device byte send fc eoi 0
+5134.048071792: grid210x_device byte send f2 eoi 0
+5134.048124794: grid210x_device byte send a4 eoi 0
+5134.048176795: grid210x_device byte send 1f eoi 0
+5134.048232797: grid210x_device byte send 59 eoi 0
+5134.048285798: grid210x_device byte send a1 eoi 0
+5134.048340800: grid210x_device byte send 90 eoi 0
+5134.048531805: grid210x_device byte send 0a eoi 0
+5134.048604807: grid210x_device byte send 01 eoi 0
+5134.048661809: grid210x_device byte send 06 eoi 0
+5134.048716810: grid210x_device byte send 8e eoi 0
+5134.048769812: grid210x_device byte send 0a eoi 0
+5134.048823813: grid210x_device byte send c4 eoi 0
+5134.048876815: grid210x_device byte send 5e eoi 0
+5134.048930816: grid210x_device byte send 0a eoi 0
+5134.049074820: grid210x_device byte send ba eoi 0
+5134.049126822: grid210x_device byte send 00 eoi 0
+5134.049180823: grid210x_device byte send 00 eoi 0
+5134.049232825: grid210x_device byte send 26 eoi 0
+5134.049284826: grid210x_device byte send 03 eoi 0
+5134.049338828: grid210x_device byte send 87 eoi 0
+5134.049392829: grid210x_device byte send 04 eoi 0
+5134.049569834: grid210x_device byte send 04 eoi 0
+5134.049640836: grid210x_device byte send 26 eoi 0
+5134.049697838: grid210x_device byte send 13 eoi 0
+5134.049751839: grid210x_device byte send 97 eoi 0
+5134.049805841: grid210x_device byte send 06 eoi 0
+5134.049857842: grid210x_device byte send 04 eoi 0
+5134.049909844: grid210x_device byte send 26 eoi 0
+5134.049963845: grid210x_device byte send 89 eoi 0
+5134.050088849: grid210x_device byte send 87 eoi 0
+5134.050152851: grid210x_device byte send 04 eoi 0
+5134.050208852: grid210x_device byte send 04 eoi 0
+5134.050263854: grid210x_device byte send 26 eoi 0
+5134.050318855: grid210x_device byte send 89 eoi 0
+5134.050370857: grid210x_device byte send 97 eoi 0
+5134.050423858: grid210x_device byte send 06 eoi 0
+5134.050479860: grid210x_device byte send 04 eoi 0
+5134.050682865: grid210x_device byte send e9 eoi 0
+5134.050741867: grid210x_device byte send 10 eoi 0
+5134.050795869: grid210x_device byte send ff eoi 0
+5134.051142878: grid210x_device byte send a1 eoi 0
+5134.051217880: grid210x_device byte send 8e eoi 0
+5134.051273882: grid210x_device byte send 0a eoi 0
+5134.051330884: grid210x_device byte send 5d eoi 0
+5134.051384885: grid210x_device byte send c2 eoi 0
+5134.051438887: grid210x_device byte send 0a eoi 0
+5134.051491888: grid210x_device byte send 00 eoi 0
+5134.051724895: grid210x_device byte send 55 eoi 0
+5134.051799897: grid210x_device byte send 8b eoi 0
+5134.051858898: grid210x_device byte send ec eoi 0
+5134.051911900: grid210x_device byte send a1 eoi 0
+5134.052022903: grid210x_device byte send 00 eoi 0
+5134.052121906: grid210x_device byte send 00 eoi 0
+5134.052182907: grid210x_device byte send 09 eoi 0
+5134.052236909: grid210x_device byte send c0 eoi 0
+5134.052292911: grid210x_device byte send 75 eoi 0
+5134.052348912: grid210x_device byte send 2d eoi 0
+5134.052401914: grid210x_device byte send ff eoi 0
+5134.052455915: grid210x_device byte send 76 eoi 0
+5134.052509917: grid210x_device byte send 0c eoi 0
+5134.052562918: grid210x_device byte send b8 eoi 0
+5134.052616920: grid210x_device byte send 58 eoi 0
+5134.052841926: grid210x_device byte send 00 eoi 0
+5134.052912928: grid210x_device byte send 1e eoi 0
+5134.052968929: grid210x_device byte send 50 eoi 0
+5134.053022931: grid210x_device byte send e8 eoi 0
+5134.053075932: grid210x_device byte send 6d eoi 0
+5134.053129934: grid210x_device byte send fd eoi 0
+5134.053183935: grid210x_device byte send b8 eoi 0
+5134.053237937: grid210x_device byte send 58 eoi 0
+5134.053290938: grid210x_device byte send 00 eoi 0
+5134.053343940: grid210x_device byte send 1e eoi 0
+5134.053394941: grid210x_device byte send 50 eoi 0
+5134.053448943: grid210x_device byte send b8 eoi 0
+5134.053500944: grid210x_device byte send ef eoi 0
+5134.053551946: grid210x_device byte send 0e eoi 0
+5134.053607947: grid210x_device byte send 1e eoi 0
+5134.053659949: grid210x_device byte send 50 eoi 0
+5134.053713950: grid210x_device byte send b8 eoi 0
+5134.053902956: grid210x_device byte send 01 eoi 0
+5134.053972958: grid210x_device byte send 00 eoi 0
+5134.054029959: grid210x_device byte send 50 eoi 0
+5134.054084961: grid210x_device byte send e8 eoi 0
+5134.054135962: grid210x_device byte send ae eoi 0
+5134.054190964: grid210x_device byte send fe eoi 0
+5134.054243965: grid210x_device byte send a3 eoi 0
+5134.054296967: grid210x_device byte send 98 eoi 0
+5134.054347968: grid210x_device byte send 0a eoi 1
+5134.054944985: grid210x_device byte recv 5f atn 1 eoi 0
+5134.054987986: grid210x_device now not talking
+5134.057131046: grid210x_device byte recv 25 atn 1 eoi 0
+5134.057183048: grid210x_device now listening
+5134.058337080: grid210x_device byte recv 04 atn 0 eoi 0
+5134.058431082: grid210x_device byte recv 00 atn 0 eoi 0
+5134.058502084: grid210x_device byte recv 00 atn 0 eoi 0
+5134.058573086: grid210x_device byte recv 03 atn 0 eoi 0
+5134.058642088: grid210x_device byte recv 00 atn 0 eoi 0
+5134.058712090: grid210x_device byte recv 00 atn 0 eoi 0
+5134.058779092: grid210x_device byte recv 00 atn 0 eoi 0
+5134.058849094: grid210x_device byte recv 00 atn 0 eoi 0
+5134.058919096: grid210x_device byte recv 02 atn 0 eoi 0
+5134.060252134: grid210x_device byte recv 3f atn 1 eoi 0
+5134.060307135: grid210x_device now not listening
+5150.161479340: grid210x_device byte recv 14 atn 1 eoi 0
+5150.703290459: grid210x_device byte recv 26 atn 1 eoi 0
+5150.706740555: grid210x_device byte recv 14 atn 1 eoi 0
+5153.318621409: grid210x_device byte recv 14 atn 1 eoi 0
+5155.797124498: grid210x_device byte recv 25 atn 1 eoi 0
+5155.797184500: grid210x_device now listening
+5155.798496537: grid210x_device byte recv 01 atn 0 eoi 0
+5155.798588539: grid210x_device byte recv 00 atn 0 eoi 0
+5155.798661541: grid210x_device byte recv 00 atn 0 eoi 0
+5155.798729543: grid210x_device byte recv 00 atn 0 eoi 0
+5155.798797545: grid210x_device byte recv 00 atn 0 eoi 0
+5155.798863547: grid210x_device byte recv 00 atn 0 eoi 0
+5155.798932549: grid210x_device byte recv 00 atn 0 eoi 0
+5155.798999551: grid210x_device byte recv 34 atn 0 eoi 0
+5155.799598567: grid210x_device byte recv 00 atn 0 eoi 0
+5155.800481592: grid210x_device byte recv 20 atn 0 eoi 1
+5155.800715598: grid210x_device byte recv 3f atn 1 eoi 0
+5155.800751599: grid210x_device now not listening
+5155.800765600: grid210x_device command 1, data size 52, sector no 0
+5155.802881659: grid210x_device byte recv 45 atn 1 eoi 0
+5155.802925660: grid210x_device now talking
+5155.804106693: grid210x_device byte send 00 eoi 0
+5155.804557706: grid210x_device byte send 02 eoi 0
+5155.804671709: grid210x_device byte send f8 eoi 0
+5155.804903715: grid210x_device byte send 01 eoi 0
+5155.804973717: grid210x_device byte send d0 eoi 0
+5155.805026719: grid210x_device byte send 02 eoi 0
+5155.805081720: grid210x_device byte send 01 eoi 0
+5155.805135722: grid210x_device byte send 20 eoi 0
+5155.805189723: grid210x_device byte send 01 eoi 0
+5155.805244725: grid210x_device byte send 21 eoi 0
+5155.805296726: grid210x_device byte send 01 eoi 0
+5155.805351728: grid210x_device byte send 01 eoi 0
+5155.805403729: grid210x_device byte send 00 eoi 0
+5155.805455731: grid210x_device byte send 00 eoi 0
+5155.805509732: grid210x_device byte send 34 eoi 0
+5155.805560733: grid210x_device byte send 38 eoi 0
+5155.805612735: grid210x_device byte send 20 eoi 0
+5155.805665736: grid210x_device byte send 54 eoi 0
+5155.805720738: grid210x_device byte send 50 eoi 0
+5155.805772739: grid210x_device byte send 49 eoi 0
+5155.805988745: grid210x_device byte send 20 eoi 0
+5155.806056747: grid210x_device byte send 44 eoi 0
+5155.806111749: grid210x_device byte send 53 eoi 0
+5155.806163750: grid210x_device byte send 20 eoi 0
+5155.806214752: grid210x_device byte send 44 eoi 0
+5155.806267753: grid210x_device byte send 44 eoi 0
+5155.806318755: grid210x_device byte send 20 eoi 0
+5155.806370756: grid210x_device byte send 46 eoi 0
+5155.806421757: grid210x_device byte send 4c eoi 0
+5155.806474759: grid210x_device byte send 4f eoi 0
+5155.806525760: grid210x_device byte send 50 eoi 0
+5155.806575762: grid210x_device byte send 50 eoi 0
+5155.806627763: grid210x_device byte send 59 eoi 0
+5155.806679765: grid210x_device byte send 20 eoi 0
+5155.806731766: grid210x_device byte send 20 eoi 0
+5155.806782768: grid210x_device byte send 20 eoi 0
+5155.806834769: grid210x_device byte send 20 eoi 0
+5155.807017774: grid210x_device byte send 33 eoi 0
+5155.807120777: grid210x_device byte send 30 eoi 0
+5155.807177779: grid210x_device byte send 30 eoi 0
+5155.807232780: grid210x_device byte send 32 eoi 0
+5155.807284782: grid210x_device byte send 33 eoi 0
+5155.807335783: grid210x_device byte send 37 eoi 0
+5155.807389784: grid210x_device byte send 2d eoi 0
+5155.807442786: grid210x_device byte send 30 eoi 0
+5155.807496787: grid210x_device byte send 30 eoi 0
+5155.807547789: grid210x_device byte send 00 eoi 0
+5155.807604790: grid210x_device byte send 02 eoi 0
+5155.807656792: grid210x_device byte send 09 eoi 0
+5155.807710793: grid210x_device byte send 00 eoi 0
+5155.807766795: grid210x_device byte send 02 eoi 0
+5155.807813796: grid210x_device byte send 00 eoi 1
+5155.808288809: grid210x_device byte recv 5f atn 1 eoi 0
+5155.808326811: grid210x_device now not talking
+5155.811280893: grid210x_device byte recv 25 atn 1 eoi 0
+5155.811335894: grid210x_device now listening
+5155.811803907: grid210x_device byte recv 04 atn 0 eoi 0
+5155.811881910: grid210x_device byte recv 00 atn 0 eoi 0
+5155.811950912: grid210x_device byte recv 00 atn 0 eoi 0
+5155.812017913: grid210x_device byte recv 00 atn 0 eoi 0
+5155.812086915: grid210x_device byte recv 00 atn 0 eoi 0
+5155.812295921: grid210x_device byte recv 00 atn 0 eoi 0
+5155.812383924: grid210x_device byte recv 00 atn 0 eoi 0
+5155.812457926: grid210x_device byte recv 00 atn 0 eoi 0
+5155.812527928: grid210x_device byte recv 02 atn 0 eoi 0
+5155.813618958: grid210x_device byte recv 20 atn 0 eoi 1
+5155.813706960: grid210x_device byte recv 3f atn 1 eoi 0
+5155.813737961: grid210x_device now not listening
+5155.813749962: grid210x_device command 4, data size 512, sector no 0
+5155.814980996: grid210x_device byte recv 18 atn 1 eoi 0
+5155.815083999: grid210x_device byte recv 45 atn 1 eoi 0
+5155.815116000: grid210x_device now talking
+5155.815145001: grid210x_device byte send 4f eoi 0
+5155.815270004: grid210x_device byte recv 19 atn 1 eoi 0
+5155.815351006: grid210x_device byte recv 5f atn 1 eoi 0
+5155.815375007: grid210x_device now not talking
+5155.816702044: grid210x_device byte recv 45 atn 1 eoi 0
+5155.816752045: grid210x_device now talking
+5155.817920078: grid210x_device byte send 53 eoi 0
+5155.818372090: grid210x_device byte send 79 eoi 0
+5155.818428092: grid210x_device byte send 73 eoi 0
+5155.818483094: grid210x_device byte send 74 eoi 0
+5155.818536095: grid210x_device byte send 65 eoi 0
+5155.818733101: grid210x_device byte send 6d eoi 0
+5155.818799102: grid210x_device byte send 20 eoi 0
+5155.818855104: grid210x_device byte send 44 eoi 0
+5155.818908105: grid210x_device byte send 69 eoi 0
+5155.819053109: grid210x_device byte send 73 eoi 0
+5155.819108111: grid210x_device byte send 6b eoi 0
+5155.819160112: grid210x_device byte send 21 eoi 0
+5155.819211114: grid210x_device byte send 21 eoi 0
+5155.819265115: grid210x_device byte send 00 eoi 0
+5155.819320117: grid210x_device byte send 00 eoi 0
+5155.819377118: grid210x_device byte send 00 eoi 0
+5155.819429120: grid210x_device byte send 00 eoi 0
+5155.819484121: grid210x_device byte send 00 eoi 0
+5155.819535123: grid210x_device byte send 00 eoi 0
+5155.819587124: grid210x_device byte send 00 eoi 0
+5155.819768129: grid210x_device byte send 00 eoi 0
+5155.819837131: grid210x_device byte send 00 eoi 0
+5155.819896133: grid210x_device byte send 00 eoi 0
+5155.819949134: grid210x_device byte send 00 eoi 0
+5155.820069138: grid210x_device byte send 00 eoi 0
+5155.820142140: grid210x_device byte send 00 eoi 0
+5155.820199141: grid210x_device byte send 00 eoi 0
+5155.820255143: grid210x_device byte send 00 eoi 0
+5155.820308144: grid210x_device byte send 00 eoi 0
+5155.820362146: grid210x_device byte send 00 eoi 0
+5155.820415147: grid210x_device byte send 00 eoi 0
+5155.820469149: grid210x_device byte send 00 eoi 0
+5155.820522150: grid210x_device byte send 00 eoi 0
+5155.820574152: grid210x_device byte send 00 eoi 0
+5155.820868160: grid210x_device byte send 00 eoi 0
+5155.820943162: grid210x_device byte send 00 eoi 0
+5155.820999164: grid210x_device byte send 00 eoi 0
+5155.821053165: grid210x_device byte send 00 eoi 0
+5155.821107167: grid210x_device byte send 00 eoi 0
+5155.821159168: grid210x_device byte send 00 eoi 0
+5155.821211170: grid210x_device byte send 00 eoi 0
+5155.821267171: grid210x_device byte send 00 eoi 0
+5155.821319173: grid210x_device byte send 00 eoi 0
+5155.821374174: grid210x_device byte send 00 eoi 0
+5155.821430176: grid210x_device byte send 00 eoi 0
+5155.821485177: grid210x_device byte send 00 eoi 0
+5155.821537179: grid210x_device byte send 00 eoi 0
+5155.821589180: grid210x_device byte send 00 eoi 0
+5155.821643182: grid210x_device byte send 00 eoi 0
+5155.821696183: grid210x_device byte send 00 eoi 0
+5155.821749185: grid210x_device byte send 00 eoi 0
+5155.821966191: grid210x_device byte send 00 eoi 0
+5155.822038193: grid210x_device byte send 00 eoi 0
+5155.822095194: grid210x_device byte send 00 eoi 0
+5155.822148196: grid210x_device byte send 00 eoi 0
+5155.822201197: grid210x_device byte send 00 eoi 0
+5155.822254199: grid210x_device byte send 00 eoi 0
+5155.822306200: grid210x_device byte send 00 eoi 0
+5155.822360202: grid210x_device byte send 00 eoi 0
+5155.822412203: grid210x_device byte send 00 eoi 0
+5155.822463204: grid210x_device byte send 00 eoi 0
+5155.822516206: grid210x_device byte send 00 eoi 0
+5155.822570207: grid210x_device byte send 00 eoi 0
+5155.822624209: grid210x_device byte send 00 eoi 0
+5155.822676210: grid210x_device byte send 00 eoi 0
+5155.822730212: grid210x_device byte send 00 eoi 0
+5155.822783213: grid210x_device byte send 00 eoi 0
+5155.822834215: grid210x_device byte send 00 eoi 0
+5155.823033220: grid210x_device byte send 00 eoi 0
+5155.823097222: grid210x_device byte send 00 eoi 0
+5155.823455232: grid210x_device byte send 00 eoi 0
+5155.823521234: grid210x_device byte send 00 eoi 0
+5155.823576236: grid210x_device byte send 00 eoi 0
+5155.823630237: grid210x_device byte send 00 eoi 0
+5155.823682238: grid210x_device byte send 00 eoi 0
+5155.823735240: grid210x_device byte send 00 eoi 0
+5155.823789241: grid210x_device byte send 00 eoi 0
+5155.823841243: grid210x_device byte send 00 eoi 0
+5155.823951246: grid210x_device byte send 00 eoi 0
+5155.824153252: grid210x_device byte send 00 eoi 0
+5155.824210253: grid210x_device byte send 00 eoi 0
+5155.824265255: grid210x_device byte send 00 eoi 0
+5155.824318256: grid210x_device byte send 00 eoi 0
+5155.824372258: grid210x_device byte send 00 eoi 0
+5155.824425259: grid210x_device byte send 00 eoi 0
+5155.824479261: grid210x_device byte send 00 eoi 0
+5155.824530262: grid210x_device byte send 00 eoi 0
+5155.824584264: grid210x_device byte send 00 eoi 0
+5155.824640265: grid210x_device byte send 00 eoi 0
+5155.824692267: grid210x_device byte send 00 eoi 0
+5155.824745268: grid210x_device byte send 00 eoi 0
+5155.824798270: grid210x_device byte send 00 eoi 0
+5155.824854271: grid210x_device byte send 00 eoi 0
+5155.824907273: grid210x_device byte send 00 eoi 0
+5155.824960274: grid210x_device byte send 00 eoi 0
+5155.825148279: grid210x_device byte send 00 eoi 0
+5155.825222281: grid210x_device byte send 00 eoi 0
+5155.825279283: grid210x_device byte send 00 eoi 0
+5155.825332284: grid210x_device byte send 00 eoi 0
+5155.825388286: grid210x_device byte send 00 eoi 0
+5155.825441287: grid210x_device byte send 00 eoi 0
+5155.825495289: grid210x_device byte send 00 eoi 0
+5155.825548290: grid210x_device byte send 00 eoi 0
+5155.825601292: grid210x_device byte send 00 eoi 0
+5155.825655293: grid210x_device byte send 00 eoi 0
+5155.825707295: grid210x_device byte send 00 eoi 0
+5155.825760296: grid210x_device byte send 00 eoi 0
+5155.825813298: grid210x_device byte send 00 eoi 0
+5155.825867299: grid210x_device byte send 00 eoi 0
+5155.825921301: grid210x_device byte send 00 eoi 0
+5155.825975302: grid210x_device byte send 00 eoi 0
+5155.826028304: grid210x_device byte send 00 eoi 0
+5155.826220309: grid210x_device byte send 00 eoi 0
+5155.826291311: grid210x_device byte send 00 eoi 0
+5155.826347313: grid210x_device byte send 00 eoi 0
+5155.826401314: grid210x_device byte send 00 eoi 0
+5155.826453316: grid210x_device byte send 00 eoi 0
+5155.826505317: grid210x_device byte send 00 eoi 0
+5155.826558319: grid210x_device byte send 00 eoi 0
+5155.826610320: grid210x_device byte send 00 eoi 0
+5155.826666322: grid210x_device byte send 00 eoi 0
+5155.826720323: grid210x_device byte send 00 eoi 0
+5155.826772325: grid210x_device byte send 00 eoi 0
+5155.826823326: grid210x_device byte send 00 eoi 0
+5155.826878328: grid210x_device byte send 00 eoi 0
+5155.826931329: grid210x_device byte send 00 eoi 0
+5155.826985331: grid210x_device byte send 00 eoi 0
+5155.827037332: grid210x_device byte send 00 eoi 0
+5155.827089333: grid210x_device byte send 00 eoi 0
+5155.827286339: grid210x_device byte send 00 eoi 0
+5155.827358341: grid210x_device byte send 00 eoi 0
+5155.827414342: grid210x_device byte send 00 eoi 0
+5155.827470344: grid210x_device byte send 00 eoi 0
+5155.827522345: grid210x_device byte send 00 eoi 0
+5155.827575347: grid210x_device byte send 00 eoi 0
+5155.827629348: grid210x_device byte send 00 eoi 0
+5155.827681350: grid210x_device byte send 00 eoi 0
+5155.827735351: grid210x_device byte send 00 eoi 0
+5155.827788353: grid210x_device byte send 00 eoi 0
+5155.827839354: grid210x_device byte send 00 eoi 0
+5155.827896356: grid210x_device byte send 00 eoi 0
+5155.827948357: grid210x_device byte send 00 eoi 0
+5155.828001359: grid210x_device byte send 00 eoi 0
+5155.828053360: grid210x_device byte send 00 eoi 0
+5155.828107362: grid210x_device byte send 00 eoi 0
+5155.828160363: grid210x_device byte send 00 eoi 0
+5155.828354369: grid210x_device byte send 00 eoi 0
+5155.828422371: grid210x_device byte send 00 eoi 0
+5155.828835382: grid210x_device byte send 00 eoi 0
+5155.828909384: grid210x_device byte send 00 eoi 0
+5155.828964386: grid210x_device byte send 00 eoi 0
+5155.829022387: grid210x_device byte send 00 eoi 0
+5155.829075389: grid210x_device byte send 00 eoi 0
+5155.829129390: grid210x_device byte send 00 eoi 0
+5155.829182392: grid210x_device byte send 00 eoi 0
+5155.829235393: grid210x_device byte send 00 eoi 0
+5155.829484400: grid210x_device byte send 00 eoi 0
+5155.829546402: grid210x_device byte send 00 eoi 0
+5155.829603403: grid210x_device byte send 00 eoi 0
+5155.829657405: grid210x_device byte send 00 eoi 0
+5155.829709406: grid210x_device byte send 00 eoi 0
+5155.829764408: grid210x_device byte send 00 eoi 0
+5155.829816409: grid210x_device byte send 00 eoi 0
+5155.829870411: grid210x_device byte send 00 eoi 0
+5155.829924412: grid210x_device byte send 00 eoi 0
+5155.829978414: grid210x_device byte send 00 eoi 0
+5155.830107418: grid210x_device byte send 00 eoi 0
+5155.830172419: grid210x_device byte send 00 eoi 0
+5155.830229421: grid210x_device byte send 00 eoi 0
+5155.830283422: grid210x_device byte send 00 eoi 0
+5155.830337424: grid210x_device byte send 00 eoi 0
+5155.830539430: grid210x_device byte send 00 eoi 0
+5155.830598431: grid210x_device byte send 00 eoi 0
+5155.830652433: grid210x_device byte send 00 eoi 0
+5155.830705434: grid210x_device byte send 00 eoi 0
+5155.830760436: grid210x_device byte send 00 eoi 0
+5155.830812437: grid210x_device byte send 00 eoi 0
+5155.830868439: grid210x_device byte send 00 eoi 0
+5155.830921440: grid210x_device byte send 00 eoi 0
+5155.830976442: grid210x_device byte send 00 eoi 0
+5155.831028443: grid210x_device byte send 00 eoi 0
+5155.831082445: grid210x_device byte send 00 eoi 0
+5155.831137446: grid210x_device byte send 00 eoi 0
+5155.831190448: grid210x_device byte send 00 eoi 0
+5155.831244449: grid210x_device byte send 00 eoi 0
+5155.831297451: grid210x_device byte send 00 eoi 0
+5155.831351452: grid210x_device byte send 00 eoi 0
+5155.831545458: grid210x_device byte send 00 eoi 0
+5155.831618460: grid210x_device byte send 00 eoi 0
+5155.831676461: grid210x_device byte send 00 eoi 0
+5155.831732463: grid210x_device byte send 00 eoi 0
+5155.831785464: grid210x_device byte send 00 eoi 0
+5155.831838466: grid210x_device byte send 00 eoi 0
+5155.831894467: grid210x_device byte send 00 eoi 0
+5155.831947469: grid210x_device byte send 00 eoi 0
+5155.832002470: grid210x_device byte send 00 eoi 0
+5155.832055472: grid210x_device byte send 00 eoi 0
+5155.832108473: grid210x_device byte send 00 eoi 0
+5155.832161475: grid210x_device byte send 00 eoi 0
+5155.832228477: grid210x_device byte send 00 eoi 0
+5155.832284478: grid210x_device byte send 00 eoi 0
+5155.832338480: grid210x_device byte send 00 eoi 0
+5155.832391481: grid210x_device byte send 00 eoi 0
+5155.832444483: grid210x_device byte send 00 eoi 0
+5155.832651488: grid210x_device byte send 00 eoi 0
+5155.832723490: grid210x_device byte send 00 eoi 0
+5155.832780492: grid210x_device byte send 00 eoi 0
+5155.832835494: grid210x_device byte send 00 eoi 0
+5155.832891495: grid210x_device byte send 00 eoi 0
+5155.832944497: grid210x_device byte send 00 eoi 0
+5155.832999498: grid210x_device byte send 00 eoi 0
+5155.833053500: grid210x_device byte send 00 eoi 0
+5155.833107501: grid210x_device byte send 00 eoi 0
+5155.833160503: grid210x_device byte send 00 eoi 0
+5155.833212504: grid210x_device byte send 00 eoi 0
+5155.833268506: grid210x_device byte send 00 eoi 0
+5155.833320507: grid210x_device byte send 00 eoi 0
+5155.833373509: grid210x_device byte send 00 eoi 0
+5155.833425510: grid210x_device byte send 00 eoi 0
+5155.833479511: grid210x_device byte send 00 eoi 0
+5155.833661517: grid210x_device byte send 00 eoi 0
+5155.833737519: grid210x_device byte send 00 eoi 0
+5155.833794520: grid210x_device byte send 00 eoi 0
+5155.833851522: grid210x_device byte send 00 eoi 0
+5155.833904523: grid210x_device byte send 00 eoi 0
+5155.833957525: grid210x_device byte send 00 eoi 0
+5155.834011526: grid210x_device byte send 00 eoi 0
+5155.834368536: grid210x_device byte send 00 eoi 0
+5155.834432538: grid210x_device byte send 00 eoi 0
+5155.834489540: grid210x_device byte send 00 eoi 0
+5155.834543541: grid210x_device byte send 00 eoi 0
+5155.834774548: grid210x_device byte send 00 eoi 0
+5155.834848550: grid210x_device byte send 00 eoi 0
+5155.834907551: grid210x_device byte send 00 eoi 0
+5155.834961553: grid210x_device byte send 00 eoi 0
+5155.835017554: grid210x_device byte send 00 eoi 0
+5155.835069556: grid210x_device byte send 00 eoi 0
+5155.835122557: grid210x_device byte send 00 eoi 0
+5155.835174559: grid210x_device byte send 00 eoi 0
+5155.835228560: grid210x_device byte send 00 eoi 0
+5155.835282562: grid210x_device byte send 00 eoi 0
+5155.835334563: grid210x_device byte send 00 eoi 0
+5155.835389565: grid210x_device byte send 00 eoi 0
+5155.835533569: grid210x_device byte send 00 eoi 0
+5155.835585570: grid210x_device byte send 00 eoi 0
+5155.835640572: grid210x_device byte send 00 eoi 0
+5155.835831577: grid210x_device byte send 00 eoi 0
+5155.835907579: grid210x_device byte send 00 eoi 0
+5155.835965581: grid210x_device byte send 00 eoi 0
+5155.836020582: grid210x_device byte send 00 eoi 0
+5155.836073584: grid210x_device byte send 00 eoi 0
+5155.836126585: grid210x_device byte send 00 eoi 0
+5155.836178587: grid210x_device byte send 00 eoi 0
+5155.836232588: grid210x_device byte send 00 eoi 0
+5155.836284590: grid210x_device byte send 00 eoi 0
+5155.836337591: grid210x_device byte send 00 eoi 0
+5155.836391593: grid210x_device byte send 00 eoi 0
+5155.836443594: grid210x_device byte send 00 eoi 0
+5155.836497596: grid210x_device byte send 00 eoi 0
+5155.836550597: grid210x_device byte send 00 eoi 0
+5155.836658600: grid210x_device byte send 00 eoi 0
+5155.836882606: grid210x_device byte send 00 eoi 0
+5155.836957608: grid210x_device byte send 00 eoi 0
+5155.837017610: grid210x_device byte send 00 eoi 0
+5155.837073612: grid210x_device byte send 00 eoi 0
+5155.837131613: grid210x_device byte send 00 eoi 0
+5155.837186615: grid210x_device byte send 00 eoi 0
+5155.837240616: grid210x_device byte send 00 eoi 0
+5155.837292618: grid210x_device byte send 00 eoi 0
+5155.837346619: grid210x_device byte send 00 eoi 0
+5155.837400621: grid210x_device byte send 00 eoi 0
+5155.837452622: grid210x_device byte send 00 eoi 0
+5155.837505624: grid210x_device byte send 00 eoi 0
+5155.837556625: grid210x_device byte send 00 eoi 0
+5155.837611627: grid210x_device byte send 00 eoi 0
+5155.837664628: grid210x_device byte send 00 eoi 0
+5155.837716630: grid210x_device byte send 00 eoi 0
+5155.837771631: grid210x_device byte send 00 eoi 0
+5155.837980637: grid210x_device byte send 00 eoi 0
+5155.838054639: grid210x_device byte send 00 eoi 0
+5155.838111641: grid210x_device byte send 00 eoi 0
+5155.838166642: grid210x_device byte send 00 eoi 0
+5155.838221644: grid210x_device byte send 00 eoi 0
+5155.838275645: grid210x_device byte send 00 eoi 0
+5155.838328647: grid210x_device byte send 00 eoi 0
+5155.838380648: grid210x_device byte send 00 eoi 0
+5155.838431649: grid210x_device byte send 00 eoi 0
+5155.838485651: grid210x_device byte send 00 eoi 0
+5155.838537652: grid210x_device byte send 00 eoi 0
+5155.838589654: grid210x_device byte send 00 eoi 0
+5155.838643655: grid210x_device byte send 00 eoi 0
+5155.838695657: grid210x_device byte send 00 eoi 0
+5155.838748658: grid210x_device byte send 00 eoi 0
+5155.838800660: grid210x_device byte send 00 eoi 0
+5155.838855661: grid210x_device byte send 00 eoi 0
+5155.839039666: grid210x_device byte send 00 eoi 0
+5155.839111668: grid210x_device byte send 00 eoi 0
+5155.839167670: grid210x_device byte send 00 eoi 0
+5155.839222672: grid210x_device byte send 00 eoi 0
+5155.839276673: grid210x_device byte send 00 eoi 0
+5155.839327674: grid210x_device byte send 00 eoi 0
+5155.839380676: grid210x_device byte send 00 eoi 0
+5155.839431677: grid210x_device byte send 00 eoi 0
+5155.839484679: grid210x_device byte send 00 eoi 0
+5155.839538680: grid210x_device byte send 00 eoi 0
+5155.839589682: grid210x_device byte send 00 eoi 0
+5155.839926691: grid210x_device byte send 00 eoi 0
+5155.840391704: grid210x_device byte send 00 eoi 0
+5155.840450706: grid210x_device byte send 00 eoi 0
+5155.840507707: grid210x_device byte send 00 eoi 0
+5155.840560709: grid210x_device byte send 00 eoi 0
+5155.840611710: grid210x_device byte send 00 eoi 0
+5155.840664712: grid210x_device byte send 00 eoi 0
+5155.840717713: grid210x_device byte send 00 eoi 0
+5155.840771715: grid210x_device byte send 00 eoi 0
+5155.840823716: grid210x_device byte send 00 eoi 0
+5155.840877718: grid210x_device byte send 00 eoi 0
+5155.840929719: grid210x_device byte send 00 eoi 0
+5155.840981721: grid210x_device byte send 00 eoi 0
+5155.841034722: grid210x_device byte send 00 eoi 0
+5155.841086723: grid210x_device byte send 00 eoi 0
+5155.841139725: grid210x_device byte send 00 eoi 0
+5155.841192726: grid210x_device byte send 00 eoi 0
+5155.841395732: grid210x_device byte send 00 eoi 0
+5155.841464734: grid210x_device byte send 00 eoi 0
+5155.841523736: grid210x_device byte send 00 eoi 0
+5155.841577737: grid210x_device byte send 00 eoi 0
+5155.841631739: grid210x_device byte send 00 eoi 0
+5155.841685740: grid210x_device byte send 00 eoi 0
+5155.841739742: grid210x_device byte send 00 eoi 0
+5155.841792743: grid210x_device byte send 00 eoi 0
+5155.841846745: grid210x_device byte send 00 eoi 0
+5155.841899746: grid210x_device byte send 00 eoi 0
+5155.841953748: grid210x_device byte send 00 eoi 0
+5155.842006749: grid210x_device byte send 00 eoi 0
+5155.842058751: grid210x_device byte send 00 eoi 0
+5155.842112752: grid210x_device byte send 00 eoi 0
+5155.842164754: grid210x_device byte send 00 eoi 0
+5155.842216755: grid210x_device byte send 00 eoi 0
+5155.842271756: grid210x_device byte send 00 eoi 0
+5155.842487763: grid210x_device byte send 00 eoi 0
+5155.842560765: grid210x_device byte send 00 eoi 0
+5155.842620766: grid210x_device byte send 00 eoi 0
+5155.842674768: grid210x_device byte send 00 eoi 0
+5155.842729769: grid210x_device byte send 00 eoi 0
+5155.842781771: grid210x_device byte send 00 eoi 0
+5155.842834772: grid210x_device byte send 00 eoi 0
+5155.842891774: grid210x_device byte send 00 eoi 0
+5155.842943775: grid210x_device byte send 00 eoi 0
+5155.842997777: grid210x_device byte send 00 eoi 0
+5155.843050778: grid210x_device byte send 00 eoi 0
+5155.843105780: grid210x_device byte send 00 eoi 0
+5155.843157781: grid210x_device byte send 00 eoi 0
+5155.843210783: grid210x_device byte send 00 eoi 0
+5155.843265784: grid210x_device byte send 00 eoi 0
+5155.843317786: grid210x_device byte send 00 eoi 0
+5155.843499791: grid210x_device byte send 00 eoi 0
+5155.843572793: grid210x_device byte send 00 eoi 0
+5155.843632794: grid210x_device byte send 00 eoi 0
+5155.843686796: grid210x_device byte send 00 eoi 0
+5155.843741797: grid210x_device byte send 00 eoi 0
+5155.843793799: grid210x_device byte send 00 eoi 0
+5155.843846800: grid210x_device byte send 00 eoi 0
+5155.843899802: grid210x_device byte send 00 eoi 0
+5155.843951803: grid210x_device byte send 00 eoi 0
+5155.844005805: grid210x_device byte send 00 eoi 0
+5155.844057806: grid210x_device byte send 00 eoi 0
+5155.844110808: grid210x_device byte send 00 eoi 0
+5155.844163809: grid210x_device byte send 00 eoi 0
+5155.844215811: grid210x_device byte send 00 eoi 0
+5155.844269812: grid210x_device byte send 00 eoi 0
+5155.844321814: grid210x_device byte send 00 eoi 0
+5155.844373815: grid210x_device byte send 00 eoi 0
+5155.844461818: grid210x_device byte send 00 eoi 0
+5155.844686824: grid210x_device byte send 00 eoi 0
+5155.844787827: grid210x_device byte send 00 eoi 0
+5155.844847828: grid210x_device byte send 00 eoi 0
+5155.844902830: grid210x_device byte send 00 eoi 0
+5155.844955831: grid210x_device byte send 00 eoi 0
+5155.845007833: grid210x_device byte send 00 eoi 0
+5155.845061834: grid210x_device byte send 00 eoi 0
+5155.845115836: grid210x_device byte send 00 eoi 0
+5155.845168837: grid210x_device byte send 00 eoi 0
+5155.845223839: grid210x_device byte send 00 eoi 0
+5155.845275840: grid210x_device byte send 00 eoi 0
+5155.845835856: grid210x_device byte send 00 eoi 0
+5155.845903858: grid210x_device byte send 00 eoi 0
+5155.845957859: grid210x_device byte send 00 eoi 0
+5155.846011861: grid210x_device byte send 00 eoi 0
+5155.846063862: grid210x_device byte send 00 eoi 0
+5155.846117864: grid210x_device byte send 00 eoi 0
+5155.846169865: grid210x_device byte send 00 eoi 0
+5155.846223867: grid210x_device byte send 00 eoi 0
+5155.846275868: grid210x_device byte send 00 eoi 0
+5155.846326869: grid210x_device byte send 00 eoi 0
+5155.846379871: grid210x_device byte send 00 eoi 0
+5155.846431872: grid210x_device byte send 00 eoi 0
+5155.846485874: grid210x_device byte send 00 eoi 0
+5155.846538875: grid210x_device byte send 00 eoi 0
+5155.846591877: grid210x_device byte send 00 eoi 0
+5155.846803883: grid210x_device byte send 00 eoi 0
+5155.846872885: grid210x_device byte send 00 eoi 0
+5155.846928886: grid210x_device byte send 00 eoi 0
+5155.846982888: grid210x_device byte send 00 eoi 0
+5155.847036889: grid210x_device byte send 00 eoi 0
+5155.847088891: grid210x_device byte send 00 eoi 0
+5155.847143892: grid210x_device byte send 00 eoi 0
+5155.847196894: grid210x_device byte send 00 eoi 0
+5155.847424900: grid210x_device byte send 00 eoi 0
+5155.847478902: grid210x_device byte send 00 eoi 0
+5155.847531903: grid210x_device byte send 00 eoi 0
+5155.847583905: grid210x_device byte send 00 eoi 0
+5155.847639906: grid210x_device byte send 00 eoi 0
+5155.847849912: grid210x_device byte send 00 eoi 0
+5155.847927914: grid210x_device byte send 00 eoi 0
+5155.847986916: grid210x_device byte send 00 eoi 0
+5155.848041917: grid210x_device byte send 00 eoi 0
+5155.848096919: grid210x_device byte send 00 eoi 0
+5155.848148920: grid210x_device byte send 00 eoi 0
+5155.848201922: grid210x_device byte send 00 eoi 0
+5155.848254923: grid210x_device byte send 00 eoi 0
+5155.848306925: grid210x_device byte send 00 eoi 0
+5155.848359926: grid210x_device byte send 00 eoi 0
+5155.848412928: grid210x_device byte send 00 eoi 0
+5155.848465929: grid210x_device byte send 00 eoi 0
+5155.848520931: grid210x_device byte send 00 eoi 0
+5155.848572932: grid210x_device byte send 00 eoi 0
+5155.848623933: grid210x_device byte send 00 eoi 0
+5155.848677935: grid210x_device byte send 00 eoi 0
+5155.848731937: grid210x_device byte send 00 eoi 0
+5155.848917942: grid210x_device byte send 00 eoi 0
+5155.848990944: grid210x_device byte send 00 eoi 0
+5155.849046945: grid210x_device byte send 00 eoi 0
+5155.849101947: grid210x_device byte send 00 eoi 0
+5155.849156948: grid210x_device byte send 00 eoi 0
+5155.849206950: grid210x_device byte send 00 eoi 0
+5155.849262951: grid210x_device byte send 00 eoi 0
+5155.849312953: grid210x_device byte send 00 eoi 0
+5155.849364954: grid210x_device byte send 00 eoi 0
+5155.849417956: grid210x_device byte send 00 eoi 0
+5155.849471957: grid210x_device byte send 00 eoi 0
+5155.849524959: grid210x_device byte send 00 eoi 0
+5155.849576960: grid210x_device byte send 00 eoi 0
+5155.849632962: grid210x_device byte send 00 eoi 0
+5155.849686963: grid210x_device byte send 00 eoi 0
+5155.849739965: grid210x_device byte send 00 eoi 0
+5155.849792966: grid210x_device byte send 00 eoi 0
+5155.849980971: grid210x_device byte send 00 eoi 0
+5155.850121975: grid210x_device byte send 00 eoi 0
+5155.850183977: grid210x_device byte send 00 eoi 0
+5155.850240979: grid210x_device byte send 00 eoi 0
+5155.850292980: grid210x_device byte send 00 eoi 0
+5155.850346982: grid210x_device byte send 00 eoi 0
+5155.850397983: grid210x_device byte send 00 eoi 0
+5155.850450984: grid210x_device byte send 00 eoi 0
+5155.850503986: grid210x_device byte send 00 eoi 0
+5155.850557987: grid210x_device byte send 00 eoi 0
+5155.850610989: grid210x_device byte send 00 eoi 0
+5155.850663990: grid210x_device byte send 00 eoi 0
+5155.850717992: grid210x_device byte send 00 eoi 0
+5155.850772993: grid210x_device byte send 00 eoi 0
+5155.850824995: grid210x_device byte send 00 eoi 0
+5155.851013000: grid210x_device byte send 00 eoi 0
+5155.851381010: grid210x_device byte send 00 eoi 0
+5155.851448012: grid210x_device byte send 00 eoi 0
+5155.851504014: grid210x_device byte send 00 eoi 0
+5155.851557015: grid210x_device byte send 00 eoi 0
+5155.851612017: grid210x_device byte send 00 eoi 0
+5155.851664018: grid210x_device byte send 00 eoi 0
+5155.851716020: grid210x_device byte send 00 eoi 0
+5155.851770021: grid210x_device byte send 00 eoi 0
+5155.851823023: grid210x_device byte send 00 eoi 0
+5155.852133031: grid210x_device byte send 00 eoi 0
+5155.852207033: grid210x_device byte send 00 eoi 0
+5155.852265035: grid210x_device byte send 00 eoi 0
+5155.852319036: grid210x_device byte send 00 eoi 0
+5155.852375038: grid210x_device byte send 00 eoi 0
+5155.852428040: grid210x_device byte send 00 eoi 0
+5155.852483041: grid210x_device byte send 00 eoi 0
+5155.852535042: grid210x_device byte send 00 eoi 0
+5155.852587044: grid210x_device byte send 00 eoi 0
+5155.852704047: grid210x_device byte send 00 eoi 0
+5155.852800050: grid210x_device byte send 00 eoi 0
+5155.852863052: grid210x_device byte send 00 eoi 0
+5155.852918053: grid210x_device byte send 00 eoi 0
+5155.852974055: grid210x_device byte send 00 eoi 0
+5155.853028056: grid210x_device byte send 00 eoi 0
+5155.853260063: grid210x_device byte send 00 eoi 0
+5155.853320064: grid210x_device byte send 00 eoi 0
+5155.853377066: grid210x_device byte send 00 eoi 0
+5155.853430067: grid210x_device byte send 00 eoi 0
+5155.853484069: grid210x_device byte send 00 eoi 0
+5155.853537070: grid210x_device byte send 00 eoi 0
+5155.853589072: grid210x_device byte send 00 eoi 0
+5155.853644073: grid210x_device byte send 00 eoi 0
+5155.853697075: grid210x_device byte send 00 eoi 0
+5155.853751076: grid210x_device byte send 00 eoi 0
+5155.853803078: grid210x_device byte send 00 eoi 0
+5155.853858079: grid210x_device byte send 00 eoi 0
+5155.853911081: grid210x_device byte send 00 eoi 0
+5155.853963082: grid210x_device byte send 00 eoi 0
+5155.854017084: grid210x_device byte send 00 eoi 0
+5155.854069085: grid210x_device byte send 00 eoi 0
+5155.854251090: grid210x_device byte send 00 eoi 0
+5155.854322092: grid210x_device byte send 00 eoi 0
+5155.854381094: grid210x_device byte send 00 eoi 0
+5155.854437095: grid210x_device byte send 00 eoi 0
+5155.854491097: grid210x_device byte send 00 eoi 0
+5155.854545098: grid210x_device byte send 00 eoi 0
+5155.854599100: grid210x_device byte send 00 eoi 0
+5155.854652101: grid210x_device byte send 00 eoi 0
+5155.854701103: grid210x_device byte send 00 eoi 1
+5155.855303120: grid210x_device byte recv 5f atn 1 eoi 0
+5155.855348121: grid210x_device now not talking
+5155.857687186: grid210x_device byte recv 25 atn 1 eoi 0
+5155.857735187: grid210x_device now listening
+5155.858885219: grid210x_device byte recv 04 atn 0 eoi 0
+5155.858976222: grid210x_device byte recv 00 atn 0 eoi 0
+5155.859048224: grid210x_device byte recv 00 atn 0 eoi 0
+5155.859114226: grid210x_device byte recv 01 atn 0 eoi 0
+5155.859181228: grid210x_device byte recv 00 atn 0 eoi 0
+5155.859251230: grid210x_device byte recv 00 atn 0 eoi 0
+5155.859317231: grid210x_device byte recv 00 atn 0 eoi 0
+5155.859511237: grid210x_device byte recv 00 atn 0 eoi 0
+5155.859598239: grid210x_device byte recv 02 atn 0 eoi 0
+5155.860752271: grid210x_device byte recv 3f atn 1 eoi 0
+5155.860801273: grid210x_device now not listening
+5171.964324165: grid210x_device byte recv 14 atn 1 eoi 0
+5172.506147205: grid210x_device byte recv 26 atn 1 eoi 0
+5172.510296320: grid210x_device byte recv 14 atn 1 eoi 0
+5175.121607779: grid210x_device byte recv 14 atn 1 eoi 0
+5175.850675001: grid210x_device byte recv 25 atn 1 eoi 0
+5175.850737003: grid210x_device now listening
+5175.851932036: grid210x_device byte recv 01 atn 0 eoi 0
+5175.852021038: grid210x_device byte recv 00 atn 0 eoi 0
+5175.852093040: grid210x_device byte recv 00 atn 0 eoi 0
+5175.852289046: grid210x_device byte recv 00 atn 0 eoi 0
+5175.852377048: grid210x_device byte recv 00 atn 0 eoi 0
+5175.852447050: grid210x_device byte recv 00 atn 0 eoi 0
+5175.852516052: grid210x_device byte recv 00 atn 0 eoi 0
+5175.852926064: grid210x_device byte recv 34 atn 0 eoi 0
+5175.853007066: grid210x_device byte recv 00 atn 0 eoi 0
+5175.854095096: grid210x_device byte recv 20 atn 0 eoi 1
+5175.854184098: grid210x_device byte recv 3f atn 1 eoi 0
+5175.854214099: grid210x_device now not listening
+5175.854227100: grid210x_device command 1, data size 52, sector no 0
+5175.856325158: grid210x_device byte recv 45 atn 1 eoi 0
+5175.856378159: grid210x_device now talking
+5175.857662195: grid210x_device byte send 00 eoi 0
+5175.857990204: grid210x_device byte send 02 eoi 0
+5175.858047206: grid210x_device byte send f8 eoi 0
+5175.858102207: grid210x_device byte send 01 eoi 0
+5175.858155209: grid210x_device byte send d0 eoi 0
+5175.858209210: grid210x_device byte send 02 eoi 0
+5175.858262212: grid210x_device byte send 01 eoi 0
+5175.858315213: grid210x_device byte send 20 eoi 0
+5175.858368215: grid210x_device byte send 01 eoi 0
+5175.858421216: grid210x_device byte send 21 eoi 0
+5175.858474217: grid210x_device byte send 01 eoi 0
+5175.858526219: grid210x_device byte send 01 eoi 0
+5175.858705224: grid210x_device byte send 00 eoi 0
+5175.858778226: grid210x_device byte send 00 eoi 0
+5175.858836227: grid210x_device byte send 34 eoi 0
+5175.858888229: grid210x_device byte send 38 eoi 0
+5175.858939230: grid210x_device byte send 20 eoi 0
+5175.858992232: grid210x_device byte send 54 eoi 0
+5175.859043233: grid210x_device byte send 50 eoi 0
+5175.859095235: grid210x_device byte send 49 eoi 0
+5175.859146236: grid210x_device byte send 20 eoi 0
+5175.859196237: grid210x_device byte send 44 eoi 0
+5175.859249239: grid210x_device byte send 53 eoi 0
+5175.859301240: grid210x_device byte send 20 eoi 0
+5175.859354242: grid210x_device byte send 44 eoi 0
+5175.859407243: grid210x_device byte send 44 eoi 0
+5175.859462245: grid210x_device byte send 20 eoi 0
+5175.859514246: grid210x_device byte send 46 eoi 0
+5175.859565248: grid210x_device byte send 4c eoi 0
+5175.859618249: grid210x_device byte send 4f eoi 0
+5175.859808254: grid210x_device byte send 50 eoi 0
+5175.859873256: grid210x_device byte send 50 eoi 0
+5175.859927258: grid210x_device byte send 59 eoi 0
+5175.859981259: grid210x_device byte send 20 eoi 0
+5175.860106263: grid210x_device byte send 20 eoi 0
+5175.860170264: grid210x_device byte send 20 eoi 0
+5175.860226266: grid210x_device byte send 20 eoi 0
+5175.860279268: grid210x_device byte send 33 eoi 0
+5175.860334269: grid210x_device byte send 30 eoi 0
+5175.860385270: grid210x_device byte send 30 eoi 0
+5175.860437272: grid210x_device byte send 32 eoi 0
+5175.860489273: grid210x_device byte send 33 eoi 0
+5175.860541275: grid210x_device byte send 37 eoi 0
+5175.860595276: grid210x_device byte send 2d eoi 0
+5175.860647278: grid210x_device byte send 30 eoi 0
+5175.860850283: grid210x_device byte send 30 eoi 0
+5175.860923285: grid210x_device byte send 00 eoi 0
+5175.860984287: grid210x_device byte send 02 eoi 0
+5175.861038289: grid210x_device byte send 09 eoi 0
+5175.861093290: grid210x_device byte send 00 eoi 0
+5175.861146292: grid210x_device byte send 02 eoi 0
+5175.861195293: grid210x_device byte send 00 eoi 1
+5175.861920313: grid210x_device byte recv 5f atn 1 eoi 0
+5175.861966314: grid210x_device now not talking
+5175.864672389: grid210x_device byte recv 25 atn 1 eoi 0
+5175.864720391: grid210x_device now listening
+5175.865878423: grid210x_device byte recv 04 atn 0 eoi 0
+5175.866117429: grid210x_device byte recv 00 atn 0 eoi 0
+5175.866206432: grid210x_device byte recv 00 atn 0 eoi 0
+5175.866278434: grid210x_device byte recv 00 atn 0 eoi 0
+5175.866347436: grid210x_device byte recv 00 atn 0 eoi 0
+5175.866416438: grid210x_device byte recv 00 atn 0 eoi 0
+5175.866486440: grid210x_device byte recv 00 atn 0 eoi 0
+5175.866553442: grid210x_device byte recv 00 atn 0 eoi 0
+5175.866621443: grid210x_device byte recv 02 atn 0 eoi 0
+5175.867708474: grid210x_device byte recv 00 atn 0 eoi 1
+5175.867796476: grid210x_device byte recv 3f atn 1 eoi 0
+5175.867824477: grid210x_device now not listening
+5175.868294490: grid210x_device command 4, data size 512, sector no 0
+5175.869067511: grid210x_device byte recv 18 atn 1 eoi 0
+5175.869172514: grid210x_device byte recv 45 atn 1 eoi 0
+5175.869454522: grid210x_device now talking
+5175.869502523: grid210x_device byte send 4f eoi 0
+5175.869629527: grid210x_device byte recv 19 atn 1 eoi 0
+5175.869708529: grid210x_device byte recv 5f atn 1 eoi 0
+5175.869733530: grid210x_device now not talking
+5175.871059566: grid210x_device byte recv 45 atn 1 eoi 0
+5175.871111568: grid210x_device now talking
+5175.872282600: grid210x_device byte send 53 eoi 0
+5175.872738613: grid210x_device byte send 79 eoi 0
+5175.872807615: grid210x_device byte send 73 eoi 0
+5175.872866617: grid210x_device byte send 74 eoi 0
+5175.872918618: grid210x_device byte send 65 eoi 0
+5175.872971620: grid210x_device byte send 6d eoi 0
+5175.873023621: grid210x_device byte send 20 eoi 0
+5175.873077622: grid210x_device byte send 44 eoi 0
+5175.873127624: grid210x_device byte send 69 eoi 0
+5175.873177625: grid210x_device byte send 73 eoi 0
+5175.873231627: grid210x_device byte send 6b eoi 0
+5175.873282628: grid210x_device byte send 21 eoi 0
+5175.873336630: grid210x_device byte send 21 eoi 0
+5175.873386631: grid210x_device byte send 00 eoi 0
+5175.873441633: grid210x_device byte send 00 eoi 0
+5175.873498634: grid210x_device byte send 00 eoi 0
+5175.873681639: grid210x_device byte send 00 eoi 0
+5175.873751641: grid210x_device byte send 00 eoi 0
+5175.873807643: grid210x_device byte send 00 eoi 0
+5175.873861644: grid210x_device byte send 00 eoi 0
+5175.873913646: grid210x_device byte send 00 eoi 0
+5175.873967647: grid210x_device byte send 00 eoi 0
+5175.874020649: grid210x_device byte send 00 eoi 0
+5175.874073650: grid210x_device byte send 00 eoi 0
+5175.874127652: grid210x_device byte send 00 eoi 0
+5175.874178653: grid210x_device byte send 00 eoi 0
+5175.874231654: grid210x_device byte send 00 eoi 0
+5175.874283656: grid210x_device byte send 00 eoi 0
+5175.874337657: grid210x_device byte send 00 eoi 0
+5175.874391659: grid210x_device byte send 00 eoi 0
+5175.874443660: grid210x_device byte send 00 eoi 0
+5175.874499662: grid210x_device byte send 00 eoi 0
+5175.874552663: grid210x_device byte send 00 eoi 0
+5175.874737669: grid210x_device byte send 00 eoi 0
+5175.874807670: grid210x_device byte send 00 eoi 0
+5175.874864672: grid210x_device byte send 00 eoi 0
+5175.874918674: grid210x_device byte send 00 eoi 0
+5175.874971675: grid210x_device byte send 00 eoi 0
+5175.875025676: grid210x_device byte send 00 eoi 0
+5175.875078678: grid210x_device byte send 00 eoi 0
+5175.875130679: grid210x_device byte send 00 eoi 0
+5175.875182681: grid210x_device byte send 00 eoi 0
+5175.875235682: grid210x_device byte send 00 eoi 0
+5175.875288684: grid210x_device byte send 00 eoi 0
+5175.875341685: grid210x_device byte send 00 eoi 0
+5175.875394687: grid210x_device byte send 00 eoi 0
+5175.875445688: grid210x_device byte send 00 eoi 0
+5175.875500690: grid210x_device byte send 00 eoi 0
+5175.875553691: grid210x_device byte send 00 eoi 0
+5175.875606693: grid210x_device byte send 00 eoi 0
+5175.875793698: grid210x_device byte send 00 eoi 0
+5175.875863700: grid210x_device byte send 00 eoi 0
+5175.875919701: grid210x_device byte send 00 eoi 0
+5175.875973703: grid210x_device byte send 00 eoi 0
+5175.876028704: grid210x_device byte send 00 eoi 0
+5175.876083706: grid210x_device byte send 00 eoi 0
+5175.876137707: grid210x_device byte send 00 eoi 0
+5175.876188709: grid210x_device byte send 00 eoi 0
+5175.876240710: grid210x_device byte send 00 eoi 0
+5175.876293712: grid210x_device byte send 00 eoi 0
+5175.876346713: grid210x_device byte send 00 eoi 0
+5175.876398715: grid210x_device byte send 00 eoi 0
+5175.876453716: grid210x_device byte send 00 eoi 0
+5175.876505718: grid210x_device byte send 00 eoi 0
+5175.876556719: grid210x_device byte send 00 eoi 0
+5175.876609720: grid210x_device byte send 00 eoi 0
+5175.876662722: grid210x_device byte send 00 eoi 0
+5175.876860727: grid210x_device byte send 00 eoi 0
+5175.876929729: grid210x_device byte send 00 eoi 0
+5175.877395742: grid210x_device byte send 00 eoi 0
+5175.877571747: grid210x_device byte send 00 eoi 0
+5175.877629749: grid210x_device byte send 00 eoi 0
+5175.877683750: grid210x_device byte send 00 eoi 0
+5175.877956758: grid210x_device byte send 00 eoi 0
+5175.878031760: grid210x_device byte send 00 eoi 0
+5175.878088761: grid210x_device byte send 00 eoi 0
+5175.878141763: grid210x_device byte send 00 eoi 0
+5175.878194764: grid210x_device byte send 00 eoi 0
+5175.878249766: grid210x_device byte send 00 eoi 0
+5175.878302767: grid210x_device byte send 00 eoi 0
+5175.878356769: grid210x_device byte send 00 eoi 0
+5175.878409770: grid210x_device byte send 00 eoi 0
+5175.878464772: grid210x_device byte send 00 eoi 0
+5175.878517773: grid210x_device byte send 00 eoi 0
+5175.878569775: grid210x_device byte send 00 eoi 0
+5175.878624776: grid210x_device byte send 00 eoi 0
+5175.878676778: grid210x_device byte send 00 eoi 0
+5175.878729779: grid210x_device byte send 00 eoi 0
+5175.878781781: grid210x_device byte send 00 eoi 0
+5175.878835782: grid210x_device byte send 00 eoi 0
+5175.879025787: grid210x_device byte send 00 eoi 0
+5175.879095789: grid210x_device byte send 00 eoi 0
+5175.879151791: grid210x_device byte send 00 eoi 0
+5175.879206792: grid210x_device byte send 00 eoi 0
+5175.879259794: grid210x_device byte send 00 eoi 0
+5175.879312795: grid210x_device byte send 00 eoi 0
+5175.879365797: grid210x_device byte send 00 eoi 0
+5175.879418798: grid210x_device byte send 00 eoi 0
+5175.879471800: grid210x_device byte send 00 eoi 0
+5175.879523801: grid210x_device byte send 00 eoi 0
+5175.879578803: grid210x_device byte send 00 eoi 0
+5175.879630804: grid210x_device byte send 00 eoi 0
+5175.879683806: grid210x_device byte send 00 eoi 0
+5175.879737807: grid210x_device byte send 00 eoi 0
+5175.879788809: grid210x_device byte send 00 eoi 0
+5175.879841810: grid210x_device byte send 00 eoi 0
+5175.879894812: grid210x_device byte send 00 eoi 0
+5175.880160819: grid210x_device byte send 00 eoi 0
+5175.880234821: grid210x_device byte send 00 eoi 0
+5175.880287822: grid210x_device byte send 00 eoi 0
+5175.880343824: grid210x_device byte send 00 eoi 0
+5175.880396825: grid210x_device byte send 00 eoi 0
+5175.880449827: grid210x_device byte send 00 eoi 0
+5175.880506829: grid210x_device byte send 00 eoi 0
+5175.880559830: grid210x_device byte send 00 eoi 0
+5175.880612831: grid210x_device byte send 00 eoi 0
+5175.880665833: grid210x_device byte send 00 eoi 0
+5175.880717834: grid210x_device byte send 00 eoi 0
+5175.880769836: grid210x_device byte send 00 eoi 0
+5175.880820837: grid210x_device byte send 00 eoi 0
+5175.880875839: grid210x_device byte send 00 eoi 0
+5175.880927840: grid210x_device byte send 00 eoi 0
+5175.880981842: grid210x_device byte send 00 eoi 0
+5175.881033843: grid210x_device byte send 00 eoi 0
+5175.881238849: grid210x_device byte send 00 eoi 0
+5175.881307851: grid210x_device byte send 00 eoi 0
+5175.881363852: grid210x_device byte send 00 eoi 0
+5175.881418854: grid210x_device byte send 00 eoi 0
+5175.881473855: grid210x_device byte send 00 eoi 0
+5175.881526857: grid210x_device byte send 00 eoi 0
+5175.881580858: grid210x_device byte send 00 eoi 0
+5175.881633860: grid210x_device byte send 00 eoi 0
+5175.881685861: grid210x_device byte send 00 eoi 0
+5175.881738863: grid210x_device byte send 00 eoi 0
+5175.881791864: grid210x_device byte send 00 eoi 0
+5175.881845866: grid210x_device byte send 00 eoi 0
+5175.881898867: grid210x_device byte send 00 eoi 0
+5175.881950869: grid210x_device byte send 00 eoi 0
+5175.882003870: grid210x_device byte send 00 eoi 0
+5175.882055871: grid210x_device byte send 00 eoi 0
+5175.882252877: grid210x_device byte send 00 eoi 0
+5175.882329879: grid210x_device byte send 00 eoi 0
+5175.882387881: grid210x_device byte send 00 eoi 0
+5175.882442882: grid210x_device byte send 00 eoi 0
+5175.882498884: grid210x_device byte send 00 eoi 0
+5175.882551885: grid210x_device byte send 00 eoi 0
+5175.882604887: grid210x_device byte send 00 eoi 0
+5175.882980897: grid210x_device byte send 00 eoi 0
+5175.883046899: grid210x_device byte send 00 eoi 0
+5175.883104901: grid210x_device byte send 00 eoi 0
+5175.883158902: grid210x_device byte send 00 eoi 0
+5175.883418909: grid210x_device byte send 00 eoi 0
+5175.883482911: grid210x_device byte send 00 eoi 0
+5175.883536913: grid210x_device byte send 00 eoi 0
+5175.883590914: grid210x_device byte send 00 eoi 0
+5175.883644916: grid210x_device byte send 00 eoi 0
+5175.883695917: grid210x_device byte send 00 eoi 0
+5175.883751919: grid210x_device byte send 00 eoi 0
+5175.883803920: grid210x_device byte send 00 eoi 0
+5175.883857921: grid210x_device byte send 00 eoi 0
+5175.883909923: grid210x_device byte send 00 eoi 0
+5175.883964924: grid210x_device byte send 00 eoi 0
+5175.884017926: grid210x_device byte send 00 eoi 0
+5175.884069927: grid210x_device byte send 00 eoi 0
+5175.884124929: grid210x_device byte send 00 eoi 0
+5175.884177930: grid210x_device byte send 00 eoi 0
+5175.884231932: grid210x_device byte send 00 eoi 0
+5175.884422937: grid210x_device byte send 00 eoi 0
+5175.884495939: grid210x_device byte send 00 eoi 0
+5175.884552941: grid210x_device byte send 00 eoi 0
+5175.884607942: grid210x_device byte send 00 eoi 0
+5175.884661944: grid210x_device byte send 00 eoi 0
+5175.884715945: grid210x_device byte send 00 eoi 0
+5175.884767947: grid210x_device byte send 00 eoi 0
+5175.884819948: grid210x_device byte send 00 eoi 0
+5175.884874950: grid210x_device byte send 00 eoi 0
+5175.884925951: grid210x_device byte send 00 eoi 0
+5175.884978953: grid210x_device byte send 00 eoi 0
+5175.885032954: grid210x_device byte send 00 eoi 0
+5175.885085956: grid210x_device byte send 00 eoi 0
+5175.885139957: grid210x_device byte send 00 eoi 0
+5175.885192958: grid210x_device byte send 00 eoi 0
+5175.885307962: grid210x_device byte send 00 eoi 0
+5175.885540968: grid210x_device byte send 00 eoi 0
+5175.885612970: grid210x_device byte send 00 eoi 0
+5175.885667972: grid210x_device byte send 00 eoi 0
+5175.885723973: grid210x_device byte send 00 eoi 0
+5175.885774975: grid210x_device byte send 00 eoi 0
+5175.885828976: grid210x_device byte send 00 eoi 0
+5175.885881978: grid210x_device byte send 00 eoi 0
+5175.885934979: grid210x_device byte send 00 eoi 0
+5175.885988981: grid210x_device byte send 00 eoi 0
+5175.886041982: grid210x_device byte send 00 eoi 0
+5175.886094983: grid210x_device byte send 00 eoi 0
+5175.886147985: grid210x_device byte send 00 eoi 0
+5175.886200986: grid210x_device byte send 00 eoi 0
+5175.886254988: grid210x_device byte send 00 eoi 0
+5175.886306989: grid210x_device byte send 00 eoi 0
+5175.886360991: grid210x_device byte send 00 eoi 0
+5175.886413992: grid210x_device byte send 00 eoi 0
+5175.886633998: grid210x_device byte send 00 eoi 0
+5175.886696000: grid210x_device byte send 00 eoi 0
+5175.886752002: grid210x_device byte send 00 eoi 0
+5175.886805003: grid210x_device byte send 00 eoi 0
+5175.886858005: grid210x_device byte send 00 eoi 0
+5175.886911006: grid210x_device byte send 00 eoi 0
+5175.886966008: grid210x_device byte send 00 eoi 0
+5175.887018009: grid210x_device byte send 00 eoi 0
+5175.887070011: grid210x_device byte send 00 eoi 0
+5175.887125012: grid210x_device byte send 00 eoi 0
+5175.887176013: grid210x_device byte send 00 eoi 0
+5175.887228015: grid210x_device byte send 00 eoi 0
+5175.887281016: grid210x_device byte send 00 eoi 0
+5175.887334018: grid210x_device byte send 00 eoi 0
+5175.887388019: grid210x_device byte send 00 eoi 0
+5175.887440021: grid210x_device byte send 00 eoi 0
+5175.887632026: grid210x_device byte send 00 eoi 0
+5175.887706028: grid210x_device byte send 00 eoi 0
+5175.887762030: grid210x_device byte send 00 eoi 0
+5175.887816031: grid210x_device byte send 00 eoi 0
+5175.887870033: grid210x_device byte send 00 eoi 0
+5175.887923034: grid210x_device byte send 00 eoi 0
+5175.887977036: grid210x_device byte send 00 eoi 0
+5175.888029037: grid210x_device byte send 00 eoi 0
+5175.888082039: grid210x_device byte send 00 eoi 0
+5175.888135040: grid210x_device byte send 00 eoi 0
+5175.888459049: grid210x_device byte send 00 eoi 0
+5175.888523051: grid210x_device byte send 00 eoi 0
+5175.888773058: grid210x_device byte send 00 eoi 0
+5175.888847060: grid210x_device byte send 00 eoi 0
+5175.888902061: grid210x_device byte send 00 eoi 0
+5175.888957063: grid210x_device byte send 00 eoi 0
+5175.889010064: grid210x_device byte send 00 eoi 0
+5175.889061066: grid210x_device byte send 00 eoi 0
+5175.889116067: grid210x_device byte send 00 eoi 0
+5175.889168069: grid210x_device byte send 00 eoi 0
+5175.889219070: grid210x_device byte send 00 eoi 0
+5175.889272072: grid210x_device byte send 00 eoi 0
+5175.889322073: grid210x_device byte send 00 eoi 0
+5175.889378075: grid210x_device byte send 00 eoi 0
+5175.889431076: grid210x_device byte send 00 eoi 0
+5175.889486078: grid210x_device byte send 00 eoi 0
+5175.889539079: grid210x_device byte send 00 eoi 0
+5175.889593081: grid210x_device byte send 00 eoi 0
+5175.889647082: grid210x_device byte send 00 eoi 0
+5175.889856088: grid210x_device byte send 00 eoi 0
+5175.889914089: grid210x_device byte send 00 eoi 0
+5175.889970091: grid210x_device byte send 00 eoi 0
+5175.890093094: grid210x_device byte send 00 eoi 0
+5175.890157096: grid210x_device byte send 00 eoi 0
+5175.890214098: grid210x_device byte send 00 eoi 0
+5175.890267099: grid210x_device byte send 00 eoi 0
+5175.890322101: grid210x_device byte send 00 eoi 0
+5175.890377102: grid210x_device byte send 00 eoi 0
+5175.890430104: grid210x_device byte send 00 eoi 0
+5175.890486105: grid210x_device byte send 00 eoi 0
+5175.890540107: grid210x_device byte send 00 eoi 0
+5175.890593108: grid210x_device byte send 00 eoi 0
+5175.890646110: grid210x_device byte send 00 eoi 0
+5175.890698111: grid210x_device byte send 00 eoi 0
+5175.890888116: grid210x_device byte send 00 eoi 0
+5175.890955118: grid210x_device byte send 00 eoi 0
+5175.891011120: grid210x_device byte send 00 eoi 0
+5175.891065121: grid210x_device byte send 00 eoi 0
+5175.891120123: grid210x_device byte send 00 eoi 0
+5175.891173124: grid210x_device byte send 00 eoi 0
+5175.891229126: grid210x_device byte send 00 eoi 0
+5175.891282127: grid210x_device byte send 00 eoi 0
+5175.891336129: grid210x_device byte send 00 eoi 0
+5175.891388130: grid210x_device byte send 00 eoi 0
+5175.891440132: grid210x_device byte send 00 eoi 0
+5175.891496133: grid210x_device byte send 00 eoi 0
+5175.891548135: grid210x_device byte send 00 eoi 0
+5175.891603136: grid210x_device byte send 00 eoi 0
+5175.891655138: grid210x_device byte send 00 eoi 0
+5175.891709139: grid210x_device byte send 00 eoi 0
+5175.891909145: grid210x_device byte send 00 eoi 0
+5175.891988147: grid210x_device byte send 00 eoi 0
+5175.892046149: grid210x_device byte send 00 eoi 0
+5175.892098150: grid210x_device byte send 00 eoi 0
+5175.892150151: grid210x_device byte send 00 eoi 0
+5175.892204153: grid210x_device byte send 00 eoi 0
+5175.892258154: grid210x_device byte send 00 eoi 0
+5175.892311156: grid210x_device byte send 00 eoi 0
+5175.892364157: grid210x_device byte send 00 eoi 0
+5175.892417159: grid210x_device byte send 00 eoi 0
+5175.892472160: grid210x_device byte send 00 eoi 0
+5175.892525162: grid210x_device byte send 00 eoi 0
+5175.892579163: grid210x_device byte send 00 eoi 0
+5175.892632165: grid210x_device byte send 00 eoi 0
+5175.892685166: grid210x_device byte send 00 eoi 0
+5175.892738168: grid210x_device byte send 00 eoi 0
+5175.892791169: grid210x_device byte send 00 eoi 0
+5175.892970174: grid210x_device byte send 00 eoi 0
+5175.893042176: grid210x_device byte send 00 eoi 0
+5175.893100178: grid210x_device byte send 00 eoi 0
+5175.893155179: grid210x_device byte send 00 eoi 0
+5175.893264182: grid210x_device byte send 00 eoi 0
+5175.893365185: grid210x_device byte send 00 eoi 0
+5175.893429187: grid210x_device byte send 00 eoi 0
+5175.893488189: grid210x_device byte send 00 eoi 0
+5175.893541190: grid210x_device byte send 00 eoi 0
+5175.893597192: grid210x_device byte send 00 eoi 0
+5175.893650193: grid210x_device byte send 00 eoi 0
+5175.893705195: grid210x_device byte send 00 eoi 0
+5175.894257210: grid210x_device byte send 00 eoi 0
+5175.894382213: grid210x_device byte send 00 eoi 0
+5175.894435215: grid210x_device byte send 00 eoi 0
+5175.894490216: grid210x_device byte send 00 eoi 0
+5175.894543218: grid210x_device byte send 00 eoi 0
+5175.894596219: grid210x_device byte send 00 eoi 0
+5175.894649221: grid210x_device byte send 00 eoi 0
+5175.894703222: grid210x_device byte send 00 eoi 0
+5175.894755224: grid210x_device byte send 00 eoi 0
+5175.894806225: grid210x_device byte send 00 eoi 0
+5175.894859227: grid210x_device byte send 00 eoi 0
+5175.894912228: grid210x_device byte send 00 eoi 0
+5175.894966230: grid210x_device byte send 00 eoi 0
+5175.895192236: grid210x_device byte send 00 eoi 0
+5175.895266238: grid210x_device byte send 00 eoi 0
+5175.895322239: grid210x_device byte send 00 eoi 0
+5175.895379241: grid210x_device byte send 00 eoi 0
+5175.895433242: grid210x_device byte send 00 eoi 0
+5175.895488244: grid210x_device byte send 00 eoi 0
+5175.895541245: grid210x_device byte send 00 eoi 0
+5175.895594247: grid210x_device byte send 00 eoi 0
+5175.895646248: grid210x_device byte send 00 eoi 0
+5175.895698250: grid210x_device byte send 00 eoi 0
+5175.895753251: grid210x_device byte send 00 eoi 0
+5175.895804253: grid210x_device byte send 00 eoi 0
+5175.895858254: grid210x_device byte send 00 eoi 0
+5175.895911256: grid210x_device byte send 00 eoi 0
+5175.895964257: grid210x_device byte send 00 eoi 0
+5175.896017259: grid210x_device byte send 00 eoi 0
+5175.896069260: grid210x_device byte send 00 eoi 0
+5175.896254265: grid210x_device byte send 00 eoi 0
+5175.896322267: grid210x_device byte send 00 eoi 0
+5175.896382269: grid210x_device byte send 00 eoi 0
+5175.896436270: grid210x_device byte send 00 eoi 0
+5175.896491272: grid210x_device byte send 00 eoi 0
+5175.896544273: grid210x_device byte send 00 eoi 0
+5175.896598275: grid210x_device byte send 00 eoi 0
+5175.896650276: grid210x_device byte send 00 eoi 0
+5175.896705278: grid210x_device byte send 00 eoi 0
+5175.896757279: grid210x_device byte send 00 eoi 0
+5175.896811281: grid210x_device byte send 00 eoi 0
+5175.896864282: grid210x_device byte send 00 eoi 0
+5175.896917284: grid210x_device byte send 00 eoi 0
+5175.896972285: grid210x_device byte send 00 eoi 0
+5175.897027287: grid210x_device byte send 00 eoi 0
+5175.897082288: grid210x_device byte send 00 eoi 0
+5175.897134290: grid210x_device byte send 00 eoi 0
+5175.897354296: grid210x_device byte send 00 eoi 0
+5175.897413297: grid210x_device byte send 00 eoi 0
+5175.897469299: grid210x_device byte send 00 eoi 0
+5175.897523300: grid210x_device byte send 00 eoi 0
+5175.897576302: grid210x_device byte send 00 eoi 0
+5175.897630303: grid210x_device byte send 00 eoi 0
+5175.897681305: grid210x_device byte send 00 eoi 0
+5175.897734306: grid210x_device byte send 00 eoi 0
+5175.897787308: grid210x_device byte send 00 eoi 0
+5175.897841309: grid210x_device byte send 00 eoi 0
+5175.897894311: grid210x_device byte send 00 eoi 0
+5175.897947312: grid210x_device byte send 00 eoi 0
+5175.898000314: grid210x_device byte send 00 eoi 0
+5175.898052315: grid210x_device byte send 00 eoi 0
+5175.898107317: grid210x_device byte send 00 eoi 0
+5175.898160318: grid210x_device byte send 00 eoi 0
+5175.898341323: grid210x_device byte send 00 eoi 0
+5175.898413325: grid210x_device byte send 00 eoi 0
+5175.898470327: grid210x_device byte send 00 eoi 0
+5175.898525328: grid210x_device byte send 00 eoi 0
+5175.898580330: grid210x_device byte send 00 eoi 0
+5175.898634331: grid210x_device byte send 00 eoi 0
+5175.898686333: grid210x_device byte send 00 eoi 0
+5175.898739334: grid210x_device byte send 00 eoi 0
+5175.898792336: grid210x_device byte send 00 eoi 0
+5175.898844337: grid210x_device byte send 00 eoi 0
+5175.898896339: grid210x_device byte send 00 eoi 0
+5175.898948340: grid210x_device byte send 00 eoi 0
+5175.899003341: grid210x_device byte send 00 eoi 0
+5175.899054343: grid210x_device byte send 00 eoi 0
+5175.899107344: grid210x_device byte send 00 eoi 0
+5175.899159346: grid210x_device byte send 00 eoi 0
+5175.899645359: grid210x_device byte send 00 eoi 0
+5175.899711361: grid210x_device byte send 00 eoi 0
+5175.899765363: grid210x_device byte send 00 eoi 0
+5175.899817364: grid210x_device byte send 00 eoi 0
+5175.899871366: grid210x_device byte send 00 eoi 0
+5175.899924367: grid210x_device byte send 00 eoi 0
+5175.899978369: grid210x_device byte send 00 eoi 0
+5175.900119372: grid210x_device byte send 00 eoi 0
+5175.900185374: grid210x_device byte send 00 eoi 0
+5175.900242376: grid210x_device byte send 00 eoi 0
+5175.900296377: grid210x_device byte send 00 eoi 0
+5175.900349379: grid210x_device byte send 00 eoi 0
+5175.900570385: grid210x_device byte send 00 eoi 0
+5175.900633387: grid210x_device byte send 00 eoi 0
+5175.900688388: grid210x_device byte send 00 eoi 0
+5175.900742390: grid210x_device byte send 00 eoi 0
+5175.900795391: grid210x_device byte send 00 eoi 0
+5175.900848393: grid210x_device byte send 00 eoi 0
+5175.900901394: grid210x_device byte send 00 eoi 0
+5175.900955396: grid210x_device byte send 00 eoi 0
+5175.901009397: grid210x_device byte send 00 eoi 0
+5175.901060399: grid210x_device byte send 00 eoi 0
+5175.901112400: grid210x_device byte send 00 eoi 0
+5175.901163401: grid210x_device byte send 00 eoi 0
+5175.901273404: grid210x_device byte send 00 eoi 0
+5175.901370407: grid210x_device byte send 00 eoi 0
+5175.901579413: grid210x_device byte send 00 eoi 0
+5175.901655415: grid210x_device byte send 00 eoi 0
+5175.901713417: grid210x_device byte send 00 eoi 0
+5175.901767418: grid210x_device byte send 00 eoi 0
+5175.901821420: grid210x_device byte send 00 eoi 0
+5175.901876421: grid210x_device byte send 00 eoi 0
+5175.901930423: grid210x_device byte send 00 eoi 0
+5175.901984424: grid210x_device byte send 00 eoi 0
+5175.902036426: grid210x_device byte send 00 eoi 0
+5175.902089427: grid210x_device byte send 00 eoi 0
+5175.902143429: grid210x_device byte send 00 eoi 0
+5175.902195430: grid210x_device byte send 00 eoi 0
+5175.902252432: grid210x_device byte send 00 eoi 0
+5175.902304433: grid210x_device byte send 00 eoi 0
+5175.902358435: grid210x_device byte send 00 eoi 0
+5175.902409436: grid210x_device byte send 00 eoi 0
+5175.902463437: grid210x_device byte send 00 eoi 0
+5175.902666443: grid210x_device byte send 00 eoi 0
+5175.902740445: grid210x_device byte send 00 eoi 0
+5175.902797447: grid210x_device byte send 00 eoi 0
+5175.902853448: grid210x_device byte send 00 eoi 0
+5175.902906450: grid210x_device byte send 00 eoi 0
+5175.902960451: grid210x_device byte send 00 eoi 0
+5175.903012453: grid210x_device byte send 00 eoi 0
+5175.903066454: grid210x_device byte send 00 eoi 0
+5175.903119456: grid210x_device byte send 00 eoi 0
+5175.903173457: grid210x_device byte send 00 eoi 0
+5175.903228459: grid210x_device byte send 00 eoi 0
+5175.903282460: grid210x_device byte send 00 eoi 0
+5175.903336462: grid210x_device byte send 00 eoi 0
+5175.903389463: grid210x_device byte send 00 eoi 0
+5175.903441465: grid210x_device byte send 00 eoi 0
+5175.903495466: grid210x_device byte send 00 eoi 0
+5175.903548468: grid210x_device byte send 00 eoi 0
+5175.903736473: grid210x_device byte send 00 eoi 0
+5175.903804475: grid210x_device byte send 00 eoi 0
+5175.903863476: grid210x_device byte send 00 eoi 0
+5175.903917478: grid210x_device byte send 00 eoi 0
+5175.903969479: grid210x_device byte send 00 eoi 0
+5175.904023481: grid210x_device byte send 00 eoi 0
+5175.904075482: grid210x_device byte send 00 eoi 0
+5175.904128484: grid210x_device byte send 00 eoi 0
+5175.904179485: grid210x_device byte send 00 eoi 0
+5175.904232487: grid210x_device byte send 00 eoi 0
+5175.904285488: grid210x_device byte send 00 eoi 0
+5175.904338489: grid210x_device byte send 00 eoi 0
+5175.904391491: grid210x_device byte send 00 eoi 0
+5175.904442492: grid210x_device byte send 00 eoi 0
+5175.904496494: grid210x_device byte send 00 eoi 0
+5175.904548495: grid210x_device byte send 00 eoi 0
+5175.904602497: grid210x_device byte send 00 eoi 0
+5175.904786502: grid210x_device byte send 00 eoi 0
+5175.905147512: grid210x_device byte send 00 eoi 0
+5175.905215514: grid210x_device byte send 00 eoi 0
+5175.905269515: grid210x_device byte send 00 eoi 0
+5175.905324517: grid210x_device byte send 00 eoi 0
+5175.905378518: grid210x_device byte send 00 eoi 0
+5175.905430520: grid210x_device byte send 00 eoi 0
+5175.905485521: grid210x_device byte send 00 eoi 0
+5175.905538523: grid210x_device byte send 00 eoi 0
+5175.905593524: grid210x_device byte send 00 eoi 0
+5175.905645526: grid210x_device byte send 00 eoi 0
+5175.905885532: grid210x_device byte send 00 eoi 0
+5175.905958534: grid210x_device byte send 00 eoi 0
+5175.906013536: grid210x_device byte send 00 eoi 0
+5175.906066537: grid210x_device byte send 00 eoi 0
+5175.906120539: grid210x_device byte send 00 eoi 0
+5175.906173540: grid210x_device byte send 00 eoi 0
+5175.906226542: grid210x_device byte send 00 eoi 0
+5175.906278543: grid210x_device byte send 00 eoi 0
+5175.906330545: grid210x_device byte send 00 eoi 0
+5175.906383546: grid210x_device byte send 00 eoi 0
+5175.906434548: grid210x_device byte send 00 eoi 0
+5175.906489549: grid210x_device byte send 00 eoi 0
+5175.906542551: grid210x_device byte send 00 eoi 0
+5175.906596552: grid210x_device byte send 00 eoi 0
+5175.906649554: grid210x_device byte send 00 eoi 0
+5175.906701555: grid210x_device byte send 00 eoi 0
+5175.906755557: grid210x_device byte send 00 eoi 0
+5175.906950562: grid210x_device byte send 00 eoi 0
+5175.907021564: grid210x_device byte send 00 eoi 0
+5175.907079565: grid210x_device byte send 00 eoi 0
+5175.907134567: grid210x_device byte send 00 eoi 0
+5175.907186568: grid210x_device byte send 00 eoi 0
+5175.907239570: grid210x_device byte send 00 eoi 0
+5175.907291571: grid210x_device byte send 00 eoi 0
+5175.907344573: grid210x_device byte send 00 eoi 0
+5175.907395574: grid210x_device byte send 00 eoi 0
+5175.907447576: grid210x_device byte send 00 eoi 0
+5175.907507577: grid210x_device byte send 00 eoi 0
+5175.907558579: grid210x_device byte send 00 eoi 0
+5175.907611580: grid210x_device byte send 00 eoi 0
+5175.907664582: grid210x_device byte send 00 eoi 0
+5175.907719583: grid210x_device byte send 00 eoi 0
+5175.907771585: grid210x_device byte send 00 eoi 0
+5175.907823586: grid210x_device byte send 00 eoi 0
+5175.908042592: grid210x_device byte send 00 eoi 0
+5175.908106594: grid210x_device byte send 00 eoi 0
+5175.908161595: grid210x_device byte send 00 eoi 0
+5175.908215597: grid210x_device byte send 00 eoi 0
+5175.908268598: grid210x_device byte send 00 eoi 0
+5175.908317600: grid210x_device byte send 00 eoi 1
+5175.908787613: grid210x_device byte recv 5f atn 1 eoi 0
+5175.908815614: grid210x_device now not talking
+5175.911459687: grid210x_device byte recv 25 atn 1 eoi 0
+5175.911513688: grid210x_device now listening
+5175.912658720: grid210x_device byte recv 04 atn 0 eoi 0
+5175.912750723: grid210x_device byte recv 00 atn 0 eoi 0
+5175.912822725: grid210x_device byte recv 00 atn 0 eoi 0
+5175.912892727: grid210x_device byte recv 01 atn 0 eoi 0
+5175.912961729: grid210x_device byte recv 00 atn 0 eoi 0
+5175.913029731: grid210x_device byte recv 00 atn 0 eoi 0
+5175.913099732: grid210x_device byte recv 00 atn 0 eoi 0
+5175.913312738: grid210x_device byte recv 00 atn 0 eoi 0
+5175.913403741: grid210x_device byte recv 02 atn 0 eoi 0
+5175.914489771: grid210x_device byte recv 20 atn 0 eoi 1
+5175.914573773: grid210x_device byte recv 3f atn 1 eoi 0
+5175.914603774: grid210x_device now not listening
+5175.914616775: grid210x_device command 4, data size 512, sector no 1
+5175.915850809: grid210x_device byte recv 18 atn 1 eoi 0
+5175.915955812: grid210x_device byte recv 45 atn 1 eoi 0
+5175.915982812: grid210x_device now talking
+5175.916013813: grid210x_device byte send 4f eoi 0
+5175.916137817: grid210x_device byte recv 19 atn 1 eoi 0
+5175.916219819: grid210x_device byte recv 5f atn 1 eoi 0
+5175.916244820: grid210x_device now not talking
+5175.917820863: grid210x_device byte recv 45 atn 1 eoi 0
+5175.917872865: grid210x_device now talking
+5175.919041897: grid210x_device byte send 9a eoi 0
+5175.919488910: grid210x_device byte send 42 eoi 0
+5175.919747917: grid210x_device byte send 07 eoi 0
+5175.919822919: grid210x_device byte send 01 eoi 0
+5175.919880921: grid210x_device byte send 20 eoi 0
+5175.919934922: grid210x_device byte send 55 eoi 0
+5175.919988924: grid210x_device byte send b8 eoi 0
+5175.920328933: grid210x_device byte send 80 eoi 0
+5175.920402935: grid210x_device byte send 20 eoi 0
+5175.920458937: grid210x_device byte send 8e eoi 0
+5175.920509938: grid210x_device byte send d8 eoi 0
+5175.920561939: grid210x_device byte send bb eoi 0
+5175.920613941: grid210x_device byte send 08 eoi 0
+5175.920818947: grid210x_device byte send 00 eoi 0
+5175.920891949: grid210x_device byte send 58 eoi 0
+5175.920946950: grid210x_device byte send 59 eoi 0
+5175.921001952: grid210x_device byte send 89 eoi 0
+5175.921052953: grid210x_device byte send 0f eoi 0
+5175.921108955: grid210x_device byte send 89 eoi 0
+5175.921160956: grid210x_device byte send 47 eoi 0
+5175.921212957: grid210x_device byte send 02 eoi 0
+5175.921264959: grid210x_device byte send eb eoi 0
+5175.921316960: grid210x_device byte send e9 eoi 0
+5175.921368962: grid210x_device byte send 55 eoi 0
+5175.921420963: grid210x_device byte send 43 eoi 0
+5175.921474965: grid210x_device byte send 61 eoi 0
+5175.921526966: grid210x_device byte send 6e eoi 0
+5175.921579968: grid210x_device byte send 6e eoi 0
+5175.921630969: grid210x_device byte send 6f eoi 0
+5175.921681970: grid210x_device byte send 74 eoi 0
+5175.921869976: grid210x_device byte send 20 eoi 0
+5175.921935978: grid210x_device byte send 62 eoi 0
+5175.921991979: grid210x_device byte send 6f eoi 0
+5175.922043981: grid210x_device byte send 6f eoi 0
+5175.922096982: grid210x_device byte send 74 eoi 0
+5175.922147983: grid210x_device byte send 3a eoi 0
+5175.922198985: grid210x_device byte send 20 eoi 0
+5175.922251986: grid210x_device byte send 4d eoi 0
+5175.922304988: grid210x_device byte send 65 eoi 0
+5175.922356989: grid210x_device byte send 64 eoi 0
+5175.922408991: grid210x_device byte send 69 eoi 0
+5175.922462992: grid210x_device byte send 75 eoi 0
+5175.922515994: grid210x_device byte send 6d eoi 0
+5175.922566995: grid210x_device byte send 20 eoi 0
+5175.922619996: grid210x_device byte send 65 eoi 0
+5175.922671998: grid210x_device byte send 72 eoi 0
+5175.922723999: grid210x_device byte send 72 eoi 0
+5175.922910005: grid210x_device byte send 6f eoi 0
+5175.922984007: grid210x_device byte send 72 eoi 0
+5175.923040008: grid210x_device byte send 0d eoi 0
+5175.923096010: grid210x_device byte send 0a eoi 0
+5175.923149011: grid210x_device byte send 43 eoi 0
+5175.923201013: grid210x_device byte send 43 eoi 0
+5175.923256014: grid210x_device byte send 4f eoi 0
+5175.923306016: grid210x_device byte send 53 eoi 0
+5175.923358017: grid210x_device byte send 20 eoi 0
+5175.923410018: grid210x_device byte send 6e eoi 0
+5175.923464020: grid210x_device byte send 6f eoi 0
+5175.923516021: grid210x_device byte send 74 eoi 0
+5175.923568023: grid210x_device byte send 20 eoi 0
+5175.923621024: grid210x_device byte send 66 eoi 0
+5175.923673026: grid210x_device byte send 6f eoi 0
+5175.923724027: grid210x_device byte send 75 eoi 0
+5175.923777029: grid210x_device byte send 6e eoi 0
+5175.923827030: grid210x_device byte send 64 eoi 0
+5175.924046036: grid210x_device byte send 0d eoi 0
+5175.924108038: grid210x_device byte send 0a eoi 0
+5175.924163039: grid210x_device byte send 43 eoi 0
+5175.924218041: grid210x_device byte send 68 eoi 0
+5175.924270042: grid210x_device byte send 65 eoi 0
+5175.924321044: grid210x_device byte send 63 eoi 0
+5175.924374045: grid210x_device byte send 6b eoi 0
+5175.924426047: grid210x_device byte send 73 eoi 0
+5175.924478048: grid210x_device byte send 75 eoi 0
+5175.924530049: grid210x_device byte send 6d eoi 0
+5175.924582051: grid210x_device byte send 20 eoi 0
+5175.924635052: grid210x_device byte send 65 eoi 0
+5175.924687054: grid210x_device byte send 72 eoi 0
+5175.924742055: grid210x_device byte send 72 eoi 0
+5175.924792057: grid210x_device byte send 6f eoi 0
+5175.925424074: grid210x_device byte send 72 eoi 0
+5175.925494076: grid210x_device byte send 20 eoi 0
+5175.925550078: grid210x_device byte send 69 eoi 0
+5175.925605079: grid210x_device byte send 6e eoi 0
+5175.925657081: grid210x_device byte send 20 eoi 0
+5175.925711082: grid210x_device byte send 43 eoi 0
+5175.925762084: grid210x_device byte send 43 eoi 0
+5175.925812085: grid210x_device byte send 4f eoi 0
+5175.925866087: grid210x_device byte send 53 eoi 0
+5175.925917088: grid210x_device byte send 0d eoi 0
+5175.925972089: grid210x_device byte send 0a eoi 0
+5175.926220096: grid210x_device byte send 11 eoi 0
+5175.926279098: grid210x_device byte send 50 eoi 0
+5175.926332099: grid210x_device byte send 72 eoi 0
+5175.926385101: grid210x_device byte send 6f eoi 0
+5175.926437102: grid210x_device byte send 67 eoi 0
+5175.926489104: grid210x_device byte send 72 eoi 0
+5175.926541105: grid210x_device byte send 61 eoi 0
+5175.926594107: grid210x_device byte send 6d eoi 0
+5175.926645108: grid210x_device byte send 73 eoi 0
+5175.926696110: grid210x_device byte send 7e eoi 0
+5175.926751111: grid210x_device byte send 53 eoi 0
+5175.926803113: grid210x_device byte send 75 eoi 0
+5175.926854114: grid210x_device byte send 62 eoi 0
+5175.926905115: grid210x_device byte send 6a eoi 0
+5175.926956117: grid210x_device byte send 65 eoi 0
+5175.927007118: grid210x_device byte send 63 eoi 0
+5175.927058120: grid210x_device byte send 74 eoi 0
+5175.927252125: grid210x_device byte send 7e eoi 0
+5175.927317127: grid210x_device byte send 0c eoi 0
+5175.927374128: grid210x_device byte send 43 eoi 0
+5175.927427130: grid210x_device byte send 43 eoi 0
+5175.927480131: grid210x_device byte send 4f eoi 0
+5175.927532133: grid210x_device byte send 53 eoi 0
+5175.927585134: grid210x_device byte send 7e eoi 0
+5175.927636136: grid210x_device byte send 53 eoi 0
+5175.927686137: grid210x_device byte send 79 eoi 0
+5175.927739138: grid210x_device byte send 73 eoi 0
+5175.927791140: grid210x_device byte send 74 eoi 0
+5175.927844141: grid210x_device byte send 65 eoi 0
+5175.927895143: grid210x_device byte send 6d eoi 0
+5175.927946144: grid210x_device byte send 7e eoi 0
+5175.928000146: grid210x_device byte send 18 eoi 0
+5175.928052147: grid210x_device byte send 53 eoi 0
+5175.928104149: grid210x_device byte send 63 eoi 0
+5175.928291154: grid210x_device byte send 72 eoi 0
+5175.928361156: grid210x_device byte send 65 eoi 0
+5175.928417157: grid210x_device byte send 65 eoi 0
+5175.928473159: grid210x_device byte send 6e eoi 0
+5175.928526160: grid210x_device byte send 2e eoi 0
+5175.928580162: grid210x_device byte send 49 eoi 0
+5175.928632163: grid210x_device byte send 6e eoi 0
+5175.928683165: grid210x_device byte send 69 eoi 0
+5175.928736166: grid210x_device byte send 74 eoi 0
+5175.928788168: grid210x_device byte send 7e eoi 0
+5175.928841169: grid210x_device byte send 53 eoi 0
+5175.928892170: grid210x_device byte send 63 eoi 0
+5175.928943172: grid210x_device byte send 72 eoi 0
+5175.928995173: grid210x_device byte send 65 eoi 0
+5175.929046175: grid210x_device byte send 65 eoi 0
+5175.929099176: grid210x_device byte send 6e eoi 0
+5175.929151178: grid210x_device byte send 49 eoi 0
+5175.929354183: grid210x_device byte send 6d eoi 0
+5175.929424185: grid210x_device byte send 61 eoi 0
+5175.929480187: grid210x_device byte send 67 eoi 0
+5175.929533188: grid210x_device byte send 65 eoi 0
+5175.929587190: grid210x_device byte send 7e eoi 0
+5175.929653192: grid210x_device byte send 55 eoi 0
+5175.929708193: grid210x_device byte send 80 eoi 0
+5175.929759194: grid210x_device byte send 20 eoi 0
+5175.929810196: grid210x_device byte send 00 eoi 0
+5175.929866197: grid210x_device byte send 00 eoi 0
+5175.929920199: grid210x_device byte send 40 eoi 0
+5175.929975200: grid210x_device byte send 00 eoi 0
+5175.930107204: grid210x_device byte send 55 eoi 0
+5175.930171206: grid210x_device byte send 8b eoi 0
+5175.930224207: grid210x_device byte send ec eoi 0
+5175.930420213: grid210x_device byte send b8 eoi 0
+5175.930493215: grid210x_device byte send 08 eoi 0
+5175.930858225: grid210x_device byte send 00 eoi 0
+5175.930921227: grid210x_device byte send 0e eoi 0
+5175.930975228: grid210x_device byte send 50 eoi 0
+5175.931026230: grid210x_device byte send b8 eoi 0
+5175.931080231: grid210x_device byte send 0d eoi 0
+5175.931133233: grid210x_device byte send 00 eoi 0
+5175.931186234: grid210x_device byte send 50 eoi 0
+5175.931238236: grid210x_device byte send 9a eoi 0
+5175.931290237: grid210x_device byte send 06 eoi 0
+5175.931526244: grid210x_device byte send 00 eoi 0
+5175.931597245: grid210x_device byte send ef eoi 0
+5175.931652247: grid210x_device byte send ff eoi 0
+5175.931705248: grid210x_device byte send 8b eoi 0
+5175.931758250: grid210x_device byte send 1e eoi 0
+5175.931810251: grid210x_device byte send 00 eoi 0
+5175.931865253: grid210x_device byte send 00 eoi 0
+5175.931918254: grid210x_device byte send 4b eoi 0
+5175.931970256: grid210x_device byte send d1 eoi 0
+5175.932022257: grid210x_device byte send e3 eoi 0
+5175.932074259: grid210x_device byte send 2e eoi 0
+5175.932126260: grid210x_device byte send ff eoi 0
+5175.932177262: grid210x_device byte send a7 eoi 0
+5175.932229263: grid210x_device byte send a7 eoi 0
+5175.932280264: grid210x_device byte send 00 eoi 0
+5175.932332266: grid210x_device byte send ad eoi 0
+5175.932384267: grid210x_device byte send 00 eoi 0
+5175.932580273: grid210x_device byte send b7 eoi 0
+5175.932650275: grid210x_device byte send 00 eoi 0
+5175.932708276: grid210x_device byte send c1 eoi 0
+5175.932761278: grid210x_device byte send 00 eoi 0
+5175.932813279: grid210x_device byte send b8 eoi 0
+5175.932865281: grid210x_device byte send 15 eoi 0
+5175.932917282: grid210x_device byte send 00 eoi 0
+5175.932970284: grid210x_device byte send 0e eoi 0
+5175.933023285: grid210x_device byte send 50 eoi 0
+5175.933075286: grid210x_device byte send b8 eoi 0
+5175.933128288: grid210x_device byte send 0e eoi 0
+5175.933180289: grid210x_device byte send 00 eoi 0
+5175.933289292: grid210x_device byte send eb eoi 0
+5175.933382295: grid210x_device byte send 12 eoi 0
+5175.933441297: grid210x_device byte send b8 eoi 0
+5175.933639302: grid210x_device byte send 23 eoi 0
+5175.933709304: grid210x_device byte send 00 eoi 0
+5175.933768306: grid210x_device byte send 0e eoi 0
+5175.933822307: grid210x_device byte send 50 eoi 0
+5175.933876309: grid210x_device byte send b8 eoi 0
+5175.933928310: grid210x_device byte send 10 eoi 0
+5175.933979312: grid210x_device byte send 00 eoi 0
+5175.934031313: grid210x_device byte send eb eoi 0
+5175.934084314: grid210x_device byte send 08 eoi 0
+5175.934135316: grid210x_device byte send b8 eoi 0
+5175.934186317: grid210x_device byte send 33 eoi 0
+5175.934238319: grid210x_device byte send 00 eoi 0
+5175.934290320: grid210x_device byte send 0e eoi 0
+5175.934343322: grid210x_device byte send 50 eoi 0
+5175.934395323: grid210x_device byte send b8 eoi 0
+5175.934446324: grid210x_device byte send 18 eoi 0
+5175.934500326: grid210x_device byte send 00 eoi 0
+5175.934700332: grid210x_device byte send 50 eoi 0
+5175.934774334: grid210x_device byte send 9a eoi 0
+5175.934831335: grid210x_device byte send 06 eoi 0
+5175.934887337: grid210x_device byte send 00 eoi 0
+5175.934939338: grid210x_device byte send ef eoi 0
+5175.934992340: grid210x_device byte send ff eoi 0
+5175.935044341: grid210x_device byte send b8 eoi 0
+5175.935097343: grid210x_device byte send e8 eoi 0
+5175.935150344: grid210x_device byte send 03 eoi 0
+5175.935205346: grid210x_device byte send 50 eoi 0
+5175.935258347: grid210x_device byte send 9a eoi 0
+5175.935310348: grid210x_device byte send d3 eoi 0
+5175.935365350: grid210x_device byte send 00 eoi 0
+5175.935416351: grid210x_device byte send ef eoi 0
+5175.935470353: grid210x_device byte send ff eoi 0
+5175.935523354: grid210x_device byte send 5d eoi 0
+5175.935574356: grid210x_device byte send c3 eoi 0
+5175.935758361: grid210x_device byte send 55 eoi 0
+5175.935827363: grid210x_device byte send 8b eoi 0
+5175.935884364: grid210x_device byte send ec eoi 0
+5175.935938366: grid210x_device byte send b0 eoi 0
+5175.936263375: grid210x_device byte send 00 eoi 0
+5175.936325377: grid210x_device byte send bf eoi 0
+5175.936379378: grid210x_device byte send 99 eoi 0
+5175.936431380: grid210x_device byte send 0e eoi 0
+5175.936487381: grid210x_device byte send b9 eoi 0
+5175.936539383: grid210x_device byte send 13 eoi 0
+5175.936593384: grid210x_device byte send 00 eoi 0
+5175.936646386: grid210x_device byte send 1e eoi 0
+5175.936896392: grid210x_device byte send 07 eoi 0
+5175.936971395: grid210x_device byte send fc eoi 0
+5175.937025396: grid210x_device byte send f2 eoi 0
+5175.937076397: grid210x_device byte send aa eoi 0
+5175.937129399: grid210x_device byte send a0 eoi 0
+5175.937180400: grid210x_device byte send b0 eoi 0
+5175.937233402: grid210x_device byte send 0e eoi 0
+5175.937286403: grid210x_device byte send a2 eoi 0
+5175.937339405: grid210x_device byte send a7 eoi 0
+5175.937391406: grid210x_device byte send 0e eoi 0
+5175.937443408: grid210x_device byte send c4 eoi 0
+5175.937496409: grid210x_device byte send 46 eoi 0
+5175.937549411: grid210x_device byte send 0a eoi 0
+5175.937601412: grid210x_device byte send a3 eoi 0
+5175.937652413: grid210x_device byte send 9b eoi 0
+5175.937706415: grid210x_device byte send 0e eoi 0
+5175.937758416: grid210x_device byte send 8c eoi 0
+5175.937949422: grid210x_device byte send 06 eoi 0
+5175.938017424: grid210x_device byte send 9d eoi 0
+5175.938071425: grid210x_device byte send 0e eoi 0
+5175.938127427: grid210x_device byte send 8b eoi 0
+5175.938179428: grid210x_device byte send 46 eoi 0
+5175.938233430: grid210x_device byte send 04 eoi 0
+5175.938285431: grid210x_device byte send a3 eoi 0
+5175.938339432: grid210x_device byte send a3 eoi 0
+5175.938391434: grid210x_device byte send 0e eoi 0
+5175.938443435: grid210x_device byte send 8b eoi 0
+5175.938497437: grid210x_device byte send 46 eoi 0
+5175.938549438: grid210x_device byte send 06 eoi 0
+5175.938601440: grid210x_device byte send 8b eoi 0
+5175.938654441: grid210x_device byte send 56 eoi 0
+5175.938706443: grid210x_device byte send 08 eoi 0
+5175.938758444: grid210x_device byte send a3 eoi 0
+5175.938810446: grid210x_device byte send 9f eoi 0
+5175.939018451: grid210x_device byte send 0e eoi 0
+5175.939093453: grid210x_device byte send 89 eoi 0
+5175.939148455: grid210x_device byte send 16 eoi 0
+5175.939199456: grid210x_device byte send a1 eoi 0
+5175.939252458: grid210x_device byte send 0e eoi 0
+5175.939306459: grid210x_device byte send 5d eoi 0
+5175.939359461: grid210x_device byte send c2 eoi 0
+5175.939410462: grid210x_device byte send 0a eoi 0
+5175.939465464: grid210x_device byte send 00 eoi 0
+5175.939518465: grid210x_device byte send 55 eoi 0
+5175.939568467: grid210x_device byte send 8b eoi 0
+5175.939620468: grid210x_device byte send ec eoi 0
+5175.939673469: grid210x_device byte send c4 eoi 0
+5175.939727471: grid210x_device byte send 46 eoi 0
+5175.939778472: grid210x_device byte send 04 eoi 0
+5175.939831474: grid210x_device byte send 06 eoi 0
+5175.939883475: grid210x_device byte send 50 eoi 0
+5175.940260486: grid210x_device byte send 8b eoi 0
+5175.940326488: grid210x_device byte send 46 eoi 0
+5175.940382489: grid210x_device byte send 08 eoi 0
+5175.940438491: grid210x_device byte send ba eoi 0
+5175.940492492: grid210x_device byte send 00 eoi 0
+5175.940545494: grid210x_device byte send 00 eoi 0
+5175.940599495: grid210x_device byte send 03 eoi 0
+5175.940652497: grid210x_device byte send 06 eoi 0
+5175.940706498: grid210x_device byte send 0c eoi 0
+5175.940759500: grid210x_device byte send 00 eoi 0
+5175.940811501: grid210x_device byte send 13 eoi 0
+5175.940865503: grid210x_device byte send 16 eoi 0
+5175.940916504: grid210x_device byte send 0e eoi 0
+5175.940969505: grid210x_device byte send 00 eoi 0
+5175.941022507: grid210x_device byte send 52 eoi 0
+5175.941074508: grid210x_device byte send 50 eoi 0
+5175.941626524: grid210x_device byte send ff eoi 0
+5175.941713526: grid210x_device byte send 36 eoi 0
+5175.941769528: grid210x_device byte send 22 eoi 0
+5175.942132538: grid210x_device byte send 00 eoi 0
+5175.942198539: grid210x_device byte send e8 eoi 0
+5175.942255541: grid210x_device byte send aa eoi 0
+5175.942305542: grid210x_device byte send ff eoi 0
+5175.942357544: grid210x_device byte send b8 eoi 0
+5175.942407545: grid210x_device byte send 04 eoi 0
+5175.942462547: grid210x_device byte send 00 eoi 0
+5175.942516548: grid210x_device byte send 50 eoi 0
+5175.942766555: grid210x_device byte send b8 eoi 0
+5175.942836557: grid210x_device byte send 99 eoi 0
+5175.942890559: grid210x_device byte send 0e eoi 0
+5175.942947560: grid210x_device byte send 1e eoi 0
+5175.943003562: grid210x_device byte send 50 eoi 0
+5175.943054563: grid210x_device byte send b8 eoi 0
+5175.943107565: grid210x_device byte send 6c eoi 0
+5175.943159566: grid210x_device byte send 0a eoi 0
+5175.943214568: grid210x_device byte send 1e eoi 0
+5175.943267569: grid210x_device byte send 50 eoi 0
+5175.943318571: grid210x_device byte send ff eoi 0
+5175.943370572: grid210x_device byte send 1e eoi 0
+5175.943422573: grid210x_device byte send ac eoi 0
+5175.943475575: grid210x_device byte send 0e eoi 0
+5175.943617579: grid210x_device byte send a1 eoi 0
+5175.943811584: grid210x_device byte send 6c eoi 0
+5175.943883586: grid210x_device byte send 0a eoi 0
+5175.943940588: grid210x_device byte send 5d eoi 0
+5175.943993589: grid210x_device byte send c2 eoi 0
+5175.944045591: grid210x_device byte send 06 eoi 0
+5175.944099592: grid210x_device byte send 00 eoi 0
+5175.944151594: grid210x_device byte send 55 eoi 0
+5175.944206595: grid210x_device byte send 8b eoi 0
+5175.944257597: grid210x_device byte send ec eoi 0
+5175.944310598: grid210x_device byte send c4 eoi 0
+5175.944363600: grid210x_device byte send 5e eoi 0
+5175.944416601: grid210x_device byte send 04 eoi 0
+5175.944471603: grid210x_device byte send 8d eoi 0
+5175.944523604: grid210x_device byte send 47 eoi 0
+5175.944574605: grid210x_device byte send 04 eoi 0
+5175.944629607: grid210x_device byte send a3 eoi 0
+5175.944680608: grid210x_device byte send 72 eoi 0
+5175.944879614: grid210x_device byte send 0a eoi 0
+5175.944952616: grid210x_device byte send 8c eoi 0
+5175.945008617: grid210x_device byte send 06 eoi 0
+5175.945062619: grid210x_device byte send 74 eoi 0
+5175.945114620: grid210x_device byte send 0a eoi 0
+5175.945168622: grid210x_device byte send c4 eoi 0
+5175.945220623: grid210x_device byte send 5e eoi 0
+5175.945271625: grid210x_device byte send 04 eoi 0
+5175.945323626: grid210x_device byte send b8 eoi 0
+5175.945377628: grid210x_device byte send 00 eoi 0
+5175.945430629: grid210x_device byte send 00 eoi 0
+5175.945485631: grid210x_device byte send 26 eoi 0
+5175.945536632: grid210x_device byte send 89 eoi 0
+5175.945589634: grid210x_device byte send 87 eoi 0
+5175.945642635: grid210x_device byte send 04 eoi 0
+5175.945693636: grid210x_device byte send 04 eoi 0
+5175.945748638: grid210x_device byte send 26 eoi 0
+5175.945933643: grid210x_device byte send 89 eoi 0
+5175.946002645: grid210x_device byte send 87 eoi 0
+5175.946056646: grid210x_device byte send 06 eoi 0
+5175.946111648: grid210x_device byte send 04 eoi 0
+5175.946166650: grid210x_device byte send 26 eoi 0
+5175.946217651: grid210x_device byte send c7 eoi 0
+5175.946269652: grid210x_device byte send 07 eoi 0
+5175.946320654: grid210x_device byte send 01 eoi 0
+5175.946374655: grid210x_device byte send 00 eoi 0
+5175.946427657: grid210x_device byte send 26 eoi 0
+5175.946482658: grid210x_device byte send c7 eoi 0
+5175.946532660: grid210x_device byte send 47 eoi 0
+5175.946586661: grid210x_device byte send 02 eoi 0
+5175.946638663: grid210x_device byte send 00 eoi 0
+5175.946690664: grid210x_device byte send 00 eoi 0
+5175.946743666: grid210x_device byte send c4 eoi 0
+5175.946794667: grid210x_device byte send 1e eoi 0
+5175.946978672: grid210x_device byte send 72 eoi 0
+5175.947045674: grid210x_device byte send 0a eoi 0
+5175.947103676: grid210x_device byte send 8d eoi 0
+5175.947154677: grid210x_device byte send 87 eoi 0
+5175.947206678: grid210x_device byte send cc eoi 0
+5175.947550688: grid210x_device byte send 00 eoi 0
+5175.947618690: grid210x_device byte send a3 eoi 0
+5175.947674691: grid210x_device byte send 6e eoi 0
+5175.947726693: grid210x_device byte send 0a eoi 0
+5175.947778694: grid210x_device byte send 8c eoi 0
+5175.947831696: grid210x_device byte send 06 eoi 0
+5175.948064702: grid210x_device byte send 70 eoi 0
+5175.948141704: grid210x_device byte send 0a eoi 0
+5175.948199706: grid210x_device byte send 89 eoi 0
+5175.948254707: grid210x_device byte send c3 eoi 0
+5175.948308709: grid210x_device byte send 8b eoi 0
+5175.948359710: grid210x_device byte send 4e eoi 0
+5175.948410712: grid210x_device byte send 08 eoi 0
+5175.948464713: grid210x_device byte send 26 eoi 0
+5175.948516715: grid210x_device byte send 89 eoi 0
+5175.948567716: grid210x_device byte send 4f eoi 0
+5175.948620718: grid210x_device byte send 06 eoi 0
+5175.948671719: grid210x_device byte send 5d eoi 0
+5175.948724720: grid210x_device byte send c2 eoi 0
+5175.948775722: grid210x_device byte send 06 eoi 0
+5175.948830723: grid210x_device byte send 00 eoi 0
+5175.948881725: grid210x_device byte send 55 eoi 0
+5175.948932726: grid210x_device byte send 8b eoi 0
+5175.949019729: grid210x_device byte send ec eoi 0
+5175.949183733: grid210x_device byte send 83 eoi 0
+5175.949301737: grid210x_device byte send 7e eoi 0
+5175.949398739: grid210x_device byte send 04 eoi 0
+5175.949470741: grid210x_device byte send 00 eoi 0
+5175.949528743: grid210x_device byte send 75 eoi 0
+5175.949581744: grid210x_device byte send 08 eoi 0
+5175.949634746: grid210x_device byte send a1 eoi 0
+5175.949685747: grid210x_device byte send 24 eoi 0
+5175.949737749: grid210x_device byte send 00 eoi 0
+5175.949789750: grid210x_device byte send 2d eoi 0
+5175.949842752: grid210x_device byte send d4 eoi 0
+5175.949895753: grid210x_device byte send 00 eoi 0
+5175.949948754: grid210x_device byte send eb eoi 0
+5175.950216762: grid210x_device byte send 06 eoi 0
+5175.950303764: grid210x_device byte send a1 eoi 0
+5175.950361766: grid210x_device byte send 24 eoi 0
+5175.950416767: grid210x_device byte send 00 eoi 0
+5175.950471769: grid210x_device byte send 83 eoi 0
+5175.950525770: grid210x_device byte send e8 eoi 0
+5175.950576772: grid210x_device byte send 0c eoi 0
+5175.950630773: grid210x_device byte send d1 eoi 0
+5175.950682775: grid210x_device byte send e8 eoi 0
+5175.950733776: grid210x_device byte send 5d eoi 0
+5175.950785778: grid210x_device byte send c2 eoi 0
+5175.950840779: grid210x_device byte send 02 eoi 0
+5175.950892781: grid210x_device byte send 00 eoi 0
+5175.950945782: grid210x_device byte send 55 eoi 0
+5175.950998784: grid210x_device byte send 8b eoi 0
+5175.951051785: grid210x_device byte send ec eoi 0
+5175.951105787: grid210x_device byte send b8 eoi 0
+5175.951299792: grid210x_device byte send 00 eoi 0
+5175.951369794: grid210x_device byte send 00 eoi 0
+5175.951425795: grid210x_device byte send 50 eoi 0
+5175.951481797: grid210x_device byte send e8 eoi 0
+5175.951533798: grid210x_device byte send d9 eoi 0
+5175.951586800: grid210x_device byte send ff eoi 0
+5175.951638801: grid210x_device byte send a3 eoi 0
+5175.951689803: grid210x_device byte send 76 eoi 0
+5175.951740804: grid210x_device byte send 0a eoi 0
+5175.951794806: grid210x_device byte send c4 eoi 0
+5175.951846807: grid210x_device byte send 5e eoi 0
+5175.951898809: grid210x_device byte send 04 eoi 0
+5175.951948810: grid210x_device byte send 8d eoi 0
+5175.952002811: grid210x_device byte send 4f eoi 0
+5175.952054813: grid210x_device byte send 04 eoi 0
+5175.952108814: grid210x_device byte send 89 eoi 0
+5175.952161816: grid210x_device byte send 0e eoi 0
+5175.952345821: grid210x_device byte send 86 eoi 0
+5175.952411823: grid210x_device byte send 0a eoi 0
+5175.952470824: grid210x_device byte send 8c eoi 0
+5175.952523826: grid210x_device byte send 06 eoi 0
+5175.952576827: grid210x_device byte send 88 eoi 0
+5175.952629829: grid210x_device byte send 0a eoi 0
+5175.952682830: grid210x_device byte send c4 eoi 0
+5175.952735832: grid210x_device byte send 5e eoi 0
+5175.953097842: grid210x_device byte send 04 eoi 0
+5175.953163844: grid210x_device byte send 26 eoi 0
+5175.953218845: grid210x_device byte send 8b eoi 0
+5175.953465852: grid210x_device byte send 87 eoi 0
+5175.953532854: grid210x_device byte send 04 eoi 0
+5175.953591855: grid210x_device byte send 04 eoi 0
+5175.953645857: grid210x_device byte send 26 eoi 0
+5175.953696858: grid210x_device byte send 8b eoi 0
+5175.953749860: grid210x_device byte send 97 eoi 0
+5175.953801861: grid210x_device byte send 06 eoi 0
+5175.953855863: grid210x_device byte send 04 eoi 0
+5175.953907864: grid210x_device byte send 8b eoi 0
+5175.953960866: grid210x_device byte send 0e eoi 0
+5175.954014867: grid210x_device byte send 24 eoi 0
+5175.954065869: grid210x_device byte send 00 eoi 0
+5175.954119870: grid210x_device byte send bf eoi 0
+5175.954171872: grid210x_device byte send 00 eoi 0
+5175.954225873: grid210x_device byte send 00 eoi 0
+5175.954277875: grid210x_device byte send 9a eoi 0
+5175.954331876: grid210x_device byte send 00 eoi 0
+5175.954518881: grid210x_device byte send 00 eoi 0
+5175.954589883: grid210x_device byte send 7b eoi 0
+5175.954644885: grid210x_device byte send 20 eoi 0
+5175.954698886: grid210x_device byte send a3 eoi 0
+5175.954753888: grid210x_device byte send 7a eoi 0
+5175.954805889: grid210x_device byte send 0a eoi 0
+5175.954860891: grid210x_device byte send 3b eoi 0
+5175.954912892: grid210x_device byte send 06 eoi 0
+5175.954966894: grid210x_device byte send 76 eoi 0
+5175.955018895: grid210x_device byte send 0a eoi 0
+5175.955070897: grid210x_device byte send 73 eoi 0
+5175.955123898: grid210x_device byte send 0d eoi 0
+5175.955175899: grid210x_device byte send a3 eoi 0
+5175.955226901: grid210x_device byte send 7c eoi 0
+5175.955277902: grid210x_device byte send 0a eoi 0
+5175.955331904: grid210x_device byte send c4 eoi 0
+5175.955382905: grid210x_device byte send 1e eoi 0
+5175.955589911: grid210x_device byte send 86 eoi 1
+5175.956071924: grid210x_device byte recv 5f atn 1 eoi 0
+5175.956104925: grid210x_device now not talking
+5175.958745998: grid210x_device byte recv 25 atn 1 eoi 0
+5175.958797000: grid210x_device now listening
+5175.959250012: grid210x_device byte recv 04 atn 0 eoi 0
+5175.959325014: grid210x_device byte recv 00 atn 0 eoi 0
+5175.959397016: grid210x_device byte recv 00 atn 0 eoi 0
+5175.959467018: grid210x_device byte recv 02 atn 0 eoi 0
+5175.959536020: grid210x_device byte recv 00 atn 0 eoi 0
+5175.959605022: grid210x_device byte recv 00 atn 0 eoi 0
+5175.959812028: grid210x_device byte recv 00 atn 0 eoi 0
+5175.959904031: grid210x_device byte recv 00 atn 0 eoi 0
+5175.959980033: grid210x_device byte recv 02 atn 0 eoi 0
+5175.961230067: grid210x_device byte recv 00 atn 0 eoi 1
+5175.961322070: grid210x_device byte recv 3f atn 1 eoi 0
+5175.961353071: grid210x_device now not listening
+5175.961366071: grid210x_device command 4, data size 512, sector no 2
+5175.962595105: grid210x_device byte recv 18 atn 1 eoi 0
+5175.962696108: grid210x_device byte recv 45 atn 1 eoi 0
+5175.962728109: grid210x_device now talking
+5175.962757110: grid210x_device byte send 4f eoi 0
+5175.962994116: grid210x_device byte recv 19 atn 1 eoi 0
+5175.963087119: grid210x_device byte recv 5f atn 1 eoi 0
+5175.963115120: grid210x_device now not talking
+5175.964433156: grid210x_device byte recv 45 atn 1 eoi 0
+5175.964474157: grid210x_device now talking
+5175.965662190: grid210x_device byte send 0a eoi 0
+5175.966140204: grid210x_device byte send 8d eoi 0
+5175.966212206: grid210x_device byte send 87 eoi 0
+5175.966266207: grid210x_device byte send cc eoi 0
+5175.966320209: grid210x_device byte send 00 eoi 0
+5175.966377210: grid210x_device byte send eb eoi 0
+5175.966428211: grid210x_device byte send 1e eoi 0
+5175.966482213: grid210x_device byte send a1 eoi 0
+5175.966535214: grid210x_device byte send 7a eoi 0
+5175.966588216: grid210x_device byte send 0a eoi 0
+5175.966641217: grid210x_device byte send 2b eoi 0
+5175.966692219: grid210x_device byte send 06 eoi 0
+5175.966746220: grid210x_device byte send 76 eoi 0
+5175.967320236: grid210x_device byte send 0a eoi 0
+5175.967393238: grid210x_device byte send 50 eoi 0
+5175.967447240: grid210x_device byte send b9 eoi 0
+5175.967503241: grid210x_device byte send 01 eoi 0
+5175.967556243: grid210x_device byte send 00 eoi 0
+5175.967609244: grid210x_device byte send 51 eoi 0
+5175.967661246: grid210x_device byte send e8 eoi 0
+5175.967714247: grid210x_device byte send 8a eoi 0
+5175.967766249: grid210x_device byte send ff eoi 0
+5175.967817250: grid210x_device byte send 89 eoi 0
+5175.967868251: grid210x_device byte send c1 eoi 0
+5175.967920253: grid210x_device byte send 58 eoi 0
+5175.967971254: grid210x_device byte send 31 eoi 0
+5175.968023256: grid210x_device byte send d2 eoi 0
+5175.968075257: grid210x_device byte send f7 eoi 0
+5175.968128259: grid210x_device byte send f1 eoi 0
+5175.968334264: grid210x_device byte send 89 eoi 0
+5175.968406266: grid210x_device byte send 16 eoi 0
+5175.968464268: grid210x_device byte send 7c eoi 0
+5175.968516269: grid210x_device byte send 0a eoi 0
+5175.968571271: grid210x_device byte send c4 eoi 0
+5175.968625272: grid210x_device byte send 06 eoi 0
+5175.968677274: grid210x_device byte send 86 eoi 0
+5175.968730275: grid210x_device byte send 0a eoi 0
+5175.968783277: grid210x_device byte send a3 eoi 0
+5175.968837278: grid210x_device byte send 7e eoi 0
+5175.968888280: grid210x_device byte send 0a eoi 0
+5175.968939281: grid210x_device byte send 8c eoi 0
+5175.968991283: grid210x_device byte send 06 eoi 0
+5175.969044284: grid210x_device byte send 80 eoi 0
+5175.969096285: grid210x_device byte send 0a eoi 0
+5175.969148287: grid210x_device byte send 83 eoi 0
+5175.969199288: grid210x_device byte send 3e eoi 0
+5175.969390294: grid210x_device byte send 7c eoi 0
+5175.969460296: grid210x_device byte send 0a eoi 0
+5175.969518297: grid210x_device byte send 00 eoi 0
+5175.969573299: grid210x_device byte send 75 eoi 0
+5175.969628300: grid210x_device byte send 5a eoi 0
+5175.969681302: grid210x_device byte send c4 eoi 0
+5175.969736303: grid210x_device byte send 06 eoi 0
+5175.969789305: grid210x_device byte send 7e eoi 0
+5175.969843306: grid210x_device byte send 0a eoi 0
+5175.969895308: grid210x_device byte send a3 eoi 0
+5175.969948309: grid210x_device byte send 82 eoi 0
+5175.970070313: grid210x_device byte send 0a eoi 0
+5175.970140314: grid210x_device byte send 8c eoi 0
+5175.970194316: grid210x_device byte send 06 eoi 0
+5175.970250317: grid210x_device byte send 84 eoi 0
+5175.970460323: grid210x_device byte send 0a eoi 0
+5175.970535325: grid210x_device byte send a1 eoi 0
+5175.970593327: grid210x_device byte send 76 eoi 0
+5175.970647329: grid210x_device byte send 0a eoi 0
+5175.970701330: grid210x_device byte send 3b eoi 0
+5175.970756332: grid210x_device byte send 06 eoi 0
+5175.970809333: grid210x_device byte send 7a eoi 0
+5175.970860334: grid210x_device byte send 0a eoi 0
+5175.970913336: grid210x_device byte send 75 eoi 0
+5175.970966337: grid210x_device byte send 0f eoi 0
+5175.971019339: grid210x_device byte send c4 eoi 0
+5175.971071340: grid210x_device byte send 1e eoi 0
+5175.971126342: grid210x_device byte send 86 eoi 0
+5175.971178343: grid210x_device byte send 0a eoi 0
+5175.971230345: grid210x_device byte send 8d eoi 0
+5175.971282346: grid210x_device byte send 87 eoi 0
+5175.971333348: grid210x_device byte send cc eoi 0
+5175.971530353: grid210x_device byte send 00 eoi 0
+5175.971599355: grid210x_device byte send a3 eoi 0
+5175.971654356: grid210x_device byte send 82 eoi 0
+5175.971708358: grid210x_device byte send 0a eoi 0
+5175.971762359: grid210x_device byte send 8c eoi 0
+5175.971814361: grid210x_device byte send 06 eoi 0
+5175.971867362: grid210x_device byte send 84 eoi 0
+5175.971920364: grid210x_device byte send 0a eoi 0
+5175.971972365: grid210x_device byte send c4 eoi 0
+5175.972024367: grid210x_device byte send 1e eoi 0
+5175.972076368: grid210x_device byte send 82 eoi 0
+5175.972129370: grid210x_device byte send 0a eoi 0
+5175.972180371: grid210x_device byte send 26 eoi 0
+5175.972731386: grid210x_device byte send ff eoi 0
+5175.972798388: grid210x_device byte send 77 eoi 0
+5175.972852390: grid210x_device byte send 06 eoi 0
+5175.972906391: grid210x_device byte send c4 eoi 0
+5175.972959393: grid210x_device byte send 5e eoi 0
+5175.973010394: grid210x_device byte send 04 eoi 0
+5175.973064396: grid210x_device byte send 8d eoi 0
+5175.973116397: grid210x_device byte send 47 eoi 0
+5175.973168398: grid210x_device byte send 04 eoi 0
+5175.973279402: grid210x_device byte send 06 eoi 0
+5175.973377404: grid210x_device byte send 50 eoi 0
+5175.973436406: grid210x_device byte send e8 eoi 0
+5175.973491407: grid210x_device byte send b8 eoi 0
+5175.973544409: grid210x_device byte send fe eoi 0
+5175.973766415: grid210x_device byte send a3 eoi 0
+5175.973825417: grid210x_device byte send 78 eoi 0
+5175.973880418: grid210x_device byte send 0a eoi 0
+5175.973935420: grid210x_device byte send 09 eoi 0
+5175.973991421: grid210x_device byte send c0 eoi 0
+5175.974043423: grid210x_device byte send 75 eoi 0
+5175.974095424: grid210x_device byte send 37 eoi 0
+5175.974147426: grid210x_device byte send 83 eoi 0
+5175.974199427: grid210x_device byte send 3e eoi 0
+5175.974254429: grid210x_device byte send 7a eoi 0
+5175.974306430: grid210x_device byte send 0a eoi 0
+5175.974361432: grid210x_device byte send 00 eoi 0
+5175.974413433: grid210x_device byte send 75 eoi 0
+5175.974467434: grid210x_device byte send 16 eoi 0
+5175.974519436: grid210x_device byte send c4 eoi 0
+5175.974571437: grid210x_device byte send 1e eoi 0
+5175.974758443: grid210x_device byte send 86 eoi 0
+5175.974833445: grid210x_device byte send 0a eoi 0
+5175.974892446: grid210x_device byte send 26 eoi 0
+5175.974944448: grid210x_device byte send 8b eoi 0
+5175.974998449: grid210x_device byte send 47 eoi 0
+5175.975049451: grid210x_device byte send 04 eoi 0
+5175.975103452: grid210x_device byte send 26 eoi 0
+5175.975155454: grid210x_device byte send 8b eoi 0
+5175.975209455: grid210x_device byte send 57 eoi 0
+5175.975260456: grid210x_device byte send 06 eoi 0
+5175.975312458: grid210x_device byte send c4 eoi 0
+5175.975365459: grid210x_device byte send 5e eoi 0
+5175.975417461: grid210x_device byte send 04 eoi 0
+5175.975472462: grid210x_device byte send 26 eoi 0
+5175.975526464: grid210x_device byte send 89 eoi 0
+5175.975577465: grid210x_device byte send 07 eoi 0
+5175.975633467: grid210x_device byte send 26 eoi 0
+5175.975841473: grid210x_device byte send 89 eoi 0
+5175.975915475: grid210x_device byte send 57 eoi 0
+5175.975972476: grid210x_device byte send 02 eoi 0
+5175.976029478: grid210x_device byte send 8b eoi 0
+5175.976082479: grid210x_device byte send 36 eoi 0
+5175.976134481: grid210x_device byte send 7c eoi 0
+5175.976185482: grid210x_device byte send 0a eoi 0
+5175.976238484: grid210x_device byte send d1 eoi 0
+5175.976290485: grid210x_device byte send e6 eoi 0
+5175.976357487: grid210x_device byte send c4 eoi 0
+5175.976411488: grid210x_device byte send 1e eoi 0
+5175.976555492: grid210x_device byte send 7e eoi 0
+5175.976606494: grid210x_device byte send 0a eoi 0
+5175.976660495: grid210x_device byte send 26 eoi 0
+5175.976713497: grid210x_device byte send ff eoi 0
+5175.976897502: grid210x_device byte send 70 eoi 0
+5175.976967504: grid210x_device byte send 0c eoi 0
+5175.977023505: grid210x_device byte send c4 eoi 0
+5175.977075507: grid210x_device byte send 5e eoi 0
+5175.977130508: grid210x_device byte send 04 eoi 0
+5175.977182510: grid210x_device byte send 8d eoi 0
+5175.977234511: grid210x_device byte send 87 eoi 0
+5175.977285513: grid210x_device byte send 04 eoi 0
+5175.977339514: grid210x_device byte send 02 eoi 0
+5175.977391516: grid210x_device byte send 06 eoi 0
+5175.977443517: grid210x_device byte send 50 eoi 0
+5175.977497518: grid210x_device byte send e8 eoi 0
+5175.977549520: grid210x_device byte send 7a eoi 0
+5175.977603521: grid210x_device byte send fe eoi 0
+5175.977653523: grid210x_device byte send 5d eoi 0
+5175.977707524: grid210x_device byte send c2 eoi 0
+5175.977759526: grid210x_device byte send 04 eoi 0
+5175.978230539: grid210x_device byte send 00 eoi 0
+5175.978296541: grid210x_device byte send 55 eoi 0
+5175.978350542: grid210x_device byte send 8b eoi 0
+5175.978403544: grid210x_device byte send ec eoi 0
+5175.978457545: grid210x_device byte send c4 eoi 0
+5175.978509547: grid210x_device byte send 5e eoi 0
+5175.978561548: grid210x_device byte send 0a eoi 0
+5175.978617550: grid210x_device byte send 8d eoi 0
+5175.978669551: grid210x_device byte send 87 eoi 0
+5175.978721552: grid210x_device byte send 04 eoi 0
+5175.978774554: grid210x_device byte send 02 eoi 0
+5175.978825555: grid210x_device byte send a3 eoi 0
+5175.979058562: grid210x_device byte send 92 eoi 0
+5175.979139564: grid210x_device byte send 0a eoi 0
+5175.979198566: grid210x_device byte send 8c eoi 0
+5175.979254567: grid210x_device byte send 06 eoi 0
+5175.979307569: grid210x_device byte send 94 eoi 0
+5175.979362570: grid210x_device byte send 0a eoi 0
+5175.979415572: grid210x_device byte send c7 eoi 0
+5175.979470573: grid210x_device byte send 06 eoi 0
+5175.979523575: grid210x_device byte send 8e eoi 0
+5175.979574576: grid210x_device byte send 0a eoi 0
+5175.979628578: grid210x_device byte send 00 eoi 0
+5175.979680579: grid210x_device byte send 00 eoi 0
+5175.979734581: grid210x_device byte send c4 eoi 0
+5175.979785582: grid210x_device byte send 5e eoi 0
+5175.979839583: grid210x_device byte send 0a eoi 0
+5175.979892585: grid210x_device byte send 26 eoi 0
+5175.979944586: grid210x_device byte send 8b eoi 0
+5175.980191593: grid210x_device byte send 87 eoi 0
+5175.980264595: grid210x_device byte send 04 eoi 0
+5175.980320597: grid210x_device byte send 04 eoi 0
+5175.980376598: grid210x_device byte send 26 eoi 0
+5175.980427600: grid210x_device byte send 8b eoi 0
+5175.980481601: grid210x_device byte send 97 eoi 0
+5175.980533603: grid210x_device byte send 06 eoi 0
+5175.980588604: grid210x_device byte send 04 eoi 0
+5175.980641606: grid210x_device byte send 26 eoi 0
+5175.980693607: grid210x_device byte send 3b eoi 0
+5175.980746609: grid210x_device byte send 57 eoi 0
+5175.980798610: grid210x_device byte send 02 eoi 0
+5175.980852612: grid210x_device byte send 75 eoi 0
+5175.980908613: grid210x_device byte send 03 eoi 0
+5175.980963615: grid210x_device byte send 26 eoi 0
+5175.981015616: grid210x_device byte send 3b eoi 0
+5175.981065617: grid210x_device byte send 07 eoi 0
+5175.981368626: grid210x_device byte send b0 eoi 0
+5175.981448628: grid210x_device byte send ff eoi 0
+5175.981507630: grid210x_device byte send 74 eoi 0
+5175.981559631: grid210x_device byte send 01 eoi 0
+5175.981616633: grid210x_device byte send 40 eoi 0
+5175.981669634: grid210x_device byte send a2 eoi 0
+5175.981721636: grid210x_device byte send b1 eoi 0
+5175.981772637: grid210x_device byte send 0e eoi 0
+5175.981824639: grid210x_device byte send a1 eoi 0
+5175.981877640: grid210x_device byte send 8e eoi 0
+5175.981928641: grid210x_device byte send 0a eoi 0
+5175.981981643: grid210x_device byte send 3b eoi 0
+5175.982033644: grid210x_device byte send 46 eoi 0
+5175.982084646: grid210x_device byte send 04 eoi 0
+5175.982136647: grid210x_device byte send 72 eoi 0
+5175.982186649: grid210x_device byte send 03 eoi 0
+5175.982392654: grid210x_device byte send e9 eoi 0
+5175.982460656: grid210x_device byte send e5 eoi 0
+5175.982516658: grid210x_device byte send 00 eoi 0
+5175.982570659: grid210x_device byte send a0 eoi 0
+5175.982624661: grid210x_device byte send b1 eoi 0
+5175.982676662: grid210x_device byte send 0e eoi 0
+5175.982731664: grid210x_device byte send d0 eoi 0
+5175.982782665: grid210x_device byte send d8 eoi 0
+5175.982833666: grid210x_device byte send 73 eoi 0
+5175.982885668: grid210x_device byte send 03 eoi 0
+5175.982938669: grid210x_device byte send e9 eoi 0
+5175.982990671: grid210x_device byte send db eoi 0
+5175.983041672: grid210x_device byte send 00 eoi 0
+5175.983094674: grid210x_device byte send 8b eoi 0
+5175.983147675: grid210x_device byte send 0e eoi 0
+5175.983198677: grid210x_device byte send 24 eoi 0
+5175.983252678: grid210x_device byte send 00 eoi 0
+5175.983754692: grid210x_device byte send ba eoi 0
+5175.983818694: grid210x_device byte send 00 eoi 0
+5175.983874695: grid210x_device byte send 00 eoi 0
+5175.983929697: grid210x_device byte send c4 eoi 0
+5175.983982698: grid210x_device byte send 5e eoi 0
+5175.984035700: grid210x_device byte send 0a eoi 0
+5175.984090701: grid210x_device byte send 26 eoi 0
+5175.984142703: grid210x_device byte send 8b eoi 0
+5175.984195704: grid210x_device byte send 87 eoi 0
+5175.984248706: grid210x_device byte send 04 eoi 0
+5175.984300707: grid210x_device byte send 04 eoi 0
+5175.984533714: grid210x_device byte send 26 eoi 0
+5175.984607716: grid210x_device byte send 8b eoi 0
+5175.984663717: grid210x_device byte send bf eoi 0
+5175.984717719: grid210x_device byte send 06 eoi 0
+5175.984773720: grid210x_device byte send 04 eoi 0
+5175.984828722: grid210x_device byte send 87 eoi 0
+5175.984881723: grid210x_device byte send fa eoi 0
+5175.984932725: grid210x_device byte send 51 eoi 0
+5175.984984726: grid210x_device byte send 57 eoi 0
+5175.985035728: grid210x_device byte send 9a eoi 0
+5175.985088729: grid210x_device byte send 00 eoi 0
+5175.985141731: grid210x_device byte send 00 eoi 0
+5175.985193732: grid210x_device byte send 7b eoi 0
+5175.985246733: grid210x_device byte send 20 eoi 0
+5175.985298735: grid210x_device byte send 89 eoi 0
+5175.985350736: grid210x_device byte send 3e eoi 0
+5175.985403738: grid210x_device byte send 8a eoi 0
+5175.985586743: grid210x_device byte send 0a eoi 0
+5175.985662745: grid210x_device byte send 5b eoi 0
+5175.985719747: grid210x_device byte send 58 eoi 0
+5175.985772748: grid210x_device byte send 2b eoi 0
+5175.985825749: grid210x_device byte send c7 eoi 0
+5175.985878751: grid210x_device byte send a3 eoi 0
+5175.985930752: grid210x_device byte send 8c eoi 0
+5175.985981754: grid210x_device byte send 0a eoi 0
+5175.986034755: grid210x_device byte send 09 eoi 0
+5175.986089757: grid210x_device byte send ff eoi 0
+5175.986142758: grid210x_device byte send 75 eoi 0
+5175.986193760: grid210x_device byte send 0f eoi 0
+5175.986247761: grid210x_device byte send c4 eoi 0
+5175.986299763: grid210x_device byte send 46 eoi 0
+5175.986350764: grid210x_device byte send 0a eoi 0
+5175.986402765: grid210x_device byte send 06 eoi 0
+5175.986456767: grid210x_device byte send 50 eoi 0
+5175.986509768: grid210x_device byte send e8 eoi 0
+5175.986731775: grid210x_device byte send 94 eoi 0
+5175.986792776: grid210x_device byte send fe eoi 0
+5175.986847778: grid210x_device byte send 09 eoi 0
+5175.986901779: grid210x_device byte send c0 eoi 0
+5175.986952781: grid210x_device byte send 74 eoi 0
+5175.987006782: grid210x_device byte send 03 eoi 0
+5175.987058784: grid210x_device byte send e9 eoi 0
+5175.987113785: grid210x_device byte send a0 eoi 0
+5175.987164787: grid210x_device byte send 00 eoi 0
+5175.987218788: grid210x_device byte send 8b eoi 0
+5175.987268789: grid210x_device byte send 0e eoi 0
+5175.987320791: grid210x_device byte send 8c eoi 0
+5175.987373792: grid210x_device byte send 0a eoi 0
+5175.987424794: grid210x_device byte send a1 eoi 0
+5175.987476795: grid210x_device byte send 8e eoi 0
+5175.987528797: grid210x_device byte send 0a eoi 0
+5175.987582798: grid210x_device byte send 03 eoi 0
+5175.987778804: grid210x_device byte send c8 eoi 0
+5175.987834805: grid210x_device byte send 8b eoi 0
+5175.987887807: grid210x_device byte send 46 eoi 0
+5175.987940808: grid210x_device byte send 04 eoi 0
+5175.987994810: grid210x_device byte send 3b eoi 0
+5175.988045811: grid210x_device byte send c8 eoi 0
+5175.988098813: grid210x_device byte send 76 eoi 0
+5175.988148814: grid210x_device byte send 07 eoi 0
+5175.988201815: grid210x_device byte send 2b eoi 0
+5175.988255817: grid210x_device byte send 06 eoi 0
+5175.988308818: grid210x_device byte send 8e eoi 0
+5175.988359820: grid210x_device byte send 0a eoi 0
+5175.988413821: grid210x_device byte send a3 eoi 0
+5175.988467823: grid210x_device byte send 8c eoi 0
+5175.988518824: grid210x_device byte send 0a eoi 0
+5175.988570826: grid210x_device byte send c4 eoi 0
+5175.989053839: grid210x_device byte send 5e eoi 0
+5175.989119841: grid210x_device byte send 0a eoi 0
+5175.989176842: grid210x_device byte send 26 eoi 0
+5175.989291846: grid210x_device byte send 8b eoi 0
+5175.989389848: grid210x_device byte send 87 eoi 0
+5175.989446850: grid210x_device byte send 04 eoi 0
+5175.989505852: grid210x_device byte send 04 eoi 0
+5175.989559853: grid210x_device byte send 26 eoi 0
+5175.989611854: grid210x_device byte send 8b eoi 0
+5175.989663856: grid210x_device byte send 97 eoi 0
+5175.989716857: grid210x_device byte send 06 eoi 0
+5175.989951864: grid210x_device byte send 04 eoi 0
+5175.990097868: grid210x_device byte send 8b eoi 0
+5175.990161870: grid210x_device byte send 0e eoi 0
+5175.990219871: grid210x_device byte send 8c eoi 0
+5175.990273873: grid210x_device byte send 0a eoi 0
+5175.990328874: grid210x_device byte send bf eoi 0
+5175.990382876: grid210x_device byte send 00 eoi 0
+5175.990435877: grid210x_device byte send 00 eoi 0
+5175.990490879: grid210x_device byte send 03 eoi 0
+5175.990543880: grid210x_device byte send c8 eoi 0
+5175.990596882: grid210x_device byte send 13 eoi 0
+5175.990647883: grid210x_device byte send fa eoi 0
+5175.990697885: grid210x_device byte send 26 eoi 0
+5175.990750886: grid210x_device byte send 8b eoi 0
+5175.990800887: grid210x_device byte send 37 eoi 0
+5175.990993893: grid210x_device byte send 26 eoi 0
+5175.991057895: grid210x_device byte send 8b eoi 0
+5175.991115896: grid210x_device byte send 47 eoi 0
+5175.991167898: grid210x_device byte send 02 eoi 0
+5175.991222899: grid210x_device byte send 3b eoi 0
+5175.991274901: grid210x_device byte send f8 eoi 0
+5175.991325902: grid210x_device byte send 75 eoi 0
+5175.991380904: grid210x_device byte send 02 eoi 0
+5175.991434905: grid210x_device byte send 3b eoi 0
+5175.991488907: grid210x_device byte send ce eoi 0
+5175.991540908: grid210x_device byte send 76 eoi 0
+5175.991594909: grid210x_device byte send 15 eoi 0
+5175.991647911: grid210x_device byte send 26 eoi 0
+5175.991699912: grid210x_device byte send 2b eoi 0
+5175.991753914: grid210x_device byte send b7 eoi 0
+5175.991805915: grid210x_device byte send 04 eoi 0
+5175.991859917: grid210x_device byte send 04 eoi 0
+5175.992068923: grid210x_device byte send 26 eoi 0
+5175.992141925: grid210x_device byte send 1b eoi 0
+5175.992194926: grid210x_device byte send 87 eoi 0
+5175.992248928: grid210x_device byte send 06 eoi 0
+5175.992302929: grid210x_device byte send 04 eoi 0
+5175.992355931: grid210x_device byte send 89 eoi 0
+5175.992407932: grid210x_device byte send 36 eoi 0
+5175.992462934: grid210x_device byte send 90 eoi 0
+5175.992514935: grid210x_device byte send 0a eoi 0
+5175.992565936: grid210x_device byte send c6 eoi 0
+5175.992618938: grid210x_device byte send 06 eoi 0
+5175.992670939: grid210x_device byte send b1 eoi 0
+5175.992723941: grid210x_device byte send 0e eoi 0
+5175.992777942: grid210x_device byte send 01 eoi 0
+5175.992831944: grid210x_device byte send eb eoi 0
+5175.992883945: grid210x_device byte send 06 eoi 0
+5175.993103951: grid210x_device byte send a1 eoi 0
+5175.993172953: grid210x_device byte send 8c eoi 0
+5175.993228955: grid210x_device byte send 0a eoi 0
+5175.993283956: grid210x_device byte send a3 eoi 0
+5175.993336958: grid210x_device byte send 90 eoi 0
+5175.993388959: grid210x_device byte send 0a eoi 0
+5175.993440961: grid210x_device byte send c4 eoi 0
+5175.993495962: grid210x_device byte send 1e eoi 0
+5175.993547964: grid210x_device byte send 92 eoi 0
+5175.993597965: grid210x_device byte send 0a eoi 0
+5175.993650967: grid210x_device byte send 8b eoi 0
+5175.993701968: grid210x_device byte send 36 eoi 0
+5175.993754969: grid210x_device byte send 8a eoi 0
+5175.993804971: grid210x_device byte send 0a eoi 0
+5175.993857972: grid210x_device byte send 8d eoi 0
+5175.993907974: grid210x_device byte send 70 eoi 0
+5175.993958975: grid210x_device byte send 04 eoi 0
+5175.994141980: grid210x_device byte send 06 eoi 0
+5175.994217982: grid210x_device byte send c4 eoi 0
+5175.994571992: grid210x_device byte send 5e eoi 0
+5175.994642994: grid210x_device byte send 06 eoi 0
+5175.994699996: grid210x_device byte send 8b eoi 0
+5175.994755997: grid210x_device byte send 3e eoi 0
+5175.994807999: grid210x_device byte send 8e eoi 0
+5175.994862000: grid210x_device byte send 0a eoi 0
+5175.994915002: grid210x_device byte send 8d eoi 0
+5175.994969003: grid210x_device byte send 39 eoi 0
+5175.995021005: grid210x_device byte send 8b eoi 0
+5175.995252011: grid210x_device byte send 0e eoi 0
+5175.995332013: grid210x_device byte send 90 eoi 0
+5175.995387015: grid210x_device byte send 0a eoi 0
+5175.995440016: grid210x_device byte send 1e eoi 0
+5175.995494018: grid210x_device byte send 8e eoi 0
+5175.995545019: grid210x_device byte send 9e eoi 0
+5175.995597020: grid210x_device byte send fe eoi 0
+5175.995648022: grid210x_device byte send ff eoi 0
+5175.995700023: grid210x_device byte send fc eoi 0
+5175.995753025: grid210x_device byte send f2 eoi 0
+5175.995804026: grid210x_device byte send a4 eoi 0
+5175.995856028: grid210x_device byte send 1f eoi 0
+5175.995908029: grid210x_device byte send 59 eoi 0
+5175.995962031: grid210x_device byte send a1 eoi 0
+5175.996013032: grid210x_device byte send 90 eoi 0
+5175.996065033: grid210x_device byte send 0a eoi 0
+5175.996119035: grid210x_device byte send 01 eoi 0
+5175.996305040: grid210x_device byte send 06 eoi 0
+5175.996383042: grid210x_device byte send 8e eoi 0
+5175.996439044: grid210x_device byte send 0a eoi 0
+5175.996495045: grid210x_device byte send c4 eoi 0
+5175.996548047: grid210x_device byte send 5e eoi 0
+5175.996603048: grid210x_device byte send 0a eoi 0
+5175.996657050: grid210x_device byte send ba eoi 0
+5175.996710051: grid210x_device byte send 00 eoi 0
+5175.996762053: grid210x_device byte send 00 eoi 0
+5175.996814054: grid210x_device byte send 26 eoi 0
+5175.996867056: grid210x_device byte send 03 eoi 0
+5175.996920057: grid210x_device byte send 87 eoi 0
+5175.996972059: grid210x_device byte send 04 eoi 0
+5175.997025060: grid210x_device byte send 04 eoi 0
+5175.997078062: grid210x_device byte send 26 eoi 0
+5175.997131063: grid210x_device byte send 13 eoi 0
+5175.997183064: grid210x_device byte send 97 eoi 0
+5175.997490073: grid210x_device byte send 06 eoi 0
+5175.997566075: grid210x_device byte send 04 eoi 0
+5175.997623077: grid210x_device byte send 26 eoi 0
+5175.997676078: grid210x_device byte send 89 eoi 0
+5175.997728080: grid210x_device byte send 87 eoi 0
+5175.997780081: grid210x_device byte send 04 eoi 0
+5175.997834083: grid210x_device byte send 04 eoi 0
+5175.997886084: grid210x_device byte send 26 eoi 0
+5175.997937085: grid210x_device byte send 89 eoi 0
+5175.998167092: grid210x_device byte send 97 eoi 0
+5175.998221093: grid210x_device byte send 06 eoi 0
+5175.998273095: grid210x_device byte send 04 eoi 0
+5175.998324096: grid210x_device byte send e9 eoi 0
+5175.998521102: grid210x_device byte send 10 eoi 0
+5175.998596104: grid210x_device byte send ff eoi 0
+5175.998652105: grid210x_device byte send a1 eoi 0
+5175.998704107: grid210x_device byte send 8e eoi 0
+5175.998759108: grid210x_device byte send 0a eoi 0
+5175.998813110: grid210x_device byte send 5d eoi 0
+5175.998866111: grid210x_device byte send c2 eoi 0
+5175.998918113: grid210x_device byte send 0a eoi 0
+5175.998972114: grid210x_device byte send 00 eoi 0
+5175.999025116: grid210x_device byte send 55 eoi 0
+5175.999077117: grid210x_device byte send 8b eoi 0
+5175.999131118: grid210x_device byte send ec eoi 0
+5175.999182120: grid210x_device byte send a1 eoi 0
+5175.999235121: grid210x_device byte send 00 eoi 0
+5175.999288123: grid210x_device byte send 00 eoi 0
+5175.999342124: grid210x_device byte send 09 eoi 0
+5175.999394126: grid210x_device byte send c0 eoi 0
+5175.999579131: grid210x_device byte send 75 eoi 0
+5175.999649133: grid210x_device byte send 2d eoi 0
+5175.999704134: grid210x_device byte send ff eoi 0
+5175.999758136: grid210x_device byte send 76 eoi 0
+5175.999809137: grid210x_device byte send 0c eoi 0
+5175.999865139: grid210x_device byte send b8 eoi 0
+5176.000294151: grid210x_device byte send 58 eoi 0
+5176.000362153: grid210x_device byte send 00 eoi 0
+5176.000417154: grid210x_device byte send 1e eoi 0
+5176.000473156: grid210x_device byte send 50 eoi 0
+5176.000716162: grid210x_device byte send e8 eoi 0
+5176.000781164: grid210x_device byte send 6d eoi 0
+5176.000837166: grid210x_device byte send fd eoi 0
+5176.000891167: grid210x_device byte send b8 eoi 0
+5176.000943169: grid210x_device byte send 58 eoi 0
+5176.000997170: grid210x_device byte send 00 eoi 0
+5176.001050172: grid210x_device byte send 1e eoi 0
+5176.001101173: grid210x_device byte send 50 eoi 0
+5176.001153175: grid210x_device byte send b8 eoi 0
+5176.001208176: grid210x_device byte send ef eoi 0
+5176.001260178: grid210x_device byte send 0e eoi 0
+5176.001313179: grid210x_device byte send 1e eoi 0
+5176.001366180: grid210x_device byte send 50 eoi 0
+5176.001418182: grid210x_device byte send b8 eoi 0
+5176.001473183: grid210x_device byte send 01 eoi 0
+5176.001527185: grid210x_device byte send 00 eoi 0
+5176.001579186: grid210x_device byte send 50 eoi 0
+5176.001788192: grid210x_device byte send e8 eoi 0
+5176.001850194: grid210x_device byte send ae eoi 0
+5176.001907195: grid210x_device byte send fe eoi 0
+5176.001962197: grid210x_device byte send a3 eoi 0
+5176.002016199: grid210x_device byte send 98 eoi 0
+5176.002066200: grid210x_device byte send 0a eoi 1
+5176.002534213: grid210x_device byte recv 5f atn 1 eoi 0
+5176.002564214: grid210x_device now not talking
+5176.004904279: grid210x_device byte recv 25 atn 1 eoi 0
+5176.004959280: grid210x_device now listening
+5176.006041310: grid210x_device byte recv 04 atn 0 eoi 0
+5176.006128313: grid210x_device byte recv 00 atn 0 eoi 0
+5176.006199315: grid210x_device byte recv 00 atn 0 eoi 0
+5176.006269316: grid210x_device byte recv 03 atn 0 eoi 0
+5176.006337318: grid210x_device byte recv 00 atn 0 eoi 0
+5176.006406320: grid210x_device byte recv 00 atn 0 eoi 0
+5176.006474322: grid210x_device byte recv 00 atn 0 eoi 0
+5176.006541324: grid210x_device byte recv 00 atn 0 eoi 0
+5176.006610326: grid210x_device byte recv 02 atn 0 eoi 0
+5176.007701356: grid210x_device byte recv 20 atn 0 eoi 1
+5176.007790359: grid210x_device byte recv 3f atn 1 eoi 0
+5176.007820359: grid210x_device now not listening
+5176.007835360: grid210x_device command 4, data size 512, sector no 3
+5176.009151396: grid210x_device byte recv 18 atn 1 eoi 0
+5176.009261399: grid210x_device byte recv 45 atn 1 eoi 0
+5176.009291400: grid210x_device now talking
+5176.009322401: grid210x_device byte send 4f eoi 0
+5176.009532407: grid210x_device byte recv 19 atn 1 eoi 0
+5176.009610409: grid210x_device byte recv 5f atn 1 eoi 0
+5176.009636410: grid210x_device now not talking
+5176.010968447: grid210x_device byte recv 45 atn 1 eoi 0
+5176.011016448: grid210x_device now talking
+5176.012188481: grid210x_device byte send 09 eoi 0
+5176.012634493: grid210x_device byte send c0 eoi 0
+5176.012695495: grid210x_device byte send 74 eoi 0
+5176.012753496: grid210x_device byte send 07 eoi 0
+5176.012807498: grid210x_device byte send 80 eoi 0
+5176.012860499: grid210x_device byte send 3e eoi 0
+5176.012911501: grid210x_device byte send ef eoi 0
+5176.012965502: grid210x_device byte send 0e eoi 0
+5176.013019504: grid210x_device byte send ff eoi 0
+5176.013073505: grid210x_device byte send 75 eoi 0
+5176.013127507: grid210x_device byte send 05 eoi 0
+5176.013182508: grid210x_device byte send b8 eoi 0
+5176.013483517: grid210x_device byte send 02 eoi 0
+5176.013558519: grid210x_device byte send 00 eoi 0
+5176.013617520: grid210x_device byte send eb eoi 0
+5176.013672522: grid210x_device byte send 6b eoi 0
+5176.013726523: grid210x_device byte send b8 eoi 0
+5176.013779525: grid210x_device byte send 58 eoi 0
+5176.013833526: grid210x_device byte send 00 eoi 0
+5176.013885528: grid210x_device byte send 1e eoi 0
+5176.013939529: grid210x_device byte send 50 eoi 0
+5176.013992531: grid210x_device byte send b8 eoi 0
+5176.014045532: grid210x_device byte send 96 eoi 0
+5176.014099534: grid210x_device byte send 0a eoi 0
+5176.014650549: grid210x_device byte send 1e eoi 0
+5176.014718551: grid210x_device byte send 50 eoi 0
+5176.014772552: grid210x_device byte send b8 eoi 0
+5176.014826554: grid210x_device byte send 02 eoi 0
+5176.014882555: grid210x_device byte send 00 eoi 0
+5176.014934557: grid210x_device byte send 50 eoi 0
+5176.014988558: grid210x_device byte send e8 eoi 0
+5176.015041560: grid210x_device byte send 8a eoi 0
+5176.015095561: grid210x_device byte send fe eoi 0
+5176.015147563: grid210x_device byte send a3 eoi 0
+5176.015199564: grid210x_device byte send 98 eoi 0
+5176.015311567: grid210x_device byte send 0a eoi 0
+5176.015406570: grid210x_device byte send b8 eoi 0
+5176.015617576: grid210x_device byte send 58 eoi 0
+5176.015691578: grid210x_device byte send 00 eoi 0
+5176.015749579: grid210x_device byte send 1e eoi 0
+5176.015805581: grid210x_device byte send 50 eoi 0
+5176.015861583: grid210x_device byte send b8 eoi 0
+5176.015915584: grid210x_device byte send b2 eoi 0
+5176.015969585: grid210x_device byte send 0e eoi 0
+5176.016022587: grid210x_device byte send 1e eoi 0
+5176.016075588: grid210x_device byte send 50 eoi 0
+5176.016129590: grid210x_device byte send b8 eoi 0
+5176.016182591: grid210x_device byte send 01 eoi 0
+5176.016235593: grid210x_device byte send 00 eoi 0
+5176.016288594: grid210x_device byte send 50 eoi 0
+5176.016342596: grid210x_device byte send e8 eoi 0
+5176.016395597: grid210x_device byte send 76 eoi 0
+5176.016447599: grid210x_device byte send fe eoi 0
+5176.016502600: grid210x_device byte send a3 eoi 0
+5176.016691606: grid210x_device byte send 98 eoi 0
+5176.016763608: grid210x_device byte send 0a eoi 0
+5176.016820609: grid210x_device byte send b8 eoi 0
+5176.016875611: grid210x_device byte send 58 eoi 0
+5176.016929612: grid210x_device byte send 00 eoi 0
+5176.016983614: grid210x_device byte send 1e eoi 0
+5176.017036615: grid210x_device byte send 50 eoi 0
+5176.017090617: grid210x_device byte send b8 eoi 0
+5176.017142618: grid210x_device byte send b3 eoi 0
+5176.017195620: grid210x_device byte send 0e eoi 0
+5176.017250621: grid210x_device byte send 1e eoi 0
+5176.017301622: grid210x_device byte send 50 eoi 0
+5176.017356624: grid210x_device byte send a0 eoi 0
+5176.017408625: grid210x_device byte send b2 eoi 0
+5176.017464627: grid210x_device byte send 0e eoi 0
+5176.017517628: grid210x_device byte send b4 eoi 0
+5176.017570630: grid210x_device byte send 00 eoi 0
+5176.017786636: grid210x_device byte send 50 eoi 0
+5176.017859638: grid210x_device byte send e8 eoi 0
+5176.017915639: grid210x_device byte send 60 eoi 0
+5176.017970641: grid210x_device byte send fe eoi 0
+5176.018024642: grid210x_device byte send a3 eoi 0
+5176.018079644: grid210x_device byte send 98 eoi 0
+5176.018134646: grid210x_device byte send 0a eoi 0
+5176.018188647: grid210x_device byte send c4 eoi 0
+5176.018242649: grid210x_device byte send 5e eoi 0
+5176.018293650: grid210x_device byte send 08 eoi 0
+5176.018347651: grid210x_device byte send a0 eoi 0
+5176.018400653: grid210x_device byte send b2 eoi 0
+5176.018453654: grid210x_device byte send 0e eoi 0
+5176.018509656: grid210x_device byte send 26 eoi 0
+5176.018562657: grid210x_device byte send 38 eoi 0
+5176.018616659: grid210x_device byte send 07 eoi 0
+5176.018802664: grid210x_device byte send 75 eoi 0
+5176.018877666: grid210x_device byte send 26 eoi 0
+5176.018934668: grid210x_device byte send b9 eoi 0
+5176.018989669: grid210x_device byte send b3 eoi 0
+5176.019042671: grid210x_device byte send 0e eoi 0
+5176.019096672: grid210x_device byte send 1e eoi 0
+5176.019149674: grid210x_device byte send 51 eoi 0
+5176.019202675: grid210x_device byte send 8d eoi 0
+5176.019256677: grid210x_device byte send 4f eoi 0
+5176.019309678: grid210x_device byte send 01 eoi 0
+5176.019363680: grid210x_device byte send 06 eoi 0
+5176.019416681: grid210x_device byte send 51 eoi 0
+5176.019470683: grid210x_device byte send b4 eoi 0
+5176.019524684: grid210x_device byte send 00 eoi 0
+5176.019576686: grid210x_device byte send 50 eoi 0
+5176.019632687: grid210x_device byte send 9a eoi 0
+5176.020175702: grid210x_device byte send ec eoi 0
+5176.020245704: grid210x_device byte send 00 eoi 0
+5176.020300706: grid210x_device byte send ef eoi 0
+5176.020354707: grid210x_device byte send ff eoi 0
+5176.020408709: grid210x_device byte send d0 eoi 0
+5176.020463710: grid210x_device byte send d8 eoi 0
+5176.020517712: grid210x_device byte send 73 eoi 0
+5176.020570713: grid210x_device byte send 10 eoi 0
+5176.020623715: grid210x_device byte send a1 eoi 0
+5176.020675716: grid210x_device byte send 96 eoi 0
+5176.020728717: grid210x_device byte send 0a eoi 0
+5176.020781719: grid210x_device byte send c4 eoi 0
+5176.021020726: grid210x_device byte send 5e eoi 0
+5176.021082727: grid210x_device byte send 04 eoi 0
+5176.021139729: grid210x_device byte send 26 eoi 0
+5176.021192730: grid210x_device byte send 89 eoi 0
+5176.021300733: grid210x_device byte send 07 eoi 0
+5176.021399736: grid210x_device byte send b8 eoi 0
+5176.021463738: grid210x_device byte send 00 eoi 0
+5176.021519739: grid210x_device byte send 00 eoi 0
+5176.021573741: grid210x_device byte send 5d eoi 0
+5176.021628742: grid210x_device byte send c2 eoi 0
+5176.021680744: grid210x_device byte send 0a eoi 0
+5176.021735745: grid210x_device byte send 00 eoi 0
+5176.021787747: grid210x_device byte send b8 eoi 0
+5176.021842748: grid210x_device byte send 58 eoi 0
+5176.022041754: grid210x_device byte send 00 eoi 0
+5176.022115756: grid210x_device byte send 1e eoi 0
+5176.022172758: grid210x_device byte send 50 eoi 0
+5176.022228759: grid210x_device byte send b8 eoi 0
+5176.022282761: grid210x_device byte send f0 eoi 0
+5176.022337762: grid210x_device byte send 0e eoi 0
+5176.022391764: grid210x_device byte send 1e eoi 0
+5176.022444765: grid210x_device byte send 50 eoi 0
+5176.022500767: grid210x_device byte send b8 eoi 0
+5176.022553768: grid210x_device byte send 01 eoi 0
+5176.022608770: grid210x_device byte send 00 eoi 0
+5176.022659771: grid210x_device byte send 50 eoi 0
+5176.022713773: grid210x_device byte send e8 eoi 0
+5176.022766774: grid210x_device byte send 1b eoi 0
+5176.022820776: grid210x_device byte send fe eoi 0
+5176.022876777: grid210x_device byte send a3 eoi 0
+5176.022929779: grid210x_device byte send 98 eoi 0
+5176.023146785: grid210x_device byte send 0a eoi 0
+5176.023223787: grid210x_device byte send e9 eoi 0
+5176.023279788: grid210x_device byte send 56 eoi 0
+5176.023334790: grid210x_device byte send ff eoi 0
+5176.023388791: grid210x_device byte send 55 eoi 0
+5176.023442793: grid210x_device byte send 8b eoi 0
+5176.023495794: grid210x_device byte send ec eoi 0
+5176.023547796: grid210x_device byte send b8 eoi 0
+5176.023601797: grid210x_device byte send 60 eoi 0
+5176.023653799: grid210x_device byte send 04 eoi 0
+5176.023707800: grid210x_device byte send 1e eoi 0
+5176.023761802: grid210x_device byte send 50 eoi 0
+5176.023814803: grid210x_device byte send b8 eoi 0
+5176.023867805: grid210x_device byte send 18 eoi 0
+5176.023919806: grid210x_device byte send 00 eoi 0
+5176.023972807: grid210x_device byte send 1e eoi 0
+5176.024166813: grid210x_device byte send 50 eoi 0
+5176.024236815: grid210x_device byte send b8 eoi 0
+5176.024292816: grid210x_device byte send 0a eoi 0
+5176.024347818: grid210x_device byte send 00 eoi 0
+5176.024399819: grid210x_device byte send 50 eoi 0
+5176.024451821: grid210x_device byte send e8 eoi 0
+5176.024506822: grid210x_device byte send 01 eoi 0
+5176.024559824: grid210x_device byte send fe eoi 0
+5176.024613825: grid210x_device byte send a3 eoi 0
+5176.024666827: grid210x_device byte send 9c eoi 0
+5176.024719828: grid210x_device byte send 0a eoi 0
+5176.024772830: grid210x_device byte send c7 eoi 0
+5176.024825831: grid210x_device byte send 06 eoi 0
+5176.024880833: grid210x_device byte send 9e eoi 0
+5176.024934834: grid210x_device byte send 0a eoi 0
+5176.024986836: grid210x_device byte send 00 eoi 0
+5176.025039837: grid210x_device byte send 00 eoi 0
+5176.025221842: grid210x_device byte send c7 eoi 0
+5176.025290844: grid210x_device byte send 06 eoi 0
+5176.025347846: grid210x_device byte send 9c eoi 0
+5176.025705856: grid210x_device byte send 0a eoi 0
+5176.025771857: grid210x_device byte send ec eoi 0
+5176.025915861: grid210x_device byte send 03 eoi 0
+5176.025971863: grid210x_device byte send b8 eoi 0
+5176.026025864: grid210x_device byte send ec eoi 0
+5176.026079866: grid210x_device byte send 03 eoi 0
+5176.026320873: grid210x_device byte send 39 eoi 0
+5176.026395875: grid210x_device byte send 06 eoi 0
+5176.026452876: grid210x_device byte send 9c eoi 0
+5176.026510878: grid210x_device byte send 0a eoi 0
+5176.026562879: grid210x_device byte send 75 eoi 0
+5176.026615881: grid210x_device byte send 1e eoi 0
+5176.026669882: grid210x_device byte send b9 eoi 0
+5176.026724884: grid210x_device byte send 60 eoi 0
+5176.026776885: grid210x_device byte send 04 eoi 0
+5176.026829887: grid210x_device byte send 1e eoi 0
+5176.026883888: grid210x_device byte send 51 eoi 0
+5176.026937890: grid210x_device byte send c4 eoi 0
+5176.026991891: grid210x_device byte send 1e eoi 0
+5176.027044893: grid210x_device byte send 1a eoi 0
+5176.027097894: grid210x_device byte send 00 eoi 0
+5176.027149896: grid210x_device byte send 8b eoi 0
+5176.027203897: grid210x_device byte send 36 eoi 0
+5176.027404903: grid210x_device byte send 9e eoi 0
+5176.027471905: grid210x_device byte send 0a eoi 0
+5176.027524906: grid210x_device byte send 8d eoi 0
+5176.027577907: grid210x_device byte send 08 eoi 0
+5176.027633909: grid210x_device byte send 06 eoi 0
+5176.027685910: grid210x_device byte send 51 eoi 0
+5176.027738912: grid210x_device byte send 50 eoi 0
+5176.027791913: grid210x_device byte send e8 eoi 0
+5176.027844915: grid210x_device byte send d4 eoi 0
+5176.027898916: grid210x_device byte send fd eoi 0
+5176.027950918: grid210x_device byte send a3 eoi 0
+5176.028004919: grid210x_device byte send 9c eoi 0
+5176.028057921: grid210x_device byte send 0a eoi 0
+5176.028112922: grid210x_device byte send 01 eoi 0
+5176.028166924: grid210x_device byte send 06 eoi 0
+5176.028221925: grid210x_device byte send 9e eoi 0
+5176.028419931: grid210x_device byte send 0a eoi 0
+5176.028499933: grid210x_device byte send eb eoi 0
+5176.028555935: grid210x_device byte send d9 eoi 0
+5176.028613936: grid210x_device byte send b8 eoi 0
+5176.028665938: grid210x_device byte send 1a eoi 0
+5176.028720939: grid210x_device byte send 00 eoi 0
+5176.028772941: grid210x_device byte send 1e eoi 0
+5176.028825942: grid210x_device byte send 50 eoi 0
+5176.028880944: grid210x_device byte send b8 eoi 0
+5176.028933945: grid210x_device byte send 08 eoi 0
+5176.028987947: grid210x_device byte send 00 eoi 0
+5176.029040948: grid210x_device byte send 50 eoi 0
+5176.029094950: grid210x_device byte send 9a eoi 0
+5176.029146951: grid210x_device byte send f1 eoi 0
+5176.029199952: grid210x_device byte send 00 eoi 0
+5176.029317956: grid210x_device byte send ef eoi 0
+5176.029548962: grid210x_device byte send ff eoi 0
+5176.029616964: grid210x_device byte send 50 eoi 0
+5176.029670965: grid210x_device byte send c4 eoi 0
+5176.029726967: grid210x_device byte send 06 eoi 0
+5176.029779969: grid210x_device byte send 1a eoi 0
+5176.029833970: grid210x_device byte send 00 eoi 0
+5176.029888972: grid210x_device byte send 06 eoi 0
+5176.029941973: grid210x_device byte send 50 eoi 0
+5176.029995975: grid210x_device byte send ff eoi 0
+5176.030216981: grid210x_device byte send 36 eoi 0
+5176.030278982: grid210x_device byte send 9e eoi 0
+5176.030333984: grid210x_device byte send 0a eoi 0
+5176.030387985: grid210x_device byte send 9a eoi 0
+5176.030591991: grid210x_device byte send f1 eoi 0
+5176.030662993: grid210x_device byte send 00 eoi 0
+5176.030719995: grid210x_device byte send ef eoi 0
+5176.030772996: grid210x_device byte send ff eoi 0
+5176.030826998: grid210x_device byte send 59 eoi 0
+5176.030881999: grid210x_device byte send 03 eoi 0
+5176.030934001: grid210x_device byte send c1 eoi 0
+5176.030988002: grid210x_device byte send 3b eoi 0
+5176.031040003: grid210x_device byte send 06 eoi 0
+5176.031095005: grid210x_device byte send 18 eoi 0
+5176.031450015: grid210x_device byte send 00 eoi 0
+5176.031704022: grid210x_device byte send 74 eoi 0
+5176.031779024: grid210x_device byte send 06 eoi 0
+5176.031836026: grid210x_device byte send c7 eoi 0
+5176.031890027: grid210x_device byte send 06 eoi 0
+5176.031943029: grid210x_device byte send 00 eoi 0
+5176.031997030: grid210x_device byte send 00 eoi 0
+5176.032049031: grid210x_device byte send 03 eoi 0
+5176.032103033: grid210x_device byte send 00 eoi 0
+5176.032156034: grid210x_device byte send 5d eoi 0
+5176.032209036: grid210x_device byte send c3 eoi 0
+5176.032261037: grid210x_device byte send 55 eoi 0
+5176.032314039: grid210x_device byte send 8b eoi 0
+5176.032368040: grid210x_device byte send ec eoi 0
+5176.032419042: grid210x_device byte send b0 eoi 0
+5176.032473043: grid210x_device byte send 00 eoi 0
+5176.032526045: grid210x_device byte send a2 eoi 0
+5176.032578046: grid210x_device byte send 2f eoi 0
+5176.032777052: grid210x_device byte send 00 eoi 0
+5176.032839053: grid210x_device byte send a2 eoi 0
+5176.032893055: grid210x_device byte send 56 eoi 0
+5176.032947056: grid210x_device byte send 00 eoi 0
+5176.033002058: grid210x_device byte send a1 eoi 0
+5176.033054059: grid210x_device byte send 76 eoi 0
+5176.033107061: grid210x_device byte send 08 eoi 0
+5176.033159062: grid210x_device byte send 09 eoi 0
+5176.033213064: grid210x_device byte send c0 eoi 0
+5176.033266065: grid210x_device byte send 74 eoi 0
+5176.033319067: grid210x_device byte send 24 eoi 0
+5176.033373068: grid210x_device byte send a3 eoi 0
+5176.033426070: grid210x_device byte send 50 eoi 0
+5176.033481071: grid210x_device byte send 00 eoi 0
+5176.033533073: grid210x_device byte send a1 eoi 0
+5176.033586074: grid210x_device byte send 78 eoi 0
+5176.033785080: grid210x_device byte send 08 eoi 0
+5176.033867082: grid210x_device byte send a3 eoi 0
+5176.033924083: grid210x_device byte send 52 eoi 0
+5176.033980085: grid210x_device byte send 00 eoi 0
+5176.034034087: grid210x_device byte send 8b eoi 0
+5176.034089088: grid210x_device byte send 0e eoi 0
+5176.034142090: grid210x_device byte send 7a eoi 0
+5176.034195091: grid210x_device byte send 08 eoi 0
+5176.034249092: grid210x_device byte send 89 eoi 0
+5176.034302094: grid210x_device byte send 0e eoi 0
+5176.034357095: grid210x_device byte send 54 eoi 0
+5176.034411097: grid210x_device byte send 00 eoi 0
+5176.034467099: grid210x_device byte send 8a eoi 0
+5176.034522100: grid210x_device byte send 16 eoi 0
+5176.034574101: grid210x_device byte send 7e eoi 0
+5176.034630103: grid210x_device byte send 08 eoi 0
+5176.034682104: grid210x_device byte send 88 eoi 0
+5176.034871110: grid210x_device byte send 16 eoi 0
+5176.034937112: grid210x_device byte send 57 eoi 0
+5176.034994113: grid210x_device byte send 00 eoi 0
+5176.035048115: grid210x_device byte send f7 eoi 0
+5176.035101116: grid210x_device byte send e1 eoi 0
+5176.035155118: grid210x_device byte send f7 eoi 0
+5176.035209119: grid210x_device byte send 26 eoi 0
+5176.035260121: grid210x_device byte send 7c eoi 0
+5176.035312122: grid210x_device byte send 08 eoi 0
+5176.035365123: grid210x_device byte send a3 eoi 0
+5176.035417125: grid210x_device byte send 26 eoi 0
+5176.035472126: grid210x_device byte send 00 eoi 0
+5176.035524128: grid210x_device byte send eb eoi 0
+5176.035576129: grid210x_device byte send 17 eoi 0
+5176.035631131: grid210x_device byte send c7 eoi 0
+5176.035683132: grid210x_device byte send 06 eoi 0
+5176.035738134: grid210x_device byte send 52 eoi 0
+5176.035919139: grid210x_device byte send 00 eoi 0
+5176.035990141: grid210x_device byte send 09 eoi 0
+5176.036047142: grid210x_device byte send 00 eoi 0
+5176.036102144: grid210x_device byte send c7 eoi 0
+5176.036156145: grid210x_device byte send 06 eoi 0
+5176.036209147: grid210x_device byte send 54 eoi 0
+5176.036261148: grid210x_device byte send 00 eoi 0
+5176.036314150: grid210x_device byte send 02 eoi 0
+5176.036368151: grid210x_device byte send 00 eoi 0
+5176.036420153: grid210x_device byte send c6 eoi 0
+5176.036474154: grid210x_device byte send 06 eoi 0
+5176.036796163: grid210x_device byte send 57 eoi 0
+5176.037050170: grid210x_device byte send 00 eoi 0
+5176.037114172: grid210x_device byte send 01 eoi 0
+5176.037169173: grid210x_device byte send c7 eoi 0
+5176.037282177: grid210x_device byte send 06 eoi 0
+5176.037382179: grid210x_device byte send 26 eoi 0
+5176.037443181: grid210x_device byte send 00 eoi 0
+5176.037499183: grid210x_device byte send d0 eoi 0
+5176.037553184: grid210x_device byte send 02 eoi 0
+5176.037608186: grid210x_device byte send b8 eoi 0
+5176.037661187: grid210x_device byte send 22 eoi 0
+5176.037716189: grid210x_device byte send 00 eoi 0
+5176.037769190: grid210x_device byte send 1e eoi 0
+5176.037823192: grid210x_device byte send 50 eoi 0
+5176.037878193: grid210x_device byte send b8 eoi 0
+5176.038068198: grid210x_device byte send ff eoi 0
+5176.038141200: grid210x_device byte send ff eoi 0
+5176.038198202: grid210x_device byte send 89 eoi 0
+5176.038255204: grid210x_device byte send c2 eoi 0
+5176.038307205: grid210x_device byte send 52 eoi 0
+5176.038361207: grid210x_device byte send 50 eoi 0
+5176.038592213: grid210x_device byte send ff eoi 0
+5176.038647214: grid210x_device byte send 36 eoi 0
+5176.038699216: grid210x_device byte send 22 eoi 0
+5176.038754217: grid210x_device byte send 00 eoi 0
+5176.038807219: grid210x_device byte send e8 eoi 0
+5176.038861220: grid210x_device byte send 7b eoi 0
+5176.038914222: grid210x_device byte send fb eoi 0
+5176.038968223: grid210x_device byte send c6 eoi 0
+5176.039193230: grid210x_device byte send 06 eoi 0
+5176.039255231: grid210x_device byte send a5 eoi 0
+5176.039309233: grid210x_device byte send 0e eoi 0
+5176.039368234: grid210x_device byte send 01 eoi 0
+5176.039423236: grid210x_device byte send b8 eoi 0
+5176.039476237: grid210x_device byte send 05 eoi 0
+5176.039529239: grid210x_device byte send 00 eoi 0
+5176.039584240: grid210x_device byte send 50 eoi 0
+5176.039636242: grid210x_device byte send b8 eoi 0
+5176.039687243: grid210x_device byte send 99 eoi 0
+5176.039740245: grid210x_device byte send 0e eoi 0
+5176.039792246: grid210x_device byte send 1e eoi 0
+5176.039846248: grid210x_device byte send 50 eoi 0
+5176.039899249: grid210x_device byte send b8 eoi 0
+5176.039952251: grid210x_device byte send a0 eoi 0
+5176.040260259: grid210x_device byte send 0a eoi 0
+5176.040345262: grid210x_device byte send 1e eoi 0
+5176.040403263: grid210x_device byte send 50 eoi 0
+5176.040459265: grid210x_device byte send ff eoi 0
+5176.040512266: grid210x_device byte send 1e eoi 0
+5176.040565268: grid210x_device byte send ac eoi 0
+5176.040619269: grid210x_device byte send 0e eoi 0
+5176.040672271: grid210x_device byte send 5d eoi 0
+5176.040724272: grid210x_device byte send c3 eoi 0
+5176.040777274: grid210x_device byte send 55 eoi 0
+5176.040830275: grid210x_device byte send 8b eoi 0
+5176.040884276: grid210x_device byte send ec eoi 0
+5176.040936278: grid210x_device byte send b8 eoi 0
+5176.040988279: grid210x_device byte send 00 eoi 0
+5176.041041281: grid210x_device byte send 00 eoi 0
+5176.041095282: grid210x_device byte send 89 eoi 0
+5176.041149284: grid210x_device byte send c2 eoi 0
+5176.041344289: grid210x_device byte send a3 eoi 0
+5176.041413291: grid210x_device byte send 0c eoi 0
+5176.041471293: grid210x_device byte send 00 eoi 0
+5176.041525294: grid210x_device byte send 89 eoi 0
+5176.041579296: grid210x_device byte send 16 eoi 0
+5176.041635297: grid210x_device byte send 0e eoi 0
+5176.041688299: grid210x_device byte send 00 eoi 0
+5176.041742300: grid210x_device byte send c6 eoi 0
+5176.041795302: grid210x_device byte send 06 eoi 0
+5176.041850303: grid210x_device byte send f1 eoi 0
+5176.041904305: grid210x_device byte send 0e eoi 0
+5176.041959306: grid210x_device byte send 01 eoi 0
+5176.042011308: grid210x_device byte send c6 eoi 0
+5176.042063309: grid210x_device byte send 06 eoi 0
+5176.042117311: grid210x_device byte send b0 eoi 0
+5176.042170312: grid210x_device byte send 0e eoi 0
+5176.042223314: grid210x_device byte send 04 eoi 0
+5176.042408319: grid210x_device byte send bf eoi 0
+5176.042781329: grid210x_device byte send ef eoi 0
+5176.042848331: grid210x_device byte send ff eoi 0
+5176.042901332: grid210x_device byte send b9 eoi 0
+5176.042955334: grid210x_device byte send 24 eoi 0
+5176.043010335: grid210x_device byte send 00 eoi 0
+5176.043064337: grid210x_device byte send 89 eoi 0
+5176.043120339: grid210x_device byte send 0e eoi 0
+5176.043172340: grid210x_device byte send ac eoi 0
+5176.043224341: grid210x_device byte send 0e eoi 0
+5176.043277343: grid210x_device byte send 89 eoi 0
+5176.043531350: grid210x_device byte send 3e eoi 0
+5176.043596352: grid210x_device byte send ae eoi 0
+5176.043649353: grid210x_device byte send 0e eoi 0
+5176.043704355: grid210x_device byte send 80 eoi 0
+5176.043758356: grid210x_device byte send 3e eoi 0
+5176.043812358: grid210x_device byte send b0 eoi 0
+5176.043866359: grid210x_device byte send 0a eoi 0
+5176.043918361: grid210x_device byte send 62 eoi 0
+5176.043973362: grid210x_device byte send 75 eoi 0
+5176.044026364: grid210x_device byte send 18 eoi 0
+5176.044077365: grid210x_device byte send c6 eoi 0
+5176.044133367: grid210x_device byte send 06 eoi 0
+5176.044186368: grid210x_device byte send b0 eoi 0
+5176.044240370: grid210x_device byte send 0e eoi 0
+5176.044292371: grid210x_device byte send ff eoi 0
+5176.044346373: grid210x_device byte send bf eoi 0
+5176.044554378: grid210x_device byte send ef eoi 0
+5176.044632380: grid210x_device byte send ff eoi 0
+5176.044690382: grid210x_device byte send b9 eoi 0
+5176.044746384: grid210x_device byte send 1a eoi 0
+5176.044798385: grid210x_device byte send 00 eoi 0
+5176.044852387: grid210x_device byte send 89 eoi 0
+5176.044904388: grid210x_device byte send 0e eoi 0
+5176.044958389: grid210x_device byte send ac eoi 0
+5176.045010391: grid210x_device byte send 0e eoi 0
+5176.045062392: grid210x_device byte send 89 eoi 0
+5176.045116394: grid210x_device byte send 3e eoi 0
+5176.045169395: grid210x_device byte send ae eoi 0
+5176.045280398: grid210x_device byte send 0e eoi 0
+5176.045381401: grid210x_device byte send a2 eoi 0
+5176.045442403: grid210x_device byte send f1 eoi 0
+5176.045643408: grid210x_device byte send 0e eoi 0
+5176.045714410: grid210x_device byte send eb eoi 0
+5176.045770412: grid210x_device byte send 1a eoi 0
+5176.045822413: grid210x_device byte send 80 eoi 0
+5176.045878415: grid210x_device byte send 3e eoi 0
+5176.045931416: grid210x_device byte send b0 eoi 0
+5176.045984418: grid210x_device byte send 0a eoi 0
+5176.046036419: grid210x_device byte send 63 eoi 0
+5176.046091421: grid210x_device byte send 75 eoi 0
+5176.046144422: grid210x_device byte send 07 eoi 0
+5176.046197424: grid210x_device byte send c6 eoi 0
+5176.046252425: grid210x_device byte send 06 eoi 0
+5176.046305427: grid210x_device byte send b0 eoi 0
+5176.046359428: grid210x_device byte send 0e eoi 0
+5176.046412430: grid210x_device byte send 06 eoi 0
+5176.046468431: grid210x_device byte send eb eoi 0
+5176.046522433: grid210x_device byte send 0c eoi 0
+5176.046726439: grid210x_device byte send 80 eoi 0
+5176.046787440: grid210x_device byte send 3e eoi 0
+5176.046842442: grid210x_device byte send b0 eoi 0
+5176.046896443: grid210x_device byte send 0a eoi 0
+5176.046949445: grid210x_device byte send 77 eoi 0
+5176.047004446: grid210x_device byte send 74 eoi 0
+5176.047056448: grid210x_device byte send 05 eoi 0
+5176.047109449: grid210x_device byte send c6 eoi 0
+5176.047162451: grid210x_device byte send 06 eoi 0
+5176.047216452: grid210x_device byte send b0 eoi 0
+5176.047269454: grid210x_device byte send 0e eoi 0
+5176.047322455: grid210x_device byte send 05 eoi 0
+5176.047377457: grid210x_device byte send b8 eoi 0
+5176.047429458: grid210x_device byte send 22 eoi 0
+5176.047483460: grid210x_device byte send 00 eoi 0
+5176.047537461: grid210x_device byte send 1e eoi 0
+5176.047711466: grid210x_device byte send 50 eoi 0
+5176.047781468: grid210x_device byte send b8 eoi 0
+5176.047839469: grid210x_device byte send 00 eoi 0
+5176.047894471: grid210x_device byte send 00 eoi 0
+5176.047947472: grid210x_device byte send 89 eoi 0
+5176.048298482: grid210x_device byte send c2 eoi 0
+5176.048364484: grid210x_device byte send 52 eoi 0
+5176.048420486: grid210x_device byte send 50 eoi 0
+5176.048476487: grid210x_device byte send b8 eoi 0
+5176.048531489: grid210x_device byte send 36 eoi 0
+5176.048586490: grid210x_device byte send 00 eoi 0
+5176.048827497: grid210x_device byte send 50 eoi 0
+5176.048901499: grid210x_device byte send e8 eoi 0
+5176.048958500: grid210x_device byte send ef eoi 0
+5176.049012502: grid210x_device byte send fa eoi 0
+5176.049067503: grid210x_device byte send b8 eoi 0
+5176.049121505: grid210x_device byte send 01 eoi 0
+5176.049174506: grid210x_device byte send 00 eoi 0
+5176.049227508: grid210x_device byte send 50 eoi 0
+5176.049277509: grid210x_device byte send b8 eoi 1
+5176.049900527: grid210x_device byte recv 5f atn 1 eoi 0
+5176.049946528: grid210x_device now not talking
+5176.052059586: grid210x_device byte recv 25 atn 1 eoi 0
+5176.052113588: grid210x_device now listening
+5176.053307621: grid210x_device byte recv 04 atn 0 eoi 0
+5176.053437625: grid210x_device byte recv 00 atn 0 eoi 0
+5176.053515627: grid210x_device byte recv 00 atn 0 eoi 0
+5176.053586629: grid210x_device byte recv 04 atn 0 eoi 0
+5176.053656631: grid210x_device byte recv 00 atn 0 eoi 0
+5176.053725633: grid210x_device byte recv 00 atn 0 eoi 0
+5176.053794635: grid210x_device byte recv 00 atn 0 eoi 0
+5176.053861636: grid210x_device byte recv 00 atn 0 eoi 0
+5176.053930638: grid210x_device byte recv 02 atn 0 eoi 0
+5176.055140672: grid210x_device byte recv 20 atn 0 eoi 1
+5176.055243675: grid210x_device byte recv 3f atn 1 eoi 0
+5176.055275676: grid210x_device now not listening
+5176.055289676: grid210x_device command 4, data size 512, sector no 4
+5176.056387706: grid210x_device byte recv 18 atn 1 eoi 0
+5176.056496709: grid210x_device byte recv 45 atn 1 eoi 0
+5176.056524710: grid210x_device now talking
+5176.056556711: grid210x_device byte send 4f eoi 0
+5176.056678715: grid210x_device byte recv 19 atn 1 eoi 0
+5176.056757717: grid210x_device byte recv 5f atn 1 eoi 0
+5176.056784717: grid210x_device now not talking
+5176.058114754: grid210x_device byte recv 45 atn 1 eoi 0
+5176.058161756: grid210x_device now talking
+5176.059500793: grid210x_device byte send 99 eoi 0
+5176.059943805: grid210x_device byte send 0e eoi 0
+5176.060080809: grid210x_device byte send 1e eoi 0
+5176.060150811: grid210x_device byte send 50 eoi 0
+5176.060208812: grid210x_device byte send b8 eoi 0
+5176.060262814: grid210x_device byte send 00 eoi 0
+5176.060472820: grid210x_device byte send 00 eoi 0
+5176.060541822: grid210x_device byte send 1e eoi 0
+5176.060597823: grid210x_device byte send 50 eoi 0
+5176.060652825: grid210x_device byte send ff eoi 0
+5176.060704826: grid210x_device byte send 1e eoi 0
+5176.060757828: grid210x_device byte send ac eoi 0
+5176.060809829: grid210x_device byte send 0e eoi 0
+5176.060863831: grid210x_device byte send 83 eoi 0
+5176.060915832: grid210x_device byte send 3e eoi 0
+5176.060969834: grid210x_device byte send 00 eoi 0
+5176.061022835: grid210x_device byte send 00 eoi 0
+5176.061074836: grid210x_device byte send 00 eoi 0
+5176.061128838: grid210x_device byte send 74 eoi 0
+5176.061181839: grid210x_device byte send 02 eoi 0
+5176.061295843: grid210x_device byte send 5d eoi 0
+5176.061530849: grid210x_device byte send c3 eoi 0
+5176.061601851: grid210x_device byte send b8 eoi 0
+5176.061659853: grid210x_device byte send 00 eoi 0
+5176.061714854: grid210x_device byte send 02 eoi 0
+5176.061767856: grid210x_device byte send 31 eoi 0
+5176.061821857: grid210x_device byte send d2 eoi 0
+5176.061877859: grid210x_device byte send f7 eoi 0
+5176.061929860: grid210x_device byte send 36 eoi 0
+5176.061982862: grid210x_device byte send 22 eoi 0
+5176.062035863: grid210x_device byte send 00 eoi 0
+5176.062090865: grid210x_device byte send a3 eoi 0
+5176.062142866: grid210x_device byte send a2 eoi 0
+5176.062195868: grid210x_device byte send 0a eoi 0
+5176.062249869: grid210x_device byte send b8 eoi 0
+5176.062302871: grid210x_device byte send 68 eoi 0
+5176.062853886: grid210x_device byte send 08 eoi 0
+5176.062916888: grid210x_device byte send a3 eoi 0
+5176.062972889: grid210x_device byte send a4 eoi 0
+5176.063025891: grid210x_device byte send 0a eoi 0
+5176.063079892: grid210x_device byte send 8c eoi 0
+5176.063133894: grid210x_device byte send 1e eoi 0
+5176.063185895: grid210x_device byte send a6 eoi 0
+5176.063239897: grid210x_device byte send 0a eoi 0
+5176.063294898: grid210x_device byte send c6 eoi 0
+5176.063348900: grid210x_device byte send 06 eoi 0
+5176.063400901: grid210x_device byte send f2 eoi 0
+5176.063453902: grid210x_device byte send 0e eoi 0
+5176.063509904: grid210x_device byte send 00 eoi 0
+5176.063757911: grid210x_device byte send a1 eoi 0
+5176.063819913: grid210x_device byte send a2 eoi 0
+5176.063875914: grid210x_device byte send 0a eoi 0
+5176.063930916: grid210x_device byte send 48 eoi 0
+5176.063984917: grid210x_device byte send 8a eoi 0
+5176.064037919: grid210x_device byte send 0e eoi 0
+5176.064092920: grid210x_device byte send f2 eoi 0
+5176.064145922: grid210x_device byte send 0e eoi 0
+5176.064198923: grid210x_device byte send b5 eoi 0
+5176.064252925: grid210x_device byte send 00 eoi 0
+5176.064305926: grid210x_device byte send 3b eoi 0
+5176.064358928: grid210x_device byte send c8 eoi 0
+5176.064410929: grid210x_device byte send 77 eoi 0
+5176.064466931: grid210x_device byte send 29 eoi 0
+5176.064519932: grid210x_device byte send 83 eoi 0
+5176.064572933: grid210x_device byte send 3e eoi 0
+5176.064761939: grid210x_device byte send 00 eoi 0
+5176.064844941: grid210x_device byte send 00 eoi 0
+5176.064902943: grid210x_device byte send 00 eoi 0
+5176.064958944: grid210x_device byte send 75 eoi 0
+5176.065011946: grid210x_device byte send 1c eoi 0
+5176.065064947: grid210x_device byte send b8 eoi 0
+5176.065119949: grid210x_device byte send 00 eoi 0
+5176.065172950: grid210x_device byte send 00 eoi 0
+5176.065225952: grid210x_device byte send 50 eoi 0
+5176.065278953: grid210x_device byte send 8b eoi 0
+5176.065330955: grid210x_device byte send 16 eoi 0
+5176.065385956: grid210x_device byte send 22 eoi 0
+5176.065438958: grid210x_device byte send 00 eoi 0
+5176.065494959: grid210x_device byte send 89 eoi 0
+5176.065548961: grid210x_device byte send d0 eoi 0
+5176.065601962: grid210x_device byte send f7 eoi 0
+5176.065653963: grid210x_device byte send e1 eoi 0
+5176.065860969: grid210x_device byte send 89 eoi 0
+5176.065929971: grid210x_device byte send c6 eoi 0
+5176.065986973: grid210x_device byte send c4 eoi 0
+5176.066040974: grid210x_device byte send 1e eoi 0
+5176.066095976: grid210x_device byte send a4 eoi 0
+5176.066149977: grid210x_device byte send 0a eoi 0
+5176.066202979: grid210x_device byte send 8d eoi 0
+5176.066258980: grid210x_device byte send 00 eoi 0
+5176.066310982: grid210x_device byte send 06 eoi 0
+5176.066363983: grid210x_device byte send 50 eoi 0
+5176.066415985: grid210x_device byte send e8 eoi 0
+5176.066470986: grid210x_device byte send c2 eoi 0
+5176.066522988: grid210x_device byte send fa eoi 0
+5176.066575989: grid210x_device byte send a3 eoi 0
+5176.066630991: grid210x_device byte send 00 eoi 0
+5176.066684992: grid210x_device byte send 00 eoi 0
+5176.066772995: grid210x_device byte send fe eoi 0
+5176.066937999: grid210x_device byte send 06 eoi 0
+5176.066998001: grid210x_device byte send f2 eoi 0
+5176.067052002: grid210x_device byte send 0e eoi 0
+5176.067104004: grid210x_device byte send 75 eoi 0
+5176.067157005: grid210x_device byte send c9 eoi 0
+5176.067210007: grid210x_device byte send 83 eoi 0
+5176.067263008: grid210x_device byte send 3e eoi 0
+5176.067315010: grid210x_device byte send 00 eoi 0
+5176.067368011: grid210x_device byte send 00 eoi 0
+5176.067420012: grid210x_device byte send 00 eoi 0
+5176.067475014: grid210x_device byte send 74 eoi 0
+5176.067526015: grid210x_device byte send 02 eoi 0
+5176.067579017: grid210x_device byte send 5d eoi 0
+5176.067633018: grid210x_device byte send c3 eoi 0
+5176.067686020: grid210x_device byte send a0 eoi 0
+5176.068179034: grid210x_device byte send f1 eoi 0
+5176.068248035: grid210x_device byte send 0e eoi 0
+5176.068303037: grid210x_device byte send d0 eoi 0
+5176.068359038: grid210x_device byte send d8 eoi 0
+5176.068412040: grid210x_device byte send 73 eoi 0
+5176.068467041: grid210x_device byte send 0b eoi 0
+5176.068520043: grid210x_device byte send 81 eoi 0
+5176.068573044: grid210x_device byte send 3e eoi 0
+5176.068629046: grid210x_device byte send 26 eoi 0
+5176.068681047: grid210x_device byte send 00 eoi 0
+5176.068736049: grid210x_device byte send 40 eoi 0
+5176.068789050: grid210x_device byte send 1f eoi 0
+5176.068842052: grid210x_device byte send 73 eoi 0
+5176.069084059: grid210x_device byte send 03 eoi 0
+5176.069159061: grid210x_device byte send e8 eoi 0
+5176.069272064: grid210x_device byte send 8c eoi 0
+5176.069371067: grid210x_device byte send fe eoi 0
+5176.069437068: grid210x_device byte send 81 eoi 0
+5176.069495070: grid210x_device byte send 3e eoi 0
+5176.069550072: grid210x_device byte send 24 eoi 0
+5176.069604073: grid210x_device byte send 0a eoi 0
+5176.069656074: grid210x_device byte send aa eoi 0
+5176.069710076: grid210x_device byte send 55 eoi 0
+5176.069761077: grid210x_device byte send 75 eoi 0
+5176.069814079: grid210x_device byte send 1d eoi 0
+5176.069869080: grid210x_device byte send a1 eoi 0
+5176.069921082: grid210x_device byte send 08 eoi 0
+5176.069976083: grid210x_device byte send 00 eoi 0
+5176.070293092: grid210x_device byte send 8b eoi 0
+5176.070361094: grid210x_device byte send 16 eoi 0
+5176.070416096: grid210x_device byte send 0a eoi 0
+5176.070472097: grid210x_device byte send 00 eoi 0
+5176.070527099: grid210x_device byte send a3 eoi 0
+5176.070592100: grid210x_device byte send 0c eoi 0
+5176.070648102: grid210x_device byte send 00 eoi 0
+5176.070702103: grid210x_device byte send 89 eoi 0
+5176.070756105: grid210x_device byte send 16 eoi 0
+5176.070809106: grid210x_device byte send 0e eoi 0
+5176.070863108: grid210x_device byte send 00 eoi 0
+5176.070916109: grid210x_device byte send b8 eoi 0
+5176.070970111: grid210x_device byte send 00 eoi 0
+5176.071022112: grid210x_device byte send 00 eoi 0
+5176.071074114: grid210x_device byte send 50 eoi 0
+5176.071128115: grid210x_device byte send b8 eoi 0
+5176.071330121: grid210x_device byte send 68 eoi 0
+5176.071401123: grid210x_device byte send 08 eoi 0
+5176.071456124: grid210x_device byte send 1e eoi 0
+5176.071514126: grid210x_device byte send 50 eoi 0
+5176.071566127: grid210x_device byte send e8 eoi 0
+5176.071620129: grid210x_device byte send 7c eoi 0
+5176.071671130: grid210x_device byte send fa eoi 0
+5176.071724132: grid210x_device byte send a3 eoi 0
+5176.071777133: grid210x_device byte send 00 eoi 0
+5176.071830135: grid210x_device byte send 00 eoi 0
+5176.071883136: grid210x_device byte send a1 eoi 0
+5176.071935138: grid210x_device byte send 88 eoi 0
+5176.071987139: grid210x_device byte send 08 eoi 0
+5176.072040141: grid210x_device byte send 09 eoi 0
+5176.072094142: grid210x_device byte send c0 eoi 0
+5176.072147144: grid210x_device byte send 74 eoi 0
+5176.072199145: grid210x_device byte send 03 eoi 0
+5176.072390150: grid210x_device byte send a3 eoi 0
+5176.072451152: grid210x_device byte send 2b eoi 0
+5176.072509154: grid210x_device byte send 00 eoi 0
+5176.072564155: grid210x_device byte send 5d eoi 0
+5176.072619157: grid210x_device byte send c3 eoi 0
+5176.072672158: grid210x_device byte send 55 eoi 0
+5176.072724160: grid210x_device byte send 8b eoi 0
+5176.072776161: grid210x_device byte send ec eoi 0
+5176.072828162: grid210x_device byte send 9a eoi 0
+5176.072881164: grid210x_device byte send 15 eoi 0
+5176.072934165: grid210x_device byte send 00 eoi 0
+5176.072987167: grid210x_device byte send ef eoi 0
+5176.073040168: grid210x_device byte send ff eoi 0
+5176.073095170: grid210x_device byte send 89 eoi 0
+5176.073147171: grid210x_device byte send 1e eoi 0
+5176.073199173: grid210x_device byte send 14 eoi 0
+5176.073253174: grid210x_device byte send 00 eoi 0
+5176.073453180: grid210x_device byte send 8c eoi 0
+5176.073817190: grid210x_device byte send 06 eoi 0
+5176.073883192: grid210x_device byte send 16 eoi 0
+5176.073939193: grid210x_device byte send 00 eoi 0
+5176.073995195: grid210x_device byte send 26 eoi 0
+5176.074049196: grid210x_device byte send 8a eoi 0
+5176.074104198: grid210x_device byte send 47 eoi 0
+5176.074156199: grid210x_device byte send 16 eoi 0
+5176.074210201: grid210x_device byte send a2 eoi 0
+5176.074262202: grid210x_device byte send b0 eoi 0
+5176.074494209: grid210x_device byte send 0a eoi 0
+5176.074573211: grid210x_device byte send e8 eoi 0
+5176.074634213: grid210x_device byte send ba eoi 0
+5176.074687214: grid210x_device byte send fe eoi 0
+5176.074743216: grid210x_device byte send ff eoi 0
+5176.074795217: grid210x_device byte send 36 eoi 0
+5176.074848218: grid210x_device byte send 2b eoi 0
+5176.074901220: grid210x_device byte send 00 eoi 0
+5176.074953221: grid210x_device byte send b8 eoi 0
+5176.075007223: grid210x_device byte send 4b eoi 0
+5176.075059224: grid210x_device byte send 00 eoi 0
+5176.075112226: grid210x_device byte send 0e eoi 0
+5176.075258230: grid210x_device byte send 50 eoi 0
+5176.075312231: grid210x_device byte send b8 eoi 0
+5176.075367233: grid210x_device byte send aa eoi 0
+5176.075573239: grid210x_device byte send 0a eoi 0
+5176.075653241: grid210x_device byte send 1e eoi 0
+5176.075711242: grid210x_device byte send 50 eoi 0
+5176.075766244: grid210x_device byte send e8 eoi 0
+5176.075819245: grid210x_device byte send f8 eoi 0
+5176.075875247: grid210x_device byte send fc eoi 0
+5176.075928248: grid210x_device byte send a3 eoi 0
+5176.075981250: grid210x_device byte send 00 eoi 0
+5176.076033251: grid210x_device byte send 00 eoi 0
+5176.076085253: grid210x_device byte send ff eoi 0
+5176.076136254: grid210x_device byte send 36 eoi 0
+5176.076188256: grid210x_device byte send aa eoi 0
+5176.076242257: grid210x_device byte send 0a eoi 0
+5176.076295259: grid210x_device byte send b8 eoi 0
+5176.076349260: grid210x_device byte send 5d eoi 0
+5176.076402262: grid210x_device byte send 00 eoi 0
+5176.076455263: grid210x_device byte send 0e eoi 0
+5176.076639268: grid210x_device byte send 50 eoi 0
+5176.076707270: grid210x_device byte send b8 eoi 0
+5176.076765272: grid210x_device byte send ac eoi 0
+5176.076820273: grid210x_device byte send 0a eoi 0
+5176.076874275: grid210x_device byte send 1e eoi 0
+5176.076926276: grid210x_device byte send 50 eoi 0
+5176.076979278: grid210x_device byte send e8 eoi 0
+5176.077032279: grid210x_device byte send e4 eoi 0
+5176.077086281: grid210x_device byte send fc eoi 0
+5176.077138282: grid210x_device byte send a3 eoi 0
+5176.077189283: grid210x_device byte send 00 eoi 0
+5176.077299286: grid210x_device byte send 00 eoi 0
+5176.077397289: grid210x_device byte send ff eoi 0
+5176.077460291: grid210x_device byte send 36 eoi 0
+5176.077515292: grid210x_device byte send aa eoi 0
+5176.077726298: grid210x_device byte send 0a eoi 0
+5176.077796300: grid210x_device byte send b8 eoi 0
+5176.077853302: grid210x_device byte send 6a eoi 0
+5176.077908303: grid210x_device byte send 00 eoi 0
+5176.077963305: grid210x_device byte send 0e eoi 0
+5176.078016306: grid210x_device byte send 50 eoi 0
+5176.078068308: grid210x_device byte send b8 eoi 0
+5176.078121309: grid210x_device byte send ae eoi 0
+5176.078174311: grid210x_device byte send 0a eoi 0
+5176.078229312: grid210x_device byte send 1e eoi 0
+5176.078281314: grid210x_device byte send 50 eoi 0
+5176.078336315: grid210x_device byte send e8 eoi 0
+5176.078388317: grid210x_device byte send d0 eoi 0
+5176.078440318: grid210x_device byte send fc eoi 0
+5176.078495320: grid210x_device byte send 09 eoi 0
+5176.078548321: grid210x_device byte send c0 eoi 0
+5176.078600323: grid210x_device byte send 75 eoi 0
+5176.078792328: grid210x_device byte send 22 eoi 0
+5176.079013334: grid210x_device byte send ff eoi 0
+5176.079068336: grid210x_device byte send 36 eoi 0
+5176.079120337: grid210x_device byte send ae eoi 0
+5176.079173338: grid210x_device byte send 0a eoi 0
+5176.079227340: grid210x_device byte send b8 eoi 0
+5176.079547349: grid210x_device byte send 60 eoi 0
+5176.079612351: grid210x_device byte send 04 eoi 0
+5176.079849357: grid210x_device byte send 1e eoi 0
+5176.079926359: grid210x_device byte send 50 eoi 0
+5176.079984361: grid210x_device byte send e8 eoi 0
+5176.080109364: grid210x_device byte send 42 eoi 0
+5176.080172366: grid210x_device byte send fa eoi 0
+5176.080228368: grid210x_device byte send b8 eoi 0
+5176.080281369: grid210x_device byte send 60 eoi 0
+5176.080335371: grid210x_device byte send 04 eoi 0
+5176.080388372: grid210x_device byte send 1e eoi 0
+5176.080440374: grid210x_device byte send 50 eoi 0
+5176.080496375: grid210x_device byte send 2e eoi 0
+5176.080550377: grid210x_device byte send c4 eoi 0
+5176.080604378: grid210x_device byte send 06 eoi 0
+5176.080658380: grid210x_device byte send 86 eoi 0
+5176.080713381: grid210x_device byte send 00 eoi 0
+5176.080766383: grid210x_device byte send 06 eoi 0
+5176.081001389: grid210x_device byte send 50 eoi 0
+5176.081060391: grid210x_device byte send b8 eoi 0
+5176.081114392: grid210x_device byte send 80 eoi 0
+5176.081168394: grid210x_device byte send 25 eoi 0
+5176.081222395: grid210x_device byte send 50 eoi 0
+5176.081275397: grid210x_device byte send e8 eoi 0
+5176.081329398: grid210x_device byte send 81 eoi 0
+5176.081383400: grid210x_device byte send fb eoi 0
+5176.081435401: grid210x_device byte send a3 eoi 0
+5176.081489403: grid210x_device byte send a8 eoi 0
+5176.081541404: grid210x_device byte send 0a eoi 0
+5176.081594406: grid210x_device byte send 83 eoi 0
+5176.081646407: grid210x_device byte send 3e eoi 0
+5176.081699408: grid210x_device byte send 00 eoi 0
+5176.081754410: grid210x_device byte send 00 eoi 0
+5176.081806411: grid210x_device byte send 00 eoi 0
+5176.081992417: grid210x_device byte send 75 eoi 0
+5176.082063419: grid210x_device byte send 18 eoi 0
+5176.082120420: grid210x_device byte send ff eoi 0
+5176.082174422: grid210x_device byte send 36 eoi 0
+5176.082229423: grid210x_device byte send ac eoi 0
+5176.082282425: grid210x_device byte send 0a eoi 0
+5176.082336426: grid210x_device byte send b8 eoi 0
+5176.082389428: grid210x_device byte send 60 eoi 0
+5176.082441429: grid210x_device byte send 04 eoi 0
+5176.082495431: grid210x_device byte send 1e eoi 0
+5176.082549432: grid210x_device byte send 50 eoi 0
+5176.082603434: grid210x_device byte send e8 eoi 0
+5176.082656435: grid210x_device byte send 19 eoi 0
+5176.082710437: grid210x_device byte send fa eoi 0
+5176.082763438: grid210x_device byte send e8 eoi 0
+5176.082814439: grid210x_device byte send 53 eoi 0
+5176.082868441: grid210x_device byte send fd eoi 0
+5176.083056446: grid210x_device byte send 83 eoi 0
+5176.083126448: grid210x_device byte send 3e eoi 0
+5176.083182450: grid210x_device byte send 00 eoi 0
+5176.083237451: grid210x_device byte send 00 eoi 0
+5176.083290453: grid210x_device byte send 00 eoi 0
+5176.083345454: grid210x_device byte send 75 eoi 0
+5176.083399456: grid210x_device byte send 02 eoi 0
+5176.083451457: grid210x_device byte send 5d eoi 0
+5176.083505459: grid210x_device byte send c3 eoi 0
+5176.083558460: grid210x_device byte send e8 eoi 0
+5176.083612462: grid210x_device byte send 4b eoi 0
+5176.083665463: grid210x_device byte send f9 eoi 0
+5176.083719465: grid210x_device byte send e9 eoi 0
+5176.083772466: grid210x_device byte send 79 eoi 0
+5176.083823467: grid210x_device byte send ff eoi 0
+5176.083878469: grid210x_device byte send 1e eoi 0
+5176.083931470: grid210x_device byte send 2e eoi 0
+5176.084116476: grid210x_device byte send 8e eoi 0
+5176.084185477: grid210x_device byte send 1e eoi 0
+5176.084243479: grid210x_device byte send 84 eoi 0
+5176.084296481: grid210x_device byte send 00 eoi 0
+5176.084350482: grid210x_device byte send 55 eoi 0
+5176.084404484: grid210x_device byte send 8b eoi 0
+5176.084459485: grid210x_device byte send ec eoi 0
+5176.084511486: grid210x_device byte send 89 eoi 0
+5176.084563488: grid210x_device byte send e0 eoi 0
+5176.084617489: grid210x_device byte send a3 eoi 0
+5176.084670491: grid210x_device byte send 02 eoi 0
+5176.085269507: grid210x_device byte send 00 eoi 0
+5176.085389511: grid210x_device byte send 8c eoi 0
+5176.085450513: grid210x_device byte send d0 eoi 0
+5176.085510514: grid210x_device byte send a3 eoi 0
+5176.085565516: grid210x_device byte send 04 eoi 0
+5176.085620517: grid210x_device byte send 00 eoi 0
+5176.085673519: grid210x_device byte send b8 eoi 0
+5176.085727520: grid210x_device byte send b1 eoi 0
+5176.085781522: grid210x_device byte send 0a eoi 0
+5176.085835523: grid210x_device byte send a3 eoi 0
+5176.085888525: grid210x_device byte send 10 eoi 0
+5176.085941526: grid210x_device byte send 00 eoi 0
+5176.085995528: grid210x_device byte send 8c eoi 0
+5176.086048529: grid210x_device byte send 1e eoi 0
+5176.086103531: grid210x_device byte send 12 eoi 0
+5176.086327537: grid210x_device byte send 00 eoi 0
+5176.086396539: grid210x_device byte send fa eoi 0
+5176.086450540: grid210x_device byte send a1 eoi 0
+5176.086507542: grid210x_device byte send 10 eoi 0
+5176.086559543: grid210x_device byte send 00 eoi 0
+5176.086612545: grid210x_device byte send 8b eoi 0
+5176.086665546: grid210x_device byte send 16 eoi 0
+5176.086718548: grid210x_device byte send 12 eoi 0
+5176.086771549: grid210x_device byte send 00 eoi 0
+5176.086824551: grid210x_device byte send 05 eoi 0
+5176.086878552: grid210x_device byte send e8 eoi 0
+5176.086930554: grid210x_device byte send 03 eoi 0
+5176.086984555: grid210x_device byte send 83 eoi 0
+5176.087036557: grid210x_device byte send e8 eoi 0
+5176.087090558: grid210x_device byte send 0a eoi 0
+5176.087143559: grid210x_device byte send 89 eoi 0
+5176.087328565: grid210x_device byte send c4 eoi 0
+5176.087399567: grid210x_device byte send a1 eoi 0
+5176.087456568: grid210x_device byte send 12 eoi 0
+5176.087513570: grid210x_device byte send 00 eoi 0
+5176.087568571: grid210x_device byte send 8e eoi 0
+5176.087620573: grid210x_device byte send d0 eoi 0
+5176.087672574: grid210x_device byte send fb eoi 0
+5176.087725576: grid210x_device byte send e8 eoi 0
+5176.087778577: grid210x_device byte send 2c eoi 0
+5176.087830579: grid210x_device byte send ff eoi 0
+5176.087885580: grid210x_device byte send fa eoi 0
+5176.087938582: grid210x_device byte send a1 eoi 0
+5176.087993583: grid210x_device byte send 02 eoi 0
+5176.088046585: grid210x_device byte send 00 eoi 0
+5176.088099586: grid210x_device byte send 89 eoi 0
+5176.088150587: grid210x_device byte send c4 eoi 0
+5176.088202589: grid210x_device byte send a1 eoi 0
+5176.088384594: grid210x_device byte send 04 eoi 0
+5176.088455596: grid210x_device byte send 00 eoi 0
+5176.088517598: grid210x_device byte send 8e eoi 0
+5176.088571599: grid210x_device byte send d0 eoi 0
+5176.088625601: grid210x_device byte send fb eoi 0
+5176.088678602: grid210x_device byte send ff eoi 0
+5176.088731604: grid210x_device byte send 36 eoi 0
+5176.088785605: grid210x_device byte send 0e eoi 0
+5176.088841607: grid210x_device byte send 00 eoi 0
+5176.088894608: grid210x_device byte send ff eoi 0
+5176.088946609: grid210x_device byte send 36 eoi 0
+5176.089000611: grid210x_device byte send 0c eoi 0
+5176.089053612: grid210x_device byte send 00 eoi 0
+5176.089106614: grid210x_device byte send b8 eoi 0
+5176.089159615: grid210x_device byte send 01 eoi 0
+5176.089215617: grid210x_device byte send 00 eoi 0
+5176.089267618: grid210x_device byte send 50 eoi 0
+5176.089455624: grid210x_device byte send b8 eoi 0
+5176.089527626: grid210x_device byte send 21 eoi 0
+5176.089584627: grid210x_device byte send 43 eoi 0
+5176.089638629: grid210x_device byte send 50 eoi 0
+5176.089690630: grid210x_device byte send ff eoi 0
+5176.089744632: grid210x_device byte send 1e eoi 0
+5176.089796633: grid210x_device byte send 1e eoi 0
+5176.089849635: grid210x_device byte send 00 eoi 0
+5176.089901636: grid210x_device byte send 5d eoi 0
+5176.089954637: grid210x_device byte send 1f eoi 0
+5176.090076641: grid210x_device byte send cb eoi 0
+5176.090147643: grid210x_device byte send 55 eoi 0
+5176.090203644: grid210x_device byte send 55 eoi 0
+5176.090748659: grid210x_device byte send 55 eoi 0
+5176.090817661: grid210x_device byte send 55 eoi 0
+5176.090873663: grid210x_device byte send 55 eoi 0
+5176.090927664: grid210x_device byte send 0b eoi 0
+5176.090982666: grid210x_device byte send ff eoi 0
+5176.091036667: grid210x_device byte send 75 eoi 0
+5176.091090669: grid210x_device byte send 1d eoi 0
+5176.091142670: grid210x_device byte send 3b eoi 0
+5176.091195672: grid210x_device byte send ca eoi 0
+5176.091248673: grid210x_device byte send 76 eoi 0
+5176.091301675: grid210x_device byte send 09 eoi 0
+5176.091353676: grid210x_device byte send f7 eoi 0
+5176.091405678: grid210x_device byte send f1 eoi 0
+5176.091643684: grid210x_device byte send 33 eoi 0
+5176.091725687: grid210x_device byte send f6 eoi 0
+5176.091856690: grid210x_device byte send 8b eoi 0
+5176.091910692: grid210x_device byte send fa eoi 0
+5176.091964693: grid210x_device byte send 33 eoi 0
+5176.092017695: grid210x_device byte send d2 eoi 0
+5176.092071696: grid210x_device byte send cb eoi 0
+5176.092124698: grid210x_device byte send 8b eoi 0
+5176.092177699: grid210x_device byte send f8 eoi 0
+5176.092229701: grid210x_device byte send 8b eoi 0
+5176.092282702: grid210x_device byte send c2 eoi 0
+5176.092336704: grid210x_device byte send 33 eoi 0
+5176.092389705: grid210x_device byte send d2 eoi 0
+5176.092441706: grid210x_device byte send f7 eoi 0
+5176.092495708: grid210x_device byte send f1 eoi 0
+5176.092548709: grid210x_device byte send 97 eoi 0
+5176.092742715: grid210x_device byte send f7 eoi 0
+5176.092812717: grid210x_device byte send f1 eoi 0
+5176.092870718: grid210x_device byte send 87 eoi 0
+5176.092922720: grid210x_device byte send d7 eoi 0
+5176.092975721: grid210x_device byte send 33 eoi 0
+5176.093029723: grid210x_device byte send f6 eoi 0
+5176.093081724: grid210x_device byte send cb eoi 0
+5176.093135726: grid210x_device byte send 55 eoi 0
+5176.093187727: grid210x_device byte send 8b eoi 0
+5176.093296730: grid210x_device byte send e9 eoi 0
+5176.093394733: grid210x_device byte send 8b eoi 0
+5176.093454735: grid210x_device byte send df eoi 0
+5176.093512736: grid210x_device byte send 33 eoi 0
+5176.093566738: grid210x_device byte send f6 eoi 0
+5176.093619739: grid210x_device byte send 8b eoi 0
+5176.093827745: grid210x_device byte send fe eoi 0
+5176.093890747: grid210x_device byte send b9 eoi 0
+5176.093945748: grid210x_device byte send 20 eoi 0
+5176.094001750: grid210x_device byte send 00 eoi 0
+5176.094055751: grid210x_device byte send d1 eoi 0
+5176.094109753: grid210x_device byte send e7 eoi 0
+5176.094162754: grid210x_device byte send d1 eoi 0
+5176.094215756: grid210x_device byte send d6 eoi 0
+5176.094267757: grid210x_device byte send d1 eoi 0
+5176.094319758: grid210x_device byte send e0 eoi 0
+5176.094371760: grid210x_device byte send d1 eoi 0
+5176.094424761: grid210x_device byte send d2 eoi 0
+5176.094478763: grid210x_device byte send 83 eoi 0
+5176.094531764: grid210x_device byte send d7 eoi 0
+5176.094585766: grid210x_device byte send 00 eoi 0
+5176.094638767: grid210x_device byte send 2b eoi 0
+5176.094819772: grid210x_device byte send fd eoi 0
+5176.094895774: grid210x_device byte send 1b eoi 0
+5176.094952776: grid210x_device byte send f3 eoi 0
+5176.095008778: grid210x_device byte send 40 eoi 0
+5176.095062779: grid210x_device byte send 73 eoi 0
+5176.095116781: grid210x_device byte send 05 eoi 0
+5176.095168782: grid210x_device byte send 03 eoi 0
+5176.095222784: grid210x_device byte send fd eoi 0
+5176.095273785: grid210x_device byte send 13 eoi 0
+5176.095325786: grid210x_device byte send f3 eoi 0
+5176.095380788: grid210x_device byte send 48 eoi 0
+5176.095432789: grid210x_device byte send e2 eoi 0
+5176.095486791: grid210x_device byte send e7 eoi 0
+5176.095538792: grid210x_device byte send 5d eoi 0
+5176.095592794: grid210x_device byte send cb eoi 0
+5176.095645795: grid210x_device byte send 55 eoi 0
+5176.095696797: grid210x_device byte send 55 eoi 0
+5176.095879802: grid210x_device byte send 55 eoi 0
+5176.095949804: grid210x_device byte send 55 eoi 0
+5176.096283813: grid210x_device byte send 55 eoi 0
+5176.096351815: grid210x_device byte send 55 eoi 0
+5176.096405816: grid210x_device byte send 76 eoi 0
+5176.096455818: grid210x_device byte send 65 eoi 1
+5176.097040834: grid210x_device byte recv 5f atn 1 eoi 0
+5176.097086835: grid210x_device now not talking
+5176.118062417: grid210x_device byte recv 25 atn 1 eoi 0
+5176.118123419: grid210x_device now listening
+5194.991329692: grid210x_device byte recv 25 atn 1 eoi 0
+5195.062803666: grid210x_device now listening
+5195.062895669: grid210x_device byte recv ff atn 1 eoi 1
+5195.062993671: grid210x_device byte recv ff atn 1 eoi 1
+5195.063077674: grid210x_device byte recv ff atn 1 eoi 1
+5195.063159676: grid210x_device byte recv ff atn 1 eoi 1
+5195.063242678: grid210x_device byte recv ff atn 1 eoi 1
+5195.063322680: grid210x_device byte recv ff atn 1 eoi 1
+5195.063398683: grid210x_device byte recv ff atn 1 eoi 1
+5195.063479685: grid210x_device byte recv ff atn 1 eoi 1
+5195.063695691: grid210x_device byte recv ff atn 1 eoi 1
+5195.063787693: grid210x_device byte recv ff atn 1 eoi 1
+5195.063866695: grid210x_device byte recv ff atn 1 eoi 1
+5195.063942698: grid210x_device byte recv ff atn 1 eoi 1
+5195.064014700: grid210x_device byte recv ff atn 1 eoi 1
+5195.064089702: grid210x_device byte recv ff atn 1 eoi 1
+5195.064161704: grid210x_device byte recv ff atn 1 eoi 1
+5195.064236706: grid210x_device byte recv ff atn 1 eoi 1
+5195.064307708: grid210x_device byte recv ff atn 1 eoi 1
+5195.064380710: grid210x_device byte recv ff atn 1 eoi 1
+5195.064450712: grid210x_device byte recv 39 atn 1 eoi 1
+5195.064525714: grid210x_device byte recv 39 atn 1 eoi 1
+5195.064732719: grid210x_device byte recv 00 atn 1 eoi 1
+5195.064818722: grid210x_device byte recv 00 atn 1 eoi 1
+5195.064895724: grid210x_device byte recv 00 atn 1 eoi 1
+5195.064967726: grid210x_device byte recv 00 atn 1 eoi 1
+5195.065041728: grid210x_device byte recv 00 atn 1 eoi 1
+5195.065110730: grid210x_device byte recv 00 atn 1 eoi 1
+5195.065180732: grid210x_device byte recv 00 atn 1 eoi 1
+5195.065249734: grid210x_device byte recv 00 atn 1 eoi 1
+5195.065320736: grid210x_device byte recv 00 atn 1 eoi 1
+5195.065389738: grid210x_device byte recv 00 atn 1 eoi 1
+5195.065459739: grid210x_device byte recv 00 atn 1 eoi 1
+5195.065529741: grid210x_device byte recv 00 atn 1 eoi 1
+5195.065605743: grid210x_device byte recv 00 atn 1 eoi 1
+5195.065842750: grid210x_device byte recv 00 atn 1 eoi 1
+5195.065929752: grid210x_device byte recv 00 atn 1 eoi 1
+5195.066009755: grid210x_device byte recv 00 atn 1 eoi 1
+5195.066089757: grid210x_device byte recv 00 atn 1 eoi 1
+5195.066169759: grid210x_device byte recv 00 atn 1 eoi 1
+5195.066244761: grid210x_device byte recv 00 atn 1 eoi 1
+5195.066321763: grid210x_device byte recv 00 atn 0 eoi 0
+5195.066405766: grid210x_device byte recv 00 atn 1 eoi 1
+5195.066486768: grid210x_device byte recv 00 atn 1 eoi 1
+5195.066564770: grid210x_device byte recv 00 atn 1 eoi 1
+5195.066649772: grid210x_device byte recv 00 atn 1 eoi 1
+5195.066850778: grid210x_device byte recv 00 atn 1 eoi 1
+5195.066941780: grid210x_device byte recv 00 atn 1 eoi 1
+5195.067022783: grid210x_device byte recv 00 atn 1 eoi 1
+5195.067104785: grid210x_device byte recv 00 atn 1 eoi 1
+5195.067185787: grid210x_device byte recv 00 atn 1 eoi 0
+5195.067269789: grid210x_device byte recv 00 atn 1 eoi 1
+5195.067352792: grid210x_device byte recv 00 atn 1 eoi 0
+5195.067453795: grid210x_device byte recv 00 atn 1 eoi 1
+5195.067539797: grid210x_device byte recv 00 atn 1 eoi 1
+5195.067634800: grid210x_device byte recv 00 atn 1 eoi 1
+5195.067717802: grid210x_device byte recv 00 atn 1 eoi 1
