+5618.166876805: grid210x_device byte recv ff atn 0 eoi 1
+5618.174478993: grid210x_device byte recv ff atn 1 eoi 1
+5619.286471494: grid210x_device byte recv 14 atn 1 eoi 0
+5621.756448568: grid210x_device byte recv 25 atn 1 eoi 0
+5621.756504569: grid210x_device now listening
+5621.757713599: grid210x_device byte recv 01 atn 0 eoi 0
+5621.757788601: grid210x_device byte recv 00 atn 0 eoi 0
+5621.757900603: grid210x_device byte recv 00 atn 0 eoi 0
+5621.757946605: grid210x_device byte recv 00 atn 0 eoi 0
+5621.757978605: grid210x_device byte recv 00 atn 0 eoi 0
+5621.758011606: grid210x_device byte recv 00 atn 0 eoi 0
+5621.758038607: grid210x_device byte recv 00 atn 0 eoi 0
+5621.758062607: grid210x_device byte recv 34 atn 0 eoi 0
+5621.758084608: grid210x_device byte recv 00 atn 0 eoi 0
+5621.759176635: grid210x_device byte recv 00 atn 0 eoi 1
+5621.759229636: grid210x_device byte recv 3f atn 1 eoi 0
+5621.759249637: grid210x_device now not listening
+5621.759260637: grid210x_device command 1, data size 52, sector no 0
+5621.761067682: grid210x_device byte recv 45 atn 1 eoi 0
+5621.761110683: grid210x_device now talking
+5621.762243711: grid210x_device byte send 00 eoi 0
+5621.762783724: grid210x_device byte send 02 eoi 0
+5621.762829725: grid210x_device byte send f8 eoi 0
+5621.762865726: grid210x_device byte send 01 eoi 0
+5621.762897727: grid210x_device byte send d0 eoi 0
+5621.762926728: grid210x_device byte send 02 eoi 0
+5621.762956728: grid210x_device byte send 01 eoi 0
+5621.762987729: grid210x_device byte send 20 eoi 0
+5621.763015730: grid210x_device byte send 01 eoi 0
+5621.763044731: grid210x_device byte send 21 eoi 0
+5621.763073731: grid210x_device byte send 01 eoi 0
+5621.763103732: grid210x_device byte send 01 eoi 0
+5621.763133733: grid210x_device byte send 00 eoi 0
+5621.763163734: grid210x_device byte send 00 eoi 0
+5621.763192734: grid210x_device byte send 34 eoi 0
+5621.763222735: grid210x_device byte send 38 eoi 0
+5621.763251736: grid210x_device byte send 20 eoi 0
+5621.763279736: grid210x_device byte send 54 eoi 0
+5621.763306737: grid210x_device byte send 50 eoi 0
+5621.763334738: grid210x_device byte send 49 eoi 0
+5621.763419740: grid210x_device byte send 20 eoi 0
+5621.763456741: grid210x_device byte send 44 eoi 0
+5621.763524743: grid210x_device byte send 53 eoi 0
+5621.763559743: grid210x_device byte send 20 eoi 0
+5621.763589744: grid210x_device byte send 44 eoi 0
+5621.763621745: grid210x_device byte send 44 eoi 0
+5621.763651746: grid210x_device byte send 20 eoi 0
+5621.763679746: grid210x_device byte send 46 eoi 0
+5621.763850751: grid210x_device byte send 4c eoi 0
+5621.763895752: grid210x_device byte send 4f eoi 0
+5621.763927753: grid210x_device byte send 50 eoi 0
+5621.763957753: grid210x_device byte send 50 eoi 0
+5621.763988754: grid210x_device byte send 59 eoi 0
+5621.764020755: grid210x_device byte send 20 eoi 0
+5621.764049756: grid210x_device byte send 20 eoi 0
+5621.764078756: grid210x_device byte send 20 eoi 0
+5621.764108757: grid210x_device byte send 20 eoi 0
+5621.764136758: grid210x_device byte send 33 eoi 0
+5621.764165758: grid210x_device byte send 30 eoi 0
+5621.764193759: grid210x_device byte send 30 eoi 0
+5621.764223760: grid210x_device byte send 32 eoi 0
+5621.764252761: grid210x_device byte send 33 eoi 0
+5621.764279761: grid210x_device byte send 37 eoi 0
+5621.764308762: grid210x_device byte send 2d eoi 0
+5621.764336763: grid210x_device byte send 30 eoi 0
+5621.764366763: grid210x_device byte send 30 eoi 0
+5621.764394764: grid210x_device byte send 00 eoi 0
+5621.764426765: grid210x_device byte send 02 eoi 0
+5621.764456766: grid210x_device byte send 09 eoi 0
+5621.764488766: grid210x_device byte send 00 eoi 0
+5621.764518767: grid210x_device byte send 02 eoi 0
+5621.764547768: grid210x_device byte send 00 eoi 1
+5621.764983779: grid210x_device byte recv 5f atn 1 eoi 0
+5621.765015779: grid210x_device now not talking
+5621.767877850: grid210x_device byte recv 25 atn 1 eoi 0
+5621.767912851: grid210x_device now listening
+5621.769091880: grid210x_device byte recv 04 atn 0 eoi 0
+5621.769512891: grid210x_device byte recv 00 atn 0 eoi 0
+5621.769548891: grid210x_device byte recv 00 atn 0 eoi 0
+5621.769573892: grid210x_device byte recv 00 atn 0 eoi 0
+5621.769600893: grid210x_device byte recv 00 atn 0 eoi 0
+5621.769624893: grid210x_device byte recv 00 atn 0 eoi 0
+5621.769648894: grid210x_device byte recv 00 atn 0 eoi 0
+5621.769672895: grid210x_device byte recv 00 atn 0 eoi 0
+5621.769695895: grid210x_device byte recv 02 atn 0 eoi 0
+5621.770950926: grid210x_device byte recv 00 atn 0 eoi 1
+5621.770999927: grid210x_device byte recv 3f atn 1 eoi 0
+5621.771018928: grid210x_device now not listening
+5621.771031928: grid210x_device command 4, data size 512, sector no 0
+5621.872107427: grid210x_device byte recv 18 atn 1 eoi 0
+5621.872205429: grid210x_device byte recv 45 atn 1 eoi 0
+5621.872227430: grid210x_device now talking
+5621.872251431: grid210x_device byte send 4f eoi 0
+5621.872340433: grid210x_device byte recv 19 atn 1 eoi 0
+5621.872382434: grid210x_device byte recv 5f atn 1 eoi 0
+5621.872399434: grid210x_device now not talking
+5621.873364458: grid210x_device byte recv 45 atn 1 eoi 0
+5621.873389459: grid210x_device now talking
+5621.874197479: grid210x_device byte send 53 eoi 0
+5621.874655490: grid210x_device byte send 79 eoi 0
+5621.874685491: grid210x_device byte send 73 eoi 0
+5621.874714492: grid210x_device byte send 74 eoi 0
+5621.874746492: grid210x_device byte send 65 eoi 0
+5621.874774493: grid210x_device byte send 6d eoi 0
+5621.874803494: grid210x_device byte send 20 eoi 0
+5621.874831494: grid210x_device byte send 44 eoi 0
+5621.874861495: grid210x_device byte send 69 eoi 0
+5621.874889496: grid210x_device byte send 73 eoi 0
+5621.874917497: grid210x_device byte send 6b eoi 0
+5621.874945497: grid210x_device byte send 21 eoi 0
+5621.874976498: grid210x_device byte send 21 eoi 0
+5621.875004499: grid210x_device byte send 00 eoi 0
+5621.875036499: grid210x_device byte send 00 eoi 0
+5621.875065500: grid210x_device byte send 00 eoi 0
+5621.875094501: grid210x_device byte send 00 eoi 0
+5621.875125502: grid210x_device byte send 00 eoi 0
+5621.875154502: grid210x_device byte send 00 eoi 0
+5621.875183503: grid210x_device byte send 00 eoi 0
+5621.875212504: grid210x_device byte send 00 eoi 0
+5621.875242505: grid210x_device byte send 00 eoi 0
+5621.875272505: grid210x_device byte send 00 eoi 0
+5621.875302506: grid210x_device byte send 00 eoi 0
+5621.875331507: grid210x_device byte send 00 eoi 0
+5621.875421509: grid210x_device byte send 00 eoi 0
+5621.875462510: grid210x_device byte send 00 eoi 0
+5621.875535512: grid210x_device byte send 00 eoi 0
+5621.875569513: grid210x_device byte send 00 eoi 0
+5621.875603514: grid210x_device byte send 00 eoi 0
+5621.875633514: grid210x_device byte send 00 eoi 0
+5621.875662515: grid210x_device byte send 00 eoi 0
+5621.875692516: grid210x_device byte send 00 eoi 0
+5621.875721516: grid210x_device byte send 00 eoi 0
+5621.875753517: grid210x_device byte send 00 eoi 0
+5621.875783518: grid210x_device byte send 00 eoi 0
+5621.875812519: grid210x_device byte send 00 eoi 0
+5621.875841519: grid210x_device byte send 00 eoi 0
+5621.875873520: grid210x_device byte send 00 eoi 0
+5621.875902521: grid210x_device byte send 00 eoi 0
+5621.875931522: grid210x_device byte send 00 eoi 0
+5621.875961522: grid210x_device byte send 00 eoi 0
+5621.875992523: grid210x_device byte send 00 eoi 0
+5621.876021524: grid210x_device byte send 00 eoi 0
+5621.876050525: grid210x_device byte send 00 eoi 0
+5621.876079525: grid210x_device byte send 00 eoi 0
+5621.876110526: grid210x_device byte send 00 eoi 0
+5621.876140527: grid210x_device byte send 00 eoi 0
+5621.876170528: grid210x_device byte send 00 eoi 0
+5621.876200528: grid210x_device byte send 00 eoi 0
+5621.876231529: grid210x_device byte send 00 eoi 0
+5621.876260530: grid210x_device byte send 00 eoi 0
+5621.876289530: grid210x_device byte send 00 eoi 0
+5621.876319531: grid210x_device byte send 00 eoi 0
+5621.876349532: grid210x_device byte send 00 eoi 0
+5621.876379533: grid210x_device byte send 00 eoi 0
+5621.876735541: grid210x_device byte send 00 eoi 0
+5621.876776543: grid210x_device byte send 00 eoi 0
+5621.876807543: grid210x_device byte send 00 eoi 0
+5621.876837544: grid210x_device byte send 00 eoi 0
+5621.876868545: grid210x_device byte send 00 eoi 0
+5621.876899546: grid210x_device byte send 00 eoi 0
+5621.876928546: grid210x_device byte send 00 eoi 0
+5621.876956547: grid210x_device byte send 00 eoi 0
+5621.876988548: grid210x_device byte send 00 eoi 0
+5621.877017548: grid210x_device byte send 00 eoi 0
+5621.877047549: grid210x_device byte send 00 eoi 0
+5621.877076550: grid210x_device byte send 00 eoi 0
+5621.877107551: grid210x_device byte send 00 eoi 0
+5621.877137551: grid210x_device byte send 00 eoi 0
+5621.877166552: grid210x_device byte send 00 eoi 0
+5621.877195553: grid210x_device byte send 00 eoi 0
+5621.877227554: grid210x_device byte send 00 eoi 0
+5621.877257554: grid210x_device byte send 00 eoi 0
+5621.877286555: grid210x_device byte send 00 eoi 0
+5621.877315556: grid210x_device byte send 00 eoi 0
+5621.877344557: grid210x_device byte send 00 eoi 0
+5621.877375557: grid210x_device byte send 00 eoi 0
+5621.877405558: grid210x_device byte send 00 eoi 0
+5621.877434559: grid210x_device byte send 00 eoi 0
+5621.877463559: grid210x_device byte send 00 eoi 0
+5621.877495560: grid210x_device byte send 00 eoi 0
+5621.877525561: grid210x_device byte send 00 eoi 0
+5621.877555562: grid210x_device byte send 00 eoi 0
+5621.877585563: grid210x_device byte send 00 eoi 0
+5621.877616563: grid210x_device byte send 00 eoi 0
+5621.877646564: grid210x_device byte send 00 eoi 0
+5621.877676565: grid210x_device byte send 00 eoi 0
+5621.877705565: grid210x_device byte send 00 eoi 0
+5621.877736566: grid210x_device byte send 00 eoi 0
+5621.877766567: grid210x_device byte send 00 eoi 0
+5621.877796568: grid210x_device byte send 00 eoi 0
+5621.877825568: grid210x_device byte send 00 eoi 0
+5621.877857569: grid210x_device byte send 00 eoi 0
+5621.877886570: grid210x_device byte send 00 eoi 0
+5621.877916571: grid210x_device byte send 00 eoi 0
+5621.877945571: grid210x_device byte send 00 eoi 0
+5621.877977572: grid210x_device byte send 00 eoi 0
+5621.878006573: grid210x_device byte send 00 eoi 0
+5621.878036574: grid210x_device byte send 00 eoi 0
+5621.878066574: grid210x_device byte send 00 eoi 0
+5621.878096575: grid210x_device byte send 00 eoi 0
+5621.878126576: grid210x_device byte send 00 eoi 0
+5621.878156577: grid210x_device byte send 00 eoi 0
+5621.878186577: grid210x_device byte send 00 eoi 0
+5621.878216578: grid210x_device byte send 00 eoi 0
+5621.878247579: grid210x_device byte send 00 eoi 0
+5621.878277580: grid210x_device byte send 00 eoi 0
+5621.878306580: grid210x_device byte send 00 eoi 0
+5621.878336581: grid210x_device byte send 00 eoi 0
+5621.878367582: grid210x_device byte send 00 eoi 0
+5621.878397583: grid210x_device byte send 00 eoi 0
+5621.878425583: grid210x_device byte send 00 eoi 0
+5621.878455584: grid210x_device byte send 00 eoi 0
+5621.878485585: grid210x_device byte send 00 eoi 0
+5621.878515585: grid210x_device byte send 00 eoi 0
+5621.878544586: grid210x_device byte send 00 eoi 0
+5621.878574587: grid210x_device byte send 00 eoi 0
+5621.878605588: grid210x_device byte send 00 eoi 0
+5621.878635588: grid210x_device byte send 00 eoi 0
+5621.878664589: grid210x_device byte send 00 eoi 0
+5621.878693590: grid210x_device byte send 00 eoi 0
+5621.878721591: grid210x_device byte send 00 eoi 0
+5621.878753591: grid210x_device byte send 00 eoi 0
+5621.878783592: grid210x_device byte send 00 eoi 0
+5621.878812593: grid210x_device byte send 00 eoi 0
+5621.878841594: grid210x_device byte send 00 eoi 0
+5621.878873594: grid210x_device byte send 00 eoi 0
+5621.878904595: grid210x_device byte send 00 eoi 0
+5621.878933596: grid210x_device byte send 00 eoi 0
+5621.878963597: grid210x_device byte send 00 eoi 0
+5621.878994597: grid210x_device byte send 00 eoi 0
+5621.879025598: grid210x_device byte send 00 eoi 0
+5621.879054599: grid210x_device byte send 00 eoi 0
+5621.879083600: grid210x_device byte send 00 eoi 0
+5621.879315605: grid210x_device byte send 00 eoi 0
+5621.879366607: grid210x_device byte send 00 eoi 0
+5621.879398607: grid210x_device byte send 00 eoi 0
+5621.879427608: grid210x_device byte send 00 eoi 0
+5621.879456609: grid210x_device byte send 00 eoi 0
+5621.879488610: grid210x_device byte send 00 eoi 0
+5621.879517610: grid210x_device byte send 00 eoi 0
+5621.879546611: grid210x_device byte send 00 eoi 0
+5621.879576612: grid210x_device byte send 00 eoi 0
+5621.879608613: grid210x_device byte send 00 eoi 0
+5621.879638613: grid210x_device byte send 00 eoi 0
+5621.879668614: grid210x_device byte send 00 eoi 0
+5621.879698615: grid210x_device byte send 00 eoi 0
+5621.879729616: grid210x_device byte send 00 eoi 0
+5621.879759616: grid210x_device byte send 00 eoi 0
+5621.879789617: grid210x_device byte send 00 eoi 0
+5621.879818618: grid210x_device byte send 00 eoi 0
+5621.879847618: grid210x_device byte send 00 eoi 0
+5621.879878619: grid210x_device byte send 00 eoi 0
+5621.879909620: grid210x_device byte send 00 eoi 0
+5621.879938621: grid210x_device byte send 00 eoi 0
+5621.879967621: grid210x_device byte send 00 eoi 0
+5621.880137626: grid210x_device byte send 00 eoi 0
+5621.880777641: grid210x_device byte send 00 eoi 0
+5621.880814642: grid210x_device byte send 00 eoi 0
+5621.880846643: grid210x_device byte send 00 eoi 0
+5621.880878644: grid210x_device byte send 00 eoi 0
+5621.880909645: grid210x_device byte send 00 eoi 0
+5621.880938645: grid210x_device byte send 00 eoi 0
+5621.880968646: grid210x_device byte send 00 eoi 0
+5621.881001647: grid210x_device byte send 00 eoi 0
+5621.881030648: grid210x_device byte send 00 eoi 0
+5621.881059648: grid210x_device byte send 00 eoi 0
+5621.881089649: grid210x_device byte send 00 eoi 0
+5621.881119650: grid210x_device byte send 00 eoi 0
+5621.881149651: grid210x_device byte send 00 eoi 0
+5621.881179651: grid210x_device byte send 00 eoi 0
+5621.881209652: grid210x_device byte send 00 eoi 0
+5621.881239653: grid210x_device byte send 00 eoi 0
+5621.881268654: grid210x_device byte send 00 eoi 0
+5621.881297654: grid210x_device byte send 00 eoi 0
+5621.881327655: grid210x_device byte send 00 eoi 0
+5621.881357656: grid210x_device byte send 00 eoi 0
+5621.881387656: grid210x_device byte send 00 eoi 0
+5621.881416657: grid210x_device byte send 00 eoi 0
+5621.881445658: grid210x_device byte send 00 eoi 0
+5621.881477659: grid210x_device byte send 00 eoi 0
+5621.881506659: grid210x_device byte send 00 eoi 0
+5621.881535660: grid210x_device byte send 00 eoi 0
+5621.881564661: grid210x_device byte send 00 eoi 0
+5621.881593662: grid210x_device byte send 00 eoi 0
+5621.881795667: grid210x_device byte send 00 eoi 0
+5621.881843668: grid210x_device byte send 00 eoi 0
+5621.881879669: grid210x_device byte send 00 eoi 0
+5621.881910669: grid210x_device byte send 00 eoi 0
+5621.881940670: grid210x_device byte send 00 eoi 0
+5621.881970671: grid210x_device byte send 00 eoi 0
+5621.882002672: grid210x_device byte send 00 eoi 0
+5621.882031672: grid210x_device byte send 00 eoi 0
+5621.882061673: grid210x_device byte send 00 eoi 0
+5621.882090674: grid210x_device byte send 00 eoi 0
+5621.882122675: grid210x_device byte send 00 eoi 0
+5621.882152675: grid210x_device byte send 00 eoi 0
+5621.882181676: grid210x_device byte send 00 eoi 0
+5621.882210677: grid210x_device byte send 00 eoi 0
+5621.882242678: grid210x_device byte send 00 eoi 0
+5621.882272678: grid210x_device byte send 00 eoi 0
+5621.882301679: grid210x_device byte send 00 eoi 0
+5621.882330680: grid210x_device byte send 00 eoi 0
+5621.882361681: grid210x_device byte send 00 eoi 0
+5621.882391681: grid210x_device byte send 00 eoi 0
+5621.882420682: grid210x_device byte send 00 eoi 0
+5621.882449683: grid210x_device byte send 00 eoi 0
+5621.882480684: grid210x_device byte send 00 eoi 0
+5621.882510684: grid210x_device byte send 00 eoi 0
+5621.882540685: grid210x_device byte send 00 eoi 0
+5621.882569686: grid210x_device byte send 00 eoi 0
+5621.882602687: grid210x_device byte send 00 eoi 0
+5621.882632687: grid210x_device byte send 00 eoi 0
+5621.883077698: grid210x_device byte send 00 eoi 0
+5621.883120699: grid210x_device byte send 00 eoi 0
+5621.883153700: grid210x_device byte send 00 eoi 0
+5621.883183701: grid210x_device byte send 00 eoi 0
+5621.883214702: grid210x_device byte send 00 eoi 0
+5621.883246702: grid210x_device byte send 00 eoi 0
+5621.883276703: grid210x_device byte send 00 eoi 0
+5621.883306704: grid210x_device byte send 00 eoi 0
+5621.883336705: grid210x_device byte send 00 eoi 0
+5621.883428707: grid210x_device byte send 00 eoi 0
+5621.883466708: grid210x_device byte send 00 eoi 0
+5621.883539710: grid210x_device byte send 00 eoi 0
+5621.883572711: grid210x_device byte send 00 eoi 0
+5621.883605711: grid210x_device byte send 00 eoi 0
+5621.883637712: grid210x_device byte send 00 eoi 0
+5621.883667713: grid210x_device byte send 00 eoi 0
+5621.883697714: grid210x_device byte send 00 eoi 0
+5621.883728714: grid210x_device byte send 00 eoi 0
+5621.883758715: grid210x_device byte send 00 eoi 0
+5621.883787716: grid210x_device byte send 00 eoi 0
+5621.884001721: grid210x_device byte send 00 eoi 0
+5621.884036722: grid210x_device byte send 00 eoi 0
+5621.884068723: grid210x_device byte send 00 eoi 0
+5621.884099724: grid210x_device byte send 00 eoi 0
+5621.884130724: grid210x_device byte send 00 eoi 0
+5621.884160725: grid210x_device byte send 00 eoi 0
+5621.884189726: grid210x_device byte send 00 eoi 0
+5621.884219727: grid210x_device byte send 00 eoi 0
+5621.884250727: grid210x_device byte send 00 eoi 0
+5621.884279728: grid210x_device byte send 00 eoi 0
+5621.884308729: grid210x_device byte send 00 eoi 0
+5621.884337729: grid210x_device byte send 00 eoi 0
+5621.884368730: grid210x_device byte send 00 eoi 0
+5621.884398731: grid210x_device byte send 00 eoi 0
+5621.884426732: grid210x_device byte send 00 eoi 0
+5621.884456732: grid210x_device byte send 00 eoi 0
+5621.884486733: grid210x_device byte send 00 eoi 0
+5621.884516734: grid210x_device byte send 00 eoi 0
+5621.884545735: grid210x_device byte send 00 eoi 0
+5621.884574735: grid210x_device byte send 00 eoi 0
+5621.884608736: grid210x_device byte send 00 eoi 0
+5621.884638737: grid210x_device byte send 00 eoi 0
+5621.884668738: grid210x_device byte send 00 eoi 0
+5621.884697738: grid210x_device byte send 00 eoi 0
+5621.884728739: grid210x_device byte send 00 eoi 0
+5621.884758740: grid210x_device byte send 00 eoi 0
+5621.884788741: grid210x_device byte send 00 eoi 0
+5621.884817741: grid210x_device byte send 00 eoi 0
+5621.884846742: grid210x_device byte send 00 eoi 0
+5621.885030747: grid210x_device byte send 00 eoi 0
+5621.885081748: grid210x_device byte send 00 eoi 0
+5621.885117749: grid210x_device byte send 00 eoi 0
+5621.885148749: grid210x_device byte send 00 eoi 0
+5621.885178750: grid210x_device byte send 00 eoi 0
+5621.885207751: grid210x_device byte send 00 eoi 0
+5621.885239752: grid210x_device byte send 00 eoi 0
+5621.885269752: grid210x_device byte send 00 eoi 0
+5621.885298753: grid210x_device byte send 00 eoi 0
+5621.885327754: grid210x_device byte send 00 eoi 0
+5621.885358755: grid210x_device byte send 00 eoi 0
+5621.885388755: grid210x_device byte send 00 eoi 0
+5621.885418756: grid210x_device byte send 00 eoi 0
+5621.885447757: grid210x_device byte send 00 eoi 0
+5621.885479758: grid210x_device byte send 00 eoi 0
+5621.885508758: grid210x_device byte send 00 eoi 0
+5621.885538759: grid210x_device byte send 00 eoi 0
+5621.885567760: grid210x_device byte send 00 eoi 0
+5621.885596761: grid210x_device byte send 00 eoi 0
+5621.885628761: grid210x_device byte send 00 eoi 0
+5621.885792765: grid210x_device byte send 00 eoi 0
+5621.885822766: grid210x_device byte send 00 eoi 0
+5621.885853767: grid210x_device byte send 00 eoi 0
+5621.885883768: grid210x_device byte send 00 eoi 0
+5621.885912768: grid210x_device byte send 00 eoi 0
+5621.885941769: grid210x_device byte send 00 eoi 0
+5621.886114773: grid210x_device byte send 00 eoi 0
+5621.886152774: grid210x_device byte send 00 eoi 0
+5621.886184775: grid210x_device byte send 00 eoi 0
+5621.886469782: grid210x_device byte send 00 eoi 0
+5621.886516783: grid210x_device byte send 00 eoi 0
+5621.886548784: grid210x_device byte send 00 eoi 0
+5621.886579785: grid210x_device byte send 00 eoi 0
+5621.886611786: grid210x_device byte send 00 eoi 0
+5621.886642786: grid210x_device byte send 00 eoi 0
+5621.886670787: grid210x_device byte send 00 eoi 0
+5621.886699788: grid210x_device byte send 00 eoi 0
+5621.886730789: grid210x_device byte send 00 eoi 0
+5621.886760789: grid210x_device byte send 00 eoi 0
+5621.886790790: grid210x_device byte send 00 eoi 0
+5621.886819791: grid210x_device byte send 00 eoi 0
+5621.886850792: grid210x_device byte send 00 eoi 0
+5621.886880792: grid210x_device byte send 00 eoi 0
+5621.886909793: grid210x_device byte send 00 eoi 0
+5621.886938794: grid210x_device byte send 00 eoi 0
+5621.886967794: grid210x_device byte send 00 eoi 0
+5621.886999795: grid210x_device byte send 00 eoi 0
+5621.887220801: grid210x_device byte send 00 eoi 0
+5621.887261802: grid210x_device byte send 00 eoi 0
+5621.887293803: grid210x_device byte send 00 eoi 0
+5621.887323803: grid210x_device byte send 00 eoi 0
+5621.887354804: grid210x_device byte send 00 eoi 0
+5621.887384805: grid210x_device byte send 00 eoi 0
+5621.887413805: grid210x_device byte send 00 eoi 0
+5621.887442806: grid210x_device byte send 00 eoi 0
+5621.887471807: grid210x_device byte send 00 eoi 0
+5621.887503808: grid210x_device byte send 00 eoi 0
+5621.887533808: grid210x_device byte send 00 eoi 0
+5621.887563809: grid210x_device byte send 00 eoi 0
+5621.887592810: grid210x_device byte send 00 eoi 0
+5621.887624811: grid210x_device byte send 00 eoi 0
+5621.887654811: grid210x_device byte send 00 eoi 0
+5621.887683812: grid210x_device byte send 00 eoi 0
+5621.887712813: grid210x_device byte send 00 eoi 0
+5621.887743814: grid210x_device byte send 00 eoi 0
+5621.887773814: grid210x_device byte send 00 eoi 0
+5621.887801815: grid210x_device byte send 00 eoi 0
+5621.887831816: grid210x_device byte send 00 eoi 0
+5621.887862817: grid210x_device byte send 00 eoi 0
+5621.887892817: grid210x_device byte send 00 eoi 0
+5621.887921818: grid210x_device byte send 00 eoi 0
+5621.887950819: grid210x_device byte send 00 eoi 0
+5621.887981820: grid210x_device byte send 00 eoi 0
+5621.888010820: grid210x_device byte send 00 eoi 0
+5621.888040821: grid210x_device byte send 00 eoi 0
+5621.888069822: grid210x_device byte send 00 eoi 0
+5621.888099822: grid210x_device byte send 00 eoi 0
+5621.888273827: grid210x_device byte send 00 eoi 0
+5621.888309828: grid210x_device byte send 00 eoi 0
+5621.888341828: grid210x_device byte send 00 eoi 0
+5621.888374829: grid210x_device byte send 00 eoi 0
+5621.888405830: grid210x_device byte send 00 eoi 0
+5621.888435831: grid210x_device byte send 00 eoi 0
+5621.888464831: grid210x_device byte send 00 eoi 0
+5621.888497832: grid210x_device byte send 00 eoi 0
+5621.888527833: grid210x_device byte send 00 eoi 0
+5621.888556834: grid210x_device byte send 00 eoi 0
+5621.888586834: grid210x_device byte send 00 eoi 0
+5621.888617835: grid210x_device byte send 00 eoi 0
+5621.888647836: grid210x_device byte send 00 eoi 0
+5621.888677837: grid210x_device byte send 00 eoi 0
+5621.888706837: grid210x_device byte send 00 eoi 0
+5621.888737838: grid210x_device byte send 00 eoi 0
+5621.888767839: grid210x_device byte send 00 eoi 0
+5621.888797840: grid210x_device byte send 00 eoi 0
+5621.888826840: grid210x_device byte send 00 eoi 0
+5621.888858841: grid210x_device byte send 00 eoi 0
+5621.888887842: grid210x_device byte send 00 eoi 0
+5621.888917843: grid210x_device byte send 00 eoi 0
+5621.888947843: grid210x_device byte send 00 eoi 0
+5621.888978844: grid210x_device byte send 00 eoi 0
+5621.889008845: grid210x_device byte send 00 eoi 0
+5621.889038846: grid210x_device byte send 00 eoi 0
+5621.889067846: grid210x_device byte send 00 eoi 0
+5621.889097847: grid210x_device byte send 00 eoi 0
+5621.889128848: grid210x_device byte send 00 eoi 0
+5621.889280852: grid210x_device byte send 00 eoi 0
+5621.889328853: grid210x_device byte send 00 eoi 0
+5621.889603860: grid210x_device byte send 00 eoi 0
+5621.889642861: grid210x_device byte send 00 eoi 0
+5621.889673861: grid210x_device byte send 00 eoi 0
+5621.889704862: grid210x_device byte send 00 eoi 0
+5621.889736863: grid210x_device byte send 00 eoi 0
+5621.889767864: grid210x_device byte send 00 eoi 0
+5621.889796864: grid210x_device byte send 00 eoi 0
+5621.889826865: grid210x_device byte send 00 eoi 0
+5621.889860866: grid210x_device byte send 00 eoi 0
+5621.889890867: grid210x_device byte send 00 eoi 0
+5621.889920867: grid210x_device byte send 00 eoi 0
+5621.889949868: grid210x_device byte send 00 eoi 0
+5621.889981869: grid210x_device byte send 00 eoi 0
+5621.890195874: grid210x_device byte send 00 eoi 0
+5621.890411880: grid210x_device byte send 00 eoi 0
+5621.890448881: grid210x_device byte send 00 eoi 0
+5621.890481881: grid210x_device byte send 00 eoi 0
+5621.890512882: grid210x_device byte send 00 eoi 0
+5621.890541883: grid210x_device byte send 00 eoi 0
+5621.890571884: grid210x_device byte send 00 eoi 0
+5621.890603884: grid210x_device byte send 00 eoi 0
+5621.890633885: grid210x_device byte send 00 eoi 0
+5621.890662886: grid210x_device byte send 00 eoi 0
+5621.890691887: grid210x_device byte send 00 eoi 0
+5621.890721887: grid210x_device byte send 00 eoi 0
+5621.890752888: grid210x_device byte send 00 eoi 0
+5621.890781889: grid210x_device byte send 00 eoi 0
+5621.890811889: grid210x_device byte send 00 eoi 0
+5621.890840890: grid210x_device byte send 00 eoi 0
+5621.890872891: grid210x_device byte send 00 eoi 0
+5621.890902892: grid210x_device byte send 00 eoi 0
+5621.890931892: grid210x_device byte send 00 eoi 0
+5621.890961893: grid210x_device byte send 00 eoi 0
+5621.890991894: grid210x_device byte send 00 eoi 0
+5621.891021895: grid210x_device byte send 00 eoi 0
+5621.891051895: grid210x_device byte send 00 eoi 0
+5621.891081896: grid210x_device byte send 00 eoi 0
+5621.891112897: grid210x_device byte send 00 eoi 0
+5621.891142898: grid210x_device byte send 00 eoi 0
+5621.891171898: grid210x_device byte send 00 eoi 0
+5621.891200899: grid210x_device byte send 00 eoi 0
+5621.891231900: grid210x_device byte send 00 eoi 0
+5621.891261901: grid210x_device byte send 00 eoi 0
+5621.891514907: grid210x_device byte send 00 eoi 0
+5621.891563908: grid210x_device byte send 00 eoi 0
+5621.891600909: grid210x_device byte send 00 eoi 0
+5621.891631910: grid210x_device byte send 00 eoi 0
+5621.891661910: grid210x_device byte send 00 eoi 0
+5621.891691911: grid210x_device byte send 00 eoi 0
+5621.891720912: grid210x_device byte send 00 eoi 0
+5621.891752913: grid210x_device byte send 00 eoi 0
+5621.891781913: grid210x_device byte send 00 eoi 0
+5621.891811914: grid210x_device byte send 00 eoi 0
+5621.891841915: grid210x_device byte send 00 eoi 0
+5621.891873916: grid210x_device byte send 00 eoi 0
+5621.891903916: grid210x_device byte send 00 eoi 0
+5621.891932917: grid210x_device byte send 00 eoi 0
+5621.891961918: grid210x_device byte send 00 eoi 0
+5621.891992919: grid210x_device byte send 00 eoi 0
+5621.892021919: grid210x_device byte send 00 eoi 0
+5621.892051920: grid210x_device byte send 00 eoi 0
+5621.892080921: grid210x_device byte send 00 eoi 0
+5621.892111922: grid210x_device byte send 00 eoi 0
+5621.892141922: grid210x_device byte send 00 eoi 0
+5621.892170923: grid210x_device byte send 00 eoi 0
+5621.892199924: grid210x_device byte send 00 eoi 0
+5621.892231925: grid210x_device byte send 00 eoi 0
+5621.892260925: grid210x_device byte send 00 eoi 0
+5621.892289926: grid210x_device byte send 00 eoi 0
+5621.892318927: grid210x_device byte send 00 eoi 0
+5621.892349928: grid210x_device byte send 00 eoi 0
+5621.892379928: grid210x_device byte send 00 eoi 0
+5621.892559933: grid210x_device byte send 00 eoi 0
+5621.892595934: grid210x_device byte send 00 eoi 0
+5621.892630934: grid210x_device byte send 00 eoi 0
+5621.892662935: grid210x_device byte send 00 eoi 0
+5621.892691936: grid210x_device byte send 00 eoi 0
+5621.892721937: grid210x_device byte send 00 eoi 0
+5621.892752937: grid210x_device byte send 00 eoi 0
+5621.893082946: grid210x_device byte send 00 eoi 0
+5621.893125947: grid210x_device byte send 00 eoi 0
+5621.893157947: grid210x_device byte send 00 eoi 0
+5621.893186948: grid210x_device byte send 00 eoi 0
+5621.893215949: grid210x_device byte send 00 eoi 0
+5621.893248950: grid210x_device byte send 00 eoi 0
+5621.893278950: grid210x_device byte send 00 eoi 0
+5621.893308951: grid210x_device byte send 00 eoi 0
+5621.893337952: grid210x_device byte send 00 eoi 0
+5621.893381953: grid210x_device byte send 00 eoi 0
+5621.893414954: grid210x_device byte send 00 eoi 0
+5621.893444955: grid210x_device byte send 00 eoi 0
+5621.893673960: grid210x_device byte send 00 eoi 0
+5621.893708961: grid210x_device byte send 00 eoi 0
+5621.893741962: grid210x_device byte send 00 eoi 0
+5621.893771963: grid210x_device byte send 00 eoi 0
+5621.893800963: grid210x_device byte send 00 eoi 0
+5621.893830964: grid210x_device byte send 00 eoi 0
+5621.893860965: grid210x_device byte send 00 eoi 0
+5621.893890966: grid210x_device byte send 00 eoi 0
+5621.893920966: grid210x_device byte send 00 eoi 0
+5621.893949967: grid210x_device byte send 00 eoi 0
+5621.893981968: grid210x_device byte send 00 eoi 0
+5621.894010969: grid210x_device byte send 00 eoi 0
+5621.894040969: grid210x_device byte send 00 eoi 0
+5621.894069970: grid210x_device byte send 00 eoi 0
+5621.894100971: grid210x_device byte send 00 eoi 0
+5621.894130972: grid210x_device byte send 00 eoi 0
+5621.894159972: grid210x_device byte send 00 eoi 0
+5621.894188973: grid210x_device byte send 00 eoi 0
+5621.894218974: grid210x_device byte send 00 eoi 0
+5621.894248974: grid210x_device byte send 00 eoi 0
+5621.894278975: grid210x_device byte send 00 eoi 0
+5621.894308976: grid210x_device byte send 00 eoi 0
+5621.894337977: grid210x_device byte send 00 eoi 0
+5621.894368977: grid210x_device byte send 00 eoi 0
+5621.894398978: grid210x_device byte send 00 eoi 0
+5621.894428979: grid210x_device byte send 00 eoi 0
+5621.894457980: grid210x_device byte send 00 eoi 0
+5621.894488980: grid210x_device byte send 00 eoi 0
+5621.894517981: grid210x_device byte send 00 eoi 0
+5621.894677985: grid210x_device byte send 00 eoi 0
+5621.894726986: grid210x_device byte send 00 eoi 0
+5621.894760987: grid210x_device byte send 00 eoi 0
+5621.894790988: grid210x_device byte send 00 eoi 0
+5621.894819989: grid210x_device byte send 00 eoi 0
+5621.894851989: grid210x_device byte send 00 eoi 0
+5621.894881990: grid210x_device byte send 00 eoi 0
+5621.894911991: grid210x_device byte send 00 eoi 0
+5621.894940992: grid210x_device byte send 00 eoi 0
+5621.894969992: grid210x_device byte send 00 eoi 0
+5621.895000993: grid210x_device byte send 00 eoi 0
+5621.895031994: grid210x_device byte send 00 eoi 0
+5621.895061995: grid210x_device byte send 00 eoi 0
+5621.895093995: grid210x_device byte send 00 eoi 0
+5621.895125996: grid210x_device byte send 00 eoi 0
+5621.895155997: grid210x_device byte send 00 eoi 0
+5621.895185998: grid210x_device byte send 00 eoi 0
+5621.895214998: grid210x_device byte send 00 eoi 0
+5621.895246999: grid210x_device byte send 00 eoi 0
+5621.895277000: grid210x_device byte send 00 eoi 0
+5621.895306001: grid210x_device byte send 00 eoi 1
+5621.895763012: grid210x_device byte recv 5f atn 1 eoi 0
+5621.895796013: grid210x_device now not talking
+5621.898247073: grid210x_device byte recv 25 atn 1 eoi 0
+5621.898284074: grid210x_device now listening
+5621.919721604: grid210x_device byte recv 14 atn 1 eoi 0
+5622.462766029: grid210x_device byte recv 26 atn 1 eoi 0
+5622.463959059: grid210x_device byte recv 01 atn 0 eoi 0
+5622.464145063: grid210x_device byte recv 00 atn 0 eoi 0
+5622.464178064: grid210x_device byte recv 00 atn 0 eoi 0
+5622.464204065: grid210x_device byte recv 00 atn 0 eoi 0
+5622.464228065: grid210x_device byte recv 00 atn 0 eoi 0
+5622.464255066: grid210x_device byte recv 00 atn 0 eoi 0
+5622.464279066: grid210x_device byte recv 00 atn 0 eoi 0
+5622.464303067: grid210x_device byte recv 34 atn 0 eoi 0
+5622.464325068: grid210x_device byte recv 00 atn 0 eoi 0
+5622.465419095: grid210x_device byte recv 00 atn 0 eoi 1
+5622.465468096: grid210x_device byte recv 3f atn 1 eoi 0
+5622.465488096: grid210x_device now not listening
+5622.465503097: grid210x_device command 1, data size 52, sector no 0
+5622.467330142: grid210x_device byte recv 46 atn 1 eoi 0
+5622.467425144: grid210x_device now not talking
+5627.595287876: grid210x_device byte recv 5f atn 1 eoi 0
+5627.595472881: grid210x_device now not talking
+5627.596842915: grid210x_device byte recv 14 atn 1 eoi 0
+5628.776357056: grid210x_device byte recv 14 atn 1 eoi 0
+5631.381233399: grid210x_device byte recv 14 atn 1 eoi 0
+5632.110207402: grid210x_device byte recv 25 atn 1 eoi 0
+5632.110261404: grid210x_device now listening
+5632.111406432: grid210x_device byte recv 01 atn 0 eoi 0
+5632.111449433: grid210x_device byte recv 00 atn 0 eoi 0
+5632.111475434: grid210x_device byte recv 00 atn 0 eoi 0
+5632.111499434: grid210x_device byte recv 00 atn 0 eoi 0
+5632.111525435: grid210x_device byte recv 00 atn 0 eoi 0
+5632.111548435: grid210x_device byte recv 00 atn 0 eoi 0
+5632.111572436: grid210x_device byte recv 00 atn 0 eoi 0
+5632.111595436: grid210x_device byte recv 34 atn 0 eoi 0
+5632.111618437: grid210x_device byte recv 00 atn 0 eoi 0
+5632.112712464: grid210x_device byte recv 00 atn 0 eoi 1
+5632.112874468: grid210x_device byte recv 3f atn 1 eoi 0
+5632.112905469: grid210x_device now not listening
+5632.112919469: grid210x_device command 1, data size 52, sector no 0
+5632.114978520: grid210x_device byte recv 45 atn 1 eoi 0
+5632.115019521: grid210x_device now talking
+5632.116201550: grid210x_device byte send 00 eoi 0
+5632.116643561: grid210x_device byte send 02 eoi 0
+5632.116677562: grid210x_device byte send f8 eoi 0
+5632.116707563: grid210x_device byte send 01 eoi 0
+5632.116736563: grid210x_device byte send d0 eoi 0
+5632.116767564: grid210x_device byte send 02 eoi 0
+5632.116797565: grid210x_device byte send 01 eoi 0
+5632.116826566: grid210x_device byte send 20 eoi 0
+5632.116854566: grid210x_device byte send 01 eoi 0
+5632.116886567: grid210x_device byte send 21 eoi 0
+5632.116914568: grid210x_device byte send 01 eoi 0
+5632.116944569: grid210x_device byte send 01 eoi 0
+5632.117115573: grid210x_device byte send 00 eoi 0
+5632.117156574: grid210x_device byte send 00 eoi 0
+5632.117187575: grid210x_device byte send 34 eoi 0
+5632.117216575: grid210x_device byte send 38 eoi 0
+5632.117245576: grid210x_device byte send 20 eoi 0
+5632.117275577: grid210x_device byte send 54 eoi 0
+5632.117304577: grid210x_device byte send 50 eoi 0
+5632.117333578: grid210x_device byte send 49 eoi 0
+5632.117361579: grid210x_device byte send 20 eoi 0
+5632.117391580: grid210x_device byte send 44 eoi 0
+5632.117419580: grid210x_device byte send 53 eoi 0
+5632.117447581: grid210x_device byte send 20 eoi 0
+5632.117476582: grid210x_device byte send 44 eoi 0
+5632.117506582: grid210x_device byte send 44 eoi 0
+5632.117534583: grid210x_device byte send 20 eoi 0
+5632.117562584: grid210x_device byte send 46 eoi 0
+5632.117590585: grid210x_device byte send 4c eoi 0
+5632.117618585: grid210x_device byte send 4f eoi 0
+5632.117647586: grid210x_device byte send 50 eoi 0
+5632.117676587: grid210x_device byte send 50 eoi 0
+5632.117704587: grid210x_device byte send 59 eoi 0
+5632.117733588: grid210x_device byte send 20 eoi 0
+5632.117763589: grid210x_device byte send 20 eoi 0
+5632.117792590: grid210x_device byte send 20 eoi 0
+5632.117820590: grid210x_device byte send 20 eoi 0
+5632.117847591: grid210x_device byte send 33 eoi 0
+5632.117875592: grid210x_device byte send 30 eoi 0
+5632.117905592: grid210x_device byte send 30 eoi 0
+5632.117934593: grid210x_device byte send 32 eoi 0
+5632.117962594: grid210x_device byte send 33 eoi 0
+5632.117990594: grid210x_device byte send 37 eoi 0
+5632.118150598: grid210x_device byte send 2d eoi 0
+5632.118192599: grid210x_device byte send 30 eoi 0
+5632.118223600: grid210x_device byte send 30 eoi 0
+5632.118253601: grid210x_device byte send 00 eoi 0
+5632.118284602: grid210x_device byte send 02 eoi 0
+5632.118314602: grid210x_device byte send 09 eoi 0
+5632.118683612: grid210x_device byte send 00 eoi 0
+5632.118723613: grid210x_device byte send 02 eoi 0
+5632.118755613: grid210x_device byte send 00 eoi 0
+5632.118785614: grid210x_device byte send 00 eoi 0
+5632.118817615: grid210x_device byte send 02 eoi 0
+5632.118851616: grid210x_device byte send f8 eoi 0
+5632.118887617: grid210x_device byte send 01 eoi 0
+5632.118919617: grid210x_device byte send d0 eoi 0
+5632.118954618: grid210x_device byte send 02 eoi 0
+5632.118987619: grid210x_device byte send 01 eoi 0
+5632.119021620: grid210x_device byte send 20 eoi 0
+5632.119055621: grid210x_device byte send 01 eoi 0
+5632.119303627: grid210x_device byte send 21 eoi 0
+5632.119343628: grid210x_device byte send 01 eoi 0
+5632.119378629: grid210x_device byte send 01 eoi 0
+5632.119411629: grid210x_device byte send 00 eoi 0
+5632.119446630: grid210x_device byte send 00 eoi 0
+5632.119480631: grid210x_device byte send 34 eoi 0
+5632.119514632: grid210x_device byte send 38 eoi 0
+5632.119547633: grid210x_device byte send 20 eoi 0
+5632.119581634: grid210x_device byte send 54 eoi 0
+5632.119615635: grid210x_device byte send 50 eoi 0
+5632.119649635: grid210x_device byte send 49 eoi 0
+5632.119684636: grid210x_device byte send 20 eoi 0
+5632.119716637: grid210x_device byte send 44 eoi 0
+5632.119751638: grid210x_device byte send 53 eoi 0
+5632.119785639: grid210x_device byte send 20 eoi 0
+5632.119820640: grid210x_device byte send 44 eoi 0
+5632.119853640: grid210x_device byte send 44 eoi 0
+5632.119888641: grid210x_device byte send 20 eoi 0
+5632.119920642: grid210x_device byte send 46 eoi 0
+5632.119955643: grid210x_device byte send 4c eoi 0
+5632.119988644: grid210x_device byte send 4f eoi 0
+5632.120087646: grid210x_device byte send 50 eoi 0
+5632.120125647: grid210x_device byte send 50 eoi 0
+5632.120161648: grid210x_device byte send 59 eoi 0
+5632.120329652: grid210x_device byte send 20 eoi 0
+5632.120370653: grid210x_device byte send 20 eoi 0
+5632.120404654: grid210x_device byte send 20 eoi 0
+5632.120434655: grid210x_device byte send 20 eoi 0
+5632.120467656: grid210x_device byte send 33 eoi 0
+5632.120502656: grid210x_device byte send 30 eoi 0
+5632.120536657: grid210x_device byte send 30 eoi 0
+5632.120569658: grid210x_device byte send 32 eoi 0
+5632.120603659: grid210x_device byte send 33 eoi 0
+5632.120639660: grid210x_device byte send 37 eoi 0
+5632.120671661: grid210x_device byte send 2d eoi 0
+5632.120703661: grid210x_device byte send 30 eoi 0
+5632.120902666: grid210x_device byte send 30 eoi 0
+5632.120935667: grid210x_device byte send 00 eoi 0
+5632.120968668: grid210x_device byte send 02 eoi 0
+5632.121003669: grid210x_device byte send 09 eoi 0
+5632.121037670: grid210x_device byte send 00 eoi 0
+5632.121071670: grid210x_device byte send 02 eoi 0
+5632.121104671: grid210x_device byte send 00 eoi 1
+5632.121525682: grid210x_device byte recv 5f atn 1 eoi 0
+5632.121556682: grid210x_device now not talking
+5632.760717467: grid210x_device byte recv 14 atn 1 eoi 0
+5633.290219542: grid210x_device byte recv 25 atn 1 eoi 0
+5633.290269543: grid210x_device now listening
+5633.291499573: grid210x_device byte recv 04 atn 0 eoi 0
+5633.291546574: grid210x_device byte recv 00 atn 0 eoi 0
+5633.291574575: grid210x_device byte recv 00 atn 0 eoi 0
+5633.291599576: grid210x_device byte recv 00 atn 0 eoi 0
+5633.291622576: grid210x_device byte recv 00 atn 0 eoi 0
+5633.291646577: grid210x_device byte recv 00 atn 0 eoi 0
+5633.291724579: grid210x_device byte recv 00 atn 0 eoi 0
+5633.291755580: grid210x_device byte recv 00 atn 0 eoi 0
+5633.291781580: grid210x_device byte recv 02 atn 0 eoi 0
+5633.292873607: grid210x_device byte recv 00 atn 0 eoi 1
+5633.292915608: grid210x_device byte recv 3f atn 1 eoi 0
+5633.292935609: grid210x_device now not listening
+5633.292947609: grid210x_device command 4, data size 512, sector no 0
+5633.393541093: grid210x_device byte recv 18 atn 1 eoi 0
+5633.393643095: grid210x_device byte recv 45 atn 1 eoi 0
+5633.393664096: grid210x_device now talking
+5633.393979104: grid210x_device byte send 4f eoi 0
+5633.394080106: grid210x_device byte recv 19 atn 1 eoi 0
+5633.394123107: grid210x_device byte recv 5f atn 1 eoi 0
+5633.394140108: grid210x_device now not talking
+5633.395101131: grid210x_device byte recv 45 atn 1 eoi 0
+5633.395126132: grid210x_device now talking
+5633.395940152: grid210x_device byte send 53 eoi 0
+5633.396386163: grid210x_device byte send 79 eoi 0
+5633.396419164: grid210x_device byte send 73 eoi 0
+5633.396449165: grid210x_device byte send 74 eoi 0
+5633.396478165: grid210x_device byte send 65 eoi 0
+5633.396506166: grid210x_device byte send 6d eoi 0
+5633.396535167: grid210x_device byte send 20 eoi 0
+5633.396565168: grid210x_device byte send 44 eoi 0
+5633.396594168: grid210x_device byte send 69 eoi 0
+5633.396622169: grid210x_device byte send 73 eoi 0
+5633.396650170: grid210x_device byte send 6b eoi 0
+5633.396681170: grid210x_device byte send 21 eoi 0
+5633.396709171: grid210x_device byte send 21 eoi 0
+5633.396738172: grid210x_device byte send 00 eoi 0
+5633.396769173: grid210x_device byte send 00 eoi 0
+5633.396801173: grid210x_device byte send 00 eoi 0
+5633.396831174: grid210x_device byte send 00 eoi 0
+5633.396860175: grid210x_device byte send 00 eoi 0
+5633.396890176: grid210x_device byte send 00 eoi 0
+5633.396921176: grid210x_device byte send 00 eoi 0
+5633.396951177: grid210x_device byte send 00 eoi 0
+5633.396981178: grid210x_device byte send 00 eoi 0
+5633.397010179: grid210x_device byte send 00 eoi 0
+5633.397042179: grid210x_device byte send 00 eoi 0
+5633.397071180: grid210x_device byte send 00 eoi 0
+5633.397101181: grid210x_device byte send 00 eoi 0
+5633.397130182: grid210x_device byte send 00 eoi 0
+5633.397159182: grid210x_device byte send 00 eoi 0
+5633.397191183: grid210x_device byte send 00 eoi 0
+5633.397221184: grid210x_device byte send 00 eoi 0
+5633.397250184: grid210x_device byte send 00 eoi 0
+5633.397279185: grid210x_device byte send 00 eoi 0
+5633.397311186: grid210x_device byte send 00 eoi 0
+5633.397341187: grid210x_device byte send 00 eoi 0
+5633.397370187: grid210x_device byte send 00 eoi 0
+5633.397400188: grid210x_device byte send 00 eoi 0
+5633.397431189: grid210x_device byte send 00 eoi 0
+5633.397460190: grid210x_device byte send 00 eoi 0
+5633.397490190: grid210x_device byte send 00 eoi 0
+5633.397519191: grid210x_device byte send 00 eoi 0
+5633.397551192: grid210x_device byte send 00 eoi 0
+5633.397580193: grid210x_device byte send 00 eoi 0
+5633.397609193: grid210x_device byte send 00 eoi 0
+5633.397639194: grid210x_device byte send 00 eoi 0
+5633.397670195: grid210x_device byte send 00 eoi 0
+5633.397700196: grid210x_device byte send 00 eoi 0
+5633.397729196: grid210x_device byte send 00 eoi 0
+5633.397758197: grid210x_device byte send 00 eoi 0
+5633.397789198: grid210x_device byte send 00 eoi 0
+5633.397819199: grid210x_device byte send 00 eoi 0
+5633.397848199: grid210x_device byte send 00 eoi 0
+5633.397877200: grid210x_device byte send 00 eoi 0
+5633.397905201: grid210x_device byte send 00 eoi 0
+5633.397938201: grid210x_device byte send 00 eoi 0
+5633.397968202: grid210x_device byte send 00 eoi 0
+5633.397997203: grid210x_device byte send 00 eoi 0
+5633.398027204: grid210x_device byte send 00 eoi 0
+5633.398058204: grid210x_device byte send 00 eoi 0
+5633.398088205: grid210x_device byte send 00 eoi 0
+5633.398118206: grid210x_device byte send 00 eoi 0
+5633.398147207: grid210x_device byte send 00 eoi 0
+5633.398180207: grid210x_device byte send 00 eoi 0
+5633.398210208: grid210x_device byte send 00 eoi 0
+5633.398239209: grid210x_device byte send 00 eoi 0
+5633.398270210: grid210x_device byte send 00 eoi 0
+5633.398301210: grid210x_device byte send 00 eoi 0
+5633.398331211: grid210x_device byte send 00 eoi 0
+5633.398361212: grid210x_device byte send 00 eoi 0
+5633.398390213: grid210x_device byte send 00 eoi 0
+5633.398422213: grid210x_device byte send 00 eoi 0
+5633.398451214: grid210x_device byte send 00 eoi 0
+5633.398480215: grid210x_device byte send 00 eoi 0
+5633.398510216: grid210x_device byte send 00 eoi 0
+5633.398813223: grid210x_device byte send 00 eoi 0
+5633.398855224: grid210x_device byte send 00 eoi 0
+5633.398887225: grid210x_device byte send 00 eoi 0
+5633.398921226: grid210x_device byte send 00 eoi 0
+5633.398951226: grid210x_device byte send 00 eoi 0
+5633.398980227: grid210x_device byte send 00 eoi 0
+5633.399010228: grid210x_device byte send 00 eoi 0
+5633.399041229: grid210x_device byte send 00 eoi 0
+5633.399071229: grid210x_device byte send 00 eoi 0
+5633.399100230: grid210x_device byte send 00 eoi 0
+5633.399129231: grid210x_device byte send 00 eoi 0
+5633.399158232: grid210x_device byte send 00 eoi 0
+5633.399190232: grid210x_device byte send 00 eoi 0
+5633.399220233: grid210x_device byte send 00 eoi 0
+5633.399249234: grid210x_device byte send 00 eoi 0
+5633.399278235: grid210x_device byte send 00 eoi 0
+5633.399310235: grid210x_device byte send 00 eoi 0
+5633.399340236: grid210x_device byte send 00 eoi 0
+5633.399369237: grid210x_device byte send 00 eoi 0
+5633.399398238: grid210x_device byte send 00 eoi 0
+5633.399429238: grid210x_device byte send 00 eoi 0
+5633.399458239: grid210x_device byte send 00 eoi 0
+5633.399486240: grid210x_device byte send 00 eoi 0
+5633.399515240: grid210x_device byte send 00 eoi 0
+5633.399546241: grid210x_device byte send 00 eoi 0
+5633.399575242: grid210x_device byte send 00 eoi 0
+5633.399605243: grid210x_device byte send 00 eoi 0
+5633.399634243: grid210x_device byte send 00 eoi 0
+5633.399665244: grid210x_device byte send 00 eoi 0
+5633.399695245: grid210x_device byte send 00 eoi 0
+5633.399725246: grid210x_device byte send 00 eoi 0
+5633.399755246: grid210x_device byte send 00 eoi 0
+5633.399784247: grid210x_device byte send 00 eoi 0
+5633.399816248: grid210x_device byte send 00 eoi 0
+5633.399845249: grid210x_device byte send 00 eoi 0
+5633.399874249: grid210x_device byte send 00 eoi 0
+5633.399903250: grid210x_device byte send 00 eoi 0
+5633.399936251: grid210x_device byte send 00 eoi 0
+5633.399965252: grid210x_device byte send 00 eoi 0
+5633.399994252: grid210x_device byte send 00 eoi 0
+5633.400535266: grid210x_device byte send 00 eoi 0
+5633.400578267: grid210x_device byte send 00 eoi 0
+5633.400610267: grid210x_device byte send 00 eoi 0
+5633.400639268: grid210x_device byte send 00 eoi 0
+5633.400671269: grid210x_device byte send 00 eoi 0
+5633.400700270: grid210x_device byte send 00 eoi 0
+5633.400730270: grid210x_device byte send 00 eoi 0
+5633.400759271: grid210x_device byte send 00 eoi 0
+5633.400790272: grid210x_device byte send 00 eoi 0
+5633.400820273: grid210x_device byte send 00 eoi 0
+5633.400849273: grid210x_device byte send 00 eoi 0
+5633.400879274: grid210x_device byte send 00 eoi 0
+5633.400908275: grid210x_device byte send 00 eoi 0
+5633.400941276: grid210x_device byte send 00 eoi 0
+5633.400970276: grid210x_device byte send 00 eoi 0
+5633.400999277: grid210x_device byte send 00 eoi 0
+5633.401029278: grid210x_device byte send 00 eoi 0
+5633.401060279: grid210x_device byte send 00 eoi 0
+5633.401090279: grid210x_device byte send 00 eoi 0
+5633.401120280: grid210x_device byte send 00 eoi 0
+5633.401149281: grid210x_device byte send 00 eoi 0
+5633.401179282: grid210x_device byte send 00 eoi 0
+5633.401209282: grid210x_device byte send 00 eoi 0
+5633.401238283: grid210x_device byte send 00 eoi 0
+5633.401267284: grid210x_device byte send 00 eoi 0
+5633.401298284: grid210x_device byte send 00 eoi 0
+5633.401327285: grid210x_device byte send 00 eoi 0
+5633.401357286: grid210x_device byte send 00 eoi 0
+5633.401386287: grid210x_device byte send 00 eoi 0
+5633.401582291: grid210x_device byte send 00 eoi 0
+5633.401626293: grid210x_device byte send 00 eoi 0
+5633.401658293: grid210x_device byte send 00 eoi 0
+5633.401691294: grid210x_device byte send 00 eoi 0
+5633.401721295: grid210x_device byte send 00 eoi 0
+5633.401750296: grid210x_device byte send 00 eoi 0
+5633.401780296: grid210x_device byte send 00 eoi 0
+5633.401812297: grid210x_device byte send 00 eoi 0
+5633.401842298: grid210x_device byte send 00 eoi 0
+5633.401872299: grid210x_device byte send 00 eoi 0
+5633.402192307: grid210x_device byte send 00 eoi 0
+5633.402232308: grid210x_device byte send 00 eoi 0
+5633.402264308: grid210x_device byte send 00 eoi 0
+5633.402295309: grid210x_device byte send 00 eoi 0
+5633.402326310: grid210x_device byte send 00 eoi 0
+5633.402356311: grid210x_device byte send 00 eoi 0
+5633.402385311: grid210x_device byte send 00 eoi 0
+5633.402417312: grid210x_device byte send 00 eoi 0
+5633.402446313: grid210x_device byte send 00 eoi 0
+5633.402475314: grid210x_device byte send 00 eoi 0
+5633.402700319: grid210x_device byte send 00 eoi 0
+5633.402737320: grid210x_device byte send 00 eoi 0
+5633.402768321: grid210x_device byte send 00 eoi 0
+5633.402800322: grid210x_device byte send 00 eoi 0
+5633.402830322: grid210x_device byte send 00 eoi 0
+5633.402860323: grid210x_device byte send 00 eoi 0
+5633.402889324: grid210x_device byte send 00 eoi 0
+5633.402922325: grid210x_device byte send 00 eoi 0
+5633.402952325: grid210x_device byte send 00 eoi 0
+5633.402981326: grid210x_device byte send 00 eoi 0
+5633.403011327: grid210x_device byte send 00 eoi 0
+5633.403042328: grid210x_device byte send 00 eoi 0
+5633.403072328: grid210x_device byte send 00 eoi 0
+5633.403101329: grid210x_device byte send 00 eoi 0
+5633.403131330: grid210x_device byte send 00 eoi 0
+5633.403160330: grid210x_device byte send 00 eoi 0
+5633.403191331: grid210x_device byte send 00 eoi 0
+5633.403221332: grid210x_device byte send 00 eoi 0
+5633.403250333: grid210x_device byte send 00 eoi 0
+5633.403280333: grid210x_device byte send 00 eoi 0
+5633.403312334: grid210x_device byte send 00 eoi 0
+5633.403342335: grid210x_device byte send 00 eoi 0
+5633.403371336: grid210x_device byte send 00 eoi 0
+5633.403400336: grid210x_device byte send 00 eoi 0
+5633.403431337: grid210x_device byte send 00 eoi 0
+5633.403461338: grid210x_device byte send 00 eoi 0
+5633.403490339: grid210x_device byte send 00 eoi 0
+5633.403522339: grid210x_device byte send 00 eoi 0
+5633.403553340: grid210x_device byte send 00 eoi 0
+5633.403831347: grid210x_device byte send 00 eoi 0
+5633.403890348: grid210x_device byte send 00 eoi 0
+5633.403926349: grid210x_device byte send 00 eoi 0
+5633.403957350: grid210x_device byte send 00 eoi 0
+5633.403988351: grid210x_device byte send 00 eoi 0
+5633.404018352: grid210x_device byte send 00 eoi 0
+5633.404050352: grid210x_device byte send 00 eoi 0
+5633.404080353: grid210x_device byte send 00 eoi 0
+5633.404109354: grid210x_device byte send 00 eoi 0
+5633.404139355: grid210x_device byte send 00 eoi 0
+5633.404170355: grid210x_device byte send 00 eoi 0
+5633.404200356: grid210x_device byte send 00 eoi 0
+5633.404230357: grid210x_device byte send 00 eoi 0
+5633.404259358: grid210x_device byte send 00 eoi 0
+5633.404423362: grid210x_device byte send 00 eoi 0
+5633.404452362: grid210x_device byte send 00 eoi 0
+5633.404482363: grid210x_device byte send 00 eoi 0
+5633.404511364: grid210x_device byte send 00 eoi 0
+5633.404542365: grid210x_device byte send 00 eoi 0
+5633.404572365: grid210x_device byte send 00 eoi 0
+5633.404601366: grid210x_device byte send 00 eoi 0
+5633.404630367: grid210x_device byte send 00 eoi 0
+5633.404660367: grid210x_device byte send 00 eoi 0
+5633.404691368: grid210x_device byte send 00 eoi 0
+5633.404864372: grid210x_device byte send 00 eoi 0
+5633.404910374: grid210x_device byte send 00 eoi 0
+5633.404945374: grid210x_device byte send 00 eoi 0
+5633.404976375: grid210x_device byte send 00 eoi 0
+5633.405005376: grid210x_device byte send 00 eoi 0
+5633.405035377: grid210x_device byte send 00 eoi 0
+5633.405066377: grid210x_device byte send 00 eoi 0
+5633.405096378: grid210x_device byte send 00 eoi 0
+5633.405125379: grid210x_device byte send 00 eoi 0
+5633.405155380: grid210x_device byte send 00 eoi 0
+5633.405187380: grid210x_device byte send 00 eoi 0
+5633.405216381: grid210x_device byte send 00 eoi 0
+5633.405245382: grid210x_device byte send 00 eoi 0
+5633.405275383: grid210x_device byte send 00 eoi 0
+5633.405306383: grid210x_device byte send 00 eoi 0
+5633.405335384: grid210x_device byte send 00 eoi 0
+5633.405631391: grid210x_device byte send 00 eoi 0
+5633.405672392: grid210x_device byte send 00 eoi 0
+5633.405704393: grid210x_device byte send 00 eoi 0
+5633.405734394: grid210x_device byte send 00 eoi 0
+5633.405764395: grid210x_device byte send 00 eoi 0
+5633.405995400: grid210x_device byte send 00 eoi 0
+5633.406031401: grid210x_device byte send 00 eoi 0
+5633.406066402: grid210x_device byte send 00 eoi 0
+5633.406095403: grid210x_device byte send 00 eoi 0
+5633.406125404: grid210x_device byte send 00 eoi 0
+5633.406154404: grid210x_device byte send 00 eoi 0
+5633.406186405: grid210x_device byte send 00 eoi 0
+5633.406216406: grid210x_device byte send 00 eoi 0
+5633.406245407: grid210x_device byte send 00 eoi 0
+5633.406274407: grid210x_device byte send 00 eoi 0
+5633.406305408: grid210x_device byte send 00 eoi 0
+5633.406335409: grid210x_device byte send 00 eoi 0
+5633.406365410: grid210x_device byte send 00 eoi 0
+5633.406395410: grid210x_device byte send 00 eoi 0
+5633.406426411: grid210x_device byte send 00 eoi 0
+5633.406455412: grid210x_device byte send 00 eoi 0
+5633.406485413: grid210x_device byte send 00 eoi 0
+5633.406514413: grid210x_device byte send 00 eoi 0
+5633.406545414: grid210x_device byte send 00 eoi 0
+5633.406574415: grid210x_device byte send 00 eoi 0
+5633.406604415: grid210x_device byte send 00 eoi 0
+5633.406633416: grid210x_device byte send 00 eoi 0
+5633.406663417: grid210x_device byte send 00 eoi 0
+5633.406693418: grid210x_device byte send 00 eoi 0
+5633.406723418: grid210x_device byte send 00 eoi 0
+5633.406752419: grid210x_device byte send 00 eoi 0
+5633.406781420: grid210x_device byte send 00 eoi 0
+5633.406813421: grid210x_device byte send 00 eoi 0
+5633.406842421: grid210x_device byte send 00 eoi 0
+5633.406872422: grid210x_device byte send 00 eoi 0
+5633.407044426: grid210x_device byte send 00 eoi 0
+5633.407081427: grid210x_device byte send 00 eoi 0
+5633.407112428: grid210x_device byte send 00 eoi 0
+5633.407142429: grid210x_device byte send 00 eoi 0
+5633.407174430: grid210x_device byte send 00 eoi 0
+5633.407203430: grid210x_device byte send 00 eoi 0
+5633.407232431: grid210x_device byte send 00 eoi 0
+5633.407262432: grid210x_device byte send 00 eoi 0
+5633.407293432: grid210x_device byte send 00 eoi 0
+5633.407323433: grid210x_device byte send 00 eoi 0
+5633.407351434: grid210x_device byte send 00 eoi 0
+5633.407381435: grid210x_device byte send 00 eoi 0
+5633.407410435: grid210x_device byte send 00 eoi 0
+5633.407441436: grid210x_device byte send 00 eoi 0
+5633.407471437: grid210x_device byte send 00 eoi 0
+5633.407501438: grid210x_device byte send 00 eoi 0
+5633.407531438: grid210x_device byte send 00 eoi 0
+5633.407563439: grid210x_device byte send 00 eoi 0
+5633.407592440: grid210x_device byte send 00 eoi 0
+5633.407621441: grid210x_device byte send 00 eoi 0
+5633.407650441: grid210x_device byte send 00 eoi 0
+5633.407681442: grid210x_device byte send 00 eoi 0
+5633.407710443: grid210x_device byte send 00 eoi 0
+5633.407740444: grid210x_device byte send 00 eoi 0
+5633.407769444: grid210x_device byte send 00 eoi 0
+5633.407801445: grid210x_device byte send 00 eoi 0
+5633.407831446: grid210x_device byte send 00 eoi 0
+5633.407860446: grid210x_device byte send 00 eoi 0
+5633.407888447: grid210x_device byte send 00 eoi 0
+5633.407920448: grid210x_device byte send 00 eoi 0
+5633.408097452: grid210x_device byte send 00 eoi 0
+5633.408134453: grid210x_device byte send 00 eoi 0
+5633.408168454: grid210x_device byte send 00 eoi 0
+5633.408199455: grid210x_device byte send 00 eoi 0
+5633.408229456: grid210x_device byte send 00 eoi 0
+5633.408258456: grid210x_device byte send 00 eoi 0
+5633.408288457: grid210x_device byte send 00 eoi 0
+5633.408318458: grid210x_device byte send 00 eoi 0
+5633.408348459: grid210x_device byte send 00 eoi 0
+5633.408377459: grid210x_device byte send 00 eoi 0
+5633.408406460: grid210x_device byte send 00 eoi 0
+5633.408438461: grid210x_device byte send 00 eoi 0
+5633.408468461: grid210x_device byte send 00 eoi 0
+5633.408735468: grid210x_device byte send 00 eoi 0
+5633.408789469: grid210x_device byte send 00 eoi 0
+5633.408822470: grid210x_device byte send 00 eoi 0
+5633.408852471: grid210x_device byte send 00 eoi 0
+5633.408881472: grid210x_device byte send 00 eoi 0
+5633.408910472: grid210x_device byte send 00 eoi 0
+5633.408943473: grid210x_device byte send 00 eoi 0
+5633.408973474: grid210x_device byte send 00 eoi 0
+5633.409207480: grid210x_device byte send 00 eoi 0
+5633.409250481: grid210x_device byte send 00 eoi 0
+5633.409282482: grid210x_device byte send 00 eoi 0
+5633.409316482: grid210x_device byte send 00 eoi 0
+5633.409346483: grid210x_device byte send 00 eoi 0
+5633.409376484: grid210x_device byte send 00 eoi 0
+5633.409405485: grid210x_device byte send 00 eoi 0
+5633.409437485: grid210x_device byte send 00 eoi 0
+5633.409467486: grid210x_device byte send 00 eoi 0
+5633.409496487: grid210x_device byte send 00 eoi 0
+5633.409526488: grid210x_device byte send 00 eoi 0
+5633.409556488: grid210x_device byte send 00 eoi 0
+5633.409586489: grid210x_device byte send 00 eoi 0
+5633.409616490: grid210x_device byte send 00 eoi 0
+5633.409645491: grid210x_device byte send 00 eoi 0
+5633.409676491: grid210x_device byte send 00 eoi 0
+5633.409705492: grid210x_device byte send 00 eoi 0
+5633.409735493: grid210x_device byte send 00 eoi 0
+5633.409764493: grid210x_device byte send 00 eoi 0
+5633.409795494: grid210x_device byte send 00 eoi 0
+5633.409824495: grid210x_device byte send 00 eoi 0
+5633.409853496: grid210x_device byte send 00 eoi 0
+5633.409883496: grid210x_device byte send 00 eoi 0
+5633.409913497: grid210x_device byte send 00 eoi 0
+5633.409944498: grid210x_device byte send 00 eoi 0
+5633.409974499: grid210x_device byte send 00 eoi 0
+5633.410269506: grid210x_device byte send 00 eoi 0
+5633.410331507: grid210x_device byte send 00 eoi 0
+5633.410365508: grid210x_device byte send 00 eoi 0
+5633.410396509: grid210x_device byte send 00 eoi 0
+5633.410427510: grid210x_device byte send 00 eoi 0
+5633.410456511: grid210x_device byte send 00 eoi 0
+5633.410486511: grid210x_device byte send 00 eoi 0
+5633.410515512: grid210x_device byte send 00 eoi 0
+5633.410546513: grid210x_device byte send 00 eoi 0
+5633.410575514: grid210x_device byte send 00 eoi 0
+5633.410605514: grid210x_device byte send 00 eoi 0
+5633.410634515: grid210x_device byte send 00 eoi 0
+5633.410678516: grid210x_device byte send 00 eoi 0
+5633.410711517: grid210x_device byte send 00 eoi 0
+5633.410742518: grid210x_device byte send 00 eoi 0
+5633.410771518: grid210x_device byte send 00 eoi 0
+5633.410802519: grid210x_device byte send 00 eoi 0
+5633.410833520: grid210x_device byte send 00 eoi 0
+5633.410862521: grid210x_device byte send 00 eoi 0
+5633.410891521: grid210x_device byte send 00 eoi 0
+5633.410924522: grid210x_device byte send 00 eoi 0
+5633.410953523: grid210x_device byte send 00 eoi 0
+5633.410983524: grid210x_device byte send 00 eoi 0
+5633.411013524: grid210x_device byte send 00 eoi 0
+5633.411044525: grid210x_device byte send 00 eoi 0
+5633.411074526: grid210x_device byte send 00 eoi 0
+5633.411104527: grid210x_device byte send 00 eoi 0
+5633.411133527: grid210x_device byte send 00 eoi 0
+5633.411162528: grid210x_device byte send 00 eoi 0
+5633.411330532: grid210x_device byte send 00 eoi 0
+5633.411377533: grid210x_device byte send 00 eoi 0
+5633.411409534: grid210x_device byte send 00 eoi 0
+5633.411442535: grid210x_device byte send 00 eoi 0
+5633.411473536: grid210x_device byte send 00 eoi 0
+5633.411502536: grid210x_device byte send 00 eoi 0
+5633.411531537: grid210x_device byte send 00 eoi 0
+5633.411563538: grid210x_device byte send 00 eoi 0
+5633.411592539: grid210x_device byte send 00 eoi 0
+5633.411621539: grid210x_device byte send 00 eoi 0
+5633.411650540: grid210x_device byte send 00 eoi 0
+5633.411736542: grid210x_device byte send 00 eoi 0
+5633.411774543: grid210x_device byte send 00 eoi 0
+5633.411843545: grid210x_device byte send 00 eoi 0
+5633.411879546: grid210x_device byte send 00 eoi 0
+5633.411909546: grid210x_device byte send 00 eoi 0
+5633.412243555: grid210x_device byte send 00 eoi 0
+5633.412485561: grid210x_device byte send 00 eoi 0
+5633.412522562: grid210x_device byte send 00 eoi 0
+5633.412556562: grid210x_device byte send 00 eoi 0
+5633.412586563: grid210x_device byte send 00 eoi 0
+5633.412617564: grid210x_device byte send 00 eoi 0
+5633.412646565: grid210x_device byte send 00 eoi 0
+5633.412677565: grid210x_device byte send 00 eoi 0
+5633.412706566: grid210x_device byte send 00 eoi 0
+5633.412736567: grid210x_device byte send 00 eoi 0
+5633.412766568: grid210x_device byte send 00 eoi 0
+5633.412797568: grid210x_device byte send 00 eoi 0
+5633.412827569: grid210x_device byte send 00 eoi 0
+5633.412856570: grid210x_device byte send 00 eoi 0
+5633.412886571: grid210x_device byte send 00 eoi 0
+5633.412917571: grid210x_device byte send 00 eoi 0
+5633.412947572: grid210x_device byte send 00 eoi 0
+5633.412976573: grid210x_device byte send 00 eoi 0
+5633.413006574: grid210x_device byte send 00 eoi 0
+5633.413035574: grid210x_device byte send 00 eoi 0
+5633.413066575: grid210x_device byte send 00 eoi 0
+5633.413096576: grid210x_device byte send 00 eoi 0
+5633.413125576: grid210x_device byte send 00 eoi 0
+5633.413154577: grid210x_device byte send 00 eoi 0
+5633.413187578: grid210x_device byte send 00 eoi 0
+5633.413217579: grid210x_device byte send 00 eoi 0
+5633.413245579: grid210x_device byte send 00 eoi 0
+5633.413274580: grid210x_device byte send 00 eoi 0
+5633.413306581: grid210x_device byte send 00 eoi 0
+5633.413335582: grid210x_device byte send 00 eoi 0
+5633.413489585: grid210x_device byte send 00 eoi 0
+5633.413536587: grid210x_device byte send 00 eoi 0
+5633.413572588: grid210x_device byte send 00 eoi 0
+5633.413603588: grid210x_device byte send 00 eoi 0
+5633.413632589: grid210x_device byte send 00 eoi 0
+5633.413664590: grid210x_device byte send 00 eoi 0
+5633.413694591: grid210x_device byte send 00 eoi 0
+5633.413724591: grid210x_device byte send 00 eoi 0
+5633.413754592: grid210x_device byte send 00 eoi 0
+5633.413783593: grid210x_device byte send 00 eoi 0
+5633.413816594: grid210x_device byte send 00 eoi 0
+5633.413845594: grid210x_device byte send 00 eoi 0
+5633.413875595: grid210x_device byte send 00 eoi 0
+5633.413904596: grid210x_device byte send 00 eoi 0
+5633.413937597: grid210x_device byte send 00 eoi 0
+5633.413967597: grid210x_device byte send 00 eoi 0
+5633.413998598: grid210x_device byte send 00 eoi 0
+5633.414027599: grid210x_device byte send 00 eoi 0
+5633.414059600: grid210x_device byte send 00 eoi 0
+5633.414090600: grid210x_device byte send 00 eoi 0
+5633.414119601: grid210x_device byte send 00 eoi 0
+5633.414148602: grid210x_device byte send 00 eoi 0
+5633.414179603: grid210x_device byte send 00 eoi 0
+5633.414209603: grid210x_device byte send 00 eoi 0
+5633.414238604: grid210x_device byte send 00 eoi 0
+5633.414268605: grid210x_device byte send 00 eoi 0
+5633.414299605: grid210x_device byte send 00 eoi 0
+5633.414328606: grid210x_device byte send 00 eoi 0
+5633.414357607: grid210x_device byte send 00 eoi 0
+5633.414387608: grid210x_device byte send 00 eoi 0
+5633.414567612: grid210x_device byte send 00 eoi 0
+5633.414620613: grid210x_device byte send 00 eoi 0
+5633.414653614: grid210x_device byte send 00 eoi 0
+5633.414687615: grid210x_device byte send 00 eoi 0
+5633.414718616: grid210x_device byte send 00 eoi 0
+5633.414747617: grid210x_device byte send 00 eoi 0
+5633.414776617: grid210x_device byte send 00 eoi 0
+5633.414808618: grid210x_device byte send 00 eoi 0
+5633.414838619: grid210x_device byte send 00 eoi 0
+5633.414867620: grid210x_device byte send 00 eoi 0
+5633.414896620: grid210x_device byte send 00 eoi 0
+5633.414928621: grid210x_device byte send 00 eoi 0
+5633.414958622: grid210x_device byte send 00 eoi 0
+5633.414987622: grid210x_device byte send 00 eoi 0
+5633.415015623: grid210x_device byte send 00 eoi 0
+5633.415047624: grid210x_device byte send 00 eoi 0
+5633.415077625: grid210x_device byte send 00 eoi 0
+5633.415106625: grid210x_device byte send 00 eoi 0
+5633.415135626: grid210x_device byte send 00 eoi 0
+5633.415425633: grid210x_device byte send 00 eoi 0
+5633.415464634: grid210x_device byte send 00 eoi 0
+5633.415679640: grid210x_device byte send 00 eoi 0
+5633.415722641: grid210x_device byte send 00 eoi 0
+5633.415755641: grid210x_device byte send 00 eoi 0
+5633.415785642: grid210x_device byte send 00 eoi 0
+5633.415817643: grid210x_device byte send 00 eoi 0
+5633.415846644: grid210x_device byte send 00 eoi 0
+5633.415876644: grid210x_device byte send 00 eoi 0
+5633.415904645: grid210x_device byte send 00 eoi 0
+5633.415937646: grid210x_device byte send 00 eoi 0
+5633.415968647: grid210x_device byte send 00 eoi 0
+5633.415997647: grid210x_device byte send 00 eoi 0
+5633.416026648: grid210x_device byte send 00 eoi 0
+5633.416057649: grid210x_device byte send 00 eoi 0
+5633.416088650: grid210x_device byte send 00 eoi 0
+5633.416117650: grid210x_device byte send 00 eoi 0
+5633.416147651: grid210x_device byte send 00 eoi 0
+5633.416177652: grid210x_device byte send 00 eoi 0
+5633.416207653: grid210x_device byte send 00 eoi 0
+5633.416236653: grid210x_device byte send 00 eoi 0
+5633.416265654: grid210x_device byte send 00 eoi 0
+5633.416296655: grid210x_device byte send 00 eoi 0
+5633.416325656: grid210x_device byte send 00 eoi 0
+5633.416354656: grid210x_device byte send 00 eoi 0
+5633.416383657: grid210x_device byte send 00 eoi 0
+5633.416414658: grid210x_device byte send 00 eoi 0
+5633.416443658: grid210x_device byte send 00 eoi 0
+5633.416473659: grid210x_device byte send 00 eoi 0
+5633.416503660: grid210x_device byte send 00 eoi 0
+5633.416532661: grid210x_device byte send 00 eoi 0
+5633.416564661: grid210x_device byte send 00 eoi 0
+5633.416735666: grid210x_device byte send 00 eoi 0
+5633.416777667: grid210x_device byte send 00 eoi 0
+5633.416813668: grid210x_device byte send 00 eoi 0
+5633.416843668: grid210x_device byte send 00 eoi 0
+5633.416873669: grid210x_device byte send 00 eoi 0
+5633.416902670: grid210x_device byte send 00 eoi 0
+5633.416934671: grid210x_device byte send 00 eoi 0
+5633.416965671: grid210x_device byte send 00 eoi 0
+5633.416995672: grid210x_device byte send 00 eoi 0
+5633.417024673: grid210x_device byte send 00 eoi 0
+5633.417055674: grid210x_device byte send 00 eoi 0
+5633.417085674: grid210x_device byte send 00 eoi 0
+5633.417115675: grid210x_device byte send 00 eoi 1
+5633.417545686: grid210x_device byte recv 5f atn 1 eoi 0
+5633.417564686: grid210x_device now not talking
+5633.420081748: grid210x_device byte recv 25 atn 1 eoi 0
+5633.420126749: grid210x_device now listening
+5633.421427781: grid210x_device byte recv 04 atn 0 eoi 0
+5633.421471783: grid210x_device byte recv 00 atn 0 eoi 0
+5633.421498783: grid210x_device byte recv 00 atn 0 eoi 0
+5633.421523784: grid210x_device byte recv 01 atn 0 eoi 0
+5633.421550785: grid210x_device byte recv 00 atn 0 eoi 0
+5633.421574785: grid210x_device byte recv 00 atn 0 eoi 0
+5633.421597786: grid210x_device byte recv 00 atn 0 eoi 0
+5633.421620786: grid210x_device byte recv 00 atn 0 eoi 0
+5633.421644787: grid210x_device byte recv 02 atn 0 eoi 0
+5633.422737814: grid210x_device byte recv 00 atn 0 eoi 1
+5633.422779815: grid210x_device byte recv 3f atn 1 eoi 0
+5633.422802815: grid210x_device now not listening
+5633.422815816: grid210x_device command 4, data size 512, sector no 1
+5633.523545303: grid210x_device byte recv 18 atn 1 eoi 0
+5633.523645306: grid210x_device byte recv 45 atn 1 eoi 0
+5633.523664306: grid210x_device now talking
+5633.523747308: grid210x_device byte send 4f eoi 0
+5633.523865311: grid210x_device byte recv 19 atn 1 eoi 0
+5633.523921312: grid210x_device byte recv 5f atn 1 eoi 0
+5633.523940313: grid210x_device now not talking
+5633.524895336: grid210x_device byte recv 45 atn 1 eoi 0
+5633.524913337: grid210x_device now talking
+5633.525731357: grid210x_device byte send 9a eoi 0
+5633.526181368: grid210x_device byte send 42 eoi 0
+5633.526211369: grid210x_device byte send 07 eoi 0
+5633.526244370: grid210x_device byte send 01 eoi 0
+5633.526273370: grid210x_device byte send 20 eoi 0
+5633.526303371: grid210x_device byte send 55 eoi 0
+5633.526650380: grid210x_device byte send b8 eoi 0
+5633.526694381: grid210x_device byte send 80 eoi 0
+5633.526724382: grid210x_device byte send 20 eoi 0
+5633.526753382: grid210x_device byte send 8e eoi 0
+5633.526781383: grid210x_device byte send d8 eoi 0
+5633.526812384: grid210x_device byte send bb eoi 0
+5633.526840384: grid210x_device byte send 08 eoi 0
+5633.526870385: grid210x_device byte send 00 eoi 0
+5633.526900386: grid210x_device byte send 58 eoi 0
+5633.526931387: grid210x_device byte send 59 eoi 0
+5633.526960387: grid210x_device byte send 89 eoi 0
+5633.526988388: grid210x_device byte send 0f eoi 0
+5633.527017389: grid210x_device byte send 89 eoi 0
+5633.527047390: grid210x_device byte send 47 eoi 0
+5633.527076390: grid210x_device byte send 02 eoi 0
+5633.527105391: grid210x_device byte send eb eoi 0
+5633.527133392: grid210x_device byte send e9 eoi 0
+5633.527161392: grid210x_device byte send 55 eoi 0
+5633.527191393: grid210x_device byte send 43 eoi 0
+5633.527219394: grid210x_device byte send 61 eoi 0
+5633.527247394: grid210x_device byte send 6e eoi 0
+5633.527275395: grid210x_device byte send 6e eoi 0
+5633.527304396: grid210x_device byte send 6f eoi 0
+5633.527332397: grid210x_device byte send 74 eoi 0
+5633.527360397: grid210x_device byte send 20 eoi 0
+5633.527388398: grid210x_device byte send 62 eoi 0
+5633.527419399: grid210x_device byte send 6f eoi 0
+5633.527447399: grid210x_device byte send 6f eoi 0
+5633.527475400: grid210x_device byte send 74 eoi 0
+5633.527504401: grid210x_device byte send 3a eoi 0
+5633.527531401: grid210x_device byte send 20 eoi 0
+5633.527562402: grid210x_device byte send 4d eoi 0
+5633.527591403: grid210x_device byte send 65 eoi 0
+5633.527619404: grid210x_device byte send 64 eoi 0
+5633.527647404: grid210x_device byte send 69 eoi 0
+5633.527677405: grid210x_device byte send 75 eoi 0
+5633.527705406: grid210x_device byte send 6d eoi 0
+5633.527734406: grid210x_device byte send 20 eoi 0
+5633.527762407: grid210x_device byte send 65 eoi 0
+5633.527791408: grid210x_device byte send 72 eoi 0
+5633.527820409: grid210x_device byte send 72 eoi 0
+5633.527848409: grid210x_device byte send 6f eoi 0
+5633.527875410: grid210x_device byte send 72 eoi 0
+5633.527903411: grid210x_device byte send 0d eoi 0
+5633.527935411: grid210x_device byte send 0a eoi 0
+5633.527965412: grid210x_device byte send 43 eoi 0
+5633.527994413: grid210x_device byte send 43 eoi 0
+5633.528021414: grid210x_device byte send 4f eoi 0
+5633.528052414: grid210x_device byte send 53 eoi 0
+5633.528080415: grid210x_device byte send 20 eoi 0
+5633.528108416: grid210x_device byte send 6e eoi 0
+5633.528136416: grid210x_device byte send 6f eoi 0
+5633.528164417: grid210x_device byte send 74 eoi 0
+5633.528194418: grid210x_device byte send 20 eoi 0
+5633.528222419: grid210x_device byte send 66 eoi 0
+5633.528250419: grid210x_device byte send 6f eoi 0
+5633.528278420: grid210x_device byte send 75 eoi 0
+5633.528307421: grid210x_device byte send 6e eoi 0
+5633.528335421: grid210x_device byte send 64 eoi 0
+5633.528363422: grid210x_device byte send 0d eoi 0
+5633.528393423: grid210x_device byte send 0a eoi 0
+5633.528424424: grid210x_device byte send 43 eoi 0
+5633.528452424: grid210x_device byte send 68 eoi 0
+5633.528481425: grid210x_device byte send 65 eoi 0
+5633.528510426: grid210x_device byte send 63 eoi 0
+5633.528538426: grid210x_device byte send 6b eoi 0
+5633.528568427: grid210x_device byte send 73 eoi 0
+5633.528596428: grid210x_device byte send 75 eoi 0
+5633.528624428: grid210x_device byte send 6d eoi 0
+5633.528652429: grid210x_device byte send 20 eoi 0
+5633.528681430: grid210x_device byte send 65 eoi 0
+5633.528710431: grid210x_device byte send 72 eoi 0
+5633.528738431: grid210x_device byte send 72 eoi 0
+5633.528766432: grid210x_device byte send 6f eoi 0
+5633.528796433: grid210x_device byte send 72 eoi 0
+5633.528824433: grid210x_device byte send 20 eoi 0
+5633.528853434: grid210x_device byte send 69 eoi 0
+5633.528880435: grid210x_device byte send 6e eoi 0
+5633.528908435: grid210x_device byte send 20 eoi 0
+5633.529131441: grid210x_device byte send 43 eoi 0
+5633.529171442: grid210x_device byte send 43 eoi 0
+5633.529202443: grid210x_device byte send 4f eoi 0
+5633.529230443: grid210x_device byte send 53 eoi 0
+5633.529259444: grid210x_device byte send 0d eoi 0
+5633.529289445: grid210x_device byte send 0a eoi 0
+5633.529321446: grid210x_device byte send 11 eoi 0
+5633.529352446: grid210x_device byte send 50 eoi 0
+5633.529381447: grid210x_device byte send 72 eoi 0
+5633.529409448: grid210x_device byte send 6f eoi 0
+5633.529439449: grid210x_device byte send 67 eoi 0
+5633.529468449: grid210x_device byte send 72 eoi 0
+5633.529497450: grid210x_device byte send 61 eoi 0
+5633.529524451: grid210x_device byte send 6d eoi 0
+5633.529554451: grid210x_device byte send 73 eoi 0
+5633.529582452: grid210x_device byte send 7e eoi 0
+5633.529611453: grid210x_device byte send 53 eoi 0
+5633.529639454: grid210x_device byte send 75 eoi 0
+5633.529669454: grid210x_device byte send 62 eoi 0
+5633.529698455: grid210x_device byte send 6a eoi 0
+5633.529727456: grid210x_device byte send 65 eoi 0
+5633.529755456: grid210x_device byte send 63 eoi 0
+5633.529783457: grid210x_device byte send 74 eoi 0
+5633.529812458: grid210x_device byte send 7e eoi 0
+5633.529841459: grid210x_device byte send 0c eoi 0
+5633.529872459: grid210x_device byte send 43 eoi 0
+5633.529899460: grid210x_device byte send 43 eoi 0
+5633.529931461: grid210x_device byte send 4f eoi 0
+5633.529959461: grid210x_device byte send 53 eoi 0
+5633.529987462: grid210x_device byte send 7e eoi 0
+5633.530537476: grid210x_device byte send 53 eoi 0
+5633.530592477: grid210x_device byte send 79 eoi 0
+5633.530623478: grid210x_device byte send 73 eoi 0
+5633.530653479: grid210x_device byte send 74 eoi 0
+5633.530684479: grid210x_device byte send 65 eoi 0
+5633.530713480: grid210x_device byte send 6d eoi 0
+5633.530741481: grid210x_device byte send 7e eoi 0
+5633.530769481: grid210x_device byte send 18 eoi 0
+5633.530800482: grid210x_device byte send 53 eoi 0
+5633.530828483: grid210x_device byte send 63 eoi 0
+5633.530857484: grid210x_device byte send 72 eoi 0
+5633.530885484: grid210x_device byte send 65 eoi 0
+5633.530913485: grid210x_device byte send 65 eoi 0
+5633.530944486: grid210x_device byte send 6e eoi 0
+5633.530973486: grid210x_device byte send 2e eoi 0
+5633.531001487: grid210x_device byte send 49 eoi 0
+5633.531028488: grid210x_device byte send 6e eoi 0
+5633.531058489: grid210x_device byte send 69 eoi 0
+5633.531087489: grid210x_device byte send 74 eoi 0
+5633.531114490: grid210x_device byte send 7e eoi 0
+5633.531143491: grid210x_device byte send 53 eoi 0
+5633.531173491: grid210x_device byte send 63 eoi 0
+5633.531201492: grid210x_device byte send 72 eoi 0
+5633.531230493: grid210x_device byte send 65 eoi 0
+5633.531258493: grid210x_device byte send 65 eoi 0
+5633.531286494: grid210x_device byte send 6e eoi 0
+5633.531316495: grid210x_device byte send 49 eoi 0
+5633.531344496: grid210x_device byte send 6d eoi 0
+5633.531372496: grid210x_device byte send 61 eoi 0
+5633.531400497: grid210x_device byte send 67 eoi 0
+5633.531592502: grid210x_device byte send 65 eoi 0
+5633.531637503: grid210x_device byte send 7e eoi 0
+5633.531725505: grid210x_device byte send 55 eoi 0
+5633.531762506: grid210x_device byte send 80 eoi 0
+5633.531830508: grid210x_device byte send 20 eoi 0
+5633.531867509: grid210x_device byte send 00 eoi 0
+5633.531900509: grid210x_device byte send 00 eoi 0
+5633.531933510: grid210x_device byte send 40 eoi 0
+5633.531961511: grid210x_device byte send 00 eoi 0
+5633.531991512: grid210x_device byte send 55 eoi 0
+5633.532019512: grid210x_device byte send 8b eoi 0
+5633.532049513: grid210x_device byte send ec eoi 0
+5633.532077514: grid210x_device byte send b8 eoi 0
+5633.532105514: grid210x_device byte send 08 eoi 0
+5633.532135515: grid210x_device byte send 00 eoi 0
+5633.532164516: grid210x_device byte send 0e eoi 0
+5633.532194517: grid210x_device byte send 50 eoi 0
+5633.532222517: grid210x_device byte send b8 eoi 0
+5633.532742530: grid210x_device byte send 0d eoi 0
+5633.532785531: grid210x_device byte send 00 eoi 0
+5633.532819532: grid210x_device byte send 50 eoi 0
+5633.532848533: grid210x_device byte send 9a eoi 0
+5633.532876533: grid210x_device byte send 06 eoi 0
+5633.532906534: grid210x_device byte send 00 eoi 0
+5633.532937535: grid210x_device byte send ef eoi 0
+5633.532965536: grid210x_device byte send ff eoi 0
+5633.532993536: grid210x_device byte send 8b eoi 0
+5633.533021537: grid210x_device byte send 1e eoi 0
+5633.533052538: grid210x_device byte send 00 eoi 0
+5633.533081539: grid210x_device byte send 00 eoi 0
+5633.533111539: grid210x_device byte send 4b eoi 0
+5633.533139540: grid210x_device byte send d1 eoi 0
+5633.533169541: grid210x_device byte send e3 eoi 0
+5633.533197541: grid210x_device byte send 2e eoi 0
+5633.533225542: grid210x_device byte send ff eoi 0
+5633.533253543: grid210x_device byte send a7 eoi 0
+5633.533282543: grid210x_device byte send a7 eoi 0
+5633.533312544: grid210x_device byte send 00 eoi 0
+5633.533342545: grid210x_device byte send ad eoi 0
+5633.533370546: grid210x_device byte send 00 eoi 0
+5633.533398546: grid210x_device byte send b7 eoi 0
+5633.533428547: grid210x_device byte send 00 eoi 0
+5633.533458548: grid210x_device byte send c1 eoi 0
+5633.533487549: grid210x_device byte send 00 eoi 0
+5633.533515549: grid210x_device byte send b8 eoi 0
+5633.533546550: grid210x_device byte send 15 eoi 0
+5633.533574551: grid210x_device byte send 00 eoi 0
+5633.533603551: grid210x_device byte send 0e eoi 0
+5633.533779556: grid210x_device byte send 50 eoi 0
+5633.533818557: grid210x_device byte send b8 eoi 0
+5633.533848557: grid210x_device byte send 0e eoi 0
+5633.533878558: grid210x_device byte send 00 eoi 0
+5633.533908559: grid210x_device byte send eb eoi 0
+5633.533939560: grid210x_device byte send 12 eoi 0
+5633.533967560: grid210x_device byte send b8 eoi 0
+5633.533995561: grid210x_device byte send 23 eoi 0
+5633.534023562: grid210x_device byte send 00 eoi 0
+5633.534053563: grid210x_device byte send 0e eoi 0
+5633.534084563: grid210x_device byte send 50 eoi 0
+5633.534112564: grid210x_device byte send b8 eoi 0
+5633.534140565: grid210x_device byte send 10 eoi 0
+5633.534170565: grid210x_device byte send 00 eoi 0
+5633.534200566: grid210x_device byte send eb eoi 0
+5633.534228567: grid210x_device byte send 08 eoi 0
+5633.534257568: grid210x_device byte send b8 eoi 0
+5633.534285568: grid210x_device byte send 33 eoi 0
+5633.534316569: grid210x_device byte send 00 eoi 0
+5633.534346570: grid210x_device byte send 0e eoi 0
+5633.534375570: grid210x_device byte send 50 eoi 0
+5633.534403571: grid210x_device byte send b8 eoi 0
+5633.534433572: grid210x_device byte send 18 eoi 0
+5633.534462573: grid210x_device byte send 00 eoi 0
+5633.534491573: grid210x_device byte send 50 eoi 0
+5633.534520574: grid210x_device byte send 9a eoi 0
+5633.534550575: grid210x_device byte send 06 eoi 0
+5633.534581576: grid210x_device byte send 00 eoi 0
+5633.534612576: grid210x_device byte send ef eoi 0
+5633.534640577: grid210x_device byte send ff eoi 0
+5633.534820581: grid210x_device byte send b8 eoi 0
+5633.534870583: grid210x_device byte send e8 eoi 0
+5633.534902583: grid210x_device byte send 03 eoi 0
+5633.534936584: grid210x_device byte send 50 eoi 0
+5633.534966585: grid210x_device byte send 9a eoi 0
+5633.534994586: grid210x_device byte send d3 eoi 0
+5633.535023586: grid210x_device byte send 00 eoi 0
+5633.535053587: grid210x_device byte send ef eoi 0
+5633.535081588: grid210x_device byte send ff eoi 0
+5633.535110589: grid210x_device byte send 5d eoi 0
+5633.535138589: grid210x_device byte send c3 eoi 0
+5633.535167590: grid210x_device byte send 55 eoi 0
+5633.535196591: grid210x_device byte send 8b eoi 0
+5633.535224591: grid210x_device byte send ec eoi 0
+5633.535253592: grid210x_device byte send b0 eoi 0
+5633.535282593: grid210x_device byte send 00 eoi 0
+5633.535313594: grid210x_device byte send bf eoi 0
+5633.535342594: grid210x_device byte send 99 eoi 0
+5633.535370595: grid210x_device byte send 0e eoi 0
+5633.535661602: grid210x_device byte send b9 eoi 0
+5633.535701603: grid210x_device byte send 13 eoi 0
+5633.535731604: grid210x_device byte send 00 eoi 0
+5633.535954609: grid210x_device byte send 1e eoi 0
+5633.536109613: grid210x_device byte send 07 eoi 0
+5633.536141614: grid210x_device byte send fc eoi 0
+5633.536172615: grid210x_device byte send f2 eoi 0
+5633.536201616: grid210x_device byte send aa eoi 0
+5633.536229616: grid210x_device byte send a0 eoi 0
+5633.536258617: grid210x_device byte send b0 eoi 0
+5633.536285618: grid210x_device byte send 0e eoi 0
+5633.536317618: grid210x_device byte send a2 eoi 0
+5633.536345619: grid210x_device byte send a7 eoi 0
+5633.536373620: grid210x_device byte send 0e eoi 0
+5633.536402621: grid210x_device byte send c4 eoi 0
+5633.536433621: grid210x_device byte send 46 eoi 0
+5633.536461622: grid210x_device byte send 0a eoi 0
+5633.536491623: grid210x_device byte send a3 eoi 0
+5633.536519623: grid210x_device byte send 9b eoi 0
+5633.536549624: grid210x_device byte send 0e eoi 0
+5633.536579625: grid210x_device byte send 8c eoi 0
+5633.536607626: grid210x_device byte send 06 eoi 0
+5633.536637626: grid210x_device byte send 9d eoi 0
+5633.536666627: grid210x_device byte send 0e eoi 0
+5633.536696628: grid210x_device byte send 8b eoi 0
+5633.536725628: grid210x_device byte send 46 eoi 0
+5633.536753629: grid210x_device byte send 04 eoi 0
+5633.536782630: grid210x_device byte send a3 eoi 0
+5633.536812631: grid210x_device byte send a3 eoi 0
+5633.536976635: grid210x_device byte send 0e eoi 0
+5633.537022636: grid210x_device byte send 8b eoi 0
+5633.537056637: grid210x_device byte send 46 eoi 0
+5633.537086637: grid210x_device byte send 06 eoi 0
+5633.537116638: grid210x_device byte send 8b eoi 0
+5633.537144639: grid210x_device byte send 56 eoi 0
+5633.537175640: grid210x_device byte send 08 eoi 0
+5633.537205640: grid210x_device byte send a3 eoi 0
+5633.537233641: grid210x_device byte send 9f eoi 0
+5633.537262642: grid210x_device byte send 0e eoi 0
+5633.537292642: grid210x_device byte send 89 eoi 0
+5633.537321643: grid210x_device byte send 16 eoi 0
+5633.537350644: grid210x_device byte send a1 eoi 0
+5633.537378645: grid210x_device byte send 0e eoi 0
+5633.537408645: grid210x_device byte send 5d eoi 0
+5633.537439646: grid210x_device byte send c2 eoi 0
+5633.537467647: grid210x_device byte send 0a eoi 0
+5633.537497648: grid210x_device byte send 00 eoi 0
+5633.537526648: grid210x_device byte send 55 eoi 0
+5633.537556649: grid210x_device byte send 8b eoi 0
+5633.537584650: grid210x_device byte send ec eoi 0
+5633.537612650: grid210x_device byte send c4 eoi 0
+5633.537640651: grid210x_device byte send 46 eoi 0
+5633.537670652: grid210x_device byte send 04 eoi 0
+5633.537700653: grid210x_device byte send 06 eoi 0
+5633.537729653: grid210x_device byte send 50 eoi 0
+5633.537757654: grid210x_device byte send 8b eoi 0
+5633.537786655: grid210x_device byte send 46 eoi 0
+5633.537816655: grid210x_device byte send 08 eoi 0
+5633.537845656: grid210x_device byte send ba eoi 0
+5633.537873657: grid210x_device byte send 00 eoi 0
+5633.538031661: grid210x_device byte send 00 eoi 0
+5633.538078662: grid210x_device byte send 03 eoi 0
+5633.538111663: grid210x_device byte send 06 eoi 0
+5633.538141663: grid210x_device byte send 0c eoi 0
+5633.538173664: grid210x_device byte send 00 eoi 0
+5633.538203665: grid210x_device byte send 13 eoi 0
+5633.538231666: grid210x_device byte send 16 eoi 0
+5633.538259666: grid210x_device byte send 0e eoi 0
+5633.538288667: grid210x_device byte send 00 eoi 0
+5633.538319668: grid210x_device byte send 52 eoi 0
+5633.538348669: grid210x_device byte send 50 eoi 0
+5633.538376669: grid210x_device byte send ff eoi 0
+5633.538404670: grid210x_device byte send 36 eoi 0
+5633.538434671: grid210x_device byte send 22 eoi 0
+5633.538462671: grid210x_device byte send 00 eoi 0
+5633.538490672: grid210x_device byte send e8 eoi 0
+5633.538519673: grid210x_device byte send aa eoi 0
+5633.538549674: grid210x_device byte send ff eoi 0
+5633.538577674: grid210x_device byte send b8 eoi 0
+5633.538852681: grid210x_device byte send 04 eoi 0
+5633.538891682: grid210x_device byte send 00 eoi 0
+5633.538925683: grid210x_device byte send 50 eoi 0
+5633.539135688: grid210x_device byte send b8 eoi 0
+5633.539182689: grid210x_device byte send 99 eoi 0
+5633.539212690: grid210x_device byte send 0e eoi 0
+5633.539243691: grid210x_device byte send 1e eoi 0
+5633.539271691: grid210x_device byte send 50 eoi 0
+5633.539302692: grid210x_device byte send b8 eoi 0
+5633.539331693: grid210x_device byte send 6c eoi 0
+5633.539360694: grid210x_device byte send 0a eoi 0
+5633.539390694: grid210x_device byte send 1e eoi 0
+5633.539421695: grid210x_device byte send 50 eoi 0
+5633.539448696: grid210x_device byte send ff eoi 0
+5633.539477696: grid210x_device byte send 1e eoi 0
+5633.539505697: grid210x_device byte send ac eoi 0
+5633.539533698: grid210x_device byte send 0e eoi 0
+5633.539565699: grid210x_device byte send a1 eoi 0
+5633.539594699: grid210x_device byte send 6c eoi 0
+5633.539622700: grid210x_device byte send 0a eoi 0
+5633.539651701: grid210x_device byte send 5d eoi 0
+5633.539738703: grid210x_device byte send c2 eoi 0
+5633.539774704: grid210x_device byte send 06 eoi 0
+5633.539855706: grid210x_device byte send 00 eoi 0
+5633.539893707: grid210x_device byte send 55 eoi 0
+5633.539926708: grid210x_device byte send 8b eoi 0
+5633.539956708: grid210x_device byte send ec eoi 0
+5633.539985709: grid210x_device byte send c4 eoi 0
+5633.540235715: grid210x_device byte send 5e eoi 0
+5633.540280716: grid210x_device byte send 04 eoi 0
+5633.540317717: grid210x_device byte send 8d eoi 0
+5633.540346718: grid210x_device byte send 47 eoi 0
+5633.540375719: grid210x_device byte send 04 eoi 0
+5633.540405719: grid210x_device byte send a3 eoi 0
+5633.540448720: grid210x_device byte send 72 eoi 0
+5633.540479721: grid210x_device byte send 0a eoi 0
+5633.540510722: grid210x_device byte send 8c eoi 0
+5633.540538723: grid210x_device byte send 06 eoi 0
+5633.540570723: grid210x_device byte send 74 eoi 0
+5633.540598724: grid210x_device byte send 0a eoi 0
+5633.540628725: grid210x_device byte send c4 eoi 0
+5633.540656726: grid210x_device byte send 5e eoi 0
+5633.540686726: grid210x_device byte send 04 eoi 0
+5633.540715727: grid210x_device byte send b8 eoi 0
+5633.540744728: grid210x_device byte send 00 eoi 0
+5633.540773728: grid210x_device byte send 00 eoi 0
+5633.540804729: grid210x_device byte send 26 eoi 0
+5633.540833730: grid210x_device byte send 89 eoi 0
+5633.540861731: grid210x_device byte send 87 eoi 0
+5633.540889731: grid210x_device byte send 04 eoi 0
+5633.540920732: grid210x_device byte send 04 eoi 0
+5633.540950733: grid210x_device byte send 26 eoi 0
+5633.540977733: grid210x_device byte send 89 eoi 0
+5633.541005734: grid210x_device byte send 87 eoi 0
+5633.541034735: grid210x_device byte send 06 eoi 0
+5633.541065736: grid210x_device byte send 04 eoi 0
+5633.541094736: grid210x_device byte send 26 eoi 0
+5633.541123737: grid210x_device byte send c7 eoi 0
+5633.541294741: grid210x_device byte send 07 eoi 0
+5633.541336742: grid210x_device byte send 01 eoi 0
+5633.541367743: grid210x_device byte send 00 eoi 0
+5633.541397744: grid210x_device byte send 26 eoi 0
+5633.541428745: grid210x_device byte send c7 eoi 0
+5633.541456745: grid210x_device byte send 47 eoi 0
+5633.541485746: grid210x_device byte send 02 eoi 0
+5633.541514747: grid210x_device byte send 00 eoi 0
+5633.541546748: grid210x_device byte send 00 eoi 0
+5633.541576748: grid210x_device byte send c4 eoi 0
+5633.541604749: grid210x_device byte send 1e eoi 0
+5633.541632750: grid210x_device byte send 72 eoi 0
+5633.541660750: grid210x_device byte send 0a eoi 0
+5633.541692751: grid210x_device byte send 8d eoi 0
+5633.541721752: grid210x_device byte send 87 eoi 0
+5633.541749753: grid210x_device byte send cc eoi 0
+5633.541777753: grid210x_device byte send 00 eoi 0
+5633.541808754: grid210x_device byte send a3 eoi 0
+5633.541837755: grid210x_device byte send 6e eoi 0
+5633.541865755: grid210x_device byte send 0a eoi 0
+5633.541895756: grid210x_device byte send 8c eoi 0
+5633.542432769: grid210x_device byte send 06 eoi 0
+5633.542474770: grid210x_device byte send 70 eoi 0
+5633.542505771: grid210x_device byte send 0a eoi 0
+5633.542536772: grid210x_device byte send 89 eoi 0
+5633.542567773: grid210x_device byte send c3 eoi 0
+5633.542597773: grid210x_device byte send 8b eoi 0
+5633.542625774: grid210x_device byte send 4e eoi 0
+5633.542653775: grid210x_device byte send 08 eoi 0
+5633.542684776: grid210x_device byte send 26 eoi 0
+5633.542712776: grid210x_device byte send 89 eoi 0
+5633.542741777: grid210x_device byte send 4f eoi 0
+5633.542769778: grid210x_device byte send 06 eoi 0
+5633.542799778: grid210x_device byte send 5d eoi 0
+5633.542829779: grid210x_device byte send c2 eoi 0
+5633.542857780: grid210x_device byte send 06 eoi 0
+5633.542886781: grid210x_device byte send 00 eoi 0
+5633.542917781: grid210x_device byte send 55 eoi 0
+5633.542946782: grid210x_device byte send 8b eoi 0
+5633.542974783: grid210x_device byte send ec eoi 0
+5633.543002783: grid210x_device byte send 83 eoi 0
+5633.543030784: grid210x_device byte send 7e eoi 0
+5633.543060785: grid210x_device byte send 04 eoi 0
+5633.543089786: grid210x_device byte send 00 eoi 0
+5633.543118786: grid210x_device byte send 75 eoi 0
+5633.543147787: grid210x_device byte send 08 eoi 0
+5633.543178788: grid210x_device byte send a1 eoi 0
+5633.543206789: grid210x_device byte send 24 eoi 0
+5633.543234789: grid210x_device byte send 00 eoi 0
+5633.543263790: grid210x_device byte send 2d eoi 0
+5633.543427794: grid210x_device byte send d4 eoi 0
+5633.543473795: grid210x_device byte send 00 eoi 0
+5633.543507796: grid210x_device byte send eb eoi 0
+5633.543538797: grid210x_device byte send 06 eoi 0
+5633.543570798: grid210x_device byte send a1 eoi 0
+5633.543599798: grid210x_device byte send 24 eoi 0
+5633.543628799: grid210x_device byte send 00 eoi 0
+5633.543658800: grid210x_device byte send 83 eoi 0
+5633.543689800: grid210x_device byte send e8 eoi 0
+5633.543718801: grid210x_device byte send 0c eoi 0
+5633.543748802: grid210x_device byte send d1 eoi 0
+5633.543776803: grid210x_device byte send e8 eoi 0
+5633.543806803: grid210x_device byte send 5d eoi 0
+5633.543835804: grid210x_device byte send c2 eoi 0
+5633.543863805: grid210x_device byte send 02 eoi 0
+5633.543893805: grid210x_device byte send 00 eoi 0
+5633.543925806: grid210x_device byte send 55 eoi 0
+5633.543953807: grid210x_device byte send 8b eoi 0
+5633.543981808: grid210x_device byte send ec eoi 0
+5633.544009808: grid210x_device byte send b8 eoi 0
+5633.544037809: grid210x_device byte send 00 eoi 0
+5633.544069810: grid210x_device byte send 00 eoi 0
+5633.544098811: grid210x_device byte send 50 eoi 0
+5633.544126811: grid210x_device byte send e8 eoi 0
+5633.544154812: grid210x_device byte send d9 eoi 0
+5633.544184813: grid210x_device byte send ff eoi 0
+5633.544212813: grid210x_device byte send a3 eoi 0
+5633.544241814: grid210x_device byte send 76 eoi 0
+5633.544269815: grid210x_device byte send 0a eoi 0
+5633.544300816: grid210x_device byte send c4 eoi 0
+5633.544328816: grid210x_device byte send 5e eoi 0
+5633.544483820: grid210x_device byte send 04 eoi 0
+5633.544531821: grid210x_device byte send 8d eoi 0
+5633.544567822: grid210x_device byte send 4f eoi 0
+5633.544597823: grid210x_device byte send 04 eoi 0
+5633.544627824: grid210x_device byte send 89 eoi 0
+5633.544656824: grid210x_device byte send 0e eoi 0
+5633.544688825: grid210x_device byte send 86 eoi 0
+5633.544717826: grid210x_device byte send 0a eoi 0
+5633.544747827: grid210x_device byte send 8c eoi 0
+5633.544775827: grid210x_device byte send 06 eoi 0
+5633.544807828: grid210x_device byte send 88 eoi 0
+5633.544836829: grid210x_device byte send 0a eoi 0
+5633.544865829: grid210x_device byte send c4 eoi 0
+5633.544894830: grid210x_device byte send 5e eoi 0
+5633.544924831: grid210x_device byte send 04 eoi 0
+5633.544954832: grid210x_device byte send 26 eoi 0
+5633.544983832: grid210x_device byte send 8b eoi 0
+5633.545011833: grid210x_device byte send 87 eoi 0
+5633.545313841: grid210x_device byte send 04 eoi 0
+5633.545358842: grid210x_device byte send 04 eoi 0
+5633.545390842: grid210x_device byte send 26 eoi 0
+5633.545624848: grid210x_device byte send 8b eoi 0
+5633.545667849: grid210x_device byte send 97 eoi 0
+5633.545700850: grid210x_device byte send 06 eoi 0
+5633.545730851: grid210x_device byte send 04 eoi 0
+5633.545760852: grid210x_device byte send 8b eoi 0
+5633.545789852: grid210x_device byte send 0e eoi 0
+5633.545820853: grid210x_device byte send 24 eoi 0
+5633.545849854: grid210x_device byte send 00 eoi 0
+5633.545878855: grid210x_device byte send bf eoi 0
+5633.545906855: grid210x_device byte send 00 eoi 0
+5633.545939856: grid210x_device byte send 00 eoi 0
+5633.545969857: grid210x_device byte send 9a eoi 0
+5633.545998857: grid210x_device byte send 00 eoi 0
+5633.546027858: grid210x_device byte send 00 eoi 0
+5633.546058859: grid210x_device byte send 7b eoi 0
+5633.546087860: grid210x_device byte send 20 eoi 0
+5633.546115860: grid210x_device byte send a3 eoi 0
+5633.546143861: grid210x_device byte send 7a eoi 0
+5633.546173862: grid210x_device byte send 0a eoi 0
+5633.546202863: grid210x_device byte send 3b eoi 0
+5633.546231863: grid210x_device byte send 06 eoi 0
+5633.546260864: grid210x_device byte send 76 eoi 0
+5633.546288865: grid210x_device byte send 0a eoi 0
+5633.546319865: grid210x_device byte send 73 eoi 0
+5633.546348866: grid210x_device byte send 0d eoi 0
+5633.546377867: grid210x_device byte send a3 eoi 0
+5633.546405868: grid210x_device byte send 7c eoi 0
+5633.546436868: grid210x_device byte send 0a eoi 0
+5633.546466869: grid210x_device byte send c4 eoi 0
+5633.546494870: grid210x_device byte send 1e eoi 0
+5633.546650874: grid210x_device byte send 86 eoi 1
+5633.547099885: grid210x_device byte recv 5f atn 1 eoi 0
+5633.547122885: grid210x_device now not talking
+5633.549412942: grid210x_device byte recv 25 atn 1 eoi 0
+5633.549451943: grid210x_device now listening
+5633.550619972: grid210x_device byte recv 04 atn 0 eoi 0
+5633.550673973: grid210x_device byte recv 00 atn 0 eoi 0
+5633.550700974: grid210x_device byte recv 00 atn 0 eoi 0
+5633.550724974: grid210x_device byte recv 02 atn 0 eoi 0
+5633.550748975: grid210x_device byte recv 00 atn 0 eoi 0
+5633.550771975: grid210x_device byte recv 00 atn 0 eoi 0
+5633.550957980: grid210x_device byte recv 00 atn 0 eoi 0
+5633.550989981: grid210x_device byte recv 00 atn 0 eoi 0
+5633.551014981: grid210x_device byte recv 02 atn 0 eoi 0
+5633.552108008: grid210x_device byte recv 00 atn 0 eoi 1
+5633.552147009: grid210x_device byte recv 3f atn 1 eoi 0
+5633.552167010: grid210x_device now not listening
+5633.552180010: grid210x_device command 4, data size 512, sector no 2
+5633.652773494: grid210x_device byte recv 18 atn 1 eoi 0
+5633.652877497: grid210x_device byte recv 45 atn 1 eoi 0
+5633.652943498: grid210x_device now talking
+5633.652969499: grid210x_device byte send 4f eoi 0
+5633.653058501: grid210x_device byte recv 19 atn 1 eoi 0
+5633.653101502: grid210x_device byte recv 5f atn 1 eoi 0
+5633.653118503: grid210x_device now not talking
+5633.654078526: grid210x_device byte recv 45 atn 1 eoi 0
+5633.654094527: grid210x_device now talking
+5633.654916547: grid210x_device byte send 0a eoi 0
+5633.655368558: grid210x_device byte send 8d eoi 0
+5633.655398559: grid210x_device byte send 87 eoi 0
+5633.655429560: grid210x_device byte send cc eoi 0
+5633.655458560: grid210x_device byte send 00 eoi 0
+5633.655488561: grid210x_device byte send eb eoi 0
+5633.655516562: grid210x_device byte send 1e eoi 0
+5633.655547563: grid210x_device byte send a1 eoi 0
+5633.655576563: grid210x_device byte send 7a eoi 0
+5633.655605564: grid210x_device byte send 0a eoi 0
+5633.655634565: grid210x_device byte send 2b eoi 0
+5633.655663565: grid210x_device byte send 06 eoi 0
+5633.655694566: grid210x_device byte send 76 eoi 0
+5633.655723567: grid210x_device byte send 0a eoi 0
+5633.655753568: grid210x_device byte send 50 eoi 0
+5633.655781568: grid210x_device byte send b9 eoi 0
+5633.655811569: grid210x_device byte send 01 eoi 0
+5633.656166578: grid210x_device byte send 00 eoi 0
+5633.656211579: grid210x_device byte send 51 eoi 0
+5633.656242580: grid210x_device byte send e8 eoi 0
+5633.656271580: grid210x_device byte send 8a eoi 0
+5633.656301581: grid210x_device byte send ff eoi 0
+5633.656330582: grid210x_device byte send 89 eoi 0
+5633.656358583: grid210x_device byte send c1 eoi 0
+5633.656386583: grid210x_device byte send 58 eoi 0
+5633.656414584: grid210x_device byte send 31 eoi 0
+5633.656444585: grid210x_device byte send d2 eoi 0
+5633.656473585: grid210x_device byte send f7 eoi 0
+5633.656501586: grid210x_device byte send f1 eoi 0
+5633.656529587: grid210x_device byte send 89 eoi 0
+5633.656559588: grid210x_device byte send 16 eoi 0
+5633.656587588: grid210x_device byte send 7c eoi 0
+5633.656616589: grid210x_device byte send 0a eoi 0
+5633.656645590: grid210x_device byte send c4 eoi 0
+5633.656675590: grid210x_device byte send 06 eoi 0
+5633.656704591: grid210x_device byte send 86 eoi 0
+5633.656733592: grid210x_device byte send 0a eoi 0
+5633.656762593: grid210x_device byte send a3 eoi 0
+5633.656791593: grid210x_device byte send 7e eoi 0
+5633.656821594: grid210x_device byte send 0a eoi 0
+5633.656850595: grid210x_device byte send 8c eoi 0
+5633.656879595: grid210x_device byte send 06 eoi 0
+5633.656908596: grid210x_device byte send 80 eoi 0
+5633.656938597: grid210x_device byte send 0a eoi 0
+5633.656968598: grid210x_device byte send 83 eoi 0
+5633.656996598: grid210x_device byte send 3e eoi 0
+5633.657024599: grid210x_device byte send 7c eoi 0
+5633.657054600: grid210x_device byte send 0a eoi 0
+5633.657084600: grid210x_device byte send 00 eoi 0
+5633.657113601: grid210x_device byte send 75 eoi 0
+5633.657141602: grid210x_device byte send 5a eoi 0
+5633.657170603: grid210x_device byte send c4 eoi 0
+5633.657199603: grid210x_device byte send 06 eoi 0
+5633.657229604: grid210x_device byte send 7e eoi 0
+5633.657258605: grid210x_device byte send 0a eoi 0
+5633.657286605: grid210x_device byte send a3 eoi 0
+5633.657317606: grid210x_device byte send 82 eoi 0
+5633.657346607: grid210x_device byte send 0a eoi 0
+5633.657375608: grid210x_device byte send 8c eoi 0
+5633.657403608: grid210x_device byte send 06 eoi 0
+5633.657436609: grid210x_device byte send 84 eoi 0
+5633.657464610: grid210x_device byte send 0a eoi 0
+5633.657493611: grid210x_device byte send a1 eoi 0
+5633.657521611: grid210x_device byte send 76 eoi 0
+5633.657551612: grid210x_device byte send 0a eoi 0
+5633.657581613: grid210x_device byte send 3b eoi 0
+5633.657609613: grid210x_device byte send 06 eoi 0
+5633.657638614: grid210x_device byte send 7a eoi 0
+5633.657667615: grid210x_device byte send 0a eoi 0
+5633.657698616: grid210x_device byte send 75 eoi 0
+5633.657726616: grid210x_device byte send 0f eoi 0
+5633.657755617: grid210x_device byte send c4 eoi 0
+5633.657783618: grid210x_device byte send 1e eoi 0
+5633.657813618: grid210x_device byte send 86 eoi 0
+5633.657841619: grid210x_device byte send 0a eoi 0
+5633.657870620: grid210x_device byte send 8d eoi 0
+5633.657899621: grid210x_device byte send 87 eoi 0
+5633.657930621: grid210x_device byte send cc eoi 0
+5633.657959622: grid210x_device byte send 00 eoi 0
+5633.657988623: grid210x_device byte send a3 eoi 0
+5633.658017624: grid210x_device byte send 82 eoi 0
+5633.658046624: grid210x_device byte send 0a eoi 0
+5633.658076625: grid210x_device byte send 8c eoi 0
+5633.658104626: grid210x_device byte send 06 eoi 0
+5633.658134626: grid210x_device byte send 84 eoi 0
+5633.658161627: grid210x_device byte send 0a eoi 0
+5633.658193628: grid210x_device byte send c4 eoi 0
+5633.658221629: grid210x_device byte send 1e eoi 0
+5633.658250629: grid210x_device byte send 82 eoi 0
+5633.658279630: grid210x_device byte send 0a eoi 0
+5633.658311631: grid210x_device byte send 26 eoi 0
+5633.658338631: grid210x_device byte send ff eoi 0
+5633.658367632: grid210x_device byte send 77 eoi 0
+5633.658395633: grid210x_device byte send 06 eoi 0
+5633.658425634: grid210x_device byte send c4 eoi 0
+5633.658454634: grid210x_device byte send 5e eoi 0
+5633.658681640: grid210x_device byte send 04 eoi 0
+5633.658722641: grid210x_device byte send 8d eoi 0
+5633.658752642: grid210x_device byte send 47 eoi 0
+5633.658781642: grid210x_device byte send 04 eoi 0
+5633.658813643: grid210x_device byte send 06 eoi 0
+5633.658842644: grid210x_device byte send 50 eoi 0
+5633.658871645: grid210x_device byte send e8 eoi 0
+5633.658899645: grid210x_device byte send b8 eoi 0
+5633.658930646: grid210x_device byte send fe eoi 0
+5633.658958647: grid210x_device byte send a3 eoi 0
+5633.658987647: grid210x_device byte send 78 eoi 0
+5633.659015648: grid210x_device byte send 0a eoi 0
+5633.659045649: grid210x_device byte send 09 eoi 0
+5633.659075650: grid210x_device byte send c0 eoi 0
+5633.659104650: grid210x_device byte send 75 eoi 0
+5633.659133651: grid210x_device byte send 37 eoi 0
+5633.659161652: grid210x_device byte send 83 eoi 0
+5633.659192653: grid210x_device byte send 3e eoi 0
+5633.659221653: grid210x_device byte send 7a eoi 0
+5633.659250654: grid210x_device byte send 0a eoi 0
+5633.659279655: grid210x_device byte send 00 eoi 0
+5633.659310655: grid210x_device byte send 75 eoi 0
+5633.659339656: grid210x_device byte send 16 eoi 0
+5633.659368657: grid210x_device byte send c4 eoi 0
+5633.659396658: grid210x_device byte send 1e eoi 0
+5633.659426658: grid210x_device byte send 86 eoi 0
+5633.659454659: grid210x_device byte send 0a eoi 0
+5633.659484660: grid210x_device byte send 26 eoi 0
+5633.659513660: grid210x_device byte send 8b eoi 0
+5633.659541661: grid210x_device byte send 47 eoi 0
+5633.659571662: grid210x_device byte send 04 eoi 0
+5633.659601663: grid210x_device byte send 26 eoi 0
+5633.659629663: grid210x_device byte send 8b eoi 0
+5633.659657664: grid210x_device byte send 57 eoi 0
+5633.659755666: grid210x_device byte send 06 eoi 0
+5633.659828668: grid210x_device byte send c4 eoi 0
+5633.659865669: grid210x_device byte send 5e eoi 0
+5633.659896670: grid210x_device byte send 04 eoi 0
+5633.659929671: grid210x_device byte send 26 eoi 0
+5633.659958671: grid210x_device byte send 89 eoi 0
+5633.659987672: grid210x_device byte send 07 eoi 0
+5633.660581687: grid210x_device byte send 26 eoi 0
+5633.660635688: grid210x_device byte send 89 eoi 0
+5633.660665689: grid210x_device byte send 57 eoi 0
+5633.660698690: grid210x_device byte send 02 eoi 0
+5633.660730691: grid210x_device byte send 8b eoi 0
+5633.660759691: grid210x_device byte send 36 eoi 0
+5633.660787692: grid210x_device byte send 7c eoi 0
+5633.660818693: grid210x_device byte send 0a eoi 0
+5633.660847693: grid210x_device byte send d1 eoi 0
+5633.660876694: grid210x_device byte send e6 eoi 0
+5633.660904695: grid210x_device byte send c4 eoi 0
+5633.660936696: grid210x_device byte send 1e eoi 0
+5633.660964696: grid210x_device byte send 7e eoi 0
+5633.660992697: grid210x_device byte send 0a eoi 0
+5633.661022698: grid210x_device byte send 26 eoi 0
+5633.661052698: grid210x_device byte send ff eoi 0
+5633.661082699: grid210x_device byte send 70 eoi 0
+5633.661111700: grid210x_device byte send 0c eoi 0
+5633.661140701: grid210x_device byte send c4 eoi 0
+5633.661170701: grid210x_device byte send 5e eoi 0
+5633.661199702: grid210x_device byte send 04 eoi 0
+5633.661229703: grid210x_device byte send 8d eoi 0
+5633.661257704: grid210x_device byte send 87 eoi 0
+5633.661285704: grid210x_device byte send 04 eoi 0
+5633.661316705: grid210x_device byte send 02 eoi 0
+5633.661346706: grid210x_device byte send 06 eoi 0
+5633.661375706: grid210x_device byte send 50 eoi 0
+5633.661404707: grid210x_device byte send e8 eoi 0
+5633.661435708: grid210x_device byte send 7a eoi 0
+5633.661635713: grid210x_device byte send fe eoi 0
+5633.661687714: grid210x_device byte send 5d eoi 0
+5633.661719715: grid210x_device byte send c2 eoi 0
+5633.661750716: grid210x_device byte send 04 eoi 0
+5633.661781716: grid210x_device byte send 00 eoi 0
+5633.661812717: grid210x_device byte send 55 eoi 0
+5633.661841718: grid210x_device byte send 8b eoi 0
+5633.661870719: grid210x_device byte send ec eoi 0
+5633.661898719: grid210x_device byte send c4 eoi 0
+5633.662232728: grid210x_device byte send 5e eoi 0
+5633.662271729: grid210x_device byte send 0a eoi 0
+5633.662304729: grid210x_device byte send 8d eoi 0
+5633.662334730: grid210x_device byte send 87 eoi 0
+5633.662362731: grid210x_device byte send 04 eoi 0
+5633.662392732: grid210x_device byte send 02 eoi 0
+5633.662424732: grid210x_device byte send a3 eoi 0
+5633.662453733: grid210x_device byte send 92 eoi 0
+5633.662482734: grid210x_device byte send 0a eoi 0
+5633.662512735: grid210x_device byte send 8c eoi 0
+5633.662540735: grid210x_device byte send 06 eoi 0
+5633.662756741: grid210x_device byte send 94 eoi 0
+5633.662802742: grid210x_device byte send 0a eoi 0
+5633.662835742: grid210x_device byte send c7 eoi 0
+5633.662865743: grid210x_device byte send 06 eoi 0
+5633.662896744: grid210x_device byte send 8e eoi 0
+5633.662927745: grid210x_device byte send 0a eoi 0
+5633.662957745: grid210x_device byte send 00 eoi 0
+5633.662986746: grid210x_device byte send 00 eoi 0
+5633.663016747: grid210x_device byte send c4 eoi 0
+5633.663044748: grid210x_device byte send 5e eoi 0
+5633.663073748: grid210x_device byte send 0a eoi 0
+5633.663102749: grid210x_device byte send 26 eoi 0
+5633.663130750: grid210x_device byte send 8b eoi 0
+5633.663158750: grid210x_device byte send 87 eoi 0
+5633.663189751: grid210x_device byte send 04 eoi 0
+5633.663218752: grid210x_device byte send 04 eoi 0
+5633.663248753: grid210x_device byte send 26 eoi 0
+5633.663277753: grid210x_device byte send 8b eoi 0
+5633.663306754: grid210x_device byte send 97 eoi 0
+5633.663335755: grid210x_device byte send 06 eoi 0
+5633.663365756: grid210x_device byte send 04 eoi 0
+5633.663394756: grid210x_device byte send 26 eoi 0
+5633.663424757: grid210x_device byte send 3b eoi 0
+5633.663452758: grid210x_device byte send 57 eoi 0
+5633.663480758: grid210x_device byte send 02 eoi 0
+5633.663509759: grid210x_device byte send 75 eoi 0
+5633.663537760: grid210x_device byte send 03 eoi 0
+5633.663569761: grid210x_device byte send 26 eoi 0
+5633.663597761: grid210x_device byte send 3b eoi 0
+5633.663625762: grid210x_device byte send 07 eoi 0
+5633.663654763: grid210x_device byte send b0 eoi 0
+5633.663830767: grid210x_device byte send ff eoi 0
+5633.663863768: grid210x_device byte send 74 eoi 0
+5633.663893769: grid210x_device byte send 01 eoi 0
+5633.663927769: grid210x_device byte send 40 eoi 0
+5633.663956770: grid210x_device byte send a2 eoi 0
+5633.663985771: grid210x_device byte send b1 eoi 0
+5633.664014772: grid210x_device byte send 0e eoi 0
+5633.664043772: grid210x_device byte send a1 eoi 0
+5633.664074773: grid210x_device byte send 8e eoi 0
+5633.664102774: grid210x_device byte send 0a eoi 0
+5633.664131774: grid210x_device byte send 3b eoi 0
+5633.664159775: grid210x_device byte send 46 eoi 0
+5633.664189776: grid210x_device byte send 04 eoi 0
+5633.664218777: grid210x_device byte send 72 eoi 0
+5633.664247777: grid210x_device byte send 03 eoi 0
+5633.664275778: grid210x_device byte send e9 eoi 0
+5633.664306779: grid210x_device byte send e5 eoi 0
+5633.664334779: grid210x_device byte send 00 eoi 0
+5633.664363780: grid210x_device byte send a0 eoi 0
+5633.664391781: grid210x_device byte send b1 eoi 0
+5633.664422782: grid210x_device byte send 0e eoi 0
+5633.664451782: grid210x_device byte send d0 eoi 0
+5633.664480783: grid210x_device byte send d8 eoi 0
+5633.664508784: grid210x_device byte send 73 eoi 0
+5633.664536784: grid210x_device byte send 03 eoi 0
+5633.664567785: grid210x_device byte send e9 eoi 0
+5633.664596786: grid210x_device byte send db eoi 0
+5633.664624787: grid210x_device byte send 00 eoi 0
+5633.664653787: grid210x_device byte send 8b eoi 0
+5633.664684788: grid210x_device byte send 0e eoi 0
+5633.664837792: grid210x_device byte send 24 eoi 0
+5633.664883793: grid210x_device byte send 00 eoi 0
+5633.664917794: grid210x_device byte send ba eoi 0
+5633.664950795: grid210x_device byte send 00 eoi 0
+5633.664980795: grid210x_device byte send 00 eoi 0
+5633.665009796: grid210x_device byte send c4 eoi 0
+5633.665269803: grid210x_device byte send 5e eoi 0
+5633.665317804: grid210x_device byte send 0a eoi 0
+5633.665350805: grid210x_device byte send 26 eoi 0
+5633.665380805: grid210x_device byte send 8b eoi 0
+5633.665409806: grid210x_device byte send 87 eoi 0
+5633.665439807: grid210x_device byte send 04 eoi 0
+5633.665470808: grid210x_device byte send 04 eoi 0
+5633.665500808: grid210x_device byte send 26 eoi 0
+5633.665529809: grid210x_device byte send 8b eoi 0
+5633.665559810: grid210x_device byte send bf eoi 0
+5633.665587810: grid210x_device byte send 06 eoi 0
+5633.665616811: grid210x_device byte send 04 eoi 0
+5633.665646812: grid210x_device byte send 87 eoi 0
+5633.665678813: grid210x_device byte send fa eoi 0
+5633.665707813: grid210x_device byte send 51 eoi 0
+5633.665735814: grid210x_device byte send 57 eoi 0
+5633.665763815: grid210x_device byte send 9a eoi 0
+5633.666010821: grid210x_device byte send 00 eoi 0
+5633.666049822: grid210x_device byte send 00 eoi 0
+5633.666080823: grid210x_device byte send 7b eoi 0
+5633.666111823: grid210x_device byte send 20 eoi 0
+5633.666139824: grid210x_device byte send 89 eoi 0
+5633.666167825: grid210x_device byte send 3e eoi 0
+5633.666197825: grid210x_device byte send 8a eoi 0
+5633.666227826: grid210x_device byte send 0a eoi 0
+5633.666256827: grid210x_device byte send 5b eoi 0
+5633.666284828: grid210x_device byte send 58 eoi 0
+5633.666313828: grid210x_device byte send 2b eoi 0
+5633.666341829: grid210x_device byte send c7 eoi 0
+5633.666369830: grid210x_device byte send a3 eoi 0
+5633.666397830: grid210x_device byte send 8c eoi 0
+5633.666427831: grid210x_device byte send 0a eoi 0
+5633.666457832: grid210x_device byte send 09 eoi 0
+5633.666486833: grid210x_device byte send ff eoi 0
+5633.666514833: grid210x_device byte send 75 eoi 0
+5633.666542834: grid210x_device byte send 0f eoi 0
+5633.666572835: grid210x_device byte send c4 eoi 0
+5633.666601835: grid210x_device byte send 46 eoi 0
+5633.666629836: grid210x_device byte send 0a eoi 0
+5633.666658837: grid210x_device byte send 06 eoi 0
+5633.666688838: grid210x_device byte send 50 eoi 0
+5633.666716838: grid210x_device byte send e8 eoi 0
+5633.666745839: grid210x_device byte send 94 eoi 0
+5633.666773840: grid210x_device byte send fe eoi 0
+5633.666803840: grid210x_device byte send 09 eoi 0
+5633.666833841: grid210x_device byte send c0 eoi 0
+5633.666861842: grid210x_device byte send 74 eoi 0
+5633.667025846: grid210x_device byte send 03 eoi 0
+5633.667075847: grid210x_device byte send e9 eoi 0
+5633.667106848: grid210x_device byte send a0 eoi 0
+5633.667135849: grid210x_device byte send 00 eoi 0
+5633.667166849: grid210x_device byte send 8b eoi 0
+5633.667196850: grid210x_device byte send 0e eoi 0
+5633.667227851: grid210x_device byte send 8c eoi 0
+5633.667255852: grid210x_device byte send 0a eoi 0
+5633.667284852: grid210x_device byte send a1 eoi 0
+5633.667314853: grid210x_device byte send 8e eoi 0
+5633.667343854: grid210x_device byte send 0a eoi 0
+5633.667372855: grid210x_device byte send 03 eoi 0
+5633.667401855: grid210x_device byte send c8 eoi 0
+5633.667430856: grid210x_device byte send 8b eoi 0
+5633.667459857: grid210x_device byte send 46 eoi 0
+5633.667487857: grid210x_device byte send 04 eoi 0
+5633.667516858: grid210x_device byte send 3b eoi 0
+5633.667546859: grid210x_device byte send c8 eoi 0
+5633.667736864: grid210x_device byte send 76 eoi 0
+5633.667774864: grid210x_device byte send 07 eoi 0
+5633.667846866: grid210x_device byte send 2b eoi 0
+5633.667880867: grid210x_device byte send 06 eoi 0
+5633.667911868: grid210x_device byte send 8e eoi 0
+5633.668081872: grid210x_device byte send 0a eoi 0
+5633.668127873: grid210x_device byte send a3 eoi 0
+5633.668160874: grid210x_device byte send 8c eoi 0
+5633.668193875: grid210x_device byte send 0a eoi 0
+5633.668224876: grid210x_device byte send c4 eoi 0
+5633.668253876: grid210x_device byte send 5e eoi 0
+5633.668282877: grid210x_device byte send 0a eoi 0
+5633.668313878: grid210x_device byte send 26 eoi 0
+5633.668342878: grid210x_device byte send 8b eoi 0
+5633.668626885: grid210x_device byte send 87 eoi 0
+5633.668665886: grid210x_device byte send 04 eoi 0
+5633.668699887: grid210x_device byte send 04 eoi 0
+5633.668730888: grid210x_device byte send 26 eoi 0
+5633.668758889: grid210x_device byte send 8b eoi 0
+5633.668785889: grid210x_device byte send 97 eoi 0
+5633.668816890: grid210x_device byte send 06 eoi 0
+5633.668845891: grid210x_device byte send 04 eoi 0
+5633.668874892: grid210x_device byte send 8b eoi 0
+5633.668902892: grid210x_device byte send 0e eoi 0
+5633.668934893: grid210x_device byte send 8c eoi 0
+5633.668963894: grid210x_device byte send 0a eoi 0
+5633.668992895: grid210x_device byte send bf eoi 0
+5633.669211900: grid210x_device byte send 00 eoi 0
+5633.669249901: grid210x_device byte send 00 eoi 0
+5633.669280902: grid210x_device byte send 03 eoi 0
+5633.669312902: grid210x_device byte send c8 eoi 0
+5633.669342903: grid210x_device byte send 13 eoi 0
+5633.669370904: grid210x_device byte send fa eoi 0
+5633.669398905: grid210x_device byte send 26 eoi 0
+5633.669428905: grid210x_device byte send 8b eoi 0
+5633.669456906: grid210x_device byte send 37 eoi 0
+5633.669485907: grid210x_device byte send 26 eoi 0
+5633.669526908: grid210x_device byte send 8b eoi 0
+5633.669558908: grid210x_device byte send 47 eoi 0
+5633.669587909: grid210x_device byte send 02 eoi 0
+5633.669617910: grid210x_device byte send 3b eoi 0
+5633.669645911: grid210x_device byte send f8 eoi 0
+5633.669675911: grid210x_device byte send 75 eoi 0
+5633.669703912: grid210x_device byte send 02 eoi 0
+5633.669733913: grid210x_device byte send 3b eoi 0
+5633.669761914: grid210x_device byte send ce eoi 0
+5633.669789914: grid210x_device byte send 76 eoi 0
+5633.669819915: grid210x_device byte send 15 eoi 0
+5633.669848916: grid210x_device byte send 26 eoi 0
+5633.669876916: grid210x_device byte send 2b eoi 0
+5633.669903917: grid210x_device byte send b7 eoi 0
+5633.669934918: grid210x_device byte send 04 eoi 0
+5633.669964919: grid210x_device byte send 04 eoi 0
+5633.669993919: grid210x_device byte send 26 eoi 0
+5633.670230925: grid210x_device byte send 1b eoi 0
+5633.670276926: grid210x_device byte send 87 eoi 0
+5633.670311927: grid210x_device byte send 06 eoi 0
+5633.670343928: grid210x_device byte send 04 eoi 0
+5633.670373929: grid210x_device byte send 89 eoi 0
+5633.670402929: grid210x_device byte send 36 eoi 0
+5633.670432930: grid210x_device byte send 90 eoi 0
+5633.670461931: grid210x_device byte send 0a eoi 0
+5633.670490932: grid210x_device byte send c6 eoi 0
+5633.670518932: grid210x_device byte send 06 eoi 0
+5633.670550933: grid210x_device byte send b1 eoi 0
+5633.670579934: grid210x_device byte send 0e eoi 0
+5633.670608934: grid210x_device byte send 01 eoi 0
+5633.670637935: grid210x_device byte send eb eoi 0
+5633.670665936: grid210x_device byte send 06 eoi 0
+5633.670696937: grid210x_device byte send a1 eoi 0
+5633.670726937: grid210x_device byte send 8c eoi 0
+5633.670754938: grid210x_device byte send 0a eoi 0
+5633.670783939: grid210x_device byte send a3 eoi 0
+5633.670813939: grid210x_device byte send 90 eoi 0
+5633.670841940: grid210x_device byte send 0a eoi 0
+5633.670870941: grid210x_device byte send c4 eoi 0
+5633.670900942: grid210x_device byte send 1e eoi 0
+5633.670932942: grid210x_device byte send 92 eoi 0
+5633.670960943: grid210x_device byte send 0a eoi 0
+5633.670990944: grid210x_device byte send 8b eoi 0
+5633.671019945: grid210x_device byte send 36 eoi 0
+5633.671049945: grid210x_device byte send 8a eoi 0
+5633.671077946: grid210x_device byte send 0a eoi 0
+5633.671106947: grid210x_device byte send 8d eoi 0
+5633.671135947: grid210x_device byte send 70 eoi 0
+5633.671315952: grid210x_device byte send 04 eoi 0
+5633.671362953: grid210x_device byte send 06 eoi 0
+5633.671393954: grid210x_device byte send c4 eoi 0
+5633.671424955: grid210x_device byte send 5e eoi 0
+5633.671452955: grid210x_device byte send 06 eoi 0
+5633.671482956: grid210x_device byte send 8b eoi 0
+5633.671509957: grid210x_device byte send 3e eoi 0
+5633.671538957: grid210x_device byte send 8e eoi 0
+5633.671866965: grid210x_device byte send 0a eoi 0
+5633.671907966: grid210x_device byte send 8d eoi 0
+5633.671941967: grid210x_device byte send 39 eoi 0
+5633.671970968: grid210x_device byte send 8b eoi 0
+5633.671998969: grid210x_device byte send 0e eoi 0
+5633.672028969: grid210x_device byte send 90 eoi 0
+5633.672058970: grid210x_device byte send 0a eoi 0
+5633.672088971: grid210x_device byte send 1e eoi 0
+5633.672116972: grid210x_device byte send 8e eoi 0
+5633.672144972: grid210x_device byte send 9e eoi 0
+5633.672174973: grid210x_device byte send fe eoi 0
+5633.672202974: grid210x_device byte send ff eoi 0
+5633.672411979: grid210x_device byte send fc eoi 0
+5633.672456980: grid210x_device byte send f2 eoi 0
+5633.672488981: grid210x_device byte send a4 eoi 0
+5633.672517982: grid210x_device byte send 1f eoi 0
+5633.672548982: grid210x_device byte send 59 eoi 0
+5633.672577983: grid210x_device byte send a1 eoi 0
+5633.672605984: grid210x_device byte send 90 eoi 0
+5633.672633984: grid210x_device byte send 0a eoi 0
+5633.672663985: grid210x_device byte send 01 eoi 0
+5633.672695986: grid210x_device byte send 06 eoi 0
+5633.672724987: grid210x_device byte send 8e eoi 0
+5633.672753987: grid210x_device byte send 0a eoi 0
+5633.672782988: grid210x_device byte send c4 eoi 0
+5633.672812989: grid210x_device byte send 5e eoi 0
+5633.672841990: grid210x_device byte send 0a eoi 0
+5633.672870990: grid210x_device byte send ba eoi 0
+5633.672899991: grid210x_device byte send 00 eoi 0
+5633.672931992: grid210x_device byte send 00 eoi 0
+5633.672960992: grid210x_device byte send 26 eoi 0
+5633.672988993: grid210x_device byte send 03 eoi 0
+5633.673017994: grid210x_device byte send 87 eoi 0
+5633.673046995: grid210x_device byte send 04 eoi 0
+5633.673076995: grid210x_device byte send 04 eoi 0
+5633.673105996: grid210x_device byte send 26 eoi 0
+5633.673134997: grid210x_device byte send 13 eoi 0
+5633.673162997: grid210x_device byte send 97 eoi 0
+5633.673193998: grid210x_device byte send 06 eoi 0
+5633.673222999: grid210x_device byte send 04 eoi 0
+5633.673253000: grid210x_device byte send 26 eoi 0
+5633.673282000: grid210x_device byte send 89 eoi 0
+5633.673312001: grid210x_device byte send 87 eoi 0
+5633.673486005: grid210x_device byte send 04 eoi 0
+5633.673523006: grid210x_device byte send 04 eoi 0
+5633.673556007: grid210x_device byte send 26 eoi 0
+5633.673587008: grid210x_device byte send 89 eoi 0
+5633.673616009: grid210x_device byte send 97 eoi 0
+5633.673645009: grid210x_device byte send 06 eoi 0
+5633.673677010: grid210x_device byte send 04 eoi 0
+5633.673706011: grid210x_device byte send e9 eoi 0
+5633.673735012: grid210x_device byte send 10 eoi 0
+5633.673763012: grid210x_device byte send ff eoi 0
+5633.673791013: grid210x_device byte send a1 eoi 0
+5633.673821014: grid210x_device byte send 8e eoi 0
+5633.673849014: grid210x_device byte send 0a eoi 0
+5633.673878015: grid210x_device byte send 5d eoi 0
+5633.673907016: grid210x_device byte send c2 eoi 0
+5633.673938017: grid210x_device byte send 0a eoi 0
+5633.673969017: grid210x_device byte send 00 eoi 0
+5633.673998018: grid210x_device byte send 55 eoi 0
+5633.674026019: grid210x_device byte send 8b eoi 0
+5633.674056020: grid210x_device byte send ec eoi 0
+5633.674085020: grid210x_device byte send a1 eoi 0
+5633.674113021: grid210x_device byte send 00 eoi 0
+5633.674143022: grid210x_device byte send 00 eoi 0
+5633.674173022: grid210x_device byte send 09 eoi 0
+5633.674203023: grid210x_device byte send c0 eoi 0
+5633.674232024: grid210x_device byte send 75 eoi 0
+5633.674261025: grid210x_device byte send 2d eoi 0
+5633.674288025: grid210x_device byte send ff eoi 0
+5633.674319026: grid210x_device byte send 76 eoi 0
+5633.674348027: grid210x_device byte send 0c eoi 0
+5633.674508031: grid210x_device byte send b8 eoi 0
+5633.674558032: grid210x_device byte send 58 eoi 0
+5633.674589033: grid210x_device byte send 00 eoi 0
+5633.674621033: grid210x_device byte send 1e eoi 0
+5633.674650034: grid210x_device byte send 50 eoi 0
+5633.674682035: grid210x_device byte send e8 eoi 0
+5633.674966042: grid210x_device byte send 6d eoi 0
+5633.675005043: grid210x_device byte send fd eoi 0
+5633.675035044: grid210x_device byte send b8 eoi 0
+5633.675068045: grid210x_device byte send 58 eoi 0
+5633.675097045: grid210x_device byte send 00 eoi 0
+5633.675127046: grid210x_device byte send 1e eoi 0
+5633.675156047: grid210x_device byte send 50 eoi 0
+5633.675186047: grid210x_device byte send b8 eoi 0
+5633.675214048: grid210x_device byte send ef eoi 0
+5633.675243049: grid210x_device byte send 0e eoi 0
+5633.675272050: grid210x_device byte send 1e eoi 0
+5633.675303050: grid210x_device byte send 50 eoi 0
+5633.675331051: grid210x_device byte send b8 eoi 0
+5633.675360052: grid210x_device byte send 01 eoi 0
+5633.675389052: grid210x_device byte send 00 eoi 0
+5633.675418053: grid210x_device byte send 50 eoi 0
+5633.675645059: grid210x_device byte send e8 eoi 0
+5633.675737061: grid210x_device byte send ae eoi 0
+5633.675773062: grid210x_device byte send fe eoi 0
+5633.675841064: grid210x_device byte send a3 eoi 0
+5633.675877065: grid210x_device byte send 98 eoi 0
+5633.675908065: grid210x_device byte send 0a eoi 1
+5633.676342076: grid210x_device byte recv 5f atn 1 eoi 0
+5633.676363077: grid210x_device now not talking
+5633.678656133: grid210x_device byte recv 25 atn 1 eoi 0
+5633.678815137: grid210x_device now listening
+5633.679862163: grid210x_device byte recv 04 atn 0 eoi 0
+5633.679904164: grid210x_device byte recv 00 atn 0 eoi 0
+5633.679934165: grid210x_device byte recv 00 atn 0 eoi 0
+5633.679960165: grid210x_device byte recv 03 atn 0 eoi 0
+5633.679985166: grid210x_device byte recv 00 atn 0 eoi 0
+5633.680078168: grid210x_device byte recv 00 atn 0 eoi 0
+5633.680112169: grid210x_device byte recv 00 atn 0 eoi 0
+5633.680138170: grid210x_device byte recv 00 atn 0 eoi 0
+5633.680161170: grid210x_device byte recv 02 atn 0 eoi 0
+5633.681248197: grid210x_device byte recv 00 atn 0 eoi 1
+5633.681287198: grid210x_device byte recv 3f atn 1 eoi 0
+5633.681310199: grid210x_device now not listening
+5633.681321199: grid210x_device command 4, data size 512, sector no 3
+5633.781924683: grid210x_device byte recv 18 atn 1 eoi 0
+5633.782025686: grid210x_device byte recv 45 atn 1 eoi 0
+5633.782045686: grid210x_device now talking
+5633.782070687: grid210x_device byte send 4f eoi 0
+5633.782159689: grid210x_device byte recv 19 atn 1 eoi 0
+5633.782202690: grid210x_device byte recv 5f atn 1 eoi 0
+5633.782219690: grid210x_device now not talking
+5633.783342718: grid210x_device byte recv 45 atn 1 eoi 0
+5633.783366719: grid210x_device now talking
+5633.784179739: grid210x_device byte send 09 eoi 0
+5633.784634750: grid210x_device byte send c0 eoi 0
+5633.784664751: grid210x_device byte send 74 eoi 0
+5633.784696752: grid210x_device byte send 07 eoi 0
+5633.784727752: grid210x_device byte send 80 eoi 0
+5633.784755753: grid210x_device byte send 3e eoi 0
+5633.784783754: grid210x_device byte send ef eoi 0
+5633.784813754: grid210x_device byte send 0e eoi 0
+5633.784842755: grid210x_device byte send ff eoi 0
+5633.784870756: grid210x_device byte send 75 eoi 0
+5633.784898757: grid210x_device byte send 05 eoi 0
+5633.784930757: grid210x_device byte send b8 eoi 0
+5633.784959758: grid210x_device byte send 02 eoi 0
+5633.784989759: grid210x_device byte send 00 eoi 0
+5633.785018759: grid210x_device byte send eb eoi 0
+5633.785048760: grid210x_device byte send 6b eoi 0
+5633.785076761: grid210x_device byte send b8 eoi 0
+5633.785105762: grid210x_device byte send 58 eoi 0
+5633.785134762: grid210x_device byte send 00 eoi 0
+5633.785164763: grid210x_device byte send 1e eoi 0
+5633.785194764: grid210x_device byte send 50 eoi 0
+5633.785223765: grid210x_device byte send b8 eoi 0
+5633.785251765: grid210x_device byte send 96 eoi 0
+5633.785279766: grid210x_device byte send 0a eoi 0
+5633.785310767: grid210x_device byte send 1e eoi 0
+5633.785340767: grid210x_device byte send 50 eoi 0
+5633.785368768: grid210x_device byte send b8 eoi 0
+5633.785396769: grid210x_device byte send 02 eoi 0
+5633.785427770: grid210x_device byte send 00 eoi 0
+5633.785770778: grid210x_device byte send 50 eoi 0
+5633.785812779: grid210x_device byte send e8 eoi 0
+5633.785843780: grid210x_device byte send 8a eoi 0
+5633.785872781: grid210x_device byte send fe eoi 0
+5633.785900781: grid210x_device byte send a3 eoi 0
+5633.785932782: grid210x_device byte send 98 eoi 0
+5633.785960783: grid210x_device byte send 0a eoi 0
+5633.785990783: grid210x_device byte send b8 eoi 0
+5633.786019784: grid210x_device byte send 58 eoi 0
+5633.786048785: grid210x_device byte send 00 eoi 0
+5633.786078786: grid210x_device byte send 1e eoi 0
+5633.786108786: grid210x_device byte send 50 eoi 0
+5633.786136787: grid210x_device byte send b8 eoi 0
+5633.786164788: grid210x_device byte send b2 eoi 0
+5633.786194789: grid210x_device byte send 0e eoi 0
+5633.786224789: grid210x_device byte send 1e eoi 0
+5633.786253790: grid210x_device byte send 50 eoi 0
+5633.786282791: grid210x_device byte send b8 eoi 0
+5633.786312791: grid210x_device byte send 01 eoi 0
+5633.786342792: grid210x_device byte send 00 eoi 0
+5633.786372793: grid210x_device byte send 50 eoi 0
+5633.786400794: grid210x_device byte send e8 eoi 0
+5633.786430794: grid210x_device byte send 76 eoi 0
+5633.786458795: grid210x_device byte send fe eoi 0
+5633.786485796: grid210x_device byte send a3 eoi 0
+5633.786513796: grid210x_device byte send 98 eoi 0
+5633.786541797: grid210x_device byte send 0a eoi 0
+5633.786572798: grid210x_device byte send b8 eoi 0
+5633.786601799: grid210x_device byte send 58 eoi 0
+5633.786629799: grid210x_device byte send 00 eoi 0
+5633.786658800: grid210x_device byte send 1e eoi 0
+5633.786688801: grid210x_device byte send 50 eoi 0
+5633.786716801: grid210x_device byte send b8 eoi 0
+5633.786745802: grid210x_device byte send b3 eoi 0
+5633.786773803: grid210x_device byte send 0e eoi 0
+5633.786804804: grid210x_device byte send 1e eoi 0
+5633.786834804: grid210x_device byte send 50 eoi 0
+5633.786863805: grid210x_device byte send a0 eoi 0
+5633.786891806: grid210x_device byte send b2 eoi 0
+5633.786919806: grid210x_device byte send 0e eoi 0
+5633.786950807: grid210x_device byte send b4 eoi 0
+5633.786979808: grid210x_device byte send 00 eoi 0
+5633.787008809: grid210x_device byte send 50 eoi 0
+5633.787036809: grid210x_device byte send e8 eoi 0
+5633.787066810: grid210x_device byte send 60 eoi 0
+5633.787095811: grid210x_device byte send fe eoi 0
+5633.787123811: grid210x_device byte send a3 eoi 0
+5633.787150812: grid210x_device byte send 98 eoi 0
+5633.787181813: grid210x_device byte send 0a eoi 0
+5633.787211814: grid210x_device byte send c4 eoi 0
+5633.787239814: grid210x_device byte send 5e eoi 0
+5633.787267815: grid210x_device byte send 08 eoi 0
+5633.787296816: grid210x_device byte send a0 eoi 0
+5633.787326816: grid210x_device byte send b2 eoi 0
+5633.787354817: grid210x_device byte send 0e eoi 0
+5633.787383818: grid210x_device byte send 26 eoi 0
+5633.787412819: grid210x_device byte send 38 eoi 0
+5633.787441819: grid210x_device byte send 07 eoi 0
+5633.787471820: grid210x_device byte send 75 eoi 0
+5633.787500821: grid210x_device byte send 26 eoi 0
+5633.787527821: grid210x_device byte send b9 eoi 0
+5633.787557822: grid210x_device byte send b3 eoi 0
+5633.787586823: grid210x_device byte send 0e eoi 0
+5633.787615824: grid210x_device byte send 1e eoi 0
+5633.787644824: grid210x_device byte send 51 eoi 0
+5633.787737827: grid210x_device byte send 8d eoi 0
+5633.787779828: grid210x_device byte send 4f eoi 0
+5633.787850829: grid210x_device byte send 01 eoi 0
+5633.787887830: grid210x_device byte send 06 eoi 0
+5633.787918831: grid210x_device byte send 51 eoi 0
+5633.787951832: grid210x_device byte send b4 eoi 0
+5633.787980833: grid210x_device byte send 00 eoi 0
+5633.788009833: grid210x_device byte send 50 eoi 0
+5633.788038834: grid210x_device byte send 9a eoi 0
+5633.788068835: grid210x_device byte send ec eoi 0
+5633.788096835: grid210x_device byte send 00 eoi 0
+5633.788126836: grid210x_device byte send ef eoi 0
+5633.788154837: grid210x_device byte send ff eoi 0
+5633.788425844: grid210x_device byte send d0 eoi 0
+5633.788467845: grid210x_device byte send d8 eoi 0
+5633.788497845: grid210x_device byte send 73 eoi 0
+5633.788526846: grid210x_device byte send 10 eoi 0
+5633.788556847: grid210x_device byte send a1 eoi 0
+5633.788585848: grid210x_device byte send 96 eoi 0
+5633.788613848: grid210x_device byte send 0a eoi 0
+5633.788644849: grid210x_device byte send c4 eoi 0
+5633.788675850: grid210x_device byte send 5e eoi 0
+5633.788704851: grid210x_device byte send 04 eoi 0
+5633.788734851: grid210x_device byte send 26 eoi 0
+5633.788762852: grid210x_device byte send 89 eoi 0
+5633.788790853: grid210x_device byte send 07 eoi 0
+5633.788821853: grid210x_device byte send b8 eoi 0
+5633.788850854: grid210x_device byte send 00 eoi 0
+5633.788879855: grid210x_device byte send 00 eoi 0
+5633.788908856: grid210x_device byte send 5d eoi 0
+5633.788939856: grid210x_device byte send c2 eoi 0
+5633.788968857: grid210x_device byte send 0a eoi 0
+5633.788997858: grid210x_device byte send 00 eoi 0
+5633.789026858: grid210x_device byte send b8 eoi 0
+5633.789056859: grid210x_device byte send 58 eoi 0
+5633.789085860: grid210x_device byte send 00 eoi 0
+5633.789114861: grid210x_device byte send 1e eoi 0
+5633.789143861: grid210x_device byte send 50 eoi 0
+5633.789171862: grid210x_device byte send b8 eoi 0
+5633.789201863: grid210x_device byte send f0 eoi 0
+5633.789229863: grid210x_device byte send 0e eoi 0
+5633.789258864: grid210x_device byte send 1e eoi 0
+5633.789287865: grid210x_device byte send 50 eoi 0
+5633.789317866: grid210x_device byte send b8 eoi 0
+5633.789345866: grid210x_device byte send 01 eoi 0
+5633.789375867: grid210x_device byte send 00 eoi 0
+5633.789404868: grid210x_device byte send 50 eoi 0
+5633.789435869: grid210x_device byte send e8 eoi 0
+5633.789463869: grid210x_device byte send 1b eoi 0
+5633.789491870: grid210x_device byte send fe eoi 0
+5633.789519871: grid210x_device byte send a3 eoi 0
+5633.789548871: grid210x_device byte send 98 eoi 0
+5633.789576872: grid210x_device byte send 0a eoi 0
+5633.789605873: grid210x_device byte send e9 eoi 0
+5633.789634873: grid210x_device byte send 56 eoi 0
+5633.789662874: grid210x_device byte send ff eoi 0
+5633.789692875: grid210x_device byte send 55 eoi 0
+5633.789720876: grid210x_device byte send 8b eoi 0
+5633.789749876: grid210x_device byte send ec eoi 0
+5633.789777877: grid210x_device byte send b8 eoi 0
+5633.789807878: grid210x_device byte send 60 eoi 0
+5633.789836878: grid210x_device byte send 04 eoi 0
+5633.789866879: grid210x_device byte send 1e eoi 0
+5633.789894880: grid210x_device byte send 50 eoi 0
+5633.789924881: grid210x_device byte send b8 eoi 0
+5633.789953881: grid210x_device byte send 18 eoi 0
+5633.789981882: grid210x_device byte send 00 eoi 0
+5633.790569897: grid210x_device byte send 1e eoi 0
+5633.790627898: grid210x_device byte send 50 eoi 0
+5633.790659899: grid210x_device byte send b8 eoi 0
+5633.790691900: grid210x_device byte send 0a eoi 0
+5633.790724900: grid210x_device byte send 00 eoi 0
+5633.790753901: grid210x_device byte send 50 eoi 0
+5633.790781902: grid210x_device byte send e8 eoi 0
+5633.790811903: grid210x_device byte send 01 eoi 0
+5633.790840903: grid210x_device byte send fe eoi 0
+5633.790869904: grid210x_device byte send a3 eoi 0
+5633.790897905: grid210x_device byte send 9c eoi 0
+5633.790927905: grid210x_device byte send 0a eoi 0
+5633.790957906: grid210x_device byte send c7 eoi 0
+5633.790985907: grid210x_device byte send 06 eoi 0
+5633.791015908: grid210x_device byte send 9e eoi 0
+5633.791043908: grid210x_device byte send 0a eoi 0
+5633.791074909: grid210x_device byte send 00 eoi 0
+5633.791104910: grid210x_device byte send 00 eoi 0
+5633.791133910: grid210x_device byte send c7 eoi 0
+5633.791162911: grid210x_device byte send 06 eoi 0
+5633.791194912: grid210x_device byte send 9c eoi 0
+5633.791222913: grid210x_device byte send 0a eoi 0
+5633.791251913: grid210x_device byte send ec eoi 0
+5633.791280914: grid210x_device byte send 03 eoi 0
+5633.791311915: grid210x_device byte send b8 eoi 0
+5633.791895929: grid210x_device byte send ec eoi 0
+5633.791940930: grid210x_device byte send 03 eoi 0
+5633.791974931: grid210x_device byte send 39 eoi 0
+5633.792003932: grid210x_device byte send 06 eoi 0
+5633.792032933: grid210x_device byte send 9c eoi 0
+5633.792063933: grid210x_device byte send 0a eoi 0
+5633.792093934: grid210x_device byte send 75 eoi 0
+5633.792121935: grid210x_device byte send 1e eoi 0
+5633.792149936: grid210x_device byte send b9 eoi 0
+5633.792180936: grid210x_device byte send 60 eoi 0
+5633.792208937: grid210x_device byte send 04 eoi 0
+5633.792237938: grid210x_device byte send 1e eoi 0
+5633.792265938: grid210x_device byte send 51 eoi 0
+5633.792294939: grid210x_device byte send c4 eoi 0
+5633.792324940: grid210x_device byte send 1e eoi 0
+5633.792352941: grid210x_device byte send 1a eoi 0
+5633.792380941: grid210x_device byte send 00 eoi 0
+5633.792409942: grid210x_device byte send 8b eoi 0
+5633.792440943: grid210x_device byte send 36 eoi 0
+5633.792469943: grid210x_device byte send 9e eoi 0
+5633.792497944: grid210x_device byte send 0a eoi 0
+5633.792527945: grid210x_device byte send 8d eoi 0
+5633.792557946: grid210x_device byte send 08 eoi 0
+5633.792587946: grid210x_device byte send 06 eoi 0
+5633.792792951: grid210x_device byte send 51 eoi 0
+5633.792838953: grid210x_device byte send 50 eoi 0
+5633.792869953: grid210x_device byte send e8 eoi 0
+5633.792899954: grid210x_device byte send d4 eoi 0
+5633.792930955: grid210x_device byte send fd eoi 0
+5633.792959956: grid210x_device byte send a3 eoi 0
+5633.792988956: grid210x_device byte send 9c eoi 0
+5633.793015957: grid210x_device byte send 0a eoi 0
+5633.793046958: grid210x_device byte send 01 eoi 0
+5633.793077958: grid210x_device byte send 06 eoi 0
+5633.793107959: grid210x_device byte send 9e eoi 0
+5633.793135960: grid210x_device byte send 0a eoi 0
+5633.793164961: grid210x_device byte send eb eoi 0
+5633.793194961: grid210x_device byte send d9 eoi 0
+5633.793223962: grid210x_device byte send b8 eoi 0
+5633.793251963: grid210x_device byte send 1a eoi 0
+5633.793279963: grid210x_device byte send 00 eoi 0
+5633.793310964: grid210x_device byte send 1e eoi 0
+5633.793339965: grid210x_device byte send 50 eoi 0
+5633.793367966: grid210x_device byte send b8 eoi 0
+5633.793396966: grid210x_device byte send 08 eoi 0
+5633.793428967: grid210x_device byte send 00 eoi 0
+5633.793458968: grid210x_device byte send 50 eoi 0
+5633.793486969: grid210x_device byte send 9a eoi 0
+5633.793514969: grid210x_device byte send f1 eoi 0
+5633.793542970: grid210x_device byte send 00 eoi 0
+5633.793574971: grid210x_device byte send ef eoi 0
+5633.793603971: grid210x_device byte send ff eoi 0
+5633.793631972: grid210x_device byte send 50 eoi 0
+5633.793660973: grid210x_device byte send c4 eoi 0
+5633.793690974: grid210x_device byte send 06 eoi 0
+5633.793869978: grid210x_device byte send 1a eoi 0
+5633.793904979: grid210x_device byte send 00 eoi 0
+5633.793939980: grid210x_device byte send 06 eoi 0
+5633.793969981: grid210x_device byte send 50 eoi 0
+5633.793998981: grid210x_device byte send ff eoi 0
+5633.794027982: grid210x_device byte send 36 eoi 0
+5633.794057983: grid210x_device byte send 9e eoi 0
+5633.794086983: grid210x_device byte send 0a eoi 0
+5633.794116984: grid210x_device byte send 9a eoi 0
+5633.794144985: grid210x_device byte send f1 eoi 0
+5633.794174986: grid210x_device byte send 00 eoi 0
+5633.794204986: grid210x_device byte send ef eoi 0
+5633.794232987: grid210x_device byte send ff eoi 0
+5633.794260988: grid210x_device byte send 59 eoi 0
+5633.794288988: grid210x_device byte send 03 eoi 0
+5633.794319989: grid210x_device byte send c1 eoi 0
+5633.794348990: grid210x_device byte send 3b eoi 0
+5633.794377991: grid210x_device byte send 06 eoi 0
+5633.794407991: grid210x_device byte send 18 eoi 0
+5633.794437992: grid210x_device byte send 00 eoi 0
+5633.794467993: grid210x_device byte send 74 eoi 0
+5633.794495994: grid210x_device byte send 06 eoi 0
+5633.794525994: grid210x_device byte send c7 eoi 0
+5633.794556995: grid210x_device byte send 06 eoi 0
+5633.795012006: grid210x_device byte send 00 eoi 0
+5633.795054007: grid210x_device byte send 00 eoi 0
+5633.795086008: grid210x_device byte send 03 eoi 0
+5633.795117009: grid210x_device byte send 00 eoi 0
+5633.795146010: grid210x_device byte send 5d eoi 0
+5633.795176010: grid210x_device byte send c3 eoi 0
+5633.795205011: grid210x_device byte send 55 eoi 0
+5633.795233012: grid210x_device byte send 8b eoi 0
+5633.795261012: grid210x_device byte send ec eoi 0
+5633.795290013: grid210x_device byte send b0 eoi 0
+5633.795321014: grid210x_device byte send 00 eoi 0
+5633.795351015: grid210x_device byte send a2 eoi 0
+5633.795379015: grid210x_device byte send 2f eoi 0
+5633.795408016: grid210x_device byte send 00 eoi 0
+5633.795440017: grid210x_device byte send a2 eoi 0
+5633.795468018: grid210x_device byte send 56 eoi 0
+5633.795497018: grid210x_device byte send 00 eoi 0
+5633.795526019: grid210x_device byte send a1 eoi 0
+5633.795556020: grid210x_device byte send 76 eoi 0
+5633.795585020: grid210x_device byte send 08 eoi 0
+5633.795615021: grid210x_device byte send 09 eoi 0
+5633.795644022: grid210x_device byte send c0 eoi 0
+5633.795672023: grid210x_device byte send 74 eoi 0
+5633.795764025: grid210x_device byte send 24 eoi 0
+5633.795797026: grid210x_device byte send a3 eoi 0
+5633.796019031: grid210x_device byte send 50 eoi 0
+5633.796063032: grid210x_device byte send 00 eoi 0
+5633.796098033: grid210x_device byte send a1 eoi 0
+5633.796128034: grid210x_device byte send 78 eoi 0
+5633.796156035: grid210x_device byte send 08 eoi 0
+5633.796187035: grid210x_device byte send a3 eoi 0
+5633.796215036: grid210x_device byte send 52 eoi 0
+5633.796244037: grid210x_device byte send 00 eoi 0
+5633.796273037: grid210x_device byte send 8b eoi 0
+5633.796304038: grid210x_device byte send 0e eoi 0
+5633.796333039: grid210x_device byte send 7a eoi 0
+5633.796361040: grid210x_device byte send 08 eoi 0
+5633.796390040: grid210x_device byte send 89 eoi 0
+5633.796418041: grid210x_device byte send 0e eoi 0
+5633.796450042: grid210x_device byte send 54 eoi 0
+5633.796478042: grid210x_device byte send 00 eoi 0
+5633.796508043: grid210x_device byte send 8a eoi 0
+5633.796536044: grid210x_device byte send 16 eoi 0
+5633.796566045: grid210x_device byte send 7e eoi 0
+5633.796595045: grid210x_device byte send 08 eoi 0
+5633.796624046: grid210x_device byte send 88 eoi 0
+5633.796653047: grid210x_device byte send 16 eoi 0
+5633.796682047: grid210x_device byte send 57 eoi 0
+5633.796711048: grid210x_device byte send 00 eoi 0
+5633.796743049: grid210x_device byte send f7 eoi 0
+5633.796772050: grid210x_device byte send e1 eoi 0
+5633.796802050: grid210x_device byte send f7 eoi 0
+5633.796831051: grid210x_device byte send 26 eoi 0
+5633.796859052: grid210x_device byte send 7c eoi 0
+5633.796887053: grid210x_device byte send 08 eoi 0
+5633.796917053: grid210x_device byte send a3 eoi 0
+5633.797112058: grid210x_device byte send 26 eoi 0
+5633.797146059: grid210x_device byte send 00 eoi 0
+5633.797180060: grid210x_device byte send eb eoi 0
+5633.797209061: grid210x_device byte send 17 eoi 0
+5633.797238061: grid210x_device byte send c7 eoi 0
+5633.797266062: grid210x_device byte send 06 eoi 0
+5633.797295063: grid210x_device byte send 52 eoi 0
+5633.797326063: grid210x_device byte send 00 eoi 0
+5633.797355064: grid210x_device byte send 09 eoi 0
+5633.797384065: grid210x_device byte send 00 eoi 0
+5633.797413066: grid210x_device byte send c7 eoi 0
+5633.797444066: grid210x_device byte send 06 eoi 0
+5633.797474067: grid210x_device byte send 54 eoi 0
+5633.797502068: grid210x_device byte send 00 eoi 0
+5633.797532068: grid210x_device byte send 02 eoi 0
+5633.797563069: grid210x_device byte send 00 eoi 0
+5633.797592070: grid210x_device byte send c6 eoi 0
+5633.797620071: grid210x_device byte send 06 eoi 0
+5633.797649071: grid210x_device byte send 57 eoi 0
+5633.797679072: grid210x_device byte send 00 eoi 0
+5633.797708073: grid210x_device byte send 01 eoi 0
+5633.797739074: grid210x_device byte send c7 eoi 0
+5633.797767074: grid210x_device byte send 06 eoi 0
+5633.798240086: grid210x_device byte send 26 eoi 0
+5633.798279087: grid210x_device byte send 00 eoi 0
+5633.798312088: grid210x_device byte send d0 eoi 0
+5633.798342088: grid210x_device byte send 02 eoi 0
+5633.798372089: grid210x_device byte send b8 eoi 0
+5633.798400090: grid210x_device byte send 22 eoi 0
+5633.798431091: grid210x_device byte send 00 eoi 0
+5633.798460091: grid210x_device byte send 1e eoi 0
+5633.798488092: grid210x_device byte send 50 eoi 0
+5633.798517093: grid210x_device byte send b8 eoi 0
+5633.798544093: grid210x_device byte send ff eoi 0
+5633.798586095: grid210x_device byte send ff eoi 0
+5633.798617095: grid210x_device byte send 89 eoi 0
+5633.798645096: grid210x_device byte send c2 eoi 0
+5633.798675097: grid210x_device byte send 52 eoi 0
+5633.798704097: grid210x_device byte send 50 eoi 0
+5633.798732098: grid210x_device byte send ff eoi 0
+5633.798760099: grid210x_device byte send 36 eoi 0
+5633.798788099: grid210x_device byte send 22 eoi 0
+5633.798818100: grid210x_device byte send 00 eoi 0
+5633.798848101: grid210x_device byte send e8 eoi 0
+5633.798876102: grid210x_device byte send 7b eoi 0
+5633.798903102: grid210x_device byte send fb eoi 0
+5633.798934103: grid210x_device byte send c6 eoi 0
+5633.798963104: grid210x_device byte send 06 eoi 0
+5633.798992105: grid210x_device byte send a5 eoi 0
+5633.799021105: grid210x_device byte send 0e eoi 0
+5633.799052106: grid210x_device byte send 01 eoi 0
+5633.799081107: grid210x_device byte send b8 eoi 0
+5633.799263111: grid210x_device byte send 05 eoi 0
+5633.799420115: grid210x_device byte send 00 eoi 0
+5633.799453116: grid210x_device byte send 50 eoi 0
+5633.799481117: grid210x_device byte send b8 eoi 0
+5633.799509117: grid210x_device byte send 99 eoi 0
+5633.799537118: grid210x_device byte send 0e eoi 0
+5633.799568119: grid210x_device byte send 1e eoi 0
+5633.799596119: grid210x_device byte send 50 eoi 0
+5633.799624120: grid210x_device byte send b8 eoi 0
+5633.799652121: grid210x_device byte send a0 eoi 0
+5633.799682122: grid210x_device byte send 0a eoi 0
+5633.799712122: grid210x_device byte send 1e eoi 0
+5633.799740123: grid210x_device byte send 50 eoi 0
+5633.799768124: grid210x_device byte send ff eoi 0
+5633.799797124: grid210x_device byte send 1e eoi 0
+5633.799827125: grid210x_device byte send ac eoi 0
+5633.799855126: grid210x_device byte send 0e eoi 0
+5633.799884127: grid210x_device byte send 5d eoi 0
+5633.799912127: grid210x_device byte send c3 eoi 0
+5633.799942128: grid210x_device byte send 55 eoi 0
+5633.799971129: grid210x_device byte send 8b eoi 0
+5633.799999129: grid210x_device byte send ec eoi 0
+5633.800108132: grid210x_device byte send b8 eoi 0
+5633.800141133: grid210x_device byte send 00 eoi 0
+5633.800315137: grid210x_device byte send 00 eoi 0
+5633.800355138: grid210x_device byte send 89 eoi 0
+5633.800385139: grid210x_device byte send c2 eoi 0
+5633.800414140: grid210x_device byte send a3 eoi 0
+5633.800445140: grid210x_device byte send 0c eoi 0
+5633.800476141: grid210x_device byte send 00 eoi 0
+5633.800504142: grid210x_device byte send 89 eoi 0
+5633.800533143: grid210x_device byte send 16 eoi 0
+5633.800564143: grid210x_device byte send 0e eoi 0
+5633.800593144: grid210x_device byte send 00 eoi 0
+5633.800623145: grid210x_device byte send c6 eoi 0
+5633.800651145: grid210x_device byte send 06 eoi 0
+5633.800681146: grid210x_device byte send f1 eoi 0
+5633.800711147: grid210x_device byte send 0e eoi 0
+5633.800741148: grid210x_device byte send 01 eoi 0
+5633.800770148: grid210x_device byte send c6 eoi 0
+5633.800801149: grid210x_device byte send 06 eoi 0
+5633.800830150: grid210x_device byte send b0 eoi 0
+5633.800859151: grid210x_device byte send 0e eoi 0
+5633.800888151: grid210x_device byte send 04 eoi 0
+5633.800917152: grid210x_device byte send bf eoi 0
+5633.800949153: grid210x_device byte send ef eoi 0
+5633.800977154: grid210x_device byte send ff eoi 0
+5633.801005154: grid210x_device byte send b9 eoi 0
+5633.801034155: grid210x_device byte send 24 eoi 0
+5633.801524167: grid210x_device byte send 00 eoi 0
+5633.801575168: grid210x_device byte send 89 eoi 0
+5633.801606169: grid210x_device byte send 0e eoi 0
+5633.801636170: grid210x_device byte send ac eoi 0
+5633.801665171: grid210x_device byte send 0e eoi 0
+5633.801698171: grid210x_device byte send 89 eoi 0
+5633.801727172: grid210x_device byte send 3e eoi 0
+5633.801755173: grid210x_device byte send ae eoi 0
+5633.801784173: grid210x_device byte send 0e eoi 0
+5633.801815174: grid210x_device byte send 80 eoi 0
+5633.801843175: grid210x_device byte send 3e eoi 0
+5633.801872176: grid210x_device byte send b0 eoi 0
+5633.801900176: grid210x_device byte send 0a eoi 0
+5633.801932177: grid210x_device byte send 62 eoi 0
+5633.801962178: grid210x_device byte send 75 eoi 0
+5633.801995179: grid210x_device byte send 18 eoi 0
+5633.802024179: grid210x_device byte send c6 eoi 0
+5633.802054180: grid210x_device byte send 06 eoi 0
+5633.802084181: grid210x_device byte send b0 eoi 0
+5633.802112182: grid210x_device byte send 0e eoi 0
+5633.802141182: grid210x_device byte send ff eoi 0
+5633.802169183: grid210x_device byte send bf eoi 0
+5633.802199184: grid210x_device byte send ef eoi 0
+5633.802226184: grid210x_device byte send ff eoi 0
+5633.802254185: grid210x_device byte send b9 eoi 0
+5633.802282186: grid210x_device byte send 1a eoi 0
+5633.802502191: grid210x_device byte send 00 eoi 0
+5633.802557193: grid210x_device byte send 89 eoi 0
+5633.802591193: grid210x_device byte send 0e eoi 0
+5633.802621194: grid210x_device byte send ac eoi 0
+5633.802650195: grid210x_device byte send 0e eoi 0
+5633.802682196: grid210x_device byte send 89 eoi 0
+5633.802711196: grid210x_device byte send 3e eoi 0
+5633.802739197: grid210x_device byte send ae eoi 0
+5633.802767198: grid210x_device byte send 0e eoi 0
+5633.802796198: grid210x_device byte send a2 eoi 0
+5633.802826199: grid210x_device byte send f1 eoi 0
+5633.802854200: grid210x_device byte send 0e eoi 0
+5633.802883201: grid210x_device byte send eb eoi 0
+5633.802912201: grid210x_device byte send 1a eoi 0
+5633.802943202: grid210x_device byte send 80 eoi 0
+5633.802972203: grid210x_device byte send 3e eoi 0
+5633.803000204: grid210x_device byte send b0 eoi 0
+5633.803028204: grid210x_device byte send 0a eoi 0
+5633.803060205: grid210x_device byte send 63 eoi 0
+5633.803089206: grid210x_device byte send 75 eoi 0
+5633.803118206: grid210x_device byte send 07 eoi 0
+5633.803148207: grid210x_device byte send c6 eoi 0
+5633.803177208: grid210x_device byte send 06 eoi 0
+5633.803207209: grid210x_device byte send b0 eoi 0
+5633.803235209: grid210x_device byte send 0e eoi 0
+5633.803264210: grid210x_device byte send 06 eoi 0
+5633.803292211: grid210x_device byte send eb eoi 0
+5633.803323211: grid210x_device byte send 0c eoi 0
+5633.803353212: grid210x_device byte send 80 eoi 0
+5633.803381213: grid210x_device byte send 3e eoi 0
+5633.803409214: grid210x_device byte send b0 eoi 0
+5633.803583218: grid210x_device byte send 0a eoi 0
+5633.803621219: grid210x_device byte send 77 eoi 0
+5633.803652220: grid210x_device byte send 74 eoi 0
+5633.803739222: grid210x_device byte send 05 eoi 0
+5633.803778223: grid210x_device byte send c6 eoi 0
+5633.803849224: grid210x_device byte send 06 eoi 0
+5633.803885225: grid210x_device byte send b0 eoi 0
+5633.803914226: grid210x_device byte send 0e eoi 0
+5633.803948227: grid210x_device byte send 05 eoi 0
+5633.803977228: grid210x_device byte send b8 eoi 0
+5633.804006228: grid210x_device byte send 22 eoi 0
+5633.804035229: grid210x_device byte send 00 eoi 0
+5633.804066230: grid210x_device byte send 1e eoi 0
+5633.804094231: grid210x_device byte send 50 eoi 0
+5633.804122231: grid210x_device byte send b8 eoi 0
+5633.804150232: grid210x_device byte send 00 eoi 0
+5633.804181233: grid210x_device byte send 00 eoi 0
+5633.804211233: grid210x_device byte send 89 eoi 0
+5633.804239234: grid210x_device byte send c2 eoi 0
+5633.804267235: grid210x_device byte send 52 eoi 0
+5633.804295235: grid210x_device byte send 50 eoi 0
+5633.804325236: grid210x_device byte send b8 eoi 0
+5633.804811248: grid210x_device byte send 36 eoi 0
+5633.804852249: grid210x_device byte send 00 eoi 0
+5633.804886250: grid210x_device byte send 50 eoi 0
+5633.804915251: grid210x_device byte send e8 eoi 0
+5633.804948252: grid210x_device byte send ef eoi 0
+5633.804977252: grid210x_device byte send fa eoi 0
+5633.805005253: grid210x_device byte send b8 eoi 0
+5633.805033254: grid210x_device byte send 01 eoi 0
+5633.805065254: grid210x_device byte send 00 eoi 0
+5633.805095255: grid210x_device byte send 50 eoi 0
+5633.805124256: grid210x_device byte send b8 eoi 1
+5633.805555267: grid210x_device byte recv 5f atn 1 eoi 0
+5633.805574267: grid210x_device now not talking
+5633.807877324: grid210x_device byte recv 25 atn 1 eoi 0
+5633.807919325: grid210x_device now listening
+5633.809081354: grid210x_device byte recv 04 atn 0 eoi 0
+5633.809123355: grid210x_device byte recv 00 atn 0 eoi 0
+5633.809151355: grid210x_device byte recv 00 atn 0 eoi 0
+5633.809177356: grid210x_device byte recv 04 atn 0 eoi 0
+5633.809202357: grid210x_device byte recv 00 atn 0 eoi 0
+5633.809226357: grid210x_device byte recv 00 atn 0 eoi 0
+5633.809250358: grid210x_device byte recv 00 atn 0 eoi 0
+5633.809273358: grid210x_device byte recv 00 atn 0 eoi 0
+5633.809296359: grid210x_device byte recv 02 atn 0 eoi 0
+5633.810389386: grid210x_device byte recv 00 atn 0 eoi 1
+5633.810440387: grid210x_device byte recv 3f atn 1 eoi 0
+5633.810460388: grid210x_device now not listening
+5633.810472388: grid210x_device command 4, data size 512, sector no 4
+5633.911061872: grid210x_device byte recv 18 atn 1 eoi 0
+5633.911163874: grid210x_device byte recv 45 atn 1 eoi 0
+5633.911185875: grid210x_device now talking
+5633.911207875: grid210x_device byte send 4f eoi 0
+5633.911296877: grid210x_device byte recv 19 atn 1 eoi 0
+5633.911340879: grid210x_device byte recv 5f atn 1 eoi 0
+5633.911356879: grid210x_device now not talking
+5633.912318903: grid210x_device byte recv 45 atn 1 eoi 0
+5633.912344903: grid210x_device now talking
+5633.913151923: grid210x_device byte send 99 eoi 0
+5633.913606934: grid210x_device byte send 0e eoi 0
+5633.913639935: grid210x_device byte send 1e eoi 0
+5633.913668936: grid210x_device byte send 50 eoi 0
+5633.913699937: grid210x_device byte send b8 eoi 0
+5633.913727937: grid210x_device byte send 00 eoi 0
+5633.913757938: grid210x_device byte send 00 eoi 0
+5633.913786939: grid210x_device byte send 1e eoi 0
+5633.913817940: grid210x_device byte send 50 eoi 0
+5633.913845940: grid210x_device byte send ff eoi 0
+5633.913873941: grid210x_device byte send 1e eoi 0
+5633.913901942: grid210x_device byte send ac eoi 0
+5633.913931942: grid210x_device byte send 0e eoi 0
+5633.913961943: grid210x_device byte send 83 eoi 0
+5633.913990944: grid210x_device byte send 3e eoi 0
+5633.914018945: grid210x_device byte send 00 eoi 0
+5633.914047945: grid210x_device byte send 00 eoi 0
+5633.914078946: grid210x_device byte send 00 eoi 0
+5633.914108947: grid210x_device byte send 74 eoi 0
+5633.914136948: grid210x_device byte send 02 eoi 0
+5633.914165948: grid210x_device byte send 5d eoi 0
+5633.914195949: grid210x_device byte send c3 eoi 0
+5633.914223950: grid210x_device byte send b8 eoi 0
+5633.914252950: grid210x_device byte send 00 eoi 0
+5633.914281951: grid210x_device byte send 02 eoi 0
+5633.914312952: grid210x_device byte send 31 eoi 0
+5633.914340953: grid210x_device byte send d2 eoi 0
+5633.914369953: grid210x_device byte send f7 eoi 0
+5633.914532957: grid210x_device byte send 36 eoi 0
+5633.914562958: grid210x_device byte send 22 eoi 0
+5633.914590959: grid210x_device byte send 00 eoi 0
+5633.914620959: grid210x_device byte send a3 eoi 0
+5633.914647960: grid210x_device byte send a2 eoi 0
+5633.914677961: grid210x_device byte send 0a eoi 0
+5633.914707962: grid210x_device byte send b8 eoi 0
+5633.914735962: grid210x_device byte send 68 eoi 0
+5633.914763963: grid210x_device byte send 08 eoi 0
+5633.914792964: grid210x_device byte send a3 eoi 0
+5633.914823964: grid210x_device byte send a4 eoi 0
+5633.914852965: grid210x_device byte send 0a eoi 0
+5633.915205974: grid210x_device byte send 8c eoi 0
+5633.915245975: grid210x_device byte send 1e eoi 0
+5633.915275976: grid210x_device byte send a6 eoi 0
+5633.915306976: grid210x_device byte send 0a eoi 0
+5633.915336977: grid210x_device byte send c6 eoi 0
+5633.915365978: grid210x_device byte send 06 eoi 0
+5633.915394979: grid210x_device byte send f2 eoi 0
+5633.915422979: grid210x_device byte send 0e eoi 0
+5633.915454980: grid210x_device byte send 00 eoi 0
+5633.915484981: grid210x_device byte send a1 eoi 0
+5633.915512982: grid210x_device byte send a2 eoi 0
+5633.915540982: grid210x_device byte send 0a eoi 0
+5633.915571983: grid210x_device byte send 48 eoi 0
+5633.915599984: grid210x_device byte send 8a eoi 0
+5633.915628984: grid210x_device byte send 0e eoi 0
+5633.915657985: grid210x_device byte send f2 eoi 0
+5633.915748987: grid210x_device byte send 0e eoi 0
+5633.915786988: grid210x_device byte send b5 eoi 0
+5633.915857990: grid210x_device byte send 00 eoi 0
+5633.915894991: grid210x_device byte send 3b eoi 0
+5633.915924992: grid210x_device byte send c8 eoi 0
+5633.915956992: grid210x_device byte send 77 eoi 0
+5633.915984993: grid210x_device byte send 29 eoi 0
+5633.916013994: grid210x_device byte send 83 eoi 0
+5633.916041995: grid210x_device byte send 3e eoi 0
+5633.916070995: grid210x_device byte send 00 eoi 0
+5633.916100996: grid210x_device byte send 00 eoi 0
+5633.916130997: grid210x_device byte send 00 eoi 0
+5633.916159997: grid210x_device byte send 75 eoi 0
+5633.916190998: grid210x_device byte send 1c eoi 0
+5633.916218999: grid210x_device byte send b8 eoi 0
+5633.916248000: grid210x_device byte send 00 eoi 0
+5633.916277000: grid210x_device byte send 00 eoi 0
+5633.916308001: grid210x_device byte send 50 eoi 0
+5633.916337002: grid210x_device byte send 8b eoi 0
+5633.916366003: grid210x_device byte send 16 eoi 0
+5633.916394003: grid210x_device byte send 22 eoi 0
+5633.916422004: grid210x_device byte send 00 eoi 0
+5633.916453005: grid210x_device byte send 89 eoi 0
+5633.916482005: grid210x_device byte send d0 eoi 0
+5633.916509006: grid210x_device byte send f7 eoi 0
+5633.916537007: grid210x_device byte send e1 eoi 0
+5633.916567008: grid210x_device byte send 89 eoi 0
+5633.916595008: grid210x_device byte send c6 eoi 0
+5633.916624009: grid210x_device byte send c4 eoi 0
+5633.916652010: grid210x_device byte send 1e eoi 0
+5633.916682010: grid210x_device byte send a4 eoi 0
+5633.916710011: grid210x_device byte send 0a eoi 0
+5633.916740012: grid210x_device byte send 8d eoi 0
+5633.916767012: grid210x_device byte send 00 eoi 0
+5633.916796013: grid210x_device byte send 06 eoi 0
+5633.916828014: grid210x_device byte send 50 eoi 0
+5633.916857015: grid210x_device byte send e8 eoi 0
+5633.916885015: grid210x_device byte send c2 eoi 0
+5633.916914016: grid210x_device byte send fa eoi 0
+5633.916944017: grid210x_device byte send a3 eoi 0
+5633.916973018: grid210x_device byte send 00 eoi 0
+5633.917002018: grid210x_device byte send 00 eoi 0
+5633.917031019: grid210x_device byte send fe eoi 0
+5633.917060020: grid210x_device byte send 06 eoi 0
+5633.917090020: grid210x_device byte send f2 eoi 0
+5633.917118021: grid210x_device byte send 0e eoi 0
+5633.917146022: grid210x_device byte send 75 eoi 0
+5633.917174023: grid210x_device byte send c9 eoi 0
+5633.917204023: grid210x_device byte send 83 eoi 0
+5633.917233024: grid210x_device byte send 3e eoi 0
+5633.917261025: grid210x_device byte send 00 eoi 0
+5633.917290025: grid210x_device byte send 00 eoi 0
+5633.917323026: grid210x_device byte send 00 eoi 0
+5633.917354027: grid210x_device byte send 74 eoi 0
+5633.917382028: grid210x_device byte send 02 eoi 0
+5633.917412028: grid210x_device byte send 5d eoi 0
+5633.917441029: grid210x_device byte send c3 eoi 0
+5633.917470030: grid210x_device byte send a0 eoi 0
+5633.917498031: grid210x_device byte send f1 eoi 0
+5633.917526031: grid210x_device byte send 0e eoi 0
+5633.917557032: grid210x_device byte send d0 eoi 0
+5633.917586033: grid210x_device byte send d8 eoi 0
+5633.917614033: grid210x_device byte send 73 eoi 0
+5633.917892040: grid210x_device byte send 0b eoi 0
+5633.917937041: grid210x_device byte send 81 eoi 0
+5633.917968042: grid210x_device byte send 3e eoi 0
+5633.917997043: grid210x_device byte send 26 eoi 0
+5633.918025044: grid210x_device byte send 00 eoi 0
+5633.918057044: grid210x_device byte send 40 eoi 0
+5633.918085045: grid210x_device byte send 1f eoi 0
+5633.918114046: grid210x_device byte send 73 eoi 0
+5633.918142046: grid210x_device byte send 03 eoi 0
+5633.918172047: grid210x_device byte send e8 eoi 0
+5633.918203048: grid210x_device byte send 8c eoi 0
+5633.918231049: grid210x_device byte send fe eoi 0
+5633.918260049: grid210x_device byte send 81 eoi 0
+5633.918287050: grid210x_device byte send 3e eoi 0
+5633.918318051: grid210x_device byte send 24 eoi 0
+5633.918346051: grid210x_device byte send 0a eoi 0
+5633.918375052: grid210x_device byte send aa eoi 0
+5633.918404053: grid210x_device byte send 55 eoi 0
+5633.918434054: grid210x_device byte send 75 eoi 0
+5633.918462054: grid210x_device byte send 1d eoi 0
+5633.918490055: grid210x_device byte send a1 eoi 0
+5633.918519056: grid210x_device byte send 08 eoi 0
+5633.918548056: grid210x_device byte send 00 eoi 0
+5633.918579057: grid210x_device byte send 8b eoi 0
+5633.918608058: grid210x_device byte send 16 eoi 0
+5633.918636059: grid210x_device byte send 0a eoi 0
+5633.918664059: grid210x_device byte send 00 eoi 0
+5633.918695060: grid210x_device byte send a3 eoi 0
+5633.918724061: grid210x_device byte send 0c eoi 0
+5633.918754062: grid210x_device byte send 00 eoi 0
+5633.918783062: grid210x_device byte send 89 eoi 0
+5633.918812063: grid210x_device byte send 16 eoi 0
+5633.918841064: grid210x_device byte send 0e eoi 0
+5633.918870064: grid210x_device byte send 00 eoi 0
+5633.918899065: grid210x_device byte send b8 eoi 0
+5633.918930066: grid210x_device byte send 00 eoi 0
+5633.918960067: grid210x_device byte send 00 eoi 0
+5633.918990067: grid210x_device byte send 50 eoi 0
+5633.919018068: grid210x_device byte send b8 eoi 0
+5633.919047069: grid210x_device byte send 68 eoi 0
+5633.919077070: grid210x_device byte send 08 eoi 0
+5633.919106070: grid210x_device byte send 1e eoi 0
+5633.919135071: grid210x_device byte send 50 eoi 0
+5633.919163072: grid210x_device byte send e8 eoi 0
+5633.919193072: grid210x_device byte send 7c eoi 0
+5633.919221073: grid210x_device byte send fa eoi 0
+5633.919250074: grid210x_device byte send a3 eoi 0
+5633.919277074: grid210x_device byte send 00 eoi 0
+5633.919308075: grid210x_device byte send 00 eoi 0
+5633.919338076: grid210x_device byte send a1 eoi 0
+5633.919366077: grid210x_device byte send 88 eoi 0
+5633.919394077: grid210x_device byte send 08 eoi 0
+5633.919423078: grid210x_device byte send 09 eoi 0
+5633.919454079: grid210x_device byte send c0 eoi 0
+5633.919483080: grid210x_device byte send 74 eoi 0
+5633.919511080: grid210x_device byte send 03 eoi 0
+5633.919540081: grid210x_device byte send a3 eoi 0
+5633.919570082: grid210x_device byte send 2b eoi 0
+5633.919598082: grid210x_device byte send 00 eoi 0
+5633.919627083: grid210x_device byte send 5d eoi 0
+5633.919655084: grid210x_device byte send c3 eoi 0
+5633.919686085: grid210x_device byte send 55 eoi 0
+5633.919714085: grid210x_device byte send 8b eoi 0
+5633.919742086: grid210x_device byte send ec eoi 0
+5633.919771087: grid210x_device byte send 9a eoi 0
+5633.919798087: grid210x_device byte send 15 eoi 0
+5633.919828088: grid210x_device byte send 00 eoi 0
+5633.919857089: grid210x_device byte send ef eoi 0
+5633.919885089: grid210x_device byte send ff eoi 0
+5633.919913090: grid210x_device byte send 89 eoi 0
+5633.919943091: grid210x_device byte send 1e eoi 0
+5633.919972092: grid210x_device byte send 14 eoi 0
+5633.920000092: grid210x_device byte send 00 eoi 0
+5633.920688109: grid210x_device byte send 8c eoi 0
+5633.920722110: grid210x_device byte send 06 eoi 0
+5633.920753111: grid210x_device byte send 16 eoi 0
+5633.920782112: grid210x_device byte send 00 eoi 0
+5633.920814112: grid210x_device byte send 26 eoi 0
+5633.920842113: grid210x_device byte send 8a eoi 0
+5633.921166121: grid210x_device byte send 47 eoi 0
+5633.921205122: grid210x_device byte send 16 eoi 0
+5633.921235123: grid210x_device byte send a2 eoi 0
+5633.921264124: grid210x_device byte send b0 eoi 0
+5633.921292124: grid210x_device byte send 0a eoi 0
+5633.921324125: grid210x_device byte send e8 eoi 0
+5633.921353126: grid210x_device byte send ba eoi 0
+5633.921380126: grid210x_device byte send fe eoi 0
+5633.921408127: grid210x_device byte send ff eoi 0
+5633.921437128: grid210x_device byte send 36 eoi 0
+5633.921466128: grid210x_device byte send 2b eoi 0
+5633.921495129: grid210x_device byte send 00 eoi 0
+5633.921524130: grid210x_device byte send b8 eoi 0
+5633.921770136: grid210x_device byte send 4b eoi 0
+5633.921812137: grid210x_device byte send 00 eoi 0
+5633.921845138: grid210x_device byte send 0e eoi 0
+5633.921876139: grid210x_device byte send 50 eoi 0
+5633.921904139: grid210x_device byte send b8 eoi 0
+5633.921935140: grid210x_device byte send aa eoi 0
+5633.921964141: grid210x_device byte send 0a eoi 0
+5633.921994142: grid210x_device byte send 1e eoi 0
+5633.922023142: grid210x_device byte send 50 eoi 0
+5633.922050143: grid210x_device byte send e8 eoi 0
+5633.922080144: grid210x_device byte send f8 eoi 0
+5633.922108144: grid210x_device byte send fc eoi 0
+5633.922135145: grid210x_device byte send a3 eoi 0
+5633.922163146: grid210x_device byte send 00 eoi 0
+5633.922195146: grid210x_device byte send 00 eoi 0
+5633.922224147: grid210x_device byte send ff eoi 0
+5633.922252148: grid210x_device byte send 36 eoi 0
+5633.922280149: grid210x_device byte send aa eoi 0
+5633.922311149: grid210x_device byte send 0a eoi 0
+5633.922341150: grid210x_device byte send b8 eoi 0
+5633.922369151: grid210x_device byte send 5d eoi 0
+5633.922397151: grid210x_device byte send 00 eoi 0
+5633.922428152: grid210x_device byte send 0e eoi 0
+5633.922458153: grid210x_device byte send 50 eoi 0
+5633.922486154: grid210x_device byte send b8 eoi 0
+5633.922515154: grid210x_device byte send ac eoi 0
+5633.922543155: grid210x_device byte send 0a eoi 0
+5633.922577156: grid210x_device byte send 1e eoi 0
+5633.922606157: grid210x_device byte send 50 eoi 0
+5633.922634157: grid210x_device byte send e8 eoi 0
+5633.922820162: grid210x_device byte send e4 eoi 0
+5633.922867163: grid210x_device byte send fc eoi 0
+5633.922900164: grid210x_device byte send a3 eoi 0
+5633.922934165: grid210x_device byte send 00 eoi 0
+5633.922966166: grid210x_device byte send 00 eoi 0
+5633.922996166: grid210x_device byte send ff eoi 0
+5633.923025167: grid210x_device byte send 36 eoi 0
+5633.923055168: grid210x_device byte send aa eoi 0
+5633.923083168: grid210x_device byte send 0a eoi 0
+5633.923113169: grid210x_device byte send b8 eoi 0
+5633.923141170: grid210x_device byte send 6a eoi 0
+5633.923169171: grid210x_device byte send 00 eoi 0
+5633.923201171: grid210x_device byte send 0e eoi 0
+5633.923230172: grid210x_device byte send 50 eoi 0
+5633.923258173: grid210x_device byte send b8 eoi 0
+5633.923286173: grid210x_device byte send ae eoi 0
+5633.923316174: grid210x_device byte send 0a eoi 0
+5633.923346175: grid210x_device byte send 1e eoi 0
+5633.923374176: grid210x_device byte send 50 eoi 0
+5633.923402176: grid210x_device byte send e8 eoi 0
+5633.923432177: grid210x_device byte send d0 eoi 0
+5633.923460178: grid210x_device byte send fc eoi 0
+5633.923489178: grid210x_device byte send 09 eoi 0
+5633.923518179: grid210x_device byte send c0 eoi 0
+5633.923546180: grid210x_device byte send 75 eoi 0
+5633.923577181: grid210x_device byte send 22 eoi 0
+5633.923605181: grid210x_device byte send ff eoi 0
+5633.923634182: grid210x_device byte send 36 eoi 0
+5633.923662183: grid210x_device byte send ae eoi 0
+5633.923920189: grid210x_device byte send 0a eoi 0
+5633.923971190: grid210x_device byte send b8 eoi 0
+5633.924002191: grid210x_device byte send 60 eoi 0
+5633.924032192: grid210x_device byte send 04 eoi 0
+5633.924063193: grid210x_device byte send 1e eoi 0
+5633.924092193: grid210x_device byte send 50 eoi 0
+5633.924374200: grid210x_device byte send e8 eoi 0
+5633.924414201: grid210x_device byte send 42 eoi 0
+5633.924447202: grid210x_device byte send fa eoi 0
+5633.924477203: grid210x_device byte send b8 eoi 0
+5633.924506204: grid210x_device byte send 60 eoi 0
+5633.924534204: grid210x_device byte send 04 eoi 0
+5633.924566205: grid210x_device byte send 1e eoi 0
+5633.924595206: grid210x_device byte send 50 eoi 0
+5633.924623206: grid210x_device byte send 2e eoi 0
+5633.924651207: grid210x_device byte send c4 eoi 0
+5633.924681208: grid210x_device byte send 06 eoi 0
+5633.924711209: grid210x_device byte send 86 eoi 0
+5633.924740209: grid210x_device byte send 00 eoi 0
+5633.924768210: grid210x_device byte send 06 eoi 0
+5633.924797211: grid210x_device byte send 50 eoi 0
+5633.925007216: grid210x_device byte send b8 eoi 0
+5633.925057217: grid210x_device byte send 80 eoi 0
+5633.925089218: grid210x_device byte send 25 eoi 0
+5633.925119219: grid210x_device byte send 50 eoi 0
+5633.925148219: grid210x_device byte send e8 eoi 0
+5633.925177220: grid210x_device byte send 81 eoi 0
+5633.925205221: grid210x_device byte send fb eoi 0
+5633.925233222: grid210x_device byte send a3 eoi 0
+5633.925261222: grid210x_device byte send a8 eoi 0
+5633.925289223: grid210x_device byte send 0a eoi 0
+5633.925321224: grid210x_device byte send 83 eoi 0
+5633.925350224: grid210x_device byte send 3e eoi 0
+5633.925379225: grid210x_device byte send 00 eoi 0
+5633.925408226: grid210x_device byte send 00 eoi 0
+5633.925439227: grid210x_device byte send 00 eoi 0
+5633.925469227: grid210x_device byte send 75 eoi 0
+5633.925497228: grid210x_device byte send 18 eoi 0
+5633.925525229: grid210x_device byte send ff eoi 0
+5633.925556229: grid210x_device byte send 36 eoi 0
+5633.925584230: grid210x_device byte send ac eoi 0
+5633.925612231: grid210x_device byte send 0a eoi 0
+5633.925641232: grid210x_device byte send b8 eoi 0
+5633.925669232: grid210x_device byte send 60 eoi 0
+5633.925700233: grid210x_device byte send 04 eoi 0
+5633.925729234: grid210x_device byte send 1e eoi 0
+5633.925757234: grid210x_device byte send 50 eoi 0
+5633.925786235: grid210x_device byte send e8 eoi 0
+5633.925815236: grid210x_device byte send 19 eoi 0
+5633.925843237: grid210x_device byte send fa eoi 0
+5633.925872237: grid210x_device byte send e8 eoi 0
+5633.925900238: grid210x_device byte send 53 eoi 0
+5633.926059242: grid210x_device byte send fd eoi 0
+5633.926106243: grid210x_device byte send 83 eoi 0
+5633.926138244: grid210x_device byte send 3e eoi 0
+5633.926168245: grid210x_device byte send 00 eoi 0
+5633.926201245: grid210x_device byte send 00 eoi 0
+5633.926232246: grid210x_device byte send 00 eoi 0
+5633.926261247: grid210x_device byte send 75 eoi 0
+5633.926290248: grid210x_device byte send 02 eoi 0
+5633.926320248: grid210x_device byte send 5d eoi 0
+5633.926349249: grid210x_device byte send c3 eoi 0
+5633.926377250: grid210x_device byte send e8 eoi 0
+5633.926405250: grid210x_device byte send 4b eoi 0
+5633.926436251: grid210x_device byte send f9 eoi 0
+5633.926464252: grid210x_device byte send e9 eoi 0
+5633.926492253: grid210x_device byte send 79 eoi 0
+5633.926519253: grid210x_device byte send ff eoi 0
+5633.926547254: grid210x_device byte send 1e eoi 0
+5633.926577255: grid210x_device byte send 2e eoi 0
+5633.926606255: grid210x_device byte send 8e eoi 0
+5633.926634256: grid210x_device byte send 1e eoi 0
+5633.926662257: grid210x_device byte send 84 eoi 0
+5633.926692258: grid210x_device byte send 00 eoi 0
+5633.926722258: grid210x_device byte send 55 eoi 0
+5633.926750259: grid210x_device byte send 8b eoi 0
+5633.926778260: grid210x_device byte send ec eoi 0
+5633.926808260: grid210x_device byte send 89 eoi 0
+5633.926836261: grid210x_device byte send e0 eoi 0
+5633.926864262: grid210x_device byte send a3 eoi 0
+5633.926892262: grid210x_device byte send 02 eoi 0
+5633.926921263: grid210x_device byte send 00 eoi 0
+5633.926953264: grid210x_device byte send 8c eoi 0
+5633.927109268: grid210x_device byte send d0 eoi 0
+5633.927153269: grid210x_device byte send a3 eoi 0
+5633.927440276: grid210x_device byte send 04 eoi 0
+5633.927481277: grid210x_device byte send 00 eoi 0
+5633.927512278: grid210x_device byte send b8 eoi 0
+5633.927541278: grid210x_device byte send b1 eoi 0
+5633.927571279: grid210x_device byte send 0a eoi 0
+5633.927601280: grid210x_device byte send a3 eoi 0
+5633.927630281: grid210x_device byte send 10 eoi 0
+5633.927658281: grid210x_device byte send 00 eoi 0
+5633.927689282: grid210x_device byte send 8c eoi 0
+5633.927717283: grid210x_device byte send 1e eoi 0
+5633.927746284: grid210x_device byte send 12 eoi 0
+5633.927775284: grid210x_device byte send 00 eoi 0
+5633.927806285: grid210x_device byte send fa eoi 0
+5633.927836286: grid210x_device byte send a1 eoi 0
+5633.927864286: grid210x_device byte send 10 eoi 0
+5633.927893287: grid210x_device byte send 00 eoi 0
+5633.927922288: grid210x_device byte send 8b eoi 0
+5633.927953289: grid210x_device byte send 16 eoi 0
+5633.927982289: grid210x_device byte send 12 eoi 0
+5633.928010290: grid210x_device byte send 00 eoi 0
+5633.928240296: grid210x_device byte send 05 eoi 0
+5633.928292297: grid210x_device byte send e8 eoi 0
+5633.928328298: grid210x_device byte send 03 eoi 0
+5633.928358299: grid210x_device byte send 83 eoi 0
+5633.928386299: grid210x_device byte send e8 eoi 0
+5633.928414300: grid210x_device byte send 0a eoi 0
+5633.928445301: grid210x_device byte send 89 eoi 0
+5633.928474302: grid210x_device byte send c4 eoi 0
+5633.928502302: grid210x_device byte send a1 eoi 0
+5633.928531303: grid210x_device byte send 12 eoi 0
+5633.928561304: grid210x_device byte send 00 eoi 0
+5633.928590304: grid210x_device byte send 8e eoi 0
+5633.928618305: grid210x_device byte send d0 eoi 0
+5633.928646306: grid210x_device byte send fb eoi 0
+5633.928674306: grid210x_device byte send e8 eoi 0
+5633.928704307: grid210x_device byte send 2c eoi 0
+5633.928732308: grid210x_device byte send ff eoi 0
+5633.928759309: grid210x_device byte send fa eoi 0
+5633.928787309: grid210x_device byte send a1 eoi 0
+5633.928817310: grid210x_device byte send 02 eoi 0
+5633.928846311: grid210x_device byte send 00 eoi 0
+5633.928875311: grid210x_device byte send 89 eoi 0
+5633.928903312: grid210x_device byte send c4 eoi 0
+5633.928933313: grid210x_device byte send a1 eoi 0
+5633.928962314: grid210x_device byte send 04 eoi 0
+5633.928992314: grid210x_device byte send 00 eoi 0
+5633.929021315: grid210x_device byte send 8e eoi 0
+5633.929049316: grid210x_device byte send d0 eoi 0
+5633.929078316: grid210x_device byte send fb eoi 0
+5633.929106317: grid210x_device byte send ff eoi 0
+5633.929135318: grid210x_device byte send 36 eoi 0
+5633.929294322: grid210x_device byte send 0e eoi 0
+5633.929342323: grid210x_device byte send 00 eoi 0
+5633.929373324: grid210x_device byte send ff eoi 0
+5633.929403324: grid210x_device byte send 36 eoi 0
+5633.929433325: grid210x_device byte send 0c eoi 0
+5633.929463326: grid210x_device byte send 00 eoi 0
+5633.929492327: grid210x_device byte send b8 eoi 0
+5633.929520327: grid210x_device byte send 01 eoi 0
+5633.929549328: grid210x_device byte send 00 eoi 0
+5633.929581329: grid210x_device byte send 50 eoi 0
+5633.929610330: grid210x_device byte send b8 eoi 0
+5633.929638330: grid210x_device byte send 21 eoi 0
+5633.929665331: grid210x_device byte send 43 eoi 0
+5633.929695332: grid210x_device byte send 50 eoi 0
+5633.929723332: grid210x_device byte send ff eoi 0
+5633.929751333: grid210x_device byte send 1e eoi 0
+5633.929780334: grid210x_device byte send 1e eoi 0
+5633.929809334: grid210x_device byte send 00 eoi 0
+5633.929839335: grid210x_device byte send 5d eoi 0
+5633.929867336: grid210x_device byte send 1f eoi 0
+5633.929895337: grid210x_device byte send cb eoi 0
+5633.929923337: grid210x_device byte send 55 eoi 0
+5633.929954338: grid210x_device byte send 55 eoi 0
+5633.929983339: grid210x_device byte send 55 eoi 0
+5633.930081341: grid210x_device byte send 55 eoi 0
+5633.930121342: grid210x_device byte send 55 eoi 0
+5633.930151343: grid210x_device byte send 0b eoi 0
+5633.930184344: grid210x_device byte send ff eoi 0
+5633.930645355: grid210x_device byte send 75 eoi 0
+5633.930686356: grid210x_device byte send 1d eoi 0
+5633.930717357: grid210x_device byte send 3b eoi 0
+5633.930746358: grid210x_device byte send ca eoi 0
+5633.930775358: grid210x_device byte send 76 eoi 0
+5633.930805359: grid210x_device byte send 09 eoi 0
+5633.930835360: grid210x_device byte send f7 eoi 0
+5633.931000364: grid210x_device byte send f1 eoi 0
+5633.931029365: grid210x_device byte send 33 eoi 0
+5633.931058365: grid210x_device byte send f6 eoi 0
+5633.931087366: grid210x_device byte send 8b eoi 0
+5633.931115367: grid210x_device byte send fa eoi 0
+5633.931143367: grid210x_device byte send 33 eoi 0
+5633.931171368: grid210x_device byte send d2 eoi 0
+5633.931201369: grid210x_device byte send cb eoi 0
+5633.931229370: grid210x_device byte send 8b eoi 0
+5633.931257370: grid210x_device byte send f8 eoi 0
+5633.931478376: grid210x_device byte send 8b eoi 0
+5633.931515377: grid210x_device byte send c2 eoi 0
+5633.931545377: grid210x_device byte send 33 eoi 0
+5633.931578378: grid210x_device byte send d2 eoi 0
+5633.931606379: grid210x_device byte send f7 eoi 0
+5633.931635380: grid210x_device byte send f1 eoi 0
+5633.931663380: grid210x_device byte send 97 eoi 0
+5633.931749382: grid210x_device byte send f7 eoi 0
+5633.931784383: grid210x_device byte send f1 eoi 0
+5633.931853385: grid210x_device byte send 87 eoi 0
+5633.931887386: grid210x_device byte send d7 eoi 0
+5633.931917387: grid210x_device byte send 33 eoi 0
+5633.931948387: grid210x_device byte send f6 eoi 0
+5633.931977388: grid210x_device byte send cb eoi 0
+5633.932005389: grid210x_device byte send 55 eoi 0
+5633.932033389: grid210x_device byte send 8b eoi 0
+5633.932064390: grid210x_device byte send e9 eoi 0
+5633.932092391: grid210x_device byte send 8b eoi 0
+5633.932120392: grid210x_device byte send df eoi 0
+5633.932148392: grid210x_device byte send 33 eoi 0
+5633.932178393: grid210x_device byte send f6 eoi 0
+5633.932207394: grid210x_device byte send 8b eoi 0
+5633.932235394: grid210x_device byte send fe eoi 0
+5633.932263395: grid210x_device byte send b9 eoi 0
+5633.932292396: grid210x_device byte send 20 eoi 0
+5633.932322397: grid210x_device byte send 00 eoi 0
+5633.932353397: grid210x_device byte send d1 eoi 0
+5633.932525402: grid210x_device byte send e7 eoi 0
+5633.932569403: grid210x_device byte send d1 eoi 0
+5633.932601403: grid210x_device byte send d6 eoi 0
+5633.932630404: grid210x_device byte send d1 eoi 0
+5633.932659405: grid210x_device byte send e0 eoi 0
+5633.932690406: grid210x_device byte send d1 eoi 0
+5633.932719406: grid210x_device byte send d2 eoi 0
+5633.932748407: grid210x_device byte send 83 eoi 0
+5633.932776408: grid210x_device byte send d7 eoi 0
+5633.932805408: grid210x_device byte send 00 eoi 0
+5633.932836409: grid210x_device byte send 2b eoi 0
+5633.932864410: grid210x_device byte send fd eoi 0
+5633.932893411: grid210x_device byte send 1b eoi 0
+5633.932921411: grid210x_device byte send f3 eoi 0
+5633.932952412: grid210x_device byte send 40 eoi 0
+5633.932980413: grid210x_device byte send 73 eoi 0
+5633.933009413: grid210x_device byte send 05 eoi 0
+5633.933039414: grid210x_device byte send 03 eoi 0
+5633.933075415: grid210x_device byte send fd eoi 0
+5633.933104416: grid210x_device byte send 13 eoi 0
+5633.933133417: grid210x_device byte send f3 eoi 0
+5633.933161417: grid210x_device byte send 48 eoi 0
+5633.933191418: grid210x_device byte send e2 eoi 0
+5633.933219419: grid210x_device byte send e7 eoi 0
+5633.933247419: grid210x_device byte send 5d eoi 0
+5633.933275420: grid210x_device byte send cb eoi 0
+5633.933304421: grid210x_device byte send 55 eoi 0
+5633.933332421: grid210x_device byte send 55 eoi 0
+5633.933361422: grid210x_device byte send 55 eoi 0
+5633.933389423: grid210x_device byte send 55 eoi 0
+5633.933417424: grid210x_device byte send 55 eoi 0
+5633.933614428: grid210x_device byte send 55 eoi 0
+5633.933650429: grid210x_device byte send 76 eoi 0
+5633.933683430: grid210x_device byte send 65 eoi 1
+5633.934115441: grid210x_device byte recv 5f atn 1 eoi 0
+5633.934397448: grid210x_device now not talking
+5634.523105983: grid210x_device byte recv 46 atn 1 eoi 0
+5634.523157984: grid210x_device now not talking
