+4653.491242381: grid210x_device byte recv ff atn 1 eoi 1
+4653.498902629: grid210x_device byte recv ff atn 1 eoi 1
+4654.610888644: grid210x_device byte recv 14 atn 1 eoi 0
+4655.340322256: grid210x_device byte recv 25 atn 1 eoi 0
+4655.340373258: grid210x_device now listening
+4655.341581297: grid210x_device byte recv 01 atn 0 eoi 0
+4655.341809304: grid210x_device byte recv 00 atn 0 eoi 0
+4655.341943308: grid210x_device byte recv 00 atn 0 eoi 0
+4655.341990310: grid210x_device byte recv 00 atn 0 eoi 0
+4655.342019311: grid210x_device byte recv 00 atn 0 eoi 0
+4655.342056312: grid210x_device byte recv 00 atn 0 eoi 0
+4655.342082313: grid210x_device byte recv 00 atn 0 eoi 0
+4655.342105314: grid210x_device byte recv 34 atn 0 eoi 0
+4655.342127314: grid210x_device byte recv 00 atn 0 eoi 0
+4655.343220350: grid210x_device byte recv 00 atn 0 eoi 1
+4655.343267351: grid210x_device byte recv 3f atn 1 eoi 0
+4655.343291352: grid210x_device now not listening
+4655.343304353: grid210x_device command 1, data size 52, sector no 0
+4655.345113411: grid210x_device byte recv 45 atn 1 eoi 0
+4655.345147412: grid210x_device now talking
+4655.346036441: grid210x_device byte send 00 eoi 0
+4655.346398453: grid210x_device byte send 02 eoi 0
+4655.346433454: grid210x_device byte send f8 eoi 0
+4655.346467455: grid210x_device byte send 01 eoi 0
+4655.346497456: grid210x_device byte send d0 eoi 0
+4655.346525457: grid210x_device byte send 02 eoi 0
+4655.346556458: grid210x_device byte send 01 eoi 0
+4655.346586459: grid210x_device byte send 20 eoi 0
+4655.346613460: grid210x_device byte send 01 eoi 0
+4655.346641461: grid210x_device byte send 21 eoi 0
+4655.346672462: grid210x_device byte send 01 eoi 0
+4655.346701462: grid210x_device byte send 01 eoi 0
+4655.346729463: grid210x_device byte send 00 eoi 0
+4655.346758464: grid210x_device byte send 00 eoi 0
+4655.346789465: grid210x_device byte send 34 eoi 0
+4655.346816466: grid210x_device byte send 38 eoi 0
+4655.346843467: grid210x_device byte send 20 eoi 0
+4655.346871468: grid210x_device byte send 54 eoi 0
+4655.346899469: grid210x_device byte send 50 eoi 0
+4655.346929470: grid210x_device byte send 49 eoi 0
+4655.347096475: grid210x_device byte send 20 eoi 0
+4655.347139477: grid210x_device byte send 44 eoi 0
+4655.347173478: grid210x_device byte send 53 eoi 0
+4655.347202479: grid210x_device byte send 20 eoi 0
+4655.347230480: grid210x_device byte send 44 eoi 0
+4655.347258481: grid210x_device byte send 44 eoi 0
+4655.347287481: grid210x_device byte send 20 eoi 0
+4655.347315482: grid210x_device byte send 46 eoi 0
+4655.347342483: grid210x_device byte send 4c eoi 0
+4655.347370484: grid210x_device byte send 4f eoi 0
+4655.347396485: grid210x_device byte send 50 eoi 0
+4655.347426486: grid210x_device byte send 50 eoi 0
+4655.347454487: grid210x_device byte send 59 eoi 0
+4655.347481488: grid210x_device byte send 20 eoi 0
+4655.347509489: grid210x_device byte send 20 eoi 0
+4655.347537490: grid210x_device byte send 20 eoi 0
+4655.347564490: grid210x_device byte send 20 eoi 0
+4655.347592491: grid210x_device byte send 33 eoi 0
+4655.347619492: grid210x_device byte send 30 eoi 0
+4655.347646493: grid210x_device byte send 30 eoi 0
+4655.347676494: grid210x_device byte send 32 eoi 0
+4655.347704495: grid210x_device byte send 33 eoi 0
+4655.347732496: grid210x_device byte send 37 eoi 0
+4655.347759497: grid210x_device byte send 2d eoi 0
+4655.347788498: grid210x_device byte send 30 eoi 0
+4655.347816499: grid210x_device byte send 30 eoi 0
+4655.347843499: grid210x_device byte send 00 eoi 0
+4655.347873500: grid210x_device byte send 02 eoi 0
+4655.347902501: grid210x_device byte send 09 eoi 0
+4655.347931502: grid210x_device byte send 00 eoi 0
+4655.347960503: grid210x_device byte send 02 eoi 0
+4655.347988504: grid210x_device byte send 00 eoi 1
+4655.348421518: grid210x_device byte recv 5f atn 1 eoi 0
+4655.348452519: grid210x_device now not talking
+4655.351482617: grid210x_device byte recv 25 atn 1 eoi 0
+4655.351527619: grid210x_device now listening
+4655.352687656: grid210x_device byte recv 04 atn 0 eoi 0
+4655.353089669: grid210x_device byte recv 00 atn 0 eoi 0
+4655.353125670: grid210x_device byte recv 00 atn 0 eoi 0
+4655.353152671: grid210x_device byte recv 00 atn 0 eoi 0
+4655.353176672: grid210x_device byte recv 00 atn 0 eoi 0
+4655.353199673: grid210x_device byte recv 00 atn 0 eoi 0
+4655.353222674: grid210x_device byte recv 00 atn 0 eoi 0
+4655.353244674: grid210x_device byte recv 00 atn 0 eoi 0
+4655.353267675: grid210x_device byte recv 02 atn 0 eoi 0
+4655.354358710: grid210x_device byte recv 00 atn 0 eoi 1
+4655.354522716: grid210x_device byte recv 3f atn 1 eoi 0
+4655.354556717: grid210x_device now not listening
+4655.354568717: grid210x_device command 4, data size 512, sector no 0
+4655.355655752: grid210x_device byte recv 18 atn 1 eoi 0
+4655.355754756: grid210x_device byte recv 45 atn 1 eoi 0
+4655.355773756: grid210x_device now talking
+4655.355797757: grid210x_device byte send 4f eoi 0
+4655.355889760: grid210x_device byte recv 19 atn 1 eoi 0
+4655.355932761: grid210x_device byte recv 5f atn 1 eoi 0
+4655.355947762: grid210x_device now not talking
+4655.357245804: grid210x_device byte recv 45 atn 1 eoi 0
+4655.357282805: grid210x_device now talking
+4655.358079831: grid210x_device byte send 53 eoi 0
+4655.358557846: grid210x_device byte send 79 eoi 0
+4655.358601848: grid210x_device byte send 73 eoi 0
+4655.358632849: grid210x_device byte send 74 eoi 0
+4655.358801854: grid210x_device byte send 65 eoi 0
+4655.358845856: grid210x_device byte send 6d eoi 0
+4655.358876857: grid210x_device byte send 20 eoi 0
+4655.358908858: grid210x_device byte send 44 eoi 0
+4655.358936858: grid210x_device byte send 69 eoi 0
+4655.358964859: grid210x_device byte send 73 eoi 0
+4655.358991860: grid210x_device byte send 6b eoi 0
+4655.359018861: grid210x_device byte send 21 eoi 0
+4655.359049862: grid210x_device byte send 21 eoi 0
+4655.359078863: grid210x_device byte send 00 eoi 0
+4655.359110864: grid210x_device byte send 00 eoi 0
+4655.359139865: grid210x_device byte send 00 eoi 0
+4655.359169866: grid210x_device byte send 00 eoi 0
+4655.359199867: grid210x_device byte send 00 eoi 0
+4655.359227868: grid210x_device byte send 00 eoi 0
+4655.359256869: grid210x_device byte send 00 eoi 0
+4655.359286870: grid210x_device byte send 00 eoi 0
+4655.359315871: grid210x_device byte send 00 eoi 0
+4655.359344872: grid210x_device byte send 00 eoi 0
+4655.359373873: grid210x_device byte send 00 eoi 0
+4655.359402874: grid210x_device byte send 00 eoi 0
+4655.359431875: grid210x_device byte send 00 eoi 0
+4655.359460875: grid210x_device byte send 00 eoi 0
+4655.359489876: grid210x_device byte send 00 eoi 0
+4655.359517877: grid210x_device byte send 00 eoi 0
+4655.359547878: grid210x_device byte send 00 eoi 0
+4655.359576879: grid210x_device byte send 00 eoi 0
+4655.359604880: grid210x_device byte send 00 eoi 0
+4655.359632881: grid210x_device byte send 00 eoi 0
+4655.359662882: grid210x_device byte send 00 eoi 0
+4655.359691883: grid210x_device byte send 00 eoi 0
+4655.359847888: grid210x_device byte send 00 eoi 0
+4655.359896890: grid210x_device byte send 00 eoi 0
+4655.359931891: grid210x_device byte send 00 eoi 0
+4655.359961892: grid210x_device byte send 00 eoi 0
+4655.359989893: grid210x_device byte send 00 eoi 0
+4655.360111897: grid210x_device byte send 00 eoi 0
+4655.360153898: grid210x_device byte send 00 eoi 0
+4655.360186899: grid210x_device byte send 00 eoi 0
+4655.360215900: grid210x_device byte send 00 eoi 0
+4655.360243901: grid210x_device byte send 00 eoi 0
+4655.360271902: grid210x_device byte send 00 eoi 0
+4655.360301903: grid210x_device byte send 00 eoi 0
+4655.360330904: grid210x_device byte send 00 eoi 0
+4655.360358905: grid210x_device byte send 00 eoi 0
+4655.360387905: grid210x_device byte send 00 eoi 0
+4655.360417906: grid210x_device byte send 00 eoi 0
+4655.360446907: grid210x_device byte send 00 eoi 0
+4655.360474908: grid210x_device byte send 00 eoi 0
+4655.360502909: grid210x_device byte send 00 eoi 0
+4655.360531910: grid210x_device byte send 00 eoi 0
+4655.360561911: grid210x_device byte send 00 eoi 0
+4655.361100929: grid210x_device byte send 00 eoi 0
+4655.361142930: grid210x_device byte send 00 eoi 0
+4655.361175931: grid210x_device byte send 00 eoi 0
+4655.361204932: grid210x_device byte send 00 eoi 0
+4655.361233933: grid210x_device byte send 00 eoi 0
+4655.361262934: grid210x_device byte send 00 eoi 0
+4655.361292935: grid210x_device byte send 00 eoi 0
+4655.361321936: grid210x_device byte send 00 eoi 0
+4655.361350937: grid210x_device byte send 00 eoi 0
+4655.361379938: grid210x_device byte send 00 eoi 0
+4655.361409939: grid210x_device byte send 00 eoi 0
+4655.361438939: grid210x_device byte send 00 eoi 0
+4655.361467940: grid210x_device byte send 00 eoi 0
+4655.361495941: grid210x_device byte send 00 eoi 0
+4655.361524942: grid210x_device byte send 00 eoi 0
+4655.361555943: grid210x_device byte send 00 eoi 0
+4655.361584944: grid210x_device byte send 00 eoi 0
+4655.361612945: grid210x_device byte send 00 eoi 0
+4655.361641946: grid210x_device byte send 00 eoi 0
+4655.361672947: grid210x_device byte send 00 eoi 0
+4655.361701948: grid210x_device byte send 00 eoi 0
+4655.361731949: grid210x_device byte send 00 eoi 0
+4655.361760950: grid210x_device byte send 00 eoi 0
+4655.361791951: grid210x_device byte send 00 eoi 0
+4655.361820952: grid210x_device byte send 00 eoi 0
+4655.361848953: grid210x_device byte send 00 eoi 0
+4655.361877954: grid210x_device byte send 00 eoi 0
+4655.362066960: grid210x_device byte send 00 eoi 0
+4655.362113961: grid210x_device byte send 00 eoi 0
+4655.362145962: grid210x_device byte send 00 eoi 0
+4655.362179963: grid210x_device byte send 00 eoi 0
+4655.362210964: grid210x_device byte send 00 eoi 0
+4655.362239965: grid210x_device byte send 00 eoi 0
+4655.362268966: grid210x_device byte send 00 eoi 0
+4655.362299967: grid210x_device byte send 00 eoi 0
+4655.362328968: grid210x_device byte send 00 eoi 0
+4655.362357969: grid210x_device byte send 00 eoi 0
+4655.362386970: grid210x_device byte send 00 eoi 0
+4655.362417971: grid210x_device byte send 00 eoi 0
+4655.362446972: grid210x_device byte send 00 eoi 0
+4655.362475973: grid210x_device byte send 00 eoi 0
+4655.362503974: grid210x_device byte send 00 eoi 0
+4655.362534975: grid210x_device byte send 00 eoi 0
+4655.362563976: grid210x_device byte send 00 eoi 0
+4655.362592977: grid210x_device byte send 00 eoi 0
+4655.362622978: grid210x_device byte send 00 eoi 0
+4655.362653979: grid210x_device byte send 00 eoi 0
+4655.362682980: grid210x_device byte send 00 eoi 0
+4655.362712981: grid210x_device byte send 00 eoi 0
+4655.362740982: grid210x_device byte send 00 eoi 0
+4655.362769983: grid210x_device byte send 00 eoi 0
+4655.362800984: grid210x_device byte send 00 eoi 0
+4655.362828984: grid210x_device byte send 00 eoi 0
+4655.362857985: grid210x_device byte send 00 eoi 0
+4655.362885986: grid210x_device byte send 00 eoi 0
+4655.362915987: grid210x_device byte send 00 eoi 0
+4655.362943988: grid210x_device byte send 00 eoi 0
+4655.362970989: grid210x_device byte send 00 eoi 0
+4655.363153995: grid210x_device byte send 00 eoi 0
+4655.363198996: grid210x_device byte send 00 eoi 0
+4655.363228997: grid210x_device byte send 00 eoi 0
+4655.363257998: grid210x_device byte send 00 eoi 0
+4655.363288999: grid210x_device byte send 00 eoi 0
+4655.363318000: grid210x_device byte send 00 eoi 0
+4655.363346001: grid210x_device byte send 00 eoi 0
+4655.363374002: grid210x_device byte send 00 eoi 0
+4655.363404003: grid210x_device byte send 00 eoi 0
+4655.363433004: grid210x_device byte send 00 eoi 0
+4655.363461005: grid210x_device byte send 00 eoi 0
+4655.363488006: grid210x_device byte send 00 eoi 0
+4655.363516007: grid210x_device byte send 00 eoi 0
+4655.363545008: grid210x_device byte send 00 eoi 0
+4655.363573009: grid210x_device byte send 00 eoi 0
+4655.363601009: grid210x_device byte send 00 eoi 0
+4655.363629010: grid210x_device byte send 00 eoi 0
+4655.363660011: grid210x_device byte send 00 eoi 0
+4655.363689012: grid210x_device byte send 00 eoi 0
+4655.363717013: grid210x_device byte send 00 eoi 0
+4655.363744014: grid210x_device byte send 00 eoi 0
+4655.364035023: grid210x_device byte send 00 eoi 0
+4655.364254031: grid210x_device byte send 00 eoi 0
+4655.364302032: grid210x_device byte send 00 eoi 0
+4655.364334033: grid210x_device byte send 00 eoi 0
+4655.364364034: grid210x_device byte send 00 eoi 0
+4655.364394035: grid210x_device byte send 00 eoi 0
+4655.364425036: grid210x_device byte send 00 eoi 0
+4655.364455037: grid210x_device byte send 00 eoi 0
+4655.364483038: grid210x_device byte send 00 eoi 0
+4655.364512039: grid210x_device byte send 00 eoi 0
+4655.364542040: grid210x_device byte send 00 eoi 0
+4655.364571041: grid210x_device byte send 00 eoi 0
+4655.364600042: grid210x_device byte send 00 eoi 0
+4655.364628043: grid210x_device byte send 00 eoi 0
+4655.364659044: grid210x_device byte send 00 eoi 0
+4655.364688045: grid210x_device byte send 00 eoi 0
+4655.364716046: grid210x_device byte send 00 eoi 0
+4655.364745046: grid210x_device byte send 00 eoi 0
+4655.364774047: grid210x_device byte send 00 eoi 0
+4655.364805048: grid210x_device byte send 00 eoi 0
+4655.364833049: grid210x_device byte send 00 eoi 0
+4655.364861050: grid210x_device byte send 00 eoi 0
+4655.364889051: grid210x_device byte send 00 eoi 0
+4655.364921052: grid210x_device byte send 00 eoi 0
+4655.364949053: grid210x_device byte send 00 eoi 0
+4655.364978054: grid210x_device byte send 00 eoi 0
+4655.365006055: grid210x_device byte send 00 eoi 0
+4655.365037056: grid210x_device byte send 00 eoi 0
+4655.365066057: grid210x_device byte send 00 eoi 0
+4655.365095058: grid210x_device byte send 00 eoi 0
+4655.365123059: grid210x_device byte send 00 eoi 0
+4655.365282064: grid210x_device byte send 00 eoi 0
+4655.365331065: grid210x_device byte send 00 eoi 0
+4655.365364067: grid210x_device byte send 00 eoi 0
+4655.365394067: grid210x_device byte send 00 eoi 0
+4655.365427069: grid210x_device byte send 00 eoi 0
+4655.365455069: grid210x_device byte send 00 eoi 0
+4655.365484070: grid210x_device byte send 00 eoi 0
+4655.365513071: grid210x_device byte send 00 eoi 0
+4655.365544072: grid210x_device byte send 00 eoi 0
+4655.365573073: grid210x_device byte send 00 eoi 0
+4655.365602074: grid210x_device byte send 00 eoi 0
+4655.365630075: grid210x_device byte send 00 eoi 0
+4655.365661076: grid210x_device byte send 00 eoi 0
+4655.365690077: grid210x_device byte send 00 eoi 0
+4655.365719078: grid210x_device byte send 00 eoi 0
+4655.365747079: grid210x_device byte send 00 eoi 0
+4655.365776080: grid210x_device byte send 00 eoi 0
+4655.365807081: grid210x_device byte send 00 eoi 0
+4655.365835082: grid210x_device byte send 00 eoi 0
+4655.365864083: grid210x_device byte send 00 eoi 0
+4655.365892084: grid210x_device byte send 00 eoi 0
+4655.365923085: grid210x_device byte send 00 eoi 0
+4655.365952086: grid210x_device byte send 00 eoi 0
+4655.365979086: grid210x_device byte send 00 eoi 0
+4655.366007087: grid210x_device byte send 00 eoi 0
+4655.366037088: grid210x_device byte send 00 eoi 0
+4655.366066089: grid210x_device byte send 00 eoi 0
+4655.366094090: grid210x_device byte send 00 eoi 0
+4655.366122091: grid210x_device byte send 00 eoi 0
+4655.366150092: grid210x_device byte send 00 eoi 0
+4655.366180093: grid210x_device byte send 00 eoi 0
+4655.366208094: grid210x_device byte send 00 eoi 0
+4655.366372099: grid210x_device byte send 00 eoi 0
+4655.366461102: grid210x_device byte send 00 eoi 0
+4655.366498103: grid210x_device byte send 00 eoi 0
+4655.366565105: grid210x_device byte send 00 eoi 0
+4655.366602107: grid210x_device byte send 00 eoi 0
+4655.366633108: grid210x_device byte send 00 eoi 0
+4655.366664109: grid210x_device byte send 00 eoi 0
+4655.366694110: grid210x_device byte send 00 eoi 0
+4655.366723110: grid210x_device byte send 00 eoi 0
+4655.366751111: grid210x_device byte send 00 eoi 0
+4655.366781112: grid210x_device byte send 00 eoi 0
+4655.366809113: grid210x_device byte send 00 eoi 0
+4655.366837114: grid210x_device byte send 00 eoi 0
+4655.366865115: grid210x_device byte send 00 eoi 0
+4655.366893116: grid210x_device byte send 00 eoi 0
+4655.366923117: grid210x_device byte send 00 eoi 0
+4655.367203126: grid210x_device byte send 00 eoi 0
+4655.367469135: grid210x_device byte send 00 eoi 0
+4655.367523136: grid210x_device byte send 00 eoi 0
+4655.367559138: grid210x_device byte send 00 eoi 0
+4655.367589139: grid210x_device byte send 00 eoi 0
+4655.367619139: grid210x_device byte send 00 eoi 0
+4655.367648140: grid210x_device byte send 00 eoi 0
+4655.367679141: grid210x_device byte send 00 eoi 0
+4655.367708142: grid210x_device byte send 00 eoi 0
+4655.367737143: grid210x_device byte send 00 eoi 0
+4655.367765144: grid210x_device byte send 00 eoi 0
+4655.367797145: grid210x_device byte send 00 eoi 0
+4655.367825146: grid210x_device byte send 00 eoi 0
+4655.367854147: grid210x_device byte send 00 eoi 0
+4655.367883148: grid210x_device byte send 00 eoi 0
+4655.367914149: grid210x_device byte send 00 eoi 0
+4655.367944150: grid210x_device byte send 00 eoi 0
+4655.367973151: grid210x_device byte send 00 eoi 0
+4655.368001152: grid210x_device byte send 00 eoi 0
+4655.368032153: grid210x_device byte send 00 eoi 0
+4655.368061154: grid210x_device byte send 00 eoi 0
+4655.368089155: grid210x_device byte send 00 eoi 0
+4655.368118156: grid210x_device byte send 00 eoi 0
+4655.368146157: grid210x_device byte send 00 eoi 0
+4655.368177158: grid210x_device byte send 00 eoi 0
+4655.368206158: grid210x_device byte send 00 eoi 0
+4655.368235159: grid210x_device byte send 00 eoi 0
+4655.368264160: grid210x_device byte send 00 eoi 0
+4655.368294161: grid210x_device byte send 00 eoi 0
+4655.368322162: grid210x_device byte send 00 eoi 0
+4655.368351163: grid210x_device byte send 00 eoi 0
+4655.368532169: grid210x_device byte send 00 eoi 0
+4655.368576170: grid210x_device byte send 00 eoi 0
+4655.368609172: grid210x_device byte send 00 eoi 0
+4655.368639173: grid210x_device byte send 00 eoi 0
+4655.368670174: grid210x_device byte send 00 eoi 0
+4655.368699174: grid210x_device byte send 00 eoi 0
+4655.368729175: grid210x_device byte send 00 eoi 0
+4655.368758176: grid210x_device byte send 00 eoi 0
+4655.368788177: grid210x_device byte send 00 eoi 0
+4655.368817178: grid210x_device byte send 00 eoi 0
+4655.368846179: grid210x_device byte send 00 eoi 0
+4655.368874180: grid210x_device byte send 00 eoi 0
+4655.368906181: grid210x_device byte send 00 eoi 0
+4655.368935182: grid210x_device byte send 00 eoi 0
+4655.368964183: grid210x_device byte send 00 eoi 0
+4655.368993184: grid210x_device byte send 00 eoi 0
+4655.369021185: grid210x_device byte send 00 eoi 0
+4655.369054186: grid210x_device byte send 00 eoi 0
+4655.369082187: grid210x_device byte send 00 eoi 0
+4655.369111188: grid210x_device byte send 00 eoi 0
+4655.369139189: grid210x_device byte send 00 eoi 0
+4655.369169190: grid210x_device byte send 00 eoi 0
+4655.369198191: grid210x_device byte send 00 eoi 0
+4655.369226192: grid210x_device byte send 00 eoi 0
+4655.369254192: grid210x_device byte send 00 eoi 0
+4655.369285193: grid210x_device byte send 00 eoi 0
+4655.369313194: grid210x_device byte send 00 eoi 0
+4655.369340195: grid210x_device byte send 00 eoi 0
+4655.369368196: grid210x_device byte send 00 eoi 0
+4655.369395197: grid210x_device byte send 00 eoi 0
+4655.369426198: grid210x_device byte send 00 eoi 0
+4655.369586203: grid210x_device byte send 00 eoi 0
+4655.369628205: grid210x_device byte send 00 eoi 0
+4655.369662206: grid210x_device byte send 00 eoi 0
+4655.369692207: grid210x_device byte send 00 eoi 0
+4655.369721208: grid210x_device byte send 00 eoi 0
+4655.369750208: grid210x_device byte send 00 eoi 0
+4655.369779209: grid210x_device byte send 00 eoi 0
+4655.369808210: grid210x_device byte send 00 eoi 0
+4655.369837211: grid210x_device byte send 00 eoi 0
+4655.369865212: grid210x_device byte send 00 eoi 0
+4655.369893213: grid210x_device byte send 00 eoi 0
+4655.369923214: grid210x_device byte send 00 eoi 0
+4655.369952215: grid210x_device byte send 00 eoi 0
+4655.369980216: grid210x_device byte send 00 eoi 0
+4655.370080219: grid210x_device byte send 00 eoi 0
+4655.370120220: grid210x_device byte send 00 eoi 0
+4655.370439231: grid210x_device byte send 00 eoi 0
+4655.370483232: grid210x_device byte send 00 eoi 0
+4655.370714240: grid210x_device byte send 00 eoi 0
+4655.370752241: grid210x_device byte send 00 eoi 0
+4655.370785242: grid210x_device byte send 00 eoi 0
+4655.370815243: grid210x_device byte send 00 eoi 0
+4655.370845244: grid210x_device byte send 00 eoi 0
+4655.370874245: grid210x_device byte send 00 eoi 0
+4655.370906246: grid210x_device byte send 00 eoi 0
+4655.370935247: grid210x_device byte send 00 eoi 0
+4655.370964248: grid210x_device byte send 00 eoi 0
+4655.370992249: grid210x_device byte send 00 eoi 0
+4655.371021250: grid210x_device byte send 00 eoi 0
+4655.371053251: grid210x_device byte send 00 eoi 0
+4655.371081252: grid210x_device byte send 00 eoi 0
+4655.371110252: grid210x_device byte send 00 eoi 0
+4655.371139253: grid210x_device byte send 00 eoi 0
+4655.371169254: grid210x_device byte send 00 eoi 0
+4655.371198255: grid210x_device byte send 00 eoi 0
+4655.371226256: grid210x_device byte send 00 eoi 0
+4655.371255257: grid210x_device byte send 00 eoi 0
+4655.371285258: grid210x_device byte send 00 eoi 0
+4655.371314259: grid210x_device byte send 00 eoi 0
+4655.371343260: grid210x_device byte send 00 eoi 0
+4655.371371261: grid210x_device byte send 00 eoi 0
+4655.371399262: grid210x_device byte send 00 eoi 0
+4655.371430263: grid210x_device byte send 00 eoi 0
+4655.371459264: grid210x_device byte send 00 eoi 0
+4655.371487265: grid210x_device byte send 00 eoi 0
+4655.371515266: grid210x_device byte send 00 eoi 0
+4655.371546267: grid210x_device byte send 00 eoi 0
+4655.371576268: grid210x_device byte send 00 eoi 0
+4655.371736273: grid210x_device byte send 00 eoi 0
+4655.371783274: grid210x_device byte send 00 eoi 0
+4655.371815275: grid210x_device byte send 00 eoi 0
+4655.371845276: grid210x_device byte send 00 eoi 0
+4655.371874277: grid210x_device byte send 00 eoi 0
+4655.371905278: grid210x_device byte send 00 eoi 0
+4655.371934279: grid210x_device byte send 00 eoi 0
+4655.371963280: grid210x_device byte send 00 eoi 0
+4655.371993281: grid210x_device byte send 00 eoi 0
+4655.372021282: grid210x_device byte send 00 eoi 0
+4655.372052283: grid210x_device byte send 00 eoi 0
+4655.372082284: grid210x_device byte send 00 eoi 0
+4655.372111285: grid210x_device byte send 00 eoi 0
+4655.372139286: grid210x_device byte send 00 eoi 0
+4655.372170287: grid210x_device byte send 00 eoi 0
+4655.372199288: grid210x_device byte send 00 eoi 0
+4655.372227289: grid210x_device byte send 00 eoi 0
+4655.372255290: grid210x_device byte send 00 eoi 0
+4655.372286291: grid210x_device byte send 00 eoi 0
+4655.372316292: grid210x_device byte send 00 eoi 0
+4655.372344292: grid210x_device byte send 00 eoi 0
+4655.372371293: grid210x_device byte send 00 eoi 0
+4655.372399294: grid210x_device byte send 00 eoi 0
+4655.372428295: grid210x_device byte send 00 eoi 0
+4655.372456296: grid210x_device byte send 00 eoi 0
+4655.372484297: grid210x_device byte send 00 eoi 0
+4655.372512298: grid210x_device byte send 00 eoi 0
+4655.372542299: grid210x_device byte send 00 eoi 0
+4655.372570300: grid210x_device byte send 00 eoi 0
+4655.372598301: grid210x_device byte send 00 eoi 0
+4655.372626302: grid210x_device byte send 00 eoi 0
+4655.372810307: grid210x_device byte send 00 eoi 0
+4655.372859309: grid210x_device byte send 00 eoi 0
+4655.372891310: grid210x_device byte send 00 eoi 0
+4655.372923311: grid210x_device byte send 00 eoi 0
+4655.372951312: grid210x_device byte send 00 eoi 0
+4655.372979313: grid210x_device byte send 00 eoi 0
+4655.373007314: grid210x_device byte send 00 eoi 0
+4655.373038315: grid210x_device byte send 00 eoi 0
+4655.373067316: grid210x_device byte send 00 eoi 0
+4655.373096317: grid210x_device byte send 00 eoi 0
+4655.373124318: grid210x_device byte send 00 eoi 0
+4655.373154319: grid210x_device byte send 00 eoi 0
+4655.373183320: grid210x_device byte send 00 eoi 0
+4655.373211320: grid210x_device byte send 00 eoi 0
+4655.373238321: grid210x_device byte send 00 eoi 0
+4655.373265322: grid210x_device byte send 00 eoi 0
+4655.373555332: grid210x_device byte send 00 eoi 0
+4655.373595333: grid210x_device byte send 00 eoi 0
+4655.373627334: grid210x_device byte send 00 eoi 0
+4655.373658335: grid210x_device byte send 00 eoi 0
+4655.373688336: grid210x_device byte send 00 eoi 0
+4655.373717337: grid210x_device byte send 00 eoi 0
+4655.373947344: grid210x_device byte send 00 eoi 0
+4655.373983345: grid210x_device byte send 00 eoi 0
+4655.374013346: grid210x_device byte send 00 eoi 0
+4655.374045347: grid210x_device byte send 00 eoi 0
+4655.374074348: grid210x_device byte send 00 eoi 0
+4655.374103349: grid210x_device byte send 00 eoi 0
+4655.374131350: grid210x_device byte send 00 eoi 0
+4655.374162351: grid210x_device byte send 00 eoi 0
+4655.374192352: grid210x_device byte send 00 eoi 0
+4655.374221353: grid210x_device byte send 00 eoi 0
+4655.374249354: grid210x_device byte send 00 eoi 0
+4655.374281355: grid210x_device byte send 00 eoi 0
+4655.374310356: grid210x_device byte send 00 eoi 0
+4655.374339357: grid210x_device byte send 00 eoi 0
+4655.374367358: grid210x_device byte send 00 eoi 0
+4655.374396359: grid210x_device byte send 00 eoi 0
+4655.374487362: grid210x_device byte send 00 eoi 0
+4655.374520363: grid210x_device byte send 00 eoi 0
+4655.374593365: grid210x_device byte send 00 eoi 0
+4655.374625366: grid210x_device byte send 00 eoi 0
+4655.374657367: grid210x_device byte send 00 eoi 0
+4655.374687368: grid210x_device byte send 00 eoi 0
+4655.374716369: grid210x_device byte send 00 eoi 0
+4655.374745370: grid210x_device byte send 00 eoi 0
+4655.374774371: grid210x_device byte send 00 eoi 0
+4655.374804372: grid210x_device byte send 00 eoi 0
+4655.374971377: grid210x_device byte send 00 eoi 0
+4655.375018379: grid210x_device byte send 00 eoi 0
+4655.375054380: grid210x_device byte send 00 eoi 0
+4655.375084381: grid210x_device byte send 00 eoi 0
+4655.375113382: grid210x_device byte send 00 eoi 0
+4655.375142383: grid210x_device byte send 00 eoi 0
+4655.375174384: grid210x_device byte send 00 eoi 0
+4655.375202385: grid210x_device byte send 00 eoi 0
+4655.375231386: grid210x_device byte send 00 eoi 0
+4655.375260387: grid210x_device byte send 00 eoi 0
+4655.375291388: grid210x_device byte send 00 eoi 0
+4655.375320389: grid210x_device byte send 00 eoi 0
+4655.375349390: grid210x_device byte send 00 eoi 0
+4655.375377391: grid210x_device byte send 00 eoi 0
+4655.375409392: grid210x_device byte send 00 eoi 0
+4655.375438393: grid210x_device byte send 00 eoi 0
+4655.375466393: grid210x_device byte send 00 eoi 0
+4655.375495394: grid210x_device byte send 00 eoi 0
+4655.375524395: grid210x_device byte send 00 eoi 0
+4655.375554396: grid210x_device byte send 00 eoi 0
+4655.375583397: grid210x_device byte send 00 eoi 0
+4655.375611398: grid210x_device byte send 00 eoi 0
+4655.375639399: grid210x_device byte send 00 eoi 0
+4655.375670400: grid210x_device byte send 00 eoi 0
+4655.375699401: grid210x_device byte send 00 eoi 0
+4655.375727402: grid210x_device byte send 00 eoi 0
+4655.375755403: grid210x_device byte send 00 eoi 0
+4655.375785404: grid210x_device byte send 00 eoi 0
+4655.375813405: grid210x_device byte send 00 eoi 0
+4655.375842406: grid210x_device byte send 00 eoi 0
+4655.375869407: grid210x_device byte send 00 eoi 0
+4655.376033412: grid210x_device byte send 00 eoi 0
+4655.376075413: grid210x_device byte send 00 eoi 0
+4655.376106414: grid210x_device byte send 00 eoi 0
+4655.376135415: grid210x_device byte send 00 eoi 0
+4655.376166416: grid210x_device byte send 00 eoi 0
+4655.376194417: grid210x_device byte send 00 eoi 0
+4655.376222418: grid210x_device byte send 00 eoi 0
+4655.376251419: grid210x_device byte send 00 eoi 0
+4655.376281420: grid210x_device byte send 00 eoi 0
+4655.376309421: grid210x_device byte send 00 eoi 0
+4655.376337422: grid210x_device byte send 00 eoi 0
+4655.376366423: grid210x_device byte send 00 eoi 0
+4655.376394423: grid210x_device byte send 00 eoi 0
+4655.376423424: grid210x_device byte send 00 eoi 0
+4655.376451425: grid210x_device byte send 00 eoi 0
+4655.376479426: grid210x_device byte send 00 eoi 0
+4655.376755435: grid210x_device byte send 00 eoi 0
+4655.376796437: grid210x_device byte send 00 eoi 0
+4655.376828438: grid210x_device byte send 00 eoi 0
+4655.376857438: grid210x_device byte send 00 eoi 0
+4655.376886439: grid210x_device byte send 00 eoi 0
+4655.376917440: grid210x_device byte send 00 eoi 0
+4655.377121447: grid210x_device byte send 00 eoi 0
+4655.377170449: grid210x_device byte send 00 eoi 0
+4655.377203450: grid210x_device byte send 00 eoi 0
+4655.377245451: grid210x_device byte send 00 eoi 0
+4655.377278452: grid210x_device byte send 00 eoi 0
+4655.377309453: grid210x_device byte send 00 eoi 0
+4655.377338454: grid210x_device byte send 00 eoi 0
+4655.377367455: grid210x_device byte send 00 eoi 0
+4655.377396456: grid210x_device byte send 00 eoi 0
+4655.377427457: grid210x_device byte send 00 eoi 0
+4655.377456458: grid210x_device byte send 00 eoi 0
+4655.377485459: grid210x_device byte send 00 eoi 0
+4655.377513460: grid210x_device byte send 00 eoi 0
+4655.377544461: grid210x_device byte send 00 eoi 0
+4655.377573462: grid210x_device byte send 00 eoi 0
+4655.377601463: grid210x_device byte send 00 eoi 0
+4655.377630464: grid210x_device byte send 00 eoi 0
+4655.377661465: grid210x_device byte send 00 eoi 0
+4655.377690465: grid210x_device byte send 00 eoi 0
+4655.377718466: grid210x_device byte send 00 eoi 0
+4655.377747467: grid210x_device byte send 00 eoi 0
+4655.377775468: grid210x_device byte send 00 eoi 0
+4655.377806469: grid210x_device byte send 00 eoi 0
+4655.377836470: grid210x_device byte send 00 eoi 0
+4655.377864471: grid210x_device byte send 00 eoi 0
+4655.377893472: grid210x_device byte send 00 eoi 0
+4655.377928473: grid210x_device byte send 00 eoi 0
+4655.377957474: grid210x_device byte send 00 eoi 0
+4655.377985475: grid210x_device byte send 00 eoi 0
+4655.378014476: grid210x_device byte send 00 eoi 0
+4655.378203482: grid210x_device byte send 00 eoi 0
+4655.378252484: grid210x_device byte send 00 eoi 0
+4655.378287485: grid210x_device byte send 00 eoi 0
+4655.378318486: grid210x_device byte send 00 eoi 0
+4655.378347487: grid210x_device byte send 00 eoi 0
+4655.378375488: grid210x_device byte send 00 eoi 0
+4655.378406489: grid210x_device byte send 00 eoi 0
+4655.378435490: grid210x_device byte send 00 eoi 0
+4655.378464490: grid210x_device byte send 00 eoi 0
+4655.378493491: grid210x_device byte send 00 eoi 0
+4655.378521492: grid210x_device byte send 00 eoi 0
+4655.378552493: grid210x_device byte send 00 eoi 0
+4655.378581494: grid210x_device byte send 00 eoi 0
+4655.378610495: grid210x_device byte send 00 eoi 0
+4655.378639496: grid210x_device byte send 00 eoi 0
+4655.378670497: grid210x_device byte send 00 eoi 0
+4655.378699498: grid210x_device byte send 00 eoi 0
+4655.378728499: grid210x_device byte send 00 eoi 0
+4655.378756500: grid210x_device byte send 00 eoi 0
+4655.378786501: grid210x_device byte send 00 eoi 0
+4655.378814502: grid210x_device byte send 00 eoi 0
+4655.378843503: grid210x_device byte send 00 eoi 0
+4655.378870504: grid210x_device byte send 00 eoi 0
+4655.378898505: grid210x_device byte send 00 eoi 0
+4655.378928506: grid210x_device byte send 00 eoi 0
+4655.378956506: grid210x_device byte send 00 eoi 1
+4655.379389520: grid210x_device byte recv 5f atn 1 eoi 0
+4655.379422522: grid210x_device now not talking
+4655.381898602: grid210x_device byte recv 25 atn 1 eoi 0
+4655.381939603: grid210x_device now listening
+4655.383104641: grid210x_device byte recv 04 atn 0 eoi 0
+4655.383156642: grid210x_device byte recv 00 atn 0 eoi 0
+4655.383188643: grid210x_device byte recv 00 atn 0 eoi 0
+4655.383212644: grid210x_device byte recv 01 atn 0 eoi 0
+4655.383235645: grid210x_device byte recv 00 atn 0 eoi 0
+4655.383259646: grid210x_device byte recv 00 atn 0 eoi 0
+4655.383283646: grid210x_device byte recv 00 atn 0 eoi 0
+4655.383454652: grid210x_device byte recv 00 atn 0 eoi 0
+4655.383495653: grid210x_device byte recv 02 atn 0 eoi 0
+4655.384745694: grid210x_device byte recv 00 atn 0 eoi 1
+4655.384788695: grid210x_device byte recv 3f atn 1 eoi 0
+4655.385101705: grid210x_device now not listening
+4655.385122706: grid210x_device command 4, data size 512, sector no 1
+4655.386110738: grid210x_device byte recv 18 atn 1 eoi 0
+4655.386214741: grid210x_device byte recv 45 atn 1 eoi 0
+4655.386234742: grid210x_device now talking
+4655.386256743: grid210x_device byte send 4f eoi 0
+4655.386341745: grid210x_device byte recv 19 atn 1 eoi 0
+4655.386384747: grid210x_device byte recv 5f atn 1 eoi 0
+4655.386399747: grid210x_device now not talking
+4655.387713790: grid210x_device byte recv 45 atn 1 eoi 0
+4655.387747791: grid210x_device now talking
+4655.388951830: grid210x_device byte send 9a eoi 0
+4655.389401844: grid210x_device byte send 42 eoi 0
+4655.389433846: grid210x_device byte send 07 eoi 0
+4655.389464847: grid210x_device byte send 01 eoi 0
+4655.389493847: grid210x_device byte send 20 eoi 0
+4655.389521848: grid210x_device byte send 55 eoi 0
+4655.389551849: grid210x_device byte send b8 eoi 0
+4655.389579850: grid210x_device byte send 80 eoi 0
+4655.389606851: grid210x_device byte send 20 eoi 0
+4655.389633852: grid210x_device byte send 8e eoi 0
+4655.389663853: grid210x_device byte send d8 eoi 0
+4655.389690854: grid210x_device byte send bb eoi 0
+4655.389852859: grid210x_device byte send 08 eoi 0
+4655.389893860: grid210x_device byte send 00 eoi 0
+4655.389928862: grid210x_device byte send 58 eoi 0
+4655.389957862: grid210x_device byte send 59 eoi 0
+4655.389985863: grid210x_device byte send 89 eoi 0
+4655.390085867: grid210x_device byte send 0f eoi 0
+4655.390126868: grid210x_device byte send 89 eoi 0
+4655.390158869: grid210x_device byte send 47 eoi 0
+4655.390187870: grid210x_device byte send 02 eoi 0
+4655.390216871: grid210x_device byte send eb eoi 0
+4655.390243872: grid210x_device byte send e9 eoi 0
+4655.390270873: grid210x_device byte send 55 eoi 0
+4655.390301874: grid210x_device byte send 43 eoi 0
+4655.390329875: grid210x_device byte send 61 eoi 0
+4655.390356875: grid210x_device byte send 6e eoi 0
+4655.390384876: grid210x_device byte send 6e eoi 0
+4655.390467879: grid210x_device byte send 6f eoi 0
+4655.390506880: grid210x_device byte send 74 eoi 0
+4655.390573882: grid210x_device byte send 20 eoi 0
+4655.390608884: grid210x_device byte send 62 eoi 0
+4655.390637884: grid210x_device byte send 6f eoi 0
+4655.390669886: grid210x_device byte send 6f eoi 0
+4655.390697886: grid210x_device byte send 74 eoi 0
+4655.390724887: grid210x_device byte send 3a eoi 0
+4655.390789889: grid210x_device byte send 20 eoi 0
+4655.390945894: grid210x_device byte send 4d eoi 0
+4655.390979896: grid210x_device byte send 65 eoi 0
+4655.391007896: grid210x_device byte send 64 eoi 0
+4655.391036897: grid210x_device byte send 69 eoi 0
+4655.391064898: grid210x_device byte send 75 eoi 0
+4655.391092899: grid210x_device byte send 6d eoi 0
+4655.391119900: grid210x_device byte send 20 eoi 0
+4655.391146901: grid210x_device byte send 65 eoi 0
+4655.391175902: grid210x_device byte send 72 eoi 0
+4655.391203903: grid210x_device byte send 72 eoi 0
+4655.391229904: grid210x_device byte send 6f eoi 0
+4655.391255904: grid210x_device byte send 72 eoi 0
+4655.391284905: grid210x_device byte send 0d eoi 0
+4655.391314906: grid210x_device byte send 0a eoi 0
+4655.391341907: grid210x_device byte send 43 eoi 0
+4655.391369908: grid210x_device byte send 43 eoi 0
+4655.391395909: grid210x_device byte send 4f eoi 0
+4655.391424910: grid210x_device byte send 53 eoi 0
+4655.391451911: grid210x_device byte send 20 eoi 0
+4655.391478912: grid210x_device byte send 6e eoi 0
+4655.391504913: grid210x_device byte send 6f eoi 0
+4655.391533913: grid210x_device byte send 74 eoi 0
+4655.391560914: grid210x_device byte send 20 eoi 0
+4655.391587915: grid210x_device byte send 66 eoi 0
+4655.391614916: grid210x_device byte send 6f eoi 0
+4655.391640917: grid210x_device byte send 75 eoi 0
+4655.391670918: grid210x_device byte send 6e eoi 0
+4655.391697919: grid210x_device byte send 64 eoi 0
+4655.391723920: grid210x_device byte send 0d eoi 0
+4655.391751921: grid210x_device byte send 0a eoi 0
+4655.391780921: grid210x_device byte send 43 eoi 0
+4655.392247937: grid210x_device byte send 68 eoi 0
+4655.392289938: grid210x_device byte send 65 eoi 0
+4655.392318939: grid210x_device byte send 63 eoi 0
+4655.392346940: grid210x_device byte send 6b eoi 0
+4655.392373941: grid210x_device byte send 73 eoi 0
+4655.392401942: grid210x_device byte send 75 eoi 0
+4655.392431943: grid210x_device byte send 6d eoi 0
+4655.392460943: grid210x_device byte send 20 eoi 0
+4655.392488944: grid210x_device byte send 65 eoi 0
+4655.392515945: grid210x_device byte send 72 eoi 0
+4655.392544946: grid210x_device byte send 72 eoi 0
+4655.392572947: grid210x_device byte send 6f eoi 0
+4655.392599948: grid210x_device byte send 72 eoi 0
+4655.392626949: grid210x_device byte send 20 eoi 0
+4655.392657950: grid210x_device byte send 69 eoi 0
+4655.392685951: grid210x_device byte send 6e eoi 0
+4655.392712952: grid210x_device byte send 20 eoi 0
+4655.392739953: grid210x_device byte send 43 eoi 0
+4655.392766953: grid210x_device byte send 43 eoi 0
+4655.392795954: grid210x_device byte send 4f eoi 0
+4655.392824955: grid210x_device byte send 53 eoi 0
+4655.392852956: grid210x_device byte send 0d eoi 0
+4655.392882957: grid210x_device byte send 0a eoi 0
+4655.393107964: grid210x_device byte send 11 eoi 0
+4655.393141966: grid210x_device byte send 50 eoi 0
+4655.393173967: grid210x_device byte send 72 eoi 0
+4655.393202968: grid210x_device byte send 6f eoi 0
+4655.393230968: grid210x_device byte send 67 eoi 0
+4655.393257969: grid210x_device byte send 72 eoi 0
+4655.393286970: grid210x_device byte send 61 eoi 0
+4655.393314971: grid210x_device byte send 6d eoi 0
+4655.393341972: grid210x_device byte send 73 eoi 0
+4655.393369973: grid210x_device byte send 7e eoi 0
+4655.393396974: grid210x_device byte send 53 eoi 0
+4655.393426975: grid210x_device byte send 75 eoi 0
+4655.393454976: grid210x_device byte send 62 eoi 0
+4655.393481977: grid210x_device byte send 6a eoi 0
+4655.393508977: grid210x_device byte send 65 eoi 0
+4655.393537978: grid210x_device byte send 63 eoi 0
+4655.393565979: grid210x_device byte send 74 eoi 0
+4655.393592980: grid210x_device byte send 7e eoi 0
+4655.393621981: grid210x_device byte send 0c eoi 0
+4655.393654982: grid210x_device byte send 43 eoi 0
+4655.393683983: grid210x_device byte send 43 eoi 0
+4655.393710984: grid210x_device byte send 4f eoi 0
+4655.393739985: grid210x_device byte send 53 eoi 0
+4655.393765986: grid210x_device byte send 7e eoi 0
+4655.393795987: grid210x_device byte send 53 eoi 0
+4655.393822988: grid210x_device byte send 79 eoi 0
+4655.393850988: grid210x_device byte send 73 eoi 0
+4655.393877989: grid210x_device byte send 74 eoi 0
+4655.393906990: grid210x_device byte send 65 eoi 0
+4655.393933991: grid210x_device byte send 6d eoi 0
+4655.393960992: grid210x_device byte send 7e eoi 0
+4655.393987993: grid210x_device byte send 18 eoi 0
+4655.394187999: grid210x_device byte send 53 eoi 0
+4655.394223001: grid210x_device byte send 63 eoi 0
+4655.394252001: grid210x_device byte send 72 eoi 0
+4655.394281002: grid210x_device byte send 65 eoi 0
+4655.394310003: grid210x_device byte send 65 eoi 0
+4655.394337004: grid210x_device byte send 6e eoi 0
+4655.394363005: grid210x_device byte send 2e eoi 0
+4655.394391006: grid210x_device byte send 49 eoi 0
+4655.394419007: grid210x_device byte send 6e eoi 0
+4655.394447008: grid210x_device byte send 69 eoi 0
+4655.394474009: grid210x_device byte send 74 eoi 0
+4655.394501010: grid210x_device byte send 7e eoi 0
+4655.394529010: grid210x_device byte send 53 eoi 0
+4655.394557011: grid210x_device byte send 63 eoi 0
+4655.394584012: grid210x_device byte send 72 eoi 0
+4655.394611013: grid210x_device byte send 65 eoi 0
+4655.394637014: grid210x_device byte send 65 eoi 0
+4655.394667015: grid210x_device byte send 6e eoi 0
+4655.394695016: grid210x_device byte send 49 eoi 0
+4655.394721017: grid210x_device byte send 6d eoi 0
+4655.394748018: grid210x_device byte send 61 eoi 0
+4655.394774018: grid210x_device byte send 67 eoi 0
+4655.394803019: grid210x_device byte send 65 eoi 0
+4655.395251034: grid210x_device byte send 7e eoi 0
+4655.395301035: grid210x_device byte send 55 eoi 0
+4655.395332036: grid210x_device byte send 80 eoi 0
+4655.395360037: grid210x_device byte send 20 eoi 0
+4655.395387038: grid210x_device byte send 00 eoi 0
+4655.395420039: grid210x_device byte send 00 eoi 0
+4655.395449040: grid210x_device byte send 40 eoi 0
+4655.395476041: grid210x_device byte send 00 eoi 0
+4655.395504042: grid210x_device byte send 55 eoi 0
+4655.395534043: grid210x_device byte send 8b eoi 0
+4655.395562044: grid210x_device byte send ec eoi 0
+4655.395589045: grid210x_device byte send b8 eoi 0
+4655.395616046: grid210x_device byte send 08 eoi 0
+4655.395645047: grid210x_device byte send 00 eoi 0
+4655.395676048: grid210x_device byte send 0e eoi 0
+4655.395705048: grid210x_device byte send 50 eoi 0
+4655.395733049: grid210x_device byte send b8 eoi 0
+4655.395760050: grid210x_device byte send 0d eoi 0
+4655.395791051: grid210x_device byte send 00 eoi 0
+4655.395820052: grid210x_device byte send 50 eoi 0
+4655.395848053: grid210x_device byte send 9a eoi 0
+4655.395875054: grid210x_device byte send 06 eoi 0
+4655.395905055: grid210x_device byte send 00 eoi 0
+4655.395935056: grid210x_device byte send ef eoi 0
+4655.395962057: grid210x_device byte send ff eoi 0
+4655.395990058: grid210x_device byte send 8b eoi 0
+4655.396017059: grid210x_device byte send 1e eoi 0
+4655.396046060: grid210x_device byte send 00 eoi 0
+4655.396075060: grid210x_device byte send 00 eoi 0
+4655.396103061: grid210x_device byte send 4b eoi 0
+4655.396131062: grid210x_device byte send d1 eoi 0
+4655.396292067: grid210x_device byte send e3 eoi 0
+4655.396337069: grid210x_device byte send 2e eoi 0
+4655.396367070: grid210x_device byte send ff eoi 0
+4655.396397071: grid210x_device byte send a7 eoi 0
+4655.396429072: grid210x_device byte send a7 eoi 0
+4655.396457073: grid210x_device byte send 00 eoi 0
+4655.396486074: grid210x_device byte send ad eoi 0
+4655.396514075: grid210x_device byte send 00 eoi 0
+4655.396544076: grid210x_device byte send b7 eoi 0
+4655.396572077: grid210x_device byte send 00 eoi 0
+4655.396601077: grid210x_device byte send c1 eoi 0
+4655.396629078: grid210x_device byte send 00 eoi 0
+4655.396660079: grid210x_device byte send b8 eoi 0
+4655.396688080: grid210x_device byte send 15 eoi 0
+4655.396716081: grid210x_device byte send 00 eoi 0
+4655.396744082: grid210x_device byte send 0e eoi 0
+4655.396772083: grid210x_device byte send 50 eoi 0
+4655.396802084: grid210x_device byte send b8 eoi 0
+4655.396830085: grid210x_device byte send 0e eoi 0
+4655.396858086: grid210x_device byte send 00 eoi 0
+4655.396886087: grid210x_device byte send eb eoi 0
+4655.396916088: grid210x_device byte send 12 eoi 0
+4655.396943089: grid210x_device byte send b8 eoi 0
+4655.396970089: grid210x_device byte send 23 eoi 0
+4655.396998090: grid210x_device byte send 00 eoi 0
+4655.397027091: grid210x_device byte send 0e eoi 0
+4655.397057092: grid210x_device byte send 50 eoi 0
+4655.397084093: grid210x_device byte send b8 eoi 0
+4655.397111094: grid210x_device byte send 10 eoi 0
+4655.397138095: grid210x_device byte send 00 eoi 0
+4655.397168096: grid210x_device byte send eb eoi 0
+4655.397195097: grid210x_device byte send 08 eoi 0
+4655.397350102: grid210x_device byte send b8 eoi 0
+4655.397392103: grid210x_device byte send 33 eoi 0
+4655.397426104: grid210x_device byte send 00 eoi 0
+4655.397456105: grid210x_device byte send 0e eoi 0
+4655.397483106: grid210x_device byte send 50 eoi 0
+4655.397510107: grid210x_device byte send b8 eoi 0
+4655.397539108: grid210x_device byte send 18 eoi 0
+4655.397568109: grid210x_device byte send 00 eoi 0
+4655.397596110: grid210x_device byte send 50 eoi 0
+4655.397623111: grid210x_device byte send 9a eoi 0
+4655.397650111: grid210x_device byte send 06 eoi 0
+4655.397681112: grid210x_device byte send 00 eoi 0
+4655.397708113: grid210x_device byte send ef eoi 0
+4655.397735114: grid210x_device byte send ff eoi 0
+4655.397762115: grid210x_device byte send b8 eoi 0
+4655.397791116: grid210x_device byte send e8 eoi 0
+4655.398058125: grid210x_device byte send 03 eoi 0
+4655.398097126: grid210x_device byte send 50 eoi 0
+4655.398126127: grid210x_device byte send 9a eoi 0
+4655.398155128: grid210x_device byte send d3 eoi 0
+4655.398184129: grid210x_device byte send 00 eoi 0
+4655.398213130: grid210x_device byte send ef eoi 0
+4655.398240131: grid210x_device byte send ff eoi 0
+4655.398498139: grid210x_device byte send 5d eoi 0
+4655.398590142: grid210x_device byte send c3 eoi 0
+4655.398627143: grid210x_device byte send 55 eoi 0
+4655.398661144: grid210x_device byte send 8b eoi 0
+4655.398690145: grid210x_device byte send ec eoi 0
+4655.398718146: grid210x_device byte send b0 eoi 0
+4655.398746147: grid210x_device byte send 00 eoi 0
+4655.398775148: grid210x_device byte send bf eoi 0
+4655.398805149: grid210x_device byte send 99 eoi 0
+4655.398833150: grid210x_device byte send 0e eoi 0
+4655.398862151: grid210x_device byte send b9 eoi 0
+4655.398891152: grid210x_device byte send 13 eoi 0
+4655.398921153: grid210x_device byte send 00 eoi 0
+4655.398950154: grid210x_device byte send 1e eoi 0
+4655.398978154: grid210x_device byte send 07 eoi 0
+4655.399007155: grid210x_device byte send fc eoi 0
+4655.399036156: grid210x_device byte send f2 eoi 0
+4655.399065157: grid210x_device byte send aa eoi 0
+4655.399093158: grid210x_device byte send a0 eoi 0
+4655.399120159: grid210x_device byte send b0 eoi 0
+4655.399147160: grid210x_device byte send 0e eoi 0
+4655.399179161: grid210x_device byte send a2 eoi 0
+4655.399207162: grid210x_device byte send a7 eoi 0
+4655.399234163: grid210x_device byte send 0e eoi 0
+4655.399263164: grid210x_device byte send c4 eoi 0
+4655.399292165: grid210x_device byte send 46 eoi 0
+4655.399321166: grid210x_device byte send 0a eoi 0
+4655.399349166: grid210x_device byte send a3 eoi 0
+4655.399377167: grid210x_device byte send 9b eoi 0
+4655.399407168: grid210x_device byte send 0e eoi 0
+4655.399613175: grid210x_device byte send 8c eoi 0
+4655.399645176: grid210x_device byte send 06 eoi 0
+4655.399680177: grid210x_device byte send 9d eoi 0
+4655.399709178: grid210x_device byte send 0e eoi 0
+4655.399738179: grid210x_device byte send 8b eoi 0
+4655.399765180: grid210x_device byte send 46 eoi 0
+4655.399794181: grid210x_device byte send 04 eoi 0
+4655.399824182: grid210x_device byte send a3 eoi 0
+4655.399851183: grid210x_device byte send a3 eoi 0
+4655.399879184: grid210x_device byte send 0e eoi 0
+4655.399910185: grid210x_device byte send 8b eoi 0
+4655.399938185: grid210x_device byte send 46 eoi 0
+4655.399966186: grid210x_device byte send 06 eoi 0
+4655.399994187: grid210x_device byte send 8b eoi 0
+4655.400193194: grid210x_device byte send 56 eoi 0
+4655.400230195: grid210x_device byte send 08 eoi 0
+4655.400261196: grid210x_device byte send a3 eoi 0
+4655.400291197: grid210x_device byte send 9f eoi 0
+4655.400319198: grid210x_device byte send 0e eoi 0
+4655.400347199: grid210x_device byte send 89 eoi 0
+4655.400374200: grid210x_device byte send 16 eoi 0
+4655.400400200: grid210x_device byte send a1 eoi 0
+4655.400429201: grid210x_device byte send 0e eoi 0
+4655.400457202: grid210x_device byte send 5d eoi 0
+4655.400485203: grid210x_device byte send c2 eoi 0
+4655.400670209: grid210x_device byte send 0a eoi 0
+4655.400707210: grid210x_device byte send 00 eoi 0
+4655.400737211: grid210x_device byte send 55 eoi 0
+4655.400765212: grid210x_device byte send 8b eoi 0
+4655.400794213: grid210x_device byte send ec eoi 0
+4655.400820214: grid210x_device byte send c4 eoi 0
+4655.400848215: grid210x_device byte send 46 eoi 0
+4655.400875216: grid210x_device byte send 04 eoi 0
+4655.400904217: grid210x_device byte send 06 eoi 0
+4655.400933218: grid210x_device byte send 50 eoi 0
+4655.400960219: grid210x_device byte send 8b eoi 0
+4655.400988219: grid210x_device byte send 46 eoi 0
+4655.401014220: grid210x_device byte send 08 eoi 0
+4655.401044221: grid210x_device byte send ba eoi 0
+4655.401072222: grid210x_device byte send 00 eoi 0
+4655.401099223: grid210x_device byte send 00 eoi 0
+4655.401128224: grid210x_device byte send 03 eoi 0
+4655.401479235: grid210x_device byte send 06 eoi 0
+4655.401518237: grid210x_device byte send 0c eoi 0
+4655.401552238: grid210x_device byte send 00 eoi 0
+4655.401773245: grid210x_device byte send 13 eoi 0
+4655.401810246: grid210x_device byte send 16 eoi 0
+4655.401840247: grid210x_device byte send 0e eoi 0
+4655.401869248: grid210x_device byte send 00 eoi 0
+4655.401898249: grid210x_device byte send 52 eoi 0
+4655.401929250: grid210x_device byte send 50 eoi 0
+4655.401956251: grid210x_device byte send ff eoi 0
+4655.401983252: grid210x_device byte send 36 eoi 0
+4655.402010253: grid210x_device byte send 22 eoi 0
+4655.402040254: grid210x_device byte send 00 eoi 0
+4655.402069254: grid210x_device byte send e8 eoi 0
+4655.402097255: grid210x_device byte send aa eoi 0
+4655.402123256: grid210x_device byte send ff eoi 0
+4655.402150257: grid210x_device byte send b8 eoi 0
+4655.402180258: grid210x_device byte send 04 eoi 0
+4655.402209259: grid210x_device byte send 00 eoi 0
+4655.402237260: grid210x_device byte send 50 eoi 0
+4655.402264261: grid210x_device byte send b8 eoi 0
+4655.402294262: grid210x_device byte send 99 eoi 0
+4655.402323263: grid210x_device byte send 0e eoi 0
+4655.402352264: grid210x_device byte send 1e eoi 0
+4655.402379264: grid210x_device byte send 50 eoi 0
+4655.402409265: grid210x_device byte send b8 eoi 0
+4655.402437266: grid210x_device byte send 6c eoi 0
+4655.402465267: grid210x_device byte send 0a eoi 0
+4655.402493268: grid210x_device byte send 1e eoi 0
+4655.402520269: grid210x_device byte send 50 eoi 0
+4655.402550270: grid210x_device byte send ff eoi 0
+4655.402578271: grid210x_device byte send 1e eoi 0
+4655.402605272: grid210x_device byte send ac eoi 0
+4655.402632273: grid210x_device byte send 0e eoi 0
+4655.402793278: grid210x_device byte send a1 eoi 0
+4655.402836279: grid210x_device byte send 6c eoi 0
+4655.402866280: grid210x_device byte send 0a eoi 0
+4655.402896281: grid210x_device byte send 5d eoi 0
+4655.402927282: grid210x_device byte send c2 eoi 0
+4655.402955283: grid210x_device byte send 06 eoi 0
+4655.402984284: grid210x_device byte send 00 eoi 0
+4655.403012285: grid210x_device byte send 55 eoi 0
+4655.403042286: grid210x_device byte send 8b eoi 0
+4655.403070287: grid210x_device byte send ec eoi 0
+4655.403097288: grid210x_device byte send c4 eoi 0
+4655.403125289: grid210x_device byte send 5e eoi 0
+4655.403154290: grid210x_device byte send 04 eoi 0
+4655.403183291: grid210x_device byte send 8d eoi 0
+4655.403211291: grid210x_device byte send 47 eoi 0
+4655.403238292: grid210x_device byte send 04 eoi 0
+4655.403266293: grid210x_device byte send a3 eoi 0
+4655.403296294: grid210x_device byte send 72 eoi 0
+4655.403323295: grid210x_device byte send 0a eoi 0
+4655.403351296: grid210x_device byte send 8c eoi 0
+4655.403378297: grid210x_device byte send 06 eoi 0
+4655.403408298: grid210x_device byte send 74 eoi 0
+4655.403435299: grid210x_device byte send 0a eoi 0
+4655.403464300: grid210x_device byte send c4 eoi 0
+4655.403491300: grid210x_device byte send 5e eoi 0
+4655.403517301: grid210x_device byte send 04 eoi 0
+4655.403547302: grid210x_device byte send b8 eoi 0
+4655.403575303: grid210x_device byte send 00 eoi 0
+4655.403602304: grid210x_device byte send 00 eoi 0
+4655.403630305: grid210x_device byte send 26 eoi 0
+4655.403660306: grid210x_device byte send 89 eoi 0
+4655.403687307: grid210x_device byte send 87 eoi 0
+4655.403839312: grid210x_device byte send 04 eoi 0
+4655.403885313: grid210x_device byte send 04 eoi 0
+4655.403919314: grid210x_device byte send 26 eoi 0
+4655.403948315: grid210x_device byte send 89 eoi 0
+4655.403976316: grid210x_device byte send 87 eoi 0
+4655.404003317: grid210x_device byte send 06 eoi 0
+4655.404033318: grid210x_device byte send 04 eoi 0
+4655.404062319: grid210x_device byte send 26 eoi 0
+4655.404090320: grid210x_device byte send c7 eoi 0
+4655.404117321: grid210x_device byte send 07 eoi 0
+4655.404147322: grid210x_device byte send 01 eoi 0
+4655.404178323: grid210x_device byte send 00 eoi 0
+4655.404205324: grid210x_device byte send 26 eoi 0
+4655.404497333: grid210x_device byte send c7 eoi 0
+4655.404537334: grid210x_device byte send 47 eoi 0
+4655.404567335: grid210x_device byte send 02 eoi 0
+4655.404598336: grid210x_device byte send 00 eoi 0
+4655.404627337: grid210x_device byte send 00 eoi 0
+4655.404658338: grid210x_device byte send c4 eoi 0
+4655.404687339: grid210x_device byte send 1e eoi 0
+4655.404716340: grid210x_device byte send 72 eoi 0
+4655.404744341: grid210x_device byte send 0a eoi 0
+4655.404972348: grid210x_device byte send 8d eoi 0
+4655.405015350: grid210x_device byte send 87 eoi 0
+4655.405048351: grid210x_device byte send cc eoi 0
+4655.405077352: grid210x_device byte send 00 eoi 0
+4655.405106353: grid210x_device byte send a3 eoi 0
+4655.405134354: grid210x_device byte send 6e eoi 0
+4655.405163355: grid210x_device byte send 0a eoi 0
+4655.405192356: grid210x_device byte send 8c eoi 0
+4655.405221356: grid210x_device byte send 06 eoi 0
+4655.405249357: grid210x_device byte send 70 eoi 0
+4655.405276358: grid210x_device byte send 0a eoi 0
+4655.405307359: grid210x_device byte send 89 eoi 0
+4655.405335360: grid210x_device byte send c3 eoi 0
+4655.405362361: grid210x_device byte send 8b eoi 0
+4655.405390362: grid210x_device byte send 4e eoi 0
+4655.405418363: grid210x_device byte send 08 eoi 0
+4655.405447364: grid210x_device byte send 26 eoi 0
+4655.405474365: grid210x_device byte send 89 eoi 0
+4655.405502366: grid210x_device byte send 4f eoi 0
+4655.405531367: grid210x_device byte send 06 eoi 0
+4655.405559367: grid210x_device byte send 5d eoi 0
+4655.405587368: grid210x_device byte send c2 eoi 0
+4655.405615369: grid210x_device byte send 06 eoi 0
+4655.405643370: grid210x_device byte send 00 eoi 0
+4655.405675371: grid210x_device byte send 55 eoi 0
+4655.405703372: grid210x_device byte send 8b eoi 0
+4655.405730373: grid210x_device byte send ec eoi 0
+4655.405757374: grid210x_device byte send 83 eoi 0
+4655.405786375: grid210x_device byte send 7e eoi 0
+4655.405815376: grid210x_device byte send 04 eoi 0
+4655.405844377: grid210x_device byte send 00 eoi 0
+4655.405872378: grid210x_device byte send 75 eoi 0
+4655.406049383: grid210x_device byte send 08 eoi 0
+4655.406083384: grid210x_device byte send a1 eoi 0
+4655.406112385: grid210x_device byte send 24 eoi 0
+4655.406140386: grid210x_device byte send 00 eoi 0
+4655.406171387: grid210x_device byte send 2d eoi 0
+4655.406199388: grid210x_device byte send d4 eoi 0
+4655.406227389: grid210x_device byte send 00 eoi 0
+4655.406255390: grid210x_device byte send eb eoi 0
+4655.406284391: grid210x_device byte send 06 eoi 0
+4655.406313392: grid210x_device byte send a1 eoi 0
+4655.406340393: grid210x_device byte send 24 eoi 0
+4655.406367394: grid210x_device byte send 00 eoi 0
+4655.406395394: grid210x_device byte send 83 eoi 0
+4655.406485397: grid210x_device byte send e8 eoi 0
+4655.406518398: grid210x_device byte send 0c eoi 0
+4655.406589401: grid210x_device byte send d1 eoi 0
+4655.406621402: grid210x_device byte send e8 eoi 0
+4655.406649403: grid210x_device byte send 5d eoi 0
+4655.406681404: grid210x_device byte send c2 eoi 0
+4655.406709405: grid210x_device byte send 02 eoi 0
+4655.406738406: grid210x_device byte send 00 eoi 0
+4655.406766406: grid210x_device byte send 55 eoi 0
+4655.406795407: grid210x_device byte send 8b eoi 0
+4655.406823408: grid210x_device byte send ec eoi 0
+4655.406850409: grid210x_device byte send b8 eoi 0
+4655.406877410: grid210x_device byte send 00 eoi 0
+4655.406907411: grid210x_device byte send 00 eoi 0
+4655.407082417: grid210x_device byte send 50 eoi 0
+4655.407127418: grid210x_device byte send e8 eoi 0
+4655.407160419: grid210x_device byte send d9 eoi 0
+4655.407188420: grid210x_device byte send ff eoi 0
+4655.407215421: grid210x_device byte send a3 eoi 0
+4655.407242422: grid210x_device byte send 76 eoi 0
+4655.407269423: grid210x_device byte send 0a eoi 0
+4655.407300424: grid210x_device byte send c4 eoi 0
+4655.407339425: grid210x_device byte send 5e eoi 0
+4655.407370426: grid210x_device byte send 04 eoi 0
+4655.407651435: grid210x_device byte send 8d eoi 0
+4655.407696437: grid210x_device byte send 4f eoi 0
+4655.407726438: grid210x_device byte send 04 eoi 0
+4655.407757439: grid210x_device byte send 89 eoi 0
+4655.407787440: grid210x_device byte send 0e eoi 0
+4655.407816440: grid210x_device byte send 86 eoi 0
+4655.407844441: grid210x_device byte send 0a eoi 0
+4655.407872442: grid210x_device byte send 8c eoi 0
+4655.407899443: grid210x_device byte send 06 eoi 0
+4655.407929444: grid210x_device byte send 88 eoi 0
+4655.407957445: grid210x_device byte send 0a eoi 0
+4655.407986446: grid210x_device byte send c4 eoi 0
+4655.408209453: grid210x_device byte send 5e eoi 0
+4655.408253455: grid210x_device byte send 04 eoi 0
+4655.408288456: grid210x_device byte send 26 eoi 0
+4655.408318457: grid210x_device byte send 8b eoi 0
+4655.408346458: grid210x_device byte send 87 eoi 0
+4655.408373458: grid210x_device byte send 04 eoi 0
+4655.408402459: grid210x_device byte send 04 eoi 0
+4655.408433460: grid210x_device byte send 26 eoi 0
+4655.408461461: grid210x_device byte send 8b eoi 0
+4655.408488462: grid210x_device byte send 97 eoi 0
+4655.408515463: grid210x_device byte send 06 eoi 0
+4655.408545464: grid210x_device byte send 04 eoi 0
+4655.408574465: grid210x_device byte send 8b eoi 0
+4655.408601466: grid210x_device byte send 0e eoi 0
+4655.408629467: grid210x_device byte send 24 eoi 0
+4655.408658468: grid210x_device byte send 00 eoi 0
+4655.408687469: grid210x_device byte send bf eoi 0
+4655.408714470: grid210x_device byte send 00 eoi 0
+4655.408742470: grid210x_device byte send 00 eoi 0
+4655.408770471: grid210x_device byte send 9a eoi 0
+4655.408801472: grid210x_device byte send 00 eoi 0
+4655.408829473: grid210x_device byte send 00 eoi 0
+4655.408857474: grid210x_device byte send 7b eoi 0
+4655.408885475: grid210x_device byte send 20 eoi 0
+4655.408914476: grid210x_device byte send a3 eoi 0
+4655.408942477: grid210x_device byte send 7a eoi 0
+4655.408970478: grid210x_device byte send 0a eoi 0
+4655.408997479: grid210x_device byte send 3b eoi 0
+4655.409024480: grid210x_device byte send 06 eoi 0
+4655.409055481: grid210x_device byte send 76 eoi 0
+4655.409082481: grid210x_device byte send 0a eoi 0
+4655.409110482: grid210x_device byte send 73 eoi 0
+4655.409280488: grid210x_device byte send 0d eoi 0
+4655.409317489: grid210x_device byte send a3 eoi 0
+4655.409346490: grid210x_device byte send 7c eoi 0
+4655.409377491: grid210x_device byte send 0a eoi 0
+4655.409408492: grid210x_device byte send c4 eoi 0
+4655.409436493: grid210x_device byte send 1e eoi 0
+4655.409464494: grid210x_device byte send 86 eoi 1
+4655.409894508: grid210x_device byte recv 5f atn 1 eoi 0
+4655.409916508: grid210x_device now not talking
+4655.412213583: grid210x_device byte recv 25 atn 1 eoi 0
+4655.412253584: grid210x_device now listening
+4655.413446623: grid210x_device byte recv 04 atn 0 eoi 0
+4655.413489624: grid210x_device byte recv 00 atn 0 eoi 0
+4655.413515625: grid210x_device byte recv 00 atn 0 eoi 0
+4655.413541626: grid210x_device byte recv 02 atn 0 eoi 0
+4655.413565627: grid210x_device byte recv 00 atn 0 eoi 0
+4655.413587627: grid210x_device byte recv 00 atn 0 eoi 0
+4655.413610628: grid210x_device byte recv 00 atn 0 eoi 0
+4655.413632629: grid210x_device byte recv 00 atn 0 eoi 0
+4655.413656629: grid210x_device byte recv 02 atn 0 eoi 0
+4655.414748665: grid210x_device byte recv 00 atn 0 eoi 1
+4655.414802667: grid210x_device byte recv 3f atn 1 eoi 0
+4655.414821667: grid210x_device now not listening
+4655.414832668: grid210x_device command 4, data size 512, sector no 2
+4655.415690695: grid210x_device byte recv 18 atn 1 eoi 0
+4655.415792699: grid210x_device byte recv 45 atn 1 eoi 0
+4655.415811699: grid210x_device now talking
+4655.415833700: grid210x_device byte send 4f eoi 0
+4655.415920703: grid210x_device byte recv 19 atn 1 eoi 0
+4655.415963704: grid210x_device byte recv 5f atn 1 eoi 0
+4655.415978705: grid210x_device now not talking
+4655.417438752: grid210x_device byte recv 45 atn 1 eoi 0
+4655.417467753: grid210x_device now talking
+4655.418281779: grid210x_device byte send 0a eoi 0
+4655.418887799: grid210x_device byte send 8d eoi 0
+4655.418935800: grid210x_device byte send 87 eoi 0
+4655.418966801: grid210x_device byte send cc eoi 0
+4655.418994802: grid210x_device byte send 00 eoi 0
+4655.419024803: grid210x_device byte send eb eoi 0
+4655.419054804: grid210x_device byte send 1e eoi 0
+4655.419082805: grid210x_device byte send a1 eoi 0
+4655.419109806: grid210x_device byte send 7a eoi 0
+4655.419136807: grid210x_device byte send 0a eoi 0
+4655.419167808: grid210x_device byte send 2b eoi 0
+4655.419195809: grid210x_device byte send 06 eoi 0
+4655.419224810: grid210x_device byte send 76 eoi 0
+4655.419250811: grid210x_device byte send 0a eoi 0
+4655.419280812: grid210x_device byte send 50 eoi 0
+4655.419308812: grid210x_device byte send b9 eoi 0
+4655.419336813: grid210x_device byte send 01 eoi 0
+4655.419364814: grid210x_device byte send 00 eoi 0
+4655.419392815: grid210x_device byte send 51 eoi 0
+4655.419422816: grid210x_device byte send e8 eoi 0
+4655.419449817: grid210x_device byte send 8a eoi 0
+4655.419476818: grid210x_device byte send ff eoi 0
+4655.419503819: grid210x_device byte send 89 eoi 0
+4655.419532820: grid210x_device byte send c1 eoi 0
+4655.419561821: grid210x_device byte send 58 eoi 0
+4655.419587821: grid210x_device byte send 31 eoi 0
+4655.419614822: grid210x_device byte send d2 eoi 0
+4655.419641823: grid210x_device byte send f7 eoi 0
+4655.419671824: grid210x_device byte send f1 eoi 0
+4655.419700825: grid210x_device byte send 89 eoi 0
+4655.419727826: grid210x_device byte send 16 eoi 0
+4655.419754827: grid210x_device byte send 7c eoi 0
+4655.419784828: grid210x_device byte send 0a eoi 0
+4655.419973834: grid210x_device byte send c4 eoi 0
+4655.420091838: grid210x_device byte send 06 eoi 0
+4655.420133839: grid210x_device byte send 86 eoi 0
+4655.420167840: grid210x_device byte send 0a eoi 0
+4655.420196841: grid210x_device byte send a3 eoi 0
+4655.420225842: grid210x_device byte send 7e eoi 0
+4655.420252843: grid210x_device byte send 0a eoi 0
+4655.420282844: grid210x_device byte send 8c eoi 0
+4655.420310845: grid210x_device byte send 06 eoi 0
+4655.420339846: grid210x_device byte send 80 eoi 0
+4655.420366847: grid210x_device byte send 0a eoi 0
+4655.420395848: grid210x_device byte send 83 eoi 0
+4655.420426849: grid210x_device byte send 3e eoi 0
+4655.420453849: grid210x_device byte send 7c eoi 0
+4655.420480850: grid210x_device byte send 0a eoi 0
+4655.420508851: grid210x_device byte send 00 eoi 0
+4655.420538852: grid210x_device byte send 75 eoi 0
+4655.420566853: grid210x_device byte send 5a eoi 0
+4655.420593854: grid210x_device byte send c4 eoi 0
+4655.420620855: grid210x_device byte send 06 eoi 0
+4655.420648856: grid210x_device byte send 7e eoi 0
+4655.420678857: grid210x_device byte send 0a eoi 0
+4655.420706858: grid210x_device byte send a3 eoi 0
+4655.420733859: grid210x_device byte send 82 eoi 0
+4655.420760859: grid210x_device byte send 0a eoi 0
+4655.420789860: grid210x_device byte send 8c eoi 0
+4655.420817861: grid210x_device byte send 06 eoi 0
+4655.420845862: grid210x_device byte send 84 eoi 0
+4655.421009867: grid210x_device byte send 0a eoi 0
+4655.421057869: grid210x_device byte send a1 eoi 0
+4655.421088870: grid210x_device byte send 76 eoi 0
+4655.421115871: grid210x_device byte send 0a eoi 0
+4655.421143872: grid210x_device byte send 3b eoi 0
+4655.421172873: grid210x_device byte send 06 eoi 0
+4655.421200874: grid210x_device byte send 7a eoi 0
+4655.421227875: grid210x_device byte send 0a eoi 0
+4655.421255875: grid210x_device byte send 75 eoi 0
+4655.421284876: grid210x_device byte send 0f eoi 0
+4655.421312877: grid210x_device byte send c4 eoi 0
+4655.421339878: grid210x_device byte send 1e eoi 0
+4655.421366879: grid210x_device byte send 86 eoi 0
+4655.421392880: grid210x_device byte send 0a eoi 0
+4655.421421881: grid210x_device byte send 8d eoi 0
+4655.421449882: grid210x_device byte send 87 eoi 0
+4655.421476883: grid210x_device byte send cc eoi 0
+4655.421503883: grid210x_device byte send 00 eoi 0
+4655.421832894: grid210x_device byte send a3 eoi 0
+4655.421871895: grid210x_device byte send 82 eoi 0
+4655.421900896: grid210x_device byte send 0a eoi 0
+4655.422108903: grid210x_device byte send 8c eoi 0
+4655.422157905: grid210x_device byte send 06 eoi 0
+4655.422190906: grid210x_device byte send 84 eoi 0
+4655.422218907: grid210x_device byte send 0a eoi 0
+4655.422247908: grid210x_device byte send c4 eoi 0
+4655.422275908: grid210x_device byte send 1e eoi 0
+4655.422305909: grid210x_device byte send 82 eoi 0
+4655.422333910: grid210x_device byte send 0a eoi 0
+4655.422362911: grid210x_device byte send 26 eoi 0
+4655.422388912: grid210x_device byte send ff eoi 0
+4655.422474915: grid210x_device byte send 77 eoi 0
+4655.422508916: grid210x_device byte send 06 eoi 0
+4655.422578918: grid210x_device byte send c4 eoi 0
+4655.422612919: grid210x_device byte send 5e eoi 0
+4655.422642920: grid210x_device byte send 04 eoi 0
+4655.422675921: grid210x_device byte send 8d eoi 0
+4655.422703922: grid210x_device byte send 47 eoi 0
+4655.422731923: grid210x_device byte send 04 eoi 0
+4655.422759924: grid210x_device byte send 06 eoi 0
+4655.422789925: grid210x_device byte send 50 eoi 0
+4655.422816926: grid210x_device byte send e8 eoi 0
+4655.422843927: grid210x_device byte send b8 eoi 0
+4655.422869928: grid210x_device byte send fe eoi 0
+4655.422896929: grid210x_device byte send a3 eoi 0
+4655.422926930: grid210x_device byte send 78 eoi 0
+4655.422954930: grid210x_device byte send 0a eoi 0
+4655.422982931: grid210x_device byte send 09 eoi 0
+4655.423011932: grid210x_device byte send c0 eoi 0
+4655.423184938: grid210x_device byte send 75 eoi 0
+4655.423225939: grid210x_device byte send 37 eoi 0
+4655.423254940: grid210x_device byte send 83 eoi 0
+4655.423284941: grid210x_device byte send 3e eoi 0
+4655.423313942: grid210x_device byte send 7a eoi 0
+4655.423341943: grid210x_device byte send 0a eoi 0
+4655.423370944: grid210x_device byte send 00 eoi 0
+4655.423399945: grid210x_device byte send 75 eoi 0
+4655.423429946: grid210x_device byte send 16 eoi 0
+4655.423456947: grid210x_device byte send c4 eoi 0
+4655.423483948: grid210x_device byte send 1e eoi 0
+4655.423510948: grid210x_device byte send 86 eoi 0
+4655.423540949: grid210x_device byte send 0a eoi 0
+4655.423568950: grid210x_device byte send 26 eoi 0
+4655.423596951: grid210x_device byte send 8b eoi 0
+4655.423623952: grid210x_device byte send 47 eoi 0
+4655.423650953: grid210x_device byte send 04 eoi 0
+4655.423681954: grid210x_device byte send 26 eoi 0
+4655.423709955: grid210x_device byte send 8b eoi 0
+4655.423736956: grid210x_device byte send 57 eoi 0
+4655.423763957: grid210x_device byte send 06 eoi 0
+4655.423793958: grid210x_device byte send c4 eoi 0
+4655.423819958: grid210x_device byte send 5e eoi 0
+4655.423847959: grid210x_device byte send 04 eoi 0
+4655.423875960: grid210x_device byte send 26 eoi 0
+4655.423902961: grid210x_device byte send 89 eoi 0
+4655.423931962: grid210x_device byte send 07 eoi 0
+4655.423958963: grid210x_device byte send 26 eoi 0
+4655.423986964: grid210x_device byte send 89 eoi 0
+4655.424011965: grid210x_device byte send 57 eoi 0
+4655.424040966: grid210x_device byte send 02 eoi 0
+4655.424067966: grid210x_device byte send 8b eoi 0
+4655.424216971: grid210x_device byte send 36 eoi 0
+4655.424259973: grid210x_device byte send 7c eoi 0
+4655.424293974: grid210x_device byte send 0a eoi 0
+4655.424324975: grid210x_device byte send d1 eoi 0
+4655.424351976: grid210x_device byte send e6 eoi 0
+4655.424378977: grid210x_device byte send c4 eoi 0
+4655.424407977: grid210x_device byte send 1e eoi 0
+4655.424434978: grid210x_device byte send 7e eoi 0
+4655.424461979: grid210x_device byte send 0a eoi 0
+4655.424488980: grid210x_device byte send 26 eoi 0
+4655.424515981: grid210x_device byte send ff eoi 0
+4655.424543982: grid210x_device byte send 70 eoi 0
+4655.424571983: grid210x_device byte send 0c eoi 0
+4655.424598984: grid210x_device byte send c4 eoi 0
+4655.424625985: grid210x_device byte send 5e eoi 0
+4655.424652985: grid210x_device byte send 04 eoi 0
+4655.424926994: grid210x_device byte send 8d eoi 0
+4655.424965996: grid210x_device byte send 87 eoi 0
+4655.424993996: grid210x_device byte send 04 eoi 0
+4655.425022997: grid210x_device byte send 02 eoi 0
+4655.425055998: grid210x_device byte send 06 eoi 0
+4655.425083999: grid210x_device byte send 50 eoi 0
+4655.425115000: grid210x_device byte send e8 eoi 0
+4655.425345008: grid210x_device byte send 7a eoi 0
+4655.425392009: grid210x_device byte send fe eoi 0
+4655.425427010: grid210x_device byte send 5d eoi 0
+4655.425457011: grid210x_device byte send c2 eoi 0
+4655.425485012: grid210x_device byte send 04 eoi 0
+4655.425515013: grid210x_device byte send 00 eoi 0
+4655.425546014: grid210x_device byte send 55 eoi 0
+4655.425574015: grid210x_device byte send 8b eoi 0
+4655.425602016: grid210x_device byte send ec eoi 0
+4655.425629017: grid210x_device byte send c4 eoi 0
+4655.425659018: grid210x_device byte send 5e eoi 0
+4655.425687019: grid210x_device byte send 0a eoi 0
+4655.425715020: grid210x_device byte send 8d eoi 0
+4655.425743021: grid210x_device byte send 87 eoi 0
+4655.425770022: grid210x_device byte send 04 eoi 0
+4655.425801023: grid210x_device byte send 02 eoi 0
+4655.425829023: grid210x_device byte send a3 eoi 0
+4655.425856024: grid210x_device byte send 92 eoi 0
+4655.425883025: grid210x_device byte send 0a eoi 0
+4655.425913026: grid210x_device byte send 8c eoi 0
+4655.425940027: grid210x_device byte send 06 eoi 0
+4655.425968028: grid210x_device byte send 94 eoi 0
+4655.425996029: grid210x_device byte send 0a eoi 0
+4655.426024030: grid210x_device byte send c7 eoi 0
+4655.426053031: grid210x_device byte send 06 eoi 0
+4655.426082032: grid210x_device byte send 8e eoi 0
+4655.426109032: grid210x_device byte send 0a eoi 0
+4655.426137033: grid210x_device byte send 00 eoi 0
+4655.426168034: grid210x_device byte send 00 eoi 0
+4655.426197035: grid210x_device byte send c4 eoi 0
+4655.426223036: grid210x_device byte send 5e eoi 0
+4655.426250037: grid210x_device byte send 0a eoi 0
+4655.426422043: grid210x_device byte send 26 eoi 0
+4655.426458044: grid210x_device byte send 8b eoi 0
+4655.426489045: grid210x_device byte send 87 eoi 0
+4655.426517046: grid210x_device byte send 04 eoi 0
+4655.426547047: grid210x_device byte send 04 eoi 0
+4655.426576048: grid210x_device byte send 26 eoi 0
+4655.426604049: grid210x_device byte send 8b eoi 0
+4655.426631049: grid210x_device byte send 97 eoi 0
+4655.426660050: grid210x_device byte send 06 eoi 0
+4655.426689051: grid210x_device byte send 04 eoi 0
+4655.426717052: grid210x_device byte send 26 eoi 0
+4655.426744053: grid210x_device byte send 3b eoi 0
+4655.426771054: grid210x_device byte send 57 eoi 0
+4655.426801055: grid210x_device byte send 02 eoi 0
+4655.426828056: grid210x_device byte send 75 eoi 0
+4655.426856057: grid210x_device byte send 03 eoi 0
+4655.426883058: grid210x_device byte send 26 eoi 0
+4655.426912058: grid210x_device byte send 3b eoi 0
+4655.426939059: grid210x_device byte send 07 eoi 0
+4655.426967060: grid210x_device byte send b0 eoi 0
+4655.426993061: grid210x_device byte send ff eoi 0
+4655.427019062: grid210x_device byte send 74 eoi 0
+4655.427049063: grid210x_device byte send 01 eoi 0
+4655.427077064: grid210x_device byte send 40 eoi 0
+4655.427103065: grid210x_device byte send a2 eoi 0
+4655.427130066: grid210x_device byte send b1 eoi 0
+4655.427159066: grid210x_device byte send 0e eoi 0
+4655.427187067: grid210x_device byte send a1 eoi 0
+4655.427214068: grid210x_device byte send 8e eoi 0
+4655.427241069: grid210x_device byte send 0a eoi 0
+4655.427268070: grid210x_device byte send 3b eoi 0
+4655.427297071: grid210x_device byte send 46 eoi 0
+4655.427452076: grid210x_device byte send 04 eoi 0
+4655.427493077: grid210x_device byte send 72 eoi 0
+4655.427524078: grid210x_device byte send 03 eoi 0
+4655.427556079: grid210x_device byte send e9 eoi 0
+4655.427583080: grid210x_device byte send e5 eoi 0
+4655.427610081: grid210x_device byte send 00 eoi 0
+4655.427637082: grid210x_device byte send a0 eoi 0
+4655.427666083: grid210x_device byte send b1 eoi 0
+4655.427950092: grid210x_device byte send 0e eoi 0
+4655.427989093: grid210x_device byte send d0 eoi 0
+4655.428018094: grid210x_device byte send d8 eoi 0
+4655.428048095: grid210x_device byte send 73 eoi 0
+4655.428076096: grid210x_device byte send 03 eoi 0
+4655.428105097: grid210x_device byte send e9 eoi 0
+4655.428132098: grid210x_device byte send db eoi 0
+4655.428161099: grid210x_device byte send 00 eoi 0
+4655.428190100: grid210x_device byte send 8b eoi 0
+4655.428218101: grid210x_device byte send 0e eoi 0
+4655.428246102: grid210x_device byte send 24 eoi 0
+4655.428274103: grid210x_device byte send 00 eoi 0
+4655.428304104: grid210x_device byte send ba eoi 0
+4655.428332104: grid210x_device byte send 00 eoi 0
+4655.428412107: grid210x_device byte send 00 eoi 0
+4655.428576112: grid210x_device byte send c4 eoi 0
+4655.428609113: grid210x_device byte send 5e eoi 0
+4655.428637114: grid210x_device byte send 0a eoi 0
+4655.428670115: grid210x_device byte send 26 eoi 0
+4655.428699116: grid210x_device byte send 8b eoi 0
+4655.428727117: grid210x_device byte send 87 eoi 0
+4655.428754118: grid210x_device byte send 04 eoi 0
+4655.428784119: grid210x_device byte send 04 eoi 0
+4655.428813120: grid210x_device byte send 26 eoi 0
+4655.428839121: grid210x_device byte send 8b eoi 0
+4655.428866122: grid210x_device byte send bf eoi 0
+4655.428893123: grid210x_device byte send 06 eoi 0
+4655.428922124: grid210x_device byte send 04 eoi 0
+4655.428951124: grid210x_device byte send 87 eoi 0
+4655.428979125: grid210x_device byte send fa eoi 0
+4655.429005126: grid210x_device byte send 51 eoi 0
+4655.429034127: grid210x_device byte send 57 eoi 0
+4655.429062128: grid210x_device byte send 9a eoi 0
+4655.429089129: grid210x_device byte send 00 eoi 0
+4655.429118130: grid210x_device byte send 00 eoi 0
+4655.429146131: grid210x_device byte send 7b eoi 0
+4655.429175132: grid210x_device byte send 20 eoi 0
+4655.429203133: grid210x_device byte send 89 eoi 0
+4655.429230134: grid210x_device byte send 3e eoi 0
+4655.429257134: grid210x_device byte send 8a eoi 0
+4655.429286135: grid210x_device byte send 0a eoi 0
+4655.429315136: grid210x_device byte send 5b eoi 0
+4655.429343137: grid210x_device byte send 58 eoi 0
+4655.429370138: grid210x_device byte send 2b eoi 0
+4655.429398139: grid210x_device byte send c7 eoi 0
+4655.429428140: grid210x_device byte send a3 eoi 0
+4655.429586145: grid210x_device byte send 8c eoi 0
+4655.429631146: grid210x_device byte send 0a eoi 0
+4655.429668148: grid210x_device byte send 09 eoi 0
+4655.429698149: grid210x_device byte send ff eoi 0
+4655.429726150: grid210x_device byte send 75 eoi 0
+4655.429752150: grid210x_device byte send 0f eoi 0
+4655.429781151: grid210x_device byte send c4 eoi 0
+4655.429809152: grid210x_device byte send 46 eoi 0
+4655.429836153: grid210x_device byte send 0a eoi 0
+4655.429863154: grid210x_device byte send 06 eoi 0
+4655.429892155: grid210x_device byte send 50 eoi 0
+4655.429920156: grid210x_device byte send e8 eoi 0
+4655.429948157: grid210x_device byte send 94 eoi 0
+4655.429975158: grid210x_device byte send fe eoi 0
+4655.430070161: grid210x_device byte send 09 eoi 0
+4655.430110162: grid210x_device byte send c0 eoi 0
+4655.430140163: grid210x_device byte send 74 eoi 0
+4655.430170164: grid210x_device byte send 03 eoi 0
+4655.430199165: grid210x_device byte send e9 eoi 0
+4655.430226166: grid210x_device byte send a0 eoi 0
+4655.430253167: grid210x_device byte send 00 eoi 0
+4655.430283168: grid210x_device byte send 8b eoi 0
+4655.430310168: grid210x_device byte send 0e eoi 0
+4655.430341169: grid210x_device byte send 8c eoi 0
+4655.430370170: grid210x_device byte send 0a eoi 0
+4655.430397171: grid210x_device byte send a1 eoi 0
+4655.430488174: grid210x_device byte send 8e eoi 0
+4655.430710181: grid210x_device byte send 0a eoi 0
+4655.430761183: grid210x_device byte send 03 eoi 0
+4655.430796184: grid210x_device byte send c8 eoi 0
+4655.430824185: grid210x_device byte send 8b eoi 0
+4655.430852186: grid210x_device byte send 46 eoi 0
+4655.431175196: grid210x_device byte send 04 eoi 0
+4655.431216198: grid210x_device byte send 3b eoi 0
+4655.431246199: grid210x_device byte send c8 eoi 0
+4655.431273200: grid210x_device byte send 76 eoi 0
+4655.431304201: grid210x_device byte send 07 eoi 0
+4655.431332202: grid210x_device byte send 2b eoi 0
+4655.431360202: grid210x_device byte send 06 eoi 0
+4655.431388203: grid210x_device byte send 8e eoi 0
+4655.431417204: grid210x_device byte send 0a eoi 0
+4655.431446205: grid210x_device byte send a3 eoi 0
+4655.431472206: grid210x_device byte send 8c eoi 0
+4655.431500207: grid210x_device byte send 0a eoi 0
+4655.431528208: grid210x_device byte send c4 eoi 0
+4655.431558209: grid210x_device byte send 5e eoi 0
+4655.431585210: grid210x_device byte send 0a eoi 0
+4655.431614211: grid210x_device byte send 26 eoi 0
+4655.431836218: grid210x_device byte send 8b eoi 0
+4655.431873219: grid210x_device byte send 87 eoi 0
+4655.431903220: grid210x_device byte send 04 eoi 0
+4655.431936221: grid210x_device byte send 04 eoi 0
+4655.431965222: grid210x_device byte send 26 eoi 0
+4655.431993223: grid210x_device byte send 8b eoi 0
+4655.432020224: grid210x_device byte send 97 eoi 0
+4655.432049225: grid210x_device byte send 06 eoi 0
+4655.432078226: grid210x_device byte send 04 eoi 0
+4655.432105227: grid210x_device byte send 8b eoi 0
+4655.432132227: grid210x_device byte send 0e eoi 0
+4655.432163228: grid210x_device byte send 8c eoi 0
+4655.432191229: grid210x_device byte send 0a eoi 0
+4655.432218230: grid210x_device byte send bf eoi 0
+4655.432245231: grid210x_device byte send 00 eoi 0
+4655.432273232: grid210x_device byte send 00 eoi 0
+4655.432304233: grid210x_device byte send 03 eoi 0
+4655.432333234: grid210x_device byte send c8 eoi 0
+4655.432360235: grid210x_device byte send 13 eoi 0
+4655.432388236: grid210x_device byte send fa eoi 0
+4655.432415237: grid210x_device byte send 26 eoi 0
+4655.432443238: grid210x_device byte send 8b eoi 0
+4655.432470238: grid210x_device byte send 37 eoi 0
+4655.432497239: grid210x_device byte send 26 eoi 0
+4655.432525240: grid210x_device byte send 8b eoi 0
+4655.432555241: grid210x_device byte send 47 eoi 0
+4655.432582242: grid210x_device byte send 02 eoi 0
+4655.432610243: grid210x_device byte send 3b eoi 0
+4655.432636244: grid210x_device byte send f8 eoi 0
+4655.432666245: grid210x_device byte send 75 eoi 0
+4655.432694246: grid210x_device byte send 02 eoi 0
+4655.432722247: grid210x_device byte send 3b eoi 0
+4655.432890252: grid210x_device byte send ce eoi 0
+4655.432925253: grid210x_device byte send 76 eoi 0
+4655.433089258: grid210x_device byte send 15 eoi 0
+4655.433116259: grid210x_device byte send 26 eoi 0
+4655.433142260: grid210x_device byte send 2b eoi 0
+4655.433171261: grid210x_device byte send b7 eoi 0
+4655.433199262: grid210x_device byte send 04 eoi 0
+4655.433228263: grid210x_device byte send 04 eoi 0
+4655.433255264: grid210x_device byte send 26 eoi 0
+4655.433284265: grid210x_device byte send 1b eoi 0
+4655.433311266: grid210x_device byte send 87 eoi 0
+4655.433338266: grid210x_device byte send 06 eoi 0
+4655.433366267: grid210x_device byte send 04 eoi 0
+4655.433394268: grid210x_device byte send 89 eoi 0
+4655.433423269: grid210x_device byte send 36 eoi 0
+4655.433450270: grid210x_device byte send 90 eoi 0
+4655.433477271: grid210x_device byte send 0a eoi 0
+4655.433504272: grid210x_device byte send c6 eoi 0
+4655.433533273: grid210x_device byte send 06 eoi 0
+4655.433561274: grid210x_device byte send b1 eoi 0
+4655.433588275: grid210x_device byte send 0e eoi 0
+4655.433616275: grid210x_device byte send 01 eoi 0
+4655.433644276: grid210x_device byte send eb eoi 0
+4655.433673277: grid210x_device byte send 06 eoi 0
+4655.433701278: grid210x_device byte send a1 eoi 0
+4655.433728279: grid210x_device byte send 8c eoi 0
+4655.433755280: grid210x_device byte send 0a eoi 0
+4655.433910285: grid210x_device byte send a3 eoi 0
+4655.433955286: grid210x_device byte send 90 eoi 0
+4655.433986287: grid210x_device byte send 0a eoi 0
+4655.434017288: grid210x_device byte send c4 eoi 0
+4655.434284297: grid210x_device byte send 1e eoi 0
+4655.434320298: grid210x_device byte send 92 eoi 0
+4655.434349299: grid210x_device byte send 0a eoi 0
+4655.434379300: grid210x_device byte send 8b eoi 0
+4655.434409301: grid210x_device byte send 36 eoi 0
+4655.434438302: grid210x_device byte send 8a eoi 0
+4655.434465303: grid210x_device byte send 0a eoi 0
+4655.434493304: grid210x_device byte send 8d eoi 0
+4655.434520305: grid210x_device byte send 70 eoi 0
+4655.434550306: grid210x_device byte send 04 eoi 0
+4655.434579307: grid210x_device byte send 06 eoi 0
+4655.434607308: grid210x_device byte send c4 eoi 0
+4655.434634308: grid210x_device byte send 5e eoi 0
+4655.434664309: grid210x_device byte send 06 eoi 0
+4655.434692310: grid210x_device byte send 8b eoi 0
+4655.434719311: grid210x_device byte send 3e eoi 0
+4655.434746312: grid210x_device byte send 8e eoi 0
+4655.434773313: grid210x_device byte send 0a eoi 0
+4655.434804314: grid210x_device byte send 8d eoi 0
+4655.435001320: grid210x_device byte send 39 eoi 0
+4655.435051322: grid210x_device byte send 8b eoi 0
+4655.435083323: grid210x_device byte send 0e eoi 0
+4655.435113324: grid210x_device byte send 90 eoi 0
+4655.435141325: grid210x_device byte send 0a eoi 0
+4655.435171326: grid210x_device byte send 1e eoi 0
+4655.435199327: grid210x_device byte send 8e eoi 0
+4655.435226328: grid210x_device byte send 9e eoi 0
+4655.435253328: grid210x_device byte send fe eoi 0
+4655.435281329: grid210x_device byte send ff eoi 0
+4655.435309330: grid210x_device byte send fc eoi 0
+4655.435336331: grid210x_device byte send f2 eoi 0
+4655.435364332: grid210x_device byte send a4 eoi 0
+4655.435390333: grid210x_device byte send 1f eoi 0
+4655.435419334: grid210x_device byte send 59 eoi 0
+4655.435447335: grid210x_device byte send a1 eoi 0
+4655.435475336: grid210x_device byte send 90 eoi 0
+4655.435502337: grid210x_device byte send 0a eoi 0
+4655.435533338: grid210x_device byte send 01 eoi 0
+4655.435562338: grid210x_device byte send 06 eoi 0
+4655.435594339: grid210x_device byte send 8e eoi 0
+4655.435621340: grid210x_device byte send 0a eoi 0
+4655.435650341: grid210x_device byte send c4 eoi 0
+4655.435680342: grid210x_device byte send 5e eoi 0
+4655.435708343: grid210x_device byte send 0a eoi 0
+4655.435737344: grid210x_device byte send ba eoi 0
+4655.435763345: grid210x_device byte send 00 eoi 0
+4655.435793346: grid210x_device byte send 00 eoi 0
+4655.435822347: grid210x_device byte send 26 eoi 0
+4655.435850348: grid210x_device byte send 03 eoi 0
+4655.435878349: grid210x_device byte send 87 eoi 0
+4655.435908350: grid210x_device byte send 04 eoi 0
+4655.436092356: grid210x_device byte send 04 eoi 0
+4655.436137357: grid210x_device byte send 26 eoi 0
+4655.436170358: grid210x_device byte send 13 eoi 0
+4655.436198359: grid210x_device byte send 97 eoi 0
+4655.436226360: grid210x_device byte send 06 eoi 0
+4655.436253361: grid210x_device byte send 04 eoi 0
+4655.436283362: grid210x_device byte send 26 eoi 0
+4655.436311363: grid210x_device byte send 89 eoi 0
+4655.436338364: grid210x_device byte send 87 eoi 0
+4655.436365364: grid210x_device byte send 04 eoi 0
+4655.436392365: grid210x_device byte send 04 eoi 0
+4655.436422366: grid210x_device byte send 26 eoi 0
+4655.436449367: grid210x_device byte send 89 eoi 0
+4655.436476368: grid210x_device byte send 97 eoi 0
+4655.436515369: grid210x_device byte send 06 eoi 0
+4655.436547370: grid210x_device byte send 04 eoi 0
+4655.436576371: grid210x_device byte send e9 eoi 0
+4655.436603372: grid210x_device byte send 10 eoi 0
+4655.436630373: grid210x_device byte send ff eoi 0
+4655.436661374: grid210x_device byte send a1 eoi 0
+4655.436689375: grid210x_device byte send 8e eoi 0
+4655.436716376: grid210x_device byte send 0a eoi 0
+4655.436744377: grid210x_device byte send 5d eoi 0
+4655.436771378: grid210x_device byte send c2 eoi 0
+4655.436801379: grid210x_device byte send 0a eoi 0
+4655.436829379: grid210x_device byte send 00 eoi 0
+4655.436857380: grid210x_device byte send 55 eoi 0
+4655.436884381: grid210x_device byte send 8b eoi 0
+4655.437326396: grid210x_device byte send ec eoi 0
+4655.437366397: grid210x_device byte send a1 eoi 0
+4655.437395398: grid210x_device byte send 00 eoi 0
+4655.437428399: grid210x_device byte send 00 eoi 0
+4655.437457400: grid210x_device byte send 09 eoi 0
+4655.437485401: grid210x_device byte send c0 eoi 0
+4655.437512402: grid210x_device byte send 75 eoi 0
+4655.437541403: grid210x_device byte send 2d eoi 0
+4655.437570403: grid210x_device byte send ff eoi 0
+4655.437597404: grid210x_device byte send 76 eoi 0
+4655.437625405: grid210x_device byte send 0c eoi 0
+4655.437653406: grid210x_device byte send b8 eoi 0
+4655.437684407: grid210x_device byte send 58 eoi 0
+4655.437711408: grid210x_device byte send 00 eoi 0
+4655.437740409: grid210x_device byte send 1e eoi 0
+4655.437767410: grid210x_device byte send 50 eoi 0
+4655.437797411: grid210x_device byte send e8 eoi 0
+4655.437824412: grid210x_device byte send 6d eoi 0
+4655.437851413: grid210x_device byte send fd eoi 0
+4655.437878413: grid210x_device byte send b8 eoi 0
+4655.437908414: grid210x_device byte send 58 eoi 0
+4655.437936415: grid210x_device byte send 00 eoi 0
+4655.437964416: grid210x_device byte send 1e eoi 0
+4655.437991417: grid210x_device byte send 50 eoi 0
+4655.438019418: grid210x_device byte send b8 eoi 0
+4655.438048419: grid210x_device byte send ef eoi 0
+4655.438232425: grid210x_device byte send 0e eoi 0
+4655.438283427: grid210x_device byte send 1e eoi 0
+4655.438315428: grid210x_device byte send 50 eoi 0
+4655.438344428: grid210x_device byte send b8 eoi 0
+4655.438372429: grid210x_device byte send 01 eoi 0
+4655.438400430: grid210x_device byte send 00 eoi 0
+4655.438491433: grid210x_device byte send 50 eoi 0
+4655.438522434: grid210x_device byte send e8 eoi 0
+4655.438594437: grid210x_device byte send ae eoi 0
+4655.438624438: grid210x_device byte send fe eoi 0
+4655.438653438: grid210x_device byte send a3 eoi 0
+4655.438685440: grid210x_device byte send 98 eoi 0
+4655.438714440: grid210x_device byte send 0a eoi 1
+4655.439146454: grid210x_device byte recv 5f atn 1 eoi 0
+4655.439317460: grid210x_device now not talking
+4655.441461529: grid210x_device byte recv 25 atn 1 eoi 0
+4655.441505531: grid210x_device now listening
+4655.442666568: grid210x_device byte recv 04 atn 0 eoi 0
+4655.442707570: grid210x_device byte recv 00 atn 0 eoi 0
+4655.442733571: grid210x_device byte recv 00 atn 0 eoi 0
+4655.442757571: grid210x_device byte recv 03 atn 0 eoi 0
+4655.442782572: grid210x_device byte recv 00 atn 0 eoi 0
+4655.442805573: grid210x_device byte recv 00 atn 0 eoi 0
+4655.442829574: grid210x_device byte recv 00 atn 0 eoi 0
+4655.442851574: grid210x_device byte recv 00 atn 0 eoi 0
+4655.442872575: grid210x_device byte recv 02 atn 0 eoi 0
+4655.443961610: grid210x_device byte recv 00 atn 0 eoi 1
+4655.444000612: grid210x_device byte recv 3f atn 1 eoi 0
+4655.444018612: grid210x_device now not listening
+4655.444031613: grid210x_device command 4, data size 512, sector no 3
+4655.444907641: grid210x_device byte recv 18 atn 1 eoi 0
+4655.445011644: grid210x_device byte recv 45 atn 1 eoi 0
+4655.445030645: grid210x_device now talking
+4655.445053646: grid210x_device byte send 4f eoi 0
+4655.445137648: grid210x_device byte recv 19 atn 1 eoi 0
+4655.445180650: grid210x_device byte recv 5f atn 1 eoi 0
+4655.445195650: grid210x_device now not talking
+4655.446488692: grid210x_device byte recv 45 atn 1 eoi 0
+4655.446525693: grid210x_device now talking
+4655.447325719: grid210x_device byte send 09 eoi 0
+4655.447774734: grid210x_device byte send c0 eoi 0
+4655.447822735: grid210x_device byte send 74 eoi 0
+4655.447853736: grid210x_device byte send 07 eoi 0
+4655.447883737: grid210x_device byte send 80 eoi 0
+4655.447913738: grid210x_device byte send 3e eoi 0
+4655.447940739: grid210x_device byte send ef eoi 0
+4655.447968740: grid210x_device byte send 0e eoi 0
+4655.447996741: grid210x_device byte send ff eoi 0
+4655.448023742: grid210x_device byte send 75 eoi 0
+4655.448053743: grid210x_device byte send 05 eoi 0
+4655.448081744: grid210x_device byte send b8 eoi 0
+4655.448414754: grid210x_device byte send 02 eoi 0
+4655.448452756: grid210x_device byte send 00 eoi 0
+4655.448482757: grid210x_device byte send eb eoi 0
+4655.448510758: grid210x_device byte send 6b eoi 0
+4655.448540758: grid210x_device byte send b8 eoi 0
+4655.448568759: grid210x_device byte send 58 eoi 0
+4655.448595760: grid210x_device byte send 00 eoi 0
+4655.448624761: grid210x_device byte send 1e eoi 0
+4655.448652762: grid210x_device byte send 50 eoi 0
+4655.448682763: grid210x_device byte send b8 eoi 0
+4655.448899770: grid210x_device byte send 96 eoi 0
+4655.448938771: grid210x_device byte send 0a eoi 0
+4655.448969772: grid210x_device byte send 1e eoi 0
+4655.448997773: grid210x_device byte send 50 eoi 0
+4655.449024774: grid210x_device byte send b8 eoi 0
+4655.449054775: grid210x_device byte send 02 eoi 0
+4655.449083776: grid210x_device byte send 00 eoi 0
+4655.449112777: grid210x_device byte send 50 eoi 0
+4655.449140778: grid210x_device byte send e8 eoi 0
+4655.449169779: grid210x_device byte send 8a eoi 0
+4655.449197780: grid210x_device byte send fe eoi 0
+4655.449225781: grid210x_device byte send a3 eoi 0
+4655.449252782: grid210x_device byte send 98 eoi 0
+4655.449281782: grid210x_device byte send 0a eoi 0
+4655.449311783: grid210x_device byte send b8 eoi 0
+4655.449339784: grid210x_device byte send 58 eoi 0
+4655.449366785: grid210x_device byte send 00 eoi 0
+4655.449532791: grid210x_device byte send 1e eoi 0
+4655.449560792: grid210x_device byte send 50 eoi 0
+4655.449587792: grid210x_device byte send b8 eoi 0
+4655.449614793: grid210x_device byte send b2 eoi 0
+4655.449641794: grid210x_device byte send 0e eoi 0
+4655.449672795: grid210x_device byte send 1e eoi 0
+4655.449700796: grid210x_device byte send 50 eoi 0
+4655.449728797: grid210x_device byte send b8 eoi 0
+4655.449756798: grid210x_device byte send 01 eoi 0
+4655.449922803: grid210x_device byte send 00 eoi 0
+4655.449970805: grid210x_device byte send 50 eoi 0
+4655.450066808: grid210x_device byte send e8 eoi 0
+4655.450106809: grid210x_device byte send 76 eoi 0
+4655.450136810: grid210x_device byte send fe eoi 0
+4655.450166811: grid210x_device byte send a3 eoi 0
+4655.450194812: grid210x_device byte send 98 eoi 0
+4655.450221813: grid210x_device byte send 0a eoi 0
+4655.450250814: grid210x_device byte send b8 eoi 0
+4655.450277815: grid210x_device byte send 58 eoi 0
+4655.450307816: grid210x_device byte send 00 eoi 0
+4655.450335817: grid210x_device byte send 1e eoi 0
+4655.450364818: grid210x_device byte send 50 eoi 0
+4655.450391818: grid210x_device byte send b8 eoi 0
+4655.450421819: grid210x_device byte send b3 eoi 0
+4655.450449820: grid210x_device byte send 0e eoi 0
+4655.450477821: grid210x_device byte send 1e eoi 0
+4655.450505822: grid210x_device byte send 50 eoi 0
+4655.450535823: grid210x_device byte send a0 eoi 0
+4655.450563824: grid210x_device byte send b2 eoi 0
+4655.450591825: grid210x_device byte send 0e eoi 0
+4655.450618826: grid210x_device byte send b4 eoi 0
+4655.450645827: grid210x_device byte send 00 eoi 0
+4655.450675828: grid210x_device byte send 50 eoi 0
+4655.450703829: grid210x_device byte send e8 eoi 0
+4655.450731829: grid210x_device byte send 60 eoi 0
+4655.450758830: grid210x_device byte send fe eoi 0
+4655.450787831: grid210x_device byte send a3 eoi 0
+4655.450815832: grid210x_device byte send 98 eoi 0
+4655.450969837: grid210x_device byte send 0a eoi 0
+4655.451019839: grid210x_device byte send c4 eoi 0
+4655.451053840: grid210x_device byte send 5e eoi 0
+4655.451083841: grid210x_device byte send 08 eoi 0
+4655.451112842: grid210x_device byte send a0 eoi 0
+4655.451140843: grid210x_device byte send b2 eoi 0
+4655.451169844: grid210x_device byte send 0e eoi 0
+4655.451198845: grid210x_device byte send 26 eoi 0
+4655.451225845: grid210x_device byte send 38 eoi 0
+4655.451252846: grid210x_device byte send 07 eoi 0
+4655.451282847: grid210x_device byte send 75 eoi 0
+4655.451312848: grid210x_device byte send 26 eoi 0
+4655.451342849: grid210x_device byte send b9 eoi 0
+4655.451664860: grid210x_device byte send b3 eoi 0
+4655.451710861: grid210x_device byte send 0e eoi 0
+4655.451743862: grid210x_device byte send 1e eoi 0
+4655.451771863: grid210x_device byte send 51 eoi 0
+4655.451801864: grid210x_device byte send 8d eoi 0
+4655.451829865: grid210x_device byte send 4f eoi 0
+4655.451857866: grid210x_device byte send 01 eoi 0
+4655.451886867: grid210x_device byte send 06 eoi 0
+4655.452119874: grid210x_device byte send 51 eoi 0
+4655.452163876: grid210x_device byte send b4 eoi 0
+4655.452195877: grid210x_device byte send 00 eoi 0
+4655.452226878: grid210x_device byte send 50 eoi 0
+4655.452255879: grid210x_device byte send 9a eoi 0
+4655.452284880: grid210x_device byte send ec eoi 0
+4655.452313881: grid210x_device byte send 00 eoi 0
+4655.452341882: grid210x_device byte send ef eoi 0
+4655.452369882: grid210x_device byte send ff eoi 0
+4655.452398883: grid210x_device byte send d0 eoi 0
+4655.452428884: grid210x_device byte send d8 eoi 0
+4655.452456885: grid210x_device byte send 73 eoi 0
+4655.452483886: grid210x_device byte send 10 eoi 0
+4655.452511887: grid210x_device byte send a1 eoi 0
+4655.452539888: grid210x_device byte send 96 eoi 0
+4655.452569889: grid210x_device byte send 0a eoi 0
+4655.452597890: grid210x_device byte send c4 eoi 0
+4655.452625891: grid210x_device byte send 5e eoi 0
+4655.452652892: grid210x_device byte send 04 eoi 0
+4655.452683893: grid210x_device byte send 26 eoi 0
+4655.452711893: grid210x_device byte send 89 eoi 0
+4655.452738894: grid210x_device byte send 07 eoi 0
+4655.452766895: grid210x_device byte send b8 eoi 0
+4655.452796896: grid210x_device byte send 00 eoi 0
+4655.452825897: grid210x_device byte send 00 eoi 0
+4655.452854898: grid210x_device byte send 5d eoi 0
+4655.452882899: grid210x_device byte send c2 eoi 0
+4655.452911900: grid210x_device byte send 0a eoi 0
+4655.452940901: grid210x_device byte send 00 eoi 0
+4655.452968902: grid210x_device byte send b8 eoi 0
+4655.452996903: grid210x_device byte send 58 eoi 0
+4655.453153908: grid210x_device byte send 00 eoi 0
+4655.453201909: grid210x_device byte send 1e eoi 0
+4655.453232910: grid210x_device byte send 50 eoi 0
+4655.453260911: grid210x_device byte send b8 eoi 0
+4655.453290912: grid210x_device byte send f0 eoi 0
+4655.453318913: grid210x_device byte send 0e eoi 0
+4655.453347914: grid210x_device byte send 1e eoi 0
+4655.453375915: grid210x_device byte send 50 eoi 0
+4655.453402916: grid210x_device byte send b8 eoi 0
+4655.453432917: grid210x_device byte send 01 eoi 0
+4655.453462918: grid210x_device byte send 00 eoi 0
+4655.453490919: grid210x_device byte send 50 eoi 0
+4655.453518920: grid210x_device byte send e8 eoi 0
+4655.453546921: grid210x_device byte send 1b eoi 0
+4655.453573921: grid210x_device byte send fe eoi 0
+4655.453600922: grid210x_device byte send a3 eoi 0
+4655.453628923: grid210x_device byte send 98 eoi 0
+4655.453656924: grid210x_device byte send 0a eoi 0
+4655.453684925: grid210x_device byte send e9 eoi 0
+4655.453712926: grid210x_device byte send 56 eoi 0
+4655.453738927: grid210x_device byte send ff eoi 0
+4655.453765928: grid210x_device byte send 55 eoi 0
+4655.453794929: grid210x_device byte send 8b eoi 0
+4655.453822929: grid210x_device byte send ec eoi 0
+4655.453849930: grid210x_device byte send b8 eoi 0
+4655.453877931: grid210x_device byte send 60 eoi 0
+4655.453906932: grid210x_device byte send 04 eoi 0
+4655.453935933: grid210x_device byte send 1e eoi 0
+4655.453962934: grid210x_device byte send 50 eoi 0
+4655.453989935: grid210x_device byte send b8 eoi 0
+4655.454016936: grid210x_device byte send 18 eoi 0
+4655.454045937: grid210x_device byte send 00 eoi 0
+4655.454198942: grid210x_device byte send 1e eoi 0
+4655.454241943: grid210x_device byte send 50 eoi 0
+4655.454272944: grid210x_device byte send b8 eoi 0
+4655.454304945: grid210x_device byte send 0a eoi 0
+4655.454334946: grid210x_device byte send 00 eoi 0
+4655.454363947: grid210x_device byte send 50 eoi 0
+4655.454391948: grid210x_device byte send e8 eoi 0
+4655.454477951: grid210x_device byte send 01 eoi 0
+4655.454795961: grid210x_device byte send fe eoi 0
+4655.454833962: grid210x_device byte send a3 eoi 0
+4655.454863963: grid210x_device byte send 9c eoi 0
+4655.454892964: grid210x_device byte send 0a eoi 0
+4655.454923965: grid210x_device byte send c7 eoi 0
+4655.454951966: grid210x_device byte send 06 eoi 0
+4655.454980967: grid210x_device byte send 9e eoi 0
+4655.455008968: grid210x_device byte send 0a eoi 0
+4655.455038969: grid210x_device byte send 00 eoi 0
+4655.455067970: grid210x_device byte send 00 eoi 0
+4655.455096971: grid210x_device byte send c7 eoi 0
+4655.455304977: grid210x_device byte send 06 eoi 0
+4655.455351979: grid210x_device byte send 9c eoi 0
+4655.455383980: grid210x_device byte send 0a eoi 0
+4655.455415981: grid210x_device byte send ec eoi 0
+4655.455444982: grid210x_device byte send 03 eoi 0
+4655.455473983: grid210x_device byte send b8 eoi 0
+4655.455500984: grid210x_device byte send ec eoi 0
+4655.455527985: grid210x_device byte send 03 eoi 0
+4655.455558986: grid210x_device byte send 39 eoi 0
+4655.455586987: grid210x_device byte send 06 eoi 0
+4655.455614987: grid210x_device byte send 9c eoi 0
+4655.455642988: grid210x_device byte send 0a eoi 0
+4655.455673989: grid210x_device byte send 75 eoi 0
+4655.455701990: grid210x_device byte send 1e eoi 0
+4655.455729991: grid210x_device byte send b9 eoi 0
+4655.455757992: grid210x_device byte send 60 eoi 0
+4655.455786993: grid210x_device byte send 04 eoi 0
+4655.455815994: grid210x_device byte send 1e eoi 0
+4655.455843995: grid210x_device byte send 51 eoi 0
+4655.455871996: grid210x_device byte send c4 eoi 0
+4655.455899997: grid210x_device byte send 1e eoi 0
+4655.455930998: grid210x_device byte send 1a eoi 0
+4655.455958999: grid210x_device byte send 00 eoi 0
+4655.455986999: grid210x_device byte send 8b eoi 0
+4655.456015000: grid210x_device byte send 36 eoi 0
+4655.456044001: grid210x_device byte send 9e eoi 0
+4655.456072002: grid210x_device byte send 0a eoi 0
+4655.456101003: grid210x_device byte send 8d eoi 0
+4655.456128004: grid210x_device byte send 08 eoi 0
+4655.456159005: grid210x_device byte send 06 eoi 0
+4655.456188006: grid210x_device byte send 51 eoi 0
+4655.456216007: grid210x_device byte send 50 eoi 0
+4655.456384012: grid210x_device byte send e8 eoi 0
+4655.456422014: grid210x_device byte send d4 eoi 0
+4655.456451015: grid210x_device byte send fd eoi 0
+4655.456478015: grid210x_device byte send a3 eoi 0
+4655.456506016: grid210x_device byte send 9c eoi 0
+4655.456536017: grid210x_device byte send 0a eoi 0
+4655.456570018: grid210x_device byte send 01 eoi 0
+4655.456599019: grid210x_device byte send 06 eoi 0
+4655.456627020: grid210x_device byte send 9e eoi 0
+4655.456656021: grid210x_device byte send 0a eoi 0
+4655.456685022: grid210x_device byte send eb eoi 0
+4655.456713023: grid210x_device byte send d9 eoi 0
+4655.456740024: grid210x_device byte send b8 eoi 0
+4655.456766025: grid210x_device byte send 1a eoi 0
+4655.456795026: grid210x_device byte send 00 eoi 0
+4655.456824027: grid210x_device byte send 1e eoi 0
+4655.456851027: grid210x_device byte send 50 eoi 0
+4655.456877028: grid210x_device byte send b8 eoi 0
+4655.456904029: grid210x_device byte send 08 eoi 0
+4655.456935030: grid210x_device byte send 00 eoi 0
+4655.456963031: grid210x_device byte send 50 eoi 0
+4655.456990032: grid210x_device byte send 9a eoi 0
+4655.457017033: grid210x_device byte send f1 eoi 0
+4655.457045034: grid210x_device byte send 00 eoi 0
+4655.457073035: grid210x_device byte send ef eoi 0
+4655.457100036: grid210x_device byte send ff eoi 0
+4655.457127036: grid210x_device byte send 50 eoi 0
+4655.457153037: grid210x_device byte send c4 eoi 0
+4655.457183038: grid210x_device byte send 06 eoi 0
+4655.457211039: grid210x_device byte send 1a eoi 0
+4655.457239040: grid210x_device byte send 00 eoi 0
+4655.457267041: grid210x_device byte send 06 eoi 0
+4655.457456047: grid210x_device byte send 50 eoi 0
+4655.457491048: grid210x_device byte send ff eoi 0
+4655.457519049: grid210x_device byte send 36 eoi 0
+4655.457550050: grid210x_device byte send 9e eoi 0
+4655.457838059: grid210x_device byte send 0a eoi 0
+4655.457878061: grid210x_device byte send 9a eoi 0
+4655.457909062: grid210x_device byte send f1 eoi 0
+4655.457937063: grid210x_device byte send 00 eoi 0
+4655.457965064: grid210x_device byte send ef eoi 0
+4655.457992064: grid210x_device byte send ff eoi 0
+4655.458020065: grid210x_device byte send 59 eoi 0
+4655.458049066: grid210x_device byte send 03 eoi 0
+4655.458078067: grid210x_device byte send c1 eoi 0
+4655.458107068: grid210x_device byte send 3b eoi 0
+4655.458135069: grid210x_device byte send 06 eoi 0
+4655.458165070: grid210x_device byte send 18 eoi 0
+4655.458193071: grid210x_device byte send 00 eoi 0
+4655.458222072: grid210x_device byte send 74 eoi 0
+4655.458249073: grid210x_device byte send 06 eoi 0
+4655.458278074: grid210x_device byte send c7 eoi 0
+4655.458308075: grid210x_device byte send 06 eoi 0
+4655.458337076: grid210x_device byte send 00 eoi 0
+4655.458565083: grid210x_device byte send 00 eoi 0
+4655.458599084: grid210x_device byte send 03 eoi 0
+4655.458629085: grid210x_device byte send 00 eoi 0
+4655.458662086: grid210x_device byte send 5d eoi 0
+4655.458692087: grid210x_device byte send c3 eoi 0
+4655.458720088: grid210x_device byte send 55 eoi 0
+4655.458747089: grid210x_device byte send 8b eoi 0
+4655.458774090: grid210x_device byte send ec eoi 0
+4655.458805091: grid210x_device byte send b0 eoi 0
+4655.458834092: grid210x_device byte send 00 eoi 0
+4655.458862093: grid210x_device byte send a2 eoi 0
+4655.458889093: grid210x_device byte send 2f eoi 0
+4655.458919094: grid210x_device byte send 00 eoi 0
+4655.458947095: grid210x_device byte send a2 eoi 0
+4655.458975096: grid210x_device byte send 56 eoi 0
+4655.459003097: grid210x_device byte send 00 eoi 0
+4655.459032098: grid210x_device byte send a1 eoi 0
+4655.459060099: grid210x_device byte send 76 eoi 0
+4655.459088100: grid210x_device byte send 08 eoi 0
+4655.459116101: grid210x_device byte send 09 eoi 0
+4655.459145102: grid210x_device byte send c0 eoi 0
+4655.459175103: grid210x_device byte send 74 eoi 0
+4655.459202104: grid210x_device byte send 24 eoi 0
+4655.459230104: grid210x_device byte send a3 eoi 0
+4655.459258105: grid210x_device byte send 50 eoi 0
+4655.459288106: grid210x_device byte send 00 eoi 0
+4655.459316107: grid210x_device byte send a1 eoi 0
+4655.459344108: grid210x_device byte send 78 eoi 0
+4655.459371109: grid210x_device byte send 08 eoi 0
+4655.459400110: grid210x_device byte send a3 eoi 0
+4655.459430111: grid210x_device byte send 52 eoi 0
+4655.459597116: grid210x_device byte send 00 eoi 0
+4655.459634118: grid210x_device byte send 8b eoi 0
+4655.459667119: grid210x_device byte send 0e eoi 0
+4655.459697120: grid210x_device byte send 7a eoi 0
+4655.459725120: grid210x_device byte send 08 eoi 0
+4655.459754121: grid210x_device byte send 89 eoi 0
+4655.459783122: grid210x_device byte send 0e eoi 0
+4655.459812123: grid210x_device byte send 54 eoi 0
+4655.459839124: grid210x_device byte send 00 eoi 0
+4655.459867125: grid210x_device byte send 8a eoi 0
+4655.459894126: grid210x_device byte send 16 eoi 0
+4655.459923127: grid210x_device byte send 7e eoi 0
+4655.459951128: grid210x_device byte send 08 eoi 0
+4655.459979129: grid210x_device byte send 88 eoi 0
+4655.460076132: grid210x_device byte send 16 eoi 0
+4655.460116133: grid210x_device byte send 57 eoi 0
+4655.460147134: grid210x_device byte send 00 eoi 0
+4655.460179135: grid210x_device byte send f7 eoi 0
+4655.460207136: grid210x_device byte send e1 eoi 0
+4655.460233137: grid210x_device byte send f7 eoi 0
+4655.460286139: grid210x_device byte send 26 eoi 0
+4655.460321140: grid210x_device byte send 7c eoi 0
+4655.460351141: grid210x_device byte send 08 eoi 0
+4655.460379142: grid210x_device byte send a3 eoi 0
+4655.460408143: grid210x_device byte send 26 eoi 0
+4655.460436143: grid210x_device byte send 00 eoi 0
+4655.460464144: grid210x_device byte send eb eoi 0
+4655.460613149: grid210x_device byte send 17 eoi 0
+4655.460665151: grid210x_device byte send c7 eoi 0
+4655.460698152: grid210x_device byte send 06 eoi 0
+4655.461006162: grid210x_device byte send 52 eoi 0
+4655.461046163: grid210x_device byte send 00 eoi 0
+4655.461078164: grid210x_device byte send 09 eoi 0
+4655.461109165: grid210x_device byte send 00 eoi 0
+4655.461139166: grid210x_device byte send c7 eoi 0
+4655.461169167: grid210x_device byte send 06 eoi 0
+4655.461198168: grid210x_device byte send 54 eoi 0
+4655.461226169: grid210x_device byte send 00 eoi 0
+4655.461254170: grid210x_device byte send 02 eoi 0
+4655.461285171: grid210x_device byte send 00 eoi 0
+4655.461314172: grid210x_device byte send c6 eoi 0
+4655.461342173: grid210x_device byte send 06 eoi 0
+4655.461371174: grid210x_device byte send 57 eoi 0
+4655.461398175: grid210x_device byte send 00 eoi 0
+4655.461428176: grid210x_device byte send 01 eoi 0
+4655.461458177: grid210x_device byte send c7 eoi 0
+4655.461485177: grid210x_device byte send 06 eoi 0
+4655.461514178: grid210x_device byte send 26 eoi 0
+4655.461543179: grid210x_device byte send 00 eoi 0
+4655.461775187: grid210x_device byte send d0 eoi 0
+4655.461817188: grid210x_device byte send 02 eoi 0
+4655.461847189: grid210x_device byte send b8 eoi 0
+4655.461875190: grid210x_device byte send 22 eoi 0
+4655.461903191: grid210x_device byte send 00 eoi 0
+4655.461935192: grid210x_device byte send 1e eoi 0
+4655.461963193: grid210x_device byte send 50 eoi 0
+4655.461990194: grid210x_device byte send b8 eoi 0
+4655.462018195: grid210x_device byte send ff eoi 0
+4655.462047196: grid210x_device byte send ff eoi 0
+4655.462075197: grid210x_device byte send 89 eoi 0
+4655.462103197: grid210x_device byte send c2 eoi 0
+4655.462131198: grid210x_device byte send 52 eoi 0
+4655.462160199: grid210x_device byte send 50 eoi 0
+4655.462189200: grid210x_device byte send ff eoi 0
+4655.462216201: grid210x_device byte send 36 eoi 0
+4655.462244202: grid210x_device byte send 22 eoi 0
+4655.462271203: grid210x_device byte send 00 eoi 0
+4655.462302204: grid210x_device byte send e8 eoi 0
+4655.462330205: grid210x_device byte send 7b eoi 0
+4655.462357206: grid210x_device byte send fb eoi 0
+4655.462385207: grid210x_device byte send c6 eoi 0
+4655.462472209: grid210x_device byte send 06 eoi 0
+4655.462515211: grid210x_device byte send a5 eoi 0
+4655.462586213: grid210x_device byte send 0e eoi 0
+4655.462623214: grid210x_device byte send 01 eoi 0
+4655.462807220: grid210x_device byte send b8 eoi 0
+4655.462852222: grid210x_device byte send 05 eoi 0
+4655.462886223: grid210x_device byte send 00 eoi 0
+4655.462919224: grid210x_device byte send 50 eoi 0
+4655.462947225: grid210x_device byte send b8 eoi 0
+4655.462975226: grid210x_device byte send 99 eoi 0
+4655.463002227: grid210x_device byte send 0e eoi 0
+4655.463029227: grid210x_device byte send 1e eoi 0
+4655.463060228: grid210x_device byte send 50 eoi 0
+4655.463087229: grid210x_device byte send b8 eoi 0
+4655.463114230: grid210x_device byte send a0 eoi 0
+4655.463141231: grid210x_device byte send 0a eoi 0
+4655.463172232: grid210x_device byte send 1e eoi 0
+4655.463199233: grid210x_device byte send 50 eoi 0
+4655.463226234: grid210x_device byte send ff eoi 0
+4655.463253235: grid210x_device byte send 1e eoi 0
+4655.463282236: grid210x_device byte send ac eoi 0
+4655.463311237: grid210x_device byte send 0e eoi 0
+4655.463339237: grid210x_device byte send 5d eoi 0
+4655.463365238: grid210x_device byte send c3 eoi 0
+4655.463392239: grid210x_device byte send 55 eoi 0
+4655.463421240: grid210x_device byte send 8b eoi 0
+4655.463449241: grid210x_device byte send ec eoi 0
+4655.463476242: grid210x_device byte send b8 eoi 0
+4655.463503243: grid210x_device byte send 00 eoi 0
+4655.463533244: grid210x_device byte send 00 eoi 0
+4655.463561245: grid210x_device byte send 89 eoi 0
+4655.463588246: grid210x_device byte send c2 eoi 0
+4655.463615246: grid210x_device byte send a3 eoi 0
+4655.463642247: grid210x_device byte send 0c eoi 0
+4655.463672248: grid210x_device byte send 00 eoi 0
+4655.463701249: grid210x_device byte send 89 eoi 0
+4655.463853254: grid210x_device byte send 16 eoi 0
+4655.463897256: grid210x_device byte send 0e eoi 0
+4655.464213266: grid210x_device byte send 00 eoi 0
+4655.464252267: grid210x_device byte send c6 eoi 0
+4655.464285268: grid210x_device byte send 06 eoi 0
+4655.464314269: grid210x_device byte send f1 eoi 0
+4655.464342270: grid210x_device byte send 0e eoi 0
+4655.464371271: grid210x_device byte send 01 eoi 0
+4655.464399272: grid210x_device byte send c6 eoi 0
+4655.464429273: grid210x_device byte send 06 eoi 0
+4655.464459274: grid210x_device byte send b0 eoi 0
+4655.464486275: grid210x_device byte send 0e eoi 0
+4655.464515276: grid210x_device byte send 04 eoi 0
+4655.464547277: grid210x_device byte send bf eoi 0
+4655.464574277: grid210x_device byte send ef eoi 0
+4655.464602278: grid210x_device byte send ff eoi 0
+4655.464628279: grid210x_device byte send b9 eoi 0
+4655.464660280: grid210x_device byte send 24 eoi 0
+4655.464688281: grid210x_device byte send 00 eoi 0
+4655.464716282: grid210x_device byte send 89 eoi 0
+4655.464744283: grid210x_device byte send 0e eoi 0
+4655.464773284: grid210x_device byte send ac eoi 0
+4655.464994291: grid210x_device byte send 0e eoi 0
+4655.465032292: grid210x_device byte send 89 eoi 0
+4655.465063293: grid210x_device byte send 3e eoi 0
+4655.465091294: grid210x_device byte send ae eoi 0
+4655.465119295: grid210x_device byte send 0e eoi 0
+4655.465148296: grid210x_device byte send 80 eoi 0
+4655.465178297: grid210x_device byte send 3e eoi 0
+4655.465205298: grid210x_device byte send b0 eoi 0
+4655.465233299: grid210x_device byte send 0a eoi 0
+4655.465261300: grid210x_device byte send 62 eoi 0
+4655.465290301: grid210x_device byte send 75 eoi 0
+4655.465318301: grid210x_device byte send 18 eoi 0
+4655.465346302: grid210x_device byte send c6 eoi 0
+4655.465374303: grid210x_device byte send 06 eoi 0
+4655.465402304: grid210x_device byte send b0 eoi 0
+4655.465432305: grid210x_device byte send 0e eoi 0
+4655.465461306: grid210x_device byte send ff eoi 0
+4655.465488307: grid210x_device byte send bf eoi 0
+4655.465515308: grid210x_device byte send ef eoi 0
+4655.465544309: grid210x_device byte send ff eoi 0
+4655.465572310: grid210x_device byte send b9 eoi 0
+4655.465599311: grid210x_device byte send 1a eoi 0
+4655.465627311: grid210x_device byte send 00 eoi 0
+4655.465657312: grid210x_device byte send 89 eoi 0
+4655.465685313: grid210x_device byte send 0e eoi 0
+4655.465714314: grid210x_device byte send ac eoi 0
+4655.465741315: grid210x_device byte send 0e eoi 0
+4655.465769316: grid210x_device byte send 89 eoi 0
+4655.465799317: grid210x_device byte send 3e eoi 0
+4655.465826318: grid210x_device byte send ae eoi 0
+4655.466016324: grid210x_device byte send 0e eoi 0
+4655.466063326: grid210x_device byte send a2 eoi 0
+4655.466095327: grid210x_device byte send f1 eoi 0
+4655.466135328: grid210x_device byte send 0e eoi 0
+4655.466170329: grid210x_device byte send eb eoi 0
+4655.466198330: grid210x_device byte send 1a eoi 0
+4655.466226331: grid210x_device byte send 80 eoi 0
+4655.466253332: grid210x_device byte send 3e eoi 0
+4655.466281333: grid210x_device byte send b0 eoi 0
+4655.466310334: grid210x_device byte send 0a eoi 0
+4655.466339335: grid210x_device byte send 63 eoi 0
+4655.466366335: grid210x_device byte send 75 eoi 0
+4655.466392336: grid210x_device byte send 07 eoi 0
+4655.466422337: grid210x_device byte send c6 eoi 0
+4655.466449338: grid210x_device byte send 06 eoi 0
+4655.466477339: grid210x_device byte send b0 eoi 0
+4655.466504340: grid210x_device byte send 0e eoi 0
+4655.466534341: grid210x_device byte send 06 eoi 0
+4655.466562342: grid210x_device byte send eb eoi 0
+4655.466589343: grid210x_device byte send 0c eoi 0
+4655.466616344: grid210x_device byte send 80 eoi 0
+4655.466643344: grid210x_device byte send 3e eoi 0
+4655.466673345: grid210x_device byte send b0 eoi 0
+4655.466700346: grid210x_device byte send 0a eoi 0
+4655.466728347: grid210x_device byte send 77 eoi 0
+4655.466755348: grid210x_device byte send 74 eoi 0
+4655.466784349: grid210x_device byte send 05 eoi 0
+4655.466812350: grid210x_device byte send c6 eoi 0
+4655.467268365: grid210x_device byte send 06 eoi 0
+4655.467318366: grid210x_device byte send b0 eoi 0
+4655.467348367: grid210x_device byte send 0e eoi 0
+4655.467377368: grid210x_device byte send 05 eoi 0
+4655.467407369: grid210x_device byte send b8 eoi 0
+4655.467435370: grid210x_device byte send 22 eoi 0
+4655.467463371: grid210x_device byte send 00 eoi 0
+4655.467492372: grid210x_device byte send 1e eoi 0
+4655.467519373: grid210x_device byte send 50 eoi 0
+4655.467549374: grid210x_device byte send b8 eoi 0
+4655.467577375: grid210x_device byte send 00 eoi 0
+4655.467605376: grid210x_device byte send 00 eoi 0
+4655.467634376: grid210x_device byte send 89 eoi 0
+4655.467663377: grid210x_device byte send c2 eoi 0
+4655.467691378: grid210x_device byte send 52 eoi 0
+4655.467719379: grid210x_device byte send 50 eoi 0
+4655.467747380: grid210x_device byte send b8 eoi 0
+4655.467774381: grid210x_device byte send 36 eoi 0
+4655.467804382: grid210x_device byte send 00 eoi 0
+4655.467833383: grid210x_device byte send 50 eoi 0
+4655.467860384: grid210x_device byte send e8 eoi 0
+4655.467886385: grid210x_device byte send ef eoi 0
+4655.467916386: grid210x_device byte send fa eoi 0
+4655.467944386: grid210x_device byte send b8 eoi 0
+4655.467972387: grid210x_device byte send 01 eoi 0
+4655.468000388: grid210x_device byte send 00 eoi 0
+4655.468029389: grid210x_device byte send 50 eoi 0
+4655.468231396: grid210x_device byte send b8 eoi 1
+4655.468677410: grid210x_device byte recv 5f atn 1 eoi 0
+4655.468698411: grid210x_device now not talking
+4655.471000485: grid210x_device byte recv 25 atn 1 eoi 0
+4655.471043487: grid210x_device now listening
+4655.472196524: grid210x_device byte recv 04 atn 0 eoi 0
+4655.472237525: grid210x_device byte recv 00 atn 0 eoi 0
+4655.472265526: grid210x_device byte recv 00 atn 0 eoi 0
+4655.472435532: grid210x_device byte recv 04 atn 0 eoi 0
+4655.472478533: grid210x_device byte recv 00 atn 0 eoi 0
+4655.472505534: grid210x_device byte recv 00 atn 0 eoi 0
+4655.472529535: grid210x_device byte recv 00 atn 0 eoi 0
+4655.472556536: grid210x_device byte recv 00 atn 0 eoi 0
+4655.472580537: grid210x_device byte recv 02 atn 0 eoi 0
+4655.473672572: grid210x_device byte recv 00 atn 0 eoi 1
+4655.473712573: grid210x_device byte recv 3f atn 1 eoi 0
+4655.473730574: grid210x_device now not listening
+4655.473742574: grid210x_device command 4, data size 512, sector no 4
+4655.474865610: grid210x_device byte recv 18 atn 1 eoi 0
+4655.474972614: grid210x_device byte recv 45 atn 1 eoi 0
+4655.474991615: grid210x_device now talking
+4655.475013615: grid210x_device byte send 4f eoi 0
+4655.475097618: grid210x_device byte recv 19 atn 1 eoi 0
+4655.475140619: grid210x_device byte recv 5f atn 1 eoi 0
+4655.475157620: grid210x_device now not talking
+4655.476446662: grid210x_device byte recv 45 atn 1 eoi 0
+4655.476477663: grid210x_device now talking
+4655.477287689: grid210x_device byte send 99 eoi 0
+4655.477736703: grid210x_device byte send 0e eoi 0
+4655.477787705: grid210x_device byte send 1e eoi 0
+4655.477819706: grid210x_device byte send 50 eoi 0
+4655.477848707: grid210x_device byte send b8 eoi 0
+4655.477875708: grid210x_device byte send 00 eoi 0
+4655.477904709: grid210x_device byte send 00 eoi 0
+4655.477934710: grid210x_device byte send 1e eoi 0
+4655.477961711: grid210x_device byte send 50 eoi 0
+4655.477988712: grid210x_device byte send ff eoi 0
+4655.478014712: grid210x_device byte send 1e eoi 0
+4655.478043713: grid210x_device byte send ac eoi 0
+4655.478071714: grid210x_device byte send 0e eoi 0
+4655.478099715: grid210x_device byte send 83 eoi 0
+4655.478126716: grid210x_device byte send 3e eoi 0
+4655.478152717: grid210x_device byte send 00 eoi 0
+4655.478182718: grid210x_device byte send 00 eoi 0
+4655.478211719: grid210x_device byte send 00 eoi 0
+4655.478239720: grid210x_device byte send 74 eoi 0
+4655.478265721: grid210x_device byte send 02 eoi 0
+4655.478295722: grid210x_device byte send 5d eoi 0
+4655.478322722: grid210x_device byte send c3 eoi 0
+4655.478348723: grid210x_device byte send b8 eoi 0
+4655.478961743: grid210x_device byte send 00 eoi 0
+4655.479002744: grid210x_device byte send 02 eoi 0
+4655.479036745: grid210x_device byte send 31 eoi 0
+4655.479064746: grid210x_device byte send d2 eoi 0
+4655.479092747: grid210x_device byte send f7 eoi 0
+4655.479119748: grid210x_device byte send 36 eoi 0
+4655.479147749: grid210x_device byte send 22 eoi 0
+4655.479178750: grid210x_device byte send 00 eoi 0
+4655.479206751: grid210x_device byte send a3 eoi 0
+4655.479235752: grid210x_device byte send a2 eoi 0
+4655.479262753: grid210x_device byte send 0a eoi 0
+4655.479293754: grid210x_device byte send b8 eoi 0
+4655.479322755: grid210x_device byte send 68 eoi 0
+4655.479350756: grid210x_device byte send 08 eoi 0
+4655.479378757: grid210x_device byte send a3 eoi 0
+4655.479408758: grid210x_device byte send a4 eoi 0
+4655.479436758: grid210x_device byte send 0a eoi 0
+4655.479464759: grid210x_device byte send 8c eoi 0
+4655.479492760: grid210x_device byte send 1e eoi 0
+4655.479519761: grid210x_device byte send a6 eoi 0
+4655.479548762: grid210x_device byte send 0a eoi 0
+4655.479578763: grid210x_device byte send c6 eoi 0
+4655.479606764: grid210x_device byte send 06 eoi 0
+4655.479634765: grid210x_device byte send f2 eoi 0
+4655.479664766: grid210x_device byte send 0e eoi 0
+4655.479694767: grid210x_device byte send 00 eoi 0
+4655.479884773: grid210x_device byte send a1 eoi 0
+4655.479932774: grid210x_device byte send a2 eoi 0
+4655.479964776: grid210x_device byte send 0a eoi 0
+4655.479996777: grid210x_device byte send 48 eoi 0
+4655.480103780: grid210x_device byte send 8a eoi 0
+4655.480137781: grid210x_device byte send 0e eoi 0
+4655.480170782: grid210x_device byte send f2 eoi 0
+4655.480199783: grid210x_device byte send 0e eoi 0
+4655.480228784: grid210x_device byte send b5 eoi 0
+4655.480255785: grid210x_device byte send 00 eoi 0
+4655.480285786: grid210x_device byte send 3b eoi 0
+4655.480314787: grid210x_device byte send c8 eoi 0
+4655.480341788: grid210x_device byte send 77 eoi 0
+4655.480369789: grid210x_device byte send 29 eoi 0
+4655.480397790: grid210x_device byte send 83 eoi 0
+4655.480427791: grid210x_device byte send 3e eoi 0
+4655.480456791: grid210x_device byte send 00 eoi 0
+4655.480484792: grid210x_device byte send 00 eoi 0
+4655.480512793: grid210x_device byte send 00 eoi 0
+4655.480543794: grid210x_device byte send 75 eoi 0
+4655.480570795: grid210x_device byte send 1c eoi 0
+4655.480598796: grid210x_device byte send b8 eoi 0
+4655.480626797: grid210x_device byte send 00 eoi 0
+4655.480657798: grid210x_device byte send 00 eoi 0
+4655.480686799: grid210x_device byte send 50 eoi 0
+4655.480713800: grid210x_device byte send 8b eoi 0
+4655.480741801: grid210x_device byte send 16 eoi 0
+4655.480767802: grid210x_device byte send 22 eoi 0
+4655.480796802: grid210x_device byte send 00 eoi 0
+4655.480962808: grid210x_device byte send 89 eoi 0
+4655.481004809: grid210x_device byte send d0 eoi 0
+4655.481035810: grid210x_device byte send f7 eoi 0
+4655.481064811: grid210x_device byte send e1 eoi 0
+4655.481092812: grid210x_device byte send 89 eoi 0
+4655.481119813: grid210x_device byte send c6 eoi 0
+4655.481146814: grid210x_device byte send c4 eoi 0
+4655.481176815: grid210x_device byte send 1e eoi 0
+4655.481203816: grid210x_device byte send a4 eoi 0
+4655.481230817: grid210x_device byte send 0a eoi 0
+4655.481258817: grid210x_device byte send 8d eoi 0
+4655.481287818: grid210x_device byte send 00 eoi 0
+4655.481316819: grid210x_device byte send 06 eoi 0
+4655.481344820: grid210x_device byte send 50 eoi 0
+4655.481370821: grid210x_device byte send e8 eoi 0
+4655.481397822: grid210x_device byte send c2 eoi 0
+4655.481426823: grid210x_device byte send fa eoi 0
+4655.481453824: grid210x_device byte send a3 eoi 0
+4655.481480825: grid210x_device byte send 00 eoi 0
+4655.481508826: grid210x_device byte send 00 eoi 0
+4655.481538826: grid210x_device byte send fe eoi 0
+4655.481565827: grid210x_device byte send 06 eoi 0
+4655.481593828: grid210x_device byte send f2 eoi 0
+4655.481620829: grid210x_device byte send 0e eoi 0
+4655.482111845: grid210x_device byte send 75 eoi 0
+4655.482150846: grid210x_device byte send c9 eoi 0
+4655.482181847: grid210x_device byte send 83 eoi 0
+4655.482210848: grid210x_device byte send 3e eoi 0
+4655.482238849: grid210x_device byte send 00 eoi 0
+4655.482267850: grid210x_device byte send 00 eoi 0
+4655.482432855: grid210x_device byte send 00 eoi 0
+4655.482461856: grid210x_device byte send 74 eoi 0
+4655.482488857: grid210x_device byte send 02 eoi 0
+4655.482516858: grid210x_device byte send 5d eoi 0
+4655.482545859: grid210x_device byte send c3 eoi 0
+4655.482573860: grid210x_device byte send a0 eoi 0
+4655.482601861: grid210x_device byte send f1 eoi 0
+4655.482629862: grid210x_device byte send 0e eoi 0
+4655.482661863: grid210x_device byte send d0 eoi 0
+4655.482690864: grid210x_device byte send d8 eoi 0
+4655.482718865: grid210x_device byte send 73 eoi 0
+4655.482745866: grid210x_device byte send 0b eoi 0
+4655.482776867: grid210x_device byte send 81 eoi 0
+4655.482808868: grid210x_device byte send 3e eoi 0
+4655.482836868: grid210x_device byte send 26 eoi 0
+4655.482863869: grid210x_device byte send 00 eoi 0
+4655.482892870: grid210x_device byte send 40 eoi 0
+4655.482921871: grid210x_device byte send 1f eoi 0
+4655.482949872: grid210x_device byte send 73 eoi 0
+4655.483136878: grid210x_device byte send 03 eoi 0
+4655.483189880: grid210x_device byte send e8 eoi 0
+4655.483220881: grid210x_device byte send 8c eoi 0
+4655.483249882: grid210x_device byte send fe eoi 0
+4655.483277883: grid210x_device byte send 81 eoi 0
+4655.483308884: grid210x_device byte send 3e eoi 0
+4655.483335885: grid210x_device byte send 24 eoi 0
+4655.483363886: grid210x_device byte send 0a eoi 0
+4655.483391886: grid210x_device byte send aa eoi 0
+4655.483421887: grid210x_device byte send 55 eoi 0
+4655.483448888: grid210x_device byte send 75 eoi 0
+4655.483475889: grid210x_device byte send 1d eoi 0
+4655.483503890: grid210x_device byte send a1 eoi 0
+4655.483532891: grid210x_device byte send 08 eoi 0
+4655.483561892: grid210x_device byte send 00 eoi 0
+4655.483589893: grid210x_device byte send 8b eoi 0
+4655.483617894: grid210x_device byte send 16 eoi 0
+4655.483644895: grid210x_device byte send 0a eoi 0
+4655.483674896: grid210x_device byte send 00 eoi 0
+4655.483703897: grid210x_device byte send a3 eoi 0
+4655.483730897: grid210x_device byte send 0c eoi 0
+4655.483758898: grid210x_device byte send 00 eoi 0
+4655.483789899: grid210x_device byte send 89 eoi 0
+4655.483817900: grid210x_device byte send 16 eoi 0
+4655.483845901: grid210x_device byte send 0e eoi 0
+4655.483873902: grid210x_device byte send 00 eoi 0
+4655.483900903: grid210x_device byte send b8 eoi 0
+4655.483929904: grid210x_device byte send 00 eoi 0
+4655.483958905: grid210x_device byte send 00 eoi 0
+4655.483985906: grid210x_device byte send 50 eoi 0
+4655.484012907: grid210x_device byte send b8 eoi 0
+4655.484041907: grid210x_device byte send 68 eoi 0
+4655.484197913: grid210x_device byte send 08 eoi 0
+4655.484240914: grid210x_device byte send 1e eoi 0
+4655.484269915: grid210x_device byte send 50 eoi 0
+4655.484299916: grid210x_device byte send e8 eoi 0
+4655.484326917: grid210x_device byte send 7c eoi 0
+4655.484354918: grid210x_device byte send fa eoi 0
+4655.484381918: grid210x_device byte send a3 eoi 0
+4655.484410919: grid210x_device byte send 00 eoi 0
+4655.484438920: grid210x_device byte send 00 eoi 0
+4655.484466921: grid210x_device byte send a1 eoi 0
+4655.484493922: grid210x_device byte send 88 eoi 0
+4655.484520923: grid210x_device byte send 08 eoi 0
+4655.484549924: grid210x_device byte send 09 eoi 0
+4655.484577925: grid210x_device byte send c0 eoi 0
+4655.484604926: grid210x_device byte send 74 eoi 0
+4655.484632927: grid210x_device byte send 03 eoi 0
+4655.484662928: grid210x_device byte send a3 eoi 0
+4655.484690928: grid210x_device byte send 2b eoi 0
+4655.484717929: grid210x_device byte send 00 eoi 0
+4655.484746930: grid210x_device byte send 5d eoi 0
+4655.484772931: grid210x_device byte send c3 eoi 0
+4655.484802932: grid210x_device byte send 55 eoi 0
+4655.485086941: grid210x_device byte send 8b eoi 0
+4655.485310949: grid210x_device byte send ec eoi 0
+4655.485347950: grid210x_device byte send 9a eoi 0
+4655.485376951: grid210x_device byte send 15 eoi 0
+4655.485404952: grid210x_device byte send 00 eoi 0
+4655.485437953: grid210x_device byte send ef eoi 0
+4655.485464954: grid210x_device byte send ff eoi 0
+4655.485492954: grid210x_device byte send 89 eoi 0
+4655.485519955: grid210x_device byte send 1e eoi 0
+4655.485548956: grid210x_device byte send 14 eoi 0
+4655.485575957: grid210x_device byte send 00 eoi 0
+4655.485604958: grid210x_device byte send 8c eoi 0
+4655.485631959: grid210x_device byte send 06 eoi 0
+4655.485662960: grid210x_device byte send 16 eoi 0
+4655.485690961: grid210x_device byte send 00 eoi 0
+4655.485719962: grid210x_device byte send 26 eoi 0
+4655.485747963: grid210x_device byte send 8a eoi 0
+4655.485774964: grid210x_device byte send 47 eoi 0
+4655.485805965: grid210x_device byte send 16 eoi 0
+4655.485833965: grid210x_device byte send a2 eoi 0
+4655.485860966: grid210x_device byte send b0 eoi 0
+4655.485887967: grid210x_device byte send 0a eoi 0
+4655.485918968: grid210x_device byte send e8 eoi 0
+4655.485945969: grid210x_device byte send ba eoi 0
+4655.485973970: grid210x_device byte send fe eoi 0
+4655.485999971: grid210x_device byte send ff eoi 0
+4655.486026972: grid210x_device byte send 36 eoi 0
+4655.486056973: grid210x_device byte send 2b eoi 0
+4655.486084974: grid210x_device byte send 00 eoi 0
+4655.486113975: grid210x_device byte send b8 eoi 0
+4655.486141975: grid210x_device byte send 4b eoi 0
+4655.486170976: grid210x_device byte send 00 eoi 0
+4655.486328982: grid210x_device byte send 0e eoi 0
+4655.486374983: grid210x_device byte send 50 eoi 0
+4655.486457986: grid210x_device byte send b8 eoi 0
+4655.486498987: grid210x_device byte send aa eoi 0
+4655.486527988: grid210x_device byte send 0a eoi 0
+4655.486599990: grid210x_device byte send 1e eoi 0
+4655.486630991: grid210x_device byte send 50 eoi 0
+4655.486662992: grid210x_device byte send e8 eoi 0
+4655.486692993: grid210x_device byte send f8 eoi 0
+4655.486719994: grid210x_device byte send fc eoi 0
+4655.486747995: grid210x_device byte send a3 eoi 0
+4655.486774996: grid210x_device byte send 00 eoi 0
+4655.486805997: grid210x_device byte send 00 eoi 0
+4655.486834998: grid210x_device byte send ff eoi 0
+4655.486861999: grid210x_device byte send 36 eoi 0
+4655.486889000: grid210x_device byte send aa eoi 0
+4655.486919001: grid210x_device byte send 0a eoi 0
+4655.486948002: grid210x_device byte send b8 eoi 0
+4655.486976002: grid210x_device byte send 5d eoi 0
+4655.487004003: grid210x_device byte send 00 eoi 0
+4655.487033004: grid210x_device byte send 0e eoi 0
+4655.487062005: grid210x_device byte send 50 eoi 0
+4655.487088006: grid210x_device byte send b8 eoi 0
+4655.487116007: grid210x_device byte send ac eoi 0
+4655.487143008: grid210x_device byte send 0a eoi 0
+4655.487172009: grid210x_device byte send 1e eoi 0
+4655.487200010: grid210x_device byte send 50 eoi 0
+4655.487227011: grid210x_device byte send e8 eoi 0
+4655.487390016: grid210x_device byte send e4 eoi 0
+4655.487439017: grid210x_device byte send fc eoi 0
+4655.487470018: grid210x_device byte send a3 eoi 0
+4655.487499019: grid210x_device byte send 00 eoi 0
+4655.487528020: grid210x_device byte send 00 eoi 0
+4655.487558021: grid210x_device byte send ff eoi 0
+4655.487585022: grid210x_device byte send 36 eoi 0
+4655.487612023: grid210x_device byte send aa eoi 0
+4655.487639024: grid210x_device byte send 0a eoi 0
+4655.487669025: grid210x_device byte send b8 eoi 0
+4655.487697026: grid210x_device byte send 6a eoi 0
+4655.487724027: grid210x_device byte send 00 eoi 0
+4655.487751028: grid210x_device byte send 0e eoi 0
+4655.487779028: grid210x_device byte send 50 eoi 0
+4655.487808029: grid210x_device byte send b8 eoi 0
+4655.487835030: grid210x_device byte send ae eoi 0
+4655.487862031: grid210x_device byte send 0a eoi 0
+4655.487890032: grid210x_device byte send 1e eoi 0
+4655.488205042: grid210x_device byte send 50 eoi 0
+4655.488251044: grid210x_device byte send e8 eoi 0
+4655.488283045: grid210x_device byte send d0 eoi 0
+4655.488312046: grid210x_device byte send fc eoi 0
+4655.488551053: grid210x_device byte send 09 eoi 0
+4655.488588055: grid210x_device byte send c0 eoi 0
+4655.488617056: grid210x_device byte send 75 eoi 0
+4655.488645056: grid210x_device byte send 22 eoi 0
+4655.488675057: grid210x_device byte send ff eoi 0
+4655.488703058: grid210x_device byte send 36 eoi 0
+4655.488731059: grid210x_device byte send ae eoi 0
+4655.488758060: grid210x_device byte send 0a eoi 0
+4655.488789061: grid210x_device byte send b8 eoi 0
+4655.488817062: grid210x_device byte send 60 eoi 0
+4655.488844063: grid210x_device byte send 04 eoi 0
+4655.488872064: grid210x_device byte send 1e eoi 0
+4655.488899065: grid210x_device byte send 50 eoi 0
+4655.488930066: grid210x_device byte send e8 eoi 0
+4655.488957067: grid210x_device byte send 42 eoi 0
+4655.488985067: grid210x_device byte send fa eoi 0
+4655.489012068: grid210x_device byte send b8 eoi 0
+4655.489042069: grid210x_device byte send 60 eoi 0
+4655.489071070: grid210x_device byte send 04 eoi 0
+4655.489099071: grid210x_device byte send 1e eoi 0
+4655.489126072: grid210x_device byte send 50 eoi 0
+4655.489154073: grid210x_device byte send 2e eoi 0
+4655.489184074: grid210x_device byte send c4 eoi 0
+4655.489212075: grid210x_device byte send 06 eoi 0
+4655.489241076: grid210x_device byte send 86 eoi 0
+4655.489268077: grid210x_device byte send 00 eoi 0
+4655.489299078: grid210x_device byte send 06 eoi 0
+4655.489328079: grid210x_device byte send 50 eoi 0
+4655.489355079: grid210x_device byte send b8 eoi 0
+4655.489383080: grid210x_device byte send 80 eoi 0
+4655.489413081: grid210x_device byte send 25 eoi 0
+4655.489574087: grid210x_device byte send 50 eoi 0
+4655.489614088: grid210x_device byte send e8 eoi 0
+4655.489644089: grid210x_device byte send 81 eoi 0
+4655.489675090: grid210x_device byte send fb eoi 0
+4655.489704091: grid210x_device byte send a3 eoi 0
+4655.489732092: grid210x_device byte send a8 eoi 0
+4655.489760093: grid210x_device byte send 0a eoi 0
+4655.489792094: grid210x_device byte send 83 eoi 0
+4655.489820094: grid210x_device byte send 3e eoi 0
+4655.489847095: grid210x_device byte send 00 eoi 0
+4655.489875096: grid210x_device byte send 00 eoi 0
+4655.489904097: grid210x_device byte send 00 eoi 0
+4655.489935098: grid210x_device byte send 75 eoi 0
+4655.489963099: grid210x_device byte send 18 eoi 0
+4655.489991100: grid210x_device byte send ff eoi 0
+4655.490090103: grid210x_device byte send 36 eoi 0
+4655.490128104: grid210x_device byte send ac eoi 0
+4655.490159105: grid210x_device byte send 0a eoi 0
+4655.490189106: grid210x_device byte send b8 eoi 0
+4655.490217107: grid210x_device byte send 60 eoi 0
+4655.490245108: grid210x_device byte send 04 eoi 0
+4655.490272109: grid210x_device byte send 1e eoi 0
+4655.490301110: grid210x_device byte send 50 eoi 0
+4655.490327111: grid210x_device byte send e8 eoi 0
+4655.490355112: grid210x_device byte send 19 eoi 0
+4655.490382113: grid210x_device byte send fa eoi 0
+4655.490411114: grid210x_device byte send e8 eoi 0
+4655.490438114: grid210x_device byte send 53 eoi 0
+4655.490465115: grid210x_device byte send fd eoi 0
+4655.490626121: grid210x_device byte send 83 eoi 0
+4655.490670122: grid210x_device byte send 3e eoi 0
+4655.490701123: grid210x_device byte send 00 eoi 0
+4655.490731124: grid210x_device byte send 00 eoi 0
+4655.490760125: grid210x_device byte send 00 eoi 0
+4655.490790126: grid210x_device byte send 75 eoi 0
+4655.490819127: grid210x_device byte send 02 eoi 0
+4655.490846128: grid210x_device byte send 5d eoi 0
+4655.490874129: grid210x_device byte send c3 eoi 0
+4655.490901129: grid210x_device byte send e8 eoi 0
+4655.490931130: grid210x_device byte send 4b eoi 0
+4655.490958131: grid210x_device byte send f9 eoi 0
+4655.490986132: grid210x_device byte send e9 eoi 0
+4655.491012133: grid210x_device byte send 79 eoi 0
+4655.491041134: grid210x_device byte send ff eoi 0
+4655.491353144: grid210x_device byte send 1e eoi 0
+4655.491391145: grid210x_device byte send 2e eoi 0
+4655.491424146: grid210x_device byte send 8e eoi 0
+4655.491453147: grid210x_device byte send 1e eoi 0
+4655.491482148: grid210x_device byte send 84 eoi 0
+4655.491509149: grid210x_device byte send 00 eoi 0
+4655.491722156: grid210x_device byte send 55 eoi 0
+4655.491765157: grid210x_device byte send 8b eoi 0
+4655.491799159: grid210x_device byte send ec eoi 0
+4655.491828159: grid210x_device byte send 89 eoi 0
+4655.491856160: grid210x_device byte send e0 eoi 0
+4655.491884161: grid210x_device byte send a3 eoi 0
+4655.491913162: grid210x_device byte send 02 eoi 0
+4655.491943163: grid210x_device byte send 00 eoi 0
+4655.491973164: grid210x_device byte send 8c eoi 0
+4655.492000165: grid210x_device byte send d0 eoi 0
+4655.492028166: grid210x_device byte send a3 eoi 0
+4655.492057167: grid210x_device byte send 04 eoi 0
+4655.492086168: grid210x_device byte send 00 eoi 0
+4655.492115169: grid210x_device byte send b8 eoi 0
+4655.492142170: grid210x_device byte send b1 eoi 0
+4655.492172171: grid210x_device byte send 0a eoi 0
+4655.492201172: grid210x_device byte send a3 eoi 0
+4655.492228172: grid210x_device byte send 10 eoi 0
+4655.492256173: grid210x_device byte send 00 eoi 0
+4655.492286174: grid210x_device byte send 8c eoi 0
+4655.492314175: grid210x_device byte send 1e eoi 0
+4655.492342176: grid210x_device byte send 12 eoi 0
+4655.492370177: grid210x_device byte send 00 eoi 0
+4655.492398178: grid210x_device byte send fa eoi 0
+4655.492428179: grid210x_device byte send a1 eoi 0
+4655.492456180: grid210x_device byte send 10 eoi 0
+4655.492484181: grid210x_device byte send 00 eoi 0
+4655.492512182: grid210x_device byte send 8b eoi 0
+4655.492541183: grid210x_device byte send 16 eoi 0
+4655.492569183: grid210x_device byte send 12 eoi 0
+4655.492597184: grid210x_device byte send 00 eoi 0
+4655.492626185: grid210x_device byte send 05 eoi 0
+4655.492805191: grid210x_device byte send e8 eoi 0
+4655.492841192: grid210x_device byte send 03 eoi 0
+4655.492873193: grid210x_device byte send 83 eoi 0
+4655.492901194: grid210x_device byte send e8 eoi 0
+4655.492932195: grid210x_device byte send 0a eoi 0
+4655.492961196: grid210x_device byte send 89 eoi 0
+4655.492989197: grid210x_device byte send c4 eoi 0
+4655.493016198: grid210x_device byte send a1 eoi 0
+4655.493045199: grid210x_device byte send 12 eoi 0
+4655.493073200: grid210x_device byte send 00 eoi 0
+4655.493101201: grid210x_device byte send 8e eoi 0
+4655.493129202: grid210x_device byte send d0 eoi 0
+4655.493158203: grid210x_device byte send fb eoi 0
+4655.493186203: grid210x_device byte send e8 eoi 0
+4655.493214204: grid210x_device byte send 2c eoi 0
+4655.493241205: grid210x_device byte send ff eoi 0
+4655.493272206: grid210x_device byte send fa eoi 0
+4655.493301207: grid210x_device byte send a1 eoi 0
+4655.493328208: grid210x_device byte send 02 eoi 0
+4655.493356209: grid210x_device byte send 00 eoi 0
+4655.493384210: grid210x_device byte send 89 eoi 0
+4655.493413211: grid210x_device byte send c4 eoi 0
+4655.493440212: grid210x_device byte send a1 eoi 0
+4655.493467213: grid210x_device byte send 04 eoi 0
+4655.493495213: grid210x_device byte send 00 eoi 0
+4655.493522214: grid210x_device byte send 8e eoi 0
+4655.493551215: grid210x_device byte send d0 eoi 0
+4655.493578216: grid210x_device byte send fb eoi 0
+4655.493604217: grid210x_device byte send ff eoi 0
+4655.493631218: grid210x_device byte send 36 eoi 0
+4655.493661219: grid210x_device byte send 0e eoi 0
+4655.493690220: grid210x_device byte send 00 eoi 0
+4655.493876226: grid210x_device byte send ff eoi 0
+4655.493911227: grid210x_device byte send 36 eoi 0
+4655.493940228: grid210x_device byte send 0c eoi 0
+4655.493970229: grid210x_device byte send 00 eoi 0
+4655.493997230: grid210x_device byte send b8 eoi 0
+4655.494024231: grid210x_device byte send 01 eoi 0
+4655.494054232: grid210x_device byte send 00 eoi 0
+4655.494081232: grid210x_device byte send 50 eoi 0
+4655.494108233: grid210x_device byte send b8 eoi 0
+4655.494394243: grid210x_device byte send 21 eoi 0
+4655.494500246: grid210x_device byte send 43 eoi 0
+4655.494571248: grid210x_device byte send 50 eoi 0
+4655.494608249: grid210x_device byte send ff eoi 0
+4655.494637250: grid210x_device byte send 1e eoi 0
+4655.494668251: grid210x_device byte send 1e eoi 0
+4655.494697252: grid210x_device byte send 00 eoi 0
+4655.494727253: grid210x_device byte send 5d eoi 0
+4655.494928260: grid210x_device byte send 1f eoi 0
+4655.494978261: grid210x_device byte send cb eoi 0
+4655.495009262: grid210x_device byte send 55 eoi 0
+4655.495041263: grid210x_device byte send 55 eoi 0
+4655.495070264: grid210x_device byte send 55 eoi 0
+4655.495098265: grid210x_device byte send 55 eoi 0
+4655.495126266: grid210x_device byte send 55 eoi 0
+4655.495153267: grid210x_device byte send 0b eoi 0
+4655.495185268: grid210x_device byte send ff eoi 0
+4655.495212269: grid210x_device byte send 75 eoi 0
+4655.495239270: grid210x_device byte send 1d eoi 0
+4655.495266271: grid210x_device byte send 3b eoi 0
+4655.495296272: grid210x_device byte send ca eoi 0
+4655.495323273: grid210x_device byte send 76 eoi 0
+4655.495350273: grid210x_device byte send 09 eoi 0
+4655.495378274: grid210x_device byte send f7 eoi 0
+4655.495407275: grid210x_device byte send f1 eoi 0
+4655.495436276: grid210x_device byte send 33 eoi 0
+4655.495463277: grid210x_device byte send f6 eoi 0
+4655.495490278: grid210x_device byte send 8b eoi 0
+4655.495517279: grid210x_device byte send fa eoi 0
+4655.495547280: grid210x_device byte send 33 eoi 0
+4655.495575281: grid210x_device byte send d2 eoi 0
+4655.495602282: grid210x_device byte send cb eoi 0
+4655.495630283: grid210x_device byte send 8b eoi 0
+4655.495659283: grid210x_device byte send f8 eoi 0
+4655.495687284: grid210x_device byte send 8b eoi 0
+4655.495714285: grid210x_device byte send c2 eoi 0
+4655.495741286: grid210x_device byte send 33 eoi 0
+4655.495770287: grid210x_device byte send d2 eoi 0
+4655.495799288: grid210x_device byte send f7 eoi 0
+4655.495827289: grid210x_device byte send f1 eoi 0
+4655.495981294: grid210x_device byte send 97 eoi 0
+4655.496025295: grid210x_device byte send f7 eoi 0
+4655.496073297: grid210x_device byte send f1 eoi 0
+4655.496102298: grid210x_device byte send 87 eoi 0
+4655.496130299: grid210x_device byte send d7 eoi 0
+4655.496159300: grid210x_device byte send 33 eoi 0
+4655.496186301: grid210x_device byte send f6 eoi 0
+4655.496214301: grid210x_device byte send cb eoi 0
+4655.496241302: grid210x_device byte send 55 eoi 0
+4655.496268303: grid210x_device byte send 8b eoi 0
+4655.496298304: grid210x_device byte send e9 eoi 0
+4655.496325305: grid210x_device byte send 8b eoi 0
+4655.496352306: grid210x_device byte send df eoi 0
+4655.496379307: grid210x_device byte send 33 eoi 0
+4655.496407308: grid210x_device byte send f6 eoi 0
+4655.496434309: grid210x_device byte send 8b eoi 0
+4655.496461309: grid210x_device byte send fe eoi 0
+4655.496488310: grid210x_device byte send b9 eoi 0
+4655.496514311: grid210x_device byte send 20 eoi 0
+4655.496543312: grid210x_device byte send 00 eoi 0
+4655.496572313: grid210x_device byte send d1 eoi 0
+4655.496600314: grid210x_device byte send e7 eoi 0
+4655.496627315: grid210x_device byte send d1 eoi 0
+4655.496653316: grid210x_device byte send d6 eoi 0
+4655.496683317: grid210x_device byte send d1 eoi 0
+4655.496711318: grid210x_device byte send e0 eoi 0
+4655.496738318: grid210x_device byte send d1 eoi 0
+4655.496764319: grid210x_device byte send d2 eoi 0
+4655.496793320: grid210x_device byte send 83 eoi 0
+4655.496821321: grid210x_device byte send d7 eoi 0
+4655.496848322: grid210x_device byte send 00 eoi 0
+4655.496876323: grid210x_device byte send 2b eoi 0
+4655.496902324: grid210x_device byte send fd eoi 0
+4655.497076329: grid210x_device byte send 1b eoi 0
+4655.497108330: grid210x_device byte send f3 eoi 0
+4655.497137331: grid210x_device byte send 40 eoi 0
+4655.497167332: grid210x_device byte send 73 eoi 0
+4655.497194333: grid210x_device byte send 05 eoi 0
+4655.497223334: grid210x_device byte send 03 eoi 0
+4655.497504343: grid210x_device byte send fd eoi 0
+4655.497542344: grid210x_device byte send 13 eoi 0
+4655.497571345: grid210x_device byte send f3 eoi 0
+4655.497600346: grid210x_device byte send 48 eoi 0
+4655.497628347: grid210x_device byte send e2 eoi 0
+4655.497654348: grid210x_device byte send e7 eoi 0
+4655.497685349: grid210x_device byte send 5d eoi 0
+4655.497713350: grid210x_device byte send cb eoi 0
+4655.497740351: grid210x_device byte send 55 eoi 0
+4655.497768352: grid210x_device byte send 55 eoi 0
+4655.497797353: grid210x_device byte send 55 eoi 0
+4655.497825354: grid210x_device byte send 55 eoi 0
+4655.497852354: grid210x_device byte send 55 eoi 0
+4655.497879355: grid210x_device byte send 55 eoi 0
+4655.497908356: grid210x_device byte send 76 eoi 0
+4655.497936357: grid210x_device byte send 65 eoi 1
+4655.498369371: grid210x_device byte recv 5f atn 1 eoi 0
+4655.498401372: grid210x_device now not talking
+4655.519668061: grid210x_device byte recv 25 atn 1 eoi 0
+4655.519718062: grid210x_device now listening
+4655.521163109: grid210x_device byte recv 01 atn 0 eoi 0
+4655.521210110: grid210x_device byte recv 00 atn 0 eoi 0
+4655.521237111: grid210x_device byte recv 00 atn 0 eoi 0
+4655.521260112: grid210x_device byte recv 00 atn 0 eoi 0
+4655.521286113: grid210x_device byte recv 00 atn 0 eoi 0
+4655.521311114: grid210x_device byte recv 00 atn 0 eoi 0
+4655.521334114: grid210x_device byte recv 00 atn 0 eoi 0
+4655.521356115: grid210x_device byte recv 36 atn 0 eoi 0
+4655.521378116: grid210x_device byte recv 00 atn 0 eoi 0
+4655.522704159: grid210x_device byte recv 00 atn 0 eoi 1
+4655.522746160: grid210x_device byte recv 3f atn 1 eoi 0
+4655.522765161: grid210x_device now not listening
+4655.522776161: grid210x_device command 1, data size 54, sector no 0
+4655.524996233: grid210x_device byte recv 45 atn 1 eoi 0
+4655.525038234: grid210x_device now talking
+4655.526013266: grid210x_device byte send 00 eoi 0
+4655.526517282: grid210x_device byte send 02 eoi 0
+4655.526602285: grid210x_device byte send f8 eoi 0
+4655.526633286: grid210x_device byte send 01 eoi 0
+4655.526665287: grid210x_device byte send d0 eoi 0
+4655.526694288: grid210x_device byte send 02 eoi 0
+4655.526722289: grid210x_device byte send 01 eoi 0
+4655.526750290: grid210x_device byte send 20 eoi 0
+4655.526778291: grid210x_device byte send 01 eoi 0
+4655.526808292: grid210x_device byte send 21 eoi 0
+4655.526835292: grid210x_device byte send 01 eoi 0
+4655.526864293: grid210x_device byte send 01 eoi 0
+4655.526892294: grid210x_device byte send 00 eoi 0
+4655.526922295: grid210x_device byte send 00 eoi 0
+4655.526950296: grid210x_device byte send 34 eoi 0
+4655.526978297: grid210x_device byte send 38 eoi 0
+4655.527005298: grid210x_device byte send 20 eoi 0
+4655.527034299: grid210x_device byte send 54 eoi 0
+4655.527062300: grid210x_device byte send 50 eoi 0
+4655.527088301: grid210x_device byte send 49 eoi 0
+4655.527115302: grid210x_device byte send 20 eoi 0
+4655.527141302: grid210x_device byte send 44 eoi 0
+4655.527170303: grid210x_device byte send 53 eoi 0
+4655.527198304: grid210x_device byte send 20 eoi 0
+4655.527224305: grid210x_device byte send 44 eoi 0
+4655.527251306: grid210x_device byte send 44 eoi 0
+4655.527277307: grid210x_device byte send 20 eoi 0
+4655.527306308: grid210x_device byte send 46 eoi 0
+4655.527463313: grid210x_device byte send 4c eoi 0
+4655.527509314: grid210x_device byte send 4f eoi 0
+4655.527542315: grid210x_device byte send 50 eoi 0
+4655.527571316: grid210x_device byte send 50 eoi 0
+4655.527598317: grid210x_device byte send 59 eoi 0
+4655.527625318: grid210x_device byte send 20 eoi 0
+4655.527652319: grid210x_device byte send 20 eoi 0
+4655.527683320: grid210x_device byte send 20 eoi 0
+4655.527710321: grid210x_device byte send 20 eoi 0
+4655.527737322: grid210x_device byte send 33 eoi 0
+4655.527764323: grid210x_device byte send 30 eoi 0
+4655.527793323: grid210x_device byte send 30 eoi 0
+4655.527821324: grid210x_device byte send 32 eoi 0
+4655.527848325: grid210x_device byte send 33 eoi 0
+4655.528183336: grid210x_device byte send 37 eoi 0
+4655.528221337: grid210x_device byte send 2d eoi 0
+4655.528251338: grid210x_device byte send 30 eoi 0
+4655.528279339: grid210x_device byte send 30 eoi 0
+4655.528309340: grid210x_device byte send 00 eoi 0
+4655.528339341: grid210x_device byte send 02 eoi 0
+4655.528369342: grid210x_device byte send 09 eoi 0
+4655.528581349: grid210x_device byte send 00 eoi 0
+4655.528630351: grid210x_device byte send 02 eoi 0
+4655.528667352: grid210x_device byte send 00 eoi 1
+4655.529174368: grid210x_device byte recv 5f atn 1 eoi 0
+4655.529194369: grid210x_device now not talking
+4655.532093463: grid210x_device byte recv 25 atn 1 eoi 0
+4655.532139464: grid210x_device now listening
+4655.533494508: grid210x_device byte recv 04 atn 0 eoi 0
+4655.533538509: grid210x_device byte recv 00 atn 0 eoi 0
+4655.533563510: grid210x_device byte recv 00 atn 0 eoi 0
+4655.533587511: grid210x_device byte recv 00 atn 0 eoi 0
+4655.533609512: grid210x_device byte recv 00 atn 0 eoi 0
+4655.533632512: grid210x_device byte recv 00 atn 0 eoi 0
+4655.533654513: grid210x_device byte recv 00 atn 0 eoi 0
+4655.533680514: grid210x_device byte recv 00 atn 0 eoi 0
+4655.533829519: grid210x_device byte recv 02 atn 0 eoi 0
+4655.535039558: grid210x_device byte recv 00 atn 0 eoi 1
+4655.535082559: grid210x_device byte recv 3f atn 1 eoi 0
+4655.535102560: grid210x_device now not listening
+4655.535113560: grid210x_device command 4, data size 512, sector no 0
+4655.536197595: grid210x_device byte recv 18 atn 1 eoi 0
+4655.536306599: grid210x_device byte recv 45 atn 1 eoi 0
+4655.536324600: grid210x_device now talking
+4655.536347600: grid210x_device byte send 4f eoi 0
+4655.536437603: grid210x_device byte recv 19 atn 1 eoi 0
+4655.536483605: grid210x_device byte recv 5f atn 1 eoi 0
+4655.536498605: grid210x_device now not talking
+4655.538063656: grid210x_device byte recv 45 atn 1 eoi 0
+4655.538096657: grid210x_device now talking
+4655.539120690: grid210x_device byte send 53 eoi 0
+4655.539571705: grid210x_device byte send 79 eoi 0
+4655.539602706: grid210x_device byte send 73 eoi 0
+4655.539632707: grid210x_device byte send 74 eoi 0
+4655.539663708: grid210x_device byte send 65 eoi 0
+4655.539691709: grid210x_device byte send 6d eoi 0
+4655.539719709: grid210x_device byte send 20 eoi 0
+4655.539747710: grid210x_device byte send 44 eoi 0
+4655.539773711: grid210x_device byte send 69 eoi 0
+4655.539803712: grid210x_device byte send 73 eoi 0
+4655.539830713: grid210x_device byte send 6b eoi 0
+4655.539857714: grid210x_device byte send 21 eoi 0
+4655.539884715: grid210x_device byte send 21 eoi 0
+4655.539912716: grid210x_device byte send 00 eoi 0
+4655.539943717: grid210x_device byte send 00 eoi 0
+4655.539971718: grid210x_device byte send 00 eoi 0
+4655.539999719: grid210x_device byte send 00 eoi 0
+4655.540229726: grid210x_device byte send 00 eoi 0
+4655.540264727: grid210x_device byte send 00 eoi 0
+4655.540295728: grid210x_device byte send 00 eoi 0
+4655.540324729: grid210x_device byte send 00 eoi 0
+4655.540351730: grid210x_device byte send 00 eoi 0
+4655.540379731: grid210x_device byte send 00 eoi 0
+4655.540406732: grid210x_device byte send 00 eoi 0
+4655.540437733: grid210x_device byte send 00 eoi 0
+4655.540469734: grid210x_device byte send 00 eoi 0
+4655.540497735: grid210x_device byte send 00 eoi 0
+4655.540524736: grid210x_device byte send 00 eoi 0
+4655.540554737: grid210x_device byte send 00 eoi 0
+4655.540582737: grid210x_device byte send 00 eoi 0
+4655.540609738: grid210x_device byte send 00 eoi 0
+4655.540636739: grid210x_device byte send 00 eoi 0
+4655.540667740: grid210x_device byte send 00 eoi 0
+4655.540695741: grid210x_device byte send 00 eoi 0
+4655.540722742: grid210x_device byte send 00 eoi 0
+4655.540750743: grid210x_device byte send 00 eoi 0
+4655.540777744: grid210x_device byte send 00 eoi 0
+4655.540807745: grid210x_device byte send 00 eoi 0
+4655.540835746: grid210x_device byte send 00 eoi 0
+4655.540863747: grid210x_device byte send 00 eoi 0
+4655.540890747: grid210x_device byte send 00 eoi 0
+4655.541446765: grid210x_device byte send 00 eoi 0
+4655.541488767: grid210x_device byte send 00 eoi 0
+4655.541518768: grid210x_device byte send 00 eoi 0
+4655.541550769: grid210x_device byte send 00 eoi 0
+4655.541579770: grid210x_device byte send 00 eoi 0
+4655.541608771: grid210x_device byte send 00 eoi 0
+4655.541636772: grid210x_device byte send 00 eoi 0
+4655.541667773: grid210x_device byte send 00 eoi 0
+4655.541696773: grid210x_device byte send 00 eoi 0
+4655.541724774: grid210x_device byte send 00 eoi 0
+4655.541752775: grid210x_device byte send 00 eoi 0
+4655.541780776: grid210x_device byte send 00 eoi 0
+4655.541810777: grid210x_device byte send 00 eoi 0
+4655.541839778: grid210x_device byte send 00 eoi 0
+4655.541867779: grid210x_device byte send 00 eoi 0
+4655.541895780: grid210x_device byte send 00 eoi 0
+4655.541925781: grid210x_device byte send 00 eoi 0
+4655.541953782: grid210x_device byte send 00 eoi 0
+4655.541982783: grid210x_device byte send 00 eoi 0
+4655.542010784: grid210x_device byte send 00 eoi 0
+4655.542041785: grid210x_device byte send 00 eoi 0
+4655.542070786: grid210x_device byte send 00 eoi 0
+4655.542098786: grid210x_device byte send 00 eoi 0
+4655.542126787: grid210x_device byte send 00 eoi 0
+4655.542154788: grid210x_device byte send 00 eoi 0
+4655.542185789: grid210x_device byte send 00 eoi 0
+4655.542214790: grid210x_device byte send 00 eoi 0
+4655.542242791: grid210x_device byte send 00 eoi 0
+4655.542502800: grid210x_device byte send 00 eoi 0
+4655.542574802: grid210x_device byte send 00 eoi 0
+4655.542612803: grid210x_device byte send 00 eoi 0
+4655.542643804: grid210x_device byte send 00 eoi 0
+4655.542675805: grid210x_device byte send 00 eoi 0
+4655.542703806: grid210x_device byte send 00 eoi 0
+4655.542732807: grid210x_device byte send 00 eoi 0
+4655.542760808: grid210x_device byte send 00 eoi 0
+4655.542791809: grid210x_device byte send 00 eoi 0
+4655.542819810: grid210x_device byte send 00 eoi 0
+4655.542848811: grid210x_device byte send 00 eoi 0
+4655.542876812: grid210x_device byte send 00 eoi 0
+4655.542904813: grid210x_device byte send 00 eoi 0
+4655.542934814: grid210x_device byte send 00 eoi 0
+4655.542963814: grid210x_device byte send 00 eoi 0
+4655.542991815: grid210x_device byte send 00 eoi 0
+4655.543019816: grid210x_device byte send 00 eoi 0
+4655.543050817: grid210x_device byte send 00 eoi 0
+4655.543079818: grid210x_device byte send 00 eoi 0
+4655.543107819: grid210x_device byte send 00 eoi 0
+4655.543135820: grid210x_device byte send 00 eoi 0
+4655.543165821: grid210x_device byte send 00 eoi 0
+4655.543193822: grid210x_device byte send 00 eoi 0
+4655.543222823: grid210x_device byte send 00 eoi 0
+4655.543249824: grid210x_device byte send 00 eoi 0
+4655.543277825: grid210x_device byte send 00 eoi 0
+4655.543307826: grid210x_device byte send 00 eoi 0
+4655.543477831: grid210x_device byte send 00 eoi 0
+4655.543520833: grid210x_device byte send 00 eoi 0
+4655.543554834: grid210x_device byte send 00 eoi 0
+4655.543582835: grid210x_device byte send 00 eoi 0
+4655.543610835: grid210x_device byte send 00 eoi 0
+4655.543638836: grid210x_device byte send 00 eoi 0
+4655.543668837: grid210x_device byte send 00 eoi 0
+4655.543696838: grid210x_device byte send 00 eoi 0
+4655.543725839: grid210x_device byte send 00 eoi 0
+4655.543752840: grid210x_device byte send 00 eoi 0
+4655.543779841: grid210x_device byte send 00 eoi 0
+4655.543809842: grid210x_device byte send 00 eoi 0
+4655.543837843: grid210x_device byte send 00 eoi 0
+4655.543864844: grid210x_device byte send 00 eoi 0
+4655.543892845: grid210x_device byte send 00 eoi 0
+4655.543921845: grid210x_device byte send 00 eoi 0
+4655.543950846: grid210x_device byte send 00 eoi 0
+4655.543977847: grid210x_device byte send 00 eoi 0
+4655.544005848: grid210x_device byte send 00 eoi 0
+4655.544033849: grid210x_device byte send 00 eoi 0
+4655.544062850: grid210x_device byte send 00 eoi 0
+4655.544090851: grid210x_device byte send 00 eoi 0
+4655.544117852: grid210x_device byte send 00 eoi 0
+4655.544382860: grid210x_device byte send 00 eoi 0
+4655.544612868: grid210x_device byte send 00 eoi 0
+4655.544647869: grid210x_device byte send 00 eoi 0
+4655.544681870: grid210x_device byte send 00 eoi 0
+4655.544710871: grid210x_device byte send 00 eoi 0
+4655.544739872: grid210x_device byte send 00 eoi 0
+4655.544768873: grid210x_device byte send 00 eoi 0
+4655.544798874: grid210x_device byte send 00 eoi 0
+4655.544826875: grid210x_device byte send 00 eoi 0
+4655.544856876: grid210x_device byte send 00 eoi 0
+4655.544884877: grid210x_device byte send 00 eoi 0
+4655.544914878: grid210x_device byte send 00 eoi 0
+4655.544943879: grid210x_device byte send 00 eoi 0
+4655.544971879: grid210x_device byte send 00 eoi 0
+4655.544999880: grid210x_device byte send 00 eoi 0
+4655.545027881: grid210x_device byte send 00 eoi 0
+4655.545058882: grid210x_device byte send 00 eoi 0
+4655.545088883: grid210x_device byte send 00 eoi 0
+4655.545116884: grid210x_device byte send 00 eoi 0
+4655.545143885: grid210x_device byte send 00 eoi 0
+4655.545174886: grid210x_device byte send 00 eoi 0
+4655.545202887: grid210x_device byte send 00 eoi 0
+4655.545230888: grid210x_device byte send 00 eoi 0
+4655.545258889: grid210x_device byte send 00 eoi 0
+4655.545288890: grid210x_device byte send 00 eoi 0
+4655.545316891: grid210x_device byte send 00 eoi 0
+4655.545344892: grid210x_device byte send 00 eoi 0
+4655.545372892: grid210x_device byte send 00 eoi 0
+4655.545400893: grid210x_device byte send 00 eoi 0
+4655.545674902: grid210x_device byte send 00 eoi 0
+4655.545735904: grid210x_device byte send 00 eoi 0
+4655.545768905: grid210x_device byte send 00 eoi 0
+4655.545800906: grid210x_device byte send 00 eoi 0
+4655.545829907: grid210x_device byte send 00 eoi 0
+4655.545857908: grid210x_device byte send 00 eoi 0
+4655.545885909: grid210x_device byte send 00 eoi 0
+4655.545915910: grid210x_device byte send 00 eoi 0
+4655.545943911: grid210x_device byte send 00 eoi 0
+4655.545971912: grid210x_device byte send 00 eoi 0
+4655.546000913: grid210x_device byte send 00 eoi 0
+4655.546028914: grid210x_device byte send 00 eoi 0
+4655.546059915: grid210x_device byte send 00 eoi 0
+4655.546088916: grid210x_device byte send 00 eoi 0
+4655.546116917: grid210x_device byte send 00 eoi 0
+4655.546144917: grid210x_device byte send 00 eoi 0
+4655.546174918: grid210x_device byte send 00 eoi 0
+4655.546203919: grid210x_device byte send 00 eoi 0
+4655.546231920: grid210x_device byte send 00 eoi 0
+4655.546259921: grid210x_device byte send 00 eoi 0
+4655.546289922: grid210x_device byte send 00 eoi 0
+4655.546318923: grid210x_device byte send 00 eoi 0
+4655.546346924: grid210x_device byte send 00 eoi 0
+4655.546373925: grid210x_device byte send 00 eoi 0
+4655.546401926: grid210x_device byte send 00 eoi 0
+4655.546430927: grid210x_device byte send 00 eoi 0
+4655.546458928: grid210x_device byte send 00 eoi 0
+4655.546485928: grid210x_device byte send 00 eoi 0
+4655.546512929: grid210x_device byte send 00 eoi 0
+4655.546542930: grid210x_device byte send 00 eoi 0
+4655.546570931: grid210x_device byte send 00 eoi 0
+4655.546747937: grid210x_device byte send 00 eoi 0
+4655.546794938: grid210x_device byte send 00 eoi 0
+4655.546827940: grid210x_device byte send 00 eoi 0
+4655.546857941: grid210x_device byte send 00 eoi 0
+4655.546884941: grid210x_device byte send 00 eoi 0
+4655.546914942: grid210x_device byte send 00 eoi 0
+4655.546942943: grid210x_device byte send 00 eoi 0
+4655.546970944: grid210x_device byte send 00 eoi 0
+4655.546997945: grid210x_device byte send 00 eoi 0
+4655.547025946: grid210x_device byte send 00 eoi 0
+4655.547055947: grid210x_device byte send 00 eoi 0
+4655.547083948: grid210x_device byte send 00 eoi 0
+4655.547110949: grid210x_device byte send 00 eoi 0
+4655.547138950: grid210x_device byte send 00 eoi 0
+4655.547167951: grid210x_device byte send 00 eoi 0
+4655.547196951: grid210x_device byte send 00 eoi 0
+4655.547224952: grid210x_device byte send 00 eoi 0
+4655.547251953: grid210x_device byte send 00 eoi 0
+4655.547278954: grid210x_device byte send 00 eoi 0
+4655.547570964: grid210x_device byte send 00 eoi 0
+4655.547609965: grid210x_device byte send 00 eoi 0
+4655.547640966: grid210x_device byte send 00 eoi 0
+4655.547869973: grid210x_device byte send 00 eoi 0
+4655.547910975: grid210x_device byte send 00 eoi 0
+4655.547941976: grid210x_device byte send 00 eoi 0
+4655.547971977: grid210x_device byte send 00 eoi 0
+4655.547999977: grid210x_device byte send 00 eoi 0
+4655.548027978: grid210x_device byte send 00 eoi 0
+4655.548058979: grid210x_device byte send 00 eoi 0
+4655.548086980: grid210x_device byte send 00 eoi 0
+4655.548290987: grid210x_device byte send 00 eoi 0
+4655.548318988: grid210x_device byte send 00 eoi 0
+4655.548347989: grid210x_device byte send 00 eoi 0
+4655.548375990: grid210x_device byte send 00 eoi 0
+4655.548403991: grid210x_device byte send 00 eoi 0
+4655.548434992: grid210x_device byte send 00 eoi 0
+4655.548463992: grid210x_device byte send 00 eoi 0
+4655.548492993: grid210x_device byte send 00 eoi 0
+4655.548520994: grid210x_device byte send 00 eoi 0
+4655.548550995: grid210x_device byte send 00 eoi 0
+4655.548579996: grid210x_device byte send 00 eoi 0
+4655.548607997: grid210x_device byte send 00 eoi 0
+4655.548635998: grid210x_device byte send 00 eoi 0
+4655.548665999: grid210x_device byte send 00 eoi 0
+4655.548694000: grid210x_device byte send 00 eoi 0
+4655.548723001: grid210x_device byte send 00 eoi 0
+4655.548750002: grid210x_device byte send 00 eoi 0
+4655.548927007: grid210x_device byte send 00 eoi 0
+4655.548964009: grid210x_device byte send 00 eoi 0
+4655.548995010: grid210x_device byte send 00 eoi 0
+4655.549024011: grid210x_device byte send 00 eoi 0
+4655.549055012: grid210x_device byte send 00 eoi 0
+4655.549084013: grid210x_device byte send 00 eoi 0
+4655.549112013: grid210x_device byte send 00 eoi 0
+4655.549141014: grid210x_device byte send 00 eoi 0
+4655.549171015: grid210x_device byte send 00 eoi 0
+4655.549200016: grid210x_device byte send 00 eoi 0
+4655.549228017: grid210x_device byte send 00 eoi 0
+4655.549257018: grid210x_device byte send 00 eoi 0
+4655.549287019: grid210x_device byte send 00 eoi 0
+4655.549317020: grid210x_device byte send 00 eoi 0
+4655.549344021: grid210x_device byte send 00 eoi 0
+4655.549373022: grid210x_device byte send 00 eoi 0
+4655.549402023: grid210x_device byte send 00 eoi 0
+4655.549432024: grid210x_device byte send 00 eoi 0
+4655.549461025: grid210x_device byte send 00 eoi 0
+4655.549489026: grid210x_device byte send 00 eoi 0
+4655.549518027: grid210x_device byte send 00 eoi 0
+4655.549548028: grid210x_device byte send 00 eoi 0
+4655.549577029: grid210x_device byte send 00 eoi 0
+4655.549605029: grid210x_device byte send 00 eoi 0
+4655.549633030: grid210x_device byte send 00 eoi 0
+4655.549663031: grid210x_device byte send 00 eoi 0
+4655.549691032: grid210x_device byte send 00 eoi 0
+4655.549719033: grid210x_device byte send 00 eoi 0
+4655.549746034: grid210x_device byte send 00 eoi 0
+4655.549774035: grid210x_device byte send 00 eoi 0
+4655.549804036: grid210x_device byte send 00 eoi 0
+4655.549969041: grid210x_device byte send 00 eoi 0
+4655.550077045: grid210x_device byte send 00 eoi 0
+4655.550120046: grid210x_device byte send 00 eoi 0
+4655.550151047: grid210x_device byte send 00 eoi 0
+4655.550182048: grid210x_device byte send 00 eoi 0
+4655.550210049: grid210x_device byte send 00 eoi 0
+4655.550238050: grid210x_device byte send 00 eoi 0
+4655.550266051: grid210x_device byte send 00 eoi 0
+4655.550296052: grid210x_device byte send 00 eoi 0
+4655.550325053: grid210x_device byte send 00 eoi 0
+4655.550353054: grid210x_device byte send 00 eoi 0
+4655.550381055: grid210x_device byte send 00 eoi 0
+4655.550460057: grid210x_device byte send 00 eoi 0
+4655.550499058: grid210x_device byte send 00 eoi 0
+4655.550530059: grid210x_device byte send 00 eoi 0
+4655.550603062: grid210x_device byte send 00 eoi 0
+4655.550635063: grid210x_device byte send 00 eoi 0
+4655.550667064: grid210x_device byte send 00 eoi 0
+4655.550695065: grid210x_device byte send 00 eoi 0
+4655.550723066: grid210x_device byte send 00 eoi 0
+4655.551276084: grid210x_device byte send 00 eoi 0
+4655.551321085: grid210x_device byte send 00 eoi 0
+4655.551352086: grid210x_device byte send 00 eoi 0
+4655.551381087: grid210x_device byte send 00 eoi 0
+4655.551412088: grid210x_device byte send 00 eoi 0
+4655.551441089: grid210x_device byte send 00 eoi 0
+4655.551469090: grid210x_device byte send 00 eoi 0
+4655.551498091: grid210x_device byte send 00 eoi 0
+4655.551526092: grid210x_device byte send 00 eoi 0
+4655.551557093: grid210x_device byte send 00 eoi 0
+4655.551585094: grid210x_device byte send 00 eoi 0
+4655.551613094: grid210x_device byte send 00 eoi 0
+4655.551641095: grid210x_device byte send 00 eoi 0
+4655.551672096: grid210x_device byte send 00 eoi 0
+4655.551700097: grid210x_device byte send 00 eoi 0
+4655.551729098: grid210x_device byte send 00 eoi 0
+4655.551757099: grid210x_device byte send 00 eoi 0
+4655.551787100: grid210x_device byte send 00 eoi 0
+4655.551816101: grid210x_device byte send 00 eoi 0
+4655.551845102: grid210x_device byte send 00 eoi 0
+4655.551873103: grid210x_device byte send 00 eoi 0
+4655.551901104: grid210x_device byte send 00 eoi 0
+4655.551932105: grid210x_device byte send 00 eoi 0
+4655.551960106: grid210x_device byte send 00 eoi 0
+4655.552167112: grid210x_device byte send 00 eoi 0
+4655.552214114: grid210x_device byte send 00 eoi 0
+4655.552246115: grid210x_device byte send 00 eoi 0
+4655.552276116: grid210x_device byte send 00 eoi 0
+4655.552306117: grid210x_device byte send 00 eoi 0
+4655.552335118: grid210x_device byte send 00 eoi 0
+4655.552363119: grid210x_device byte send 00 eoi 0
+4655.552391120: grid210x_device byte send 00 eoi 0
+4655.552421121: grid210x_device byte send 00 eoi 0
+4655.552450122: grid210x_device byte send 00 eoi 0
+4655.552478122: grid210x_device byte send 00 eoi 0
+4655.552506123: grid210x_device byte send 00 eoi 0
+4655.552536124: grid210x_device byte send 00 eoi 0
+4655.552565125: grid210x_device byte send 00 eoi 0
+4655.552594126: grid210x_device byte send 00 eoi 0
+4655.552622127: grid210x_device byte send 00 eoi 0
+4655.552650128: grid210x_device byte send 00 eoi 0
+4655.552682129: grid210x_device byte send 00 eoi 0
+4655.552710130: grid210x_device byte send 00 eoi 0
+4655.552738131: grid210x_device byte send 00 eoi 0
+4655.552766132: grid210x_device byte send 00 eoi 0
+4655.552796133: grid210x_device byte send 00 eoi 0
+4655.552824134: grid210x_device byte send 00 eoi 0
+4655.552853135: grid210x_device byte send 00 eoi 0
+4655.552881135: grid210x_device byte send 00 eoi 0
+4655.552911136: grid210x_device byte send 00 eoi 0
+4655.552940137: grid210x_device byte send 00 eoi 0
+4655.552967138: grid210x_device byte send 00 eoi 0
+4655.552995139: grid210x_device byte send 00 eoi 0
+4655.553023140: grid210x_device byte send 00 eoi 0
+4655.553052141: grid210x_device byte send 00 eoi 0
+4655.553081142: grid210x_device byte send 00 eoi 0
+4655.553251147: grid210x_device byte send 00 eoi 0
+4655.553286149: grid210x_device byte send 00 eoi 0
+4655.553317150: grid210x_device byte send 00 eoi 0
+4655.553346151: grid210x_device byte send 00 eoi 0
+4655.553373151: grid210x_device byte send 00 eoi 0
+4655.553400152: grid210x_device byte send 00 eoi 0
+4655.553430153: grid210x_device byte send 00 eoi 0
+4655.553457154: grid210x_device byte send 00 eoi 0
+4655.553485155: grid210x_device byte send 00 eoi 0
+4655.553513156: grid210x_device byte send 00 eoi 0
+4655.553542157: grid210x_device byte send 00 eoi 0
+4655.553570158: grid210x_device byte send 00 eoi 0
+4655.553598159: grid210x_device byte send 00 eoi 0
+4655.553625160: grid210x_device byte send 00 eoi 0
+4655.553652160: grid210x_device byte send 00 eoi 0
+4655.553683161: grid210x_device byte send 00 eoi 0
+4655.553711162: grid210x_device byte send 00 eoi 0
+4655.553739163: grid210x_device byte send 00 eoi 0
+4655.553766164: grid210x_device byte send 00 eoi 0
+4655.553796165: grid210x_device byte send 00 eoi 0
+4655.553824166: grid210x_device byte send 00 eoi 0
+4655.553851167: grid210x_device byte send 00 eoi 0
+4655.553878168: grid210x_device byte send 00 eoi 0
+4655.554331182: grid210x_device byte send 00 eoi 0
+4655.554382184: grid210x_device byte send 00 eoi 0
+4655.554416185: grid210x_device byte send 00 eoi 0
+4655.554447186: grid210x_device byte send 00 eoi 0
+4655.554476187: grid210x_device byte send 00 eoi 0
+4655.554504188: grid210x_device byte send 00 eoi 0
+4655.554534189: grid210x_device byte send 00 eoi 0
+4655.554563190: grid210x_device byte send 00 eoi 0
+4655.554591191: grid210x_device byte send 00 eoi 0
+4655.554619192: grid210x_device byte send 00 eoi 0
+4655.554647193: grid210x_device byte send 00 eoi 0
+4655.554678194: grid210x_device byte send 00 eoi 0
+4655.554707195: grid210x_device byte send 00 eoi 0
+4655.554736195: grid210x_device byte send 00 eoi 0
+4655.554764196: grid210x_device byte send 00 eoi 0
+4655.554794197: grid210x_device byte send 00 eoi 0
+4655.554823198: grid210x_device byte send 00 eoi 0
+4655.554852199: grid210x_device byte send 00 eoi 0
+4655.554880200: grid210x_device byte send 00 eoi 0
+4655.554909201: grid210x_device byte send 00 eoi 0
+4655.554939202: grid210x_device byte send 00 eoi 0
+4655.554968203: grid210x_device byte send 00 eoi 0
+4655.554996204: grid210x_device byte send 00 eoi 0
+4655.555024205: grid210x_device byte send 00 eoi 0
+4655.555054206: grid210x_device byte send 00 eoi 0
+4655.555083207: grid210x_device byte send 00 eoi 0
+4655.555112208: grid210x_device byte send 00 eoi 0
+4655.555140209: grid210x_device byte send 00 eoi 0
+4655.555171210: grid210x_device byte send 00 eoi 0
+4655.555200211: grid210x_device byte send 00 eoi 0
+4655.555228211: grid210x_device byte send 00 eoi 0
+4655.555389217: grid210x_device byte send 00 eoi 0
+4655.555434218: grid210x_device byte send 00 eoi 0
+4655.555465219: grid210x_device byte send 00 eoi 0
+4655.555494220: grid210x_device byte send 00 eoi 0
+4655.555522221: grid210x_device byte send 00 eoi 0
+4655.555552222: grid210x_device byte send 00 eoi 0
+4655.555581223: grid210x_device byte send 00 eoi 0
+4655.555610224: grid210x_device byte send 00 eoi 0
+4655.555639225: grid210x_device byte send 00 eoi 0
+4655.555669226: grid210x_device byte send 00 eoi 0
+4655.555698227: grid210x_device byte send 00 eoi 0
+4655.555726228: grid210x_device byte send 00 eoi 0
+4655.555754228: grid210x_device byte send 00 eoi 0
+4655.555783229: grid210x_device byte send 00 eoi 0
+4655.555813230: grid210x_device byte send 00 eoi 0
+4655.555841231: grid210x_device byte send 00 eoi 0
+4655.555869232: grid210x_device byte send 00 eoi 0
+4655.555897233: grid210x_device byte send 00 eoi 0
+4655.555927234: grid210x_device byte send 00 eoi 0
+4655.555955235: grid210x_device byte send 00 eoi 0
+4655.555994236: grid210x_device byte send 00 eoi 0
+4655.556024237: grid210x_device byte send 00 eoi 0
+4655.556055238: grid210x_device byte send 00 eoi 0
+4655.556083239: grid210x_device byte send 00 eoi 0
+4655.556112240: grid210x_device byte send 00 eoi 0
+4655.556140241: grid210x_device byte send 00 eoi 0
+4655.556172242: grid210x_device byte send 00 eoi 0
+4655.556202243: grid210x_device byte send 00 eoi 0
+4655.556230244: grid210x_device byte send 00 eoi 0
+4655.556258245: grid210x_device byte send 00 eoi 0
+4655.556288246: grid210x_device byte send 00 eoi 0
+4655.556483252: grid210x_device byte send 00 eoi 0
+4655.556516253: grid210x_device byte send 00 eoi 0
+4655.556549254: grid210x_device byte send 00 eoi 0
+4655.556577255: grid210x_device byte send 00 eoi 0
+4655.556606256: grid210x_device byte send 00 eoi 0
+4655.556633257: grid210x_device byte send 00 eoi 0
+4655.556663258: grid210x_device byte send 00 eoi 0
+4655.556693259: grid210x_device byte send 00 eoi 0
+4655.556721260: grid210x_device byte send 00 eoi 0
+4655.556749261: grid210x_device byte send 00 eoi 0
+4655.556776262: grid210x_device byte send 00 eoi 0
+4655.556807263: grid210x_device byte send 00 eoi 0
+4655.556834263: grid210x_device byte send 00 eoi 0
+4655.556863264: grid210x_device byte send 00 eoi 0
+4655.556891265: grid210x_device byte send 00 eoi 0
+4655.556920266: grid210x_device byte send 00 eoi 0
+4655.556949267: grid210x_device byte send 00 eoi 0
+4655.557262277: grid210x_device byte send 00 eoi 0
+4655.557304279: grid210x_device byte send 00 eoi 0
+4655.557334280: grid210x_device byte send 00 eoi 0
+4655.557419282: grid210x_device byte send 00 eoi 0
+4655.557591288: grid210x_device byte send 00 eoi 0
+4655.557625289: grid210x_device byte send 00 eoi 0
+4655.557655290: grid210x_device byte send 00 eoi 0
+4655.557688291: grid210x_device byte send 00 eoi 0
+4655.557717292: grid210x_device byte send 00 eoi 0
+4655.557746293: grid210x_device byte send 00 eoi 0
+4655.557774294: grid210x_device byte send 00 eoi 0
+4655.557804295: grid210x_device byte send 00 eoi 0
+4655.557833296: grid210x_device byte send 00 eoi 0
+4655.557861297: grid210x_device byte send 00 eoi 0
+4655.557889298: grid210x_device byte send 00 eoi 0
+4655.557920299: grid210x_device byte send 00 eoi 0
+4655.557949299: grid210x_device byte send 00 eoi 0
+4655.557977300: grid210x_device byte send 00 eoi 0
+4655.558006301: grid210x_device byte send 00 eoi 0
+4655.558035302: grid210x_device byte send 00 eoi 0
+4655.558065303: grid210x_device byte send 00 eoi 0
+4655.558093304: grid210x_device byte send 00 eoi 0
+4655.558122305: grid210x_device byte send 00 eoi 0
+4655.558150306: grid210x_device byte send 00 eoi 0
+4655.558181307: grid210x_device byte send 00 eoi 0
+4655.558210308: grid210x_device byte send 00 eoi 0
+4655.558239309: grid210x_device byte send 00 eoi 0
+4655.558268310: grid210x_device byte send 00 eoi 0
+4655.558298311: grid210x_device byte send 00 eoi 0
+4655.558327312: grid210x_device byte send 00 eoi 0
+4655.558356313: grid210x_device byte send 00 eoi 0
+4655.558384314: grid210x_device byte send 00 eoi 0
+4655.558643322: grid210x_device byte send 00 eoi 0
+4655.558699324: grid210x_device byte send 00 eoi 0
+4655.558732325: grid210x_device byte send 00 eoi 0
+4655.558762326: grid210x_device byte send 00 eoi 0
+4655.558793327: grid210x_device byte send 00 eoi 0
+4655.558822328: grid210x_device byte send 00 eoi 0
+4655.558851329: grid210x_device byte send 00 eoi 0
+4655.558880330: grid210x_device byte send 00 eoi 0
+4655.558910331: grid210x_device byte send 00 eoi 0
+4655.558941332: grid210x_device byte send 00 eoi 0
+4655.558969332: grid210x_device byte send 00 eoi 0
+4655.558998333: grid210x_device byte send 00 eoi 0
+4655.559027334: grid210x_device byte send 00 eoi 0
+4655.559058335: grid210x_device byte send 00 eoi 0
+4655.559087336: grid210x_device byte send 00 eoi 0
+4655.559115337: grid210x_device byte send 00 eoi 0
+4655.559144338: grid210x_device byte send 00 eoi 0
+4655.559175339: grid210x_device byte send 00 eoi 0
+4655.559204340: grid210x_device byte send 00 eoi 0
+4655.559233341: grid210x_device byte send 00 eoi 0
+4655.559260342: grid210x_device byte send 00 eoi 0
+4655.559290343: grid210x_device byte send 00 eoi 0
+4655.559318344: grid210x_device byte send 00 eoi 0
+4655.559346345: grid210x_device byte send 00 eoi 0
+4655.559373346: grid210x_device byte send 00 eoi 0
+4655.559402347: grid210x_device byte send 00 eoi 0
+4655.559432347: grid210x_device byte send 00 eoi 0
+4655.559461348: grid210x_device byte send 00 eoi 0
+4655.559489349: grid210x_device byte send 00 eoi 0
+4655.559516350: grid210x_device byte send 00 eoi 0
+4655.559546351: grid210x_device byte send 00 eoi 0
+4655.559713357: grid210x_device byte send 00 eoi 0
+4655.559757358: grid210x_device byte send 00 eoi 0
+4655.559792359: grid210x_device byte send 00 eoi 0
+4655.559821360: grid210x_device byte send 00 eoi 0
+4655.559850361: grid210x_device byte send 00 eoi 0
+4655.559878362: grid210x_device byte send 00 eoi 0
+4655.559905363: grid210x_device byte send 00 eoi 0
+4655.559935364: grid210x_device byte send 00 eoi 0
+4655.559963365: grid210x_device byte send 00 eoi 0
+4655.559992366: grid210x_device byte send 00 eoi 0
+4655.560097369: grid210x_device byte send 00 eoi 0
+4655.560133370: grid210x_device byte send 00 eoi 0
+4655.560164371: grid210x_device byte send 00 eoi 0
+4655.560194372: grid210x_device byte send 00 eoi 1
+4655.560761390: grid210x_device byte recv 5f atn 1 eoi 0
+4655.561079401: grid210x_device now not talking
+4655.563400476: grid210x_device byte recv 25 atn 1 eoi 0
+4655.563442477: grid210x_device now listening
+4655.566090563: grid210x_device byte recv 14 atn 1 eoi 0
+4656.108204104: grid210x_device byte recv 25 atn 1 eoi 0
+4656.108254105: grid210x_device now listening
+4656.109603149: grid210x_device byte recv 04 atn 0 eoi 0
+4656.109774154: grid210x_device byte recv 00 atn 0 eoi 0
+4656.109809156: grid210x_device byte recv 00 atn 0 eoi 0
+4656.109834156: grid210x_device byte recv 21 atn 0 eoi 0
+4656.109857157: grid210x_device byte recv 01 atn 0 eoi 0
+4656.109881158: grid210x_device byte recv 00 atn 0 eoi 0
+4656.109904159: grid210x_device byte recv 00 atn 0 eoi 0
+4656.109927159: grid210x_device byte recv 00 atn 0 eoi 0
+4656.109953160: grid210x_device byte recv 02 atn 0 eoi 0
+4656.111285203: grid210x_device byte recv 00 atn 0 eoi 1
+4656.111336205: grid210x_device byte recv 3f atn 1 eoi 0
+4656.111356206: grid210x_device now not listening
+4656.111368206: grid210x_device command 4, data size 512, sector no 289
+4656.112440241: grid210x_device byte recv 18 atn 1 eoi 0
+4656.112550244: grid210x_device byte recv 45 atn 1 eoi 0
+4656.112571245: grid210x_device now talking
+4656.112594246: grid210x_device byte send 4f eoi 0
+4656.112686249: grid210x_device byte recv 19 atn 1 eoi 0
+4656.112727250: grid210x_device byte recv 5f atn 1 eoi 0
+4656.112743250: grid210x_device now not talking
+4656.114288300: grid210x_device byte recv 45 atn 1 eoi 0
+4656.114327302: grid210x_device now talking
+4656.115311334: grid210x_device byte send 21 eoi 0
+4656.115812350: grid210x_device byte send 01 eoi 0
+4656.115847351: grid210x_device byte send 00 eoi 0
+4656.115878352: grid210x_device byte send 00 eoi 0
+4656.115906353: grid210x_device byte send f8 eoi 0
+4656.115935354: grid210x_device byte send 01 eoi 0
+4656.115964355: grid210x_device byte send 00 eoi 0
+4656.116112359: grid210x_device byte send 00 eoi 0
+4656.116161361: grid210x_device byte send 00 eoi 0
+4656.116198362: grid210x_device byte send 20 eoi 0
+4656.116226363: grid210x_device byte send 20 eoi 0
+4656.116254364: grid210x_device byte send 20 eoi 0
+4656.116283365: grid210x_device byte send 20 eoi 0
+4656.116312366: grid210x_device byte send 20 eoi 0
+4656.116340367: grid210x_device byte send 20 eoi 0
+4656.116368368: grid210x_device byte send 20 eoi 0
+4656.116396369: grid210x_device byte send 20 eoi 0
+4656.116423369: grid210x_device byte send 20 eoi 0
+4656.116453370: grid210x_device byte send 20 eoi 0
+4656.116481371: grid210x_device byte send 20 eoi 0
+4656.116509372: grid210x_device byte send 20 eoi 0
+4656.116536373: grid210x_device byte send 20 eoi 0
+4656.116566374: grid210x_device byte send 20 eoi 0
+4656.116594375: grid210x_device byte send 20 eoi 0
+4656.116621376: grid210x_device byte send 20 eoi 0
+4656.116648377: grid210x_device byte send 20 eoi 0
+4656.116676378: grid210x_device byte send 20 eoi 0
+4656.116706379: grid210x_device byte send 20 eoi 0
+4656.116733380: grid210x_device byte send 20 eoi 0
+4656.116761380: grid210x_device byte send 20 eoi 0
+4656.116788381: grid210x_device byte send 20 eoi 0
+4656.116818382: grid210x_device byte send 20 eoi 0
+4656.116845383: grid210x_device byte send 20 eoi 0
+4656.116873384: grid210x_device byte send 20 eoi 0
+4656.116900385: grid210x_device byte send 20 eoi 0
+4656.116929386: grid210x_device byte send 20 eoi 0
+4656.116957387: grid210x_device byte send 20 eoi 0
+4656.116985388: grid210x_device byte send 20 eoi 0
+4656.117011389: grid210x_device byte send 20 eoi 0
+4656.117039389: grid210x_device byte send 20 eoi 0
+4656.117220395: grid210x_device byte send 20 eoi 0
+4656.117257396: grid210x_device byte send 20 eoi 0
+4656.117286397: grid210x_device byte send 20 eoi 0
+4656.117316398: grid210x_device byte send 20 eoi 0
+4656.117345399: grid210x_device byte send 20 eoi 0
+4656.117372400: grid210x_device byte send 20 eoi 0
+4656.117400401: grid210x_device byte send 20 eoi 0
+4656.117429402: grid210x_device byte send 20 eoi 0
+4656.117457403: grid210x_device byte send 20 eoi 0
+4656.117792414: grid210x_device byte send 20 eoi 0
+4656.117834415: grid210x_device byte send 20 eoi 0
+4656.117865416: grid210x_device byte send 20 eoi 0
+4656.117894417: grid210x_device byte send 20 eoi 0
+4656.117922418: grid210x_device byte send 20 eoi 0
+4656.117953419: grid210x_device byte send 20 eoi 0
+4656.117981420: grid210x_device byte send 20 eoi 0
+4656.118009421: grid210x_device byte send 20 eoi 0
+4656.118037422: grid210x_device byte send 20 eoi 0
+4656.118066423: grid210x_device byte send 20 eoi 0
+4656.118288430: grid210x_device byte send 20 eoi 0
+4656.118339431: grid210x_device byte send 20 eoi 0
+4656.118370432: grid210x_device byte send 20 eoi 0
+4656.118398433: grid210x_device byte send 20 eoi 0
+4656.118426434: grid210x_device byte send 20 eoi 0
+4656.118519437: grid210x_device byte send 20 eoi 0
+4656.118550438: grid210x_device byte send 20 eoi 0
+4656.118622441: grid210x_device byte send 20 eoi 0
+4656.118654442: grid210x_device byte send 20 eoi 0
+4656.118686443: grid210x_device byte send 20 eoi 0
+4656.118714444: grid210x_device byte send 20 eoi 0
+4656.118742445: grid210x_device byte send 20 eoi 0
+4656.118769445: grid210x_device byte send 20 eoi 0
+4656.118797446: grid210x_device byte send 20 eoi 0
+4656.118827447: grid210x_device byte send 20 eoi 0
+4656.118854448: grid210x_device byte send 20 eoi 0
+4656.118882449: grid210x_device byte send 20 eoi 0
+4656.118910450: grid210x_device byte send 20 eoi 0
+4656.118939451: grid210x_device byte send 20 eoi 0
+4656.118966452: grid210x_device byte send 20 eoi 0
+4656.118994453: grid210x_device byte send 20 eoi 0
+4656.119021454: grid210x_device byte send 20 eoi 0
+4656.119049454: grid210x_device byte send 20 eoi 0
+4656.119080455: grid210x_device byte send 20 eoi 0
+4656.119108456: grid210x_device byte send 20 eoi 0
+4656.119136457: grid210x_device byte send 20 eoi 0
+4656.119162458: grid210x_device byte send 20 eoi 0
+4656.119192459: grid210x_device byte send 20 eoi 0
+4656.119362465: grid210x_device byte send 20 eoi 0
+4656.119665474: grid210x_device byte send 20 eoi 0
+4656.119709476: grid210x_device byte send bf eoi 0
+4656.119738477: grid210x_device byte send 07 eoi 0
+4656.119771478: grid210x_device byte send 01 eoi 0
+4656.119799479: grid210x_device byte send 10 eoi 0
+4656.119831480: grid210x_device byte send 0c eoi 0
+4656.119859481: grid210x_device byte send 2d eoi 0
+4656.119887482: grid210x_device byte send 3b eoi 0
+4656.119914482: grid210x_device byte send 04 eoi 0
+4656.119944483: grid210x_device byte send 02 eoi 0
+4656.119973484: grid210x_device byte send 10 eoi 0
+4656.120093488: grid210x_device byte send 00 eoi 0
+4656.120136490: grid210x_device byte send 21 eoi 0
+4656.120167491: grid210x_device byte send 01 eoi 0
+4656.120199492: grid210x_device byte send bf eoi 0
+4656.120227493: grid210x_device byte send 07 eoi 0
+4656.120256493: grid210x_device byte send 01 eoi 0
+4656.120450500: grid210x_device byte send 10 eoi 0
+4656.120492501: grid210x_device byte send 0c eoi 0
+4656.120523502: grid210x_device byte send 33 eoi 0
+4656.120552503: grid210x_device byte send 36 eoi 0
+4656.120582504: grid210x_device byte send 07 eoi 0
+4656.120611505: grid210x_device byte send 02 eoi 0
+4656.120639506: grid210x_device byte send 10 eoi 0
+4656.120666507: grid210x_device byte send 00 eoi 0
+4656.120696508: grid210x_device byte send 00 eoi 0
+4656.120725509: grid210x_device byte send 00 eoi 0
+4656.120752510: grid210x_device byte send 00 eoi 0
+4656.120780510: grid210x_device byte send 00 eoi 0
+4656.120810511: grid210x_device byte send 00 eoi 0
+4656.120839512: grid210x_device byte send 00 eoi 0
+4656.120867513: grid210x_device byte send 00 eoi 0
+4656.120895514: grid210x_device byte send 00 eoi 0
+4656.120923515: grid210x_device byte send 00 eoi 0
+4656.120954516: grid210x_device byte send 00 eoi 0
+4656.120982517: grid210x_device byte send 00 eoi 0
+4656.121009518: grid210x_device byte send 00 eoi 0
+4656.121037519: grid210x_device byte send 00 eoi 0
+4656.121066520: grid210x_device byte send 00 eoi 0
+4656.121094521: grid210x_device byte send 00 eoi 0
+4656.121603537: grid210x_device byte send 00 eoi 0
+4656.121643538: grid210x_device byte send 00 eoi 0
+4656.121675539: grid210x_device byte send 01 eoi 0
+4656.121707540: grid210x_device byte send 05 eoi 0
+4656.121736541: grid210x_device byte send 29 eoi 0
+4656.121764542: grid210x_device byte send ff eoi 0
+4656.121792543: grid210x_device byte send 47 eoi 0
+4656.121821544: grid210x_device byte send c7 eoi 0
+4656.121849545: grid210x_device byte send 17 eoi 0
+4656.121876546: grid210x_device byte send 00 eoi 0
+4656.121904547: grid210x_device byte send 00 eoi 0
+4656.121935548: grid210x_device byte send 00 eoi 0
+4656.121965549: grid210x_device byte send 01 eoi 0
+4656.121994550: grid210x_device byte send 00 eoi 0
+4656.122022551: grid210x_device byte send 00 eoi 0
+4656.122051552: grid210x_device byte send 00 eoi 0
+4656.122082553: grid210x_device byte send 00 eoi 0
+4656.122111553: grid210x_device byte send 00 eoi 0
+4656.122139554: grid210x_device byte send 00 eoi 0
+4656.122168555: grid210x_device byte send 00 eoi 0
+4656.122197556: grid210x_device byte send 00 eoi 0
+4656.122226557: grid210x_device byte send 00 eoi 0
+4656.122254558: grid210x_device byte send 00 eoi 0
+4656.122282559: grid210x_device byte send 00 eoi 0
+4656.122313560: grid210x_device byte send 00 eoi 0
+4656.122342561: grid210x_device byte send 00 eoi 0
+4656.122370562: grid210x_device byte send 00 eoi 0
+4656.122399563: grid210x_device byte send 00 eoi 0
+4656.122431564: grid210x_device byte send 00 eoi 0
+4656.122628570: grid210x_device byte send 00 eoi 0
+4656.122681572: grid210x_device byte send 00 eoi 0
+4656.122717573: grid210x_device byte send 00 eoi 0
+4656.122748574: grid210x_device byte send 00 eoi 0
+4656.122778575: grid210x_device byte send 00 eoi 0
+4656.122809576: grid210x_device byte send 00 eoi 0
+4656.122838577: grid210x_device byte send 00 eoi 0
+4656.122867578: grid210x_device byte send 00 eoi 0
+4656.122895579: grid210x_device byte send 00 eoi 0
+4656.122924580: grid210x_device byte send 00 eoi 0
+4656.122955581: grid210x_device byte send 00 eoi 0
+4656.122984582: grid210x_device byte send 00 eoi 0
+4656.123012583: grid210x_device byte send 00 eoi 0
+4656.123041584: grid210x_device byte send 00 eoi 0
+4656.123071585: grid210x_device byte send 00 eoi 0
+4656.123101586: grid210x_device byte send 00 eoi 0
+4656.123129586: grid210x_device byte send 00 eoi 0
+4656.123157587: grid210x_device byte send 00 eoi 0
+4656.123188588: grid210x_device byte send 00 eoi 0
+4656.123217589: grid210x_device byte send 00 eoi 0
+4656.123246590: grid210x_device byte send 00 eoi 0
+4656.123274591: grid210x_device byte send 00 eoi 0
+4656.123304592: grid210x_device byte send 00 eoi 0
+4656.123332593: grid210x_device byte send 00 eoi 0
+4656.123360594: grid210x_device byte send 00 eoi 0
+4656.123388595: grid210x_device byte send 00 eoi 0
+4656.123416596: grid210x_device byte send 00 eoi 0
+4656.123446597: grid210x_device byte send 00 eoi 0
+4656.123475598: grid210x_device byte send 00 eoi 0
+4656.123503599: grid210x_device byte send 00 eoi 0
+4656.123531599: grid210x_device byte send 00 eoi 0
+4656.123707605: grid210x_device byte send 00 eoi 0
+4656.123744606: grid210x_device byte send 00 eoi 0
+4656.123775607: grid210x_device byte send 00 eoi 0
+4656.123805608: grid210x_device byte send 00 eoi 0
+4656.123834609: grid210x_device byte send 00 eoi 0
+4656.123863610: grid210x_device byte send 00 eoi 0
+4656.123891611: grid210x_device byte send 00 eoi 0
+4656.123919612: grid210x_device byte send 00 eoi 0
+4656.123949613: grid210x_device byte send 00 eoi 0
+4656.123978614: grid210x_device byte send 00 eoi 0
+4656.124006615: grid210x_device byte send 00 eoi 0
+4656.124034616: grid210x_device byte send 00 eoi 0
+4656.124238622: grid210x_device byte send 00 eoi 0
+4656.124266623: grid210x_device byte send 00 eoi 0
+4656.124294624: grid210x_device byte send 1f eoi 0
+4656.124323625: grid210x_device byte send 40 eoi 0
+4656.124351626: grid210x_device byte send 21 eoi 0
+4656.124379627: grid210x_device byte send 01 eoi 0
+4656.124406628: grid210x_device byte send 00 eoi 0
+4656.124871643: grid210x_device byte send 00 eoi 0
+4656.124908644: grid210x_device byte send d1 eoi 0
+4656.124941645: grid210x_device byte send 02 eoi 0
+4656.124970646: grid210x_device byte send ff eoi 0
+4656.124998647: grid210x_device byte send ff eoi 0
+4656.125026648: grid210x_device byte send 21 eoi 0
+4656.125055649: grid210x_device byte send 01 eoi 0
+4656.125084650: grid210x_device byte send ff eoi 0
+4656.125111651: grid210x_device byte send ff eoi 0
+4656.125139651: grid210x_device byte send 22 eoi 0
+4656.125166652: grid210x_device byte send 01 eoi 0
+4656.125196653: grid210x_device byte send ff eoi 0
+4656.125223654: grid210x_device byte send ff eoi 0
+4656.125250655: grid210x_device byte send ff eoi 0
+4656.125278656: grid210x_device byte send ff eoi 0
+4656.125307657: grid210x_device byte send ff eoi 0
+4656.125334658: grid210x_device byte send ff eoi 0
+4656.125361659: grid210x_device byte send ff eoi 0
+4656.125388660: grid210x_device byte send ff eoi 0
+4656.125415660: grid210x_device byte send ff eoi 0
+4656.125444661: grid210x_device byte send ff eoi 0
+4656.125471662: grid210x_device byte send ff eoi 0
+4656.125499663: grid210x_device byte send ff eoi 0
+4656.125525664: grid210x_device byte send ff eoi 0
+4656.125552665: grid210x_device byte send ff eoi 0
+4656.125581666: grid210x_device byte send ff eoi 0
+4656.125608667: grid210x_device byte send ff eoi 0
+4656.125635667: grid210x_device byte send ff eoi 0
+4656.125662668: grid210x_device byte send ff eoi 0
+4656.125692669: grid210x_device byte send ff eoi 0
+4656.125868675: grid210x_device byte send ff eoi 0
+4656.125909676: grid210x_device byte send ff eoi 0
+4656.125941677: grid210x_device byte send ff eoi 0
+4656.125969678: grid210x_device byte send ff eoi 0
+4656.125997679: grid210x_device byte send ff eoi 0
+4656.126024680: grid210x_device byte send ff eoi 0
+4656.126051681: grid210x_device byte send ff eoi 0
+4656.126080682: grid210x_device byte send ff eoi 0
+4656.126107683: grid210x_device byte send ff eoi 0
+4656.126134684: grid210x_device byte send ff eoi 0
+4656.126161685: grid210x_device byte send ff eoi 0
+4656.126191685: grid210x_device byte send ff eoi 0
+4656.126218686: grid210x_device byte send ff eoi 0
+4656.126245687: grid210x_device byte send ff eoi 0
+4656.126272688: grid210x_device byte send ff eoi 0
+4656.126299689: grid210x_device byte send ff eoi 0
+4656.126328690: grid210x_device byte send ff eoi 0
+4656.126356691: grid210x_device byte send ff eoi 0
+4656.126384692: grid210x_device byte send ff eoi 0
+4656.126410693: grid210x_device byte send ff eoi 0
+4656.126495695: grid210x_device byte send ff eoi 0
+4656.126531696: grid210x_device byte send ff eoi 0
+4656.126599699: grid210x_device byte send ff eoi 0
+4656.126634700: grid210x_device byte send ff eoi 0
+4656.126663701: grid210x_device byte send ff eoi 0
+4656.126693702: grid210x_device byte send ff eoi 0
+4656.126721703: grid210x_device byte send ff eoi 0
+4656.126749704: grid210x_device byte send ff eoi 0
+4656.126912709: grid210x_device byte send ff eoi 0
+4656.126960710: grid210x_device byte send ff eoi 0
+4656.126991711: grid210x_device byte send ff eoi 0
+4656.127020712: grid210x_device byte send ff eoi 0
+4656.127047713: grid210x_device byte send ff eoi 0
+4656.127077714: grid210x_device byte send ff eoi 0
+4656.127104715: grid210x_device byte send ff eoi 0
+4656.127131716: grid210x_device byte send ff eoi 0
+4656.127158717: grid210x_device byte send ff eoi 0
+4656.127187718: grid210x_device byte send ff eoi 0
+4656.127214719: grid210x_device byte send ff eoi 0
+4656.127241719: grid210x_device byte send ff eoi 0
+4656.127267720: grid210x_device byte send ff eoi 0
+4656.127294721: grid210x_device byte send ff eoi 0
+4656.127322722: grid210x_device byte send ff eoi 0
+4656.127349723: grid210x_device byte send ff eoi 0
+4656.127377724: grid210x_device byte send ff eoi 0
+4656.127403725: grid210x_device byte send ff eoi 0
+4656.127432726: grid210x_device byte send ff eoi 0
+4656.127460727: grid210x_device byte send ff eoi 0
+4656.127757736: grid210x_device byte send ff eoi 0
+4656.127795737: grid210x_device byte send ff eoi 0
+4656.127828738: grid210x_device byte send ff eoi 0
+4656.128067746: grid210x_device byte send ff eoi 0
+4656.128102747: grid210x_device byte send ff eoi 0
+4656.128130748: grid210x_device byte send ff eoi 0
+4656.128158749: grid210x_device byte send ff eoi 0
+4656.128186750: grid210x_device byte send ff eoi 0
+4656.128214751: grid210x_device byte send ff eoi 0
+4656.128242752: grid210x_device byte send ff eoi 0
+4656.128270753: grid210x_device byte send ff eoi 0
+4656.128297754: grid210x_device byte send ff eoi 0
+4656.128327755: grid210x_device byte send ff eoi 0
+4656.128354755: grid210x_device byte send ff eoi 0
+4656.128381756: grid210x_device byte send ff eoi 0
+4656.128408757: grid210x_device byte send ff eoi 0
+4656.128437758: grid210x_device byte send ff eoi 0
+4656.128465759: grid210x_device byte send ff eoi 0
+4656.128493760: grid210x_device byte send ff eoi 0
+4656.128520761: grid210x_device byte send ff eoi 0
+4656.128547762: grid210x_device byte send ff eoi 0
+4656.128577763: grid210x_device byte send ff eoi 0
+4656.128604764: grid210x_device byte send ff eoi 0
+4656.128631764: grid210x_device byte send ff eoi 0
+4656.128658765: grid210x_device byte send ff eoi 0
+4656.128688766: grid210x_device byte send ff eoi 0
+4656.128715767: grid210x_device byte send ff eoi 0
+4656.128743768: grid210x_device byte send ff eoi 0
+4656.128770769: grid210x_device byte send ff eoi 0
+4656.128797770: grid210x_device byte send ff eoi 0
+4656.128827771: grid210x_device byte send ff eoi 0
+4656.128854772: grid210x_device byte send ff eoi 0
+4656.128880772: grid210x_device byte send ff eoi 0
+4656.128907773: grid210x_device byte send ff eoi 0
+4656.128936774: grid210x_device byte send ff eoi 0
+4656.129101780: grid210x_device byte send ff eoi 0
+4656.129142781: grid210x_device byte send ff eoi 0
+4656.129171782: grid210x_device byte send ff eoi 0
+4656.129203783: grid210x_device byte send ff eoi 0
+4656.129230784: grid210x_device byte send ff eoi 0
+4656.129257785: grid210x_device byte send ff eoi 0
+4656.129283786: grid210x_device byte send ff eoi 0
+4656.129312786: grid210x_device byte send ff eoi 0
+4656.129340787: grid210x_device byte send ff eoi 0
+4656.129366788: grid210x_device byte send ff eoi 0
+4656.129393789: grid210x_device byte send ff eoi 0
+4656.129421790: grid210x_device byte send ff eoi 0
+4656.129451791: grid210x_device byte send ff eoi 0
+4656.129477792: grid210x_device byte send ff eoi 0
+4656.129505793: grid210x_device byte send ff eoi 0
+4656.129532794: grid210x_device byte send ff eoi 0
+4656.129561794: grid210x_device byte send ff eoi 0
+4656.129588795: grid210x_device byte send ff eoi 0
+4656.129615796: grid210x_device byte send ff eoi 0
+4656.129641797: grid210x_device byte send ff eoi 0
+4656.129667798: grid210x_device byte send ff eoi 0
+4656.129696799: grid210x_device byte send ff eoi 0
+4656.129724800: grid210x_device byte send ff eoi 0
+4656.129751801: grid210x_device byte send ff eoi 0
+4656.129777801: grid210x_device byte send ff eoi 0
+4656.129806802: grid210x_device byte send ff eoi 0
+4656.129833803: grid210x_device byte send ff eoi 0
+4656.129860804: grid210x_device byte send ff eoi 0
+4656.129887805: grid210x_device byte send ff eoi 0
+4656.129913806: grid210x_device byte send ff eoi 0
+4656.129941807: grid210x_device byte send ff eoi 0
+4656.129969808: grid210x_device byte send ff eoi 0
+4656.129995809: grid210x_device byte send ff eoi 0
+4656.130254817: grid210x_device byte send ff eoi 0
+4656.130290818: grid210x_device byte send ff eoi 0
+4656.130323819: grid210x_device byte send ff eoi 0
+4656.130350820: grid210x_device byte send ff eoi 0
+4656.130378821: grid210x_device byte send ff eoi 0
+4656.130404822: grid210x_device byte send ff eoi 0
+4656.130433823: grid210x_device byte send ff eoi 0
+4656.130459824: grid210x_device byte send ff eoi 0
+4656.130486824: grid210x_device byte send ff eoi 0
+4656.130512825: grid210x_device byte send ff eoi 0
+4656.130538826: grid210x_device byte send ff eoi 0
+4656.130860837: grid210x_device byte send ff eoi 0
+4656.130897838: grid210x_device byte send ff eoi 0
+4656.130926839: grid210x_device byte send ff eoi 0
+4656.130957840: grid210x_device byte send ff eoi 0
+4656.130985841: grid210x_device byte send ff eoi 0
+4656.131012841: grid210x_device byte send ff eoi 0
+4656.131040842: grid210x_device byte send ff eoi 0
+4656.131070843: grid210x_device byte send ff eoi 0
+4656.131097844: grid210x_device byte send ff eoi 0
+4656.131124845: grid210x_device byte send ff eoi 0
+4656.131346852: grid210x_device byte send ff eoi 0
+4656.131388854: grid210x_device byte send ff eoi 0
+4656.131419855: grid210x_device byte send ff eoi 0
+4656.131449856: grid210x_device byte send ff eoi 0
+4656.131477856: grid210x_device byte send ff eoi 0
+4656.131504857: grid210x_device byte send ff eoi 0
+4656.131531858: grid210x_device byte send ff eoi 0
+4656.131560859: grid210x_device byte send ff eoi 0
+4656.131587860: grid210x_device byte send ff eoi 0
+4656.131614861: grid210x_device byte send ff eoi 0
+4656.131641862: grid210x_device byte send ff eoi 0
+4656.131669863: grid210x_device byte send ff eoi 0
+4656.131699864: grid210x_device byte send ff eoi 0
+4656.131726865: grid210x_device byte send ff eoi 0
+4656.131753865: grid210x_device byte send ff eoi 0
+4656.131779866: grid210x_device byte send ff eoi 0
+4656.131808867: grid210x_device byte send ff eoi 0
+4656.131836868: grid210x_device byte send ff eoi 0
+4656.131863869: grid210x_device byte send ff eoi 0
+4656.131891870: grid210x_device byte send ff eoi 0
+4656.131917871: grid210x_device byte send ff eoi 0
+4656.131947872: grid210x_device byte send ff eoi 0
+4656.131974873: grid210x_device byte send ff eoi 0
+4656.132000873: grid210x_device byte send ff eoi 0
+4656.132027874: grid210x_device byte send ff eoi 0
+4656.132056875: grid210x_device byte send ff eoi 0
+4656.132084876: grid210x_device byte send ff eoi 0
+4656.132111877: grid210x_device byte send ff eoi 0
+4656.132138878: grid210x_device byte send ff eoi 0
+4656.132165879: grid210x_device byte send ff eoi 0
+4656.132195880: grid210x_device byte send ff eoi 0
+4656.132222881: grid210x_device byte send ff eoi 0
+4656.132372885: grid210x_device byte send ff eoi 0
+4656.132430887: grid210x_device byte send ff eoi 0
+4656.132462888: grid210x_device byte send ff eoi 0
+4656.132491889: grid210x_device byte send ff eoi 0
+4656.132519890: grid210x_device byte send ff eoi 0
+4656.132545891: grid210x_device byte send ff eoi 0
+4656.132576892: grid210x_device byte send ff eoi 0
+4656.132603893: grid210x_device byte send ff eoi 0
+4656.132631894: grid210x_device byte send ff eoi 0
+4656.132658895: grid210x_device byte send ff eoi 0
+4656.132687896: grid210x_device byte send ff eoi 0
+4656.132715897: grid210x_device byte send ff eoi 0
+4656.132742897: grid210x_device byte send ff eoi 0
+4656.132769898: grid210x_device byte send ff eoi 0
+4656.132796899: grid210x_device byte send ff eoi 0
+4656.132825900: grid210x_device byte send ff eoi 0
+4656.132852901: grid210x_device byte send ff eoi 0
+4656.132878902: grid210x_device byte send ff eoi 0
+4656.132906903: grid210x_device byte send ff eoi 0
+4656.132937904: grid210x_device byte send ff eoi 0
+4656.132964905: grid210x_device byte send ff eoi 0
+4656.132992905: grid210x_device byte send ff eoi 0
+4656.133018906: grid210x_device byte send ff eoi 0
+4656.133044907: grid210x_device byte send ff eoi 0
+4656.133072908: grid210x_device byte send ff eoi 0
+4656.133099909: grid210x_device byte send ff eoi 0
+4656.133125910: grid210x_device byte send ff eoi 0
+4656.133151911: grid210x_device byte send ff eoi 0
+4656.133179912: grid210x_device byte send ff eoi 0
+4656.133206912: grid210x_device byte send ff eoi 0
+4656.133233913: grid210x_device byte send ff eoi 0
+4656.133259914: grid210x_device byte send ff eoi 0
+4656.133286915: grid210x_device byte send ff eoi 0
+4656.133481921: grid210x_device byte send ff eoi 0
+4656.133517922: grid210x_device byte send ff eoi 0
+4656.133545923: grid210x_device byte send ff eoi 0
+4656.133574924: grid210x_device byte send ff eoi 0
+4656.133860934: grid210x_device byte send ff eoi 0
+4656.133898935: grid210x_device byte send ff eoi 0
+4656.133926936: grid210x_device byte send ff eoi 0
+4656.133956937: grid210x_device byte send ff eoi 0
+4656.133984938: grid210x_device byte send ff eoi 0
+4656.134011938: grid210x_device byte send ff eoi 0
+4656.134038939: grid210x_device byte send ff eoi 0
+4656.134066940: grid210x_device byte send ff eoi 0
+4656.134093941: grid210x_device byte send ff eoi 0
+4656.134120942: grid210x_device byte send ff eoi 0
+4656.134147943: grid210x_device byte send ff eoi 0
+4656.134174944: grid210x_device byte send ff eoi 0
+4656.134203945: grid210x_device byte send ff eoi 0
+4656.134231946: grid210x_device byte send ff eoi 0
+4656.134258946: grid210x_device byte send ff eoi 0
+4656.134285947: grid210x_device byte send ff eoi 0
+4656.134313948: grid210x_device byte send ff eoi 0
+4656.134340949: grid210x_device byte send ff eoi 0
+4656.134636959: grid210x_device byte send ff eoi 0
+4656.134690960: grid210x_device byte send ff eoi 0
+4656.134722961: grid210x_device byte send ff eoi 0
+4656.134750962: grid210x_device byte send ff eoi 0
+4656.134777963: grid210x_device byte send ff eoi 0
+4656.134805964: grid210x_device byte send ff eoi 0
+4656.134832965: grid210x_device byte send ff eoi 0
+4656.134859966: grid210x_device byte send ff eoi 0
+4656.134886967: grid210x_device byte send ff eoi 0
+4656.134912968: grid210x_device byte send ff eoi 0
+4656.134942969: grid210x_device byte send ff eoi 0
+4656.134969969: grid210x_device byte send ff eoi 0
+4656.134996970: grid210x_device byte send ff eoi 0
+4656.135023971: grid210x_device byte send ff eoi 0
+4656.135050972: grid210x_device byte send ff eoi 0
+4656.135079973: grid210x_device byte send ff eoi 0
+4656.135106974: grid210x_device byte send ff eoi 0
+4656.135132975: grid210x_device byte send ff eoi 0
+4656.135158976: grid210x_device byte send ff eoi 0
+4656.135187976: grid210x_device byte send ff eoi 0
+4656.135214977: grid210x_device byte send ff eoi 0
+4656.135242978: grid210x_device byte send ff eoi 0
+4656.135269979: grid210x_device byte send ff eoi 0
+4656.135296980: grid210x_device byte send ff eoi 0
+4656.135326981: grid210x_device byte send ff eoi 0
+4656.135353982: grid210x_device byte send ff eoi 0
+4656.135381983: grid210x_device byte send ff eoi 0
+4656.135408984: grid210x_device byte send ff eoi 0
+4656.135436985: grid210x_device byte send ff eoi 0
+4656.135463985: grid210x_device byte send ff eoi 0
+4656.135490986: grid210x_device byte send ff eoi 0
+4656.135517987: grid210x_device byte send ff eoi 0
+4656.135545988: grid210x_device byte send ff eoi 0
+4656.135720994: grid210x_device byte send ff eoi 0
+4656.135755995: grid210x_device byte send ff eoi 0
+4656.135784996: grid210x_device byte send ff eoi 0
+4656.135813997: grid210x_device byte send ff eoi 0
+4656.135841998: grid210x_device byte send ff eoi 0
+4656.135869999: grid210x_device byte send ff eoi 0
+4656.135896999: grid210x_device byte send ff eoi 0
+4656.135923000: grid210x_device byte send ff eoi 0
+4656.135952001: grid210x_device byte send ff eoi 0
+4656.135979002: grid210x_device byte send ff eoi 0
+4656.136006003: grid210x_device byte send ff eoi 0
+4656.136032004: grid210x_device byte send ff eoi 0
+4656.136061005: grid210x_device byte send ff eoi 0
+4656.136087006: grid210x_device byte send ff eoi 0
+4656.136114006: grid210x_device byte send ff eoi 0
+4656.136140007: grid210x_device byte send ff eoi 0
+4656.136167008: grid210x_device byte send ff eoi 0
+4656.136196009: grid210x_device byte send ff eoi 1
+4656.136747027: grid210x_device byte recv 5f atn 1 eoi 0
+4656.136778028: grid210x_device now not talking
+4656.139414113: grid210x_device byte recv 25 atn 1 eoi 0
+4656.139455115: grid210x_device now listening
+4657.195069254: grid210x_device byte recv 14 atn 1 eoi 0
+4657.737988807: grid210x_device byte recv 25 atn 1 eoi 0
+4657.738179813: grid210x_device now listening
+4657.739478855: grid210x_device byte recv 01 atn 0 eoi 0
+4657.739521856: grid210x_device byte recv 00 atn 0 eoi 0
+4657.743877997: grid210x_device byte recv 00 atn 0 eoi 0
+4657.743916998: grid210x_device byte recv 00 atn 0 eoi 0
+4657.743941999: grid210x_device byte recv 00 atn 0 eoi 0
+4657.744031002: grid210x_device byte recv 00 atn 0 eoi 0
+4657.744059003: grid210x_device byte recv 00 atn 0 eoi 0
+4657.744083004: grid210x_device byte recv 36 atn 0 eoi 0
+4657.744104005: grid210x_device byte recv 00 atn 0 eoi 0
+4657.745437048: grid210x_device byte recv 00 atn 0 eoi 1
+4657.745495049: grid210x_device byte recv 3f atn 1 eoi 0
+4657.745514050: grid210x_device now not listening
+4657.745526050: grid210x_device command 1, data size 54, sector no 0
+4657.747725122: grid210x_device byte recv 45 atn 1 eoi 0
+4657.747769123: grid210x_device now talking
+4657.748750155: grid210x_device byte send 00 eoi 0
+4657.749351174: grid210x_device byte send 02 eoi 0
+4657.749401176: grid210x_device byte send f8 eoi 0
+4657.749431177: grid210x_device byte send 01 eoi 0
+4657.749461178: grid210x_device byte send d0 eoi 0
+4657.749491179: grid210x_device byte send 02 eoi 0
+4657.749520180: grid210x_device byte send 01 eoi 0
+4657.749549181: grid210x_device byte send 20 eoi 0
+4657.749577181: grid210x_device byte send 01 eoi 0
+4657.749605182: grid210x_device byte send 21 eoi 0
+4657.749636183: grid210x_device byte send 01 eoi 0
+4657.749664184: grid210x_device byte send 01 eoi 0
+4657.749692185: grid210x_device byte send 00 eoi 0
+4657.749721186: grid210x_device byte send 00 eoi 0
+4657.749752187: grid210x_device byte send 34 eoi 0
+4657.749780188: grid210x_device byte send 38 eoi 0
+4657.749808189: grid210x_device byte send 20 eoi 0
+4657.749836190: grid210x_device byte send 54 eoi 0
+4657.749865191: grid210x_device byte send 50 eoi 0
+4657.749893192: grid210x_device byte send 49 eoi 0
+4657.749921193: grid210x_device byte send 20 eoi 0
+4657.749948193: grid210x_device byte send 44 eoi 0
+4657.749975194: grid210x_device byte send 53 eoi 0
+4657.750072197: grid210x_device byte send 20 eoi 0
+4657.750114199: grid210x_device byte send 44 eoi 0
+4657.750145200: grid210x_device byte send 44 eoi 0
+4657.750174201: grid210x_device byte send 20 eoi 0
+4657.750201202: grid210x_device byte send 46 eoi 0
+4657.750228203: grid210x_device byte send 4c eoi 0
+4657.750259204: grid210x_device byte send 4f eoi 0
+4657.750433209: grid210x_device byte send 50 eoi 0
+4657.750468210: grid210x_device byte send 50 eoi 0
+4657.750556213: grid210x_device byte send 59 eoi 0
+4657.750592214: grid210x_device byte send 20 eoi 0
+4657.750660216: grid210x_device byte send 20 eoi 0
+4657.750694218: grid210x_device byte send 20 eoi 0
+4657.750723219: grid210x_device byte send 20 eoi 0
+4657.750754220: grid210x_device byte send 33 eoi 0
+4657.750782220: grid210x_device byte send 30 eoi 0
+4657.750809221: grid210x_device byte send 30 eoi 0
+4657.750837222: grid210x_device byte send 32 eoi 0
+4657.750866223: grid210x_device byte send 33 eoi 0
+4657.750894224: grid210x_device byte send 37 eoi 0
+4657.750922225: grid210x_device byte send 2d eoi 0
+4657.750948226: grid210x_device byte send 30 eoi 0
+4657.750975227: grid210x_device byte send 30 eoi 0
+4657.751005228: grid210x_device byte send 00 eoi 0
+4657.751035229: grid210x_device byte send 02 eoi 0
+4657.751064230: grid210x_device byte send 09 eoi 0
+4657.751092230: grid210x_device byte send 00 eoi 0
+4657.751121231: grid210x_device byte send 02 eoi 0
+4657.751149232: grid210x_device byte send 00 eoi 1
+4657.751656249: grid210x_device byte recv 5f atn 1 eoi 0
+4657.751687250: grid210x_device now not talking
+4657.754607344: grid210x_device byte recv 25 atn 1 eoi 0
+4657.754653346: grid210x_device now listening
+4657.755988389: grid210x_device byte recv 04 atn 0 eoi 0
+4657.756029390: grid210x_device byte recv 00 atn 0 eoi 0
+4657.756054391: grid210x_device byte recv 00 atn 0 eoi 0
+4657.756078392: grid210x_device byte recv 00 atn 0 eoi 0
+4657.756100392: grid210x_device byte recv 00 atn 0 eoi 0
+4657.756125393: grid210x_device byte recv 00 atn 0 eoi 0
+4657.756148394: grid210x_device byte recv 00 atn 0 eoi 0
+4657.756170395: grid210x_device byte recv 00 atn 0 eoi 0
+4657.756498405: grid210x_device byte recv 02 atn 0 eoi 0
+4657.757813448: grid210x_device byte recv 00 atn 0 eoi 1
+4657.757862449: grid210x_device byte recv 3f atn 1 eoi 0
+4657.757883450: grid210x_device now not listening
+4657.757895450: grid210x_device command 4, data size 512, sector no 0
+4657.758977485: grid210x_device byte recv 18 atn 1 eoi 0
+4657.759082489: grid210x_device byte recv 45 atn 1 eoi 0
+4657.759102489: grid210x_device now talking
+4657.759126490: grid210x_device byte send 4f eoi 0
+4657.759214493: grid210x_device byte recv 19 atn 1 eoi 0
+4657.759251494: grid210x_device byte recv 5f atn 1 eoi 0
+4657.759266495: grid210x_device now not talking
+4657.760824545: grid210x_device byte recv 45 atn 1 eoi 0
+4657.760864546: grid210x_device now talking
+4657.761841578: grid210x_device byte send 53 eoi 0
+4657.762338594: grid210x_device byte send 79 eoi 0
+4657.762384596: grid210x_device byte send 73 eoi 0
+4657.762417597: grid210x_device byte send 74 eoi 0
+4657.762446598: grid210x_device byte send 65 eoi 0
+4657.762475598: grid210x_device byte send 6d eoi 0
+4657.762505599: grid210x_device byte send 20 eoi 0
+4657.762532600: grid210x_device byte send 44 eoi 0
+4657.762560601: grid210x_device byte send 69 eoi 0
+4657.762588602: grid210x_device byte send 73 eoi 0
+4657.762617603: grid210x_device byte send 6b eoi 0
+4657.762645604: grid210x_device byte send 21 eoi 0
+4657.762672605: grid210x_device byte send 21 eoi 0
+4657.762700606: grid210x_device byte send 00 eoi 0
+4657.762730607: grid210x_device byte send 00 eoi 0
+4657.762762608: grid210x_device byte send 00 eoi 0
+4657.762791609: grid210x_device byte send 00 eoi 0
+4657.762819610: grid210x_device byte send 00 eoi 0
+4657.762847610: grid210x_device byte send 00 eoi 0
+4657.762878611: grid210x_device byte send 00 eoi 0
+4657.762907612: grid210x_device byte send 00 eoi 0
+4657.762936613: grid210x_device byte send 00 eoi 0
+4657.762964614: grid210x_device byte send 00 eoi 0
+4657.762995615: grid210x_device byte send 00 eoi 0
+4657.763151620: grid210x_device byte send 00 eoi 0
+4657.763196622: grid210x_device byte send 00 eoi 0
+4657.763228623: grid210x_device byte send 00 eoi 0
+4657.763261624: grid210x_device byte send 00 eoi 0
+4657.763291625: grid210x_device byte send 00 eoi 0
+4657.763320626: grid210x_device byte send 00 eoi 0
+4657.763349627: grid210x_device byte send 00 eoi 0
+4657.763379628: grid210x_device byte send 00 eoi 0
+4657.763409629: grid210x_device byte send 00 eoi 0
+4657.763437630: grid210x_device byte send 00 eoi 0
+4657.763465630: grid210x_device byte send 00 eoi 0
+4657.763498632: grid210x_device byte send 00 eoi 0
+4657.763530633: grid210x_device byte send 00 eoi 0
+4657.763559634: grid210x_device byte send 00 eoi 0
+4657.763587634: grid210x_device byte send 00 eoi 0
+4657.763616635: grid210x_device byte send 00 eoi 0
+4657.763645636: grid210x_device byte send 00 eoi 0
+4657.763674637: grid210x_device byte send 00 eoi 0
+4657.763701638: grid210x_device byte send 00 eoi 0
+4657.763728639: grid210x_device byte send 00 eoi 0
+4657.763759640: grid210x_device byte send 00 eoi 0
+4657.763788641: grid210x_device byte send 00 eoi 0
+4657.763816642: grid210x_device byte send 00 eoi 0
+4657.763844643: grid210x_device byte send 00 eoi 0
+4657.763873644: grid210x_device byte send 00 eoi 0
+4657.763902645: grid210x_device byte send 00 eoi 0
+4657.763929645: grid210x_device byte send 00 eoi 0
+4657.763958646: grid210x_device byte send 00 eoi 0
+4657.763988647: grid210x_device byte send 00 eoi 0
+4657.764016648: grid210x_device byte send 00 eoi 0
+4657.764044649: grid210x_device byte send 00 eoi 0
+4657.764217655: grid210x_device byte send 00 eoi 0
+4657.764265656: grid210x_device byte send 00 eoi 0
+4657.764296657: grid210x_device byte send 00 eoi 0
+4657.764325658: grid210x_device byte send 00 eoi 0
+4657.764354659: grid210x_device byte send 00 eoi 0
+4657.764385660: grid210x_device byte send 00 eoi 0
+4657.764414661: grid210x_device byte send 00 eoi 0
+4657.764441662: grid210x_device byte send 00 eoi 0
+4657.764777673: grid210x_device byte send 00 eoi 0
+4657.764819674: grid210x_device byte send 00 eoi 0
+4657.764850675: grid210x_device byte send 00 eoi 0
+4657.764882676: grid210x_device byte send 00 eoi 0
+4657.764911677: grid210x_device byte send 00 eoi 0
+4657.764939678: grid210x_device byte send 00 eoi 0
+4657.764968679: grid210x_device byte send 00 eoi 0
+4657.764999680: grid210x_device byte send 00 eoi 0
+4657.765028681: grid210x_device byte send 00 eoi 0
+4657.765056682: grid210x_device byte send 00 eoi 0
+4657.765084683: grid210x_device byte send 00 eoi 0
+4657.765114684: grid210x_device byte send 00 eoi 0
+4657.765343691: grid210x_device byte send 00 eoi 0
+4657.765385693: grid210x_device byte send 00 eoi 0
+4657.765415694: grid210x_device byte send 00 eoi 0
+4657.765444694: grid210x_device byte send 00 eoi 0
+4657.765472695: grid210x_device byte send 00 eoi 0
+4657.765503696: grid210x_device byte send 00 eoi 0
+4657.765533697: grid210x_device byte send 00 eoi 0
+4657.765561698: grid210x_device byte send 00 eoi 0
+4657.765590699: grid210x_device byte send 00 eoi 0
+4657.765621700: grid210x_device byte send 00 eoi 0
+4657.765650701: grid210x_device byte send 00 eoi 0
+4657.765678702: grid210x_device byte send 00 eoi 0
+4657.765707703: grid210x_device byte send 00 eoi 0
+4657.765738704: grid210x_device byte send 00 eoi 0
+4657.765767705: grid210x_device byte send 00 eoi 0
+4657.765795706: grid210x_device byte send 00 eoi 0
+4657.765824707: grid210x_device byte send 00 eoi 0
+4657.765852708: grid210x_device byte send 00 eoi 0
+4657.765883709: grid210x_device byte send 00 eoi 0
+4657.765912710: grid210x_device byte send 00 eoi 0
+4657.765940710: grid210x_device byte send 00 eoi 0
+4657.765969711: grid210x_device byte send 00 eoi 0
+4657.766000712: grid210x_device byte send 00 eoi 0
+4657.766029713: grid210x_device byte send 00 eoi 0
+4657.766057714: grid210x_device byte send 00 eoi 0
+4657.766085715: grid210x_device byte send 00 eoi 0
+4657.766116716: grid210x_device byte send 00 eoi 0
+4657.766145717: grid210x_device byte send 00 eoi 0
+4657.766173718: grid210x_device byte send 00 eoi 0
+4657.766201719: grid210x_device byte send 00 eoi 0
+4657.766359724: grid210x_device byte send 00 eoi 0
+4657.766407726: grid210x_device byte send 00 eoi 0
+4657.766441727: grid210x_device byte send 00 eoi 0
+4657.766470728: grid210x_device byte send 00 eoi 0
+4657.766558730: grid210x_device byte send 00 eoi 0
+4657.766595732: grid210x_device byte send 00 eoi 0
+4657.766666734: grid210x_device byte send 00 eoi 0
+4657.766701735: grid210x_device byte send 00 eoi 0
+4657.766731736: grid210x_device byte send 00 eoi 0
+4657.766764737: grid210x_device byte send 00 eoi 0
+4657.766792738: grid210x_device byte send 00 eoi 0
+4657.766820739: grid210x_device byte send 00 eoi 0
+4657.766848740: grid210x_device byte send 00 eoi 0
+4657.766878741: grid210x_device byte send 00 eoi 0
+4657.766907742: grid210x_device byte send 00 eoi 0
+4657.766935743: grid210x_device byte send 00 eoi 0
+4657.766964744: grid210x_device byte send 00 eoi 0
+4657.766993745: grid210x_device byte send 00 eoi 0
+4657.767021745: grid210x_device byte send 00 eoi 0
+4657.767049746: grid210x_device byte send 00 eoi 0
+4657.767077747: grid210x_device byte send 00 eoi 0
+4657.767104748: grid210x_device byte send 00 eoi 0
+4657.767134749: grid210x_device byte send 00 eoi 0
+4657.767162750: grid210x_device byte send 00 eoi 0
+4657.767190751: grid210x_device byte send 00 eoi 0
+4657.767217752: grid210x_device byte send 00 eoi 0
+4657.767247753: grid210x_device byte send 00 eoi 0
+4657.767275754: grid210x_device byte send 00 eoi 0
+4657.767450759: grid210x_device byte send 00 eoi 0
+4657.767490761: grid210x_device byte send 00 eoi 0
+4657.767521762: grid210x_device byte send 00 eoi 0
+4657.767550763: grid210x_device byte send 00 eoi 0
+4657.767578763: grid210x_device byte send 00 eoi 0
+4657.767606764: grid210x_device byte send 00 eoi 0
+4657.767636765: grid210x_device byte send 00 eoi 0
+4657.767665766: grid210x_device byte send 00 eoi 0
+4657.767693767: grid210x_device byte send 00 eoi 0
+4657.767969776: grid210x_device byte send 00 eoi 0
+4657.768011777: grid210x_device byte send 00 eoi 0
+4657.768043778: grid210x_device byte send 00 eoi 0
+4657.768073779: grid210x_device byte send 00 eoi 0
+4657.768101780: grid210x_device byte send 00 eoi 0
+4657.768132781: grid210x_device byte send 00 eoi 0
+4657.768161782: grid210x_device byte send 00 eoi 0
+4657.768189783: grid210x_device byte send 00 eoi 0
+4657.768218784: grid210x_device byte send 00 eoi 0
+4657.768249785: grid210x_device byte send 00 eoi 0
+4657.768277786: grid210x_device byte send 00 eoi 0
+4657.768305787: grid210x_device byte send 00 eoi 0
+4657.768334788: grid210x_device byte send 00 eoi 0
+4657.768551795: grid210x_device byte send 00 eoi 0
+4657.768590796: grid210x_device byte send 00 eoi 0
+4657.768623797: grid210x_device byte send 00 eoi 0
+4657.768653798: grid210x_device byte send 00 eoi 0
+4657.768682799: grid210x_device byte send 00 eoi 0
+4657.768710800: grid210x_device byte send 00 eoi 0
+4657.768744801: grid210x_device byte send 00 eoi 0
+4657.768775802: grid210x_device byte send 00 eoi 0
+4657.768803803: grid210x_device byte send 00 eoi 0
+4657.768832804: grid210x_device byte send 00 eoi 0
+4657.768863805: grid210x_device byte send 00 eoi 0
+4657.768892806: grid210x_device byte send 00 eoi 0
+4657.768921807: grid210x_device byte send 00 eoi 0
+4657.768950808: grid210x_device byte send 00 eoi 0
+4657.768977809: grid210x_device byte send 00 eoi 0
+4657.769008810: grid210x_device byte send 00 eoi 0
+4657.769037811: grid210x_device byte send 00 eoi 0
+4657.769065812: grid210x_device byte send 00 eoi 0
+4657.769093812: grid210x_device byte send 00 eoi 0
+4657.769124813: grid210x_device byte send 00 eoi 0
+4657.769153814: grid210x_device byte send 00 eoi 0
+4657.769181815: grid210x_device byte send 00 eoi 0
+4657.769210816: grid210x_device byte send 00 eoi 0
+4657.769241817: grid210x_device byte send 00 eoi 0
+4657.769270818: grid210x_device byte send 00 eoi 0
+4657.769298819: grid210x_device byte send 00 eoi 0
+4657.769326820: grid210x_device byte send 00 eoi 0
+4657.769354821: grid210x_device byte send 00 eoi 0
+4657.769386822: grid210x_device byte send 00 eoi 0
+4657.769414823: grid210x_device byte send 00 eoi 0
+4657.769484825: grid210x_device byte send 00 eoi 0
+4657.769641830: grid210x_device byte send 00 eoi 0
+4657.769837836: grid210x_device byte send 00 eoi 0
+4657.769870838: grid210x_device byte send 00 eoi 0
+4657.769900839: grid210x_device byte send 00 eoi 0
+4657.769928839: grid210x_device byte send 00 eoi 0
+4657.769957840: grid210x_device byte send 00 eoi 0
+4657.769987841: grid210x_device byte send 00 eoi 0
+4657.770087845: grid210x_device byte send 00 eoi 0
+4657.770129846: grid210x_device byte send 00 eoi 0
+4657.770161847: grid210x_device byte send 00 eoi 0
+4657.770190848: grid210x_device byte send 00 eoi 0
+4657.770217849: grid210x_device byte send 00 eoi 0
+4657.770247850: grid210x_device byte send 00 eoi 0
+4657.770275851: grid210x_device byte send 00 eoi 0
+4657.770303852: grid210x_device byte send 00 eoi 0
+4657.770330852: grid210x_device byte send 00 eoi 0
+4657.770358853: grid210x_device byte send 00 eoi 0
+4657.770387854: grid210x_device byte send 00 eoi 0
+4657.770415855: grid210x_device byte send 00 eoi 0
+4657.770443856: grid210x_device byte send 00 eoi 0
+4657.770471857: grid210x_device byte send 00 eoi 0
+4657.770501858: grid210x_device byte send 00 eoi 0
+4657.770666863: grid210x_device byte send 00 eoi 0
+4657.770709865: grid210x_device byte send 00 eoi 0
+4657.770744866: grid210x_device byte send 00 eoi 0
+4657.770773867: grid210x_device byte send 00 eoi 0
+4657.770803868: grid210x_device byte send 00 eoi 0
+4657.770832869: grid210x_device byte send 00 eoi 0
+4657.770862870: grid210x_device byte send 00 eoi 0
+4657.770891871: grid210x_device byte send 00 eoi 0
+4657.770919871: grid210x_device byte send 00 eoi 0
+4657.770947872: grid210x_device byte send 00 eoi 0
+4657.770974873: grid210x_device byte send 00 eoi 0
+4657.771004874: grid210x_device byte send 00 eoi 0
+4657.771032875: grid210x_device byte send 00 eoi 0
+4657.771354886: grid210x_device byte send 00 eoi 0
+4657.771396887: grid210x_device byte send 00 eoi 0
+4657.771426888: grid210x_device byte send 00 eoi 0
+4657.771456889: grid210x_device byte send 00 eoi 0
+4657.771487890: grid210x_device byte send 00 eoi 0
+4657.771517891: grid210x_device byte send 00 eoi 0
+4657.771546892: grid210x_device byte send 00 eoi 0
+4657.771575893: grid210x_device byte send 00 eoi 0
+4657.771805900: grid210x_device byte send 00 eoi 0
+4657.771838901: grid210x_device byte send 00 eoi 0
+4657.771871902: grid210x_device byte send 00 eoi 0
+4657.771901903: grid210x_device byte send 00 eoi 0
+4657.771930904: grid210x_device byte send 00 eoi 0
+4657.771958905: grid210x_device byte send 00 eoi 0
+4657.771988906: grid210x_device byte send 00 eoi 0
+4657.772018907: grid210x_device byte send 00 eoi 0
+4657.772047908: grid210x_device byte send 00 eoi 0
+4657.772076909: grid210x_device byte send 00 eoi 0
+4657.772104910: grid210x_device byte send 00 eoi 0
+4657.772136911: grid210x_device byte send 00 eoi 0
+4657.772165912: grid210x_device byte send 00 eoi 0
+4657.772194913: grid210x_device byte send 00 eoi 0
+4657.772222914: grid210x_device byte send 00 eoi 0
+4657.772252915: grid210x_device byte send 00 eoi 0
+4657.772281915: grid210x_device byte send 00 eoi 0
+4657.772310916: grid210x_device byte send 00 eoi 0
+4657.772339917: grid210x_device byte send 00 eoi 0
+4657.772368918: grid210x_device byte send 00 eoi 0
+4657.772398919: grid210x_device byte send 00 eoi 0
+4657.772428920: grid210x_device byte send 00 eoi 0
+4657.772456921: grid210x_device byte send 00 eoi 0
+4657.772486922: grid210x_device byte send 00 eoi 0
+4657.772516923: grid210x_device byte send 00 eoi 0
+4657.772545924: grid210x_device byte send 00 eoi 0
+4657.772573925: grid210x_device byte send 00 eoi 0
+4657.772601926: grid210x_device byte send 00 eoi 0
+4657.772632927: grid210x_device byte send 00 eoi 0
+4657.772661928: grid210x_device byte send 00 eoi 0
+4657.772825933: grid210x_device byte send 00 eoi 0
+4657.772873935: grid210x_device byte send 00 eoi 0
+4657.772905936: grid210x_device byte send 00 eoi 0
+4657.772936937: grid210x_device byte send 00 eoi 0
+4657.772964938: grid210x_device byte send 00 eoi 0
+4657.772993939: grid210x_device byte send 00 eoi 0
+4657.773023939: grid210x_device byte send 00 eoi 0
+4657.773052940: grid210x_device byte send 00 eoi 0
+4657.773080941: grid210x_device byte send 00 eoi 0
+4657.773109942: grid210x_device byte send 00 eoi 0
+4657.773139943: grid210x_device byte send 00 eoi 0
+4657.773168944: grid210x_device byte send 00 eoi 0
+4657.773196945: grid210x_device byte send 00 eoi 0
+4657.773224946: grid210x_device byte send 00 eoi 0
+4657.773254947: grid210x_device byte send 00 eoi 0
+4657.773282948: grid210x_device byte send 00 eoi 0
+4657.773310949: grid210x_device byte send 00 eoi 0
+4657.773338950: grid210x_device byte send 00 eoi 0
+4657.773367951: grid210x_device byte send 00 eoi 0
+4657.773395952: grid210x_device byte send 00 eoi 0
+4657.773424952: grid210x_device byte send 00 eoi 0
+4657.773452953: grid210x_device byte send 00 eoi 0
+4657.773479954: grid210x_device byte send 00 eoi 0
+4657.773510955: grid210x_device byte send 00 eoi 0
+4657.773537956: grid210x_device byte send 00 eoi 0
+4657.773565957: grid210x_device byte send 00 eoi 0
+4657.773593958: grid210x_device byte send 00 eoi 0
+4657.773622959: grid210x_device byte send 00 eoi 0
+4657.773650960: grid210x_device byte send 00 eoi 0
+4657.773679961: grid210x_device byte send 00 eoi 0
+4657.773707962: grid210x_device byte send 00 eoi 0
+4657.773859967: grid210x_device byte send 00 eoi 0
+4657.773907968: grid210x_device byte send 00 eoi 0
+4657.773940969: grid210x_device byte send 00 eoi 0
+4657.773970970: grid210x_device byte send 00 eoi 0
+4657.774005971: grid210x_device byte send 00 eoi 0
+4657.774034972: grid210x_device byte send 00 eoi 0
+4657.774062973: grid210x_device byte send 00 eoi 0
+4657.774089974: grid210x_device byte send 00 eoi 0
+4657.774119975: grid210x_device byte send 00 eoi 0
+4657.774148976: grid210x_device byte send 00 eoi 0
+4657.774461986: grid210x_device byte send 00 eoi 0
+4657.774568989: grid210x_device byte send 00 eoi 0
+4657.774607991: grid210x_device byte send 00 eoi 0
+4657.774680993: grid210x_device byte send 00 eoi 0
+4657.774712994: grid210x_device byte send 00 eoi 0
+4657.774745995: grid210x_device byte send 00 eoi 0
+4657.774775996: grid210x_device byte send 00 eoi 0
+4657.775001003: grid210x_device byte send 00 eoi 0
+4657.775045005: grid210x_device byte send 00 eoi 0
+4657.775076006: grid210x_device byte send 00 eoi 0
+4657.775106007: grid210x_device byte send 00 eoi 0
+4657.775138008: grid210x_device byte send 00 eoi 0
+4657.775167009: grid210x_device byte send 00 eoi 0
+4657.775196010: grid210x_device byte send 00 eoi 0
+4657.775224011: grid210x_device byte send 00 eoi 0
+4657.775255012: grid210x_device byte send 00 eoi 0
+4657.775283013: grid210x_device byte send 00 eoi 0
+4657.775312013: grid210x_device byte send 00 eoi 0
+4657.775341014: grid210x_device byte send 00 eoi 0
+4657.775371015: grid210x_device byte send 00 eoi 0
+4657.775400016: grid210x_device byte send 00 eoi 0
+4657.775429017: grid210x_device byte send 00 eoi 0
+4657.775458018: grid210x_device byte send 00 eoi 0
+4657.775489019: grid210x_device byte send 00 eoi 0
+4657.775518020: grid210x_device byte send 00 eoi 0
+4657.775547021: grid210x_device byte send 00 eoi 0
+4657.775575022: grid210x_device byte send 00 eoi 0
+4657.775602023: grid210x_device byte send 00 eoi 0
+4657.775633024: grid210x_device byte send 00 eoi 0
+4657.775662025: grid210x_device byte send 00 eoi 0
+4657.775689026: grid210x_device byte send 00 eoi 0
+4657.775718027: grid210x_device byte send 00 eoi 0
+4657.775748028: grid210x_device byte send 00 eoi 0
+4657.775777028: grid210x_device byte send 00 eoi 0
+4657.775806029: grid210x_device byte send 00 eoi 0
+4657.775834030: grid210x_device byte send 00 eoi 0
+4657.775864031: grid210x_device byte send 00 eoi 0
+4657.775892032: grid210x_device byte send 00 eoi 0
+4657.776069038: grid210x_device byte send 00 eoi 0
+4657.776103039: grid210x_device byte send 00 eoi 0
+4657.776136040: grid210x_device byte send 00 eoi 0
+4657.776165041: grid210x_device byte send 00 eoi 0
+4657.776193042: grid210x_device byte send 00 eoi 0
+4657.776222043: grid210x_device byte send 00 eoi 0
+4657.776254044: grid210x_device byte send 00 eoi 0
+4657.776282045: grid210x_device byte send 00 eoi 0
+4657.776311046: grid210x_device byte send 00 eoi 0
+4657.776340047: grid210x_device byte send 00 eoi 0
+4657.776370048: grid210x_device byte send 00 eoi 0
+4657.776399049: grid210x_device byte send 00 eoi 0
+4657.776428050: grid210x_device byte send 00 eoi 0
+4657.776456050: grid210x_device byte send 00 eoi 0
+4657.776483051: grid210x_device byte send 00 eoi 0
+4657.776514052: grid210x_device byte send 00 eoi 0
+4657.776542053: grid210x_device byte send 00 eoi 0
+4657.776582055: grid210x_device byte send 00 eoi 0
+4657.776616056: grid210x_device byte send 00 eoi 0
+4657.776645057: grid210x_device byte send 00 eoi 0
+4657.776673057: grid210x_device byte send 00 eoi 0
+4657.776701058: grid210x_device byte send 00 eoi 0
+4657.776728059: grid210x_device byte send 00 eoi 0
+4657.776759060: grid210x_device byte send 00 eoi 0
+4657.776787061: grid210x_device byte send 00 eoi 0
+4657.776814062: grid210x_device byte send 00 eoi 0
+4657.776841063: grid210x_device byte send 00 eoi 0
+4657.776871064: grid210x_device byte send 00 eoi 0
+4657.776899065: grid210x_device byte send 00 eoi 0
+4657.776927066: grid210x_device byte send 00 eoi 0
+4657.777084071: grid210x_device byte send 00 eoi 0
+4657.777134072: grid210x_device byte send 00 eoi 0
+4657.777167073: grid210x_device byte send 00 eoi 0
+4657.777196074: grid210x_device byte send 00 eoi 0
+4657.777224075: grid210x_device byte send 00 eoi 0
+4657.777256076: grid210x_device byte send 00 eoi 0
+4657.777284077: grid210x_device byte send 00 eoi 0
+4657.777312078: grid210x_device byte send 00 eoi 0
+4657.777339079: grid210x_device byte send 00 eoi 0
+4657.777369080: grid210x_device byte send 00 eoi 0
+4657.777635089: grid210x_device byte send 00 eoi 0
+4657.777680090: grid210x_device byte send 00 eoi 0
+4657.777711091: grid210x_device byte send 00 eoi 0
+4657.777744092: grid210x_device byte send 00 eoi 0
+4657.777773093: grid210x_device byte send 00 eoi 0
+4657.777802094: grid210x_device byte send 00 eoi 0
+4657.777830095: grid210x_device byte send 00 eoi 0
+4657.777859096: grid210x_device byte send 00 eoi 0
+4657.777890097: grid210x_device byte send 00 eoi 0
+4657.777919098: grid210x_device byte send 00 eoi 0
+4657.777948099: grid210x_device byte send 00 eoi 0
+4657.777977100: grid210x_device byte send 00 eoi 0
+4657.778060102: grid210x_device byte send 00 eoi 0
+4657.778225108: grid210x_device byte send 00 eoi 0
+4657.778262109: grid210x_device byte send 00 eoi 0
+4657.778292110: grid210x_device byte send 00 eoi 0
+4657.778321111: grid210x_device byte send 00 eoi 0
+4657.778350112: grid210x_device byte send 00 eoi 0
+4657.778380113: grid210x_device byte send 00 eoi 0
+4657.778409114: grid210x_device byte send 00 eoi 0
+4657.778437114: grid210x_device byte send 00 eoi 0
+4657.778466115: grid210x_device byte send 00 eoi 0
+4657.778496116: grid210x_device byte send 00 eoi 0
+4657.778525117: grid210x_device byte send 00 eoi 0
+4657.778553118: grid210x_device byte send 00 eoi 0
+4657.778582119: grid210x_device byte send 00 eoi 0
+4657.778612120: grid210x_device byte send 00 eoi 0
+4657.778641121: grid210x_device byte send 00 eoi 0
+4657.778669122: grid210x_device byte send 00 eoi 0
+4657.778698123: grid210x_device byte send 00 eoi 0
+4657.778726124: grid210x_device byte send 00 eoi 0
+4657.778757125: grid210x_device byte send 00 eoi 0
+4657.778787126: grid210x_device byte send 00 eoi 0
+4657.778816127: grid210x_device byte send 00 eoi 0
+4657.778844128: grid210x_device byte send 00 eoi 0
+4657.778875129: grid210x_device byte send 00 eoi 0
+4657.778903130: grid210x_device byte send 00 eoi 0
+4657.778931130: grid210x_device byte send 00 eoi 0
+4657.778959131: grid210x_device byte send 00 eoi 0
+4657.778989132: grid210x_device byte send 00 eoi 0
+4657.779018133: grid210x_device byte send 00 eoi 0
+4657.779046134: grid210x_device byte send 00 eoi 0
+4657.779074135: grid210x_device byte send 00 eoi 0
+4657.779103136: grid210x_device byte send 00 eoi 0
+4657.779295142: grid210x_device byte send 00 eoi 0
+4657.779330143: grid210x_device byte send 00 eoi 0
+4657.779359144: grid210x_device byte send 00 eoi 0
+4657.779390145: grid210x_device byte send 00 eoi 0
+4657.779419146: grid210x_device byte send 00 eoi 0
+4657.779448147: grid210x_device byte send 00 eoi 0
+4657.779476148: grid210x_device byte send 00 eoi 0
+4657.779506149: grid210x_device byte send 00 eoi 0
+4657.779533150: grid210x_device byte send 00 eoi 0
+4657.779561151: grid210x_device byte send 00 eoi 0
+4657.779588152: grid210x_device byte send 00 eoi 0
+4657.779618153: grid210x_device byte send 00 eoi 0
+4657.779646154: grid210x_device byte send 00 eoi 0
+4657.779674154: grid210x_device byte send 00 eoi 0
+4657.779701155: grid210x_device byte send 00 eoi 0
+4657.779728156: grid210x_device byte send 00 eoi 0
+4657.779758157: grid210x_device byte send 00 eoi 0
+4657.779786158: grid210x_device byte send 00 eoi 0
+4657.779814159: grid210x_device byte send 00 eoi 0
+4657.779841160: grid210x_device byte send 00 eoi 0
+4657.779870161: grid210x_device byte send 00 eoi 0
+4657.779898162: grid210x_device byte send 00 eoi 0
+4657.779926163: grid210x_device byte send 00 eoi 0
+4657.779954164: grid210x_device byte send 00 eoi 0
+4657.779981164: grid210x_device byte send 00 eoi 0
+4657.780109169: grid210x_device byte send 00 eoi 0
+4657.780152170: grid210x_device byte send 00 eoi 0
+4657.780338176: grid210x_device byte send 00 eoi 0
+4657.780376177: grid210x_device byte send 00 eoi 0
+4657.780405178: grid210x_device byte send 00 eoi 0
+4657.780434179: grid210x_device byte send 00 eoi 0
+4657.780461180: grid210x_device byte send 00 eoi 0
+4657.780491181: grid210x_device byte send 00 eoi 0
+4657.780519182: grid210x_device byte send 00 eoi 0
+4657.780547183: grid210x_device byte send 00 eoi 0
+4657.780874193: grid210x_device byte send 00 eoi 0
+4657.780913195: grid210x_device byte send 00 eoi 0
+4657.780944196: grid210x_device byte send 00 eoi 0
+4657.780973196: grid210x_device byte send 00 eoi 0
+4657.781004197: grid210x_device byte send 00 eoi 0
+4657.781033198: grid210x_device byte send 00 eoi 0
+4657.781062199: grid210x_device byte send 00 eoi 0
+4657.781089200: grid210x_device byte send 00 eoi 0
+4657.781119201: grid210x_device byte send 00 eoi 0
+4657.781149202: grid210x_device byte send 00 eoi 0
+4657.781176203: grid210x_device byte send 00 eoi 0
+4657.781204204: grid210x_device byte send 00 eoi 0
+4657.781417211: grid210x_device byte send 00 eoi 0
+4657.781463212: grid210x_device byte send 00 eoi 0
+4657.781498213: grid210x_device byte send 00 eoi 0
+4657.781529214: grid210x_device byte send 00 eoi 0
+4657.781557215: grid210x_device byte send 00 eoi 0
+4657.781586216: grid210x_device byte send 00 eoi 0
+4657.781615217: grid210x_device byte send 00 eoi 0
+4657.781644218: grid210x_device byte send 00 eoi 0
+4657.781672219: grid210x_device byte send 00 eoi 0
+4657.781700220: grid210x_device byte send 00 eoi 0
+4657.781728221: grid210x_device byte send 00 eoi 0
+4657.781761222: grid210x_device byte send 00 eoi 0
+4657.781789223: grid210x_device byte send 00 eoi 0
+4657.781818224: grid210x_device byte send 00 eoi 0
+4657.781845225: grid210x_device byte send 00 eoi 0
+4657.781876226: grid210x_device byte send 00 eoi 0
+4657.781904227: grid210x_device byte send 00 eoi 0
+4657.781934228: grid210x_device byte send 00 eoi 0
+4657.781962228: grid210x_device byte send 00 eoi 0
+4657.781992229: grid210x_device byte send 00 eoi 0
+4657.782020230: grid210x_device byte send 00 eoi 0
+4657.782049231: grid210x_device byte send 00 eoi 0
+4657.782076232: grid210x_device byte send 00 eoi 0
+4657.782105233: grid210x_device byte send 00 eoi 0
+4657.782135234: grid210x_device byte send 00 eoi 0
+4657.782164235: grid210x_device byte send 00 eoi 0
+4657.782193236: grid210x_device byte send 00 eoi 0
+4657.782221237: grid210x_device byte send 00 eoi 0
+4657.782251238: grid210x_device byte send 00 eoi 0
+4657.782279239: grid210x_device byte send 00 eoi 0
+4657.782308240: grid210x_device byte send 00 eoi 0
+4657.782473245: grid210x_device byte send 00 eoi 0
+4657.782577248: grid210x_device byte send 00 eoi 0
+4657.782646251: grid210x_device byte send 00 eoi 0
+4657.782685252: grid210x_device byte send 00 eoi 0
+4657.782716253: grid210x_device byte send 00 eoi 0
+4657.782748254: grid210x_device byte send 00 eoi 0
+4657.782777255: grid210x_device byte send 00 eoi 0
+4657.782805256: grid210x_device byte send 00 eoi 0
+4657.782833257: grid210x_device byte send 00 eoi 0
+4657.782860257: grid210x_device byte send 00 eoi 0
+4657.782889258: grid210x_device byte send 00 eoi 0
+4657.782917259: grid210x_device byte send 00 eoi 1
+4657.783532279: grid210x_device byte recv 5f atn 1 eoi 0
+4657.783564280: grid210x_device now not talking
+4657.786329370: grid210x_device byte recv 25 atn 1 eoi 0
+4657.786371371: grid210x_device now listening
+4657.787739415: grid210x_device byte recv 05 atn 0 eoi 0
+4657.787783417: grid210x_device byte recv 00 atn 0 eoi 0
+4657.787809417: grid210x_device byte recv 00 atn 0 eoi 0
+4657.787831418: grid210x_device byte recv ff atn 0 eoi 0
+4657.787853419: grid210x_device byte recv ff atn 0 eoi 0
+4657.787877420: grid210x_device byte recv ff atn 0 eoi 0
+4657.787899420: grid210x_device byte recv ff atn 0 eoi 0
+4657.787921421: grid210x_device byte recv 00 atn 0 eoi 0
+4657.787943422: grid210x_device byte recv 02 atn 0 eoi 0
+4657.789270465: grid210x_device byte recv 01 atn 0 eoi 1
+4657.789310466: grid210x_device byte recv 3f atn 1 eoi 0
+4657.789330467: grid210x_device now not listening
+4657.789342467: grid210x_device command 5, data size 512, sector no 4294967295
+4657.791556539: grid210x_device byte recv 25 atn 1 eoi 0
+4657.791601540: grid210x_device now listening
+4657.793211592: grid210x_device byte recv 00 atn 0 eoi 0
+4657.793258594: grid210x_device byte recv 02 atn 0 eoi 0
+4657.793285595: grid210x_device byte recv f8 atn 0 eoi 0
+4657.793607605: grid210x_device byte recv 01 atn 0 eoi 0
+4657.793643606: grid210x_device byte recv d0 atn 0 eoi 0
+4657.793667607: grid210x_device byte recv 02 atn 0 eoi 0
+4657.793690608: grid210x_device byte recv 01 atn 0 eoi 0
+4657.793713608: grid210x_device byte recv 20 atn 0 eoi 0
+4657.793734609: grid210x_device byte recv 01 atn 0 eoi 0
+4657.793761610: grid210x_device byte recv 21 atn 0 eoi 0
+4657.793783611: grid210x_device byte recv 01 atn 0 eoi 0
+4657.793806611: grid210x_device byte recv 01 atn 0 eoi 0
+4657.793829612: grid210x_device byte recv 00 atn 0 eoi 0
+4657.793851613: grid210x_device byte recv 00 atn 0 eoi 0
+4657.793877614: grid210x_device byte recv 34 atn 0 eoi 0
+4657.793900614: grid210x_device byte recv 38 atn 0 eoi 0
+4657.794107621: grid210x_device byte recv 20 atn 0 eoi 0
+4657.794177623: grid210x_device byte recv 54 atn 0 eoi 0
+4657.794207624: grid210x_device byte recv 50 atn 0 eoi 0
+4657.794230625: grid210x_device byte recv 49 atn 0 eoi 0
+4657.794257626: grid210x_device byte recv 20 atn 0 eoi 0
+4657.794279627: grid210x_device byte recv 44 atn 0 eoi 0
+4657.794302627: grid210x_device byte recv 53 atn 0 eoi 0
+4657.794324628: grid210x_device byte recv 20 atn 0 eoi 0
+4657.794346629: grid210x_device byte recv 44 atn 0 eoi 0
+4657.794370630: grid210x_device byte recv 44 atn 0 eoi 0
+4657.794392630: grid210x_device byte recv 20 atn 0 eoi 0
+4657.794413631: grid210x_device byte recv 46 atn 0 eoi 0
+4657.794435632: grid210x_device byte recv 4c atn 0 eoi 0
+4657.794457632: grid210x_device byte recv 4f atn 0 eoi 0
+4657.794479633: grid210x_device byte recv 50 atn 0 eoi 0
+4657.794504634: grid210x_device byte recv 50 atn 0 eoi 0
+4657.794526635: grid210x_device byte recv 59 atn 0 eoi 0
+4657.794561636: grid210x_device byte recv 20 atn 0 eoi 0
+4657.794588637: grid210x_device byte recv 20 atn 0 eoi 0
+4657.794612637: grid210x_device byte recv 20 atn 0 eoi 0
+4657.794636638: grid210x_device byte recv 20 atn 0 eoi 0
+4657.794659639: grid210x_device byte recv 33 atn 0 eoi 0
+4657.794681640: grid210x_device byte recv 30 atn 0 eoi 0
+4657.794703640: grid210x_device byte recv 30 atn 0 eoi 0
+4657.794725641: grid210x_device byte recv 32 atn 0 eoi 0
+4657.794749642: grid210x_device byte recv 33 atn 0 eoi 0
+4657.794772643: grid210x_device byte recv 37 atn 0 eoi 0
+4657.794794643: grid210x_device byte recv 2d atn 0 eoi 0
+4657.794816644: grid210x_device byte recv 30 atn 0 eoi 0
+4657.794837645: grid210x_device byte recv 30 atn 0 eoi 0
+4657.794859645: grid210x_device byte recv 00 atn 0 eoi 0
+4657.794886646: grid210x_device byte recv 02 atn 0 eoi 0
+4657.794910647: grid210x_device byte recv 09 atn 0 eoi 0
+4657.794932648: grid210x_device byte recv 00 atn 0 eoi 0
+4657.794955649: grid210x_device byte recv 02 atn 0 eoi 0
+4657.794979649: grid210x_device byte recv 00 atn 0 eoi 0
+4657.795004650: grid210x_device byte recv 00 atn 0 eoi 0
+4657.795205657: grid210x_device byte recv 01 atn 0 eoi 0
+4657.795234658: grid210x_device byte recv f8 atn 0 eoi 0
+4657.795261658: grid210x_device byte recv 01 atn 0 eoi 0
+4657.795284659: grid210x_device byte recv 00 atn 0 eoi 0
+4657.795307660: grid210x_device byte recv 00 atn 0 eoi 0
+4657.795330661: grid210x_device byte recv 21 atn 0 eoi 0
+4657.795352661: grid210x_device byte recv 01 atn 0 eoi 0
+4657.795377662: grid210x_device byte recv 00 atn 0 eoi 0
+4657.795400663: grid210x_device byte recv 00 atn 0 eoi 0
+4657.795423664: grid210x_device byte recv f8 atn 0 eoi 0
+4657.795445664: grid210x_device byte recv 01 atn 0 eoi 0
+4657.795467665: grid210x_device byte recv 00 atn 0 eoi 0
+4657.795519667: grid210x_device byte recv 00 atn 0 eoi 0
+4657.795548668: grid210x_device byte recv 00 atn 0 eoi 0
+4657.795572668: grid210x_device byte recv 20 atn 0 eoi 0
+4657.795593669: grid210x_device byte recv 20 atn 0 eoi 0
+4657.795618670: grid210x_device byte recv 20 atn 0 eoi 0
+4657.795640671: grid210x_device byte recv 20 atn 0 eoi 0
+4657.795662671: grid210x_device byte recv 20 atn 0 eoi 0
+4657.795684672: grid210x_device byte recv 20 atn 0 eoi 0
+4657.795950681: grid210x_device byte recv 20 atn 0 eoi 0
+4657.795991682: grid210x_device byte recv 20 atn 0 eoi 0
+4657.796016683: grid210x_device byte recv 20 atn 0 eoi 0
+4657.796038684: grid210x_device byte recv 20 atn 0 eoi 0
+4657.796060684: grid210x_device byte recv 20 atn 0 eoi 0
+4657.796082685: grid210x_device byte recv 20 atn 0 eoi 0
+4657.796299692: grid210x_device byte recv 20 atn 0 eoi 0
+4657.796328693: grid210x_device byte recv 20 atn 0 eoi 0
+4657.796351694: grid210x_device byte recv 20 atn 0 eoi 0
+4657.796376694: grid210x_device byte recv 20 atn 0 eoi 0
+4657.796399695: grid210x_device byte recv 20 atn 0 eoi 0
+4657.796422696: grid210x_device byte recv 20 atn 0 eoi 0
+4657.796444697: grid210x_device byte recv 20 atn 0 eoi 0
+4657.796466697: grid210x_device byte recv 20 atn 0 eoi 0
+4657.796490698: grid210x_device byte recv 20 atn 0 eoi 0
+4657.796512699: grid210x_device byte recv 20 atn 0 eoi 0
+4657.796534700: grid210x_device byte recv 20 atn 0 eoi 0
+4657.796556700: grid210x_device byte recv 20 atn 0 eoi 0
+4657.796578701: grid210x_device byte recv 20 atn 0 eoi 0
+4657.796599702: grid210x_device byte recv 20 atn 0 eoi 0
+4657.796623702: grid210x_device byte recv 20 atn 0 eoi 0
+4657.796646703: grid210x_device byte recv 20 atn 0 eoi 0
+4657.796668704: grid210x_device byte recv 20 atn 0 eoi 0
+4657.796689705: grid210x_device byte recv 20 atn 0 eoi 0
+4657.796711705: grid210x_device byte recv 20 atn 0 eoi 0
+4657.796733706: grid210x_device byte recv 20 atn 0 eoi 0
+4657.796758707: grid210x_device byte recv 20 atn 0 eoi 0
+4657.796781708: grid210x_device byte recv 20 atn 0 eoi 0
+4657.796803708: grid210x_device byte recv 20 atn 0 eoi 0
+4657.796824709: grid210x_device byte recv 20 atn 0 eoi 0
+4657.796846710: grid210x_device byte recv 20 atn 0 eoi 0
+4657.796870710: grid210x_device byte recv 20 atn 0 eoi 0
+4657.796893711: grid210x_device byte recv 20 atn 0 eoi 0
+4657.796914712: grid210x_device byte recv 20 atn 0 eoi 0
+4657.796937713: grid210x_device byte recv 20 atn 0 eoi 0
+4657.796958713: grid210x_device byte recv 20 atn 0 eoi 0
+4657.796980714: grid210x_device byte recv 20 atn 0 eoi 0
+4657.797005715: grid210x_device byte recv 20 atn 0 eoi 0
+4657.797027716: grid210x_device byte recv 20 atn 0 eoi 0
+4657.797049716: grid210x_device byte recv 20 atn 0 eoi 0
+4657.797071717: grid210x_device byte recv 20 atn 0 eoi 0
+4657.797093718: grid210x_device byte recv 20 atn 0 eoi 0
+4657.797117718: grid210x_device byte recv 20 atn 0 eoi 0
+4657.797140719: grid210x_device byte recv 20 atn 0 eoi 0
+4657.797162720: grid210x_device byte recv 20 atn 0 eoi 0
+4657.797184721: grid210x_device byte recv 20 atn 0 eoi 0
+4657.797343726: grid210x_device byte recv 20 atn 0 eoi 0
+4657.797374727: grid210x_device byte recv 20 atn 0 eoi 0
+4657.797398728: grid210x_device byte recv 20 atn 0 eoi 0
+4657.797421728: grid210x_device byte recv 20 atn 0 eoi 0
+4657.797443729: grid210x_device byte recv 20 atn 0 eoi 0
+4657.797464730: grid210x_device byte recv 20 atn 0 eoi 0
+4657.797487730: grid210x_device byte recv 20 atn 0 eoi 0
+4657.797510731: grid210x_device byte recv 20 atn 0 eoi 0
+4657.797532732: grid210x_device byte recv 20 atn 0 eoi 0
+4657.797554733: grid210x_device byte recv 20 atn 0 eoi 0
+4657.797608734: grid210x_device byte recv 20 atn 0 eoi 0
+4657.797637735: grid210x_device byte recv 20 atn 0 eoi 0
+4657.797661736: grid210x_device byte recv 20 atn 0 eoi 0
+4657.797683737: grid210x_device byte recv 20 atn 0 eoi 0
+4657.797705737: grid210x_device byte recv 20 atn 0 eoi 0
+4657.797726738: grid210x_device byte recv 20 atn 0 eoi 0
+4657.797750739: grid210x_device byte recv 20 atn 0 eoi 0
+4657.797772740: grid210x_device byte recv 20 atn 0 eoi 0
+4657.797794740: grid210x_device byte recv 20 atn 0 eoi 0
+4657.797815741: grid210x_device byte recv 20 atn 0 eoi 0
+4657.797837742: grid210x_device byte recv 20 atn 0 eoi 0
+4657.797858742: grid210x_device byte recv 20 atn 0 eoi 0
+4657.797882743: grid210x_device byte recv 20 atn 0 eoi 0
+4657.797905744: grid210x_device byte recv 20 atn 0 eoi 0
+4657.797926745: grid210x_device byte recv 20 atn 0 eoi 0
+4657.798176753: grid210x_device byte recv 20 atn 0 eoi 0
+4657.798208754: grid210x_device byte recv 20 atn 0 eoi 0
+4657.798232754: grid210x_device byte recv 20 atn 0 eoi 0
+4657.798448761: grid210x_device byte recv bf atn 0 eoi 0
+4657.798477762: grid210x_device byte recv 07 atn 0 eoi 0
+4657.798563765: grid210x_device byte recv 01 atn 0 eoi 0
+4657.798592766: grid210x_device byte recv 10 atn 0 eoi 0
+4657.798652768: grid210x_device byte recv 0c atn 0 eoi 0
+4657.798683769: grid210x_device byte recv 2d atn 0 eoi 0
+4657.798707770: grid210x_device byte recv 3b atn 0 eoi 0
+4657.798729771: grid210x_device byte recv 04 atn 0 eoi 0
+4657.798756771: grid210x_device byte recv 02 atn 0 eoi 0
+4657.798780772: grid210x_device byte recv 10 atn 0 eoi 0
+4657.798803773: grid210x_device byte recv 00 atn 0 eoi 0
+4657.798826774: grid210x_device byte recv 21 atn 0 eoi 0
+4657.798848774: grid210x_device byte recv 01 atn 0 eoi 0
+4657.798872775: grid210x_device byte recv bf atn 0 eoi 0
+4657.798894776: grid210x_device byte recv 07 atn 0 eoi 0
+4657.798917777: grid210x_device byte recv 01 atn 0 eoi 0
+4657.798940777: grid210x_device byte recv 10 atn 0 eoi 0
+4657.798962778: grid210x_device byte recv 0c atn 0 eoi 0
+4657.798985779: grid210x_device byte recv 33 atn 0 eoi 0
+4657.799010780: grid210x_device byte recv 36 atn 0 eoi 0
+4657.799033780: grid210x_device byte recv 07 atn 0 eoi 0
+4657.799055781: grid210x_device byte recv 02 atn 0 eoi 0
+4657.799078782: grid210x_device byte recv 10 atn 0 eoi 0
+4657.799100783: grid210x_device byte recv 00 atn 0 eoi 0
+4657.799125783: grid210x_device byte recv 00 atn 0 eoi 0
+4657.799148784: grid210x_device byte recv 00 atn 0 eoi 0
+4657.799171785: grid210x_device byte recv 00 atn 0 eoi 0
+4657.799193786: grid210x_device byte recv 00 atn 0 eoi 0
+4657.799216786: grid210x_device byte recv 00 atn 0 eoi 0
+4657.799241787: grid210x_device byte recv 00 atn 0 eoi 0
+4657.799264788: grid210x_device byte recv 00 atn 0 eoi 0
+4657.799287789: grid210x_device byte recv 00 atn 0 eoi 0
+4657.799310789: grid210x_device byte recv 00 atn 0 eoi 0
+4657.799333790: grid210x_device byte recv 00 atn 0 eoi 0
+4657.799510796: grid210x_device byte recv 00 atn 0 eoi 0
+4657.799540797: grid210x_device byte recv 00 atn 0 eoi 0
+4657.799564798: grid210x_device byte recv 00 atn 0 eoi 0
+4657.799588798: grid210x_device byte recv 00 atn 0 eoi 0
+4657.799613799: grid210x_device byte recv 00 atn 0 eoi 0
+4657.799637800: grid210x_device byte recv 00 atn 0 eoi 0
+4657.799660801: grid210x_device byte recv 00 atn 0 eoi 0
+4657.799683801: grid210x_device byte recv 01 atn 0 eoi 0
+4657.799705802: grid210x_device byte recv 05 atn 0 eoi 0
+4657.799728803: grid210x_device byte recv 29 atn 0 eoi 0
+4657.799754804: grid210x_device byte recv ff atn 0 eoi 0
+4657.799776804: grid210x_device byte recv 47 atn 0 eoi 0
+4657.799798805: grid210x_device byte recv c7 atn 0 eoi 0
+4657.799820806: grid210x_device byte recv 17 atn 0 eoi 0
+4657.799842807: grid210x_device byte recv 00 atn 0 eoi 0
+4657.799865807: grid210x_device byte recv 00 atn 0 eoi 0
+4657.799889808: grid210x_device byte recv 00 atn 0 eoi 0
+4657.799911809: grid210x_device byte recv 01 atn 0 eoi 0
+4657.799934810: grid210x_device byte recv 00 atn 0 eoi 0
+4657.799956810: grid210x_device byte recv 00 atn 0 eoi 0
+4657.799978811: grid210x_device byte recv 00 atn 0 eoi 0
+4657.800068814: grid210x_device byte recv 00 atn 0 eoi 0
+4657.800103815: grid210x_device byte recv 00 atn 0 eoi 0
+4657.800134816: grid210x_device byte recv 00 atn 0 eoi 0
+4657.800157817: grid210x_device byte recv 00 atn 0 eoi 0
+4657.800180817: grid210x_device byte recv 00 atn 0 eoi 0
+4657.800205818: grid210x_device byte recv 00 atn 0 eoi 0
+4657.800228819: grid210x_device byte recv 00 atn 0 eoi 0
+4657.800253820: grid210x_device byte recv 00 atn 0 eoi 0
+4657.800276821: grid210x_device byte recv 00 atn 0 eoi 0
+4657.800298821: grid210x_device byte recv 00 atn 0 eoi 0
+4657.800320822: grid210x_device byte recv 00 atn 0 eoi 0
+4657.800342823: grid210x_device byte recv 00 atn 0 eoi 0
+4657.800367824: grid210x_device byte recv 00 atn 0 eoi 0
+4657.800842839: grid210x_device byte recv 00 atn 0 eoi 0
+4657.800880840: grid210x_device byte recv 00 atn 0 eoi 0
+4657.800905841: grid210x_device byte recv 00 atn 0 eoi 0
+4657.800928842: grid210x_device byte recv 00 atn 0 eoi 0
+4657.800951842: grid210x_device byte recv 00 atn 0 eoi 0
+4657.800974843: grid210x_device byte recv 00 atn 0 eoi 0
+4657.800999844: grid210x_device byte recv 00 atn 0 eoi 0
+4657.801023845: grid210x_device byte recv 00 atn 0 eoi 0
+4657.801045845: grid210x_device byte recv 00 atn 0 eoi 0
+4657.801068846: grid210x_device byte recv 00 atn 0 eoi 0
+4657.801091847: grid210x_device byte recv 00 atn 0 eoi 0
+4657.801116848: grid210x_device byte recv 00 atn 0 eoi 0
+4657.801139848: grid210x_device byte recv 00 atn 0 eoi 0
+4657.801162849: grid210x_device byte recv 00 atn 0 eoi 0
+4657.801186850: grid210x_device byte recv 00 atn 0 eoi 0
+4657.801209851: grid210x_device byte recv 00 atn 0 eoi 0
+4657.801232851: grid210x_device byte recv 00 atn 0 eoi 0
+4657.801258852: grid210x_device byte recv 00 atn 0 eoi 0
+4657.801281853: grid210x_device byte recv 00 atn 0 eoi 0
+4657.801304854: grid210x_device byte recv 00 atn 0 eoi 0
+4657.801327855: grid210x_device byte recv 00 atn 0 eoi 0
+4657.801350855: grid210x_device byte recv 00 atn 0 eoi 0
+4657.801374856: grid210x_device byte recv 00 atn 0 eoi 0
+4657.801397857: grid210x_device byte recv 00 atn 0 eoi 0
+4657.801420858: grid210x_device byte recv 00 atn 0 eoi 0
+4657.801443858: grid210x_device byte recv 00 atn 0 eoi 0
+4657.801466859: grid210x_device byte recv 00 atn 0 eoi 0
+4657.801676866: grid210x_device byte recv 00 atn 0 eoi 0
+4657.801714867: grid210x_device byte recv 00 atn 0 eoi 0
+4657.801742868: grid210x_device byte recv 00 atn 0 eoi 0
+4657.801767869: grid210x_device byte recv 00 atn 0 eoi 0
+4657.801790870: grid210x_device byte recv 00 atn 0 eoi 0
+4657.801813870: grid210x_device byte recv 00 atn 0 eoi 0
+4657.801836871: grid210x_device byte recv 00 atn 0 eoi 0
+4657.801859872: grid210x_device byte recv 00 atn 0 eoi 0
+4657.801884873: grid210x_device byte recv 00 atn 0 eoi 0
+4657.801908873: grid210x_device byte recv 00 atn 0 eoi 0
+4657.801930874: grid210x_device byte recv 00 atn 0 eoi 0
+4657.801954875: grid210x_device byte recv 00 atn 0 eoi 0
+4657.801977876: grid210x_device byte recv 00 atn 0 eoi 0
+4657.802003876: grid210x_device byte recv 00 atn 0 eoi 0
+4657.802026877: grid210x_device byte recv 00 atn 0 eoi 0
+4657.802077879: grid210x_device byte recv 00 atn 0 eoi 0
+4657.802106880: grid210x_device byte recv 00 atn 0 eoi 0
+4657.802133881: grid210x_device byte recv 00 atn 0 eoi 0
+4657.802157881: grid210x_device byte recv 1f atn 0 eoi 0
+4657.802179882: grid210x_device byte recv 40 atn 0 eoi 0
+4657.802202883: grid210x_device byte recv 21 atn 0 eoi 0
+4657.802223884: grid210x_device byte recv 01 atn 0 eoi 0
+4657.802248884: grid210x_device byte recv 00 atn 0 eoi 0
+4657.802271885: grid210x_device byte recv 00 atn 0 eoi 0
+4657.802294886: grid210x_device byte recv d1 atn 0 eoi 0
+4657.802316887: grid210x_device byte recv 02 atn 0 eoi 0
+4657.802338887: grid210x_device byte recv ff atn 0 eoi 0
+4657.802360888: grid210x_device byte recv ff atn 0 eoi 0
+4657.802384889: grid210x_device byte recv 21 atn 0 eoi 0
+4657.802406889: grid210x_device byte recv 01 atn 0 eoi 0
+4657.802428890: grid210x_device byte recv ff atn 0 eoi 0
+4657.802450891: grid210x_device byte recv ff atn 0 eoi 0
+4657.802471892: grid210x_device byte recv 22 atn 0 eoi 0
+4657.802733900: grid210x_device byte recv 01 atn 0 eoi 0
+4657.802777901: grid210x_device byte recv ff atn 0 eoi 0
+4657.802801902: grid210x_device byte recv ff atn 0 eoi 0
+4657.802823903: grid210x_device byte recv ff atn 0 eoi 0
+4657.802846904: grid210x_device byte recv ff atn 0 eoi 0
+4657.802870904: grid210x_device byte recv ff atn 0 eoi 0
+4657.802892905: grid210x_device byte recv ff atn 0 eoi 0
+4657.802914906: grid210x_device byte recv ff atn 0 eoi 0
+4657.802936907: grid210x_device byte recv ff atn 0 eoi 0
+4657.802958907: grid210x_device byte recv ff atn 0 eoi 0
+4657.803204915: grid210x_device byte recv ff atn 0 eoi 0
+4657.803240916: grid210x_device byte recv ff atn 0 eoi 0
+4657.803264917: grid210x_device byte recv ff atn 0 eoi 0
+4657.803287918: grid210x_device byte recv ff atn 0 eoi 0
+4657.803309919: grid210x_device byte recv ff atn 0 eoi 0
+4657.803331919: grid210x_device byte recv ff atn 0 eoi 0
+4657.803352920: grid210x_device byte recv ff atn 0 eoi 0
+4657.803377921: grid210x_device byte recv ff atn 0 eoi 0
+4657.803399922: grid210x_device byte recv ff atn 0 eoi 0
+4657.803421922: grid210x_device byte recv ff atn 0 eoi 0
+4657.803443923: grid210x_device byte recv ff atn 0 eoi 0
+4657.803465924: grid210x_device byte recv ff atn 0 eoi 0
+4657.803489924: grid210x_device byte recv ff atn 0 eoi 0
+4657.803512925: grid210x_device byte recv ff atn 0 eoi 0
+4657.803534926: grid210x_device byte recv ff atn 0 eoi 0
+4657.803556927: grid210x_device byte recv ff atn 0 eoi 0
+4657.803578927: grid210x_device byte recv ff atn 0 eoi 0
+4657.803600928: grid210x_device byte recv ff atn 0 eoi 0
+4657.803624929: grid210x_device byte recv ff atn 0 eoi 0
+4657.803646930: grid210x_device byte recv ff atn 0 eoi 0
+4657.803856936: grid210x_device byte recv ff atn 0 eoi 0
+4657.803889937: grid210x_device byte recv ff atn 0 eoi 0
+4657.803913938: grid210x_device byte recv ff atn 0 eoi 0
+4657.803936939: grid210x_device byte recv ff atn 0 eoi 0
+4657.803959940: grid210x_device byte recv ff atn 0 eoi 0
+4657.803981940: grid210x_device byte recv ff atn 0 eoi 0
+4657.804006941: grid210x_device byte recv ff atn 0 eoi 0
+4657.804029942: grid210x_device byte recv ff atn 0 eoi 0
+4657.804051943: grid210x_device byte recv ff atn 0 eoi 0
+4657.804074943: grid210x_device byte recv ff atn 0 eoi 0
+4657.804096944: grid210x_device byte recv ff atn 0 eoi 0
+4657.804119945: grid210x_device byte recv ff atn 0 eoi 0
+4657.804142946: grid210x_device byte recv ff atn 0 eoi 0
+4657.804164946: grid210x_device byte recv ff atn 0 eoi 0
+4657.804187947: grid210x_device byte recv ff atn 0 eoi 0
+4657.804209948: grid210x_device byte recv ff atn 0 eoi 0
+4657.804230948: grid210x_device byte recv ff atn 0 eoi 0
+4657.804255949: grid210x_device byte recv ff atn 0 eoi 0
+4657.804277950: grid210x_device byte recv ff atn 0 eoi 0
+4657.804299951: grid210x_device byte recv ff atn 0 eoi 0
+4657.804321951: grid210x_device byte recv ff atn 0 eoi 0
+4657.804343952: grid210x_device byte recv ff atn 0 eoi 0
+4657.804366953: grid210x_device byte recv ff atn 0 eoi 0
+4657.804389954: grid210x_device byte recv ff atn 0 eoi 0
+4657.804411954: grid210x_device byte recv ff atn 0 eoi 0
+4657.804433955: grid210x_device byte recv ff atn 0 eoi 0
+4657.804455956: grid210x_device byte recv ff atn 0 eoi 0
+4657.804476956: grid210x_device byte recv ff atn 0 eoi 0
+4657.804499957: grid210x_device byte recv ff atn 0 eoi 0
+4657.804522958: grid210x_device byte recv ff atn 0 eoi 0
+4657.804544959: grid210x_device byte recv ff atn 0 eoi 0
+4657.804566959: grid210x_device byte recv ff atn 0 eoi 0
+4657.804587960: grid210x_device byte recv ff atn 0 eoi 0
+4657.804609961: grid210x_device byte recv ff atn 0 eoi 0
+4657.804632961: grid210x_device byte recv ff atn 0 eoi 0
+4657.804655962: grid210x_device byte recv ff atn 0 eoi 0
+4657.804676963: grid210x_device byte recv ff atn 0 eoi 0
+4657.804697963: grid210x_device byte recv ff atn 0 eoi 0
+4657.804719964: grid210x_device byte recv ff atn 0 eoi 0
+4657.804743965: grid210x_device byte recv ff atn 0 eoi 0
+4657.804909970: grid210x_device byte recv ff atn 0 eoi 0
+4657.804937971: grid210x_device byte recv ff atn 0 eoi 0
+4657.804959972: grid210x_device byte recv ff atn 0 eoi 0
+4657.804981973: grid210x_device byte recv ff atn 0 eoi 0
+4657.805005973: grid210x_device byte recv ff atn 0 eoi 0
+4657.805027974: grid210x_device byte recv ff atn 0 eoi 0
+4657.805049975: grid210x_device byte recv ff atn 0 eoi 0
+4657.805071976: grid210x_device byte recv ff atn 0 eoi 0
+4657.805092976: grid210x_device byte recv ff atn 0 eoi 0
+4657.805115977: grid210x_device byte recv ff atn 0 eoi 0
+4657.805138978: grid210x_device byte recv ff atn 0 eoi 0
+4657.805383986: grid210x_device byte recv ff atn 0 eoi 0
+4657.805414987: grid210x_device byte recv ff atn 0 eoi 0
+4657.805440988: grid210x_device byte recv ff atn 0 eoi 0
+4657.805464988: grid210x_device byte recv ff atn 0 eoi 0
+4657.805488989: grid210x_device byte recv ff atn 0 eoi 0
+4657.805511990: grid210x_device byte recv ff atn 0 eoi 0
+4657.805533991: grid210x_device byte recv ff atn 0 eoi 0
+4657.805555991: grid210x_device byte recv ff atn 0 eoi 0
+4657.805576992: grid210x_device byte recv ff atn 0 eoi 0
+4657.805598993: grid210x_device byte recv ff atn 0 eoi 0
+4657.805622993: grid210x_device byte recv ff atn 0 eoi 0
+4657.805644994: grid210x_device byte recv ff atn 0 eoi 0
+4657.805667995: grid210x_device byte recv ff atn 0 eoi 0
+4657.805689996: grid210x_device byte recv ff atn 0 eoi 0
+4657.805711996: grid210x_device byte recv ff atn 0 eoi 0
+4657.805733997: grid210x_device byte recv ff atn 0 eoi 0
+4657.805759998: grid210x_device byte recv ff atn 0 eoi 0
+4657.805780999: grid210x_device byte recv ff atn 0 eoi 0
+4657.806003006: grid210x_device byte recv ff atn 0 eoi 0
+4657.806045007: grid210x_device byte recv ff atn 0 eoi 0
+4657.806071008: grid210x_device byte recv ff atn 0 eoi 0
+4657.806094009: grid210x_device byte recv ff atn 0 eoi 0
+4657.806118009: grid210x_device byte recv ff atn 0 eoi 0
+4657.806141010: grid210x_device byte recv ff atn 0 eoi 0
+4657.806163011: grid210x_device byte recv ff atn 0 eoi 0
+4657.806186012: grid210x_device byte recv ff atn 0 eoi 0
+4657.806207012: grid210x_device byte recv ff atn 0 eoi 0
+4657.806229013: grid210x_device byte recv ff atn 0 eoi 0
+4657.806253014: grid210x_device byte recv ff atn 0 eoi 0
+4657.806275014: grid210x_device byte recv ff atn 0 eoi 0
+4657.806297015: grid210x_device byte recv ff atn 0 eoi 0
+4657.806319016: grid210x_device byte recv ff atn 0 eoi 0
+4657.806341017: grid210x_device byte recv ff atn 0 eoi 0
+4657.806365017: grid210x_device byte recv ff atn 0 eoi 0
+4657.806387018: grid210x_device byte recv ff atn 0 eoi 0
+4657.806409019: grid210x_device byte recv ff atn 0 eoi 0
+4657.806431020: grid210x_device byte recv ff atn 0 eoi 0
+4657.806453020: grid210x_device byte recv ff atn 0 eoi 0
+4657.806475021: grid210x_device byte recv ff atn 0 eoi 0
+4657.806552023: grid210x_device byte recv ff atn 0 eoi 0
+4657.806581024: grid210x_device byte recv ff atn 0 eoi 0
+4657.806605025: grid210x_device byte recv ff atn 0 eoi 0
+4657.806669027: grid210x_device byte recv ff atn 0 eoi 0
+4657.806694028: grid210x_device byte recv ff atn 0 eoi 0
+4657.806718029: grid210x_device byte recv ff atn 0 eoi 0
+4657.806744030: grid210x_device byte recv ff atn 0 eoi 0
+4657.806766030: grid210x_device byte recv ff atn 0 eoi 0
+4657.806789031: grid210x_device byte recv ff atn 0 eoi 0
+4657.806810032: grid210x_device byte recv ff atn 0 eoi 0
+4657.806832032: grid210x_device byte recv ff atn 0 eoi 0
+4657.806854033: grid210x_device byte recv ff atn 0 eoi 0
+4657.806878034: grid210x_device byte recv ff atn 0 eoi 0
+4657.806901035: grid210x_device byte recv ff atn 0 eoi 0
+4657.807061040: grid210x_device byte recv ff atn 0 eoi 0
+4657.807097041: grid210x_device byte recv ff atn 0 eoi 0
+4657.807124042: grid210x_device byte recv ff atn 0 eoi 0
+4657.807146043: grid210x_device byte recv ff atn 0 eoi 0
+4657.807168043: grid210x_device byte recv ff atn 0 eoi 0
+4657.807190044: grid210x_device byte recv ff atn 0 eoi 0
+4657.807212045: grid210x_device byte recv ff atn 0 eoi 0
+4657.807234045: grid210x_device byte recv ff atn 0 eoi 0
+4657.807258046: grid210x_device byte recv ff atn 0 eoi 0
+4657.807280047: grid210x_device byte recv ff atn 0 eoi 0
+4657.807302048: grid210x_device byte recv ff atn 0 eoi 0
+4657.807324048: grid210x_device byte recv ff atn 0 eoi 0
+4657.807345049: grid210x_device byte recv ff atn 0 eoi 0
+4657.807369050: grid210x_device byte recv ff atn 0 eoi 0
+4657.807392051: grid210x_device byte recv ff atn 0 eoi 0
+4657.807413051: grid210x_device byte recv ff atn 0 eoi 0
+4657.807434052: grid210x_device byte recv ff atn 0 eoi 0
+4657.807456053: grid210x_device byte recv ff atn 0 eoi 0
+4657.807724061: grid210x_device byte recv ff atn 0 eoi 0
+4657.807759062: grid210x_device byte recv ff atn 0 eoi 0
+4657.807782063: grid210x_device byte recv ff atn 0 eoi 0
+4657.807804064: grid210x_device byte recv ff atn 0 eoi 0
+4657.807826065: grid210x_device byte recv ff atn 0 eoi 0
+4657.807848065: grid210x_device byte recv ff atn 0 eoi 0
+4657.807872066: grid210x_device byte recv ff atn 0 eoi 0
+4657.807895067: grid210x_device byte recv ff atn 0 eoi 0
+4657.807917068: grid210x_device byte recv ff atn 0 eoi 0
+4657.807939068: grid210x_device byte recv ff atn 0 eoi 0
+4657.807960069: grid210x_device byte recv ff atn 0 eoi 0
+4657.808163076: grid210x_device byte recv ff atn 0 eoi 0
+4657.808198077: grid210x_device byte recv ff atn 0 eoi 0
+4657.808223077: grid210x_device byte recv ff atn 0 eoi 0
+4657.808249078: grid210x_device byte recv ff atn 0 eoi 0
+4657.808272079: grid210x_device byte recv ff atn 0 eoi 0
+4657.808293080: grid210x_device byte recv ff atn 0 eoi 0
+4657.808315080: grid210x_device byte recv ff atn 0 eoi 0
+4657.808337081: grid210x_device byte recv ff atn 0 eoi 0
+4657.808359082: grid210x_device byte recv ff atn 0 eoi 0
+4657.808383083: grid210x_device byte recv ff atn 0 eoi 0
+4657.808405083: grid210x_device byte recv ff atn 0 eoi 0
+4657.808427084: grid210x_device byte recv ff atn 0 eoi 0
+4657.808449085: grid210x_device byte recv ff atn 0 eoi 0
+4657.808471085: grid210x_device byte recv ff atn 0 eoi 0
+4657.808495086: grid210x_device byte recv ff atn 0 eoi 0
+4657.808518087: grid210x_device byte recv ff atn 0 eoi 0
+4657.808539088: grid210x_device byte recv ff atn 0 eoi 0
+4657.808562088: grid210x_device byte recv ff atn 0 eoi 0
+4657.808584089: grid210x_device byte recv ff atn 0 eoi 0
+4657.808606090: grid210x_device byte recv ff atn 0 eoi 0
+4657.808630091: grid210x_device byte recv ff atn 0 eoi 0
+4657.808652091: grid210x_device byte recv ff atn 0 eoi 0
+4657.808674092: grid210x_device byte recv ff atn 0 eoi 0
+4657.808695093: grid210x_device byte recv ff atn 0 eoi 0
+4657.808717093: grid210x_device byte recv ff atn 0 eoi 0
+4657.808741094: grid210x_device byte recv ff atn 0 eoi 0
+4657.808764095: grid210x_device byte recv ff atn 0 eoi 0
+4657.808786096: grid210x_device byte recv ff atn 0 eoi 0
+4657.808808096: grid210x_device byte recv ff atn 0 eoi 0
+4657.808830097: grid210x_device byte recv ff atn 0 eoi 0
+4657.808852098: grid210x_device byte recv ff atn 0 eoi 0
+4657.808876099: grid210x_device byte recv ff atn 0 eoi 0
+4657.808898099: grid210x_device byte recv ff atn 0 eoi 0
+4657.808920100: grid210x_device byte recv ff atn 0 eoi 0
+4657.808942101: grid210x_device byte recv ff atn 0 eoi 0
+4657.808963101: grid210x_device byte recv ff atn 0 eoi 0
+4657.808985102: grid210x_device byte recv ff atn 0 eoi 0
+4657.809009103: grid210x_device byte recv ff atn 0 eoi 0
+4657.809032104: grid210x_device byte recv ff atn 0 eoi 0
+4657.809053104: grid210x_device byte recv ff atn 0 eoi 0
+4657.809203109: grid210x_device byte recv ff atn 0 eoi 0
+4657.809242110: grid210x_device byte recv ff atn 0 eoi 0
+4657.809267111: grid210x_device byte recv ff atn 0 eoi 0
+4657.809290112: grid210x_device byte recv ff atn 0 eoi 0
+4657.809312113: grid210x_device byte recv ff atn 0 eoi 0
+4657.809333113: grid210x_device byte recv ff atn 0 eoi 0
+4657.809355114: grid210x_device byte recv ff atn 0 eoi 0
+4657.809378115: grid210x_device byte recv ff atn 0 eoi 0
+4657.809401116: grid210x_device byte recv ff atn 0 eoi 0
+4657.809422116: grid210x_device byte recv ff atn 0 eoi 0
+4657.809444117: grid210x_device byte recv ff atn 0 eoi 0
+4657.809466118: grid210x_device byte recv ff atn 0 eoi 0
+4657.809488118: grid210x_device byte recv ff atn 0 eoi 0
+4657.809511119: grid210x_device byte recv ff atn 0 eoi 0
+4657.809533120: grid210x_device byte recv ff atn 0 eoi 0
+4657.809554120: grid210x_device byte recv ff atn 0 eoi 0
+4657.809576121: grid210x_device byte recv ff atn 0 eoi 0
+4657.809597122: grid210x_device byte recv ff atn 0 eoi 0
+4657.809620123: grid210x_device byte recv ff atn 0 eoi 0
+4657.809880131: grid210x_device byte recv ff atn 0 eoi 0
+4657.809912132: grid210x_device byte recv ff atn 0 eoi 0
+4657.809935133: grid210x_device byte recv ff atn 0 eoi 0
+4657.809958134: grid210x_device byte recv ff atn 0 eoi 0
+4657.809979134: grid210x_device byte recv ff atn 0 eoi 0
+4657.810310145: grid210x_device byte recv ff atn 0 eoi 0
+4657.810352146: grid210x_device byte recv ff atn 0 eoi 0
+4657.810382147: grid210x_device byte recv ff atn 0 eoi 0
+4657.810405148: grid210x_device byte recv ff atn 0 eoi 0
+4657.810427149: grid210x_device byte recv ff atn 0 eoi 0
+4657.810449149: grid210x_device byte recv ff atn 0 eoi 0
+4657.810471150: grid210x_device byte recv ff atn 0 eoi 0
+4657.810495151: grid210x_device byte recv ff atn 0 eoi 0
+4657.810517152: grid210x_device byte recv ff atn 0 eoi 0
+4657.811845195: grid210x_device byte recv ff atn 0 eoi 1
+4657.811890196: grid210x_device byte recv 3f atn 1 eoi 0
+4657.811909197: grid210x_device now not listening
+4657.812998232: grid210x_device byte recv 18 atn 1 eoi 0
+4657.813107235: grid210x_device byte recv 45 atn 1 eoi 0
+4657.813128236: grid210x_device now talking
+4657.813151237: grid210x_device byte send 4f eoi 0
+4657.813244240: grid210x_device byte recv 19 atn 1 eoi 0
+4657.813286241: grid210x_device byte recv 5f atn 1 eoi 0
+4657.813301242: grid210x_device now not talking
+4657.814822291: grid210x_device byte recv 45 atn 1 eoi 0
+4657.814858292: grid210x_device now talking
+4657.815840324: grid210x_device byte send 00 eoi 0
+4657.816341340: grid210x_device byte send 00 eoi 0
+4657.816377341: grid210x_device byte send 00 eoi 0
+4657.816408342: grid210x_device byte send 00 eoi 0
+4657.816437343: grid210x_device byte send 00 eoi 0
+4657.816466344: grid210x_device byte send 00 eoi 0
+4657.816496345: grid210x_device byte send 00 eoi 1
+4657.817005361: grid210x_device byte recv 5f atn 1 eoi 0
+4657.817036362: grid210x_device now not talking
+4657.820382471: grid210x_device byte recv 25 atn 1 eoi 0
+4657.820422472: grid210x_device now listening
+4657.821793516: grid210x_device byte recv 04 atn 0 eoi 0
+4657.821966522: grid210x_device byte recv 00 atn 0 eoi 0
+4657.821998523: grid210x_device byte recv 00 atn 0 eoi 0
+4657.822023524: grid210x_device byte recv 21 atn 0 eoi 0
+4657.822046524: grid210x_device byte recv 01 atn 0 eoi 0
+4657.822069525: grid210x_device byte recv 00 atn 0 eoi 0
+4657.822092526: grid210x_device byte recv 00 atn 0 eoi 0
+4657.822118527: grid210x_device byte recv 00 atn 0 eoi 0
+4657.822141527: grid210x_device byte recv 02 atn 0 eoi 0
+4657.823474571: grid210x_device byte recv 00 atn 0 eoi 1
+4657.823523572: grid210x_device byte recv 3f atn 1 eoi 0
+4657.823543573: grid210x_device now not listening
+4657.823554573: grid210x_device command 4, data size 512, sector no 289
+4657.824630608: grid210x_device byte recv 18 atn 1 eoi 0
+4657.824742612: grid210x_device byte recv 45 atn 1 eoi 0
+4657.824760612: grid210x_device now talking
+4657.824782613: grid210x_device byte send 4f eoi 0
+4657.824874616: grid210x_device byte recv 19 atn 1 eoi 0
+4657.824918617: grid210x_device byte recv 5f atn 1 eoi 0
+4657.824934618: grid210x_device now not talking
+4657.826486668: grid210x_device byte recv 45 atn 1 eoi 0
+4657.826526669: grid210x_device now talking
+4657.827506701: grid210x_device byte send 21 eoi 0
+4657.828004717: grid210x_device byte send 01 eoi 0
+4657.828039718: grid210x_device byte send 00 eoi 0
+4657.828068719: grid210x_device byte send 00 eoi 0
+4657.828095720: grid210x_device byte send f8 eoi 0
+4657.828124721: grid210x_device byte send 01 eoi 0
+4657.828278726: grid210x_device byte send 00 eoi 0
+4657.828323727: grid210x_device byte send 00 eoi 0
+4657.828355728: grid210x_device byte send 00 eoi 0
+4657.828388729: grid210x_device byte send 20 eoi 0
+4657.828415730: grid210x_device byte send 20 eoi 0
+4657.828442731: grid210x_device byte send 20 eoi 0
+4657.828470732: grid210x_device byte send 20 eoi 0
+4657.828499733: grid210x_device byte send 20 eoi 0
+4657.828527734: grid210x_device byte send 20 eoi 0
+4657.828554735: grid210x_device byte send 20 eoi 0
+4657.828893746: grid210x_device byte send 20 eoi 0
+4657.828929747: grid210x_device byte send 20 eoi 0
+4657.828957748: grid210x_device byte send 20 eoi 0
+4657.828985749: grid210x_device byte send 20 eoi 0
+4657.829014750: grid210x_device byte send 20 eoi 0
+4657.829042751: grid210x_device byte send 20 eoi 0
+4657.829069751: grid210x_device byte send 20 eoi 0
+4657.829096752: grid210x_device byte send 20 eoi 0
+4657.829125753: grid210x_device byte send 20 eoi 0
+4657.829153754: grid210x_device byte send 20 eoi 0
+4657.829181755: grid210x_device byte send 20 eoi 0
+4657.829391762: grid210x_device byte send 20 eoi 0
+4657.829435763: grid210x_device byte send 20 eoi 0
+4657.829466764: grid210x_device byte send 20 eoi 0
+4657.829498765: grid210x_device byte send 20 eoi 0
+4657.829527766: grid210x_device byte send 20 eoi 0
+4657.829554767: grid210x_device byte send 20 eoi 0
+4657.829581768: grid210x_device byte send 20 eoi 0
+4657.829608769: grid210x_device byte send 20 eoi 0
+4657.829638770: grid210x_device byte send 20 eoi 0
+4657.829665771: grid210x_device byte send 20 eoi 0
+4657.829693772: grid210x_device byte send 20 eoi 0
+4657.829720772: grid210x_device byte send 20 eoi 0
+4657.829749773: grid210x_device byte send 20 eoi 0
+4657.829777774: grid210x_device byte send 20 eoi 0
+4657.829805775: grid210x_device byte send 20 eoi 0
+4657.829831776: grid210x_device byte send 20 eoi 0
+4657.829859777: grid210x_device byte send 20 eoi 0
+4657.829889778: grid210x_device byte send 20 eoi 0
+4657.829916779: grid210x_device byte send 20 eoi 0
+4657.829943780: grid210x_device byte send 20 eoi 0
+4657.829970781: grid210x_device byte send 20 eoi 0
+4657.829999781: grid210x_device byte send 20 eoi 0
+4657.830105785: grid210x_device byte send 20 eoi 0
+4657.830141786: grid210x_device byte send 20 eoi 0
+4657.830169787: grid210x_device byte send 20 eoi 0
+4657.830197788: grid210x_device byte send 20 eoi 0
+4657.830225789: grid210x_device byte send 20 eoi 0
+4657.830254790: grid210x_device byte send 20 eoi 0
+4657.830282791: grid210x_device byte send 20 eoi 0
+4657.830441796: grid210x_device byte send 20 eoi 0
+4657.830484797: grid210x_device byte send 20 eoi 0
+4657.830580800: grid210x_device byte send 20 eoi 0
+4657.830647802: grid210x_device byte send 20 eoi 0
+4657.830685804: grid210x_device byte send 20 eoi 0
+4657.830715805: grid210x_device byte send 20 eoi 0
+4657.830746806: grid210x_device byte send 20 eoi 0
+4657.830774807: grid210x_device byte send 20 eoi 0
+4657.830801807: grid210x_device byte send 20 eoi 0
+4657.830829808: grid210x_device byte send 20 eoi 0
+4657.830856809: grid210x_device byte send 20 eoi 0
+4657.830885810: grid210x_device byte send 20 eoi 0
+4657.830914811: grid210x_device byte send 20 eoi 0
+4657.830940812: grid210x_device byte send 20 eoi 0
+4657.830968813: grid210x_device byte send 20 eoi 0
+4657.830997814: grid210x_device byte send 20 eoi 0
+4657.831024815: grid210x_device byte send 20 eoi 0
+4657.831051816: grid210x_device byte send 20 eoi 0
+4657.831077816: grid210x_device byte send 20 eoi 0
+4657.831104817: grid210x_device byte send 20 eoi 0
+4657.831134818: grid210x_device byte send 20 eoi 0
+4657.831161819: grid210x_device byte send 20 eoi 0
+4657.831189820: grid210x_device byte send 20 eoi 0
+4657.831216821: grid210x_device byte send 20 eoi 0
+4657.831245822: grid210x_device byte send 20 eoi 0
+4657.831272823: grid210x_device byte send 20 eoi 0
+4657.831299824: grid210x_device byte send 20 eoi 0
+4657.831326824: grid210x_device byte send 20 eoi 0
+4657.831352825: grid210x_device byte send 20 eoi 0
+4657.831547832: grid210x_device byte send 20 eoi 0
+4657.831583833: grid210x_device byte send 20 eoi 0
+4657.831613834: grid210x_device byte send 20 eoi 0
+4657.831643835: grid210x_device byte send 20 eoi 0
+4657.831673836: grid210x_device byte send bf eoi 0
+4657.831700836: grid210x_device byte send 07 eoi 0
+4657.831730837: grid210x_device byte send 01 eoi 0
+4657.831761838: grid210x_device byte send 10 eoi 0
+4657.831788839: grid210x_device byte send 0c eoi 0
+4657.831816840: grid210x_device byte send 2d eoi 0
+4657.832150851: grid210x_device byte send 3b eoi 0
+4657.832189852: grid210x_device byte send 04 eoi 0
+4657.832220853: grid210x_device byte send 02 eoi 0
+4657.832253854: grid210x_device byte send 10 eoi 0
+4657.832282855: grid210x_device byte send 00 eoi 0
+4657.832310856: grid210x_device byte send 21 eoi 0
+4657.832338857: grid210x_device byte send 01 eoi 0
+4657.832369858: grid210x_device byte send bf eoi 0
+4657.832396859: grid210x_device byte send 07 eoi 0
+4657.832425860: grid210x_device byte send 01 eoi 0
+4657.832677868: grid210x_device byte send 10 eoi 0
+4657.832709869: grid210x_device byte send 0c eoi 0
+4657.832742870: grid210x_device byte send 33 eoi 0
+4657.832772871: grid210x_device byte send 36 eoi 0
+4657.832800872: grid210x_device byte send 07 eoi 0
+4657.832828873: grid210x_device byte send 02 eoi 0
+4657.832856874: grid210x_device byte send 10 eoi 0
+4657.832886875: grid210x_device byte send 00 eoi 0
+4657.832916876: grid210x_device byte send 00 eoi 0
+4657.832944877: grid210x_device byte send 00 eoi 0
+4657.832972878: grid210x_device byte send 00 eoi 0
+4657.833002879: grid210x_device byte send 00 eoi 0
+4657.833031880: grid210x_device byte send 00 eoi 0
+4657.833059880: grid210x_device byte send 00 eoi 0
+4657.833088881: grid210x_device byte send 00 eoi 0
+4657.833118882: grid210x_device byte send 00 eoi 0
+4657.833147883: grid210x_device byte send 00 eoi 0
+4657.833176884: grid210x_device byte send 00 eoi 0
+4657.833204885: grid210x_device byte send 00 eoi 0
+4657.833233886: grid210x_device byte send 00 eoi 0
+4657.833264887: grid210x_device byte send 00 eoi 0
+4657.833293888: grid210x_device byte send 00 eoi 0
+4657.833321889: grid210x_device byte send 00 eoi 0
+4657.833349890: grid210x_device byte send 00 eoi 0
+4657.833379891: grid210x_device byte send 00 eoi 0
+4657.833409892: grid210x_device byte send 01 eoi 0
+4657.833437893: grid210x_device byte send 05 eoi 0
+4657.833466894: grid210x_device byte send 29 eoi 0
+4657.833494894: grid210x_device byte send ff eoi 0
+4657.833521895: grid210x_device byte send 47 eoi 0
+4657.833549896: grid210x_device byte send c7 eoi 0
+4657.833718902: grid210x_device byte send 17 eoi 0
+4657.833754903: grid210x_device byte send 00 eoi 0
+4657.833786904: grid210x_device byte send 00 eoi 0
+4657.833816905: grid210x_device byte send 00 eoi 0
+4657.833844906: grid210x_device byte send 01 eoi 0
+4657.833875907: grid210x_device byte send 00 eoi 0
+4657.833903908: grid210x_device byte send 00 eoi 0
+4657.833933909: grid210x_device byte send 00 eoi 0
+4657.833961910: grid210x_device byte send 00 eoi 0
+4657.833990911: grid210x_device byte send 00 eoi 0
+4657.834018911: grid210x_device byte send 00 eoi 0
+4657.834045912: grid210x_device byte send 00 eoi 0
+4657.834072913: grid210x_device byte send 00 eoi 0
+4657.834099914: grid210x_device byte send 00 eoi 0
+4657.834129915: grid210x_device byte send 00 eoi 0
+4657.834157916: grid210x_device byte send 00 eoi 0
+4657.834184917: grid210x_device byte send 00 eoi 0
+4657.834212918: grid210x_device byte send 00 eoi 0
+4657.834241919: grid210x_device byte send 00 eoi 0
+4657.834270920: grid210x_device byte send 00 eoi 0
+4657.834298920: grid210x_device byte send 00 eoi 0
+4657.834326921: grid210x_device byte send 00 eoi 0
+4657.834353922: grid210x_device byte send 00 eoi 0
+4657.834383923: grid210x_device byte send 00 eoi 0
+4657.834412924: grid210x_device byte send 00 eoi 0
+4657.834440925: grid210x_device byte send 00 eoi 0
+4657.834468926: grid210x_device byte send 00 eoi 0
+4657.834497927: grid210x_device byte send 00 eoi 0
+4657.834524928: grid210x_device byte send 00 eoi 0
+4657.834552929: grid210x_device byte send 00 eoi 0
+4657.834580930: grid210x_device byte send 00 eoi 0
+4657.834736935: grid210x_device byte send 00 eoi 0
+4657.834784936: grid210x_device byte send 00 eoi 0
+4657.834815937: grid210x_device byte send 00 eoi 0
+4657.834845938: grid210x_device byte send 00 eoi 0
+4657.834874939: grid210x_device byte send 00 eoi 0
+4657.834903940: grid210x_device byte send 00 eoi 0
+4657.835168949: grid210x_device byte send 00 eoi 0
+4657.835208950: grid210x_device byte send 00 eoi 0
+4657.835240951: grid210x_device byte send 00 eoi 0
+4657.835270952: grid210x_device byte send 00 eoi 0
+4657.835298953: grid210x_device byte send 00 eoi 0
+4657.835327954: grid210x_device byte send 00 eoi 0
+4657.835355955: grid210x_device byte send 00 eoi 0
+4657.835386956: grid210x_device byte send 00 eoi 0
+4657.835587962: grid210x_device byte send 00 eoi 0
+4657.835618963: grid210x_device byte send 00 eoi 0
+4657.835647964: grid210x_device byte send 00 eoi 0
+4657.835859971: grid210x_device byte send 00 eoi 0
+4657.835904972: grid210x_device byte send 00 eoi 0
+4657.835936973: grid210x_device byte send 00 eoi 0
+4657.835966974: grid210x_device byte send 00 eoi 0
+4657.835996975: grid210x_device byte send 00 eoi 0
+4657.836025976: grid210x_device byte send 00 eoi 0
+4657.836054977: grid210x_device byte send 00 eoi 0
+4657.836082978: grid210x_device byte send 00 eoi 0
+4657.836109979: grid210x_device byte send 00 eoi 0
+4657.836140980: grid210x_device byte send 00 eoi 0
+4657.836168981: grid210x_device byte send 00 eoi 0
+4657.836197982: grid210x_device byte send 00 eoi 0
+4657.836225983: grid210x_device byte send 00 eoi 0
+4657.836256984: grid210x_device byte send 00 eoi 0
+4657.836283985: grid210x_device byte send 00 eoi 0
+4657.836312986: grid210x_device byte send 00 eoi 0
+4657.836340987: grid210x_device byte send 00 eoi 0
+4657.836370987: grid210x_device byte send 00 eoi 0
+4657.836398988: grid210x_device byte send 1f eoi 0
+4657.836425989: grid210x_device byte send 40 eoi 0
+4657.836453990: grid210x_device byte send 21 eoi 0
+4657.836480991: grid210x_device byte send 01 eoi 0
+4657.836510992: grid210x_device byte send 00 eoi 0
+4657.836538993: grid210x_device byte send 00 eoi 0
+4657.836567994: grid210x_device byte send d1 eoi 0
+4657.836593995: grid210x_device byte send 02 eoi 0
+4657.836623996: grid210x_device byte send ff eoi 0
+4657.836650997: grid210x_device byte send ff eoi 0
+4657.836677997: grid210x_device byte send 21 eoi 0
+4657.836705998: grid210x_device byte send 01 eoi 0
+4657.836733999: grid210x_device byte send ff eoi 0
+4657.836895004: grid210x_device byte send ff eoi 0
+4657.836949006: grid210x_device byte send 22 eoi 0
+4657.836982007: grid210x_device byte send 01 eoi 0
+4657.837018008: grid210x_device byte send ff eoi 0
+4657.837046009: grid210x_device byte send ff eoi 0
+4657.837074010: grid210x_device byte send ff eoi 0
+4657.837101011: grid210x_device byte send ff eoi 0
+4657.837130012: grid210x_device byte send ff eoi 0
+4657.837159013: grid210x_device byte send ff eoi 0
+4657.837186014: grid210x_device byte send ff eoi 0
+4657.837212015: grid210x_device byte send ff eoi 0
+4657.837240016: grid210x_device byte send ff eoi 0
+4657.837267016: grid210x_device byte send ff eoi 0
+4657.837294017: grid210x_device byte send ff eoi 0
+4657.837320018: grid210x_device byte send ff eoi 0
+4657.837346019: grid210x_device byte send ff eoi 0
+4657.837374020: grid210x_device byte send ff eoi 0
+4657.837400021: grid210x_device byte send ff eoi 0
+4657.837426022: grid210x_device byte send ff eoi 0
+4657.837452022: grid210x_device byte send ff eoi 0
+4657.837478023: grid210x_device byte send ff eoi 0
+4657.837507024: grid210x_device byte send ff eoi 0
+4657.837533025: grid210x_device byte send ff eoi 0
+4657.837559026: grid210x_device byte send ff eoi 0
+4657.837585027: grid210x_device byte send ff eoi 0
+4657.837611028: grid210x_device byte send ff eoi 0
+4657.837640028: grid210x_device byte send ff eoi 0
+4657.837666029: grid210x_device byte send ff eoi 0
+4657.837693030: grid210x_device byte send ff eoi 0
+4657.837719031: grid210x_device byte send ff eoi 0
+4657.837748032: grid210x_device byte send ff eoi 0
+4657.837775033: grid210x_device byte send ff eoi 0
+4657.837802034: grid210x_device byte send ff eoi 0
+4657.837981040: grid210x_device byte send ff eoi 0
+4657.838018041: grid210x_device byte send ff eoi 0
+4657.838046042: grid210x_device byte send ff eoi 0
+4657.838073042: grid210x_device byte send ff eoi 0
+4657.838356052: grid210x_device byte send ff eoi 0
+4657.838396053: grid210x_device byte send ff eoi 0
+4657.838425054: grid210x_device byte send ff eoi 0
+4657.838453055: grid210x_device byte send ff eoi 0
+4657.838480056: grid210x_device byte send ff eoi 0
+4657.838572059: grid210x_device byte send ff eoi 0
+4657.838605060: grid210x_device byte send ff eoi 0
+4657.838678062: grid210x_device byte send ff eoi 0
+4657.838708063: grid210x_device byte send ff eoi 0
+4657.838737064: grid210x_device byte send ff eoi 0
+4657.838768065: grid210x_device byte send ff eoi 0
+4657.838796066: grid210x_device byte send ff eoi 0
+4657.838824067: grid210x_device byte send ff eoi 0
+4657.838850068: grid210x_device byte send ff eoi 0
+4657.839060074: grid210x_device byte send ff eoi 0
+4657.839105076: grid210x_device byte send ff eoi 0
+4657.839138077: grid210x_device byte send ff eoi 0
+4657.839167078: grid210x_device byte send ff eoi 0
+4657.839194079: grid210x_device byte send ff eoi 0
+4657.839221080: grid210x_device byte send ff eoi 0
+4657.839250081: grid210x_device byte send ff eoi 0
+4657.839277081: grid210x_device byte send ff eoi 0
+4657.839304082: grid210x_device byte send ff eoi 0
+4657.839330083: grid210x_device byte send ff eoi 0
+4657.839357084: grid210x_device byte send ff eoi 0
+4657.839387085: grid210x_device byte send ff eoi 0
+4657.839414086: grid210x_device byte send ff eoi 0
+4657.839441087: grid210x_device byte send ff eoi 0
+4657.839468088: grid210x_device byte send ff eoi 0
+4657.839496089: grid210x_device byte send ff eoi 0
+4657.839523089: grid210x_device byte send ff eoi 0
+4657.839550090: grid210x_device byte send ff eoi 0
+4657.839577091: grid210x_device byte send ff eoi 0
+4657.839604092: grid210x_device byte send ff eoi 0
+4657.839632093: grid210x_device byte send ff eoi 0
+4657.839659094: grid210x_device byte send ff eoi 0
+4657.839685095: grid210x_device byte send ff eoi 0
+4657.839712095: grid210x_device byte send ff eoi 0
+4657.839740096: grid210x_device byte send ff eoi 0
+4657.839769097: grid210x_device byte send ff eoi 0
+4657.839796098: grid210x_device byte send ff eoi 0
+4657.839823099: grid210x_device byte send ff eoi 0
+4657.839850100: grid210x_device byte send ff eoi 0
+4657.839879101: grid210x_device byte send ff eoi 0
+4657.839905102: grid210x_device byte send ff eoi 0
+4657.839932103: grid210x_device byte send ff eoi 0
+4657.839958103: grid210x_device byte send ff eoi 0
+4657.840203111: grid210x_device byte send ff eoi 0
+4657.840248113: grid210x_device byte send ff eoi 0
+4657.840277114: grid210x_device byte send ff eoi 0
+4657.840305115: grid210x_device byte send ff eoi 0
+4657.840331115: grid210x_device byte send ff eoi 0
+4657.840358116: grid210x_device byte send ff eoi 0
+4657.840386117: grid210x_device byte send ff eoi 0
+4657.840412118: grid210x_device byte send ff eoi 0
+4657.840439119: grid210x_device byte send ff eoi 0
+4657.840465120: grid210x_device byte send ff eoi 0
+4657.840494121: grid210x_device byte send ff eoi 0
+4657.840520122: grid210x_device byte send ff eoi 0
+4657.840547122: grid210x_device byte send ff eoi 0
+4657.840573123: grid210x_device byte send ff eoi 0
+4657.840599124: grid210x_device byte send ff eoi 0
+4657.840628125: grid210x_device byte send ff eoi 0
+4657.840654126: grid210x_device byte send ff eoi 0
+4657.840680127: grid210x_device byte send ff eoi 0
+4657.840707128: grid210x_device byte send ff eoi 0
+4657.840733128: grid210x_device byte send ff eoi 0
+4657.840762129: grid210x_device byte send ff eoi 0
+4657.840789130: grid210x_device byte send ff eoi 0
+4657.840815131: grid210x_device byte send ff eoi 0
+4657.840841132: grid210x_device byte send ff eoi 0
+4657.840870133: grid210x_device byte send ff eoi 0
+4657.840896134: grid210x_device byte send ff eoi 0
+4657.840922135: grid210x_device byte send ff eoi 0
+4657.840949135: grid210x_device byte send ff eoi 0
+4657.840975136: grid210x_device byte send ff eoi 0
+4657.841004137: grid210x_device byte send ff eoi 0
+4657.841030138: grid210x_device byte send ff eoi 0
+4657.841057139: grid210x_device byte send ff eoi 0
+4657.841542155: grid210x_device byte send ff eoi 0
+4657.841579156: grid210x_device byte send ff eoi 0
+4657.841607157: grid210x_device byte send ff eoi 0
+4657.841638158: grid210x_device byte send ff eoi 0
+4657.841666159: grid210x_device byte send ff eoi 0
+4657.841693160: grid210x_device byte send ff eoi 0
+4657.841719160: grid210x_device byte send ff eoi 0
+4657.841749161: grid210x_device byte send ff eoi 0
+4657.841777162: grid210x_device byte send ff eoi 0
+4657.841804163: grid210x_device byte send ff eoi 0
+4657.841831164: grid210x_device byte send ff eoi 0
+4657.841858165: grid210x_device byte send ff eoi 0
+4657.841888166: grid210x_device byte send ff eoi 0
+4657.841915167: grid210x_device byte send ff eoi 0
+4657.841941168: grid210x_device byte send ff eoi 0
+4657.841968168: grid210x_device byte send ff eoi 0
+4657.841995169: grid210x_device byte send ff eoi 0
+4657.842035171: grid210x_device byte send ff eoi 0
+4657.842065172: grid210x_device byte send ff eoi 0
+4657.842093172: grid210x_device byte send ff eoi 0
+4657.842122173: grid210x_device byte send ff eoi 0
+4657.842151174: grid210x_device byte send ff eoi 0
+4657.842393182: grid210x_device byte send ff eoi 0
+4657.842438184: grid210x_device byte send ff eoi 0
+4657.842468185: grid210x_device byte send ff eoi 0
+4657.842499186: grid210x_device byte send ff eoi 0
+4657.842527186: grid210x_device byte send ff eoi 0
+4657.842555187: grid210x_device byte send ff eoi 0
+4657.842582188: grid210x_device byte send ff eoi 0
+4657.842609189: grid210x_device byte send ff eoi 0
+4657.842639190: grid210x_device byte send ff eoi 0
+4657.842666191: grid210x_device byte send ff eoi 0
+4657.842693192: grid210x_device byte send ff eoi 0
+4657.842720193: grid210x_device byte send ff eoi 0
+4657.842749194: grid210x_device byte send ff eoi 0
+4657.842776195: grid210x_device byte send ff eoi 0
+4657.842804195: grid210x_device byte send ff eoi 0
+4657.842830196: grid210x_device byte send ff eoi 0
+4657.842857197: grid210x_device byte send ff eoi 0
+4657.842888198: grid210x_device byte send ff eoi 0
+4657.842915199: grid210x_device byte send ff eoi 0
+4657.842942200: grid210x_device byte send ff eoi 0
+4657.842968201: grid210x_device byte send ff eoi 0
+4657.842997202: grid210x_device byte send ff eoi 0
+4657.843024203: grid210x_device byte send ff eoi 0
+4657.843050203: grid210x_device byte send ff eoi 0
+4657.843077204: grid210x_device byte send ff eoi 0
+4657.843103205: grid210x_device byte send ff eoi 0
+4657.843132206: grid210x_device byte send ff eoi 0
+4657.843160207: grid210x_device byte send ff eoi 0
+4657.843187208: grid210x_device byte send ff eoi 0
+4657.843214209: grid210x_device byte send ff eoi 0
+4657.843243210: grid210x_device byte send ff eoi 0
+4657.843270210: grid210x_device byte send ff eoi 0
+4657.843422215: grid210x_device byte send ff eoi 0
+4657.843466217: grid210x_device byte send ff eoi 0
+4657.843499218: grid210x_device byte send ff eoi 0
+4657.843529219: grid210x_device byte send ff eoi 0
+4657.843555220: grid210x_device byte send ff eoi 0
+4657.843582221: grid210x_device byte send ff eoi 0
+4657.843608221: grid210x_device byte send ff eoi 0
+4657.843637222: grid210x_device byte send ff eoi 0
+4657.843665223: grid210x_device byte send ff eoi 0
+4657.843691224: grid210x_device byte send ff eoi 0
+4657.843717225: grid210x_device byte send ff eoi 0
+4657.843747226: grid210x_device byte send ff eoi 0
+4657.843774227: grid210x_device byte send ff eoi 0
+4657.843801228: grid210x_device byte send ff eoi 0
+4657.843827228: grid210x_device byte send ff eoi 0
+4657.843854229: grid210x_device byte send ff eoi 0
+4657.843883230: grid210x_device byte send ff eoi 0
+4657.843910231: grid210x_device byte send ff eoi 0
+4657.843936232: grid210x_device byte send ff eoi 0
+4657.843962233: grid210x_device byte send ff eoi 0
+4657.843991234: grid210x_device byte send ff eoi 0
+4657.844018235: grid210x_device byte send ff eoi 0
+4657.844044235: grid210x_device byte send ff eoi 0
+4657.844070236: grid210x_device byte send ff eoi 0
+4657.844097237: grid210x_device byte send ff eoi 0
+4657.844558252: grid210x_device byte send ff eoi 0
+4657.844598253: grid210x_device byte send ff eoi 0
+4657.844630254: grid210x_device byte send ff eoi 0
+4657.844658255: grid210x_device byte send ff eoi 0
+4657.844685256: grid210x_device byte send ff eoi 0
+4657.844712257: grid210x_device byte send ff eoi 0
+4657.844742258: grid210x_device byte send ff eoi 0
+4657.844769259: grid210x_device byte send ff eoi 0
+4657.844797260: grid210x_device byte send ff eoi 0
+4657.844823261: grid210x_device byte send ff eoi 0
+4657.844850262: grid210x_device byte send ff eoi 0
+4657.844880262: grid210x_device byte send ff eoi 0
+4657.844906263: grid210x_device byte send ff eoi 0
+4657.844933264: grid210x_device byte send ff eoi 0
+4657.844959265: grid210x_device byte send ff eoi 0
+4657.844987266: grid210x_device byte send ff eoi 0
+4657.845016267: grid210x_device byte send ff eoi 0
+4657.845044268: grid210x_device byte send ff eoi 0
+4657.845071269: grid210x_device byte send ff eoi 0
+4657.845097269: grid210x_device byte send ff eoi 0
+4657.845126270: grid210x_device byte send ff eoi 0
+4657.845154271: grid210x_device byte send ff eoi 0
+4657.845181272: grid210x_device byte send ff eoi 0
+4657.845209273: grid210x_device byte send ff eoi 0
+4657.845236274: grid210x_device byte send ff eoi 0
+4657.845265275: grid210x_device byte send ff eoi 0
+4657.845291276: grid210x_device byte send ff eoi 0
+4657.845318277: grid210x_device byte send ff eoi 0
+4657.845345278: grid210x_device byte send ff eoi 0
+4657.845374278: grid210x_device byte send ff eoi 0
+4657.845401279: grid210x_device byte send ff eoi 0
+4657.845428280: grid210x_device byte send ff eoi 0
+4657.845585285: grid210x_device byte send ff eoi 0
+4657.845629287: grid210x_device byte send ff eoi 0
+4657.845658288: grid210x_device byte send ff eoi 0
+4657.845686289: grid210x_device byte send ff eoi 0
+4657.845713289: grid210x_device byte send ff eoi 0
+4657.845742290: grid210x_device byte send ff eoi 0
+4657.845770291: grid210x_device byte send ff eoi 0
+4657.845798292: grid210x_device byte send ff eoi 0
+4657.845824293: grid210x_device byte send ff eoi 0
+4657.845851294: grid210x_device byte send ff eoi 0
+4657.845879295: grid210x_device byte send ff eoi 0
+4657.845906296: grid210x_device byte send ff eoi 0
+4657.845932296: grid210x_device byte send ff eoi 0
+4657.845959297: grid210x_device byte send ff eoi 0
+4657.845986298: grid210x_device byte send ff eoi 0
+4657.846017299: grid210x_device byte send ff eoi 0
+4657.846044300: grid210x_device byte send ff eoi 0
+4657.846071301: grid210x_device byte send ff eoi 0
+4657.846098302: grid210x_device byte send ff eoi 0
+4657.846126303: grid210x_device byte send ff eoi 0
+4657.846154304: grid210x_device byte send ff eoi 0
+4657.846180304: grid210x_device byte send ff eoi 0
+4657.846207305: grid210x_device byte send ff eoi 0
+4657.846233306: grid210x_device byte send ff eoi 0
+4657.846262307: grid210x_device byte send ff eoi 0
+4657.846289308: grid210x_device byte send ff eoi 0
+4657.846315309: grid210x_device byte send ff eoi 0
+4657.846342310: grid210x_device byte send ff eoi 0
+4657.846370311: grid210x_device byte send ff eoi 0
+4657.846396311: grid210x_device byte send ff eoi 0
+4657.846423312: grid210x_device byte send ff eoi 0
+4657.846450313: grid210x_device byte send ff eoi 0
+4657.846477314: grid210x_device byte send ff eoi 0
+4657.846726322: grid210x_device byte send ff eoi 0
+4657.846772324: grid210x_device byte send ff eoi 0
+4657.846801325: grid210x_device byte send ff eoi 0
+4657.846829325: grid210x_device byte send ff eoi 0
+4657.846855326: grid210x_device byte send ff eoi 0
+4657.846885327: grid210x_device byte send ff eoi 0
+4657.846911328: grid210x_device byte send ff eoi 0
+4657.846938329: grid210x_device byte send ff eoi 0
+4657.846964330: grid210x_device byte send ff eoi 0
+4657.846992331: grid210x_device byte send ff eoi 0
+4657.847020332: grid210x_device byte send ff eoi 0
+4657.847046332: grid210x_device byte send ff eoi 0
+4657.847073333: grid210x_device byte send ff eoi 0
+4657.847099334: grid210x_device byte send ff eoi 0
+4657.847375343: grid210x_device byte send ff eoi 0
+4657.847419345: grid210x_device byte send ff eoi 0
+4657.847448345: grid210x_device byte send ff eoi 0
+4657.847475346: grid210x_device byte send ff eoi 0
+4657.847504347: grid210x_device byte send ff eoi 0
+4657.847531348: grid210x_device byte send ff eoi 0
+4657.847558349: grid210x_device byte send ff eoi 0
+4657.847584350: grid210x_device byte send ff eoi 0
+4657.847611351: grid210x_device byte send ff eoi 0
+4657.847845358: grid210x_device byte send ff eoi 0
+4657.847894360: grid210x_device byte send ff eoi 0
+4657.847923361: grid210x_device byte send ff eoi 0
+4657.847951362: grid210x_device byte send ff eoi 0
+4657.847978363: grid210x_device byte send ff eoi 0
+4657.848007364: grid210x_device byte send ff eoi 0
+4657.848034364: grid210x_device byte send ff eoi 0
+4657.848061365: grid210x_device byte send ff eoi 0
+4657.848088366: grid210x_device byte send ff eoi 0
+4657.848117367: grid210x_device byte send ff eoi 0
+4657.848145368: grid210x_device byte send ff eoi 0
+4657.848172369: grid210x_device byte send ff eoi 0
+4657.848199370: grid210x_device byte send ff eoi 0
+4657.848227371: grid210x_device byte send ff eoi 1
+4657.848729387: grid210x_device byte recv 5f atn 1 eoi 0
+4657.848887392: grid210x_device now not talking
+4657.851446475: grid210x_device byte recv 25 atn 1 eoi 0
+4657.851485476: grid210x_device now listening
+4657.853072527: grid210x_device byte recv 04 atn 0 eoi 0
+4657.853127529: grid210x_device byte recv 00 atn 0 eoi 0
+4657.853155530: grid210x_device byte recv 00 atn 0 eoi 0
+4657.853179531: grid210x_device byte recv 22 atn 0 eoi 0
+4657.853201531: grid210x_device byte recv 01 atn 0 eoi 0
+4657.853224532: grid210x_device byte recv 00 atn 0 eoi 0
+4657.853250533: grid210x_device byte recv 00 atn 0 eoi 0
+4657.853273534: grid210x_device byte recv 00 atn 0 eoi 0
+4657.853296534: grid210x_device byte recv 02 atn 0 eoi 0
+4657.854667579: grid210x_device byte recv 3f atn 1 eoi 0
+4657.854700580: grid210x_device now not listening
+4674.995357031: grid210x_device byte recv 14 atn 1 eoi 0
+4675.526100025: grid210x_device byte recv 25 atn 1 eoi 0
+4675.526152027: grid210x_device now listening
+4675.527507070: grid210x_device byte recv 01 atn 0 eoi 0
+4675.527558072: grid210x_device byte recv 00 atn 0 eoi 0
+4675.527585073: grid210x_device byte recv 00 atn 0 eoi 0
+4675.527611074: grid210x_device byte recv 00 atn 0 eoi 0
+4675.527636074: grid210x_device byte recv 00 atn 0 eoi 0
+4675.527659075: grid210x_device byte recv 00 atn 0 eoi 0
+4675.527682076: grid210x_device byte recv 00 atn 0 eoi 0
+4675.527705077: grid210x_device byte recv 36 atn 0 eoi 0
+4675.527728077: grid210x_device byte recv 00 atn 0 eoi 0
+4675.529162123: grid210x_device byte recv 3f atn 1 eoi 0
+4675.529196124: grid210x_device now not listening
+4675.531346193: grid210x_device byte recv 45 atn 1 eoi 0
+4675.531385194: grid210x_device now talking
+4680.657733100: grid210x_device byte recv 5f atn 1 eoi 0
+4680.657786102: grid210x_device now not talking
