Time [s],Channel 0,Channel 1,Channel 2,Channel 3,Channel 4,Channel 5,Channel 6,Channel 7,SRQ,NDAC,ATN,NRFD,DAV,EOI
0.000000000,1,1,1,1,1,1,1,1,1,1,1,1,1,1
4.140643750,0,0,0,0,0,0,0,0,0,0,0,0,0,0
4.140643875,1,1,1,1,1,1,1,1,1,1,1,1,1,1
4.140644125,1,1,0,1,1,1,0,1,1,1,1,1,1,1
4.140644188,1,1,1,1,1,1,1,1,1,1,1,1,1,1
4.140653375,1,1,1,1,1,1,1,1,1,1,0,1,1,1
4.140653438,1,1,1,1,1,1,1,1,1,1,1,1,1,1
4.140653813,1,1,1,1,1,1,1,1,1,1,0,1,1,1
4.140653937,1,1,1,1,1,1,1,1,1,1,1,1,1,1
4.140654188,1,1,1,1,1,1,1,1,1,1,0,1,1,1
4.140654250,1,1,1,1,1,1,1,1,1,1,1,1,1,1
4.140654500,1,1,1,1,1,1,1,1,1,1,0,1,1,1
4.140654625,1,1,1,1,1,1,1,1,1,1,1,1,1,1
4.140654813,1,1,1,1,1,1,1,1,1,1,0,1,1,1
4.140655000,1,1,1,1,1,1,1,1,1,1,1,1,1,1
4.140655062,1,1,1,1,1,1,1,1,1,1,0,1,1,1
4.140662312,1,1,1,1,1,1,1,1,0,1,0,1,1,1
4.140662375,1,1,1,1,1,1,1,1,1,1,0,1,1,1
4.140664500,1,1,1,1,1,1,1,1,1,0,0,1,1,1
4.140664562,1,1,1,1,1,1,1,1,0,0,0,1,1,1
4.140665500,1,1,1,1,1,1,1,1,1,0,0,1,1,1
4.140665562,1,1,1,1,1,1,1,1,0,0,0,1,1,1
4.140667375,1,1,1,1,1,1,1,1,1,0,0,1,1,1
4.140667563,1,1,1,1,1,1,1,1,0,0,0,1,1,1
4.140667750,1,1,1,1,1,1,1,1,1,0,0,1,1,1
4.140680312,1,1,1,1,1,1,1,1,1,0,1,1,1,1
4.140680438,1,1,1,1,1,1,1,1,1,0,0,1,1,1
4.140680563,1,1,1,1,1,1,1,1,1,0,1,1,1,1
4.140709000,1,1,1,1,1,1,1,1,1,1,1,1,1,1
4.140709063,1,1,1,1,1,1,1,1,1,0,1,1,1,1
4.140709313,1,1,1,1,1,1,1,1,1,1,1,1,1,1
4.140709375,1,1,1,1,1,1,1,1,1,0,1,1,1,1
4.140709625,1,1,1,1,1,1,1,1,1,1,1,1,1,1
4.140709750,1,1,1,1,1,1,1,1,1,0,1,1,1,1
4.140709937,1,1,1,1,1,1,1,1,1,1,1,1,1,1
4.140710125,1,1,1,1,1,1,1,1,1,0,1,1,1,1
4.140710375,1,1,1,1,1,1,1,1,1,1,1,1,1,1
4.140710562,1,1,1,1,1,1,1,1,1,0,1,1,1,1
4.140710688,1,1,1,1,1,1,1,1,1,1,1,1,1,1
4.140710875,1,1,1,1,1,1,1,1,1,0,1,1,1,1
4.140711000,1,1,1,1,1,1,1,1,1,1,1,1,1,1
4.140711188,1,1,1,1,1,1,1,1,1,0,1,1,1,1
4.140711375,1,1,1,1,1,1,1,1,1,1,1,1,1,1
4.140711562,1,1,1,1,1,1,1,1,1,0,1,1,1,1
4.140711625,1,1,1,1,1,1,1,1,1,1,1,1,1,1
4.140719687,1,1,1,1,1,1,1,1,1,1,0,1,1,1
4.140724937,1,1,1,1,1,1,1,1,0,0,0,1,1,1
4.140725000,1,1,1,1,1,1,1,1,1,0,0,1,1,1
4.140725188,1,1,1,1,1,1,1,1,0,0,0,1,1,1
4.140725250,1,1,1,1,1,1,1,1,1,0,0,1,1,1
4.140726313,1,1,1,1,1,1,1,1,0,0,0,1,1,1
4.140726375,1,1,1,1,1,1,1,1,1,0,0,1,1,1
4.140726563,1,1,1,1,1,1,1,1,0,0,0,1,1,1
4.140726750,1,1,1,1,1,1,1,1,1,0,0,1,1,1
4.140726938,1,1,1,1,1,1,1,1,0,0,0,1,1,1
4.140727062,1,1,1,1,1,1,1,1,1,0,0,1,1,1
4.140727250,1,1,1,1,1,1,1,1,0,0,0,1,1,1
4.140727313,1,1,1,1,1,1,1,1,1,0,0,1,1,1
4.140727625,1,1,1,1,1,1,1,1,0,0,0,1,1,1
4.140727688,1,1,1,1,1,1,1,1,1,0,0,1,1,1
4.140740625,1,1,1,1,1,1,1,1,1,0,1,1,1,1
4.140740875,1,1,1,1,1,1,1,1,1,0,0,1,1,1
4.140741000,1,1,1,1,1,1,1,1,1,0,1,1,1,1
4.140742375,1,1,1,1,1,1,1,1,1,0,0,1,1,1
4.140742438,1,1,1,1,1,1,1,1,1,0,1,1,1,1
4.140742625,1,1,1,1,1,1,1,1,1,0,0,1,1,1
4.140742688,1,1,1,1,1,1,1,1,1,0,1,1,1,1
4.140748875,1,1,1,1,1,1,1,1,1,1,1,1,1,1
4.140787125,1,1,1,1,1,1,1,1,1,1,0,1,1,1
4.140793750,1,1,1,1,1,1,1,1,1,0,0,1,1,1
4.140802938,1,1,1,1,1,1,1,1,1,0,1,1,1,1
4.140812000,1,1,1,1,1,1,1,1,1,1,1,1,1,1
4.140854375,1,1,1,1,1,1,1,1,1,1,0,1,1,1
4.140854437,1,1,1,1,1,1,1,1,1,1,1,1,1,1
4.140854625,1,1,1,1,1,1,1,1,1,1,0,1,1,1
4.140854812,1,1,1,1,1,1,1,1,1,1,1,1,1,1
4.140854938,1,1,1,1,1,1,1,1,1,1,0,1,1,1
4.140855125,1,1,1,1,1,1,1,1,1,1,1,1,1,1
4.140855313,1,1,1,1,1,1,1,1,1,1,0,1,1,1
4.140855437,1,1,1,1,1,1,1,1,1,1,1,1,1,1
4.140855625,1,1,1,1,1,1,1,1,1,1,0,1,1,1
4.140855750,1,1,1,1,1,1,1,1,1,1,1,1,1,1
4.140855937,1,1,1,1,1,1,1,1,1,1,0,1,1,1
4.140856125,1,1,1,1,1,1,1,1,1,1,1,1,1,1
4.140856250,1,1,1,1,1,1,1,1,1,1,0,1,1,1
4.140856500,1,1,1,1,1,1,1,1,1,1,1,1,1,1
4.140856562,1,1,1,1,1,1,1,1,1,1,0,1,1,1
4.140864000,1,1,1,1,1,1,1,1,1,1,1,1,1,1
4.140918125,1,1,1,1,1,1,1,1,1,1,0,1,1,1
4.140918187,1,1,1,1,1,1,1,1,1,1,1,1,1,1
4.140918375,1,1,1,1,1,1,1,1,1,1,0,1,1,1
4.140918437,1,1,1,1,1,1,1,1,1,1,1,1,1,1
4.141249875,1,1,1,1,1,1,1,1,1,1,0,1,1,1
4.141249937,1,1,1,1,1,1,1,1,1,1,1,1,1,1
4.379222125,1,1,1,1,1,1,1,0,1,1,1,1,1,1
4.379222187,1,1,1,1,1,1,1,1,1,1,1,1,1,1
4.379222250,1,1,1,1,1,1,1,0,1,1,1,1,1,1
4.379222312,1,1,1,1,1,1,1,1,1,1,1,1,1,1
4.379223500,0,1,1,0,0,0,0,0,1,1,1,1,1,1
4.379223562,1,1,1,1,1,1,1,1,1,1,1,1,1,1
4.379223625,0,0,0,0,0,0,0,0,1,1,1,1,1,1
4.379223687,1,1,1,1,1,1,1,1,1,1,1,1,1,1
4.379223750,1,1,1,1,1,0,1,0,1,1,1,1,1,1
4.379223813,1,1,1,1,1,1,1,1,1,1,1,1,1,1
4.379223875,1,1,1,1,1,1,1,0,1,1,1,1,1,1
4.379224000,1,1,1,1,1,1,1,1,1,1,1,1,1,1
4.379224062,1,1,1,1,1,0,0,0,1,1,1,1,1,1
4.379224125,1,1,1,1,1,1,1,1,1,1,1,1,1,1
4.379224188,1,1,1,1,1,1,1,0,1,1,1,1,1,1
4.379224312,1,1,1,1,1,1,1,1,1,1,1,1,1,1
4.379224375,1,1,1,1,1,0,1,0,1,1,1,1,1,1
4.379224437,1,1,1,1,1,1,1,1,1,1,1,1,1,1
4.379224500,1,1,1,1,1,1,1,0,1,1,1,1,1,1
4.379225313,1,1,1,1,1,0,1,0,1,1,1,1,1,1
4.379226187,1,1,1,1,1,0,0,0,1,1,1,1,1,1
4.379226250,1,1,1,1,1,0,1,0,1,1,1,1,1,1
4.379226437,1,1,1,1,1,0,0,0,1,1,1,1,1,1
4.379226625,1,1,1,1,1,0,1,0,1,1,1,1,1,1
4.379226688,1,1,1,1,1,0,0,0,1,1,1,1,1,1
4.379226750,1,1,1,1,1,0,1,0,1,1,1,1,1,1
4.379226812,1,1,1,1,1,0,0,0,1,1,1,1,1,1
4.379227688,1,1,1,1,0,0,0,0,1,1,1,1,1,1
4.379227750,1,1,1,1,1,0,0,0,1,1,1,1,1,1
4.379227937,1,1,1,1,0,0,0,0,1,1,1,1,1,1
4.379229188,0,1,1,1,0,0,0,0,1,1,1,1,1,1
4.379229687,0,1,1,0,0,0,0,0,1,1,1,1,1,1
4.379230375,0,1,0,0,0,0,0,0,1,1,1,1,1,1
4.379230438,0,1,1,0,0,0,0,0,1,1,1,1,1,1
4.379230563,0,1,0,0,0,0,0,0,1,1,1,1,1,1
4.379231000,0,0,0,0,0,0,0,0,1,1,1,1,1,1
4.379238875,0,0,0,0,0,0,0,0,0,0,1,0,0,0
4.379238938,0,1,1,0,0,0,0,0,1,1,1,1,1,1
4.379239000,0,0,0,0,0,0,0,0,1,1,1,1,1,1
4.379244875,0,0,0,0,0,0,0,0,1,0,1,1,1,1
4.379244938,0,0,0,0,0,0,0,0,1,1,1,1,1,1
4.379245000,0,0,0,0,0,0,0,0,1,0,1,1,1,1
4.379245313,0,0,0,0,0,0,0,0,1,1,1,1,1,1
4.379245375,0,0,0,0,0,0,0,0,1,0,1,0,1,1
4.379245437,0,0,0,0,0,0,0,0,1,0,1,1,1,1
4.379245563,0,0,0,0,0,0,0,0,1,0,1,0,1,1
4.379245625,0,0,0,0,0,0,0,0,1,0,1,0,0,0
4.379245688,0,0,0,0,0,0,0,0,1,0,1,0,1,1
4.379245812,0,0,0,0,0,0,0,0,1,0,1,0,0,0
4.379245875,0,0,0,0,0,0,0,0,1,0,1,0,1,0
4.379245938,0,0,0,0,0,0,0,0,1,0,1,0,0,0
4.379246125,0,0,0,0,0,0,0,0,1,0,1,0,1,0
4.379246187,0,0,0,0,0,0,0,0,0,0,1,0,0,0
4.379246250,0,0,0,0,0,0,0,0,1,0,1,0,1,1
4.379246313,0,0,0,0,0,0,0,0,0,0,1,0,0,0
4.379248875,0,0,0,0,0,0,0,0,0,0,0,0,0,0
4.379249062,0,0,0,0,0,0,0,0,0,0,1,0,0,0
4.379249125,0,0,0,0,0,0,0,0,0,0,0,0,0,0
4.379254312,0,0,0,0,0,0,0,0,1,1,1,1,1,1
4.379254375,0,0,0,0,0,0,0,0,0,0,0,0,0,0
4.379254438,0,0,0,0,0,0,0,0,0,0,1,0,0,0
4.379254500,0,0,0,0,0,0,0,0,0,0,0,0,0,0
4.379269687,0,0,0,0,0,0,0,0,0,0,1,0,0,0
4.379269750,0,0,0,0,0,0,0,0,0,0,0,0,0,0
4.385039875,0,0,0,0,0,0,0,0,1,0,0,0,0,0
4.385039938,0,0,0,0,0,0,0,0,0,0,0,0,0,0
4.385040000,0,0,0,0,0,0,0,0,1,0,0,0,0,0
4.385040062,0,0,0,0,0,0,0,0,0,0,0,0,0,0
4.385247687,1,0,0,0,0,0,0,0,0,0,0,0,0,0
4.385247750,0,0,0,0,0,0,0,0,0,0,0,0,0,0
4.385254375,1,0,0,0,1,0,0,0,1,0,0,0,0,0
4.385254438,0,0,0,0,0,0,0,0,0,0,0,0,0,0
4.385268000,1,0,0,0,1,0,0,0,0,0,0,0,0,0
4.385268062,0,0,0,0,0,0,0,0,0,0,0,0,0,0
4.385270937,1,0,0,0,1,0,0,0,1,0,0,0,0,0
4.385271000,0,0,0,0,0,0,0,0,0,0,0,0,0,0
4.385282875,0,0,0,0,0,0,0,0,1,0,0,0,0,0
4.385282938,0,0,0,0,0,0,0,0,0,0,0,0,0,0
4.385287500,1,0,0,0,0,0,0,0,0,0,0,0,0,0
4.385287563,0,0,0,0,0,0,0,0,0,0,0,0,0,0
4.385308625,1,0,0,0,1,0,0,0,0,0,0,0,0,0
4.385308688,1,0,0,0,0,0,0,0,0,0,0,0,0,0
4.385308750,0,0,0,0,0,0,0,0,0,0,0,0,0,0
4.385319500,0,0,0,0,0,0,0,0,1,0,0,0,0,0
4.385319563,0,0,0,0,0,0,0,0,0,0,0,0,0,0
4.385320500,1,0,0,0,1,0,0,0,1,0,0,0,0,0
4.385320562,0,0,0,0,0,0,0,0,0,0,0,0,0,0
4.385320625,1,0,0,0,1,0,0,0,1,0,0,0,0,0
4.385320688,0,0,0,0,0,0,0,0,0,0,0,0,0,0
4.385337125,1,0,0,0,1,0,0,0,1,0,0,0,0,0
4.385337188,0,0,0,0,0,0,0,0,0,0,0,0,0,0
4.385337250,1,0,0,0,1,0,0,0,1,0,0,0,0,0
4.385337312,0,0,0,0,0,0,0,0,0,0,0,0,0,0
4.385337375,1,0,0,0,1,0,0,0,1,0,0,0,0,0
4.385337437,0,0,0,0,0,0,0,0,0,0,0,0,0,0
4.385353562,1,0,0,1,1,0,0,0,1,0,0,0,0,0
4.385353625,1,0,0,0,0,0,0,0,0,0,0,0,0,0
4.385353688,0,0,0,0,0,0,0,0,0,0,0,0,0,0
4.385353750,1,0,0,0,0,0,0,0,0,0,0,0,0,0
4.385353812,0,0,0,0,0,0,0,0,0,0,0,0,0,0
4.385353875,1,0,0,0,1,0,0,0,1,0,0,0,0,0
4.385353937,0,0,0,0,0,0,0,0,0,0,0,0,0,0
4.385354187,1,0,0,0,1,0,0,0,1,0,0,0,0,0
4.385354250,0,0,0,0,0,0,0,0,0,0,0,0,0,0
4.385354312,1,0,0,0,1,0,0,0,1,0,0,0,0,0
4.385354375,0,0,0,0,0,0,0,0,0,0,0,0,0,0
4.385354438,1,0,0,0,0,0,0,0,0,0,0,0,0,0
4.385354500,0,0,0,0,0,0,0,0,0,0,0,0,0,0
4.385359375,1,1,0,0,1,0,0,0,1,0,0,0,0,0
4.385359438,0,0,0,0,0,0,0,0,0,0,0,0,0,0
4.385369563,1,0,0,0,1,0,0,0,1,0,0,0,0,0
4.385369625,0,0,0,0,0,0,0,0,0,0,0,0,0,0
4.385370437,1,0,0,0,1,0,0,0,1,0,0,0,0,0
4.385370500,0,0,0,0,0,0,0,0,0,0,0,0,0,0
4.385370563,1,0,0,0,1,0,0,0,1,0,0,0,0,0
4.385370625,0,0,0,0,0,0,0,0,0,0,0,0,0,0
4.385370688,1,0,0,0,1,0,0,0,1,0,0,0,0,0
4.385370750,0,0,0,0,0,0,0,0,0,0,0,0,0,0
4.385370875,1,0,0,0,1,0,0,0,1,0,0,0,0,0
4.385370938,0,0,0,0,0,0,0,0,0,0,0,0,0,0
4.385371000,1,0,0,0,1,0,0,0,1,0,0,0,0,0
4.385371062,0,0,0,0,0,0,0,0,0,0,0,0,0,0
4.385379375,1,0,0,0,0,0,0,0,0,0,0,0,0,0
4.385379438,0,0,0,0,0,0,0,0,0,0,0,0,0,0
4.385379688,1,0,0,0,1,0,0,0,1,0,0,0,0,0
4.385379750,0,0,0,0,0,0,0,0,0,0,0,0,0,0
4.385381687,1,0,0,0,1,0,0,0,0,0,0,0,0,0
4.385381750,0,0,0,0,0,0,0,0,0,0,0,0,0,0
4.385382062,1,0,0,0,0,0,0,0,0,0,0,0,0,0
4.385382125,0,0,0,0,0,0,0,0,0,0,0,0,0,0
4.385382875,1,0,0,0,0,0,0,0,0,0,0,0,0,0
4.385382938,0,0,0,0,0,0,0,0,0,0,0,0,0,0
4.385383437,1,0,0,0,0,0,0,0,0,0,0,0,0,0
4.385383500,0,0,0,0,0,0,0,0,0,0,0,0,0,0
4.385383938,1,0,0,0,1,0,0,0,0,0,0,0,0,0
4.385384000,0,0,0,0,0,0,0,0,0,0,0,0,0,0
4.385384750,1,0,0,0,1,0,0,0,0,0,0,0,0,0
4.385384812,0,0,0,0,0,0,0,0,0,0,0,0,0,0
4.385385313,1,0,0,0,0,0,0,0,0,0,0,0,0,0
4.385385438,1,0,0,0,1,0,0,0,1,0,0,0,0,0
4.385385500,0,0,0,0,0,0,0,0,0,0,0,0,0,0
4.385386687,1,0,0,0,0,0,0,0,0,0,0,0,0,0
4.385386750,0,0,0,0,0,0,0,0,0,0,0,0,0,0
4.385387125,1,1,1,1,1,0,0,0,1,0,0,0,0,0
4.385387188,0,0,0,0,0,0,0,0,0,0,0,0,0,0
4.385387250,1,1,1,1,1,0,0,0,1,0,0,0,0,0
4.385387312,0,0,0,0,0,0,0,0,0,0,0,0,0,0
4.385387375,1,1,1,1,1,0,0,0,1,0,0,0,0,0
4.385387438,0,0,0,0,0,0,0,0,0,0,0,0,0,0
4.385387563,1,0,0,0,1,0,0,0,1,0,0,0,0,0
4.385387625,0,0,0,0,0,0,0,0,0,0,0,0,0,0
4.385387687,1,0,0,0,1,0,0,0,1,0,0,0,0,0
4.385387750,0,0,0,0,0,0,0,0,0,0,0,0,0,0
4.385388312,1,0,0,0,1,0,0,0,1,0,0,0,0,0
4.385388375,0,0,0,0,0,0,0,0,0,0,0,0,0,0
4.385388437,1,0,0,0,1,0,0,0,0,0,0,0,0,0
4.385388500,0,0,0,0,0,0,0,0,0,0,0,0,0,0
4.385389688,1,0,0,0,1,0,0,0,0,0,0,0,0,0
4.385389750,0,0,0,0,0,0,0,0,0,0,0,0,0,0
4.385392500,1,0,0,0,1,0,0,0,0,0,0,0,0,0
4.385392562,1,0,0,0,0,0,0,0,0,0,0,0,0,0
4.385392625,0,0,0,0,0,0,0,0,0,0,0,0,0,0
4.385393438,1,0,0,0,1,0,0,0,0,0,0,0,0,0
4.385393500,1,0,0,0,1,0,0,0,1,0,0,0,0,0
4.385393563,1,0,0,1,1,0,0,0,1,0,0,0,0,0
4.385393625,0,0,0,0,0,0,0,0,0,0,0,0,0,0
4.385394062,1,0,0,0,0,0,0,0,0,0,0,0,0,0
4.385394125,0,0,0,0,0,0,0,0,0,0,0,0,0,0
4.385394437,1,0,0,0,1,0,0,0,1,0,0,0,0,0
4.385394563,0,0,0,0,0,0,0,0,0,0,0,0,0,0
4.385395500,0,0,0,0,0,0,0,0,1,0,0,0,0,0
4.385395563,0,0,0,0,0,0,0,0,0,0,0,0,0,0
4.385395625,1,0,0,0,1,0,0,0,1,0,0,0,0,0
4.385395812,1,0,0,0,0,0,0,0,0,0,0,0,0,0
4.385395875,1,0,0,0,1,0,0,0,0,0,0,0,0,0
4.385395938,0,0,0,0,0,0,0,0,0,0,0,0,0,0
4.385400062,1,0,0,0,0,0,0,0,0,0,0,0,0,0
4.385400125,0,0,0,0,0,0,0,0,0,0,0,0,0,0
4.385403750,1,0,0,1,1,0,0,0,1,0,0,0,0,0
4.385403812,0,0,0,0,0,0,0,0,0,0,0,0,0,0
4.385404063,1,0,0,0,1,0,0,0,0,0,0,0,0,0
4.385404125,0,0,0,0,0,0,0,0,0,0,0,0,0,0
4.385404187,1,0,0,0,1,0,0,0,0,0,0,0,0,0
4.385404250,0,0,0,0,0,0,0,0,0,0,0,0,0,0
4.385404688,1,0,0,0,1,0,0,0,0,0,0,0,0,0
4.385404750,0,0,0,0,0,0,0,0,0,0,0,0,0,0
4.385404813,1,0,0,0,1,0,0,0,0,0,0,0,0,0
4.385404875,0,0,0,0,0,0,0,0,0,0,0,0,0,0
4.385405438,1,0,0,0,0,0,0,0,0,0,0,0,0,0
4.385405562,0,0,0,0,0,0,0,0,0,0,0,0,0,0
4.385410187,1,0,0,0,1,0,0,0,1,0,0,0,0,0
4.385410313,0,0,0,0,0,0,0,0,0,0,0,0,0,0
4.385414250,1,0,0,0,0,0,0,0,0,0,0,0,0,0
4.385414313,0,0,0,0,0,0,0,0,0,0,0,0,0,0
4.385414875,1,0,0,0,0,0,0,0,0,0,0,0,0,0
4.385414938,0,0,0,0,0,0,0,0,0,0,0,0,0,0
4.385415437,1,0,0,0,1,0,0,0,1,0,0,0,0,0
4.385415500,0,0,0,0,0,0,0,0,0,0,0,0,0,0
4.385415812,1,0,0,0,1,0,0,0,0,0,0,0,0,0
4.385415875,0,0,0,0,0,0,0,0,0,0,0,0,0,0
4.385419062,1,0,0,0,1,0,0,0,0,0,0,0,0,0
4.385419125,0,0,0,0,0,0,0,0,0,0,0,0,0,0
4.385419188,1,0,0,0,0,0,0,0,0,0,0,0,0,0
4.385419250,0,0,0,0,0,0,0,0,0,0,0,0,0,0
4.385419750,1,0,0,0,1,0,0,0,0,0,0,0,0,0
4.385419813,0,0,0,0,0,0,0,0,0,0,0,0,0,0
4.385419875,1,0,0,0,0,0,0,0,0,0,0,0,0,0
4.385419938,0,0,0,0,0,0,0,0,0,0,0,0,0,0
4.385420375,1,0,0,0,1,0,0,0,1,0,0,0,0,0
4.385420437,0,0,0,0,0,0,0,0,0,0,0,0,0,0
4.385420500,1,0,0,0,1,0,0,0,1,0,0,0,0,0
4.385420563,1,0,0,0,1,0,0,0,0,0,0,0,0,0
4.385420625,0,0,0,0,0,0,0,0,0,0,0,0,0,0
4.385420687,1,0,0,0,1,0,0,0,1,0,0,0,0,0
4.385420750,0,0,0,0,0,0,0,0,0,0,0,0,0,0
4.385420812,1,0,0,0,1,0,0,0,1,0,0,0,0,0
4.385420875,0,0,0,0,0,0,0,0,0,0,0,0,0,0
4.385420938,1,0,0,0,1,0,0,0,1,0,0,0,0,0
4.385421000,1,0,0,0,1,0,0,0,0,0,0,0,0,0
4.385421062,0,0,0,0,0,0,0,0,0,0,0,0,0,0
4.385421125,1,0,0,0,1,0,0,0,1,0,0,0,0,0
4.385421188,0,0,0,0,0,0,0,0,0,0,0,0,0,0
4.385421313,1,0,0,0,1,0,0,0,0,0,0,0,0,0
4.385421375,0,0,0,0,0,0,0,0,0,0,0,0,0,0
4.385421437,1,0,0,0,1,0,0,0,0,0,0,0,0,0
4.385421500,0,0,0,0,0,0,0,0,0,0,0,0,0,0
4.385421625,1,0,0,0,1,0,0,0,0,0,0,0,0,0
4.385421688,0,0,0,0,0,0,0,0,0,0,0,0,0,0
4.385421750,1,0,0,0,1,0,0,0,1,0,0,0,0,0
4.385421812,0,0,0,0,0,0,0,0,0,0,0,0,0,0
4.385421875,1,0,0,0,1,0,0,0,0,0,0,0,0,0
4.385421938,0,0,0,0,0,0,0,0,0,0,0,0,0,0
4.385422062,1,0,0,0,0,0,0,0,0,0,0,0,0,0
4.385422125,0,0,0,0,0,0,0,0,0,0,0,0,0,0
4.385422187,1,0,0,0,0,0,0,0,0,0,0,0,0,0
4.385422250,1,0,0,0,1,0,0,0,0,0,0,0,0,0
4.385422313,0,0,0,0,0,0,0,0,0,0,0,0,0,0
4.385422375,1,0,0,0,1,0,0,0,0,0,0,0,0,0
4.385422437,0,0,0,0,0,0,0,0,0,0,0,0,0,0
4.385422500,1,0,0,0,1,0,0,0,0,0,0,0,0,0
4.385422562,0,0,0,0,0,0,0,0,0,0,0,0,0,0
4.385422625,1,0,0,0,1,0,0,0,0,0,0,0,0,0
4.385422812,1,0,0,0,1,0,0,0,1,0,0,0,0,0
4.385422875,1,0,0,0,0,0,0,0,0,0,0,0,0,0
4.385423063,1,0,0,0,1,0,0,0,0,0,0,0,0,0
4.385423125,0,0,0,0,0,0,0,0,0,0,0,0,0,0
4.385423250,1,0,0,0,0,0,0,0,0,0,0,0,0,0
4.385423313,1,0,0,0,1,0,0,0,0,0,0,0,0,0
4.385423438,0,0,0,0,0,0,0,0,0,0,0,0,0,0
4.385423500,1,0,0,0,1,0,0,0,1,0,0,0,0,0
4.385423562,1,0,0,0,0,0,0,0,0,0,0,0,0,0
4.385423625,0,0,0,0,0,0,0,0,0,0,0,0,0,0
4.385423750,1,0,0,0,1,0,0,0,0,0,0,0,0,0
4.385423875,0,0,0,0,0,0,0,0,0,0,0,0,0,0
4.385423937,1,0,0,0,1,0,0,0,0,0,0,0,0,0
4.385424125,1,0,0,0,1,0,0,0,1,0,0,0,0,0
4.385424187,0,0,0,0,0,0,0,0,0,0,0,0,0,0
4.385424250,1,0,0,0,1,0,0,0,0,0,0,0,0,0
4.385424312,1,0,0,0,0,0,0,0,0,0,0,0,0,0
4.385424375,0,0,0,0,0,0,0,0,0,0,0,0,0,0
4.385424500,1,0,0,0,1,0,0,0,0,0,0,0,0,0
4.385424562,1,0,0,0,0,0,0,0,0,0,0,0,0,0
4.385424625,1,0,0,0,1,0,0,0,0,0,0,0,0,0
4.385424687,1,0,0,0,1,0,0,0,1,0,0,0,0,0
4.385424813,1,0,0,0,1,0,0,0,0,0,0,0,0,0
4.385425000,0,0,0,0,0,0,0,0,0,0,0,0,0,0
4.385425250,1,0,0,0,1,0,0,0,0,0,0,0,0,0
4.385425312,1,0,0,0,1,0,0,0,1,0,0,0,0,0
4.385425500,1,0,0,0,1,0,0,0,0,0,0,0,0,0
4.385425750,0,0,0,0,0,0,0,0,0,0,0,0,0,0
4.385425937,1,0,0,0,1,0,0,0,0,0,0,0,0,0
4.385426062,1,0,0,0,1,0,0,0,1,0,0,0,0,0
4.385426125,1,0,0,0,1,0,0,0,0,0,0,0,0,0
4.385426188,1,0,0,0,1,0,0,0,1,0,0,0,0,0
4.385426250,1,0,0,0,1,0,0,0,0,0,0,0,0,0
4.385426437,1,0,0,0,0,0,0,0,0,0,0,0,0,0
4.385426500,1,0,0,0,1,0,0,0,0,0,0,0,0,0
4.385426563,0,0,0,0,0,0,0,0,0,0,0,0,0,0
4.385426625,1,0,0,0,1,0,0,0,0,0,0,0,0,0
4.385426938,1,0,0,0,1,0,0,0,1,0,0,0,0,0
4.385427000,1,0,0,0,1,0,0,0,0,0,0,0,0,0
4.385427313,1,0,0,0,1,0,0,0,1,0,0,0,0,0
4.385427375,1,0,0,0,1,0,0,0,0,0,0,0,0,0
4.385427812,0,0,0,0,0,0,0,0,0,0,0,0,0,0
4.385427875,1,0,0,0,1,0,0,0,1,0,0,0,0,0
4.385428000,1,0,0,0,1,0,0,0,0,0,0,0,0,0
4.385428062,1,0,0,0,1,0,0,0,1,0,0,0,0,0
4.385428125,1,0,0,0,1,0,0,0,0,0,0,0,0,0
4.385428437,1,0,0,0,1,0,0,0,1,0,0,0,0,0
4.385428500,1,0,0,0,1,0,0,0,0,0,0,0,0,0
4.385428562,1,0,0,0,1,0,0,0,1,0,0,0,0,0
4.385428688,1,0,0,0,1,0,0,0,0,0,0,0,0,0
4.385428813,1,0,0,0,1,0,0,0,1,0,0,0,0,0
4.385428875,1,0,0,0,1,0,0,0,0,0,0,0,0,0
4.385429063,0,0,0,0,0,0,0,0,0,0,0,0,0,0
4.385429125,1,0,0,0,1,0,0,0,1,0,0,0,0,0
4.385429313,1,0,0,0,1,0,0,0,0,0,0,0,0,0
4.385429500,1,0,0,0,0,0,0,0,0,0,0,0,0,0
4.385429625,1,0,0,0,1,0,0,0,0,0,0,0,0,0
4.385429688,1,0,0,0,1,0,0,0,1,0,0,0,0,0
4.385429812,1,0,0,0,0,0,0,0,0,0,0,0,0,0
4.385429875,1,0,0,0,1,0,0,0,0,0,0,0,0,0
4.385430000,0,0,0,0,0,0,0,0,0,0,0,0,0,0
4.385430125,1,0,0,0,1,0,0,0,0,0,0,0,0,0
4.385430187,1,0,0,0,0,0,0,0,0,0,0,0,0,0
4.385430250,0,0,0,0,0,0,0,0,0,0,0,0,0,0
4.385430312,1,0,0,0,1,0,0,0,0,0,0,0,0,0
4.385430438,1,0,0,0,1,0,0,0,1,0,0,0,0,0
4.385430562,1,1,1,1,1,0,0,0,1,0,0,0,0,0
4.385430625,0,0,0,0,0,0,0,0,0,0,0,0,0,0
4.385430750,1,0,0,0,1,0,0,0,0,0,0,0,0,0
4.385430813,0,0,0,0,0,0,0,0,0,0,0,0,0,0
4.385430937,1,0,0,0,1,0,0,0,0,0,0,0,0,0
4.385431125,1,0,0,0,1,0,0,0,1,0,0,0,0,0
4.385431188,1,0,0,0,1,0,0,0,0,0,0,0,0,0
4.385431375,1,0,0,0,0,0,0,0,0,0,0,0,0,0
4.385431438,1,0,0,0,1,0,0,0,0,0,0,0,0,0
4.385431500,1,0,0,0,0,0,0,0,0,0,0,0,0,0
4.385431625,1,0,0,0,1,0,0,0,0,0,0,0,0,0
4.385431813,1,0,0,0,1,0,0,0,1,0,0,0,0,0
4.385432000,1,0,0,0,1,0,0,0,0,0,0,0,0,0
4.385432250,0,0,0,0,0,0,0,0,0,0,0,0,0,0
4.385432375,1,0,0,0,1,0,0,0,0,0,0,0,0,0
4.385432437,1,0,0,0,1,0,0,0,1,0,0,0,0,0
4.385432625,1,0,0,0,1,0,0,0,0,0,0,0,0,0
4.385432687,1,0,0,0,1,0,0,0,1,0,0,0,0,0
4.385432750,1,0,0,0,1,0,0,0,0,0,0,0,0,0
4.385433000,1,0,0,0,0,0,0,0,0,0,0,0,0,0
4.385433062,1,0,0,0,1,0,0,0,0,0,0,0,0,0
4.385433188,0,0,0,0,0,0,0,0,0,0,0,0,0,0
4.385433375,1,1,1,1,1,0,0,0,1,0,0,0,0,0
4.385433437,1,0,0,0,1,0,0,0,1,0,0,0,0,0
4.385433563,0,0,0,0,0,0,0,0,0,0,0,0,0,0
4.385433625,1,0,0,0,1,0,0,0,0,0,0,0,0,0
4.385434000,1,0,0,0,1,0,0,0,1,0,0,0,0,0
4.385434125,1,0,0,0,1,0,0,0,0,0,0,0,0,0
4.385434187,0,0,0,0,0,0,0,0,0,0,0,0,0,0
4.385434375,1,0,0,0,1,0,0,0,1,0,0,0,0,0
4.385434500,0,0,0,0,0,0,0,0,0,0,0,0,0,0
4.385434563,1,0,0,0,1,0,0,0,1,0,0,0,0,0
4.385434625,1,0,0,0,1,0,0,0,0,0,0,0,0,0
4.385434812,1,0,0,0,0,0,0,0,0,0,0,0,0,0
4.385434875,0,0,0,0,0,0,0,0,0,0,0,0,0,0
4.385434938,1,0,0,0,1,0,0,0,1,0,0,0,0,0
4.385435000,1,0,0,0,0,0,0,0,0,0,0,0,0,0
4.385435063,1,0,0,0,1,0,0,0,1,0,0,0,0,0
4.385435125,1,0,0,0,1,0,0,0,0,0,0,0,0,0
4.385435187,1,0,0,0,1,0,0,0,1,0,0,0,0,0
4.385435250,1,0,0,0,0,0,0,0,0,0,0,0,0,0
4.385435313,0,0,0,0,0,0,0,0,0,0,0,0,0,0
4.385435375,1,0,0,0,1,0,0,0,0,0,0,0,0,0
4.385435562,1,0,0,0,1,0,0,0,1,0,0,0,0,0
4.385435812,1,0,0,0,1,0,0,0,0,0,0,0,0,0
4.385435875,1,0,0,0,1,0,0,0,1,0,0,0,0,0
4.385435937,1,0,0,0,1,0,0,0,0,0,0,0,0,0
4.385436063,1,0,0,0,0,0,0,0,0,0,0,0,0,0
4.385436125,1,0,0,0,1,0,0,0,0,0,0,0,0,0
4.385436312,1,0,0,0,1,0,0,0,1,0,0,0,0,0
4.385436438,1,0,0,0,1,0,0,0,0,0,0,0,0,0
4.385436562,1,0,0,0,1,0,0,0,1,0,0,0,0,0
4.385436625,1,0,0,0,0,0,0,0,0,0,0,0,0,0
4.385436688,1,0,0,0,1,0,0,0,0,0,0,0,0,0
4.385436750,1,0,0,0,0,0,0,0,0,0,0,0,0,0
4.385436813,1,0,0,0,1,0,0,0,0,0,0,0,0,0
4.385436937,1,0,0,0,1,0,0,0,1,0,0,0,0,0
4.385437000,0,0,0,0,0,0,0,0,0,0,0,0,0,0
4.385437063,1,1,1,1,1,0,0,0,1,0,0,0,0,0
4.385437125,0,0,0,0,0,0,0,0,0,0,0,0,0,0
4.385437188,1,1,1,1,1,0,0,0,1,0,0,0,0,0
4.385437250,0,0,0,0,0,0,0,0,0,0,0,0,0,0
4.385437312,1,1,1,1,1,0,0,0,1,0,0,0,0,0
4.385437375,0,0,0,0,0,0,0,0,0,0,0,0,0,0
4.385437438,1,0,0,0,0,0,0,0,1,0,0,0,0,0
4.385437500,1,1,0,1,1,0,0,0,1,0,0,0,0,0
4.385437562,0,0,0,0,0,0,0,0,0,0,0,0,0,0
4.385437625,1,1,1,1,1,0,0,0,1,0,0,0,0,0
4.385437687,0,0,0,0,0,0,0,0,0,0,0,0,0,0
4.385437750,1,0,0,0,1,0,0,0,1,0,0,0,0,0
4.385437813,1,0,0,1,1,0,0,0,1,0,0,0,0,0
4.385437875,1,0,0,0,1,0,0,0,1,0,0,0,0,0
4.385438062,0,0,0,0,0,0,0,0,0,0,0,0,0,0
4.385438125,1,0,0,0,0,0,0,0,0,0,0,0,0,0
4.385438188,0,0,0,0,0,0,0,0,0,0,0,0,0,0
4.385438250,1,0,0,0,1,0,0,0,1,0,0,0,0,0
4.385438312,0,0,0,0,0,0,0,0,0,0,0,0,0,0
4.385438375,1,0,0,0,1,0,0,0,1,0,0,0,0,0
4.385438438,0,0,0,0,0,0,0,0,0,0,0,0,0,0
4.385438500,1,0,0,0,1,0,0,0,0,0,0,0,0,0
4.385439000,0,0,0,0,0,0,0,0,0,0,0,0,0,0
4.385439062,1,0,0,0,1,0,0,0,1,0,0,0,0,0
4.385439125,1,0,0,0,1,0,0,0,0,0,0,0,0,0
4.385439250,0,0,0,0,0,0,0,0,0,0,0,0,0,0
4.385439312,1,0,0,0,1,0,0,0,0,0,0,0,0,0
4.385439500,1,0,0,0,1,0,0,0,1,0,0,0,0,0
4.385439563,0,0,0,0,0,0,0,0,0,0,0,0,0,0
4.385439687,1,0,0,0,1,0,0,0,1,0,0,0,0,0
4.385439750,1,0,0,0,1,0,0,0,0,0,0,0,0,0
4.385439875,1,0,0,0,0,0,0,0,0,0,0,0,0,0
4.385439938,0,0,0,0,0,0,0,0,0,0,0,0,0,0
4.385440062,1,0,0,0,1,0,0,0,0,0,0,0,0,0
4.385440125,1,0,0,0,0,0,0,0,0,0,0,0,0,0
4.385440188,1,0,0,0,1,0,0,0,0,0,0,0,0,0
4.385440500,1,0,0,0,1,0,0,0,1,0,0,0,0,0
4.385440563,0,0,0,0,0,0,0,0,0,0,0,0,0,0
4.385440688,1,0,0,0,1,0,0,0,1,0,0,0,0,0
4.385440812,0,0,0,0,0,0,0,0,0,0,0,0,0,0
4.385440875,1,0,0,0,0,0,0,0,0,0,0,0,0,0
4.385440938,1,0,0,0,1,0,0,0,1,0,0,0,0,0
4.385441000,1,0,0,0,1,0,0,0,0,0,0,0,0,0
4.385441187,0,0,0,0,0,0,0,0,0,0,0,0,0,0
4.385441250,1,0,0,0,0,0,0,0,0,0,0,0,0,0
4.385441313,0,0,0,0,0,0,0,0,0,0,0,0,0,0
4.385441375,1,0,0,0,1,0,0,0,0,0,0,0,0,0
4.385441437,0,0,0,0,0,0,0,0,0,0,0,0,0,0
4.385441500,1,0,0,0,1,0,0,0,0,0,0,0,0,0
4.385441562,0,0,0,0,0,0,0,0,0,0,0,0,0,0
4.385441625,1,0,0,0,1,0,0,0,0,0,0,0,0,0
4.385441688,0,0,0,0,0,0,0,0,0,0,0,0,0,0
4.385441750,1,0,0,0,1,0,0,0,0,0,0,0,0,0
4.385441812,0,0,0,0,0,0,0,0,0,0,0,0,0,0
4.385442125,1,0,0,0,0,0,0,0,0,0,0,0,0,0
4.385442313,0,0,0,0,0,0,0,0,0,0,0,0,0,0
4.385442375,1,0,0,0,1,0,0,0,0,0,0,0,0,0
4.385442438,0,0,0,0,0,0,0,0,0,0,0,0,0,0
4.385442750,1,0,0,0,1,0,0,0,0,0,0,0,0,0
4.385442813,0,0,0,0,0,0,0,0,0,0,0,0,0,0
4.385442875,1,0,0,0,1,0,0,0,0,0,0,0,0,0
4.385442937,0,0,0,0,0,0,0,0,0,0,0,0,0,0
4.385443438,1,0,0,0,1,0,0,0,0,0,0,0,0,0
4.385443562,0,0,0,0,0,0,0,0,0,0,0,0,0,0
4.385443937,1,0,0,0,1,0,0,0,0,0,0,0,0,0
4.385444125,0,0,0,0,0,0,0,0,0,0,0,0,0,0
4.385444188,1,0,0,0,0,0,0,0,0,0,0,0,0,0
4.385444250,0,0,0,0,0,0,0,0,0,0,0,0,0,0
4.385444375,1,0,0,0,0,0,0,0,0,0,0,0,0,0
4.385444438,0,0,0,0,0,0,0,0,0,0,0,0,0,0
4.385444687,1,0,0,0,1,0,0,0,1,0,0,0,0,0
4.385444750,0,0,0,0,0,0,0,0,0,0,0,0,0,0
4.385444813,1,0,0,0,0,0,0,0,0,0,0,0,0,0
4.385444937,1,0,0,0,1,0,0,0,0,0,0,0,0,0
4.385445000,0,0,0,0,0,0,0,0,0,0,0,0,0,0
4.385445813,1,0,0,0,1,0,0,0,1,0,0,0,0,0
4.385446000,1,0,0,0,1,0,0,0,0,0,0,0,0,0
4.385446062,1,0,0,0,1,0,0,0,1,0,0,0,0,0
4.385446125,1,0,0,0,1,0,0,0,0,0,0,0,0,0
4.385446188,0,0,0,0,0,0,0,0,0,0,0,0,0,0
4.385446625,1,0,0,0,1,0,0,0,1,0,0,0,0,0
4.385446687,1,0,0,0,1,0,0,0,0,0,0,0,0,0
4.385446750,1,0,0,0,1,0,0,0,1,0,0,0,0,0
4.385446812,1,0,0,0,1,0,0,0,0,0,0,0,0,0
4.385446938,1,0,0,0,0,0,0,0,0,0,0,0,0,0
4.385447062,0,0,0,0,0,0,0,0,0,0,0,0,0,0
4.385447375,1,0,0,0,0,0,0,0,0,0,0,0,0,0
4.385447437,1,0,0,0,1,0,0,0,0,0,0,0,0,0
4.385447562,1,0,0,0,1,0,0,0,1,0,0,0,0,0
4.385447625,1,0,0,0,1,0,0,0,0,0,0,0,0,0
4.385447688,1,0,0,0,0,0,0,0,0,0,0,0,0,0
4.385447812,1,0,0,0,1,0,0,0,0,0,0,0,0,0
4.385447875,0,0,0,0,0,0,0,0,0,0,0,0,0,0
4.385447938,1,0,0,0,1,0,0,0,0,0,0,0,0,0
4.385448000,0,0,0,0,0,0,0,0,0,0,0,0,0,0
4.385448063,1,0,0,0,1,0,0,0,0,0,0,0,0,0
4.385448125,1,0,0,0,0,0,0,0,0,0,0,0,0,0
4.385448187,1,0,0,0,1,0,0,0,0,0,0,0,0,0
4.385448250,0,0,0,0,0,0,0,0,0,0,0,0,0,0
4.385448313,1,0,0,0,0,0,0,0,0,0,0,0,0,0
4.385448375,0,0,0,0,1,0,0,0,0,0,0,0,0,0
4.385448438,0,0,0,0,0,0,0,0,0,0,0,0,0,0
4.385448500,1,0,0,0,1,0,0,0,0,0,0,0,0,0
4.385448562,1,0,0,0,0,0,0,0,0,0,0,0,0,0
4.385448625,0,0,0,0,0,0,0,0,0,0,0,0,0,0
4.385448688,1,0,0,0,1,0,0,0,0,0,0,0,0,0
4.385448750,0,0,0,0,0,0,0,0,0,0,0,0,0,0
4.385448812,0,0,0,0,1,0,0,0,0,0,0,0,0,0
4.385448875,0,0,0,0,0,0,0,0,0,0,0,0,0,0
4.385449125,1,0,0,0,1,0,0,0,0,0,0,0,0,0
4.385449187,1,0,0,0,0,0,0,0,0,0,0,0,0,0
4.385449250,0,0,0,0,0,0,0,0,0,0,0,0,0,0
4.385449438,1,0,0,0,1,0,0,0,1,0,0,0,0,0
4.385449500,1,0,0,0,0,0,0,0,0,0,0,0,0,0
4.385449562,0,0,0,0,0,0,0,0,0,0,0,0,0,0
4.385449688,1,0,0,0,1,0,0,0,1,0,0,0,0,0
4.385449750,1,0,0,0,1,0,0,0,0,0,0,0,0,0
4.385449813,1,1,0,1,1,0,0,0,1,0,0,0,0,0
4.385449875,0,0,0,0,0,0,0,0,0,0,0,0,0,0
4.385450000,1,0,0,0,0,0,0,0,0,0,0,0,0,0
4.385450063,0,0,0,0,0,0,0,0,0,0,0,0,0,0
4.385450188,1,0,0,0,1,0,0,0,0,0,0,0,0,0
4.385450312,1,0,0,0,1,0,0,0,1,0,0,0,0,0
4.385450375,1,0,0,0,1,0,0,0,0,0,0,0,0,0
4.385450438,1,0,0,0,1,0,0,0,1,0,0,0,0,0
4.385450500,1,0,0,0,1,0,0,0,0,0,0,0,0,0
4.385450625,0,0,0,0,0,0,0,0,0,0,0,0,0,0
4.385450687,1,0,0,0,0,0,0,0,0,0,0,0,0,0
4.385450750,0,0,0,0,0,0,0,0,0,0,0,0,0,0
4.385450937,1,0,0,0,1,0,0,0,1,0,0,0,0,0
4.385451000,0,0,0,0,0,0,0,0,0,0,0,0,0,0
4.385451062,1,0,0,0,1,0,0,0,0,0,0,0,0,0
4.385451125,1,0,0,0,0,0,0,0,0,0,0,0,0,0
4.385451188,1,0,0,0,1,0,0,0,0,0,0,0,0,0
4.385451250,1,0,0,0,0,0,0,0,0,0,0,0,0,0
4.385451313,0,0,0,0,0,0,0,0,0,0,0,0,0,0
4.385451375,1,0,0,0,1,0,0,0,0,0,0,0,0,0
4.385451438,0,0,0,0,0,0,0,0,0,0,0,0,0,0
4.385451625,1,0,0,0,0,0,0,0,0,0,0,0,0,0
4.385451687,0,0,0,0,1,0,0,0,0,0,0,0,0,0
4.385451750,1,0,0,0,1,0,0,0,1,0,0,0,0,0
4.385451875,1,0,0,0,1,0,0,0,0,0,0,0,0,0
4.385452000,0,0,0,0,0,0,0,0,0,0,0,0,0,0
4.385452062,1,0,0,0,1,0,0,0,0,0,0,0,0,0
4.385452125,0,0,0,0,0,0,0,0,0,0,0,0,0,0
4.385452313,1,0,0,0,0,0,0,0,0,0,0,0,0,0
4.385452375,0,0,0,0,0,0,0,0,0,0,0,0,0,0
4.385452437,1,0,0,0,1,0,0,0,1,0,0,0,0,0
4.385452563,1,0,0,0,0,0,0,0,0,0,0,0,0,0
4.385452625,1,0,0,0,1,0,0,0,0,0,0,0,0,0
4.385452750,0,0,0,0,0,0,0,0,0,0,0,0,0,0
4.385452938,1,0,0,0,1,0,0,0,0,0,0,0,0,0
4.385453000,0,0,0,0,0,0,0,0,0,0,0,0,0,0
4.385453062,1,0,0,0,1,0,0,0,1,0,0,0,0,0
4.385453125,1,0,0,0,1,0,0,0,0,0,0,0,0,0
4.385453625,1,0,0,0,0,0,0,0,0,0,0,0,0,0
4.385453688,1,0,0,0,1,0,0,0,0,0,0,0,0,0
4.385453750,1,0,0,0,1,0,0,0,1,0,0,0,0,0
4.385453875,0,0,0,0,0,0,0,0,0,0,0,0,0,0
4.385453938,1,0,0,1,1,0,0,0,1,0,0,0,0,0
4.385454000,0,0,0,0,0,0,0,0,0,0,0,0,0,0
4.385454063,1,1,1,1,1,0,0,0,1,0,0,0,0,0
4.385454125,0,0,0,0,0,0,0,0,0,0,0,0,0,0
4.385454187,1,0,0,1,1,0,0,0,1,0,0,0,0,0
4.385454250,0,0,0,0,0,0,0,0,0,0,0,0,0,0
4.385454375,1,0,0,0,1,0,0,0,1,0,0,0,0,0
4.385454437,0,0,0,0,0,0,0,0,0,0,0,0,0,0
4.385454500,1,0,0,0,1,0,0,0,1,0,0,0,0,0
4.385454562,1,0,0,0,1,0,0,0,0,0,0,0,0,0
4.385454625,0,0,0,0,0,0,0,0,0,0,0,0,0,0
4.385454688,1,0,0,0,1,0,0,0,1,0,0,0,0,0
4.385454750,0,0,0,0,0,0,0,0,0,0,0,0,0,0
4.385454812,1,0,0,0,1,0,0,0,1,0,0,0,0,0
4.385454937,0,0,0,0,1,0,0,0,0,0,0,0,0,0
4.385455000,1,0,0,0,1,0,0,0,1,0,0,0,0,0
4.385455063,0,0,0,0,0,0,0,0,0,0,0,0,0,0
4.385455125,1,0,0,0,1,0,0,0,1,0,0,0,0,0
4.385455187,1,0,0,0,0,0,0,0,0,0,0,0,0,0
4.385455250,1,0,0,0,1,0,0,0,0,0,0,0,0,0
4.385455313,1,0,0,0,1,0,0,0,1,0,0,0,0,0
4.385455375,0,0,0,0,0,0,0,0,0,0,0,0,0,0
4.385455438,1,0,0,0,1,0,0,0,1,0,0,0,0,0
4.385455500,1,0,0,0,1,0,0,0,0,0,0,0,0,0
4.385455562,1,0,0,0,1,0,0,0,1,0,0,0,0,0
4.385455625,1,0,0,0,1,0,0,0,0,0,0,0,0,0
4.385455937,1,0,0,0,1,0,0,0,1,0,0,0,0,0
4.385456000,0,0,0,0,0,0,0,0,0,0,0,0,0,0
4.385456063,1,0,0,0,1,0,0,0,0,0,0,0,0,0
4.385456687,1,0,0,0,1,0,0,0,1,0,0,0,0,0
4.385456750,1,0,0,0,1,0,0,0,0,0,0,0,0,0
4.385456813,1,0,0,0,1,0,0,0,1,0,0,0,0,0
4.385456937,1,0,0,0,1,0,0,0,0,0,0,0,0,0
4.385457000,1,0,0,0,1,0,0,0,1,0,0,0,0,0
4.385457062,1,0,0,0,1,0,0,0,0,0,0,0,0,0
4.385457125,1,0,0,0,0,0,0,0,0,0,0,0,0,0
4.385457250,1,0,0,0,1,0,0,0,1,0,0,0,0,0
4.385457312,1,0,0,0,1,0,0,0,0,0,0,0,0,0
4.385457438,1,0,0,0,1,0,0,0,1,0,0,0,0,0
4.385457500,1,0,0,0,1,0,0,0,0,0,0,0,0,0
4.385457563,1,0,0,0,1,0,0,0,1,0,0,0,0,0
4.385457687,1,0,0,0,1,0,0,0,0,0,0,0,0,0
4.385458250,1,0,0,0,1,0,0,0,1,0,0,0,0,0
4.385458312,1,0,0,0,1,0,0,0,0,0,0,0,0,0
4.385458375,1,0,0,0,1,0,0,0,1,0,0,0,0,0
4.385458500,1,0,0,0,1,0,0,0,0,0,0,0,0,0
4.385458625,1,0,0,0,1,0,0,0,1,0,0,0,0,0
4.385458687,1,0,0,0,1,0,0,0,0,0,0,0,0,0
4.385458750,1,0,0,0,1,0,0,0,1,0,0,0,0,0
4.385458812,1,0,0,0,1,0,0,0,0,0,0,0,0,0
4.385458938,1,0,0,0,1,0,0,0,1,0,0,0,0,0
4.385459375,1,0,0,0,1,0,0,0,0,0,0,0,0,0
4.385459500,1,0,0,0,1,0,0,0,1,0,0,0,0,0
4.385459875,1,0,0,0,1,0,0,0,0,0,0,0,0,0
4.385459938,1,0,0,0,1,0,0,0,1,0,0,0,0,0
4.385460062,1,0,0,0,1,0,0,0,0,0,0,0,0,0
4.385460250,1,0,0,0,1,0,0,0,1,0,0,0,0,0
4.385460313,1,0,0,0,1,0,0,0,0,0,0,0,0,0
4.385460375,1,0,0,0,1,0,0,0,1,0,0,0,0,0
4.385460750,1,0,0,0,1,0,0,0,0,0,0,0,0,0
4.385461000,1,0,0,1,1,0,0,0,1,0,0,0,0,0
4.385461063,0,0,0,0,0,0,0,0,0,0,0,0,0,0
4.385461125,1,0,0,0,0,0,0,0,0,0,0,0,0,0
4.385461187,1,1,0,1,1,0,0,0,1,0,0,0,0,0
4.385461250,1,0,0,0,1,0,0,0,0,0,0,0,0,0
4.385461375,1,0,0,0,1,0,0,0,1,0,0,0,0,0
4.385461438,1,0,0,0,1,0,0,0,0,0,0,0,0,0
4.385461500,1,0,0,0,1,0,0,0,1,0,0,0,0,0
4.385461625,1,0,0,0,1,0,0,0,0,0,0,0,0,0
4.385461688,1,0,0,0,1,0,0,0,1,0,0,0,0,0
4.385461875,1,0,0,0,1,0,0,0,0,0,0,0,0,0
4.385461937,1,0,0,0,1,0,0,0,1,0,0,0,0,0
4.385462187,1,0,0,0,1,0,0,0,0,0,0,0,0,0
4.385462250,1,0,0,0,1,0,0,0,1,0,0,0,0,0
4.385463000,1,0,0,0,1,0,0,0,0,0,0,0,0,0
4.385463063,1,0,0,0,1,0,0,0,1,0,0,0,0,0
4.385464687,1,0,0,1,1,0,0,0,1,0,0,0,0,0
4.385464750,1,0,0,0,1,0,0,0,1,0,0,0,0,0
4.385465062,1,0,0,0,1,0,0,0,0,0,0,0,0,0
4.385465188,1,0,0,0,1,0,0,0,1,0,0,0,0,0
4.385469188,1,0,0,1,1,0,0,0,1,0,0,0,0,0
4.385469250,1,0,0,0,1,0,0,0,1,0,0,0,0,0
4.385469375,1,0,0,0,0,0,0,0,0,0,0,0,0,0
4.385469438,1,0,0,0,1,0,0,0,1,0,0,0,0,0
4.385469687,0,0,0,0,0,0,0,0,0,0,0,0,0,0
4.385469750,1,0,0,0,1,0,0,0,1,0,0,0,0,0
4.385470000,1,0,0,0,1,0,0,0,0,0,0,0,0,0
4.385470062,1,0,0,0,1,0,0,0,1,0,0,0,0,0
4.385470375,1,0,0,1,1,0,0,0,1,0,0,0,0,0
4.385470438,0,0,0,0,0,0,0,0,0,0,0,0,0,0
4.385470500,1,1,1,1,1,0,0,0,1,0,0,0,0,0
4.385470563,0,0,0,0,0,0,0,0,0,0,0,0,0,0
4.385470625,1,1,1,1,1,0,0,0,1,0,0,0,0,0
4.385470687,0,0,0,0,0,0,0,0,0,0,0,0,0,0
4.385470750,1,0,0,0,1,0,0,0,1,0,0,0,0,0
4.385470875,0,0,0,0,0,0,0,0,0,0,0,0,0,0
4.385470938,1,1,1,1,1,0,0,0,1,0,0,0,0,0
4.385471000,0,0,0,0,0,0,0,0,0,0,0,0,0,0
4.385471062,1,1,1,1,1,0,0,0,1,0,0,0,0,0
4.385471125,0,0,0,0,0,0,0,0,0,0,0,0,0,0
4.385471250,1,1,0,1,1,0,0,0,1,0,0,0,0,0
4.385471312,1,0,0,0,1,0,0,0,1,0,0,0,0,0
4.385471563,0,0,0,0,0,0,0,0,0,0,0,0,0,0
4.385471625,1,0,0,0,1,0,0,0,1,0,0,0,0,0
4.385471687,1,0,0,0,1,0,0,0,0,0,0,0,0,0
4.385471750,1,0,0,0,1,0,0,0,1,0,0,0,0,0
4.385472750,1,0,0,0,1,0,0,0,0,0,0,0,0,0
4.385472812,1,0,0,0,1,0,0,0,1,0,0,0,0,0
4.385473125,1,1,1,1,1,0,0,0,1,0,0,0,0,0
4.385473250,1,0,0,0,1,0,0,0,0,0,0,0,0,0
4.385473313,0,0,0,0,0,0,0,0,0,0,0,0,0,0
4.385473375,1,0,0,0,1,0,0,0,1,0,0,0,0,0
4.385473813,0,0,0,0,0,0,0,0,0,0,0,0,0,0
4.385473875,1,0,0,0,1,0,0,0,1,0,0,0,0,0
4.385474125,1,1,1,1,1,0,0,0,1,0,0,0,0,0
4.385474187,1,0,0,0,1,0,0,0,1,0,0,0,0,0
4.385474313,0,0,0,0,0,0,0,0,0,0,0,0,0,0
4.385474375,1,0,0,0,1,0,0,0,1,0,0,0,0,0
4.385474438,1,0,0,0,1,0,0,0,0,0,0,0,0,0
4.385474500,1,0,0,0,1,0,0,0,1,0,0,0,0,0
4.385474688,1,0,0,0,0,0,0,0,0,0,0,0,0,0
4.385474750,1,0,0,0,1,0,0,0,1,0,0,0,0,0
4.385474813,1,0,0,0,1,0,0,0,0,0,0,0,0,0
4.385474875,1,0,0,0,1,0,0,0,1,0,0,0,0,0
4.385475250,0,0,0,0,0,0,0,0,0,0,0,0,0,0
4.385475312,1,0,0,0,1,0,0,0,1,0,0,0,0,0
4.385475375,1,0,0,0,0,0,0,0,0,0,0,0,0,0
4.385475438,1,0,0,0,1,0,0,0,1,0,0,0,0,0
4.385475500,1,0,0,0,1,0,0,0,0,0,0,0,0,0
4.385475562,1,0,0,0,1,0,0,0,1,0,0,0,0,0
4.385475625,0,0,0,0,0,0,0,0,0,0,0,0,0,0
4.385475687,1,0,0,0,1,0,0,0,1,0,0,0,0,0
4.385476750,0,0,0,0,0,0,0,0,0,0,0,0,0,0
4.385476813,1,0,0,0,1,0,0,0,1,0,0,0,0,0
4.385476875,1,0,0,0,1,0,0,0,0,0,0,0,0,0
4.385476938,1,0,0,0,1,0,0,0,1,0,0,0,0,0
4.385477687,0,0,0,0,0,0,0,0,0,0,0,0,0,0
4.385477750,1,0,0,0,1,0,0,0,1,0,0,0,0,0
4.385478625,1,1,0,1,1,0,0,0,1,0,0,0,0,0
4.385478688,1,0,0,0,1,0,0,0,1,0,0,0,0,0
4.385479562,1,1,0,1,1,0,0,0,1,0,0,0,0,0
4.385479625,1,0,0,0,1,0,0,0,1,0,0,0,0,0
4.385479750,1,0,0,1,1,0,0,0,1,0,0,0,0,0
4.385479812,1,0,0,0,1,0,0,0,1,0,0,0,0,0
4.385479875,1,0,0,1,1,0,0,0,1,0,0,0,0,0
4.385479938,1,1,1,1,1,0,0,0,1,0,0,0,0,0
4.385480000,1,0,0,0,1,0,0,0,1,0,0,0,0,0
4.385481250,0,0,0,0,1,0,0,0,0,0,0,0,0,0
4.385481312,1,1,1,1,1,0,0,0,1,0,0,0,0,0
4.385481438,0,0,0,0,0,0,0,0,0,0,0,0,0,0
4.385481500,1,0,0,0,1,0,0,0,1,0,0,0,0,0
4.385481562,1,1,0,1,1,0,0,0,1,0,0,0,0,0
4.385481625,1,0,0,0,1,0,0,0,1,0,0,0,0,0
4.385481813,1,1,0,1,1,0,0,0,1,0,0,0,0,0
4.385481875,1,0,0,0,1,0,0,0,1,0,0,0,0,0
4.385482000,1,0,0,0,1,0,0,0,0,0,0,0,0,0
4.385482063,1,0,0,0,1,0,0,0,1,0,0,0,0,0
4.385482125,1,0,0,0,1,0,0,0,0,0,0,0,0,0
4.385482188,1,0,0,0,1,0,0,0,1,0,0,0,0,0
4.385482312,1,1,0,1,1,0,0,0,1,0,0,0,0,0
4.385482375,1,0,0,0,1,0,0,0,1,0,0,0,0,0
4.385482438,1,0,0,0,1,0,0,0,0,0,0,0,0,0
4.385482500,1,0,0,0,1,0,0,0,1,0,0,0,0,0
4.385482563,1,0,0,0,1,0,0,0,0,0,0,0,0,0
4.385482625,1,0,0,0,1,0,0,0,1,0,0,0,0,0
4.385482687,1,0,0,0,0,0,0,0,0,0,0,0,0,0
4.385482750,1,0,0,0,1,0,0,0,1,0,0,0,0,0
4.385483000,1,0,0,0,1,0,0,0,0,0,0,0,0,0
4.385483125,1,0,0,0,1,0,0,0,1,0,0,0,0,0
4.385483312,1,0,0,0,1,0,0,0,0,0,0,0,0,0
4.385483375,1,0,0,0,0,0,0,0,0,0,0,0,0,0
4.385483437,0,0,0,0,0,0,0,0,0,0,0,0,0,0
4.385483500,1,0,0,0,1,0,0,0,1,0,0,0,0,0
4.385483625,1,0,0,0,0,0,0,0,0,0,0,0,0,0
4.385483687,1,0,0,0,1,0,0,0,1,0,0,0,0,0
4.385484000,1,0,0,0,1,0,0,0,0,0,0,0,0,0
4.385484062,1,0,0,0,1,0,0,0,1,0,0,0,0,0
4.385484313,1,0,0,0,0,0,0,0,0,0,0,0,0,0
4.385484375,1,0,0,0,1,0,0,0,1,0,0,0,0,0
4.385484563,1,0,0,0,0,0,0,0,0,0,0,0,0,0
4.385484625,1,0,0,0,1,0,0,0,1,0,0,0,0,0
4.385485062,1,0,0,0,1,0,0,0,0,0,0,0,0,0
4.385485125,0,0,0,0,0,0,0,0,0,0,0,0,0,0
4.385485187,1,0,0,0,1,0,0,0,0,0,0,0,0,0
4.385485250,1,0,0,0,1,0,0,0,1,0,0,0,0,0
4.385485625,1,0,0,0,1,0,0,0,0,0,0,0,0,0
4.385485688,1,0,0,0,1,0,0,0,1,0,0,0,0,0
4.385485750,1,0,0,0,1,0,0,0,0,0,0,0,0,0
4.385485875,1,0,0,0,1,0,0,0,1,0,0,0,0,0
4.385486000,1,0,0,0,1,0,0,0,0,0,0,0,0,0
4.385486063,1,0,0,0,1,0,0,0,1,0,0,0,0,0
4.385486625,1,1,0,0,1,0,0,0,1,0,0,0,0,0
4.385486688,1,0,0,0,1,0,0,0,1,0,0,0,0,0
4.385486750,1,0,0,0,1,0,0,0,0,0,0,0,0,0
4.385486812,1,0,0,0,1,0,0,0,1,0,0,0,0,0
4.385486937,1,0,0,0,1,0,0,0,0,0,0,0,0,0
4.385487000,1,0,0,0,1,0,0,0,1,0,0,0,0,0
4.385487187,1,0,0,0,1,0,0,0,0,0,0,0,0,0
4.385487250,1,1,1,1,1,0,0,0,1,0,0,0,0,0
4.385487312,0,0,0,0,0,0,0,0,0,0,0,0,0,0
4.385487375,1,1,1,1,1,0,0,0,1,0,0,0,0,0
4.385487438,0,0,0,0,0,0,0,0,0,0,0,0,0,0
4.385487500,1,0,0,0,1,0,0,0,1,0,0,0,0,0
4.385487562,0,0,0,0,0,0,0,0,0,0,0,0,0,0
4.385487688,1,0,0,0,0,0,0,0,0,0,0,0,0,0
4.385487750,0,0,0,0,0,0,0,0,0,0,0,0,0,0
4.385487813,1,1,1,1,1,0,0,0,1,0,0,0,0,0
4.385487875,1,0,0,0,1,0,0,0,0,0,0,0,0,0
4.385487937,1,1,1,1,1,0,0,0,1,0,0,0,0,0
4.385488000,1,1,0,1,1,0,0,0,1,0,0,0,0,0
4.385488063,1,0,0,0,1,0,0,0,1,0,0,0,0,0
4.385488125,1,0,0,1,1,0,0,0,1,0,0,0,0,0
4.385488188,1,0,0,0,1,0,0,0,1,0,0,0,0,0
4.385488250,1,0,0,0,1,0,0,0,0,0,0,0,0,0
4.385488312,1,0,0,0,1,0,0,0,1,0,0,0,0,0
4.385488375,0,0,0,0,0,0,0,0,0,0,0,0,0,0
4.385488438,1,0,0,0,1,0,0,0,1,0,0,0,0,0
4.385488500,1,0,0,0,1,0,0,0,0,0,0,0,0,0
4.385488562,1,0,0,0,1,0,0,0,1,0,0,0,0,0
4.385489687,1,0,0,1,1,0,0,0,1,0,0,0,0,0
4.385489750,1,0,0,0,1,0,0,0,1,0,0,0,0,0
4.385490000,0,0,0,0,0,0,0,0,0,0,0,0,0,0
4.385490062,1,0,0,0,1,0,0,0,1,0,0,0,0,0
4.385490188,1,0,0,0,1,0,0,0,0,0,0,0,0,0
4.385490250,1,0,0,0,1,0,0,0,1,0,0,0,0,0
4.385490375,1,0,0,1,1,0,0,0,1,0,0,0,0,0
4.385490437,1,0,0,0,1,0,0,0,1,0,0,0,0,0
4.385490500,1,0,0,1,1,0,0,0,1,0,0,0,0,0
4.385490563,1,0,0,0,1,0,0,0,1,0,0,0,0,0
4.385490625,1,0,0,0,1,0,0,0,0,0,0,0,0,0
4.385490687,1,0,0,0,1,0,0,0,1,0,0,0,0,0
4.385491500,0,0,0,0,0,0,0,0,0,0,0,0,0,0
4.385491625,1,1,1,1,1,0,0,0,1,0,0,0,0,0
4.385491688,1,0,0,0,1,0,0,0,1,0,0,0,0,0
4.385493438,1,0,0,0,1,0,0,0,0,0,0,0,0,0
4.385493500,1,0,0,1,1,0,0,0,1,0,0,0,0,0
4.385493562,1,0,0,0,1,0,0,0,1,0,0,0,0,0
4.385493937,0,0,0,0,0,0,0,0,0,0,0,0,0,0
4.385494000,1,0,0,0,1,0,0,0,1,0,0,0,0,0
4.385495687,1,0,0,1,1,0,0,0,1,0,0,0,0,0
4.385495750,1,0,0,0,1,0,0,0,1,0,0,0,0,0
4.385496875,1,0,0,1,1,0,0,0,1,0,0,0,0,0
4.385496938,1,0,0,0,1,0,0,0,1,0,0,0,0,0
4.385497750,1,0,0,1,1,0,0,0,1,0,0,0,0,0
4.385497812,1,0,0,0,1,0,0,0,1,0,0,0,0,0
4.385498625,1,0,0,1,1,0,0,0,1,0,0,0,0,0
4.385498750,1,0,0,0,1,0,0,0,1,0,0,0,0,0
4.385499688,1,0,0,1,1,0,0,0,1,0,0,0,0,0
4.385499750,1,0,0,0,1,0,0,0,1,0,0,0,0,0
4.385499812,1,0,0,1,1,0,0,0,1,0,0,0,0,0
4.385499875,1,0,0,0,1,0,0,0,1,0,0,0,0,0
4.385500000,1,0,0,1,1,0,0,0,1,0,0,0,0,0
4.385500063,1,0,0,0,1,0,0,0,1,0,0,0,0,0
4.385500312,1,1,0,1,1,0,0,0,1,0,0,0,0,0
4.385500375,1,0,0,0,1,0,0,0,1,0,0,0,0,0
4.385500562,1,1,0,1,1,0,0,0,1,0,0,0,0,0
4.385500625,1,0,0,0,1,0,0,0,1,0,0,0,0,0
4.385500937,1,0,0,1,1,0,0,0,1,0,0,0,0,0
4.385501063,1,1,0,1,1,0,0,0,1,0,0,0,0,0
4.385501125,1,0,0,0,1,0,0,0,1,0,0,0,0,0
4.385501250,1,0,0,1,1,0,0,0,1,0,0,0,0,0
4.385501312,1,0,0,0,1,0,0,0,1,0,0,0,0,0
4.385501438,1,0,0,1,1,0,0,0,1,0,0,0,0,0
4.385501625,1,0,0,0,1,0,0,0,1,0,0,0,0,0
4.385501687,0,0,0,0,0,0,0,0,0,0,0,0,0,0
4.385501750,1,1,0,1,1,0,0,0,1,0,0,0,0,0
4.385501813,1,0,0,0,1,0,0,0,0,0,0,0,0,0
4.385501875,1,0,0,0,1,0,0,0,1,0,0,0,0,0
4.385501937,1,0,0,1,1,0,0,0,1,0,0,0,0,0
4.385502000,1,0,0,0,1,0,0,0,1,0,0,0,0,0
4.385502188,1,0,0,1,1,0,0,0,1,0,0,0,0,0
4.385502375,1,0,0,0,1,0,0,0,1,0,0,0,0,0
4.385502437,0,0,0,0,0,0,0,0,0,0,0,0,0,0
4.385502500,1,0,0,0,1,0,0,0,1,0,0,0,0,0
4.385502563,1,0,0,0,0,0,0,0,0,0,0,0,0,0
4.385502625,1,0,0,0,1,0,0,0,1,0,0,0,0,0
4.385502687,1,1,1,1,1,0,0,0,1,0,0,0,0,0
4.385502750,1,1,0,1,1,0,0,0,1,0,0,0,0,0
4.385502813,1,1,1,1,1,0,0,0,1,0,0,0,0,0
4.385502875,1,0,0,0,1,0,0,0,1,0,0,0,0,0
4.385503000,1,0,0,1,1,0,0,0,1,0,0,0,0,0
4.385503062,1,0,0,0,1,0,0,0,1,0,0,0,0,0
4.385503125,1,0,0,1,1,0,0,0,1,0,0,0,0,0
4.385503188,1,0,0,0,1,0,0,0,1,0,0,0,0,0
4.385503313,1,0,0,1,1,0,0,0,1,0,0,0,0,0
4.385503375,1,1,0,1,1,0,0,0,1,0,0,0,0,0
4.385503437,1,0,0,1,1,0,0,0,1,0,0,0,0,0
4.385503563,0,0,0,0,0,0,0,0,0,0,0,0,0,0
4.385503625,1,0,0,0,1,0,0,0,1,0,0,0,0,0
4.385503687,1,0,0,0,1,0,0,0,0,0,0,0,0,0
4.385503750,1,0,0,0,1,0,0,0,1,0,0,0,0,0
4.385503938,1,1,1,1,1,0,0,0,1,0,0,0,0,0
4.385504062,1,0,0,0,1,0,0,0,0,0,0,0,0,0
4.385504125,1,1,1,1,1,0,0,0,1,0,0,0,0,0
4.385504187,0,0,0,0,0,0,0,0,0,0,0,0,0,0
4.385504250,1,1,1,1,1,0,0,0,1,0,0,0,0,0
4.385504313,0,0,0,0,0,0,0,0,0,0,0,0,0,0
4.385504375,1,1,1,1,1,0,0,0,1,0,0,0,0,0
4.385504437,1,0,0,0,1,0,0,0,1,0,0,0,0,0
4.385504563,1,1,1,1,1,0,0,0,1,0,0,0,0,0
4.385504625,1,0,0,0,1,0,0,0,1,0,0,0,0,0
4.385504688,1,1,1,1,1,0,0,0,1,0,0,0,0,0
4.385504812,1,0,0,0,1,0,0,0,1,0,0,0,0,0
4.385504875,1,1,1,1,1,0,0,0,1,0,0,0,0,0
4.385504938,1,0,0,0,1,0,0,0,1,0,0,0,0,0
4.385505000,1,0,0,1,1,0,0,0,1,0,0,0,0,0
4.385505063,1,0,0,0,1,0,0,0,1,0,0,0,0,0
4.385505250,1,0,0,0,1,0,0,0,0,0,0,0,0,0
4.385505313,1,1,0,1,1,0,0,0,1,0,0,0,0,0
4.385505375,1,0,0,1,1,0,0,0,1,0,0,0,0,0
4.385505500,1,1,1,1,1,0,0,0,1,0,0,0,0,0
4.385505562,0,0,0,0,0,0,0,0,0,0,0,0,0,0
4.385505625,1,1,0,1,1,0,0,0,1,0,0,0,0,0
4.385505750,1,0,0,0,1,0,0,0,1,0,0,0,0,0
4.385505812,0,0,0,0,0,0,0,0,0,0,0,0,0,0
4.385505875,1,0,0,0,1,0,0,0,1,0,0,0,0,0
4.385506063,1,0,0,1,1,0,0,0,1,0,0,0,0,0
4.385506250,1,1,0,1,1,0,0,0,1,0,0,0,0,0
4.385506312,0,0,0,0,0,0,0,0,0,0,0,0,0,0
4.385506375,1,0,0,1,1,0,0,0,1,0,0,0,0,0
4.385506438,1,0,0,0,0,0,0,0,0,0,0,0,0,0
4.385506500,1,0,0,0,1,0,0,0,1,0,0,0,0,0
4.385506688,1,0,0,0,0,0,0,0,0,0,0,0,0,0
4.385506750,1,0,0,1,1,0,0,0,1,0,0,0,0,0
4.385506875,1,1,1,1,1,0,0,0,1,0,0,0,0,0
4.385506937,1,1,0,1,1,0,0,0,1,0,0,0,0,0
4.385507000,1,0,0,1,1,0,0,0,1,0,0,0,0,0
4.385507250,0,0,0,0,0,0,0,0,0,0,0,0,0,0
4.385507312,1,0,0,1,1,0,0,0,1,0,0,0,0,0
4.385507375,1,0,0,0,0,0,0,0,0,0,0,0,0,0
4.385507438,1,1,0,1,1,0,0,0,1,0,0,0,0,0
4.385507500,1,0,0,1,1,0,0,0,1,0,0,0,0,0
4.385507625,1,0,0,0,0,0,0,0,0,0,0,0,0,0
4.385507687,1,0,0,1,1,0,0,0,1,0,0,0,0,0
4.385507875,1,1,1,1,1,0,0,0,1,0,0,0,0,0
4.385507937,1,0,0,1,1,0,0,0,1,0,0,0,0,0
4.385508062,1,1,1,1,1,0,0,0,1,0,0,0,0,0
4.385508125,1,0,0,1,1,0,0,0,1,0,0,0,0,0
4.385508188,1,0,0,0,1,0,0,0,1,0,0,0,0,0
4.385508250,1,0,0,1,1,0,0,0,1,0,0,0,0,0
4.385508375,1,0,0,0,1,0,0,0,1,0,0,0,0,0
4.385508438,1,0,0,1,1,0,0,0,1,0,0,0,0,0
4.385508563,1,1,0,1,1,0,0,0,1,0,0,0,0,0
4.385508687,1,1,1,1,1,0,0,0,1,0,0,0,0,0
4.385508750,0,0,0,0,0,0,0,0,0,0,0,0,0,0
4.385508813,1,0,0,1,1,0,0,0,1,0,0,0,0,0
4.385508875,1,0,0,0,0,0,0,0,0,0,0,0,0,0
4.385508938,1,0,0,1,1,0,0,0,1,0,0,0,0,0
4.385509125,1,0,0,0,1,0,0,0,1,0,0,0,0,0
4.385509188,1,1,0,1,1,0,0,0,1,0,0,0,0,0
4.385509250,1,1,1,1,1,0,0,0,1,0,0,0,0,0
4.385509375,1,0,0,1,1,0,0,0,1,0,0,0,0,0
4.385509625,1,0,0,0,1,0,0,0,1,0,0,0,0,0
4.385509687,0,0,0,0,0,0,0,0,0,0,0,0,0,0
4.385509750,1,0,0,1,1,0,0,0,1,0,0,0,0,0
4.385509812,1,0,0,0,1,0,0,0,0,0,0,0,0,0
4.385509875,1,1,1,1,1,0,0,0,1,0,0,0,0,0
4.385510000,1,0,0,1,1,0,0,0,1,0,0,0,0,0
4.385510062,1,0,0,0,1,0,0,0,1,0,0,0,0,0
4.385510250,1,0,0,1,1,0,0,0,1,0,0,0,0,0
4.385510375,1,1,0,1,1,0,0,0,1,0,0,0,0,0
4.385510437,1,1,1,1,1,0,0,0,1,0,0,0,0,0
4.385510563,1,0,0,1,1,0,0,0,1,0,0,0,0,0
4.385510625,0,0,0,0,0,0,0,0,0,0,0,0,0,0
4.385510688,1,0,0,1,1,0,0,0,1,0,0,0,0,0
4.385510750,1,1,0,0,1,0,0,0,1,0,0,0,0,0
4.385510812,1,0,0,1,1,0,0,0,1,0,0,0,0,0
4.385510875,1,1,0,1,1,0,0,0,1,0,0,0,0,0
4.385510938,1,0,0,1,1,0,0,0,1,0,0,0,0,0
4.385511125,1,1,1,1,1,0,0,0,1,0,0,0,0,0
4.385511375,1,0,1,1,1,0,0,0,1,0,0,0,0,0
4.385511437,1,0,0,1,1,0,0,0,1,0,0,0,0,0
4.385511562,1,1,1,1,1,0,0,0,1,0,0,0,0,0
4.385511625,1,0,0,0,1,0,0,0,1,0,0,0,0,0
4.385511750,1,1,1,1,1,0,0,0,1,0,0,0,0,0
4.385511875,1,0,0,0,1,0,0,0,0,0,0,0,0,0
4.385511937,1,1,1,1,1,0,0,0,1,0,0,0,0,0
4.385512000,1,0,1,1,1,0,0,0,1,0,0,0,0,0
4.385512063,1,0,0,1,1,0,0,0,1,0,0,0,0,0
4.385512125,1,1,1,1,1,0,0,0,1,0,0,0,0,0
4.385512187,1,0,0,1,1,0,0,0,1,0,0,0,0,0
4.385512500,1,1,1,1,1,0,0,0,1,0,0,0,0,0
4.385512875,1,0,0,1,1,0,0,0,1,0,0,0,0,0
4.385512937,1,0,0,0,0,0,0,0,0,0,0,0,0,0
4.385513000,0,0,0,0,0,0,0,0,0,0,0,0,0,0
4.385513063,1,1,1,1,1,0,0,0,1,0,0,0,0,0
4.385513187,1,0,0,1,1,0,0,0,1,0,0,0,0,0
4.385513312,1,1,1,1,1,0,0,0,1,0,0,0,0,0
4.385513375,1,0,0,1,1,0,0,0,1,0,0,0,0,0
4.385513438,1,1,1,1,1,0,0,0,1,0,0,0,0,0
4.385513500,1,0,0,1,1,0,0,0,1,0,0,0,0,0
4.385513562,1,1,1,1,1,0,0,0,1,0,0,0,0,0
4.385513625,1,1,0,1,1,0,0,0,1,0,0,0,0,0
4.385513687,1,1,1,1,1,0,0,0,1,0,0,0,0,0
4.385513750,1,1,0,1,1,0,0,0,1,0,0,0,0,0
4.385513813,1,1,1,1,1,0,0,0,1,0,0,0,0,0
4.385513875,0,0,0,0,0,0,0,0,0,0,0,0,0,0
4.385513937,1,0,0,0,1,0,0,0,0,0,0,0,0,0
4.385514000,1,0,0,0,1,0,0,0,1,0,0,0,0,0
4.385514063,1,1,1,1,1,0,0,0,1,0,0,0,0,0
4.385514125,1,1,0,1,1,0,0,0,1,0,0,0,0,0
4.385514188,1,0,0,1,1,0,0,0,1,0,0,0,0,0
4.385514312,1,1,1,1,1,0,0,0,1,0,0,0,0,0
4.385514375,1,1,0,1,1,0,0,0,1,0,0,0,0,0
4.385514438,1,0,0,0,1,0,0,0,1,0,0,0,0,0
4.385514563,1,0,0,1,1,0,0,0,1,0,0,0,0,0
4.385514687,1,0,0,0,1,0,0,0,1,0,0,0,0,0
4.385514813,1,1,0,1,1,0,0,0,1,0,0,0,0,0
4.385514875,1,0,0,0,1,0,0,0,1,0,0,0,0,0
4.385514937,1,1,0,1,1,0,0,0,1,0,0,0,0,0
4.385515000,1,0,0,0,1,0,0,0,1,0,0,0,0,0
4.385515125,1,0,0,1,1,0,0,0,1,0,0,0,0,0
4.385515250,1,1,1,1,1,0,0,0,1,0,0,0,0,0
4.385515312,1,1,0,1,1,0,0,0,1,0,0,0,0,0
4.385515375,1,0,0,0,1,0,0,0,1,0,0,0,0,0
4.385515437,1,1,1,1,1,0,0,0,1,0,0,0,0,0
4.385515500,1,0,0,0,1,0,0,0,1,0,0,0,0,0
4.385515687,1,0,0,1,1,0,0,0,1,0,0,0,0,0
4.385515750,1,1,1,1,1,0,0,0,1,0,0,0,0,0
4.385515813,1,0,0,1,1,0,0,0,1,0,0,0,0,0
4.385515875,1,1,1,1,1,0,0,0,1,0,0,0,0,0
4.385515938,1,1,0,1,1,0,0,0,1,0,0,0,0,0
4.385516000,1,0,0,0,1,0,0,0,1,0,0,0,0,0
4.385516375,1,0,0,1,1,0,0,0,1,0,0,0,0,0
4.385516500,1,0,0,0,1,0,0,0,1,0,0,0,0,0
4.385516688,1,1,0,1,1,0,0,0,1,0,0,0,0,0
4.385516812,1,0,0,0,1,0,0,0,1,0,0,0,0,0
4.385517000,1,0,0,1,1,0,0,0,1,0,0,0,0,0
4.385517187,1,0,0,0,1,0,0,0,1,0,0,0,0,0
4.385517250,1,0,0,1,1,0,0,0,1,0,0,0,0,0
4.385517313,1,1,1,1,1,0,0,0,1,0,0,0,0,0
4.385517375,1,0,0,0,1,0,0,0,1,0,0,0,0,0
4.385517437,1,0,0,1,1,0,0,0,1,0,0,0,0,0
4.385517500,1,0,0,0,1,0,0,0,1,0,0,0,0,0
4.385517562,1,0,0,1,1,0,0,0,1,0,0,0,0,0
4.385517625,1,0,0,0,1,0,0,0,1,0,0,0,0,0
4.385517688,1,1,1,1,1,0,0,0,1,0,0,0,0,0
4.385517750,1,0,0,0,1,0,0,0,1,0,0,0,0,0
4.385517875,1,0,0,1,1,0,0,0,1,0,0,0,0,0
4.385518125,1,0,0,0,1,0,0,0,1,0,0,0,0,0
4.385518375,1,0,0,1,1,0,0,0,1,0,0,0,0,0
4.385518438,1,0,0,0,1,0,0,0,1,0,0,0,0,0
4.385518500,1,0,0,1,1,0,0,0,1,0,0,0,0,0
4.385518562,1,0,0,0,1,0,0,0,1,0,0,0,0,0
4.385518625,1,1,1,1,1,0,0,0,1,0,0,0,0,0
4.385518688,1,0,0,1,1,0,0,0,1,0,0,0,0,0
4.385518750,1,0,0,0,1,0,0,0,1,0,0,0,0,0
4.385518813,1,0,0,1,1,0,0,0,1,0,0,0,0,0
4.385518875,1,1,0,1,1,0,0,0,1,0,0,0,0,0
4.385518937,1,0,0,0,1,0,0,0,1,0,0,0,0,0
4.385519063,1,0,0,1,1,0,0,0,1,0,0,0,0,0
4.385519125,1,0,0,0,1,0,0,0,1,0,0,0,0,0
4.385519250,1,0,0,1,1,0,0,0,1,0,0,0,0,0
4.385519312,1,1,0,1,1,0,0,0,1,0,0,0,0,0
4.385519375,1,0,0,0,1,0,0,0,1,0,0,0,0,0
4.385519438,1,1,1,1,1,0,0,0,1,0,0,0,0,0
4.385519500,1,0,0,0,1,0,0,0,1,0,0,0,0,0
4.385519562,1,1,1,1,1,0,0,0,1,0,0,0,0,0
4.385519625,1,0,0,0,1,0,0,0,1,0,0,0,0,0
4.385519875,1,0,0,1,1,0,0,0,1,0,0,0,0,0
4.385520063,1,0,0,0,1,0,0,0,1,0,0,0,0,0
4.385520125,1,1,1,1,1,0,0,0,1,0,0,0,0,0
4.385520188,1,0,0,1,1,0,0,0,1,0,0,0,0,0
4.385520250,1,0,0,0,1,0,0,0,1,0,0,0,0,0
4.385520312,1,0,0,1,1,0,0,0,1,0,0,0,0,0
4.385520375,1,0,0,0,1,0,0,0,1,0,0,0,0,0
4.385520500,1,0,0,1,1,0,0,0,1,0,0,0,0,0
4.385520625,1,0,0,0,1,0,0,0,1,0,0,0,0,0
4.385520687,1,1,1,1,1,0,0,0,1,0,0,0,0,0
4.385520750,1,0,0,0,1,0,0,0,1,0,0,0,0,0
4.385520813,1,1,1,1,1,0,0,0,1,0,0,0,0,0
4.385520875,1,0,0,0,1,0,0,0,0,0,0,0,0,0
4.385520937,1,0,0,0,1,0,0,0,1,0,0,0,0,0
4.385521000,1,1,1,1,1,0,0,0,1,0,0,0,0,0
4.385521062,1,0,0,0,0,0,0,0,0,0,0,0,0,0
4.385521125,1,1,1,1,1,0,0,0,1,0,0,0,0,0
4.385521188,0,0,0,0,0,0,0,0,0,0,0,0,0,0
4.385521250,1,1,1,1,1,0,0,0,1,0,0,0,0,0
4.385521312,1,0,0,1,1,0,0,0,1,0,0,0,0,0
4.385521375,1,0,0,0,1,0,0,0,1,0,0,0,0,0
4.385521437,1,1,0,1,1,0,0,0,1,0,0,0,0,0
4.385521500,1,0,0,1,1,0,0,0,1,0,0,0,0,0
4.385521563,1,0,0,0,1,0,0,0,1,0,0,0,0,0
4.385521625,1,1,0,1,1,0,0,0,1,0,0,0,0,0
4.385521687,1,0,0,0,1,0,0,0,1,0,0,0,0,0
4.385521750,1,1,1,1,1,0,0,0,1,0,0,0,0,0
4.385521813,1,0,0,0,1,0,0,0,1,0,0,0,0,0
4.385521875,1,1,1,1,1,0,0,0,1,0,0,0,0,0
4.385521938,1,0,1,1,1,0,0,0,1,0,0,0,0,0
4.385522000,1,0,0,0,1,0,0,0,1,0,0,0,0,0
4.385522062,1,1,1,1,1,0,0,0,1,0,0,0,0,0
4.385522125,1,0,0,0,1,0,0,0,1,0,0,0,0,0
4.385522500,1,0,0,1,1,0,0,0,1,0,0,0,0,0
4.385522563,1,0,0,0,1,0,0,0,1,0,0,0,0,0
4.385522687,1,1,1,1,1,0,0,0,1,0,0,0,0,0
4.385522750,1,0,0,1,1,0,0,0,1,0,0,0,0,0
4.385522938,1,0,0,0,1,0,0,0,1,0,0,0,0,0
4.385523375,1,0,0,1,1,0,0,0,1,0,0,0,0,0
4.385523437,1,0,0,0,1,0,0,0,1,0,0,0,0,0
4.385523500,1,0,0,1,1,0,0,0,1,0,0,0,0,0
4.385523563,1,0,0,0,1,0,0,0,1,0,0,0,0,0
4.385523625,1,0,0,1,1,0,0,0,1,0,0,0,0,0
4.385523688,1,0,0,0,1,0,0,0,1,0,0,0,0,0
4.385523750,1,0,0,1,1,0,0,0,1,0,0,0,0,0
4.385523812,1,0,0,0,1,0,0,0,1,0,0,0,0,0
4.385524313,1,0,0,1,1,0,0,0,1,0,0,0,0,0
4.385524375,1,0,0,0,1,0,0,0,1,0,0,0,0,0
4.385524562,1,0,0,1,1,0,0,0,1,0,0,0,0,0
4.385524625,1,0,0,0,1,0,0,0,1,0,0,0,0,0
4.385524688,1,0,0,1,1,0,0,0,1,0,0,0,0,0
4.385524812,1,0,0,0,1,0,0,0,1,0,0,0,0,0
4.385524937,1,1,1,1,1,0,0,0,1,0,0,0,0,0
4.385525000,1,0,0,0,1,0,0,0,1,0,0,0,0,0
4.385525313,1,0,0,0,1,0,0,0,0,0,0,0,0,0
4.385525375,1,0,0,0,1,0,0,0,1,0,0,0,0,0
4.385525438,1,0,0,1,1,0,0,0,1,0,0,0,0,0
4.385525500,1,1,1,1,1,0,0,0,1,0,0,0,0,0
4.385525562,1,0,0,0,1,0,0,0,1,0,0,0,0,0
4.385525625,1,1,0,1,1,0,0,0,1,0,0,0,0,0
4.385525688,1,0,0,0,1,0,0,0,1,0,0,0,0,0
4.385526750,1,0,0,1,1,0,0,0,1,0,0,0,0,0
4.385526813,1,0,0,0,1,0,0,0,1,0,0,0,0,0
4.385526875,1,0,0,1,1,0,0,0,1,0,0,0,0,0
4.385527000,1,0,0,0,1,0,0,0,1,0,0,0,0,0
4.385527687,1,0,0,1,1,0,0,0,1,0,0,0,0,0
4.385527750,1,0,0,0,1,0,0,0,1,0,0,0,0,0
4.385528062,1,0,0,1,1,0,0,0,1,0,0,0,0,0
4.385528125,1,0,0,0,1,0,0,0,1,0,0,0,0,0
4.385529188,1,0,0,1,1,0,0,0,1,0,0,0,0,0
4.385529375,1,0,0,0,1,0,0,0,0,0,0,0,0,0
4.385529500,0,0,0,0,1,0,0,0,0,0,0,0,0,0
4.385529563,0,0,0,0,0,0,0,0,0,0,0,0,0,0
4.385529750,1,0,0,0,1,0,0,0,0,0,0,0,0,0
4.385529812,1,0,0,0,1,0,0,0,1,0,0,0,0,0
4.385529875,1,0,0,1,1,0,0,0,1,0,0,0,0,0
4.385530000,1,1,1,1,1,0,0,0,1,0,0,0,0,0
4.385530125,1,0,0,0,1,0,0,0,1,0,0,0,0,0
4.385530250,1,0,0,1,1,0,0,0,1,0,0,0,0,0
4.385530313,1,0,0,0,1,0,0,0,1,0,0,0,0,0
4.385531000,1,0,0,1,1,0,0,0,1,0,0,0,0,0
4.385531187,1,1,0,1,1,0,0,0,1,0,0,0,0,0
4.385531250,1,0,0,1,1,0,0,0,1,0,0,0,0,0
4.385531313,1,0,0,0,1,0,0,0,1,0,0,0,0,0
4.385531750,1,0,0,1,1,0,0,0,1,0,0,0,0,0
4.385531813,1,1,0,1,1,0,0,0,1,0,0,0,0,0
4.385531875,1,0,0,0,1,0,0,0,1,0,0,0,0,0
4.385531937,1,0,0,1,1,0,0,0,1,0,0,0,0,0
4.385532063,1,1,1,1,1,0,0,0,1,0,0,0,0,0
4.385532125,0,0,0,0,0,0,0,0,0,0,0,0,0,0
4.385532187,1,0,0,0,1,0,0,0,1,0,0,0,0,0
4.385532312,1,0,0,1,1,0,0,0,1,0,0,0,0,0
4.385532375,1,0,0,0,1,0,0,0,1,0,0,0,0,0
4.385532438,1,0,0,1,1,0,0,0,1,0,0,0,0,0
4.385532562,1,1,0,1,1,0,0,0,1,0,0,0,0,0
4.385532625,1,0,0,0,1,0,0,0,1,0,0,0,0,0
4.385532687,1,1,0,1,1,0,0,0,1,0,0,0,0,0
4.385532750,1,0,0,1,1,0,0,0,1,0,0,0,0,0
4.385532813,1,0,0,0,1,0,0,0,1,0,0,0,0,0
4.385532875,1,0,0,0,0,0,0,0,0,0,0,0,0,0
4.385532937,1,0,0,0,1,0,0,0,1,0,0,0,0,0
4.385533312,1,0,0,1,1,0,0,0,1,0,0,0,0,0
4.385533500,1,1,0,1,1,0,0,0,1,0,0,0,0,0
4.385533563,1,0,0,0,1,0,0,0,1,0,0,0,0,0
4.385533625,1,0,0,1,1,0,0,0,1,0,0,0,0,0
4.385533687,0,0,0,0,0,0,0,0,0,0,0,0,0,0
4.385533750,1,0,0,1,1,0,0,0,1,0,0,0,0,0
4.385533812,1,0,0,0,0,0,0,0,0,0,0,0,0,0
4.385533875,1,0,0,1,1,0,0,0,1,0,0,0,0,0
4.385534188,1,0,0,0,1,0,0,0,1,0,0,0,0,0
4.385534375,1,1,1,1,1,0,0,0,1,0,0,0,0,0
4.385534437,0,0,0,0,0,0,0,0,0,0,0,0,0,0
4.385534500,1,0,0,0,1,0,0,0,1,0,0,0,0,0
4.385534563,1,0,0,0,1,0,0,0,0,0,0,0,0,0
4.385534625,1,0,0,0,1,0,0,0,1,0,0,0,0,0
4.385534750,1,1,0,1,1,0,0,0,1,0,0,0,0,0
4.385534813,1,0,0,1,1,0,0,0,1,0,0,0,0,0
4.385535000,1,0,0,0,1,0,0,0,1,0,0,0,0,0
4.385535062,1,0,0,1,1,0,0,0,1,0,0,0,0,0
4.385535125,1,0,0,0,1,0,0,0,1,0,0,0,0,0
4.385535188,1,0,0,1,1,0,0,0,1,0,0,0,0,0
4.385535250,1,0,0,0,1,0,0,0,1,0,0,0,0,0
4.385535313,1,0,0,1,1,0,0,0,1,0,0,0,0,0
4.385535375,1,1,0,1,1,0,0,0,1,0,0,0,0,0
4.385535437,1,0,0,1,1,0,0,0,1,0,0,0,0,0
4.385535563,0,0,0,0,0,0,0,0,0,0,0,0,0,0
4.385535625,1,0,0,1,1,0,0,0,1,0,0,0,0,0
4.385535688,1,0,0,0,0,0,0,0,0,0,0,0,0,0
4.385535750,1,0,0,1,1,0,0,0,1,0,0,0,0,0
4.385535938,1,0,0,0,1,0,0,0,1,0,0,0,0,0
4.385536000,1,0,0,1,1,0,0,0,1,0,0,0,0,0
4.385536062,1,0,0,0,1,0,0,0,1,0,0,0,0,0
4.385536187,1,1,1,1,1,0,0,0,1,0,0,0,0,0
4.385536250,1,0,0,1,1,0,0,0,1,0,0,0,0,0
4.385536313,1,1,0,1,1,0,0,0,1,0,0,0,0,0
4.385536375,1,0,0,0,1,0,0,0,1,0,0,0,0,0
4.385536437,1,0,0,1,1,0,0,0,1,0,0,0,0,0
4.385536500,1,0,0,0,1,0,0,0,1,0,0,0,0,0
4.385536625,1,1,0,1,1,0,0,0,1,0,0,0,0,0
4.385536688,1,0,0,1,1,0,0,0,1,0,0,0,0,0
4.385536875,1,1,0,1,1,0,0,0,1,0,0,0,0,0
4.385537000,1,0,0,1,1,0,0,0,1,0,0,0,0,0
4.385537250,1,1,0,1,1,0,0,0,1,0,0,0,0,0
4.385537313,1,0,0,0,1,0,0,0,1,0,0,0,0,0
4.385537438,1,1,1,1,1,0,0,0,1,0,0,0,0,0
4.385537500,1,0,0,0,1,0,0,0,0,0,0,0,0,0
4.385537562,0,0,0,0,1,0,0,0,1,0,0,0,0,0
4.385537625,0,0,0,0,0,0,0,0,0,0,0,0,0,0
4.385537688,1,1,1,1,1,0,0,0,1,0,0,0,0,0
4.385537750,1,0,0,0,1,0,0,0,1,0,0,0,0,0
4.385537812,0,0,0,0,0,0,0,0,0,0,0,0,0,0
4.385537875,1,1,1,1,1,0,0,0,1,0,0,0,0,0
4.385537937,1,0,0,0,1,0,0,0,1,0,0,0,0,0
4.385538000,1,1,1,1,1,0,0,0,1,0,0,0,0,0
4.385538063,1,0,0,0,1,0,0,0,1,0,0,0,0,0
4.385538125,1,1,0,1,1,0,0,0,1,0,0,0,0,0
4.385538187,1,1,1,1,1,0,0,0,1,0,0,0,0,0
4.385538250,1,0,0,0,1,0,0,0,1,0,0,0,0,0
4.385538312,0,0,0,0,0,0,0,0,0,0,0,0,0,0
4.385538375,1,1,1,1,1,0,0,0,1,0,0,0,0,0
4.385538438,1,0,0,0,0,0,0,0,0,0,0,0,0,0
4.385538500,1,1,1,1,1,0,0,0,1,0,0,0,0,0
4.385538562,1,0,0,0,1,0,0,0,1,0,0,0,0,0
4.385538625,1,1,1,1,1,0,0,0,1,0,0,0,0,0
4.385538688,1,0,0,0,0,0,0,0,0,0,0,0,0,0
4.385538750,1,1,0,1,1,0,0,0,1,0,0,0,0,0
4.385538813,1,0,0,0,1,0,0,0,1,0,0,0,0,0
4.385538875,1,1,0,1,1,0,0,0,1,0,0,0,0,0
4.385538937,1,1,1,1,1,0,0,0,1,0,0,0,0,0
4.385539000,1,0,0,1,1,0,0,0,1,0,0,0,0,0
4.385539063,1,0,0,0,1,0,0,0,1,0,0,0,0,0
4.385539125,1,1,0,1,1,0,0,0,1,0,0,0,0,0
4.385539188,1,0,0,1,1,0,0,0,1,0,0,0,0,0
4.385539250,0,0,0,0,0,0,0,0,0,0,0,0,0,0
4.385539312,1,1,1,1,1,0,0,0,1,0,0,0,0,0
4.385539375,1,0,0,0,0,0,0,0,0,0,0,0,0,0
4.385539438,1,1,1,1,1,0,0,0,1,0,0,0,0,0
4.385539562,1,1,0,1,1,0,0,0,1,0,0,0,0,0
4.385539625,1,0,0,0,0,0,0,0,0,0,0,0,0,0
4.385539687,1,0,0,1,1,0,0,0,1,0,0,0,0,0
4.385539750,1,0,0,0,1,0,0,0,1,0,0,0,0,0
4.385539813,1,0,0,1,1,0,0,0,1,0,0,0,0,0
4.385539937,1,1,1,1,1,0,0,0,1,0,0,0,0,0
4.385540250,1,0,0,1,1,0,0,0,1,0,0,0,0,0
4.385540312,1,1,0,1,1,0,0,0,1,0,0,0,0,0
4.385540438,1,0,0,1,1,0,0,0,1,0,0,0,0,0
4.385540500,1,1,1,1,1,0,0,0,1,0,0,0,0,0
4.385540563,1,1,0,1,1,0,0,0,1,0,0,0,0,0
4.385540625,1,1,1,1,1,0,0,0,1,0,0,0,0,0
4.385540750,0,0,0,0,0,0,0,0,0,0,0,0,0,0
4.385540813,1,1,0,1,1,0,0,0,1,0,0,0,0,0
4.385540875,1,0,0,0,1,0,0,0,0,0,0,0,0,0
4.385540938,1,1,0,1,1,0,0,0,1,0,0,0,0,0
4.385541062,1,0,0,1,1,0,0,0,1,0,0,0,0,0
4.385541125,1,1,1,1,1,0,0,0,1,0,0,0,0,0
4.385541313,1,0,0,1,1,0,0,0,1,0,0,0,0,0
4.385541375,1,1,1,1,1,0,0,0,1,0,0,0,0,0
4.385541563,1,0,0,1,1,0,0,0,1,0,0,0,0,0
4.385541687,0,0,0,0,0,0,0,0,0,0,0,0,0,0
4.385541750,1,1,0,1,1,0,0,0,1,0,0,0,0,0
4.385541812,1,0,0,0,1,0,0,0,0,0,0,0,0,0
4.385541875,1,1,1,1,1,0,0,0,1,0,0,0,0,0
4.385542313,1,0,0,0,1,0,0,0,1,0,0,0,0,0
4.385542375,1,1,1,1,1,0,0,0,1,0,0,0,0,0
4.385542625,0,0,0,0,0,0,0,0,0,0,0,0,0,0
4.385542688,1,1,1,1,1,0,0,0,1,0,0,0,0,0
4.385542750,1,1,0,1,1,0,0,0,1,0,0,0,0,0
4.385542812,1,1,1,1,1,0,0,0,1,0,0,0,0,0
4.385542938,1,1,0,1,1,0,0,0,1,0,0,0,0,0
4.385543000,1,0,0,1,1,0,0,0,1,0,0,0,0,0
4.385543063,1,1,1,1,1,0,0,0,1,0,0,0,0,0
4.385543688,1,0,0,0,1,0,0,0,1,0,0,0,0,0
4.385543750,1,1,1,1,1,0,0,0,1,0,0,0,0,0
4.385543875,1,1,0,1,1,0,0,0,1,0,0,0,0,0
4.385543937,1,1,1,1,1,0,0,0,1,0,0,0,0,0
4.385544500,1,0,0,1,1,0,0,0,1,0,0,0,0,0
4.385544625,1,1,1,1,1,0,0,0,1,0,0,0,0,0
4.385545125,1,0,0,1,1,0,0,0,1,0,0,0,0,0
4.385545250,1,0,0,0,1,0,0,0,1,0,0,0,0,0
4.385545312,1,1,1,1,1,0,0,0,1,0,0,0,0,0
4.385545375,1,1,0,1,1,0,0,0,1,0,0,0,0,0
4.385545438,1,1,1,1,1,0,0,0,1,0,0,0,0,0
4.385545937,1,0,1,1,1,0,0,0,1,0,0,0,0,0
4.385546000,1,0,0,1,1,0,0,0,1,0,0,0,0,0
4.385546188,1,1,1,1,1,0,0,0,1,0,0,0,0,0
4.385546625,1,1,0,1,1,0,0,0,1,0,0,0,0,0
4.385546687,1,0,0,0,1,0,0,0,1,0,0,0,0,0
4.385546750,1,1,1,1,1,0,0,0,1,0,0,0,0,0
4.385546875,1,0,0,1,1,0,0,0,1,0,0,0,0,0
4.385546938,1,1,1,1,1,0,0,0,1,0,0,0,0,0
4.385547375,1,0,0,0,1,0,0,0,1,0,0,0,0,0
4.385547437,1,1,1,1,1,0,0,0,1,0,0,0,0,0
4.385547625,1,0,0,0,1,0,0,0,1,0,0,0,0,0
4.385547687,1,1,1,1,1,0,0,0,1,0,0,0,0,0
4.385548313,1,0,0,0,1,0,0,0,1,0,0,0,0,0
4.385548375,1,1,1,1,1,0,0,0,1,0,0,0,0,0
4.385548563,1,1,0,0,1,0,0,0,1,0,0,0,0,0
4.385548625,1,1,1,1,1,0,0,0,1,0,0,0,0,0
4.385548688,1,1,0,1,1,0,0,0,1,0,0,0,0,0
4.385548750,1,1,1,1,1,0,0,0,1,0,0,0,0,0
4.385549313,1,0,0,1,1,0,0,0,1,0,0,0,0,0
4.385549375,1,1,1,1,1,0,0,0,1,0,0,0,0,0
4.385549812,1,1,0,1,1,0,0,0,1,0,0,0,0,0
4.385549875,1,1,1,1,1,0,0,0,1,0,0,0,0,0
4.385550250,1,1,0,1,1,0,0,0,1,0,0,0,0,0
4.385550313,1,1,1,1,1,0,0,0,1,0,0,0,0,0
4.385550438,1,0,0,1,1,0,0,0,1,0,0,0,0,0
4.385550500,1,1,1,1,1,0,0,0,1,0,0,0,0,0
4.385550750,1,1,0,0,1,0,0,0,1,0,0,0,0,0
4.385550813,1,1,1,1,1,0,0,0,1,0,0,0,0,0
4.385551687,1,1,0,0,1,0,0,0,1,0,0,0,0,0
4.385551750,1,1,1,1,1,0,0,0,1,0,0,0,0,0
4.385552500,1,0,0,0,1,0,0,0,1,0,0,0,0,0
4.385552563,1,1,1,1,1,0,0,0,1,0,0,0,0,0
4.385552750,1,0,0,0,1,0,0,0,0,0,0,0,0,0
4.385552813,1,0,0,0,1,0,0,0,1,0,0,0,0,0
4.385552875,1,1,1,1,1,0,0,0,1,0,0,0,0,0
4.385553687,1,0,0,0,1,0,0,0,0,0,0,0,0,0
4.385553750,1,0,0,0,1,0,0,0,1,0,0,0,0,0
4.385553813,1,0,0,1,1,0,0,0,1,0,0,0,0,0
4.385553875,1,1,1,1,1,0,0,0,1,0,0,0,0,0
4.385554125,1,0,0,0,1,0,0,0,1,0,0,0,0,0
4.385554188,1,1,1,1,1,0,0,0,1,0,0,0,0,0
4.385554250,0,0,0,0,1,0,0,0,0,0,0,0,0,0
4.385554313,1,1,1,1,1,0,0,0,1,0,0,0,0,0
4.385554375,0,0,0,0,0,0,0,0,0,0,0,0,0,0
4.385554437,1,1,1,1,1,0,0,0,1,0,0,0,0,0
4.385554500,1,0,0,1,1,0,0,0,1,0,0,0,0,0
4.385554563,1,1,1,1,1,0,0,0,1,0,0,0,0,0
4.385554687,1,0,0,0,1,0,0,0,1,0,0,0,0,0
4.385554750,1,1,1,1,1,0,0,0,1,0,0,0,0,0
4.385554812,1,1,0,1,1,0,0,0,1,0,0,0,0,0
4.385554875,1,1,1,1,1,0,0,0,1,0,0,0,0,0
4.385555187,1,1,0,1,1,0,0,0,1,0,0,0,0,0
4.385555250,1,1,1,1,1,0,0,0,1,0,0,0,0,0
4.385556875,1,0,0,1,1,0,0,0,1,0,0,0,0,0
4.385556937,1,1,1,1,1,0,0,0,1,0,0,0,0,0
4.385562437,1,0,0,1,1,0,0,0,1,0,0,0,0,0
4.385562500,1,0,0,0,1,0,0,0,1,0,0,0,0,0
4.385562562,1,1,1,1,1,0,0,0,1,0,0,0,0,0
4.385564375,1,1,0,1,1,0,0,0,1,0,0,0,0,0
4.385564562,1,1,1,1,1,0,0,0,1,0,0,0,0,0
4.385565188,1,1,0,1,1,0,0,0,1,0,0,0,0,0
4.385565250,1,1,1,1,1,0,0,0,1,0,0,0,0,0
4.385565687,0,0,0,0,0,0,0,0,0,0,0,0,0,0
4.385565750,1,1,1,1,1,0,0,0,1,0,0,0,0,0
4.385565813,1,0,0,0,1,0,0,0,0,0,0,0,0,0
4.385565875,1,1,1,1,1,0,0,0,1,0,0,0,0,0
4.385565937,1,1,0,1,1,0,0,0,1,0,0,0,0,0
4.385566000,1,1,1,1,1,0,0,0,1,0,0,0,0,0
4.385566625,1,1,0,1,1,0,0,0,1,0,0,0,0,0
4.385566687,1,1,1,1,1,0,0,0,1,0,0,0,0,0
4.385566812,1,0,0,1,1,0,0,0,1,0,0,0,0,0
4.385566875,1,1,1,1,1,0,0,0,1,0,0,0,0,0
4.385567250,1,1,0,1,1,0,0,0,1,0,0,0,0,0
4.385567313,1,1,1,1,1,0,0,0,1,0,0,0,0,0
4.385567563,0,0,0,0,0,0,0,0,0,0,0,0,0,0
4.385567625,1,1,1,1,1,0,0,0,1,0,0,0,0,0
4.385567688,1,0,0,0,1,0,0,0,0,0,0,0,0,0
4.385567750,1,1,1,1,1,0,0,0,1,0,0,0,0,0
4.385567938,1,0,0,1,1,0,0,0,1,0,0,0,0,0
4.385568000,1,1,1,1,1,0,0,0,1,0,0,0,0,0
4.385568125,1,1,0,1,1,0,0,0,1,0,0,0,0,0
4.385568187,1,1,1,1,1,0,0,0,1,0,0,0,0,0
4.385568562,1,0,0,1,1,0,0,0,1,0,0,0,0,0
4.385568625,1,1,1,1,1,0,0,0,1,0,0,0,0,0
4.385568688,1,0,0,1,1,0,0,0,1,0,0,0,0,0
4.385568750,1,1,0,1,1,0,0,0,1,0,0,0,0,0
4.385568812,1,1,1,1,1,0,0,0,1,0,0,0,0,0
4.385568875,1,1,0,1,1,0,0,0,1,0,0,0,0,0
4.385569000,1,0,0,1,1,0,0,0,1,0,0,0,0,0
4.385569125,1,1,0,1,1,0,0,0,1,0,0,0,0,0
4.385569187,1,0,0,1,1,0,0,0,1,0,0,0,0,0
4.385569250,1,1,1,1,1,0,0,0,1,0,0,0,0,0
4.385569313,1,1,0,1,1,0,0,0,1,0,0,0,0,0
4.385569438,1,0,0,1,1,0,0,0,1,0,0,0,0,0
4.385569500,1,1,1,1,1,0,0,0,1,0,0,0,0,0
4.385569562,0,0,0,0,0,0,0,0,0,0,0,0,0,0
4.385569625,1,1,1,1,1,0,0,0,1,0,0,0,0,0
4.385569688,1,0,0,1,1,0,0,0,1,0,0,0,0,0
4.385569750,1,1,1,1,1,0,0,0,1,0,0,0,0,0
4.385569812,1,1,0,1,1,0,0,0,1,0,0,0,0,0
4.385569875,1,1,1,1,1,0,0,0,1,0,0,0,0,0
4.385570000,1,0,0,1,1,0,0,0,1,0,0,0,0,0
4.385570187,1,0,0,0,1,0,0,0,1,0,0,0,0,0
4.385570250,1,0,0,1,1,0,0,0,1,0,0,0,0,0
4.385570312,0,0,0,0,0,0,0,0,0,0,0,0,0,0
4.385570375,1,1,1,1,1,0,0,0,1,0,0,0,0,0
4.385570438,1,0,0,0,0,0,0,0,0,0,0,0,0,0
4.385570500,1,1,1,1,1,0,0,0,1,0,0,0,0,0
4.385570625,1,1,0,1,1,0,0,0,1,0,0,0,0,0
4.385570687,1,0,0,0,1,0,0,0,0,0,0,0,0,0
4.385570750,1,0,0,0,1,0,0,0,1,0,0,0,0,0
4.385570813,1,0,0,1,1,0,0,0,1,0,0,0,0,0
4.385570875,1,0,0,0,1,0,0,0,1,0,0,0,0,0
4.385570937,1,1,1,1,1,0,0,0,1,0,0,0,0,0
4.385571000,0,0,0,0,0,0,0,0,0,0,0,0,0,0
4.385571063,1,1,1,1,1,0,0,0,1,0,0,0,0,0
4.385571125,0,0,0,0,0,0,0,0,0,0,0,0,0,0
4.385571188,1,1,1,1,1,0,0,0,1,0,0,0,0,0
4.385571250,0,0,0,0,0,0,0,0,0,0,0,0,0,0
4.385571312,1,1,1,1,1,0,0,0,1,0,0,0,0,0
4.385571375,1,0,0,0,1,0,0,0,0,0,0,0,0,0
4.385571500,1,1,1,1,1,0,0,0,1,0,0,0,0,0
4.385571563,0,0,0,0,0,0,0,0,0,0,0,0,0,0
4.385571813,1,0,0,0,1,0,0,0,0,0,0,0,0,0
4.385571875,1,0,0,0,1,0,0,0,1,0,0,0,0,0
4.385571937,1,1,1,1,1,0,0,0,1,0,0,0,0,0
4.385572188,1,1,0,1,1,0,0,0,1,0,0,0,0,0
4.385572250,1,1,1,1,1,0,0,0,1,0,0,0,0,0
4.385572375,1,0,0,1,1,0,0,0,1,0,0,0,0,0
4.385572500,1,0,0,0,1,0,0,0,1,0,0,0,0,0
4.385572625,1,0,0,0,1,0,0,0,0,0,0,0,0,0
4.385572687,1,0,0,1,1,0,0,0,1,0,0,0,0,0
4.385572750,0,0,0,0,0,0,0,0,0,0,0,0,0,0
4.385572813,1,0,0,1,1,0,0,0,1,0,0,0,0,0
4.385572875,1,0,0,0,1,0,0,0,0,0,0,0,0,0
4.385572938,1,1,1,1,1,0,0,0,1,0,0,0,0,0
4.385573313,1,0,0,1,1,0,0,0,1,0,0,0,0,0
4.385573500,1,1,0,1,1,0,0,0,1,0,0,0,0,0
4.385573563,1,0,0,1,1,0,0,0,1,0,0,0,0,0
4.385573625,1,1,1,1,1,0,0,0,1,0,0,0,0,0
4.385573687,0,0,0,0,0,0,0,0,0,0,0,0,0,0
4.385573750,1,0,0,1,1,0,0,0,1,0,0,0,0,0
4.385573812,1,0,0,0,1,0,0,0,0,0,0,0,0,0
4.385573875,1,1,1,1,1,0,0,0,1,0,0,0,0,0
4.385574125,1,0,0,1,1,0,0,0,1,0,0,0,0,0
4.385574187,1,1,0,1,1,0,0,0,1,0,0,0,0,0
4.385574250,1,0,0,1,1,0,0,0,1,0,0,0,0,0
4.385574313,1,0,0,0,1,0,0,0,1,0,0,0,0,0
4.385574375,1,1,0,1,1,0,0,0,1,0,0,0,0,0
4.385574437,1,1,1,1,1,0,0,0,1,0,0,0,0,0
4.385574625,0,0,0,0,0,0,0,0,0,0,0,0,0,0
4.385574688,1,1,1,1,1,0,0,0,1,0,0,0,0,0
4.385574750,1,1,0,1,1,0,0,0,1,0,0,0,0,0
4.385574812,1,1,1,1,1,0,0,0,1,0,0,0,0,0
4.385574938,1,1,0,1,1,0,0,0,1,0,0,0,0,0
4.385575000,1,1,1,1,1,0,0,0,1,0,0,0,0,0
4.385575063,1,0,0,1,1,0,0,0,1,0,0,0,0,0
4.385575125,1,1,1,1,1,0,0,0,1,0,0,0,0,0
4.385575625,1,1,0,1,1,0,0,0,1,0,0,0,0,0
4.385575688,1,0,0,0,1,0,0,0,1,0,0,0,0,0
4.385575750,1,1,1,1,1,0,0,0,1,0,0,0,0,0
4.385576312,1,0,0,1,1,0,0,0,1,0,0,0,0,0
4.385576375,1,1,1,1,1,0,0,0,1,0,0,0,0,0
4.385576500,1,0,0,1,1,0,0,0,1,0,0,0,0,0
4.385576562,1,1,0,1,1,0,0,0,1,0,0,0,0,0
4.385576625,1,1,1,1,1,0,0,0,1,0,0,0,0,0
4.385577125,1,1,0,1,1,0,0,0,1,0,0,0,0,0
4.385577188,1,0,1,1,1,0,0,0,1,0,0,0,0,0
4.385577250,1,1,1,1,1,0,0,0,1,0,0,0,0,0
4.385577500,1,1,0,1,1,0,0,0,1,0,0,0,0,0
4.385577562,1,1,1,1,1,0,0,0,1,0,0,0,0,0
4.385578250,1,1,0,1,1,0,0,0,1,0,0,0,0,0
4.385578312,1,1,1,1,1,0,0,0,1,0,0,0,0,0
4.385578375,1,0,0,1,1,0,0,0,1,0,0,0,0,0
4.385578438,1,1,0,0,1,0,0,0,1,0,0,0,0,0
4.385578500,1,1,1,1,1,0,0,0,1,0,0,0,0,0
4.385578687,1,0,0,0,1,0,0,0,1,0,0,0,0,0
4.385578750,1,1,1,1,1,0,0,0,1,0,0,0,0,0
4.385579375,1,0,0,0,1,0,0,0,1,0,0,0,0,0
4.385579437,1,1,1,1,1,0,0,0,1,0,0,0,0,0
4.385579625,1,0,0,0,1,0,0,0,1,0,0,0,0,0
4.385579687,1,1,1,1,1,0,0,0,1,0,0,0,0,0
4.385580313,1,0,0,0,1,0,0,0,1,0,0,0,0,0
4.385580375,1,1,1,1,1,0,0,0,1,0,0,0,0,0
4.385580563,1,1,0,0,1,0,0,0,1,0,0,0,0,0
4.385580625,1,1,1,1,1,0,0,0,1,0,0,0,0,0
4.385581250,1,1,0,1,1,0,0,0,1,0,0,0,0,0
4.385581313,1,1,1,1,1,0,0,0,1,0,0,0,0,0
4.385581812,1,0,0,0,1,0,0,0,1,0,0,0,0,0
4.385581875,1,1,1,1,1,0,0,0,1,0,0,0,0,0
4.385581937,1,0,1,1,1,0,0,0,1,0,0,0,0,0
4.385582000,1,1,1,1,1,0,0,0,1,0,0,0,0,0
4.385582813,1,0,0,0,1,0,0,0,1,0,0,0,0,0
4.385582875,1,1,1,1,1,0,0,0,1,0,0,0,0,0
4.385583000,1,0,0,1,1,0,0,0,1,0,0,0,0,0
4.385583063,1,1,0,1,1,0,0,0,1,0,0,0,0,0
4.385583125,1,1,1,1,1,0,0,0,1,0,0,0,0,0
4.385583187,1,0,0,1,1,0,0,0,1,0,0,0,0,0
4.385583250,1,1,1,1,1,0,0,0,1,0,0,0,0,0
4.385583687,1,1,0,1,1,0,0,0,1,0,0,0,0,0
4.385583750,1,1,1,1,1,0,0,0,1,0,0,0,0,0
4.385584000,1,0,0,1,1,0,0,0,1,0,0,0,0,0
4.385584063,1,1,1,1,1,0,0,0,1,0,0,0,0,0
4.385584563,1,1,0,1,1,0,0,0,1,0,0,0,0,0
4.385584625,1,0,0,1,1,0,0,0,1,0,0,0,0,0
4.385584687,1,1,1,1,1,0,0,0,1,0,0,0,0,0
4.385585250,1,1,0,1,1,0,0,0,1,0,0,0,0,0
4.385585312,1,1,1,1,1,0,0,0,1,0,0,0,0,0
4.385587750,1,0,0,0,1,0,0,0,1,0,0,0,0,0
4.385587812,1,1,1,1,1,0,0,0,1,0,0,0,0,0
4.385587875,1,0,0,0,1,0,0,0,0,0,0,0,0,0
4.385587938,1,1,1,1,1,0,0,0,1,0,0,0,0,0
4.385588000,1,0,0,0,1,0,0,0,0,0,0,0,0,0
4.385588063,1,1,1,1,1,0,0,0,1,0,0,0,0,0
4.385588313,1,0,0,1,1,0,0,0,1,0,0,0,0,0
4.385588375,1,1,1,1,1,0,0,0,1,0,0,0,0,0
4.385588500,1,1,0,1,1,0,0,0,1,0,0,0,0,0
4.385588562,1,1,1,1,1,0,0,0,1,0,0,0,0,0
4.385589187,1,0,0,1,1,0,0,0,1,0,0,0,0,0
4.385589250,1,1,1,1,1,0,0,0,1,0,0,0,0,0
4.385592938,1,0,0,1,1,0,0,0,1,0,0,0,0,0
4.385593062,1,1,1,1,1,0,0,0,1,0,0,0,0,0
4.385593500,1,0,0,1,1,0,0,0,1,0,0,0,0,0
4.385593563,1,1,1,1,1,0,0,0,1,0,0,0,0,0
4.385597687,0,0,0,0,0,0,0,0,0,0,0,0,0,0
4.385597750,1,1,1,1,1,0,0,0,1,0,0,0,0,0
4.385597813,1,1,0,0,1,0,0,0,0,0,0,0,0,0
4.385597875,1,1,1,1,1,0,0,0,1,0,0,0,0,0
4.385599563,0,0,0,0,0,0,0,0,0,0,0,0,0,0
4.385599625,1,1,1,1,1,0,0,0,1,0,0,0,0,0
4.385599688,1,1,0,0,1,0,0,0,0,0,0,0,0,0
4.385599750,1,1,1,1,1,0,0,0,1,0,0,0,0,0
4.385601562,0,0,0,0,0,0,0,0,0,0,0,0,0,0
4.385601625,1,1,1,1,1,0,0,0,1,0,0,0,0,0
4.385602312,0,0,0,0,0,0,0,0,0,0,0,0,0,0
4.385602375,1,1,1,1,1,0,0,0,1,0,0,0,0,0
4.385602438,1,1,0,0,1,0,0,0,0,0,0,0,0,0
4.385602500,1,1,1,1,1,0,0,0,1,0,0,0,0,0
4.385602687,1,0,0,0,1,0,0,0,0,0,0,0,0,0
4.385602750,1,1,1,1,1,0,0,0,1,0,0,0,0,0
4.385603125,1,0,0,0,1,0,0,0,1,0,0,0,0,0
4.385603188,1,1,1,1,1,0,0,0,1,0,0,0,0,0
4.385603250,0,0,0,0,0,0,0,0,0,0,0,0,0,0
4.385603312,1,1,1,1,1,0,0,0,1,0,0,0,0,0
4.385603375,1,0,0,0,1,0,0,0,0,0,0,0,0,0
4.385603438,1,1,1,1,1,0,0,0,1,0,0,0,0,0
4.385603625,1,0,0,0,1,0,0,0,0,0,0,0,0,0
4.385603687,1,1,1,1,1,0,0,0,1,0,0,0,0,0
4.385604625,1,0,0,1,1,0,0,0,1,0,0,0,0,0
4.385604687,1,1,1,1,1,0,0,0,1,0,0,0,0,0
4.385604750,0,0,0,0,0,0,0,0,0,0,0,0,0,0
4.385604812,1,1,1,1,1,0,0,0,1,0,0,0,0,0
4.385604875,1,0,0,0,1,0,0,0,0,0,0,0,0,0
4.385604938,1,1,1,1,1,0,0,0,1,0,0,0,0,0
4.385605688,0,0,0,0,0,0,0,0,0,0,0,0,0,0
4.385605750,1,1,1,1,1,0,0,0,1,0,0,0,0,0
4.385605812,1,1,0,0,1,0,0,0,0,0,0,0,0,0
4.385605875,1,1,1,1,1,0,0,0,1,0,0,0,0,0
4.385606625,0,0,0,0,0,0,0,0,0,0,0,0,0,0
4.385606688,1,1,1,1,1,0,0,0,1,0,0,0,0,0
4.385607688,1,1,0,1,1,0,0,0,1,0,0,0,0,0
4.385607750,1,1,1,1,1,0,0,0,1,0,0,0,0,0
4.385608438,1,0,0,1,1,0,0,0,1,0,0,0,0,0
4.385608500,1,1,1,1,1,0,0,0,1,0,0,0,0,0
4.385611375,1,0,0,0,1,0,0,0,1,0,0,0,0,0
4.385611437,1,1,1,1,1,0,0,0,1,0,0,0,0,0
4.385611625,1,1,0,0,1,0,0,0,1,0,0,0,0,0
4.385611687,1,1,1,1,1,0,0,0,1,0,0,0,0,0
4.385613688,1,0,0,1,1,0,0,0,1,0,0,0,0,0
4.385613750,1,0,0,0,1,0,0,0,1,0,0,0,0,0
4.385613812,1,0,0,0,1,0,0,0,0,0,0,0,0,0
4.385613875,1,0,0,0,1,0,0,0,1,0,0,0,0,0
4.385613937,1,1,1,1,1,0,0,0,1,0,0,0,0,0
4.385615875,1,0,1,1,1,0,0,0,1,0,0,0,0,0
4.385615937,1,1,1,1,1,0,0,0,1,0,0,0,0,0
4.385621187,1,0,0,0,1,0,0,0,1,0,0,0,0,0
4.385621250,1,1,1,1,1,0,0,0,1,0,0,0,0,0
4.385621312,1,0,0,0,1,0,0,0,1,0,0,0,0,0
4.385621375,1,1,1,1,1,0,0,0,1,0,0,0,0,0
4.385621625,1,0,0,0,1,0,0,0,1,0,0,0,0,0
4.385621687,1,1,1,1,1,0,0,0,1,0,0,0,0,0
4.385629687,0,0,0,0,0,0,0,0,0,0,0,0,0,0
4.385629750,1,1,1,1,1,0,0,0,1,0,0,0,0,0
4.385629813,1,1,0,0,1,0,0,0,0,0,0,0,0,0
4.385629875,1,1,1,1,1,0,0,0,1,0,0,0,0,0
4.385631563,0,0,0,0,0,0,0,0,0,0,0,0,0,0
4.385631625,1,1,1,1,1,0,0,0,1,0,0,0,0,0
4.385631688,1,1,0,0,1,0,0,0,0,0,0,0,0,0
4.385631750,1,1,1,1,1,0,0,0,1,0,0,0,0,0
4.385632562,1,0,0,1,1,0,0,0,1,0,0,0,0,0
4.385632625,1,1,1,1,1,0,0,0,1,0,0,0,0,0
4.385633562,0,0,0,0,1,0,0,0,0,0,0,0,0,0
4.385633625,1,1,1,1,1,0,0,0,1,0,0,0,0,0
4.385634312,0,0,0,0,0,0,0,0,0,0,0,0,0,0
4.385634375,1,1,1,1,1,0,0,0,1,0,0,0,0,0
4.385634438,1,1,0,0,1,0,0,0,0,0,0,0,0,0
4.385634500,1,1,1,1,1,0,0,0,1,0,0,0,0,0
4.385634687,1,1,0,0,1,0,0,0,0,0,0,0,0,0
4.385634750,1,1,1,1,1,0,0,0,1,0,0,0,0,0
4.385635250,0,0,0,0,1,0,0,0,0,0,0,0,0,0
4.385635312,1,1,1,1,1,0,0,0,1,0,0,0,0,0
4.385635375,1,1,0,0,1,0,0,0,0,0,0,0,0,0
4.385635438,1,1,1,1,1,0,0,0,1,0,0,0,0,0
4.385635625,1,1,0,0,1,0,0,0,0,0,0,0,0,0
4.385635687,1,1,1,1,1,0,0,0,1,0,0,0,0,0
4.385636750,0,0,0,0,1,0,0,0,0,0,0,0,0,0
4.385636812,1,1,1,1,1,0,0,0,1,0,0,0,0,0
4.385636875,1,1,0,0,1,0,0,0,0,0,0,0,0,0
4.385636938,1,1,1,1,1,0,0,0,1,0,0,0,0,0
4.385637688,0,0,0,0,1,0,0,0,0,0,0,0,0,0
4.385637750,1,1,1,1,1,0,0,0,1,0,0,0,0,0
4.385637812,1,0,0,0,1,0,0,0,0,0,0,0,0,0
4.385637875,1,1,1,1,1,0,0,0,1,0,0,0,0,0
4.385638625,0,0,0,1,1,0,0,0,1,0,0,0,0,0
4.385638688,1,1,1,1,1,0,0,0,1,0,0,0,0,0
4.385642625,1,1,0,1,1,0,0,0,1,0,0,0,0,0
4.385642687,1,1,1,1,1,0,0,0,1,0,0,0,0,0
4.385654563,1,1,0,1,1,0,0,0,1,0,0,0,0,0
4.385654625,1,1,1,1,1,0,0,0,1,0,0,0,0,0
4.385654687,1,0,0,0,1,0,0,0,0,0,0,0,0,0
4.385654750,1,1,1,1,1,0,0,0,1,0,0,0,0,0
4.385654813,1,0,0,0,1,0,0,0,0,0,0,0,0,0
4.385654875,1,1,1,1,1,0,0,0,1,0,0,0,0,0
4.385655125,1,0,0,0,1,0,0,0,1,0,0,0,0,0
4.385655188,1,1,1,1,1,0,0,0,1,0,0,0,0,0
4.385655625,1,0,1,1,1,0,0,0,1,0,0,0,0,0
4.385655687,1,1,1,1,1,0,0,0,1,0,0,0,0,0
4.385655750,1,0,0,0,1,0,0,0,0,0,0,0,0,0
4.385655812,1,1,1,1,1,0,0,0,1,0,0,0,0,0
4.385655875,1,0,0,0,1,0,0,0,1,0,0,0,0,0
4.385655937,1,1,1,1,1,0,0,0,1,0,0,0,0,0
4.385661687,0,0,0,0,1,0,0,0,0,0,0,0,0,0
4.385661750,1,1,1,1,1,0,0,0,1,0,0,0,0,0
4.385661813,1,1,0,0,1,0,0,0,0,0,0,0,0,0
4.385661875,1,1,1,1,1,0,0,0,1,0,0,0,0,0
4.385663562,0,0,0,0,1,0,0,0,0,0,0,0,0,0
4.385663625,1,1,1,1,1,0,0,0,1,0,0,0,0,0
4.385663688,1,1,0,0,1,0,0,0,0,0,0,0,0,0
4.385663750,1,1,1,1,1,0,0,0,1,0,0,0,0,0
4.385665250,1,0,0,1,1,0,0,0,0,0,0,0,0,0
4.385665312,1,1,1,1,1,0,0,0,1,0,0,0,0,0
4.385665375,1,0,0,0,1,0,0,0,0,0,0,0,0,0
4.385665438,1,1,1,1,1,0,0,0,1,0,0,0,0,0
4.385665562,0,0,0,0,1,0,0,0,1,0,0,0,0,0
4.385665625,1,1,1,1,1,0,0,0,1,0,0,0,0,0
4.385665750,1,1,0,1,1,0,0,0,1,0,0,0,0,0
4.385665813,1,1,1,1,1,0,0,0,1,0,0,0,0,0
4.385665937,1,1,0,1,1,0,0,0,0,0,0,0,0,0
4.385666000,1,1,1,1,1,0,0,0,1,0,0,0,0,0
4.385666188,1,0,0,1,1,0,0,0,1,0,0,0,0,0
4.385666250,1,1,1,1,1,0,0,0,1,0,0,0,0,0
4.385666375,1,1,1,1,1,0,0,0,0,0,0,0,0,0
4.385666438,1,1,0,0,1,0,0,0,1,0,0,0,0,0
4.385666500,1,1,1,1,1,0,0,0,1,0,0,0,0,0
4.385666687,1,0,0,0,1,0,0,0,0,0,0,0,0,0
4.385666750,1,1,1,1,1,0,0,0,1,0,0,0,0,0
4.385667250,0,0,0,0,0,0,0,0,0,0,0,0,0,0
4.385667312,1,1,1,1,1,0,0,0,1,0,0,0,0,0
4.385667375,1,1,0,0,1,0,0,0,1,0,0,0,0,0
4.385667438,1,1,1,1,1,0,0,0,1,0,0,0,0,0
4.385668625,1,1,1,1,1,0,0,0,1,0,0,0,1,0
4.385668750,0,0,0,0,1,0,0,0,1,0,0,0,0,0
4.385668812,1,1,1,1,1,0,0,0,1,0,0,0,1,0
4.385668875,1,1,0,0,1,0,0,0,1,0,0,0,0,0
4.385668938,1,1,1,1,1,0,0,0,1,0,0,0,1,0
4.385669688,0,0,0,0,1,0,0,0,0,0,0,0,0,0
4.385669750,1,1,1,1,1,0,0,0,1,0,0,0,1,0
4.385669812,1,1,0,0,1,0,0,0,0,0,0,0,0,0
4.385669875,1,1,1,1,1,0,0,0,1,0,0,0,1,0
4.385670625,0,0,0,1,1,0,0,0,1,0,0,0,0,0
4.385670688,1,1,1,1,1,0,0,0,1,0,0,0,1,0
4.385670750,1,1,1,1,1,0,0,0,1,0,0,0,0,0
4.385670812,1,1,1,1,1,0,0,0,1,0,0,0,1,0
4.385671438,1,1,1,1,1,0,0,0,1,0,0,0,0,0
4.385671500,1,1,1,1,1,0,0,0,1,0,0,0,1,0
4.385671562,1,1,1,1,1,0,0,0,1,0,0,0,0,0
4.385671625,1,1,1,1,1,0,0,0,1,0,0,0,1,0
4.385671688,1,1,1,1,1,0,0,0,1,0,0,0,0,0
4.385671750,1,1,1,1,1,0,0,0,1,0,0,0,1,0
4.385671875,1,1,1,1,1,0,0,0,1,0,0,0,0,0
4.385671937,1,1,1,1,1,0,0,0,1,0,0,0,1,0
4.385672375,1,0,0,0,1,0,0,0,1,0,0,0,0,0
4.385672438,1,1,1,1,1,0,0,0,1,0,0,0,1,0
4.385674125,1,1,1,1,1,0,0,0,1,0,0,0,0,0
4.385674250,1,1,1,1,1,0,0,0,1,0,0,0,1,0
4.385674437,1,1,1,1,1,0,0,0,1,0,0,0,0,0
4.385674500,1,1,1,1,1,0,0,0,1,0,0,0,1,0
4.385674687,1,1,1,1,1,0,0,0,1,0,0,0,0,0
4.385674750,1,1,1,1,1,0,0,0,1,0,0,0,1,0
4.385675375,1,1,1,1,1,0,0,0,1,0,0,0,0,0
4.385675437,1,1,1,1,1,0,0,0,1,0,0,0,1,0
4.385675625,1,1,1,1,1,0,0,0,1,0,0,0,0,0
4.385675688,1,1,1,1,1,0,0,0,1,0,0,0,1,0
4.385676313,1,1,1,1,1,0,0,0,1,0,0,0,0,0
4.385676375,1,1,1,1,1,0,0,0,1,0,0,0,1,0
4.385676562,1,1,1,1,1,0,0,0,1,0,0,0,0,0
4.385676625,1,1,1,1,1,0,0,0,1,0,0,0,1,0
4.385677313,1,1,1,1,1,1,1,0,1,0,0,0,1,0
4.385677375,1,1,1,1,1,0,0,0,1,0,0,0,1,0
4.385678750,1,1,1,1,1,0,0,0,1,0,0,0,0,0
4.385678813,1,1,1,1,1,0,0,0,1,0,0,0,1,0
4.385679687,1,1,1,1,1,0,0,0,1,0,0,0,0,0
4.385679750,1,1,1,1,1,0,0,0,1,0,0,0,1,0
4.385688187,1,0,0,0,1,0,0,0,1,0,0,0,0,0
4.385688250,1,1,1,1,1,0,0,0,1,0,0,0,1,0
4.385688313,1,0,0,0,1,0,0,0,1,0,0,0,0,0
4.385688375,1,1,1,1,1,0,0,0,1,0,0,0,1,0
4.385688437,1,1,1,1,1,0,0,0,1,0,0,0,0,0
4.385688500,1,1,1,1,1,0,0,0,1,0,0,0,1,0
4.385688750,1,1,1,1,1,0,0,0,1,0,0,0,0,0
4.385688812,1,1,1,1,1,0,0,0,1,0,0,0,1,0
4.385693438,0,0,0,1,1,0,0,0,1,0,0,0,0,0
4.385693500,1,1,1,1,1,0,0,0,1,0,0,0,1,0
4.385693687,0,0,0,1,1,0,0,0,1,0,0,0,0,0
4.385693750,1,1,1,1,1,0,0,0,1,0,0,0,1,0
4.385693812,1,1,1,1,1,0,0,0,1,0,0,0,0,0
4.385693875,1,1,1,1,1,0,0,0,1,0,0,0,1,0
4.385694313,1,1,0,0,1,0,0,0,0,0,0,0,0,0
4.385694375,1,1,1,1,1,0,0,0,1,0,0,0,1,0
4.385695313,0,0,0,1,1,0,0,0,0,0,0,0,0,0
4.385695375,1,1,1,1,1,0,0,0,1,0,0,0,1,0
4.385695562,0,0,0,1,1,0,0,0,1,0,0,0,0,0
4.385695625,1,1,1,1,1,0,0,0,1,0,0,0,1,0
4.385695688,1,1,0,0,1,0,0,0,0,0,0,0,0,0
4.385695750,1,1,1,1,1,0,0,0,1,0,0,0,1,0
4.385697562,0,0,0,0,1,0,0,0,0,0,0,0,0,0
4.385697625,1,1,1,1,1,0,0,0,1,0,0,0,1,0
4.385697688,1,1,0,0,1,0,0,0,0,0,0,0,0,0
4.385697750,1,1,1,1,1,0,0,0,1,0,0,0,0,0
4.385698000,1,1,1,1,1,0,0,0,1,0,0,0,1,0
4.385698312,0,0,0,1,1,0,0,0,1,0,0,0,0,0
4.385698375,1,1,1,1,1,0,0,0,1,0,0,0,1,0
4.385698438,1,1,1,1,1,0,0,0,0,0,0,0,0,0
4.385698500,1,1,1,1,1,0,0,0,1,0,0,0,1,0
4.385698687,1,1,0,0,1,0,0,0,0,0,0,0,0,0
4.385698750,1,1,1,1,1,0,0,0,1,0,0,0,1,0
4.385699250,0,0,0,1,1,0,0,0,1,0,0,0,0,0
4.385699312,1,1,1,1,1,0,0,0,1,0,0,0,1,0
4.385699375,1,1,0,0,1,0,0,0,0,0,0,0,0,0
4.385699437,1,1,1,1,1,0,0,0,1,0,0,0,1,0
4.385699625,1,1,0,0,1,0,0,0,0,0,0,0,0,0
4.385699687,1,1,1,1,1,0,0,0,1,0,0,0,1,0
4.385700500,0,0,0,0,1,0,0,0,1,0,0,0,0,0
4.385700563,1,1,1,1,1,0,0,0,1,0,0,0,1,0
4.385700750,0,0,0,1,1,0,0,0,1,0,0,0,0,0
4.385700812,1,1,1,1,1,0,0,0,1,0,0,0,1,0
4.385700875,1,1,0,0,1,0,0,0,0,0,0,0,0,0
4.385700937,1,1,1,1,1,0,0,0,1,0,0,0,1,0
4.385701437,0,0,0,0,1,0,0,0,1,0,0,0,0,0
4.385701500,1,1,1,1,1,0,0,0,1,0,0,0,1,0
4.385701688,0,0,0,1,1,0,0,0,1,0,0,0,0,0
4.385701750,1,1,1,1,1,0,0,0,1,0,0,0,1,0
4.385701812,1,1,1,1,1,0,0,0,1,0,0,0,0,0
4.385701875,1,1,1,1,1,0,0,0,1,0,0,0,1,0
4.385702375,0,0,0,1,1,0,0,0,1,0,0,0,0,0
4.385702437,1,1,1,1,1,0,0,0,1,0,0,0,1,0
4.385702625,0,0,0,1,1,0,0,0,1,0,0,0,0,0
4.385702688,1,1,1,1,1,0,0,0,1,0,0,0,1,0
4.385702750,1,1,1,1,1,0,0,0,1,0,0,0,0,0
4.385702812,1,1,1,1,1,0,0,0,1,0,0,0,1,0
4.385703688,1,1,1,1,1,0,0,0,1,0,0,0,0,0
4.385703750,1,1,1,1,1,0,0,0,1,0,0,0,1,0
4.385704875,1,1,1,1,1,0,0,0,1,0,0,0,0,0
4.385704937,1,1,1,1,1,0,0,0,1,0,0,0,1,0
4.385705000,1,1,1,1,1,0,0,0,1,0,0,0,0,0
4.385705062,1,1,1,1,1,0,0,0,1,0,0,0,1,0
4.385705312,1,1,1,1,1,0,0,0,1,0,0,0,0,0
4.385705375,1,1,1,1,1,0,0,0,1,0,0,0,1,0
4.385706437,1,1,1,1,1,0,0,0,1,0,0,0,0,0
4.385706500,1,1,1,1,1,0,0,0,1,0,0,0,1,0
4.385706687,1,1,1,1,1,0,0,0,1,0,0,0,0,0
4.385706750,1,1,1,1,1,0,0,0,1,0,0,0,1,0
4.385707375,1,1,1,1,1,0,0,0,1,0,0,0,0,0
4.385707437,1,1,1,1,1,0,0,0,1,0,0,0,1,0
4.385707625,1,1,1,1,1,0,0,0,1,0,0,0,0,0
4.385707688,1,1,1,1,1,0,0,0,1,0,0,0,1,0
4.385708313,1,1,1,1,1,0,0,0,1,0,0,0,0,0
4.385708375,1,1,1,1,1,0,0,0,1,0,0,0,1,0
4.385708562,1,1,1,1,1,0,0,0,1,0,0,0,0,0
4.385708625,1,1,1,1,1,0,0,0,1,0,0,0,1,0
4.385709813,1,1,1,1,1,0,0,0,1,0,0,0,0,0
4.385709875,1,1,1,1,1,0,0,0,1,0,0,0,1,0
4.385711687,1,1,1,1,1,0,0,0,1,0,0,0,0,0
4.385711750,1,1,1,1,1,0,0,0,1,0,0,0,1,0
4.385712188,1,0,0,0,1,0,0,0,0,0,0,0,0,0
4.385712250,1,1,1,1,1,0,0,0,1,0,0,0,0,0
4.385712312,1,1,1,1,1,0,0,0,1,0,0,0,1,0
4.385721562,1,1,0,1,1,0,0,0,1,0,0,0,0,0
4.385721625,1,1,1,1,1,1,0,0,1,0,0,0,1,0
4.385721688,1,1,1,1,1,0,0,0,1,0,0,0,0,0
4.385721750,1,1,1,1,1,0,0,0,1,0,0,0,1,0
4.385725437,1,0,1,1,1,0,0,0,1,0,0,0,1,0
4.385725500,1,1,1,1,1,0,0,0,1,0,0,0,1,0
4.385725687,1,0,1,1,1,0,0,0,1,0,0,0,1,0
4.385725750,1,1,1,1,1,0,0,0,1,0,0,0,1,0
4.385725812,1,1,1,1,1,0,0,0,1,0,0,0,0,0
4.385725875,1,1,1,1,1,0,0,0,1,0,0,0,1,0
4.385726313,1,1,1,1,1,0,0,0,1,0,0,0,0,0
4.385726375,1,1,1,1,1,0,0,0,1,0,0,0,1,0
4.385727313,0,0,1,1,1,0,0,0,1,0,0,0,1,0
4.385727375,1,1,1,1,1,0,0,0,1,0,0,0,1,0
4.385727562,0,0,1,1,1,0,0,0,1,0,0,0,1,0
4.385727625,1,1,1,1,1,0,0,0,1,0,0,0,1,0
4.385727688,1,1,1,1,1,0,0,0,1,0,0,0,0,0
4.385727750,1,1,1,1,1,0,0,0,1,0,0,0,1,0
4.385729562,1,0,1,1,1,0,0,0,1,0,0,0,1,0
4.385729625,1,1,1,1,1,0,0,0,1,0,0,0,1,0
4.385729687,1,1,1,1,1,0,0,0,1,0,0,0,0,0
4.385729750,1,1,1,1,1,0,0,0,1,0,0,0,1,0
4.385730312,0,0,0,1,1,0,0,0,1,0,0,0,0,0
4.385730375,1,1,1,1,1,0,0,0,1,0,0,0,1,0
4.385730438,1,1,0,1,1,0,0,0,1,0,0,0,0,0
4.385730500,1,1,1,1,1,0,0,0,1,0,0,0,1,0
4.385730687,1,1,1,1,1,0,0,0,1,0,0,0,0,0
4.385730750,1,1,1,1,1,0,0,0,1,0,0,0,1,0
4.385731250,0,0,0,1,1,0,0,0,1,0,0,0,0,0
4.385731312,1,1,1,1,1,0,0,0,1,0,0,0,1,0
4.385731375,1,1,1,1,1,0,0,0,1,0,0,0,0,0
4.385731437,1,1,1,1,1,0,0,0,1,0,0,0,1,0
4.385731625,1,1,1,1,1,0,0,0,1,0,0,0,0,0
4.385731687,1,1,1,1,1,0,0,0,1,0,0,0,1,0
4.385732500,0,0,0,1,1,0,0,0,1,0,0,0,0,0
4.385732563,1,1,1,1,1,0,0,0,1,0,0,0,1,0
4.385732750,0,0,1,1,1,0,0,0,1,0,0,0,1,0
4.385732812,1,1,1,1,1,0,0,0,1,0,0,0,1,0
4.385732875,1,1,1,1,1,0,0,0,1,0,0,0,0,0
4.385732938,1,1,1,1,1,0,0,0,1,0,0,0,1,0
4.385733437,0,0,1,1,1,0,0,0,1,0,0,0,0,0
4.385733500,1,1,1,1,1,0,0,0,1,0,0,0,1,0
4.385733688,0,0,0,1,1,0,0,0,1,0,0,0,0,0
4.385733750,1,1,1,1,1,0,0,0,1,0,0,0,1,0
4.385733812,1,1,1,1,1,0,0,0,1,0,0,0,0,0
4.385733875,1,1,1,1,1,0,0,0,1,0,0,0,1,0
4.385734375,0,0,1,1,1,0,0,0,1,0,0,0,1,0
4.385734438,1,1,1,1,1,0,0,0,1,0,0,0,1,0
4.385734625,0,0,1,1,1,0,0,0,1,0,0,0,1,0
4.385734688,1,1,1,1,1,0,0,0,1,0,0,0,1,0
4.385734750,1,1,1,1,1,0,0,0,1,0,0,0,0,0
4.385734812,1,1,1,1,1,0,0,0,1,0,0,0,1,0
4.385735688,1,1,1,1,1,0,0,0,1,0,0,0,0,0
4.385735750,1,1,1,1,1,0,0,0,1,0,0,0,1,0
4.385738188,1,1,1,1,1,0,0,0,1,0,0,0,0,0
4.385738250,1,1,1,1,1,0,0,0,1,0,0,0,1,0
4.385738438,1,1,1,1,1,0,0,0,1,0,0,0,0,0
4.385738500,1,1,1,1,1,0,0,0,1,0,0,0,1,0
4.385739375,1,1,1,1,1,0,0,0,1,0,0,0,0,0
4.385739437,1,1,1,1,1,0,0,0,1,0,0,0,1,0
4.385739625,1,1,1,1,1,0,0,0,1,0,0,0,0,0
4.385739688,1,1,1,1,1,0,0,0,1,0,0,0,1,0
4.385739812,1,1,1,1,1,0,0,0,1,0,0,0,0,0
4.385739875,1,1,1,1,1,0,0,0,1,0,0,0,1,0
4.385741813,1,1,1,1,1,0,0,0,1,0,0,0,0,0
4.385741875,1,1,1,1,1,0,0,0,1,0,0,0,1,0
4.385751938,1,1,1,1,1,1,0,0,1,0,0,0,1,0
4.385752000,1,1,1,1,1,1,1,0,1,0,0,0,1,0
4.385752062,1,1,1,1,1,0,0,0,1,0,0,0,1,0
4.385753000,1,1,1,1,1,1,0,0,1,0,0,0,1,0
4.385753063,1,1,1,1,1,0,0,0,1,0,0,0,1,0
4.385757687,1,0,1,1,1,0,0,0,1,0,0,0,1,0
4.385757750,1,1,1,1,1,0,0,0,1,0,0,0,1,0
4.385757812,1,1,1,1,1,0,0,0,1,0,0,0,0,0
4.385757875,1,1,1,1,1,0,0,0,1,0,0,0,1,0
4.385758313,1,1,1,1,1,0,0,0,1,0,0,0,0,0
4.385758375,1,1,1,1,1,0,0,0,1,0,0,0,1,0
4.385759313,1,0,1,1,1,0,0,0,1,0,0,0,1,0
4.385759375,1,1,1,1,1,0,0,0,1,0,0,0,1,0
4.385759562,1,0,1,1,1,0,0,0,1,0,0,0,1,0
4.385759625,1,1,1,1,1,0,0,0,1,0,0,0,1,0
4.385759688,1,1,1,1,1,0,0,0,1,0,0,0,0,0
4.385759750,1,1,1,1,1,0,0,0,1,0,0,0,1,0
4.385761562,1,0,1,1,1,0,0,0,1,0,0,0,1,0
4.385761625,1,1,1,1,1,0,0,0,1,0,0,0,1,0
4.385761687,1,1,1,1,1,0,0,0,1,0,0,0,0,0
4.385761750,1,1,1,1,1,0,0,0,1,0,0,0,1,0
4.385762312,1,0,1,1,1,0,0,0,1,0,0,0,1,0
4.385762375,1,1,1,1,1,0,0,0,1,0,0,0,1,0
4.385762438,1,1,1,1,1,0,0,0,1,0,0,0,0,0
4.385762500,1,1,1,1,1,0,0,0,1,0,0,0,1,0
4.385762687,1,1,1,1,1,0,0,0,1,0,0,0,0,0
4.385762750,1,1,1,1,1,0,0,0,1,0,0,0,1,0
4.385763250,1,0,1,1,1,0,0,0,1,0,0,0,1,0
4.385763312,1,1,1,1,1,0,0,0,1,0,0,0,1,0
4.385763375,1,1,1,1,1,0,0,0,1,0,0,0,0,0
4.385763437,1,1,1,1,1,0,0,0,1,0,0,0,1,0
4.385763625,1,1,1,1,1,0,0,0,1,0,0,0,0,0
4.385763687,1,1,1,1,1,0,0,0,1,0,0,0,1,0
4.385764500,1,0,1,1,1,0,0,0,1,0,0,0,1,0
4.385764563,1,1,1,1,1,0,0,0,1,0,0,0,1,0
4.385764750,1,0,1,1,1,0,0,0,1,0,0,0,1,0
4.385764812,1,1,1,1,1,0,0,0,1,0,0,0,1,0
4.385764875,1,1,1,1,1,0,0,0,1,0,0,0,0,0
4.385764938,1,1,1,1,1,0,0,0,1,0,0,0,1,0
4.385765437,1,0,1,1,1,0,0,0,1,0,0,0,1,0
4.385765500,1,1,1,1,1,0,0,0,1,0,0,0,1,0
4.385765812,1,1,1,1,1,0,0,0,1,0,0,0,0,0
4.385765875,1,1,1,1,1,0,0,0,1,0,0,0,1,0
4.385766375,1,0,1,1,1,0,0,0,1,0,0,0,1,0
4.385766438,1,1,1,1,1,0,0,0,1,0,0,0,1,0
4.385766625,1,0,1,1,1,0,0,0,1,0,0,0,1,0
4.385766688,1,1,1,1,1,0,0,0,1,0,0,0,1,0
4.385766750,1,1,1,1,1,0,0,0,1,0,0,0,0,0
4.385766813,1,1,1,1,1,0,0,0,1,0,0,0,1,0
4.385771437,1,1,1,1,1,1,0,0,1,0,0,0,1,0
4.385771500,1,1,1,1,1,0,0,0,1,0,0,0,1,0
4.385771563,1,1,1,1,1,1,0,0,1,0,0,0,1,0
4.385771625,1,1,1,1,1,0,0,0,1,0,0,0,0,0
4.385771688,1,1,1,1,1,1,0,0,1,0,0,0,1,0
4.385771750,1,1,1,1,1,0,0,0,1,0,0,0,1,0
4.385788062,1,1,1,1,1,1,0,0,1,0,0,0,1,0
4.385788125,1,1,1,1,1,0,0,0,1,0,0,0,0,0
4.385788188,1,1,1,1,1,1,0,0,1,0,0,0,1,0
4.385788250,1,1,1,1,1,0,0,0,1,0,0,0,0,0
4.385788312,1,1,1,1,1,1,0,0,1,0,0,0,1,0
4.385788375,1,1,1,1,1,0,0,0,1,0,0,0,1,0
4.385789687,1,0,1,1,1,0,0,0,1,0,0,0,1,0
4.385789750,1,1,1,1,1,0,0,0,1,0,0,0,1,0
4.385789812,1,1,1,1,1,0,0,0,1,0,0,0,0,0
4.385789875,1,1,1,1,1,0,0,0,1,0,0,0,1,0
4.385790313,1,1,1,1,1,0,0,0,1,0,0,0,0,0
4.385790375,1,1,1,1,1,0,0,0,1,0,0,0,1,0
4.385791313,1,0,1,1,1,0,0,0,1,0,0,0,1,0
4.385791375,1,1,1,1,1,0,0,0,1,0,0,0,1,0
4.385791562,1,0,1,1,1,0,0,0,1,0,0,0,1,0
4.385791625,1,1,1,1,1,0,0,0,1,0,0,0,1,0
4.385791688,1,1,1,1,1,0,0,0,1,0,0,0,0,0
4.385791750,1,1,1,1,1,1,0,0,1,0,0,0,1,0
4.385791812,1,1,1,1,1,1,1,1,1,0,0,0,1,0
4.385791875,1,1,1,1,1,0,0,0,1,0,0,0,1,0
4.385793562,1,0,1,1,1,0,0,0,1,0,0,0,1,0
4.385793625,1,1,1,1,1,0,0,0,1,0,0,0,1,0
4.385793687,1,1,1,1,1,0,0,0,1,0,0,0,0,0
4.385793750,1,1,1,1,1,0,0,0,1,0,0,0,1,0
4.385794312,1,0,1,1,1,0,0,0,1,0,0,0,1,0
4.385794375,1,1,1,1,1,0,0,0,1,0,0,0,1,0
4.385794438,1,1,1,1,1,0,0,0,1,0,0,0,0,0
4.385794500,1,1,1,1,1,0,0,0,1,0,0,0,1,0
4.385794687,1,1,1,1,1,0,0,0,1,0,0,0,0,0
4.385794750,1,1,1,1,1,0,0,0,1,0,0,0,1,0
4.385795250,1,0,1,1,1,0,0,0,1,0,0,0,1,0
4.385795312,1,1,1,1,1,0,0,0,1,0,0,0,1,0
4.385795375,1,1,1,1,1,0,0,0,1,0,0,0,0,0
4.385795437,1,1,1,1,1,0,0,0,1,0,0,0,1,0
4.385795625,1,1,1,1,1,0,0,0,1,0,0,0,0,0
4.385795687,1,1,1,1,1,0,0,0,1,0,0,0,1,0
4.385796500,1,0,1,1,1,0,0,0,1,0,0,0,1,0
4.385796563,1,1,1,1,1,0,0,0,1,0,0,0,1,0
4.385796750,1,0,1,1,1,0,0,0,1,0,0,0,1,0
4.385796812,1,1,1,1,1,0,0,0,1,0,0,0,1,0
4.385797437,1,0,1,1,1,0,0,0,1,0,0,0,1,0
4.385797500,1,1,1,1,1,0,0,0,1,0,0,0,1,0
4.385797688,1,0,1,1,1,0,0,0,1,0,0,0,1,0
4.385797750,1,1,1,1,1,0,0,0,1,0,0,0,1,0
4.385797812,1,1,1,1,1,0,0,0,1,0,0,0,0,0
4.385797875,1,1,1,1,1,0,0,0,1,0,0,0,1,0
4.385798375,1,0,1,1,1,0,0,0,1,0,0,0,1,0
4.385798437,1,1,1,1,1,0,0,0,1,0,0,0,1,0
4.385798625,1,0,1,1,1,0,0,0,1,0,0,0,1,0
4.385798688,1,1,1,1,1,0,0,0,1,0,0,0,1,0
4.385798750,1,1,1,1,1,0,0,0,1,0,0,0,0,0
4.385798813,1,1,1,1,1,0,0,0,1,0,0,0,1,0
4.385804688,1,1,1,1,1,1,0,0,1,0,0,0,1,0
4.385804750,1,1,1,1,1,0,0,0,1,0,0,0,1,0
4.385804812,1,1,1,1,1,1,0,0,1,0,0,0,1,0
4.385804875,1,1,1,1,1,0,0,0,1,0,0,0,1,0
4.385804937,1,1,1,1,1,1,0,0,1,0,0,0,1,0
4.385805000,1,1,1,1,1,0,0,0,1,0,0,0,1,0
4.385805125,1,1,1,1,1,1,0,0,1,0,0,0,1,0
4.385805187,1,1,1,1,1,0,0,0,1,0,0,0,1,0
4.385805250,1,1,1,1,1,1,0,0,1,0,0,0,1,0
4.385805312,1,1,1,1,1,0,0,0,1,0,0,0,1,0
4.385821313,1,1,1,1,1,1,0,0,1,0,0,0,1,0
4.385821375,1,1,1,1,1,0,0,0,1,0,0,0,1,0
4.385821437,1,1,1,1,1,1,0,0,1,0,0,0,1,0
4.385821500,1,1,1,1,1,0,0,0,1,0,0,0,1,0
4.385821688,1,0,1,1,1,0,0,0,1,0,0,0,1,0
4.385821750,1,1,1,1,1,0,0,0,1,0,0,0,1,0
4.385821812,1,1,1,1,1,0,0,0,1,0,0,0,0,0
4.385821875,1,1,1,1,1,1,0,0,1,0,0,0,1,0
4.385821938,1,1,1,1,1,0,0,0,1,0,0,0,1,0
4.385822313,1,1,1,1,1,0,0,0,1,0,0,0,0,0
4.385822375,1,1,1,1,1,0,0,0,1,0,0,0,1,0
4.385823313,1,0,1,1,1,0,0,0,1,0,0,0,1,0
4.385823375,1,1,1,1,1,0,0,0,1,0,0,0,1,0
4.385823562,1,0,1,1,1,0,0,0,1,0,0,0,1,0
4.385823625,1,1,1,1,1,0,0,0,1,0,0,0,1,0
4.385823688,1,1,1,1,1,0,0,0,1,0,0,0,0,0
4.385823750,1,1,1,1,1,0,0,0,1,0,0,0,1,0
4.385825562,1,0,1,1,1,0,0,0,1,0,0,0,1,0
4.385825625,1,1,1,1,1,0,0,0,1,0,0,0,1,0
4.385825687,1,1,1,1,1,0,0,0,1,0,0,0,0,0
4.385825750,1,1,1,1,1,0,0,0,1,0,0,0,1,0
4.385826312,1,0,1,1,1,0,0,0,1,0,0,0,1,0
4.385826375,1,1,1,1,1,0,0,0,1,0,0,0,1,0
4.385826437,1,1,1,1,1,0,0,0,1,0,0,0,0,0
4.385826500,1,1,1,1,1,0,0,0,1,0,0,0,1,0
4.385826687,1,1,1,1,1,0,0,0,1,0,0,0,0,0
4.385826750,1,1,1,1,1,0,0,0,1,0,0,0,1,0
4.385827250,1,0,1,1,1,0,0,0,1,0,0,0,1,0
4.385827313,1,1,1,1,1,0,0,0,1,0,0,0,1,0
4.385827375,1,1,1,1,1,0,0,0,1,0,0,0,0,0
4.385827437,1,1,1,1,1,0,0,0,1,0,0,0,1,0
4.385827625,1,1,1,1,1,0,0,0,1,0,0,0,0,0
4.385827687,1,1,1,1,1,0,0,0,1,0,0,0,1,0
4.385828500,1,0,1,1,1,0,0,0,1,0,0,0,1,0
4.385828563,1,1,1,1,1,0,0,0,1,0,0,0,1,0
4.385828750,1,0,1,1,1,0,0,0,1,0,0,0,1,0
4.385828812,1,1,1,1,1,0,0,0,1,0,0,0,1,0
4.385828875,1,1,1,1,1,0,0,0,1,0,0,0,0,0
4.385828938,1,1,1,1,1,0,0,0,1,0,0,0,1,0
4.385829437,1,0,1,1,1,0,0,0,1,0,0,0,1,0
4.385829500,1,1,1,1,1,0,0,0,1,0,0,0,1,0
4.385829688,1,0,1,1,1,0,0,0,1,0,0,0,1,0
4.385829750,1,1,1,1,1,0,0,0,1,0,0,0,1,0
4.385829812,1,1,1,1,1,0,0,0,1,0,0,0,0,0
4.385829875,1,1,1,1,1,0,0,0,1,0,0,0,1,0
4.385830375,1,0,1,1,1,0,0,0,1,0,0,0,1,0
4.385830438,1,1,1,1,1,0,0,0,1,0,0,0,1,0
4.385830625,1,0,1,1,1,0,0,0,1,0,0,0,1,0
4.385830688,1,1,1,1,1,0,0,0,1,0,0,0,1,0
4.385830750,1,1,1,1,1,0,0,0,1,0,0,0,0,0
4.385830813,1,1,1,1,1,0,0,0,1,0,0,0,1,0
4.385831625,1,1,1,1,1,0,0,0,1,0,0,0,0,0
4.385831687,1,1,1,1,1,0,0,0,1,0,0,0,1,0
4.385831750,1,1,1,1,1,1,0,0,1,0,0,0,1,0
4.385831813,1,1,1,1,1,0,0,0,1,0,0,0,1,0
4.385832750,1,1,1,1,1,1,0,0,1,0,0,0,1,0
4.385832813,1,1,1,1,1,0,0,0,1,0,0,0,1,0
4.385836625,1,1,1,1,1,1,0,0,1,0,0,0,1,0
4.385836688,1,1,1,1,1,0,0,0,1,0,0,0,1,0
4.385837937,1,1,1,1,1,1,0,0,1,0,0,0,1,0
4.385838000,1,1,1,1,1,0,0,0,1,0,0,0,1,0
4.385838063,1,1,1,1,1,1,0,0,1,0,0,0,1,0
4.385838125,1,1,1,1,1,0,0,0,1,0,0,0,1,0
4.385838188,1,1,1,1,1,1,0,0,1,0,0,0,1,0
4.385838250,1,1,1,1,1,0,0,0,1,0,0,0,1,0
4.385838375,1,1,1,1,1,1,0,0,1,0,0,0,1,0
4.385838438,1,1,1,1,1,0,0,0,1,0,0,0,1,0
4.385838500,1,1,1,1,1,1,0,0,1,0,0,0,1,0
4.385838563,1,1,1,1,1,0,0,0,1,0,0,0,1,0
4.385843063,1,1,1,1,1,1,0,0,1,0,0,0,1,0
4.385843125,1,1,1,1,1,0,0,0,1,0,0,0,1,0
4.385845750,1,1,1,1,1,1,0,0,1,0,0,0,1,0
4.385845813,1,1,1,1,1,0,0,0,1,0,0,0,1,0
4.385846625,1,1,1,1,1,1,0,0,1,0,0,0,1,0
4.385846687,1,1,1,1,1,0,0,0,1,0,0,0,1,0
4.385846750,1,1,1,1,1,1,0,0,1,0,0,0,1,0
4.385846875,1,1,1,1,1,0,0,0,1,0,0,0,1,0
4.385849562,1,1,1,1,1,1,0,0,1,0,0,0,1,0
4.385849688,1,1,1,1,1,0,0,0,1,0,0,0,1,0
4.385850187,1,1,1,1,1,1,0,0,1,0,0,0,1,0
4.385850312,1,1,1,1,1,0,0,0,1,0,0,0,1,0
4.385850813,1,1,1,1,1,1,0,0,1,0,0,0,1,0
4.385850938,1,1,1,1,1,0,0,0,1,0,0,0,1,0
4.385851438,1,1,1,1,1,1,0,0,1,0,0,0,1,0
4.385851625,1,1,1,1,1,0,0,0,1,0,0,0,1,0
4.385852312,1,1,1,1,1,1,0,0,1,0,0,0,1,0
4.385852375,1,1,1,1,1,0,0,0,1,0,0,0,1,0
4.385852938,1,1,1,1,1,1,0,0,1,0,0,0,1,0
4.385853000,1,1,1,1,1,0,0,0,1,0,0,0,1,0
4.385853125,1,1,1,1,1,1,0,0,1,0,0,0,1,0
4.385853250,1,1,1,1,1,0,0,0,1,0,0,0,1,0
4.385853313,1,1,1,1,1,1,0,0,1,0,0,0,1,0
4.385853375,1,1,1,1,1,0,0,0,1,0,0,0,1,0
4.385853750,1,1,1,1,1,1,0,0,1,0,0,0,1,0
4.385853812,1,1,1,1,1,0,0,0,1,0,0,0,1,0
4.385853938,1,1,1,1,1,1,0,0,1,0,0,0,1,0
4.385854000,1,1,1,1,1,0,0,0,1,0,0,0,1,0
4.385854500,1,1,1,1,1,1,0,0,1,0,0,0,1,0
4.385854562,1,1,1,1,1,0,0,0,1,0,0,0,1,0
4.385854625,1,1,1,1,1,1,0,0,1,0,0,0,1,0
4.385854688,1,1,1,1,1,0,0,0,1,0,0,0,1,0
4.385854750,1,1,1,1,1,1,0,0,1,0,0,0,1,0
4.385854812,1,1,1,1,1,0,0,0,1,0,0,0,1,0
4.385854938,1,1,1,1,1,1,0,0,1,0,0,0,1,0
4.385855000,1,1,1,1,1,0,0,0,1,0,0,0,1,0
4.385855063,1,1,1,1,1,1,0,0,1,0,0,0,1,0
4.385855125,1,1,1,1,1,0,0,0,1,0,0,0,1,0
4.385855375,1,1,1,1,1,1,0,0,1,0,0,0,1,0
4.385855438,1,1,1,1,1,0,0,0,1,0,0,0,1,0
4.385855875,1,1,1,1,1,1,0,0,1,0,0,0,1,0
4.385855937,1,1,1,1,1,0,0,0,1,0,0,0,1,0
4.385856937,1,1,1,1,1,1,0,0,1,0,0,0,1,0
4.385857000,1,1,1,1,1,0,0,0,1,0,0,0,1,0
4.385858000,1,1,1,1,1,1,0,0,1,0,0,0,1,0
4.385858125,1,1,1,1,1,0,0,0,1,0,0,0,1,0
4.385858312,1,0,1,1,1,0,0,0,1,0,0,0,1,0
4.385858375,1,1,1,1,1,0,0,0,1,0,0,0,1,0
4.385858437,1,1,1,1,1,0,0,0,1,0,0,0,0,0
4.385858500,1,1,1,1,1,0,0,0,1,0,0,0,1,0
4.385858625,1,1,1,1,1,1,0,0,1,0,0,0,1,0
4.385858687,1,1,1,1,1,0,0,0,1,0,0,0,0,0
4.385858750,1,1,1,1,1,0,0,0,1,0,0,0,1,0
4.385859250,1,0,1,1,1,0,0,0,1,0,0,0,1,0
4.385859313,1,1,1,1,1,0,0,0,1,0,0,0,1,0
4.385859375,1,1,1,1,1,0,0,0,1,0,0,0,0,0
4.385859437,1,1,1,1,1,0,0,0,1,0,0,0,1,0
4.385859625,1,1,1,1,1,0,0,0,1,0,0,0,0,0
4.385859687,1,1,1,1,1,0,0,0,1,0,0,0,1,0
4.385860500,1,0,1,1,1,0,0,0,1,0,0,0,1,0
4.385860563,1,1,1,1,1,0,0,0,1,0,0,0,1,0
4.385860750,1,0,1,1,1,0,0,0,1,0,0,0,1,0
4.385860812,1,1,1,1,1,0,0,0,1,0,0,0,1,0
4.385861438,1,0,1,1,1,0,0,0,1,0,0,0,1,0
4.385861500,1,1,1,1,1,0,0,0,1,0,0,0,1,0
4.385861688,1,0,1,1,1,0,0,0,1,0,0,0,1,0
4.385861750,1,1,1,1,1,0,0,0,1,0,0,0,1,0
4.385862375,1,0,1,1,1,0,0,0,1,0,0,0,1,0
4.385862438,1,1,1,1,1,0,0,0,1,0,0,0,1,0
4.385864000,1,1,1,1,1,1,0,0,1,0,0,0,1,0
4.385864062,1,1,1,1,1,0,0,0,1,0,0,0,1,0
4.385865563,1,1,1,1,1,1,0,0,1,0,0,0,1,0
4.385865625,1,1,1,1,1,0,0,0,1,0,0,0,1,0
4.385866313,1,1,1,1,1,1,0,0,1,0,0,0,1,0
4.385866437,1,1,1,1,1,0,0,0,1,0,0,0,1,0
4.385866500,1,1,1,1,1,1,0,0,1,0,0,0,1,0
4.385866563,1,1,1,1,1,0,0,0,1,0,0,0,1,0
4.385867437,1,1,1,1,1,1,0,0,1,0,0,0,1,0
4.385867500,1,1,1,1,1,0,0,0,1,0,0,0,1,0
4.385867875,1,1,1,1,1,1,0,0,1,0,0,0,1,0
4.385867937,1,1,1,1,1,0,0,0,1,0,0,0,1,0
4.385869750,1,1,1,1,1,1,0,0,1,0,0,0,1,0
4.385869813,1,1,1,1,1,0,0,0,1,0,0,0,1,0
4.385870813,1,1,1,1,1,1,0,0,1,0,0,0,1,0
4.385870875,1,1,1,1,1,0,0,0,1,0,0,0,1,0
4.385871062,1,1,1,1,1,1,0,0,1,0,0,0,1,0
4.385871125,1,1,1,1,1,0,0,0,1,0,0,0,1,0
4.385871188,1,1,1,1,1,1,0,0,1,0,0,0,1,0
4.385871250,1,1,1,1,1,0,0,0,1,0,0,0,1,0
4.385871312,1,1,1,1,1,1,0,0,1,0,0,0,1,0
4.385871375,1,1,1,1,1,0,0,0,1,0,0,0,1,0
4.385871437,1,1,1,1,1,1,0,0,1,0,0,0,1,0
4.385871563,1,1,1,1,1,0,0,0,1,0,0,0,1,0
4.385871750,1,1,1,1,1,1,0,0,1,0,0,0,1,0
4.385871812,1,1,1,1,1,0,0,0,1,0,0,0,1,0
4.385872250,1,1,1,1,1,1,0,0,1,0,0,0,1,0
4.385872500,1,1,1,1,1,0,0,0,1,0,0,0,1,0
4.385872750,1,1,1,1,1,1,0,0,1,0,0,0,1,0
4.385872812,1,1,1,1,1,0,0,0,1,0,0,0,1,0
4.385872938,1,1,1,1,1,1,0,0,1,0,0,0,1,0
4.385873062,1,1,1,1,1,0,0,0,1,0,0,0,1,0
4.385874500,1,1,1,1,1,1,0,0,1,0,0,0,1,0
4.385874562,1,1,1,1,1,0,0,0,1,0,0,0,1,0
4.385875250,1,1,1,1,1,1,0,0,1,0,0,0,1,0
4.385875312,1,1,1,1,1,0,0,0,1,0,0,0,1,0
4.385876188,1,1,1,1,1,1,0,0,1,0,0,0,1,0
4.385876250,1,1,1,1,1,0,0,0,1,0,0,0,1,0
4.385876312,1,1,1,1,1,1,0,0,1,0,0,0,1,0
4.385876375,1,1,1,1,1,0,0,0,1,0,0,0,1,0
4.385876813,1,1,1,1,1,1,0,0,1,0,0,0,1,0
4.385876875,1,1,1,1,1,0,0,0,1,0,0,0,1,0
4.385877563,1,1,1,1,1,1,0,0,1,0,0,0,1,0
4.385877625,1,1,1,1,1,0,0,0,1,0,0,0,1,0
4.385877875,1,1,1,1,1,1,0,0,1,0,0,0,1,0
4.385877938,1,1,1,1,1,0,0,0,1,0,0,0,1,0
4.385878625,1,1,1,1,1,1,0,0,1,0,0,0,1,0
4.385878687,1,1,1,1,1,0,0,0,1,0,0,0,1,0
4.385878750,1,1,1,1,1,1,0,0,1,0,0,0,1,0
4.385878812,1,1,1,1,1,0,0,0,1,0,0,0,1,0
4.385879313,1,1,1,1,1,1,0,0,1,0,0,0,1,0
4.385879375,1,1,1,1,1,0,0,0,1,0,0,0,1,0
4.385879437,1,1,1,1,1,1,0,0,1,0,0,0,1,0
4.385879500,1,1,1,1,1,0,0,0,1,0,0,0,1,0
4.385879750,1,1,1,1,1,1,0,0,1,0,0,0,1,0
4.385879812,1,1,1,1,1,0,0,0,1,0,0,0,1,0
4.385880000,1,1,1,1,1,1,0,0,1,0,0,0,1,0
4.385880063,1,1,1,1,1,0,0,0,1,0,0,0,1,0
4.385880562,1,1,1,1,1,1,0,0,1,0,0,0,1,0
4.385880625,1,1,1,1,1,0,0,0,1,0,0,0,1,0
4.385882500,1,1,1,1,1,1,0,0,1,0,0,0,1,0
4.385882562,1,1,1,1,1,0,0,0,1,0,0,0,1,0
4.385883438,1,1,1,1,1,1,0,0,1,0,0,0,1,0
4.385883500,1,1,1,1,1,0,0,0,1,0,0,0,1,0
4.385884563,1,1,1,1,1,1,0,0,1,0,0,0,1,0
4.385884625,1,1,1,1,1,0,0,0,1,0,0,0,1,0
4.385885187,1,1,1,1,1,1,0,0,1,0,0,0,1,0
4.385885313,1,1,1,1,1,0,0,0,1,0,0,0,1,0
4.385885875,1,1,1,1,1,1,0,0,1,0,0,0,1,0
4.385886000,1,1,1,1,1,0,0,0,1,0,0,0,1,0
4.385886250,1,1,1,1,1,1,0,0,1,0,0,0,1,0
4.385886313,1,1,1,1,1,0,0,0,1,0,0,0,1,0
4.385886500,1,1,1,1,1,1,0,0,1,0,0,0,1,0
4.385886625,1,1,1,1,1,0,0,0,1,0,0,0,1,0
4.385886750,1,1,1,1,1,1,0,0,1,0,0,0,1,0
4.385886875,1,1,1,1,1,0,0,0,1,0,0,0,1,0
4.385887375,1,1,1,1,1,1,0,0,1,0,0,0,1,0
4.385887438,1,1,1,1,1,0,0,0,1,0,0,0,1,0
4.385887562,1,1,1,1,1,1,0,0,1,0,0,0,1,0
4.385887688,1,1,1,1,1,0,0,0,1,0,0,0,1,0
4.385887750,1,1,1,1,1,1,0,0,1,0,0,0,1,0
4.385887813,1,1,1,1,1,0,0,0,1,0,0,0,1,0
4.385887875,1,1,1,1,1,1,0,0,1,0,0,0,1,0
4.385887937,1,1,1,1,1,0,0,0,1,0,0,0,1,0
4.385888000,1,1,1,1,1,1,0,0,1,0,0,0,1,0
4.385888063,1,1,1,1,1,0,0,0,1,0,0,0,1,0
4.385888187,1,1,1,1,1,1,0,0,1,0,0,0,1,0
4.385888250,1,1,1,1,1,0,0,0,1,0,0,0,1,0
4.385888312,1,1,1,1,1,1,0,0,1,0,0,0,1,0
4.385888437,1,1,1,1,1,0,0,0,1,0,0,0,1,0
4.385888500,1,1,1,1,1,1,0,0,1,0,0,0,1,0
4.385888562,1,1,1,1,1,0,0,0,1,0,0,0,1,0
4.385888813,1,1,1,1,1,1,0,0,1,0,0,0,1,0
4.385888875,1,1,1,1,1,0,0,0,1,0,0,0,1,0
4.385888937,1,1,1,1,1,1,0,0,1,0,0,0,1,0
4.385889000,1,1,1,1,1,0,0,0,1,0,0,0,1,0
4.385889063,1,1,1,1,1,1,0,0,1,0,0,0,1,0
4.385889188,1,1,1,1,1,0,0,0,1,0,0,0,1,0
4.385889500,1,1,1,1,1,1,0,0,1,0,0,0,1,0
4.385889563,1,1,1,1,1,0,0,0,1,0,0,0,1,0
4.385889750,1,1,1,1,1,1,0,0,1,0,0,0,1,0
4.385889813,1,1,1,1,1,0,0,0,1,0,0,0,1,0
4.385890250,1,1,1,1,1,1,0,0,1,0,0,0,1,0
4.385890312,1,1,1,1,1,0,0,0,1,0,0,0,1,0
4.385890875,1,1,1,1,1,1,0,0,1,0,0,0,1,0
4.385891062,1,1,1,1,1,0,0,0,1,0,0,0,1,0
4.385891437,1,1,1,1,1,1,0,0,1,0,0,0,1,0
4.385891625,1,1,1,1,1,0,0,0,1,0,0,0,1,0
4.385891750,1,1,1,1,1,1,0,0,1,0,0,0,1,0
4.385891812,1,1,1,1,1,0,0,0,1,0,0,0,1,0
4.385892250,1,1,1,1,1,1,0,0,1,0,0,0,1,0
4.385892437,1,1,1,1,1,0,0,0,1,0,0,0,1,0
4.385892938,1,1,1,1,1,1,0,0,1,0,0,0,1,0
4.385893063,1,1,1,1,1,0,0,0,1,0,0,0,1,0
4.385893250,1,1,1,1,1,1,0,0,1,0,0,0,1,0
4.385893313,1,1,1,1,1,0,0,0,1,0,0,0,1,0
4.385893500,1,1,1,1,1,1,0,0,1,0,0,0,1,0
4.385893625,1,1,1,1,1,0,0,0,1,0,0,0,1,0
4.385893937,1,1,1,1,1,1,0,0,1,0,0,0,1,0
4.385894187,1,1,1,1,1,0,0,0,1,0,0,0,1,0
4.385894312,1,1,1,1,1,1,0,0,1,0,0,0,1,0
4.385894375,1,1,1,1,1,0,0,0,1,0,0,0,1,0
4.385894813,1,1,1,1,1,1,0,0,1,0,0,0,1,0
4.385894937,1,1,1,1,1,0,0,0,1,0,0,0,1,0
4.385895000,1,1,1,1,1,1,0,0,1,0,0,0,1,0
4.385895125,1,1,1,1,1,0,0,0,1,0,0,0,1,0
4.385895312,1,1,1,1,1,1,0,0,1,0,0,0,1,0
4.385895875,1,1,1,1,1,0,0,0,1,0,0,0,1,0
4.385895938,1,1,1,1,1,1,0,0,1,0,0,0,1,0
4.385896000,1,1,1,1,1,0,0,0,1,0,0,0,1,0
4.385896062,1,1,1,1,1,1,0,0,1,0,0,0,1,0
4.385896125,1,1,1,1,1,0,0,0,1,0,0,0,1,0
4.385896312,1,1,1,1,1,1,0,0,1,0,0,0,1,0
4.385896375,1,1,1,1,1,0,0,0,1,0,0,0,1,0
4.385896437,1,1,1,1,1,1,0,0,1,0,0,0,1,0
4.385896500,1,1,1,1,1,0,0,0,1,0,0,0,1,0
4.385896563,1,1,1,1,1,1,0,0,1,0,0,0,1,0
4.385896625,1,1,1,1,1,0,0,0,1,0,0,0,1,0
4.385896813,1,1,1,1,1,1,0,0,1,0,0,0,1,0
4.385896875,1,1,1,1,1,0,0,0,1,0,0,0,1,0
4.385897313,1,1,1,1,1,1,0,0,1,0,0,0,1,0
4.385897375,1,1,1,1,1,0,0,0,1,0,0,0,1,0
4.385897437,1,1,1,1,1,1,0,0,1,0,0,0,1,0
4.385897687,1,1,1,1,1,0,0,0,1,0,0,0,1,0
4.385897750,1,1,1,1,1,1,0,0,1,0,0,0,1,0
4.385897875,1,1,1,1,1,0,0,0,1,0,0,0,1,0
4.385897938,1,1,1,1,1,1,0,0,1,0,0,0,1,0
4.385898125,1,1,1,1,1,0,0,0,1,0,0,0,1,0
4.385898437,1,1,1,1,1,1,0,0,1,0,0,0,1,0
4.385898500,1,1,1,1,1,0,0,0,1,0,0,0,1,0
4.385898563,1,1,1,1,1,1,0,0,1,0,0,0,1,0
4.385898750,1,1,1,1,1,0,0,0,1,0,0,0,1,0
4.385898812,1,1,1,1,1,1,0,0,1,0,0,0,1,0
4.385898875,1,1,1,1,1,0,0,0,1,0,0,0,1,0
4.385899250,1,1,1,1,1,1,0,0,1,0,0,0,1,0
4.385899375,1,1,1,1,1,0,0,0,1,0,0,0,1,0
4.385899437,1,1,1,1,1,1,0,0,1,0,0,0,1,0
4.385899500,1,1,1,1,1,0,0,0,1,0,0,0,1,0
4.385899812,1,1,1,1,1,1,0,0,1,0,0,0,1,0
4.385900250,1,1,1,1,1,0,0,0,1,0,0,0,1,0
4.385900688,1,1,1,1,1,1,0,0,1,0,0,0,1,0
4.385900937,1,1,1,1,1,0,0,0,1,0,0,0,1,0
4.385901063,1,1,1,1,1,1,0,0,1,0,0,0,1,0
4.385901125,1,1,1,1,1,0,0,0,1,0,0,0,1,0
4.385901312,1,1,1,1,1,1,0,0,1,0,0,0,1,0
4.385901375,1,1,1,1,1,0,0,0,1,0,0,0,1,0
4.385901438,1,1,1,1,1,1,0,0,1,0,0,0,1,0
4.385901500,1,1,1,1,1,0,0,0,1,0,0,0,1,0
4.385901562,1,1,1,1,1,1,0,0,1,0,0,0,1,0
4.385901625,1,1,1,1,1,0,0,0,1,0,0,0,1,0
4.385902125,1,1,1,1,1,1,0,0,1,0,0,0,1,0
4.385902188,1,1,1,1,1,0,0,0,1,0,0,0,1,0
4.385902312,1,1,1,1,1,1,0,0,1,0,0,0,1,0
4.385902438,1,1,1,1,1,0,0,0,1,0,0,0,1,0
4.385902625,1,1,1,1,1,1,0,0,1,0,0,0,1,0
4.385902687,1,1,1,1,1,0,0,0,1,0,0,0,1,0
4.385902813,1,1,1,1,1,1,0,0,1,0,0,0,1,0
4.385902875,1,1,1,1,1,0,0,0,1,0,0,0,1,0
4.385903125,1,1,1,1,1,1,0,0,1,0,0,0,1,0
4.385903188,1,1,1,1,1,0,0,0,1,0,0,0,1,0
4.385903250,1,1,1,1,1,1,0,0,1,0,0,0,1,0
4.385903375,1,1,1,1,1,0,0,0,1,0,0,0,1,0
4.385903437,1,1,1,1,1,1,0,0,1,0,0,0,1,0
4.385903500,1,1,1,1,1,0,0,0,1,0,0,0,1,0
4.385903563,1,1,1,1,1,1,0,0,1,0,0,0,1,0
4.385903625,1,1,1,1,1,0,0,0,1,0,0,0,1,0
4.385903875,1,1,1,1,1,1,0,0,1,0,0,0,1,0
4.385904062,1,1,1,1,1,0,0,0,1,0,0,0,1,0
4.385904125,1,1,1,1,1,1,0,0,1,0,0,0,1,0
4.385904188,1,1,1,1,1,0,0,0,1,0,0,0,1,0
4.385904250,1,1,1,1,1,1,0,0,1,0,0,0,1,0
4.385904313,1,1,1,1,1,0,0,0,1,0,0,0,1,0
4.385904437,1,1,1,1,1,1,0,0,1,0,0,0,1,0
4.385904500,1,1,1,1,1,0,0,0,1,0,0,0,1,0
4.385904563,1,1,1,1,1,1,0,0,1,0,0,0,1,0
4.385904625,1,1,1,1,1,0,0,0,1,0,0,0,1,0
4.385904688,1,1,1,1,1,1,0,0,1,0,0,0,1,0
4.385904812,1,1,1,1,1,0,0,0,1,0,0,0,1,0
4.385904875,1,1,1,1,1,1,0,0,1,0,0,0,1,0
4.385904938,1,1,1,1,1,0,0,0,1,0,0,0,1,0
4.385905187,1,1,1,1,1,1,0,0,1,0,0,0,1,0
4.385905250,1,1,1,1,1,0,0,0,1,0,0,0,1,0
4.385905313,1,1,1,1,1,1,0,0,1,0,0,0,1,0
4.385905437,1,1,1,1,1,0,0,0,1,0,0,0,1,0
4.385905500,1,1,1,1,1,1,0,0,1,0,0,0,1,0
4.385905563,1,1,1,1,1,0,0,0,1,0,0,0,1,0
4.385905688,1,1,1,1,1,1,0,0,1,0,0,0,1,0
4.385905750,1,1,1,1,1,0,0,0,1,0,0,0,1,0
4.385905812,1,1,1,1,1,1,0,0,1,0,0,0,1,0
4.385905875,1,1,1,1,1,0,0,0,1,0,0,0,1,0
4.385905937,1,1,1,1,1,1,0,0,1,0,0,0,1,0
4.385906125,1,1,1,1,1,0,0,0,1,0,0,0,1,0
4.385906500,1,1,1,1,1,1,0,0,1,0,0,0,1,0
4.385906813,1,1,1,1,1,0,0,0,1,0,0,0,1,0
4.385907250,1,1,1,1,1,1,0,0,1,0,0,0,1,0
4.385907562,1,1,1,1,1,0,0,0,1,0,0,0,1,0
4.385907625,1,1,1,1,1,1,0,0,1,0,0,0,1,0
4.385907813,1,1,1,1,1,0,0,0,1,0,0,0,1,0
4.385908250,1,1,1,1,1,1,0,0,1,0,0,0,1,0
4.385908625,1,1,1,1,1,0,0,0,1,0,0,0,1,0
4.385909000,1,1,1,1,1,1,0,0,1,0,0,0,1,0
4.385909437,1,1,1,1,1,0,0,0,1,0,0,0,1,0
4.385909625,1,1,1,1,1,1,0,0,1,0,0,0,1,0
4.385909750,1,1,1,1,1,0,0,0,1,0,0,0,1,0
4.385909812,1,1,1,1,1,1,0,0,1,0,0,0,1,0
4.385909875,1,1,1,1,1,0,0,0,1,0,0,0,1,0
4.385910188,1,1,1,1,1,1,0,0,1,0,0,0,1,0
4.385910437,1,1,1,1,1,0,0,0,1,0,0,0,1,0
4.385910750,1,1,1,1,1,1,0,0,1,0,0,0,1,0
4.385911125,1,1,1,1,1,0,0,0,1,0,0,0,1,0
4.385911250,1,1,1,1,1,1,0,0,1,0,0,0,1,0
4.385911313,1,1,1,1,1,0,0,0,1,0,0,0,1,0
4.385911500,1,1,1,1,1,1,0,0,1,0,0,0,1,0
4.385911812,1,1,1,1,1,0,0,0,1,0,0,0,1,0
4.385912125,1,1,1,1,1,1,0,0,1,0,0,0,1,0
4.385912375,1,1,1,1,1,0,0,0,1,0,0,0,1,0
4.385912500,1,1,1,1,1,1,0,0,1,0,0,0,1,0
4.385912625,1,1,1,1,1,0,0,0,1,0,0,0,1,0
4.385912750,1,1,1,1,1,1,0,0,1,0,0,0,1,0
4.385912937,1,1,1,1,1,0,0,0,1,0,0,0,1,0
4.385913000,1,1,1,1,1,1,0,0,1,0,0,0,1,0
4.385913250,1,1,1,1,1,0,0,0,1,0,0,0,1,0
4.385913438,1,1,1,1,1,1,0,0,1,0,0,0,1,0
4.385913500,1,1,1,1,1,0,0,0,1,0,0,0,1,0
4.385913562,1,1,1,1,1,1,0,0,1,0,0,0,1,0
4.385913750,1,1,1,1,1,0,0,0,1,0,0,0,1,0
4.385913813,1,1,1,1,1,1,0,0,1,0,0,0,1,0
4.385913937,1,1,1,1,1,0,0,0,1,0,0,0,1,0
4.385914000,1,1,1,1,1,1,0,0,1,0,0,0,1,0
4.385914188,1,1,1,1,1,0,0,0,1,0,0,0,1,0
4.385914250,1,1,1,1,1,1,0,0,1,0,0,0,1,0
4.385914438,1,1,1,1,1,0,0,0,1,0,0,0,1,0
4.385914500,1,1,1,1,1,1,0,0,1,0,0,0,1,0
4.385914563,1,1,1,1,1,0,0,0,1,0,0,0,1,0
4.385914625,1,1,1,1,1,1,0,0,1,0,0,0,1,0
4.385915125,1,1,1,1,1,0,0,0,1,0,0,0,1,0
4.385915312,1,1,1,1,1,1,0,0,1,0,0,0,1,0
4.385915875,1,1,1,1,1,0,0,0,1,0,0,0,1,0
4.385915938,1,1,1,1,1,1,0,0,1,0,0,0,1,0
4.385916437,1,1,1,1,1,0,0,0,1,0,0,0,1,0
4.385916563,1,1,1,1,1,1,0,0,1,0,0,0,1,0
4.385917375,1,1,1,1,1,0,0,0,1,0,0,0,1,0
4.385917437,1,1,1,1,1,1,0,0,1,0,0,0,1,0
4.385917688,1,1,1,1,1,0,0,0,1,0,0,0,1,0
4.385917750,1,1,1,1,1,1,0,0,1,0,0,0,1,0
4.385917812,1,1,1,1,1,0,0,0,1,0,0,0,1,0
4.385917875,1,1,1,1,1,1,0,0,1,0,0,0,1,0
4.385918000,1,1,1,1,1,0,0,0,1,0,0,0,1,0
4.385918063,1,1,1,1,1,1,0,0,1,0,0,0,1,0
4.385918313,1,1,1,1,1,0,0,0,1,0,0,0,1,0
4.385918375,1,1,1,1,1,1,0,0,1,0,0,0,1,0
4.385918438,1,1,1,1,1,0,0,0,1,0,0,0,1,0
4.385918500,1,1,1,1,1,1,0,0,1,0,0,0,1,0
4.385919312,1,1,1,1,1,0,0,0,1,0,0,0,1,0
4.385919375,1,1,1,1,1,1,0,0,1,0,0,0,1,0
4.385919562,1,1,1,1,1,0,0,0,1,0,0,0,1,0
4.385919625,1,1,1,1,1,1,0,0,1,0,0,0,1,0
4.385919688,1,1,1,1,1,0,0,0,1,0,0,0,1,0
4.385919750,1,1,1,1,1,1,0,0,1,0,0,0,1,0
4.385920312,1,1,1,1,1,0,0,0,1,0,0,0,1,0
4.385920375,1,1,1,1,1,1,0,0,1,0,0,0,1,0
4.385920750,1,1,1,1,1,0,0,0,1,0,0,0,1,0
4.385920813,1,1,1,1,1,1,1,1,1,0,0,0,1,0
4.385920875,1,1,1,1,1,0,0,0,1,0,0,0,1,0
4.385920937,1,1,1,1,1,1,0,0,1,0,0,0,1,0
4.385921000,1,1,1,1,1,0,0,0,1,0,0,0,1,0
4.385921062,1,1,1,1,1,1,0,0,1,0,0,0,1,0
4.385921188,1,1,1,1,1,0,0,0,1,0,0,0,1,0
4.385921250,1,1,1,1,1,1,0,0,1,0,0,0,1,0
4.385921312,1,1,1,1,1,0,0,0,1,0,0,0,1,0
4.385921375,1,1,1,1,1,1,0,0,1,0,0,0,1,0
4.385921438,1,1,1,1,1,0,0,0,1,0,0,0,1,0
4.385921500,1,1,1,1,1,1,0,0,1,0,0,0,1,0
4.385921563,1,1,1,1,1,0,0,0,1,0,0,0,1,0
4.385921625,1,1,1,1,1,1,0,0,1,0,0,0,1,0
4.385921687,1,1,1,1,1,0,0,0,1,0,0,0,1,0
4.385921750,1,1,1,1,1,1,0,0,1,0,0,0,1,0
4.385922250,1,1,1,1,1,0,0,0,1,0,0,0,1,0
4.385922375,1,1,1,1,1,1,0,0,1,0,0,0,1,0
4.385922687,1,1,1,1,1,0,0,0,1,0,0,0,1,0
4.385922750,1,1,1,1,1,1,0,0,1,0,0,0,1,0
4.385923250,1,1,1,1,1,0,0,0,1,0,0,0,1,0
4.385923313,1,1,1,1,1,1,0,0,1,0,0,0,1,0
4.385923375,1,1,1,1,1,0,0,0,1,0,0,0,1,0
4.385923437,1,1,1,1,1,1,0,0,1,0,0,0,1,0
4.385923625,1,1,1,1,1,0,0,0,1,0,0,0,1,0
4.385923688,1,1,1,1,1,1,0,0,1,0,0,0,1,0
4.385923875,1,1,1,1,1,0,0,0,1,0,0,0,1,0
4.385923938,1,1,1,1,1,1,0,0,1,0,0,0,1,0
4.385924187,1,1,1,1,1,0,0,0,1,0,0,0,1,0
4.385924250,1,1,1,1,1,1,0,0,1,0,0,0,1,0
4.385924500,1,1,1,1,1,0,0,0,1,0,0,0,1,0
4.385924562,1,1,1,1,1,1,0,0,1,0,0,0,1,0
4.385924750,1,1,1,1,1,0,0,0,1,0,0,0,1,0
4.385924812,1,1,1,1,1,1,0,0,1,0,0,0,1,0
4.385924875,1,1,1,1,1,0,0,0,1,0,0,0,1,0
4.385924937,1,1,1,1,1,1,0,0,1,0,0,0,1,0
4.385925438,1,1,1,1,1,0,0,0,1,0,0,0,1,0
4.385925500,1,1,1,1,1,1,0,0,1,0,0,0,1,0
4.385925688,1,1,1,1,1,0,0,0,1,0,0,0,1,0
4.385925750,1,1,1,1,1,1,0,0,1,0,0,0,1,0
4.385926375,1,1,1,1,1,0,0,0,1,0,0,0,1,0
4.385926438,1,1,1,1,1,1,0,0,1,0,0,0,1,0
4.385926625,1,1,1,1,1,0,0,0,1,0,0,0,1,0
4.385926687,1,1,1,1,1,1,0,0,1,0,0,0,1,0
4.385928188,1,1,1,1,1,0,0,0,1,0,0,0,1,0
4.385928250,1,1,1,1,1,1,0,0,1,0,0,0,1,0
4.385935687,1,1,1,1,1,0,0,0,1,0,0,0,1,0
4.385935750,1,1,1,1,1,1,0,0,1,0,0,0,1,0
4.385937313,1,1,1,1,1,0,0,0,1,0,0,0,1,0
4.385937375,1,1,1,1,1,1,0,0,1,0,0,0,1,0
4.385937437,1,1,1,1,1,0,0,0,1,0,0,0,1,0
4.385937500,1,1,1,1,1,1,0,0,1,0,0,0,1,0
4.385937562,1,1,1,1,1,0,0,0,1,0,0,0,1,0
4.385937625,1,1,1,1,1,1,0,0,1,0,0,0,1,0
4.385937750,1,1,1,1,1,0,0,0,1,0,0,0,1,0
4.385937812,1,1,1,1,1,1,0,0,1,0,0,0,1,0
4.385937875,1,1,1,1,1,0,0,0,1,0,0,0,1,0
4.385937937,1,1,1,1,1,1,0,0,1,0,0,0,1,0
4.385938063,1,1,1,1,1,0,0,0,1,0,0,0,1,0
4.385938125,1,1,1,1,1,1,0,0,1,0,0,0,1,0
4.385938313,1,1,1,1,1,0,0,0,1,0,0,0,1,0
4.385938375,1,1,1,1,1,1,0,0,1,0,0,0,1,0
4.385942437,1,1,1,1,1,0,0,0,1,0,0,0,1,0
4.385942500,1,1,1,1,1,1,0,0,1,0,0,0,1,0
4.385943625,1,1,1,1,1,0,0,0,1,0,0,0,1,0
4.385943688,1,1,1,1,1,1,0,0,1,0,0,0,1,0
4.385944250,1,1,1,1,1,0,0,0,1,0,0,0,1,0
4.385944313,1,1,1,1,1,1,0,0,1,0,0,0,1,0
4.385944875,1,1,1,1,1,0,0,0,1,0,0,0,1,0
4.385945125,1,1,1,1,1,1,0,0,1,0,0,0,1,0
4.385945625,1,1,1,1,1,0,0,0,1,0,0,0,1,0
4.385945687,1,1,1,1,1,1,0,0,1,0,0,0,1,0
4.385948062,1,1,1,1,1,0,0,0,1,0,0,0,1,0
4.385948125,1,1,1,1,1,1,0,0,1,0,0,0,1,0
4.385948250,1,1,1,1,1,0,0,0,1,0,0,0,1,0
4.385948313,1,1,1,1,1,1,0,0,1,0,0,0,1,0
4.385949812,1,1,1,1,1,0,0,0,1,0,0,0,1,0
4.385950250,1,1,1,1,1,1,0,0,1,0,0,0,1,0
4.385951125,1,1,1,1,1,0,0,0,1,0,0,0,1,0
4.385951375,1,1,1,1,1,1,0,0,1,0,0,0,1,0
4.385951688,1,1,1,1,1,0,0,0,1,0,0,0,1,0
4.385951750,1,1,1,1,1,1,0,0,1,0,0,0,1,0
4.385952063,1,1,1,1,1,0,0,0,1,0,0,0,1,0
4.385952188,1,1,1,1,1,1,0,0,1,0,0,0,1,0
4.385953438,1,1,1,1,1,0,0,0,1,0,0,0,1,0
4.385953500,1,1,1,1,1,1,0,0,1,0,0,0,1,0
4.385953563,1,1,1,1,1,0,0,0,1,0,0,0,1,0
4.385953625,1,1,1,1,1,1,0,0,1,0,0,0,1,0
4.385953687,1,1,1,1,1,0,0,0,1,0,0,0,1,0
4.385953750,1,1,1,1,1,1,0,0,1,0,0,0,1,0
4.385953938,1,1,1,1,1,0,0,0,1,0,0,0,1,0
4.385954000,1,1,1,1,1,1,0,0,1,0,0,0,1,0
4.385954125,1,1,1,1,1,0,0,0,1,0,0,0,1,0
4.385954188,1,1,1,1,1,1,0,0,1,0,0,0,1,0
4.385954250,1,1,1,1,1,0,0,0,1,0,0,0,1,0
4.385954313,1,1,1,1,1,1,0,0,1,0,0,0,1,0
4.385954437,1,1,1,1,1,0,0,0,1,0,0,0,1,0
4.385954500,1,1,1,1,1,1,0,0,1,0,0,0,1,0
4.385954625,1,1,1,1,1,0,0,0,1,0,0,0,1,0
4.385954687,1,1,1,1,1,1,0,0,1,0,0,0,1,0
4.385954875,1,1,1,1,1,0,0,0,1,0,0,0,1,0
4.385954938,1,1,1,1,1,1,0,0,1,0,0,0,1,0
4.385955375,1,1,1,1,1,0,0,0,1,0,0,0,1,0
4.385955437,1,1,1,1,1,1,0,0,1,0,0,0,1,0
4.385955625,1,1,1,1,1,0,0,0,1,0,0,0,1,0
4.385955750,1,1,1,1,1,1,0,0,1,0,0,0,1,0
4.385955875,1,1,1,1,1,0,0,0,1,0,0,0,1,0
4.385955938,1,1,1,1,1,1,0,0,1,0,0,0,1,0
4.385956500,1,1,1,1,1,0,0,0,1,0,0,0,1,0
4.385956562,1,1,1,1,1,1,0,0,1,0,0,0,1,0
4.385957438,1,1,1,1,1,0,0,0,1,0,0,0,1,0
4.385957500,1,1,1,1,1,1,0,0,1,0,0,0,1,0
4.385957937,1,1,1,1,1,0,0,0,1,0,0,0,1,0
4.385958000,1,1,1,1,1,1,0,0,1,0,0,0,1,0
4.385958375,1,1,1,1,1,0,0,0,1,0,0,0,1,0
4.385958438,1,1,1,1,1,1,0,0,1,0,0,0,1,0
4.385970312,1,1,1,1,1,1,1,1,1,0,0,0,1,0
4.385970375,1,1,1,1,1,0,0,0,1,0,0,0,1,0
4.385970438,1,1,1,1,1,1,1,1,1,0,0,0,1,0
4.385970500,1,1,1,1,1,0,0,0,1,0,0,0,1,0
4.385970562,1,1,1,1,1,1,1,0,1,0,0,0,1,0
4.385970625,1,1,1,1,1,0,0,0,1,0,0,0,1,0
4.385970688,1,1,1,1,1,1,0,0,1,0,0,0,1,0
4.385983312,1,1,1,1,1,0,0,0,1,0,0,0,1,0
4.385983375,1,1,1,1,1,1,0,0,1,0,0,0,1,0
4.385985563,1,1,1,1,1,0,0,0,1,0,0,0,1,0
4.385985625,1,1,1,1,1,1,0,0,1,0,0,0,1,0
4.385986313,1,1,1,1,1,0,0,0,1,0,0,0,1,0
4.385986375,1,1,1,1,1,1,0,0,1,0,0,0,1,0
4.385986750,1,1,1,1,1,1,1,0,1,0,0,0,1,0
4.385986812,1,1,1,1,1,0,0,0,1,0,0,0,1,0
4.385986875,1,1,1,1,1,1,1,1,1,0,0,0,1,0
4.385986938,1,1,1,1,1,0,0,0,1,0,0,0,1,0
4.385987000,1,1,1,1,1,1,0,0,1,0,0,0,1,0
4.385987250,1,1,1,1,1,0,0,0,1,0,0,0,1,0
4.385987313,1,1,1,1,1,1,0,0,1,0,0,0,1,0
4.385987375,1,1,1,1,1,0,0,0,1,0,0,0,1,0
4.385987437,1,1,1,1,1,1,0,0,1,0,0,0,1,0
4.385987875,1,1,1,1,1,0,0,0,1,0,0,0,1,0
4.385987938,1,1,1,1,1,1,0,0,1,0,0,0,1,0
4.385988187,1,1,1,1,1,0,0,0,1,0,0,0,1,0
4.385988250,1,1,1,1,1,1,0,0,1,0,0,0,1,0
4.385988500,1,1,1,1,1,0,0,0,1,0,0,0,1,0
4.385988562,1,1,1,1,1,1,0,0,1,0,0,0,1,0
4.385989438,1,1,1,1,1,0,0,0,1,0,0,0,1,0
4.385989500,1,1,1,1,1,1,0,0,1,0,0,0,1,0
4.385990375,1,1,1,1,1,0,0,0,1,0,0,0,1,0
4.385990438,1,1,1,1,1,1,0,0,1,0,0,0,1,0
4.385990875,1,1,1,1,1,1,1,1,1,0,0,0,1,0
4.385991000,1,1,1,1,1,1,0,0,1,0,0,0,1,0
4.385991062,1,1,1,1,1,0,0,0,1,0,0,0,1,0
4.385991125,1,1,1,1,1,1,0,0,1,0,0,0,1,0
4.385991312,1,1,1,1,1,0,0,0,1,0,0,0,1,0
4.385991375,1,1,1,1,1,1,0,0,1,0,0,0,1,0
4.385991813,1,1,1,1,1,1,1,1,1,0,0,0,1,0
4.385991875,1,1,1,1,1,1,0,0,1,0,0,0,1,0
4.385992000,1,1,1,1,1,0,0,0,1,0,0,0,1,0
4.385992188,1,1,1,1,1,1,0,0,1,0,0,0,1,0
4.385999250,1,1,1,1,1,1,1,0,1,0,0,0,1,0
4.385999313,1,1,1,1,1,1,0,0,1,0,0,0,1,0
4.386003312,1,1,1,1,1,1,1,0,1,0,0,0,1,0
4.386003375,1,1,1,1,1,1,0,0,1,0,0,0,1,0
4.386003563,1,1,1,1,1,0,0,0,1,0,0,0,1,0
4.386003625,1,1,1,1,1,1,1,0,1,0,0,0,1,0
4.386003687,1,1,1,1,1,1,0,0,1,0,0,0,1,0
4.386009438,1,1,1,1,1,1,1,0,1,0,0,0,1,0
4.386009500,1,1,1,1,1,1,0,0,1,0,0,0,1,0
4.386015312,1,1,1,1,1,0,0,0,1,0,0,0,1,0
4.386015375,1,1,1,1,1,1,0,0,1,0,0,0,1,0
4.386017437,1,1,1,1,1,0,0,0,1,0,0,0,1,0
4.386017500,1,1,1,1,1,1,0,0,1,0,0,0,1,0
4.386017563,1,1,1,1,1,0,0,0,1,0,0,0,1,0
4.386017625,1,1,1,1,1,1,0,0,1,0,0,0,1,0
4.386019750,1,1,1,1,1,0,0,0,1,0,0,0,1,0
4.386019812,1,1,1,1,1,1,1,0,1,0,0,0,1,0
4.386019875,1,1,1,1,1,0,0,0,1,0,0,0,1,0
4.386019938,1,1,1,1,1,1,1,1,1,0,0,0,1,0
4.386020000,1,1,1,1,1,1,0,0,1,0,0,0,1,0
4.386020500,1,1,1,1,1,0,0,0,1,0,0,0,1,0
4.386020562,1,1,1,1,1,1,0,0,1,0,0,0,1,0
4.386021438,1,1,1,1,1,0,0,0,1,0,0,0,1,0
4.386021500,1,1,1,1,1,1,0,0,1,0,0,0,1,0
4.386026063,1,1,1,1,1,1,1,0,1,0,0,0,1,0
4.386026125,1,1,1,1,1,1,0,0,1,0,0,0,1,0
4.386030750,1,1,1,1,1,1,1,1,1,0,0,0,1,0
4.386030875,1,1,1,1,1,1,0,0,1,0,0,0,1,0
4.386031750,1,1,1,1,1,1,1,1,1,0,0,0,1,0
4.386031812,1,1,1,1,1,1,0,0,1,0,0,0,1,0
4.386036125,1,1,1,1,1,1,1,1,1,0,0,0,1,0
4.386036188,1,1,1,1,1,0,0,0,1,0,0,0,1,0
4.386036250,1,1,1,1,1,1,1,1,1,0,0,0,1,0
4.386036312,1,1,1,1,1,0,0,0,1,0,0,0,1,0
4.386036375,1,1,1,1,1,1,1,1,1,0,0,0,1,0
4.386036437,1,1,1,1,1,1,0,0,1,0,0,0,1,0
4.386036687,1,1,1,1,1,1,1,1,1,0,0,0,1,0
4.386036750,1,1,1,1,1,1,0,0,1,0,0,0,1,0
4.386047375,1,1,1,1,1,1,1,1,1,0,0,0,1,0
4.386047438,1,1,1,1,1,1,0,0,1,0,0,0,1,0
4.386051187,1,1,1,1,1,1,1,0,1,0,0,0,1,0
4.386051250,1,1,1,1,1,1,0,0,1,0,0,0,1,0
4.386051688,1,1,1,1,1,1,1,0,1,0,0,0,1,0
4.386051750,1,1,1,1,1,1,0,0,1,0,0,0,1,0
4.386052562,1,1,1,1,1,1,1,1,1,0,0,0,1,0
4.386052625,1,1,1,1,1,0,0,0,1,0,0,0,1,0
4.386052688,1,1,1,1,1,1,1,1,1,0,0,0,1,0
4.386052750,1,1,1,1,1,0,0,0,1,0,0,0,1,0
4.386052813,1,1,1,1,1,1,1,1,1,0,0,0,1,0
4.386052875,1,1,1,1,1,1,0,0,1,0,0,0,1,0
4.386053000,1,1,1,1,1,1,1,0,1,0,0,0,1,0
4.386053063,1,1,1,1,1,1,0,0,1,0,0,0,1,0
4.386053125,1,1,1,1,1,1,1,1,1,0,0,0,1,0
4.386053187,1,1,1,1,1,1,0,0,1,0,0,0,1,0
4.386053250,1,1,1,1,1,1,1,0,1,0,0,0,1,0
4.386053312,1,1,1,1,1,1,0,0,1,0,0,0,1,0
4.386053750,1,1,1,1,1,1,1,1,1,0,0,0,1,0
4.386053813,1,1,1,1,1,1,0,0,1,0,0,0,1,0
4.386054625,1,1,1,1,1,1,1,0,1,0,0,0,1,0
4.386054687,1,1,1,1,1,1,0,0,1,0,0,0,1,0
4.386055000,1,1,1,1,1,1,1,0,1,0,0,0,1,0
4.386055062,1,1,1,1,1,1,0,0,1,0,0,0,1,0
4.386055500,1,1,1,1,1,1,1,0,1,0,0,0,1,0
4.386055625,1,1,1,1,1,1,0,0,1,0,0,0,1,0
4.386056437,1,1,1,1,1,1,1,0,1,0,0,0,1,0
4.386056500,1,1,1,1,1,1,0,0,1,0,0,0,1,0
4.386057437,1,1,1,1,1,1,1,0,1,0,0,0,1,0
4.386057500,1,1,1,1,1,1,0,0,1,0,0,0,1,0
4.386060375,1,1,1,1,1,1,1,0,1,0,0,0,1,0
4.386060438,1,1,1,1,1,1,0,0,1,0,0,0,1,0
4.386060813,1,1,1,1,1,1,1,0,1,0,0,0,1,0
4.386060875,1,1,1,1,1,1,0,0,1,0,0,0,1,0
4.386061438,1,1,1,1,1,1,1,0,1,0,0,0,1,0
4.386061500,1,1,1,1,1,1,0,0,1,0,0,0,1,0
4.386063313,1,1,1,1,1,1,1,0,1,0,0,0,1,0
4.386063375,1,1,1,1,1,1,0,0,1,0,0,0,1,0
4.386065438,1,1,1,1,1,1,1,0,1,0,0,0,1,0
4.386065500,1,1,1,1,1,1,0,0,1,0,0,0,1,0
4.386065875,1,1,1,1,1,1,1,0,1,0,0,0,1,0
4.386065937,1,1,1,1,1,1,0,0,1,0,0,0,1,0
4.386067813,1,1,1,1,1,1,1,1,1,0,0,0,1,0
4.386067875,1,1,1,1,1,1,0,0,1,0,0,0,1,0
4.386068000,1,1,1,1,1,1,1,0,1,0,0,0,1,0
4.386068062,1,1,1,1,1,1,0,0,1,0,0,0,1,0
4.386069000,1,1,1,1,1,1,1,1,1,0,0,0,1,0
4.386069062,1,1,1,1,1,0,0,0,1,0,0,0,1,0
4.386069125,1,1,1,1,1,1,1,1,1,0,0,0,1,0
4.386069188,1,1,1,1,1,0,0,0,1,0,0,0,1,0
4.386069250,1,1,1,1,1,1,1,1,1,0,0,0,1,0
4.386069313,1,1,1,1,1,1,0,0,1,0,0,0,1,0
4.386069437,1,1,1,1,1,1,1,1,1,0,0,0,1,0
4.386069500,1,1,1,1,1,1,0,0,1,0,0,0,1,0
4.386069563,1,1,1,1,1,1,1,1,1,0,0,0,1,0
4.386069625,1,1,1,1,1,1,0,0,1,0,0,0,1,0
4.386070437,1,1,1,1,1,1,1,1,1,0,0,0,1,0
4.386070563,1,1,1,1,1,1,0,0,1,0,0,0,1,0
4.386071313,1,1,1,1,1,1,1,1,1,0,0,0,1,0
4.386071438,1,1,1,1,1,1,0,0,1,0,0,0,1,0
4.386071937,1,1,1,1,1,1,1,0,1,0,0,0,1,0
4.386072000,1,1,1,1,1,1,0,0,1,0,0,0,1,0
4.386076437,1,1,1,1,1,1,1,1,1,0,0,0,1,0
4.386076500,1,1,1,1,1,1,0,0,1,0,0,0,1,0
4.386077500,1,1,1,1,1,1,1,0,1,0,0,0,1,0
4.386077562,1,1,1,1,1,1,0,0,1,0,0,0,1,0
4.386080563,1,1,1,1,1,1,1,1,1,0,0,0,1,0
4.386080625,1,1,1,1,1,1,0,0,1,0,0,0,1,0
4.386084125,1,1,1,1,1,1,1,0,1,0,0,0,1,0
4.386084187,1,1,1,1,1,1,0,0,1,0,0,0,1,0
4.386084625,1,1,1,1,1,1,1,0,1,0,0,0,1,0
4.386084750,1,1,1,1,1,1,0,0,1,0,0,0,1,0
4.386085563,1,1,1,1,1,1,1,1,1,0,0,0,1,0
4.386085625,1,1,1,1,1,1,0,0,1,0,0,0,1,0
4.386085875,1,1,1,1,1,1,1,1,1,0,0,0,1,0
4.386085937,1,1,1,1,1,1,0,0,1,0,0,0,1,0
4.386086000,1,1,1,1,1,1,1,1,1,0,0,0,1,0
4.386086063,1,1,1,1,1,1,0,0,1,0,0,0,1,0
4.386086188,1,1,1,1,1,1,1,1,1,0,0,0,1,0
4.386086250,1,1,1,1,1,1,0,0,1,0,0,0,1,0
4.386086500,1,1,1,1,1,1,1,1,1,0,0,0,1,0
4.386086563,1,1,1,1,1,1,0,0,1,0,0,0,1,0
4.386086813,1,1,1,1,1,1,1,0,1,0,0,0,1,0
4.386086875,1,1,1,1,1,1,0,0,1,0,0,0,1,0
4.386087000,1,1,1,1,1,1,1,0,1,0,0,0,1,0
4.386087062,1,1,1,1,1,1,0,0,1,0,0,0,1,0
4.386087125,1,1,1,1,1,1,1,0,1,0,0,0,1,0
4.386087188,1,1,1,1,1,1,0,0,1,0,0,0,1,0
4.386087625,1,1,1,1,1,1,1,1,1,0,0,0,1,0
4.386087687,1,1,1,1,1,1,0,0,1,0,0,0,1,0
4.386087875,1,1,1,1,1,1,1,0,1,0,0,0,1,0
4.386088000,1,1,1,1,1,1,0,0,1,0,0,0,1,0
4.386088375,1,1,1,1,1,1,1,0,1,0,0,0,1,0
4.386088563,1,1,1,1,1,1,0,0,1,0,0,0,1,0
4.386088938,1,1,1,1,1,1,1,0,1,0,0,0,1,0
4.386089062,1,1,1,1,1,1,0,0,1,0,0,0,1,0
4.386089187,1,1,1,1,1,1,1,0,1,0,0,0,1,0
4.386089250,1,1,1,1,1,1,0,0,1,0,0,0,1,0
4.386089313,1,1,1,1,1,1,1,1,1,0,0,0,1,0
4.386089500,1,1,1,1,1,1,0,0,1,0,0,0,1,0
4.386089562,1,1,1,1,1,1,1,1,1,0,0,0,1,0
4.386089625,1,1,1,1,1,1,0,0,1,0,0,0,1,0
4.386089750,1,1,1,1,1,1,1,1,1,0,0,0,1,0
4.386089812,1,1,1,1,1,1,0,0,1,0,0,0,1,0
4.386090562,1,1,1,1,1,1,1,0,1,0,0,0,1,0
4.386090750,1,1,1,1,1,1,1,1,1,0,0,0,1,0
4.386090812,1,1,1,1,1,1,1,0,1,0,0,0,1,0
4.386090875,1,1,1,1,1,1,0,0,1,0,0,0,1,0
4.386090937,1,1,1,1,1,1,1,1,1,0,0,0,1,0
4.386091000,1,1,1,1,1,1,1,0,1,0,0,0,1,0
4.386091063,1,1,1,1,1,1,0,0,1,0,0,0,1,0
4.386091125,1,1,1,1,1,1,1,0,1,0,0,0,1,0
4.386091187,1,1,1,1,1,1,1,1,1,0,0,0,1,0
4.386091250,1,1,1,1,1,1,1,0,1,0,0,0,1,0
4.386091312,1,1,1,1,1,1,0,0,1,0,0,0,1,0
4.386091750,1,1,1,1,1,1,1,0,1,0,0,0,1,0
4.386091937,1,1,1,1,1,1,0,0,1,0,0,0,1,0
4.386092000,1,1,1,1,1,1,1,0,1,0,0,0,1,0
4.386092063,1,1,1,1,1,1,0,0,1,0,0,0,1,0
4.386092250,1,1,1,1,1,1,1,0,1,0,0,0,1,0
4.386092312,1,1,1,1,1,1,0,0,1,0,0,0,1,0
4.386092375,1,1,1,1,1,1,1,0,1,0,0,0,1,0
4.386092563,1,1,1,1,1,1,0,0,1,0,0,0,1,0
4.386092625,1,1,1,1,1,1,1,0,1,0,0,0,1,0
4.386092687,1,1,1,1,1,1,0,0,1,0,0,0,1,0
4.386092813,1,1,1,1,1,1,1,1,1,0,0,0,1,0
4.386092875,1,1,1,1,1,1,0,0,1,0,0,0,1,0
4.386093000,1,1,1,1,1,1,1,0,1,0,0,0,1,0
4.386093063,1,1,1,1,1,1,0,0,1,0,0,0,1,0
4.386093250,1,1,1,1,1,1,1,0,1,0,0,0,1,0
4.386093312,1,1,1,1,1,1,1,1,1,0,0,0,1,0
4.386093375,1,1,1,1,1,1,0,0,1,0,0,0,1,0
4.386093437,1,1,1,1,1,1,1,1,1,0,0,0,1,0
4.386093500,1,1,1,1,1,1,0,0,1,0,0,0,1,0
4.386093563,1,1,1,1,1,1,1,1,1,0,0,0,1,0
4.386093625,1,1,1,1,1,1,0,0,1,0,0,0,1,0
4.386093687,1,1,1,1,1,1,1,0,1,0,0,0,1,0
4.386093750,1,1,1,1,1,1,0,0,1,0,0,0,1,0
4.386093938,1,1,1,1,1,1,1,0,1,0,0,0,1,0
4.386094000,1,1,1,1,1,1,0,0,1,0,0,0,1,0
4.386094062,1,1,1,1,1,1,1,0,1,0,0,0,1,0
4.386094188,1,1,1,1,1,1,0,0,1,0,0,0,1,0
4.386094313,1,1,1,1,1,1,1,0,1,0,0,0,1,0
4.386094375,1,1,1,1,1,1,1,1,1,0,0,0,1,0
4.386094437,1,1,1,1,1,1,1,0,1,0,0,0,1,0
4.386094563,1,1,1,1,1,1,0,0,1,0,0,0,1,0
4.386094625,1,1,1,1,1,1,1,0,1,0,0,0,1,0
4.386094750,1,1,1,1,1,1,0,0,1,0,0,0,1,0
4.386094875,1,1,1,1,1,1,1,1,1,0,0,0,1,0
4.386095000,1,1,1,1,1,1,1,0,1,0,0,0,1,0
4.386095062,1,1,1,1,1,1,0,0,1,0,0,0,1,0
4.386095187,1,1,1,1,1,1,1,0,1,0,0,0,1,0
4.386095313,1,1,1,1,1,1,1,1,1,0,0,0,1,0
4.386095375,1,1,1,1,1,1,0,0,1,0,0,0,1,0
4.386095500,1,1,1,1,1,1,1,0,1,0,0,0,1,0
4.386095625,1,1,1,1,1,1,0,0,1,0,0,0,1,0
4.386095688,1,1,1,1,1,1,1,1,1,0,0,0,1,0
4.386095750,1,1,1,1,1,1,0,0,1,0,0,0,1,0
4.386095938,1,1,1,1,1,1,1,0,1,0,0,0,1,0
4.386096000,1,1,1,1,1,1,0,0,1,0,0,0,1,0
4.386096063,1,1,1,1,1,1,1,0,1,0,0,0,1,0
4.386096187,1,1,1,1,1,1,1,1,1,0,0,0,1,0
4.386096250,1,1,1,1,1,1,1,0,1,0,0,0,1,0
4.386096313,1,1,1,1,1,1,0,0,1,0,0,0,1,0
4.386096438,1,1,1,1,1,1,1,0,1,0,0,0,1,0
4.386096500,1,1,1,1,1,1,1,1,1,0,0,0,1,0
4.386096562,1,1,1,1,1,1,0,0,1,0,0,0,1,0
4.386096688,1,1,1,1,1,1,1,0,1,0,0,0,1,0
4.386096750,1,1,1,1,1,1,1,1,1,0,0,0,1,0
4.386096812,1,1,1,1,1,1,0,0,1,0,0,0,1,0
4.386096875,1,1,1,1,1,1,1,0,1,0,0,0,1,0
4.386096937,1,1,1,1,1,1,0,0,1,0,0,0,1,0
4.386097063,1,1,1,1,1,1,1,0,1,0,0,0,1,0
4.386097125,1,1,1,1,1,1,0,0,1,0,0,0,1,0
4.386097187,1,1,1,1,1,1,1,1,1,0,0,0,1,0
4.386097250,1,1,1,1,1,1,1,0,1,0,0,0,1,0
4.386097312,1,1,1,1,1,1,1,1,1,0,0,0,1,0
4.386097375,1,1,1,1,1,1,1,0,1,0,0,0,1,0
4.386097438,1,1,1,1,1,1,0,0,1,0,0,0,1,0
4.386097500,1,1,1,1,1,1,1,0,1,0,0,0,1,0
4.386097562,1,1,1,1,1,1,0,0,1,0,0,0,1,0
4.386097625,1,1,1,1,1,1,1,0,1,0,0,0,1,0
4.386097688,1,1,1,1,1,1,1,1,1,0,0,0,1,0
4.386097750,1,1,1,1,1,1,1,0,1,0,0,0,1,0
4.386097813,1,1,1,1,1,1,1,1,1,0,0,0,1,0
4.386097875,1,1,1,1,1,1,0,0,1,0,0,0,1,0
4.386097937,1,1,1,1,1,1,1,1,1,0,0,0,1,0
4.386098000,1,1,1,1,1,1,1,0,1,0,0,0,1,0
4.386098125,1,1,1,1,1,1,0,0,1,0,0,0,1,0
4.386098250,1,1,1,1,1,1,1,0,1,0,0,0,1,0
4.386098438,1,1,1,1,1,1,1,1,1,0,0,0,1,0
4.386098562,1,1,1,1,1,1,1,0,1,0,0,0,1,0
4.386098813,1,1,1,1,1,1,0,0,1,0,0,0,1,0
4.386098875,1,1,1,1,1,1,1,1,1,0,0,0,1,0
4.386099062,1,1,1,1,1,1,0,0,1,0,0,0,1,0
4.386099188,1,1,1,1,1,1,1,0,1,0,0,0,1,0
4.386099250,1,1,1,1,1,1,1,1,1,0,0,0,1,0
4.386099312,1,1,1,1,1,1,0,0,1,0,0,0,1,0
4.386099438,1,1,1,1,1,1,1,0,1,0,0,0,1,0
4.386099500,1,1,1,1,1,1,1,1,1,0,0,0,1,0
4.386099563,1,1,1,1,1,1,0,0,1,0,0,0,1,0
4.386099625,1,1,1,1,1,1,1,1,1,0,0,0,1,0
4.386099750,1,1,1,1,1,1,1,0,1,0,0,0,1,0
4.386099875,1,1,1,1,1,1,1,1,1,0,0,0,1,0
4.386100062,1,1,1,1,1,1,1,0,1,0,0,0,1,0
4.386100125,1,1,1,1,1,1,0,0,1,0,0,0,1,0
4.386100250,1,1,1,1,1,1,1,1,1,0,0,0,1,0
4.386100312,1,1,1,1,1,1,1,0,1,0,0,0,1,0
4.386100375,1,1,1,1,1,1,0,0,1,0,0,0,1,0
4.386100437,1,1,1,1,1,1,1,1,1,0,0,0,1,0
4.386100500,1,1,1,1,1,1,0,0,1,0,0,0,1,0
4.386100562,1,1,1,1,1,1,1,1,1,0,0,0,1,0
4.386100625,1,1,1,1,1,1,0,0,1,0,0,0,1,0
4.386100687,1,1,1,1,1,1,1,1,1,0,0,0,1,0
4.386100750,1,1,1,1,1,1,1,0,1,0,0,0,1,0
4.386100812,1,1,1,1,1,1,1,1,1,0,0,0,1,0
4.386100875,1,1,1,1,1,1,0,0,1,0,0,0,1,0
4.386100938,1,1,1,1,1,1,1,1,1,0,0,0,1,0
4.386101000,1,1,1,1,1,1,0,0,1,0,0,0,1,0
4.386101125,1,1,1,1,1,1,1,1,1,0,0,0,1,0
4.386101250,1,1,1,1,1,1,1,0,1,0,0,0,1,0
4.386101437,1,1,1,1,1,1,0,0,1,0,0,0,1,0
4.386101500,1,1,1,1,1,1,1,1,1,0,0,0,1,0
4.386101812,1,1,1,1,1,1,0,0,1,0,0,0,1,0
4.386101875,1,1,1,1,1,1,1,1,1,0,0,0,1,0
4.386101938,1,1,1,1,1,1,0,0,1,0,0,0,1,0
4.386102000,1,1,1,1,1,1,1,1,1,0,0,0,1,0
4.386102063,1,1,1,1,1,1,0,0,1,0,0,0,1,0
4.386102125,1,1,1,1,1,1,1,1,1,0,0,0,1,0
4.386102187,1,1,1,1,1,1,0,0,1,0,0,0,1,0
4.386102313,1,1,1,1,1,1,1,1,1,0,0,0,1,0
4.386102375,1,1,1,1,1,1,0,0,1,0,0,0,1,0
4.386102437,1,1,1,1,1,1,1,1,1,0,0,0,1,0
4.386102500,1,1,1,1,1,1,1,0,1,0,0,0,1,0
4.386102562,1,1,1,1,1,1,1,1,1,0,0,0,1,0
4.386102688,1,1,1,1,1,1,1,0,1,0,0,0,1,0
4.386102875,1,1,1,1,1,1,0,0,1,0,0,0,1,0
4.386102937,1,1,1,1,1,1,1,1,1,0,0,0,1,0
4.386103000,1,1,1,1,1,1,0,0,1,0,0,0,1,0
4.386103063,1,1,1,1,1,1,1,0,1,0,0,0,1,0
4.386103125,1,1,1,1,1,1,1,1,1,0,0,0,1,0
4.386103187,1,1,1,1,1,1,1,0,1,0,0,0,1,0
4.386103250,1,1,1,1,1,1,1,1,1,0,0,0,1,0
4.386103313,1,1,1,1,1,1,0,0,1,0,0,0,1,0
4.386103438,1,1,1,1,1,1,1,0,1,0,0,0,1,0
4.386103625,1,1,1,1,1,1,0,0,1,0,0,0,1,0
4.386103688,1,1,1,1,1,1,1,1,1,0,0,0,1,0
4.386103750,1,1,1,1,1,1,1,0,1,0,0,0,1,0
4.386103875,1,1,1,1,1,1,0,0,1,0,0,0,1,0
4.386104000,1,1,1,1,1,1,1,1,1,0,0,0,1,0
4.386104063,1,1,1,1,1,1,0,0,1,0,0,0,1,0
4.386104187,1,1,1,1,1,1,1,0,1,0,0,0,1,0
4.386104250,1,1,1,1,1,1,0,0,1,0,0,0,1,0
4.386104438,1,1,1,1,1,1,1,1,1,0,0,0,1,0
4.386104500,1,1,1,1,1,1,1,0,1,0,0,0,1,0
4.386104625,1,1,1,1,1,1,0,0,1,0,0,0,1,0
4.386104750,1,1,1,1,1,1,1,1,1,0,0,0,1,0
4.386104813,1,1,1,1,1,1,1,0,1,0,0,0,1,0
4.386104875,1,1,1,1,1,1,1,1,1,0,0,0,1,0
4.386104937,1,1,1,1,1,1,1,0,1,0,0,0,1,0
4.386105000,1,1,1,1,1,1,0,0,1,0,0,0,1,0
4.386105063,1,1,1,1,1,1,1,0,1,0,0,0,1,0
4.386105125,1,1,1,1,1,1,0,0,1,0,0,0,1,0
4.386105438,1,1,1,1,1,1,1,1,1,0,0,0,1,0
4.386105500,1,1,1,1,1,1,1,0,1,0,0,0,1,0
4.386105813,1,1,1,1,1,1,0,0,1,0,0,0,1,0
4.386106000,1,1,1,1,1,1,1,0,1,0,0,0,1,0
4.386106125,1,1,1,1,1,1,0,0,1,0,0,0,1,0
4.386106250,1,1,1,1,1,1,1,1,1,0,0,0,1,0
4.386106312,1,1,1,1,1,1,0,0,1,0,0,0,1,0
4.386106375,1,1,1,1,1,1,1,0,1,0,0,0,1,0
4.386106437,1,1,1,1,1,1,0,0,1,0,0,0,1,0
4.386106500,1,1,1,1,1,1,1,1,1,0,0,0,1,0
4.386106563,1,1,1,1,1,1,0,0,1,0,0,0,1,0
4.386106625,1,1,1,1,1,1,1,0,1,0,0,0,1,0
4.386106687,1,1,1,1,1,1,0,0,1,0,0,0,1,0
4.386106750,1,1,1,1,1,1,1,0,1,0,0,0,1,0
4.386106812,1,1,1,1,1,1,0,0,1,0,0,0,1,0
4.386106875,1,1,1,1,1,1,1,0,1,0,0,0,1,0
4.386106938,1,1,1,1,1,1,0,0,1,0,0,0,1,0
4.386107000,1,1,1,1,1,1,1,0,1,0,0,0,1,0
4.386107125,1,1,1,1,1,1,0,0,1,0,0,0,1,0
4.386107250,1,1,1,1,1,1,1,0,1,0,0,0,1,0
4.386107313,1,1,1,1,1,1,0,0,1,0,0,0,1,0
4.386107437,1,1,1,1,1,1,1,0,1,0,0,0,1,0
4.386107500,1,1,1,1,1,1,0,0,1,0,0,0,1,0
4.386107563,1,1,1,1,1,1,1,1,1,0,0,0,1,0
4.386107625,1,1,1,1,1,1,0,0,1,0,0,0,1,0
4.386107688,1,1,1,1,1,1,1,0,1,0,0,0,1,0
4.386107750,1,1,1,1,1,1,0,0,1,0,0,0,1,0
4.386107812,1,1,1,1,1,1,1,0,1,0,0,0,1,0
4.386107875,1,1,1,1,1,1,0,0,1,0,0,0,1,0
4.386108000,1,1,1,1,1,1,1,0,1,0,0,0,1,0
4.386108125,1,1,1,1,1,1,0,0,1,0,0,0,1,0
4.386108187,1,1,1,1,1,1,1,0,1,0,0,0,1,0
4.386108250,1,1,1,1,1,1,0,0,1,0,0,0,1,0
4.386108313,1,1,1,1,1,1,1,0,1,0,0,0,1,0
4.386108375,1,1,1,1,1,1,0,0,1,0,0,0,1,0
4.386108437,1,1,1,1,1,1,1,0,1,0,0,0,1,0
4.386108500,1,1,1,1,1,1,0,0,1,0,0,0,1,0
4.386108562,1,1,1,1,1,1,1,0,1,0,0,0,1,0
4.386108625,1,1,1,1,1,1,1,1,1,0,0,0,1,0
4.386108688,1,1,1,1,1,1,1,0,1,0,0,0,1,0
4.386108875,1,1,1,1,1,1,0,0,1,0,0,0,1,0
4.386108938,1,1,1,1,1,1,1,1,1,0,0,0,1,0
4.386109000,1,1,1,1,1,1,0,0,1,0,0,0,1,0
4.386109125,1,1,1,1,1,1,1,0,1,0,0,0,1,0
4.386109187,1,1,1,1,1,1,0,0,1,0,0,0,1,0
4.386109250,1,1,1,1,1,1,1,1,1,0,0,0,1,0
4.386109313,1,1,1,1,1,1,1,0,1,0,0,0,1,0
4.386109438,1,1,1,1,1,1,0,0,1,0,0,0,1,0
4.386109500,1,1,1,1,1,1,1,1,1,0,0,0,1,0
4.386109562,1,1,1,1,1,1,0,0,1,0,0,0,1,0
4.386109812,1,1,1,1,1,0,0,0,1,0,0,0,1,0
4.386109875,1,1,1,1,1,1,0,0,1,0,0,0,1,0
4.386109937,1,1,1,1,1,1,1,1,1,0,0,0,1,0
4.386110125,1,1,1,1,1,1,1,0,1,0,0,0,1,0
4.386110187,1,1,1,1,1,1,0,0,1,0,0,0,1,0
4.386110438,1,1,1,1,1,1,1,1,1,0,0,0,1,0
4.386110500,1,1,1,1,1,1,1,0,1,0,0,0,1,0
4.386110562,1,1,1,1,1,1,1,1,1,0,0,0,1,0
4.386110625,1,1,1,1,1,1,0,0,1,0,0,0,1,0
4.386110937,1,1,1,1,1,1,1,0,1,0,0,0,1,0
4.386111000,1,1,1,1,1,1,0,0,1,0,0,0,1,0
4.386111125,1,1,1,1,1,1,1,1,1,0,0,0,1,0
4.386111188,1,1,1,1,1,1,0,0,1,0,0,0,1,0
4.386111375,1,1,1,1,1,1,1,1,1,0,0,0,1,0
4.386111438,1,1,1,1,1,1,0,0,1,0,0,0,1,0
4.386111625,1,1,1,1,1,1,1,0,1,0,0,0,1,0
4.386111687,1,1,1,1,1,1,0,0,1,0,0,0,1,0
4.386111750,1,1,1,1,1,1,1,0,1,0,0,0,1,0
4.386111813,1,1,1,1,1,1,1,1,1,0,0,0,1,0
4.386112062,1,1,1,1,1,1,0,0,1,0,0,0,1,0
4.386112375,1,1,1,1,1,1,1,0,1,0,0,0,1,0
4.386112625,1,1,1,1,1,1,1,1,1,0,0,0,1,0
4.386112687,1,1,1,1,1,1,0,0,1,0,0,0,1,0
4.386113188,1,1,1,1,1,1,1,0,1,0,0,0,1,0
4.386113250,1,1,1,1,1,1,0,0,1,0,0,0,1,0
4.386113375,1,1,1,1,1,1,1,0,1,0,0,0,1,0
4.386113500,1,1,1,1,1,1,0,0,1,0,0,0,1,0
4.386113563,1,1,1,1,1,1,1,0,1,0,0,0,1,0
4.386113625,1,1,1,1,1,1,0,0,1,0,0,0,1,0
4.386113687,1,1,1,1,1,1,1,0,1,0,0,0,1,0
4.386113750,1,1,1,1,1,1,0,0,1,0,0,0,1,0
4.386113812,1,1,1,1,1,1,1,0,1,0,0,0,1,0
4.386113875,1,1,1,1,1,1,0,0,1,0,0,0,1,0
4.386114000,1,1,1,1,1,1,1,0,1,0,0,0,1,0
4.386114062,1,1,1,1,1,1,1,1,1,0,0,0,1,0
4.386114125,1,1,1,1,1,1,0,0,1,0,0,0,1,0
4.386114187,1,1,1,1,1,1,1,1,1,0,0,0,1,0
4.386114375,1,1,1,1,1,1,0,0,1,0,0,0,1,0
4.386114500,1,1,1,1,1,1,1,0,1,0,0,0,1,0
4.386114563,1,1,1,1,1,1,0,0,1,0,0,0,1,0
4.386114625,1,1,1,1,1,1,1,1,1,0,0,0,1,0
4.386114688,1,1,1,1,1,1,0,0,1,0,0,0,1,0
4.386114750,1,1,1,1,1,1,1,0,1,0,0,0,1,0
4.386114875,1,1,1,1,1,1,0,0,1,0,0,0,1,0
4.386114938,1,1,1,1,1,1,1,1,1,0,0,0,1,0
4.386115063,1,1,1,1,1,1,0,0,1,0,0,0,1,0
4.386115250,1,1,1,1,1,1,1,1,1,0,0,0,1,0
4.386115313,1,1,1,1,1,1,0,0,1,0,0,0,1,0
4.386115563,1,1,1,1,1,1,1,1,1,0,0,0,1,0
4.386115625,1,1,1,1,1,1,0,0,1,0,0,0,1,0
4.386115688,1,1,1,1,1,1,1,0,1,0,0,0,1,0
4.386115750,1,1,1,1,1,1,1,1,1,0,0,0,1,0
4.386115812,1,1,1,1,1,1,0,0,1,0,0,0,1,0
4.386116125,1,1,1,1,1,1,1,0,1,0,0,0,1,0
4.386116250,1,1,1,1,1,1,0,0,1,0,0,0,1,0
4.386116312,1,1,1,1,1,1,1,0,1,0,0,0,1,0
4.386116375,1,1,1,1,1,1,0,0,1,0,0,0,1,0
4.386116438,1,1,1,1,1,1,1,0,1,0,0,0,1,0
4.386116500,1,1,1,1,1,1,0,0,1,0,0,0,1,0
4.386116750,1,1,1,1,1,1,1,0,1,0,0,0,1,0
4.386116813,1,1,1,1,1,1,0,0,1,0,0,0,1,0
4.386116937,1,1,1,1,1,1,1,1,1,0,0,0,1,0
4.386117000,1,1,1,1,1,1,0,0,1,0,0,0,1,0
4.386117375,1,1,1,1,1,1,1,1,1,0,0,0,1,0
4.386117438,1,1,1,1,1,1,0,0,1,0,0,0,1,0
4.386117500,1,1,1,1,1,1,1,1,1,0,0,0,1,0
4.386117562,1,1,1,1,1,1,0,0,1,0,0,0,1,0
4.386117625,1,1,1,1,1,1,1,0,1,0,0,0,1,0
4.386117687,1,1,1,1,1,1,0,0,1,0,0,0,1,0
4.386117750,1,1,1,1,1,1,1,0,1,0,0,0,1,0
4.386117813,1,1,1,1,1,1,0,0,1,0,0,0,1,0
4.386118250,1,1,1,1,1,1,1,1,1,0,0,0,1,0
4.386118312,1,1,1,1,1,1,0,0,1,0,0,0,1,0
4.386118500,1,1,1,1,1,1,1,1,1,0,0,0,1,0
4.386118563,1,1,1,1,1,1,1,0,1,0,0,0,1,0
4.386118625,1,1,1,1,1,1,0,0,1,0,0,0,1,0
4.386118687,1,1,1,1,1,1,1,1,1,0,0,0,1,0
4.386118750,1,1,1,1,1,1,0,0,1,0,0,0,1,0
4.386118813,1,1,1,1,1,1,1,1,1,0,0,0,1,0
4.386118875,1,1,1,1,1,1,0,0,1,0,0,0,1,0
4.386119000,1,1,1,1,1,1,1,1,1,0,0,0,1,0
4.386119062,1,1,1,1,1,1,0,0,1,0,0,0,1,0
4.386119188,1,1,1,1,1,1,1,0,1,0,0,0,1,0
4.386119250,1,1,1,1,1,1,0,0,1,0,0,0,1,0
4.386119437,1,1,1,1,1,1,1,1,1,0,0,0,1,0
4.386119500,1,1,1,1,1,1,1,0,1,0,0,0,1,0
4.386119563,1,1,1,1,1,1,1,1,1,0,0,0,1,0
4.386119625,1,1,1,1,1,1,1,0,1,0,0,0,1,0
4.386119687,1,1,1,1,1,1,0,0,1,0,0,0,1,0
4.386120062,1,1,1,1,1,1,1,0,1,0,0,0,1,0
4.386120188,1,1,1,1,1,1,0,0,1,0,0,0,1,0
4.386120250,1,1,1,1,1,1,1,0,1,0,0,0,1,0
4.386120437,1,1,1,1,1,1,0,0,1,0,0,0,1,0
4.386120750,1,1,1,1,1,1,1,0,1,0,0,0,1,0
4.386121000,1,1,1,1,1,1,0,0,1,0,0,0,1,0
4.386121313,1,1,1,1,1,1,1,0,1,0,0,0,1,0
4.386121375,1,1,1,1,1,1,1,1,1,0,0,0,1,0
4.386121437,1,1,1,1,1,1,0,0,1,0,0,0,1,0
4.386121500,1,1,1,1,1,1,1,1,1,0,0,0,1,0
4.386121625,1,1,1,1,1,1,0,0,1,0,0,0,1,0
4.386121750,1,1,1,1,1,1,1,0,1,0,0,0,1,0
4.386121812,1,1,1,1,1,1,0,0,1,0,0,0,1,0
4.386122000,1,1,1,1,1,1,1,0,1,0,0,0,1,0
4.386122187,1,1,1,1,1,1,0,0,1,0,0,0,1,0
4.386122250,1,1,1,1,1,1,1,0,1,0,0,0,1,0
4.386122375,1,1,1,1,1,1,0,0,1,0,0,0,1,0
4.386122500,1,1,1,1,1,1,1,0,1,0,0,0,1,0
4.386122688,1,1,1,1,1,1,0,0,1,0,0,0,1,0
4.386122750,1,1,1,1,1,1,1,0,1,0,0,0,1,0
4.386122813,1,1,1,1,1,1,0,0,1,0,0,0,1,0
4.386122937,1,1,1,1,1,1,1,1,1,0,0,0,1,0
4.386123062,1,1,1,1,1,1,0,0,1,0,0,0,1,0
4.386123187,1,1,1,1,1,1,1,0,1,0,0,0,1,0
4.386123375,1,1,1,1,1,1,1,1,1,0,0,0,1,0
4.386123438,1,1,1,1,1,1,1,0,1,0,0,0,1,0
4.386123625,1,1,1,1,1,1,0,0,1,0,0,0,1,0
4.386123750,1,1,1,1,1,1,1,0,1,0,0,0,1,0
4.386123875,1,1,1,1,1,1,1,1,1,0,0,0,1,0
4.386123937,1,1,1,1,1,1,0,0,1,0,0,0,1,0
4.386124000,1,1,1,1,1,1,1,0,1,0,0,0,1,0
4.386124250,1,1,1,1,1,1,1,1,1,0,0,0,1,0
4.386124312,1,1,1,1,1,1,0,0,1,0,0,0,1,0
4.386124438,1,1,1,1,1,1,1,0,1,0,0,0,1,0
4.386124563,1,1,1,1,1,1,0,0,1,0,0,0,1,0
4.386124687,1,1,1,1,1,1,1,1,1,0,0,0,1,0
4.386124875,1,1,1,1,1,1,1,0,1,0,0,0,1,0
4.386125000,1,1,1,1,1,1,0,0,1,0,0,0,1,0
4.386125062,1,1,1,1,1,1,1,1,1,0,0,0,1,0
4.386125125,1,1,1,1,1,1,0,0,1,0,0,0,1,0
4.386125188,1,1,1,1,1,1,1,1,1,0,0,0,1,0
4.386125250,1,1,1,1,1,1,0,0,1,0,0,0,1,0
4.386125312,1,1,1,1,1,1,1,1,1,0,0,0,1,0
4.386125375,1,1,1,1,1,1,1,0,1,0,0,0,1,0
4.386125437,1,1,1,1,1,1,1,1,1,0,0,0,1,0
4.386125500,1,1,1,1,1,1,1,0,1,0,0,0,1,0
4.386125563,1,1,1,1,1,1,1,1,1,0,0,0,1,0
4.386125625,1,1,1,1,1,1,0,0,1,0,0,0,1,0
4.386125687,1,1,1,1,1,1,1,0,1,0,0,0,1,0
4.386125813,1,1,1,1,1,1,0,0,1,0,0,0,1,0
4.386125938,1,1,1,1,1,1,1,0,1,0,0,0,1,0
4.386126000,1,1,1,1,1,1,1,1,1,0,0,0,1,0
4.386126125,1,1,1,1,1,1,1,0,1,0,0,0,1,0
4.386126188,1,1,1,1,1,1,1,1,1,0,0,0,1,0
4.386126313,1,1,1,1,1,1,1,0,1,0,0,0,1,0
4.386126375,1,1,1,1,1,1,1,1,1,0,0,0,1,0
4.386126437,1,1,1,1,1,1,1,0,1,0,0,0,1,0
4.386126500,1,1,1,1,1,1,1,1,1,0,0,0,1,0
4.386126563,1,1,1,1,1,1,1,0,1,0,0,0,1,0
4.386126750,1,1,1,1,1,1,0,0,1,0,0,0,1,0
4.386126812,1,1,1,1,1,1,1,0,1,0,0,0,1,0
4.386126875,1,1,1,1,1,1,0,0,1,0,0,0,1,0
4.386126938,1,1,1,1,1,1,1,1,1,0,0,0,1,0
4.386127125,1,1,1,1,1,1,1,0,1,0,0,0,1,0
4.386127187,1,1,1,1,1,1,0,0,1,0,0,0,1,0
4.386127250,1,1,1,1,1,1,1,0,1,0,0,0,1,0
4.386127313,1,1,1,1,1,1,1,1,1,0,0,0,1,0
4.386127375,1,1,1,1,1,1,1,0,1,0,0,0,1,0
4.386127437,1,1,1,1,1,1,1,1,1,0,0,0,1,0
4.386127500,1,1,1,1,1,1,1,0,1,0,0,0,1,0
4.386127562,1,1,1,1,1,1,1,1,1,0,0,0,1,0
4.386127688,1,1,1,1,1,1,0,0,1,0,0,0,1,0
4.386127750,1,1,1,1,1,1,1,0,1,0,0,0,1,0
4.386127812,1,1,1,1,1,1,1,1,1,0,0,0,1,0
4.386127875,1,1,1,1,1,1,0,0,1,0,0,0,1,0
4.386127938,1,1,1,1,1,1,1,1,1,0,0,0,1,0
4.386128063,1,1,1,1,1,1,1,0,1,0,0,0,1,0
4.386128187,1,1,1,1,1,1,1,1,1,0,0,0,1,0
4.386128375,1,1,1,1,1,1,1,0,1,0,0,0,1,0
4.386128438,1,1,1,1,1,1,1,1,1,0,0,0,1,0
4.386128500,1,1,1,1,1,1,1,0,1,0,0,0,1,0
4.386128562,1,1,1,1,1,1,1,1,1,0,0,0,1,0
4.386128750,1,1,1,1,1,1,1,0,1,0,0,0,1,0
4.386128875,1,1,1,1,1,1,1,1,1,0,0,0,1,0
4.386128937,1,1,1,1,1,1,1,0,1,0,0,0,1,0
4.386129250,1,1,1,1,1,1,1,1,1,0,0,0,1,0
4.386129375,1,1,1,1,1,1,0,0,1,0,0,0,1,0
4.386129438,1,1,1,1,1,1,1,0,1,0,0,0,1,0
4.386129500,1,1,1,1,1,1,1,1,1,0,0,0,1,0
4.386129562,1,1,1,1,1,1,1,0,1,0,0,0,1,0
4.386129688,1,1,1,1,1,1,1,1,1,0,0,0,1,0
4.386129750,1,1,1,1,1,1,1,0,1,0,0,0,1,0
4.386129813,1,1,1,1,1,1,0,0,1,0,0,0,1,0
4.386129875,1,1,1,1,1,1,1,1,1,0,0,0,1,0
4.386130063,1,1,1,1,1,1,1,0,1,0,0,0,1,0
4.386130188,1,1,1,1,1,1,1,1,1,0,0,0,1,0
4.386130250,1,1,1,1,1,1,1,0,1,0,0,0,1,0
4.386130500,1,1,1,1,1,1,1,1,1,0,0,0,1,0
4.386130687,1,1,1,1,1,1,1,0,1,0,0,0,1,0
4.386130750,1,1,1,1,1,1,0,0,1,0,0,0,1,0
4.386130813,1,1,1,1,1,1,1,0,1,0,0,0,1,0
4.386130875,1,1,1,1,1,1,0,0,1,0,0,0,1,0
4.386130937,1,1,1,1,1,1,1,0,1,0,0,0,1,0
4.386131125,1,1,1,1,1,1,1,1,1,0,0,0,1,0
4.386131188,1,1,1,1,1,1,1,0,1,0,0,0,1,0
4.386131250,1,1,1,1,1,1,1,1,1,0,0,0,1,0
4.386131312,1,1,1,1,1,1,1,0,1,0,0,0,1,0
4.386131375,1,1,1,1,1,1,0,0,1,0,0,0,1,0
4.386131500,1,1,1,1,1,1,1,1,1,0,0,0,1,0
4.386131563,1,1,1,1,1,1,1,0,1,0,0,0,1,0
4.386131625,1,1,1,1,1,1,1,1,1,0,0,0,1,0
4.386131813,1,1,1,1,1,1,1,0,1,0,0,0,1,0
4.386131875,1,1,1,1,1,1,1,1,1,0,0,0,1,0
4.386132000,1,1,1,1,1,1,1,0,1,0,0,0,1,0
4.386132188,1,1,1,1,1,1,0,0,1,0,0,0,1,0
4.386132313,1,1,1,1,1,1,1,0,1,0,0,0,1,0
4.386132375,1,1,1,1,1,1,0,0,1,0,0,0,1,0
4.386132437,1,1,1,1,1,1,1,0,1,0,0,0,1,0
4.386132563,1,1,1,1,1,1,1,1,1,0,0,0,1,0
4.386132625,1,1,1,1,1,1,1,0,1,0,0,0,1,0
4.386133000,1,1,1,1,1,1,1,1,1,0,0,0,1,0
4.386133062,1,1,1,1,1,1,0,0,1,0,0,0,1,0
4.386133125,1,1,1,1,1,1,1,1,1,0,0,0,1,0
4.386133187,1,1,1,1,1,1,1,0,1,0,0,0,1,0
4.386133250,1,1,1,1,1,1,1,1,1,0,0,0,1,0
4.386133313,1,1,1,1,1,1,0,0,1,0,0,0,1,0
4.386133375,1,1,1,1,1,1,1,0,1,0,0,0,1,0
4.386133625,1,1,1,1,1,1,0,0,1,0,0,0,1,0
4.386133688,1,1,1,1,1,1,1,0,1,0,0,0,1,0
4.386133750,1,1,1,1,1,1,1,1,1,0,0,0,1,0
4.386133812,1,1,1,1,1,1,1,0,1,0,0,0,1,0
4.386133875,1,1,1,1,1,1,1,1,1,0,0,0,1,0
4.386133938,1,1,1,1,1,1,1,0,1,0,0,0,1,0
4.386134000,1,1,1,1,1,1,1,1,1,0,0,0,1,0
4.386134063,1,1,1,1,1,1,0,0,1,0,0,0,1,0
4.386134125,1,1,1,1,1,1,1,0,1,0,0,0,1,0
4.386134313,1,1,1,1,1,1,0,0,1,0,0,0,1,0
4.386134375,1,1,1,1,1,1,1,0,1,0,0,0,1,0
4.386134500,1,1,1,1,1,1,1,1,1,0,0,0,1,0
4.386134562,1,1,1,1,1,1,1,0,1,0,0,0,1,0
4.386134625,1,1,1,1,1,1,1,1,1,0,0,0,1,0
4.386134688,1,1,1,1,1,1,0,0,1,0,0,0,1,0
4.386134750,1,1,1,1,1,1,1,1,1,0,0,0,1,0
4.386134812,1,1,1,1,1,1,0,0,1,0,0,0,1,0
4.386134875,1,1,1,1,1,1,1,1,1,0,0,0,1,0
4.386134937,1,1,1,1,1,1,0,0,1,0,0,0,1,0
4.386135000,1,1,1,1,1,1,1,1,1,0,0,0,1,0
4.386135125,1,1,1,1,1,1,0,0,1,0,0,0,1,0
4.386135187,1,1,1,1,1,1,1,1,1,0,0,0,1,0
4.386135250,1,1,1,1,1,1,0,0,1,0,0,0,1,0
4.386135313,1,1,1,1,1,1,1,0,1,0,0,0,1,0
4.386135375,1,1,1,1,1,1,0,0,1,0,0,0,1,0
4.386135500,1,1,1,1,1,1,1,1,1,0,0,0,1,0
4.386135625,1,1,1,1,1,1,0,0,1,0,0,0,1,0
4.386135688,1,1,1,1,1,1,1,1,1,0,0,0,1,0
4.386135750,1,1,1,1,1,1,0,0,1,0,0,0,1,0
4.386135813,1,1,1,1,1,1,1,1,1,0,0,0,1,0
4.386135875,1,1,1,1,1,1,0,0,1,0,0,0,1,0
4.386135937,1,1,1,1,1,1,1,1,1,0,0,0,1,0
4.386136063,1,1,1,1,1,1,1,0,1,0,0,0,1,0
4.386136188,1,1,1,1,1,1,0,0,1,0,0,0,1,0
4.386136250,1,1,1,1,1,1,1,0,1,0,0,0,1,0
4.386136375,1,1,1,1,1,1,1,1,1,0,0,0,1,0
4.386136500,1,1,1,1,1,1,1,0,1,0,0,0,1,0
4.386136562,1,1,1,1,1,1,1,1,1,0,0,0,1,0
4.386136625,1,1,1,1,1,1,0,0,1,0,0,0,1,0
4.386136687,1,1,1,1,1,1,1,1,1,0,0,0,1,0
4.386136813,1,1,1,1,1,1,1,0,1,0,0,0,1,0
4.386137000,1,1,1,1,1,1,1,1,1,0,0,0,1,0
4.386137062,1,1,1,1,1,1,1,0,1,0,0,0,1,0
4.386137312,1,1,1,1,1,1,1,1,1,0,0,0,1,0
4.386137438,1,1,1,1,1,1,1,0,1,0,0,0,1,0
4.386137563,1,1,1,1,1,1,1,1,1,0,0,0,1,0
4.386137625,1,1,1,1,1,1,1,0,1,0,0,0,1,0
4.386137687,1,1,1,1,1,1,0,0,1,0,0,0,1,0
4.386137750,1,1,1,1,1,1,1,1,1,0,0,0,1,0
4.386138188,1,1,1,1,1,1,1,0,1,0,0,0,1,0
4.386138250,1,1,1,1,1,1,1,1,1,0,0,0,1,0
4.386138375,1,1,1,1,1,1,1,0,1,0,0,0,1,0
4.386138500,1,1,1,1,1,1,1,1,1,0,0,0,1,0
4.386138750,1,1,1,1,1,1,1,0,1,0,0,0,1,0
4.386138812,1,1,1,1,1,1,1,1,1,0,0,0,1,0
4.386138875,1,1,1,1,1,1,0,0,1,0,0,0,1,0
4.386138938,1,1,1,1,1,1,1,1,1,0,0,0,1,0
4.386139125,1,1,1,1,1,1,1,0,1,0,0,0,1,0
4.386139250,1,1,1,1,1,1,1,1,1,0,0,0,1,0
4.386139375,1,1,1,1,1,1,1,0,1,0,0,0,1,0
4.386139437,1,1,1,1,1,1,1,1,1,0,0,0,1,0
4.386139875,1,1,1,1,1,1,0,0,1,0,0,0,1,0
4.386139938,1,1,1,1,1,1,1,1,1,0,0,0,1,0
4.386140375,1,1,1,1,1,1,1,0,1,0,0,0,1,0
4.386140437,1,1,1,1,1,1,1,1,1,0,0,0,1,0
4.386141187,1,1,1,1,1,1,1,0,1,0,0,0,1,0
4.386141250,1,1,1,1,1,1,1,1,1,0,0,0,1,0
4.386141313,1,1,1,1,1,1,0,0,1,0,0,0,1,0
4.386141375,1,1,1,1,1,1,1,1,1,0,0,0,1,0
4.386141625,1,1,1,1,1,1,0,0,1,0,0,0,1,0
4.386141688,1,1,1,1,1,1,1,1,1,0,0,0,1,0
4.386141750,1,1,1,1,1,1,0,0,1,0,0,0,1,0
4.386141875,1,1,1,1,1,1,1,1,1,0,0,0,1,0
4.386142000,1,1,1,1,1,1,0,0,1,0,0,0,1,0
4.386142063,1,1,1,1,1,1,1,1,1,0,0,0,1,0
4.386142250,1,1,1,1,1,1,1,0,1,0,0,0,1,0
4.386142312,1,1,1,1,1,1,0,0,1,0,0,0,1,0
4.386142375,1,1,1,1,1,1,1,1,1,0,0,0,1,0
4.386142687,1,1,1,1,1,1,0,0,1,0,0,0,1,0
4.386142750,1,1,1,1,1,1,1,1,1,0,0,0,1,0
4.386142813,1,1,1,1,1,1,1,0,1,0,0,0,1,0
4.386142875,1,1,1,1,1,1,1,1,1,0,0,0,1,0
4.386143312,1,1,1,1,1,1,0,0,1,0,0,0,1,0
4.386143375,1,1,1,1,1,1,1,1,1,0,0,0,1,0
4.386143687,1,1,1,1,1,1,1,0,1,0,0,0,1,0
4.386143750,1,1,1,1,1,1,1,1,1,0,0,0,1,0
4.386143937,1,1,1,1,1,1,0,0,1,0,0,0,1,0
4.386144000,1,1,1,1,1,1,1,1,1,0,0,0,1,0
4.386144563,1,1,1,1,1,1,1,0,1,0,0,0,1,0
4.386144625,1,1,1,1,1,1,1,1,1,0,0,0,1,0
4.386145062,1,1,1,1,1,1,1,0,1,0,0,0,1,0
4.386145188,1,1,1,1,1,1,0,0,1,0,0,0,1,0
4.386145250,1,1,1,1,1,1,1,0,1,0,0,0,1,0
4.386145313,1,1,1,1,1,1,1,1,1,0,0,0,1,0
4.386145750,1,1,1,1,1,1,0,0,1,0,0,0,1,0
4.386145812,1,1,1,1,1,1,1,0,1,0,0,0,1,0
4.386145938,1,1,1,1,1,1,1,1,1,0,0,0,1,0
4.386146437,1,1,1,1,1,1,1,0,1,0,0,0,1,0
4.386146500,1,1,1,1,1,1,1,1,1,0,0,0,1,0
4.386146688,1,1,1,1,1,1,0,0,1,0,0,0,1,0
4.386146750,1,1,1,1,1,1,1,1,1,0,0,0,1,0
4.386147187,1,1,1,1,1,1,1,0,1,0,0,0,1,0
4.386147250,1,1,1,1,1,1,1,1,1,0,0,0,1,0
4.386147375,1,1,1,1,1,1,0,0,1,0,0,0,1,0
4.386147438,1,1,1,1,1,1,1,1,1,0,0,0,1,0
4.386147625,1,1,1,1,1,1,0,0,1,0,0,0,1,0
4.386147688,1,1,1,1,1,1,1,1,1,0,0,0,1,0
4.386147875,1,1,1,1,1,1,1,0,1,0,0,0,1,0
4.386147937,1,1,1,1,1,1,1,1,1,0,0,0,1,0
4.386148063,1,1,1,1,1,1,1,0,1,0,0,0,1,0
4.386148125,1,1,1,1,1,1,1,1,1,0,0,0,1,0
4.386148250,1,1,1,1,1,1,0,0,1,0,0,0,1,0
4.386148312,1,1,1,1,1,1,1,1,1,0,0,0,1,0
4.386148500,1,1,1,1,1,1,0,0,1,0,0,0,1,0
4.386148562,1,1,1,1,1,1,1,1,1,0,0,0,1,0
4.386148875,1,1,1,1,1,1,0,0,1,0,0,0,1,0
4.386148937,1,1,1,1,1,1,1,1,1,0,0,0,1,0
4.386149125,1,1,1,1,1,1,0,0,1,0,0,0,1,0
4.386149312,1,1,1,1,1,1,1,1,1,0,0,0,1,0
4.386149438,1,1,1,1,1,1,0,0,1,0,0,0,1,0
4.386149500,1,1,1,1,1,1,1,1,1,0,0,0,1,0
4.386149562,1,1,1,1,1,1,1,0,1,0,0,0,1,0
4.386149625,1,1,1,1,1,1,1,1,1,0,0,0,1,0
4.386149813,1,1,1,1,1,1,1,0,1,0,0,0,1,0
4.386149875,1,1,1,1,1,1,1,1,1,0,0,0,1,0
4.386150062,1,1,1,1,1,1,1,0,1,0,0,0,1,0
4.386150125,1,1,1,1,1,1,0,0,1,0,0,0,1,0
4.386150250,1,1,1,1,1,1,1,0,1,0,0,0,1,0
4.386150375,1,1,1,1,1,1,0,0,1,0,0,0,1,0
4.386150438,1,1,1,1,1,1,1,1,1,0,0,0,1,0
4.386150750,1,1,1,1,1,1,0,0,1,0,0,0,1,0
4.386150813,1,1,1,1,1,1,1,0,1,0,0,0,1,0
4.386150875,1,1,1,1,1,1,0,0,1,0,0,0,1,0
4.386150938,1,1,1,1,1,1,1,1,1,0,0,0,1,0
4.386151062,1,1,1,1,1,1,0,0,1,0,0,0,1,0
4.386151125,1,1,1,1,1,1,1,1,1,0,0,0,1,0
4.386151188,1,1,1,1,1,1,0,0,1,0,0,0,1,0
4.386151250,1,1,1,1,1,1,1,1,1,0,0,0,1,0
4.386151313,1,1,1,1,1,1,0,0,1,0,0,0,1,0
4.386151375,1,1,1,1,1,1,1,1,1,0,0,0,1,0
4.386151437,1,1,1,1,1,1,0,0,1,0,0,0,1,0
4.386151563,1,1,1,1,1,1,1,1,1,0,0,0,1,0
4.386151625,1,1,1,1,1,1,0,0,1,0,0,0,1,0
4.386151687,1,1,1,1,1,1,1,1,1,0,0,0,1,0
4.386151812,1,1,1,1,1,1,0,0,1,0,0,0,1,0
4.386151875,1,1,1,1,1,1,1,1,1,0,0,0,1,0
4.386152250,1,1,1,1,1,1,1,0,1,0,0,0,1,0
4.386152313,1,1,1,1,1,1,1,1,1,0,0,0,1,0
4.386152375,1,1,1,1,1,1,0,0,1,0,0,0,1,0
4.386152437,1,1,1,1,1,1,1,0,1,0,0,0,1,0
4.386152500,1,1,1,1,1,1,1,1,1,0,0,0,1,0
4.386152875,1,1,1,1,1,1,1,0,1,0,0,0,1,0
4.386152938,1,1,1,1,1,1,1,1,1,0,0,0,1,0
4.386153000,1,1,1,1,1,1,1,0,1,0,0,0,1,0
4.386153125,1,1,1,1,1,1,1,1,1,0,0,0,1,0
4.386153625,1,1,1,1,1,1,1,0,1,0,0,0,1,0
4.386153688,1,1,1,1,1,1,0,0,1,0,0,0,1,0
4.386153750,1,1,1,1,1,1,1,1,1,0,0,0,1,0
4.386154375,1,1,1,1,1,1,1,0,1,0,0,0,1,0
4.386154438,1,1,1,1,1,1,1,1,1,0,0,0,1,0
4.386154688,1,1,1,1,1,1,1,0,1,0,0,0,1,0
4.386154750,1,1,1,1,1,1,1,1,1,0,0,0,1,0
4.386155438,1,1,1,1,1,1,1,0,1,0,0,0,1,0
4.386155562,1,1,1,1,1,1,1,1,1,0,0,0,1,0
4.386155625,1,1,1,1,1,1,0,0,1,0,0,0,1,0
4.386155687,1,1,1,1,1,1,1,1,1,0,0,0,1,0
4.386156188,1,1,1,1,1,1,1,0,1,0,0,0,1,0
4.386156250,1,1,1,1,1,1,1,1,1,0,0,0,1,0
4.386156438,1,1,1,1,1,1,1,0,1,0,0,0,1,0
4.386156500,1,1,1,1,1,1,1,1,1,0,0,0,1,0
4.386156625,1,1,1,1,1,1,0,0,1,0,0,0,1,0
4.386156687,1,1,1,1,1,1,1,0,1,0,0,0,1,0
4.386156750,1,1,1,1,1,1,1,1,1,0,0,0,1,0
4.386157188,1,1,1,1,1,1,1,0,1,0,0,0,1,0
4.386157250,1,1,1,1,1,1,1,1,1,0,0,0,1,0
4.386157875,1,1,1,1,1,1,1,0,1,0,0,0,1,0
4.386158000,1,1,1,1,1,1,1,1,1,0,0,0,1,0
4.386158188,1,1,1,1,1,1,1,0,1,0,0,0,1,0
4.386158250,1,1,1,1,1,1,1,1,1,0,0,0,1,0
4.386158563,1,1,1,1,1,1,1,0,1,0,0,0,1,0
4.386158625,1,1,1,1,1,1,1,1,1,0,0,0,1,0
4.386158938,1,1,1,1,1,1,1,0,1,0,0,0,1,0
4.386159000,1,1,1,1,1,1,1,1,1,0,0,0,1,0
4.386159187,1,1,1,1,1,1,1,0,1,0,0,0,1,0
4.386159250,1,1,1,1,1,1,1,1,1,0,0,0,1,0
4.386159375,1,1,1,1,1,1,1,0,1,0,0,0,1,0
4.386159437,1,1,1,1,1,1,1,1,1,0,0,0,1,0
4.386159812,1,1,1,1,1,1,1,0,1,0,0,0,1,0
4.386159875,1,1,1,1,1,1,0,0,1,0,0,0,1,0
4.386160313,1,1,1,1,1,1,1,1,1,0,0,0,1,0
4.386160937,1,1,1,1,1,1,1,0,1,0,0,0,1,0
4.386161063,1,1,1,1,1,1,1,1,1,0,0,0,1,0
4.386161187,1,1,1,1,1,1,1,0,1,0,0,0,1,0
4.386161250,1,1,1,1,1,1,1,1,1,0,0,0,1,0
4.386161750,1,1,1,1,1,1,1,0,1,0,0,0,1,0
4.386161813,1,1,1,1,1,1,1,1,1,0,0,0,1,0
4.386161937,1,1,1,1,1,1,0,0,1,0,0,0,1,0
4.386162000,1,1,1,1,1,1,1,1,1,0,0,0,1,0
4.386162438,1,1,1,1,1,1,0,0,1,0,0,0,1,0
4.386162500,1,1,1,1,1,1,1,1,1,0,0,0,1,0
4.386163188,1,1,1,1,1,1,1,0,1,0,0,0,1,0
4.386163250,1,1,1,1,1,1,1,1,1,0,0,0,1,0
4.386164375,1,1,1,1,1,1,1,0,1,0,0,0,1,0
4.386164437,1,1,1,1,1,1,1,1,1,0,0,0,1,0
4.386165125,1,1,1,1,1,1,1,0,1,0,0,0,1,0
4.386165187,1,1,1,1,1,1,1,1,1,0,0,0,1,0
4.386167250,1,1,1,1,1,1,0,0,1,0,0,0,1,0
4.386167312,1,1,1,1,1,1,1,1,1,0,0,0,1,0
4.386167375,1,1,1,1,1,1,0,0,1,0,0,0,1,0
4.386167438,1,1,1,1,1,1,1,1,1,0,0,0,1,0
4.386167500,1,1,1,1,1,1,0,0,1,0,0,0,1,0
4.386167562,1,1,1,1,1,1,1,1,1,0,0,0,1,0
4.386167688,1,1,1,1,1,1,0,0,1,0,0,0,1,0
4.386167750,1,1,1,1,1,1,1,1,1,0,0,0,1,0
4.386167813,1,1,1,1,1,1,0,0,1,0,0,0,1,0
4.386167875,1,1,1,1,1,1,1,1,1,0,0,0,1,0
4.386168312,1,1,1,1,1,1,1,0,1,0,0,0,1,0
4.386168375,1,1,1,1,1,1,1,1,1,0,0,0,1,0
4.386168438,1,1,1,1,1,1,1,0,1,0,0,0,1,0
4.386168500,1,1,1,1,1,1,1,1,1,0,0,0,1,0
4.386170313,1,1,1,1,1,1,0,0,1,0,0,0,1,0
4.386170375,1,1,1,1,1,1,1,1,1,0,0,0,1,0
4.386172125,1,1,1,1,1,1,0,0,1,0,0,0,1,0
4.386172187,1,1,1,1,1,1,1,1,1,0,0,0,1,0
4.386174312,1,1,1,1,1,1,1,0,1,0,0,0,1,0
4.386174375,1,1,1,1,1,1,1,1,1,0,0,0,1,0
4.386175312,1,1,1,1,1,1,0,0,1,0,0,0,1,0
4.386175375,1,1,1,1,1,1,1,1,1,0,0,0,1,0
4.386177750,1,1,1,1,1,1,1,0,1,0,0,0,1,0
4.386177812,1,1,1,1,1,1,1,1,1,0,0,0,1,0
4.386178688,1,1,1,1,1,1,1,0,1,0,0,0,1,0
4.386178750,1,1,1,1,1,1,1,1,1,0,0,0,1,0
4.386179625,1,1,1,1,1,1,0,0,1,0,0,0,1,0
4.386179688,1,1,1,1,1,1,1,1,1,0,0,0,1,0
4.386180500,1,1,1,1,1,1,0,0,1,0,0,0,1,0
4.386180562,1,1,1,1,1,1,1,1,1,0,0,0,1,0
4.386181438,1,1,1,1,1,1,0,0,1,0,0,0,1,0
4.386181500,1,1,1,1,1,1,1,1,1,0,0,0,1,0
4.386182312,1,1,1,1,1,1,1,0,1,0,0,0,1,0
4.386182375,1,1,1,1,1,1,0,0,1,0,0,0,1,0
4.386182437,1,1,1,1,1,1,1,1,1,0,0,0,1,0
4.386183313,1,1,1,1,1,1,0,0,1,0,0,0,1,0
4.386183375,1,1,1,1,1,1,1,1,1,0,0,0,1,0
4.386183750,1,1,1,1,1,1,0,0,1,0,0,0,1,0
4.386183812,1,1,1,1,1,1,1,1,1,0,0,0,1,0
4.386183875,1,1,1,1,1,1,0,0,1,0,0,0,1,0
4.386183938,1,1,1,1,1,1,1,1,1,0,0,0,1,0
4.386184187,1,1,1,1,1,1,0,0,1,0,0,0,1,0
4.386184250,1,1,1,1,1,1,1,1,1,0,0,0,1,0
4.386188500,1,1,1,1,1,1,0,0,1,0,0,0,1,0
4.386188625,1,1,1,1,1,1,1,1,1,0,0,0,1,0
4.386189375,1,1,1,1,1,1,0,0,1,0,0,0,1,0
4.386189437,1,1,1,1,1,1,1,1,1,0,0,0,1,0
4.386192438,1,1,1,1,1,1,0,0,1,0,0,0,1,0
4.386192500,1,1,1,1,1,1,1,1,1,0,0,0,1,0
4.386196125,1,1,1,1,1,1,0,0,1,0,0,0,1,0
4.386196188,1,1,1,1,1,1,1,1,1,0,0,0,1,0
4.386200125,1,1,1,1,1,1,0,0,1,0,0,0,1,0
4.386200188,1,1,1,1,1,1,1,1,1,0,0,0,1,0
4.386200250,1,1,1,1,1,1,0,0,1,0,0,0,1,0
4.386200312,1,1,1,1,1,1,1,1,1,0,0,0,1,0
4.386200375,1,1,1,1,1,1,0,0,1,0,0,0,1,0
4.386200438,1,1,1,1,1,1,1,1,1,0,0,0,1,0
4.386200563,1,1,1,1,1,1,0,0,1,0,0,0,1,0
4.386200625,1,1,1,1,1,1,1,1,1,0,0,0,1,0
4.386200687,1,1,1,1,1,1,1,0,1,0,0,0,1,0
4.386200750,1,1,1,1,1,1,1,1,1,0,0,0,1,0
4.386200875,1,1,1,1,1,1,1,0,1,0,0,0,1,0
4.386200937,1,1,1,1,1,1,1,1,1,0,0,0,1,0
4.386201312,1,1,1,1,1,1,1,0,1,0,0,0,1,0
4.386201375,1,1,1,1,1,1,1,1,1,0,0,0,1,0
4.386201938,1,1,1,1,1,1,1,0,1,0,0,0,1,0
4.386202000,1,1,1,1,1,1,1,1,1,0,0,0,1,0
4.386202062,1,1,1,1,1,1,0,0,1,0,0,0,1,0
4.386202313,1,1,1,1,1,1,1,0,1,0,0,0,1,0
4.386202375,1,1,1,1,1,1,1,1,1,0,0,0,1,0
4.386203062,1,1,1,1,1,1,1,0,1,0,0,0,1,0
4.386203125,1,1,1,1,1,1,1,1,1,0,0,0,1,0
4.386206312,1,1,1,1,1,1,1,0,1,0,0,0,1,0
4.386206375,1,1,1,1,1,1,1,1,1,0,0,0,1,0
4.386207312,1,1,1,1,1,1,0,0,1,0,0,0,1,0
4.386207375,1,1,1,1,1,1,1,1,1,0,0,0,1,0
4.386209750,1,1,1,1,1,1,1,0,1,0,0,0,1,0
4.386209812,1,1,1,1,1,1,1,1,1,0,0,0,1,0
4.386210688,1,1,1,1,1,1,1,0,1,0,0,0,1,0
4.386210750,1,1,1,1,1,1,1,1,1,0,0,0,1,0
4.386211625,1,1,1,1,1,1,1,0,1,0,0,0,1,0
4.386211688,1,1,1,1,1,1,1,1,1,0,0,0,1,0
4.386212500,1,1,1,1,1,1,0,0,1,0,0,0,1,0
4.386212562,1,1,1,1,1,1,1,1,1,0,0,0,1,0
4.386213438,1,1,1,1,1,1,0,0,1,0,0,0,1,0
4.386213500,1,1,1,1,1,1,1,1,1,0,0,0,1,0
4.386214375,1,1,1,1,1,1,0,0,1,0,0,0,1,0
4.386214437,1,1,1,1,1,1,1,1,1,0,0,0,1,0
4.386215313,1,1,1,1,1,1,0,0,1,0,0,0,1,0
4.386215375,1,1,1,1,1,1,1,1,1,0,0,0,1,0
4.386216750,1,1,1,1,1,1,1,0,1,0,0,0,1,0
4.386216812,1,1,1,1,1,1,1,1,1,0,0,0,1,0
4.386222875,1,1,1,1,1,1,0,0,1,0,0,0,1,0
4.386222938,1,1,1,1,1,1,1,1,1,0,0,0,1,0
4.386232813,1,1,1,1,1,1,0,0,1,0,0,0,1,0
4.386232875,1,1,1,1,1,1,1,1,1,0,0,0,1,0
4.386232937,1,1,1,1,1,1,0,0,1,0,0,0,1,0
4.386233000,1,1,1,1,1,1,1,1,1,0,0,0,1,0
4.386233125,1,1,1,1,1,1,0,0,1,0,0,0,1,0
4.386233188,1,1,1,1,1,1,1,1,1,0,0,0,1,0
4.386238312,1,1,1,1,1,1,1,0,1,0,0,0,1,0
4.386238375,1,1,1,1,1,1,1,1,1,0,0,0,1,0
4.386239312,1,1,1,1,1,1,0,0,1,0,0,0,1,0
4.386239375,1,1,1,1,1,1,1,1,1,0,0,0,1,0
4.386241750,1,1,1,1,1,1,1,0,1,0,0,0,1,0
4.386241812,1,1,1,1,1,1,1,1,1,0,0,0,1,0
4.386242688,1,1,1,1,1,1,1,0,1,0,0,0,1,0
4.386242750,1,1,1,1,1,1,1,1,1,0,0,0,1,0
4.386243625,1,1,1,1,1,1,1,0,1,0,0,0,1,0
4.386243688,1,1,1,1,1,1,1,1,1,0,0,0,1,0
4.386244125,1,1,1,1,1,1,0,0,1,0,0,0,1,0
4.386244188,1,1,1,1,1,1,1,0,1,0,0,0,1,0
4.386244250,1,1,1,1,1,1,1,1,1,0,0,0,1,0
4.386244500,1,1,1,1,1,1,0,0,1,0,0,0,1,0
4.386244562,1,1,1,1,1,1,1,1,1,0,0,0,1,0
4.386245438,1,1,1,1,1,1,0,0,1,0,0,0,1,0
4.386245500,1,1,1,1,1,1,1,1,1,0,0,0,1,0
4.386246375,1,1,1,1,1,1,0,0,1,0,0,0,1,0
4.386246437,1,1,1,1,1,1,1,1,1,0,0,0,1,0
4.386247313,1,1,1,1,1,1,0,0,1,0,0,0,1,0
4.386247375,1,1,1,1,1,1,1,1,1,0,0,0,1,0
4.386271312,1,1,1,1,1,1,0,0,1,0,0,0,1,0
4.386271375,1,1,1,1,1,1,1,1,1,0,0,0,1,0
4.386273750,1,1,1,1,1,1,1,0,1,0,0,0,1,0
4.386273812,1,1,1,1,1,1,1,1,1,0,0,0,1,0
4.386276500,1,1,1,1,1,1,0,0,1,0,0,0,1,0
4.386276562,1,1,1,1,1,1,1,1,1,0,0,0,1,0
4.386277438,1,1,1,1,1,1,0,0,1,0,0,0,1,0
4.386277500,1,1,1,1,1,1,1,1,1,0,0,0,1,0
4.386278375,1,1,1,1,1,1,0,0,1,0,0,0,1,0
4.386278437,1,1,1,1,1,1,1,1,1,0,0,0,1,0
4.386279313,1,1,1,1,1,1,0,0,1,0,0,0,1,0
4.386279375,1,1,1,1,1,1,1,1,1,0,0,0,1,0
4.386286187,1,1,1,1,1,1,0,0,1,0,0,0,1,0
4.386286250,1,1,1,1,1,1,1,1,1,0,0,0,1,0
4.386303312,1,1,1,1,1,1,0,0,1,0,0,0,1,0
4.386303375,1,1,1,1,1,1,1,1,1,0,0,0,1,0
4.386308500,1,1,1,1,1,1,0,0,1,0,0,0,1,0
4.386308563,1,1,1,1,1,1,1,1,1,0,0,0,1,0
4.386309437,1,1,1,1,1,1,0,0,1,0,0,0,1,0
4.386309500,1,1,1,1,1,1,1,1,1,0,0,0,1,0
4.386310375,1,1,1,1,1,1,0,0,1,0,0,0,1,0
4.386310437,1,1,1,1,1,1,1,1,1,0,0,0,1,0
4.386311313,1,1,1,1,1,1,1,0,1,0,0,0,1,0
4.386311375,1,1,1,1,1,1,1,1,1,0,0,0,1,0
4.386335312,1,1,1,1,1,1,0,0,1,0,0,0,1,0
4.386335375,1,1,1,1,1,1,1,1,1,0,0,0,1,0
4.386340500,1,1,1,1,1,1,0,0,1,0,0,0,1,0
4.386340563,1,1,1,1,1,1,1,1,1,0,0,0,1,0
4.386341437,1,1,1,1,1,1,0,0,1,0,0,0,1,0
4.386341500,1,1,1,1,1,1,1,1,1,0,0,0,1,0
4.386342375,1,1,1,1,1,1,1,0,1,0,0,0,1,0
4.386342437,1,1,1,1,1,1,1,1,1,0,0,0,1,0
4.386343313,1,1,1,1,1,1,1,0,1,0,0,0,1,0
4.386343375,1,1,1,1,1,1,1,1,1,0,0,0,1,0
4.386346750,1,1,1,1,1,1,0,0,1,0,0,0,1,0
4.386346813,1,1,1,1,1,1,1,1,1,0,0,0,1,0
4.386367313,1,1,1,1,1,1,0,0,1,0,0,0,1,0
4.386367375,1,1,1,1,1,1,1,1,1,0,0,0,1,0
4.386372500,1,1,1,1,1,1,1,0,1,0,0,0,1,0
4.386372563,1,1,1,1,1,1,1,1,1,0,0,0,1,0
4.386374375,1,1,1,1,1,1,1,0,1,0,0,0,1,0
4.386374437,1,1,1,1,1,1,1,1,1,0,0,0,1,0
4.386660500,1,1,1,1,1,1,1,0,1,0,0,0,1,0
4.386660563,1,1,1,1,1,1,1,1,1,0,0,0,1,0
4.386688438,0,0,0,0,0,0,0,0,0,0,0,0,0,0
4.386688500,0,0,0,0,0,0,0,0,1,0,0,0,0,0
4.386688750,0,0,0,0,0,0,0,0,1,1,0,1,0,0
4.386693000,0,0,0,0,0,0,0,0,0,0,0,0,0,0
4.386693063,0,0,0,0,0,0,0,0,1,0,0,0,0,0
4.386693125,0,0,0,0,0,0,0,0,1,1,0,0,0,0
4.389554500,0,0,0,0,1,0,0,0,1,1,0,0,0,0
4.389603500,0,0,0,0,1,1,0,0,1,1,0,0,0,0
4.389747563,0,0,0,0,1,1,1,0,1,1,0,0,0,0
4.390303562,0,0,0,1,1,1,1,0,1,1,0,0,0,0
4.390361250,0,0,0,1,1,1,1,0,1,1,0,0,0,1
4.390365375,0,0,0,1,1,1,1,0,1,1,1,0,0,1
4.390426813,1,0,0,1,1,1,1,0,1,1,1,0,0,1
4.390819438,1,0,0,1,1,1,1,1,1,1,1,0,0,1
4.390916813,1,0,0,1,1,1,1,1,1,1,1,0,1,1
4.390917875,1,0,1,1,1,1,1,1,1,1,1,0,1,1
4.390924437,1,0,1,1,1,1,1,1,1,0,1,0,1,1
4.390928438,1,0,1,1,1,1,1,1,1,0,1,1,1,1
4.391041687,1,1,1,1,1,1,1,1,1,0,1,1,1,1
5.498548813,1,1,1,1,1,1,1,1,1,0,0,1,1,1
5.498680500,1,1,0,1,0,1,1,1,1,0,0,1,1,1
5.498683312,1,1,0,1,0,1,1,1,1,0,0,1,0,1
5.498687875,1,1,0,1,0,1,1,1,1,0,0,0,0,1
5.498740813,1,1,0,1,0,1,1,1,1,1,0,0,0,1
5.498741000,1,1,0,1,0,1,1,1,1,1,0,0,1,1
5.498744750,1,1,0,1,0,1,1,1,1,0,0,0,1,1
5.498746500,1,1,0,1,0,1,1,1,1,0,0,1,1,1
6.228098187,0,1,0,1,1,0,1,1,1,0,0,1,1,1
6.228101063,0,1,0,1,1,0,1,1,1,0,0,1,0,1
6.228107063,0,1,0,1,1,0,1,1,1,0,0,0,0,1
6.228162000,0,1,0,1,1,0,1,1,1,1,0,0,0,1
6.228162187,0,1,0,1,1,0,1,1,1,1,0,0,1,1
6.228166812,0,1,0,1,1,0,1,1,1,0,0,0,1,1
6.228168500,0,1,0,1,1,0,1,1,1,0,0,1,1,1
6.229334687,0,1,0,1,1,0,1,1,1,0,1,1,1,1
6.229365188,0,1,1,1,1,1,1,1,1,0,1,1,1,1
6.229368313,0,1,1,1,1,1,1,1,1,0,1,1,0,1
6.229371813,0,1,1,1,1,1,1,1,1,0,1,0,0,1
6.229408688,0,1,1,1,1,1,1,1,1,1,1,0,0,1
6.229408813,0,1,1,1,1,1,1,1,1,1,1,0,1,1
6.229409562,1,1,1,1,1,1,1,1,1,1,1,0,1,1
6.229412500,1,1,1,1,1,1,1,1,1,0,1,0,1,1
6.229414125,1,1,1,1,1,1,1,1,1,0,1,1,1,1
6.229414313,1,1,1,1,1,1,1,1,1,0,1,1,0,1
6.229448188,1,1,1,1,1,1,1,1,1,0,1,0,0,1
6.229473250,1,1,1,1,1,1,1,1,1,1,1,0,0,1
6.229473437,1,1,1,1,1,1,1,1,1,1,1,0,1,1
6.229477500,1,1,1,1,1,1,1,1,1,0,1,0,1,1
6.229478937,1,1,1,1,1,1,1,1,1,0,1,1,1,1
6.229479125,1,1,1,1,1,1,1,1,1,0,1,1,0,1
6.229561688,1,1,1,1,1,1,1,1,1,0,1,0,0,1
6.229591187,1,1,1,1,1,1,1,1,1,1,1,0,0,1
6.229591375,1,1,1,1,1,1,1,1,1,1,1,0,1,1
6.229595375,1,1,1,1,1,1,1,1,1,0,1,0,1,1
6.229596812,1,1,1,1,1,1,1,1,1,0,1,1,1,1
6.229596938,1,1,1,1,1,1,1,1,1,0,1,1,0,1
6.229610688,1,1,1,1,1,1,1,1,1,0,1,0,0,1
6.229631312,1,1,1,1,1,1,1,1,1,1,1,0,0,1
6.229631500,1,1,1,1,1,1,1,1,1,1,1,0,1,1
6.229634875,1,1,1,1,1,1,1,1,1,0,1,0,1,1
6.229636125,1,1,1,1,1,1,1,1,1,0,1,1,1,1
6.229636313,1,1,1,1,1,1,1,1,1,0,1,1,0,1
6.229640000,1,1,1,1,1,1,1,1,1,0,1,0,0,1
6.229655937,1,1,1,1,1,1,1,1,1,1,1,0,0,1
6.229656125,1,1,1,1,1,1,1,1,1,1,1,0,1,1
6.229659188,1,1,1,1,1,1,1,1,1,0,1,0,1,1
6.229660375,1,1,1,1,1,1,1,1,1,0,1,1,1,1
6.229660563,1,1,1,1,1,1,1,1,1,0,1,1,0,1
6.229672250,1,1,1,1,1,1,1,1,1,0,1,0,0,1
6.229689813,1,1,1,1,1,1,1,1,1,1,1,0,0,1
6.229689937,1,1,1,1,1,1,1,1,1,1,1,0,1,1
6.229693187,1,1,1,1,1,1,1,1,1,0,1,0,1,1
6.229694438,1,1,1,1,1,1,1,1,1,0,1,1,1,1
6.229694625,1,1,1,1,1,1,1,1,1,0,1,1,0,1
6.229698437,1,1,1,1,1,1,1,1,1,0,1,0,0,1
6.229716125,1,1,1,1,1,1,1,1,1,1,1,0,0,1
6.229716250,1,1,1,1,1,1,1,1,1,1,1,0,1,1
6.229716938,1,1,0,1,0,0,1,1,1,1,1,0,1,1
6.229719313,1,1,0,1,0,0,1,1,1,0,1,0,1,1
6.229720750,1,1,0,1,0,0,1,1,1,0,1,1,1,1
6.229720937,1,1,0,1,0,0,1,1,1,0,1,1,0,1
6.229724313,1,1,0,1,0,0,1,1,1,0,1,0,0,1
6.229739312,1,1,0,1,0,0,1,1,1,1,1,0,0,1
6.229739438,1,1,0,1,0,0,1,1,1,1,1,0,1,1
6.229740125,1,1,1,1,1,1,1,1,1,1,1,0,1,1
6.229742312,1,1,1,1,1,1,1,1,1,0,1,0,1,1
6.229743563,1,1,1,1,1,1,1,1,1,0,1,1,1,1
6.229743750,1,1,1,1,1,1,1,1,1,0,1,1,0,1
6.229747125,1,1,1,1,1,1,1,1,1,0,1,0,0,1
6.229762313,1,1,1,1,1,1,1,1,1,1,1,0,0,1
6.229762437,1,1,1,1,1,1,1,1,1,1,1,0,1,1
6.229765438,1,1,1,1,1,1,1,1,1,0,1,0,1,1
6.229766625,1,1,1,1,1,1,1,1,1,0,1,1,1,1
6.230829125,1,1,1,1,1,1,1,1,1,0,1,1,1,0
6.230832000,1,1,1,1,1,1,1,1,1,0,1,1,0,0
6.230844937,1,1,1,1,1,1,1,1,1,0,0,1,0,0
6.230845000,1,1,1,1,1,1,1,1,1,0,0,1,0,1
6.230845187,1,1,1,1,1,1,1,1,1,0,0,1,1,1
6.230868125,0,0,0,0,0,0,1,1,1,0,0,1,1,1
6.230871000,0,0,0,0,0,0,1,1,1,0,0,1,0,1
6.230875500,0,0,0,0,0,0,1,1,1,0,0,0,0,1
6.230910312,0,0,0,0,0,0,1,1,1,1,0,0,0,1
6.230910500,0,0,0,0,0,0,1,1,1,1,0,0,1,1
6.230914125,0,0,0,0,0,0,1,1,1,0,0,0,1,1
6.230915875,0,0,0,0,0,0,1,1,1,0,0,1,1,1
6.232716938,0,1,0,1,1,1,1,1,1,0,0,1,1,1
6.232717000,0,1,0,1,1,1,0,1,1,0,0,1,1,1
6.232719813,0,1,0,1,1,1,0,1,1,0,0,1,0,1
6.232740563,0,1,0,1,1,1,0,1,1,0,0,0,0,1
6.232776688,0,1,0,1,1,1,0,1,1,1,0,0,0,1
6.232776813,0,1,0,1,1,1,0,1,1,1,0,0,1,1
6.232781125,0,1,0,1,1,1,0,1,1,0,0,0,1,1
6.232783063,0,1,0,1,1,1,0,1,1,0,0,1,1,1
6.233892688,0,1,0,1,1,1,0,1,1,0,1,1,1,1
6.233892750,0,1,0,1,1,1,0,1,1,0,1,0,1,1
6.233892875,1,1,1,1,1,1,1,1,1,0,1,1,1,1
11.329300812,1,1,1,1,1,1,1,1,1,0,1,0,1,1
11.329301625,1,1,1,1,1,1,1,1,1,0,1,1,1,1
11.329716938,1,1,1,1,1,1,1,1,1,0,1,0,1,1
11.329717813,1,1,1,1,1,1,1,1,1,0,1,1,1,1
11.329720937,1,1,1,1,1,1,1,1,1,0,1,0,1,1
11.329721813,1,1,1,1,1,1,1,1,1,0,1,1,1,1
11.329724937,1,1,1,1,1,1,1,1,1,0,1,0,1,1
11.329725812,1,1,1,1,1,1,1,1,1,0,1,1,1,1
11.329728938,1,1,1,1,1,1,1,1,1,0,1,0,1,1
11.329729813,1,1,1,1,1,1,1,1,1,0,1,1,1,1
11.329733375,1,1,1,1,1,1,1,1,1,0,1,0,1,1
11.329734187,1,1,1,1,1,1,1,1,1,0,1,1,1,1
11.329737563,1,1,1,1,1,1,1,1,1,0,1,0,1,1
11.329738375,1,1,1,1,1,1,1,1,1,0,1,1,1,1
11.329741563,1,1,1,1,1,1,1,1,1,0,1,0,1,1
11.329742375,1,1,1,1,1,1,1,1,1,0,1,1,1,1
11.329745562,1,1,1,1,1,1,1,1,1,0,1,0,1,1
11.329746375,1,1,1,1,1,1,1,1,1,0,1,1,1,1
11.329749562,1,1,1,1,1,1,1,1,1,0,1,0,1,1
11.329750375,1,1,1,1,1,1,1,1,1,0,1,1,1,1
11.329753563,1,1,1,1,1,1,1,1,1,0,1,0,1,1
11.329754375,1,1,1,1,1,1,1,1,1,0,1,1,1,1
11.329757562,1,1,1,1,1,1,1,1,1,0,1,0,1,1
11.329758375,1,1,1,1,1,1,1,1,1,0,1,1,1,1
11.329761562,1,1,1,1,1,1,1,1,1,0,1,0,1,1
11.329762375,1,1,1,1,1,1,1,1,1,0,1,1,1,1
11.329765563,1,1,1,1,1,1,1,1,1,0,1,0,1,1
11.329766375,1,1,1,1,1,1,1,1,1,0,1,1,1,1
11.329769562,1,1,1,1,1,1,1,1,1,0,1,0,1,1
11.329770375,1,1,1,1,1,1,1,1,1,0,1,1,1,1
11.329773750,1,1,1,1,1,1,1,1,1,0,1,0,1,1
11.329774625,1,1,1,1,1,1,1,1,1,0,1,1,1,1
11.329778125,1,1,1,1,1,1,1,1,1,0,1,0,1,1
11.329779000,1,1,1,1,1,1,1,1,1,0,1,1,1,1
11.329782375,1,1,1,1,1,1,1,1,1,0,1,0,1,1
11.329783188,1,1,1,1,1,1,1,1,1,0,1,1,1,1
11.329786563,1,1,1,1,1,1,1,1,1,0,1,0,1,1
11.329787375,1,1,1,1,1,1,1,1,1,0,1,1,1,1
11.329790938,1,1,1,1,1,1,1,1,1,0,1,0,1,1
11.329791812,1,1,1,1,1,1,1,1,1,0,1,1,1,1
11.329795125,1,1,1,1,1,1,1,1,1,0,1,0,1,1
11.329796000,1,1,1,1,1,1,1,1,1,0,1,1,1,1
11.329799313,1,1,1,1,1,1,1,1,1,0,1,0,1,1
11.329800188,1,1,1,1,1,1,1,1,1,0,1,1,1,1
11.329803313,1,1,1,1,1,1,1,1,1,0,1,0,1,1
11.329804188,1,1,1,1,1,1,1,1,1,0,1,1,1,1
11.329807312,1,1,1,1,1,1,1,1,1,0,1,0,1,1
11.329808187,1,1,1,1,1,1,1,1,1,0,1,1,1,1
11.329811313,1,1,1,1,1,1,1,1,1,0,1,0,1,1
11.329812187,1,1,1,1,1,1,1,1,1,0,1,1,1,1
11.329815312,1,1,1,1,1,1,1,1,1,0,1,0,1,1
11.329816188,1,1,1,1,1,1,1,1,1,0,1,1,1,1
11.329819312,1,1,1,1,1,1,1,1,1,0,1,0,1,1
11.329820187,1,1,1,1,1,1,1,1,1,0,1,1,1,1
11.329823313,1,1,1,1,1,1,1,1,1,0,1,0,1,1
11.329824187,1,1,1,1,1,1,1,1,1,0,1,1,1,1
11.329827313,1,1,1,1,1,1,1,1,1,0,1,0,1,1
11.329828188,1,1,1,1,1,1,1,1,1,0,1,1,1,1
11.329831312,1,1,1,1,1,1,1,1,1,0,1,0,1,1
11.329832187,1,1,1,1,1,1,1,1,1,0,1,1,1,1
11.329835750,1,1,1,1,1,1,1,1,1,0,1,0,1,1
11.329836563,1,1,1,1,1,1,1,1,1,0,1,1,1,1
11.329839937,1,1,1,1,1,1,1,1,1,0,1,0,1,1
11.329840813,1,1,1,1,1,1,1,1,1,0,1,1,1,1
11.329844125,1,1,1,1,1,1,1,1,1,0,1,0,1,1
11.329845000,1,1,1,1,1,1,1,1,1,0,1,1,1,1
11.329848563,1,1,1,1,1,1,1,1,1,0,1,0,1,1
11.329849375,1,1,1,1,1,1,1,1,1,0,1,1,1,1
11.329852750,1,1,1,1,1,1,1,1,1,0,1,0,1,1
11.329853563,1,1,1,1,1,1,1,1,1,0,1,1,1,1
11.329856938,1,1,1,1,1,1,1,1,1,0,1,0,1,1
11.329857813,1,1,1,1,1,1,1,1,1,0,1,1,1,1
11.329861313,1,1,1,1,1,1,1,1,1,0,1,0,1,1
11.329862187,1,1,1,1,1,1,1,1,1,0,1,1,1,1
11.329865313,1,1,1,1,1,1,1,1,1,0,1,0,1,1
11.329866188,1,1,1,1,1,1,1,1,1,0,1,1,1,1
11.329869312,1,1,1,1,1,1,1,1,1,0,1,0,1,1
11.329870187,1,1,1,1,1,1,1,1,1,0,1,1,1,1
11.329873313,1,1,1,1,1,1,1,1,1,0,1,0,1,1
11.329874187,1,1,1,1,1,1,1,1,1,0,1,1,1,1
11.329877313,1,1,1,1,1,1,1,1,1,0,1,0,1,1
11.329878188,1,1,1,1,1,1,1,1,1,0,1,1,1,1
11.329881312,1,1,1,1,1,1,1,1,1,0,1,0,1,1
11.329882188,1,1,1,1,1,1,1,1,1,0,1,1,1,1
11.329885313,1,1,1,1,1,1,1,1,1,0,1,0,1,1
11.329886187,1,1,1,1,1,1,1,1,1,0,1,1,1,1
11.329889313,1,1,1,1,1,1,1,1,1,0,1,0,1,1
11.329890188,1,1,1,1,1,1,1,1,1,0,1,1,1,1
11.329893313,1,1,1,1,1,1,1,1,1,0,1,0,1,1
11.329894188,1,1,1,1,1,1,1,1,1,0,1,1,1,1
11.329897562,1,1,1,1,1,1,1,1,1,0,1,0,1,1
11.329898375,1,1,1,1,1,1,1,1,1,0,1,1,1,1
11.329901750,1,1,1,1,1,1,1,1,1,0,1,0,1,1
11.329902562,1,1,1,1,1,1,1,1,1,0,1,1,1,1
11.329906125,1,1,1,1,1,1,1,1,1,0,1,0,1,1
11.329907000,1,1,1,1,1,1,1,1,1,0,1,1,1,1
11.329910312,1,1,1,1,1,1,1,1,1,0,1,0,1,1
11.329911188,1,1,1,1,1,1,1,1,1,0,1,1,1,1
11.329914563,1,1,1,1,1,1,1,1,1,0,1,0,1,1
11.329915375,1,1,1,1,1,1,1,1,1,0,1,1,1,1
11.329918938,1,1,1,1,1,1,1,1,1,0,1,0,1,1
11.329919813,1,1,1,1,1,1,1,1,1,0,1,1,1,1
11.329923125,1,1,1,1,1,1,1,1,1,0,1,0,1,1
11.329924000,1,1,1,1,1,1,1,1,1,0,1,1,1,1
11.329944062,1,1,1,1,1,1,1,1,1,0,1,0,1,1
11.329944562,1,1,1,1,1,1,1,1,1,0,1,1,1,1
11.329961250,1,1,1,1,1,1,1,1,1,0,1,0,1,1
11.329961813,1,1,1,1,1,1,1,1,1,0,1,1,1,1
11.329978250,1,1,1,1,1,1,1,1,1,0,1,0,1,1
11.329978813,1,1,1,1,1,1,1,1,1,0,1,1,1,1
11.329995437,1,1,1,1,1,1,1,1,1,0,1,0,1,1
11.329996000,1,1,1,1,1,1,1,1,1,0,1,1,1,1
11.330012250,1,1,1,1,1,1,1,1,1,0,1,0,1,1
11.330012812,1,1,1,1,1,1,1,1,1,0,1,1,1,1
11.330029438,1,1,1,1,1,1,1,1,1,0,1,0,1,1
11.330030000,1,1,1,1,1,1,1,1,1,0,1,1,1,1
11.330046625,1,1,1,1,1,1,1,1,1,0,1,0,1,1
11.330047187,1,1,1,1,1,1,1,1,1,0,1,1,1,1
11.330063437,1,1,1,1,1,1,1,1,1,0,1,0,1,1
11.330064000,1,1,1,1,1,1,1,1,1,0,1,1,1,1
11.330080625,1,1,1,1,1,1,1,1,1,0,1,0,1,1
11.330081187,1,1,1,1,1,1,1,1,1,0,1,1,1,1
11.330097813,1,1,1,1,1,1,1,1,1,0,1,0,1,1
11.330098375,1,1,1,1,1,1,1,1,1,0,1,1,1,1
11.330114812,1,1,1,1,1,1,1,1,1,0,1,0,1,1
11.330115375,1,1,1,1,1,1,1,1,1,0,1,1,1,1
11.330131625,1,1,1,1,1,1,1,1,1,0,1,0,1,1
11.330132188,1,1,1,1,1,1,1,1,1,0,1,1,1,1
11.330149000,1,1,1,1,1,1,1,1,1,0,1,0,1,1
11.330149563,1,1,1,1,1,1,1,1,1,0,1,1,1,1
11.330166000,1,1,1,1,1,1,1,1,1,0,1,0,1,1
11.330166563,1,1,1,1,1,1,1,1,1,0,1,1,1,1
11.330183000,1,1,1,1,1,1,1,1,1,0,1,0,1,1
11.330183563,1,1,1,1,1,1,1,1,1,0,1,1,1,1
11.330199813,1,1,1,1,1,1,1,1,1,0,1,0,1,1
11.330200375,1,1,1,1,1,1,1,1,1,0,1,1,1,1
11.330216625,1,1,1,1,1,1,1,1,1,0,1,0,1,1
11.330217188,1,1,1,1,1,1,1,1,1,0,1,1,1,1
11.330233438,1,1,1,1,1,1,1,1,1,0,1,0,1,1
11.330233937,1,1,1,1,1,1,1,1,1,0,1,1,1,1
11.330250188,1,1,1,1,1,1,1,1,1,0,1,0,1,1
11.330250750,1,1,1,1,1,1,1,1,1,0,1,1,1,1
11.330267375,1,1,1,1,1,1,1,1,1,0,1,0,1,1
11.330267938,1,1,1,1,1,1,1,1,1,0,1,1,1,1
11.330284375,1,1,1,1,1,1,1,1,1,0,1,0,1,1
11.330284938,1,1,1,1,1,1,1,1,1,0,1,1,1,1
11.330301187,1,1,1,1,1,1,1,1,1,0,1,0,1,1
11.330301750,1,1,1,1,1,1,1,1,1,0,1,1,1,1
11.330318625,1,1,1,1,1,1,1,1,1,0,1,0,1,1
11.330319188,1,1,1,1,1,1,1,1,1,0,1,1,1,1
11.330335625,1,1,1,1,1,1,1,1,1,0,1,0,1,1
11.330336125,1,1,1,1,1,1,1,1,1,0,1,1,1,1
11.330352625,1,1,1,1,1,1,1,1,1,0,1,0,1,1
11.330353125,1,1,1,1,1,1,1,1,1,0,1,1,1,1
11.330369375,1,1,1,1,1,1,1,1,1,0,1,0,1,1
11.330369938,1,1,1,1,1,1,1,1,1,0,1,1,1,1
11.330386813,1,1,1,1,1,1,1,1,1,0,1,0,1,1
11.330387375,1,1,1,1,1,1,1,1,1,0,1,1,1,1
11.330403813,1,1,1,1,1,1,1,1,1,0,1,0,1,1
11.330404375,1,1,1,1,1,1,1,1,1,0,1,1,1,1
11.330421000,1,1,1,1,1,1,1,1,1,0,1,0,1,1
11.330421562,1,1,1,1,1,1,1,1,1,0,1,1,1,1
11.330437812,1,1,1,1,1,1,1,1,1,0,1,0,1,1
11.330438375,1,1,1,1,1,1,1,1,1,0,1,1,1,1
11.330455000,1,1,1,1,1,1,1,1,1,0,1,0,1,1
11.330455562,1,1,1,1,1,1,1,1,1,0,1,1,1,1
11.330472187,1,1,1,1,1,1,1,1,1,0,1,0,1,1
11.330472750,1,1,1,1,1,1,1,1,1,0,1,1,1,1
11.330489000,1,1,1,1,1,1,1,1,1,0,1,0,1,1
11.330489563,1,1,1,1,1,1,1,1,1,0,1,1,1,1
11.330506187,1,1,1,1,1,1,1,1,1,0,1,0,1,1
11.330506750,1,1,1,1,1,1,1,1,1,0,1,1,1,1
11.330523375,1,1,1,1,1,1,1,1,1,0,1,0,1,1
11.330523938,1,1,1,1,1,1,1,1,1,0,1,1,1,1
11.330540375,1,1,1,1,1,1,1,1,1,0,1,0,1,1
11.330540938,1,1,1,1,1,1,1,1,1,0,1,1,1,1
11.330557188,1,1,1,1,1,1,1,1,1,0,1,0,1,1
11.330557750,1,1,1,1,1,1,1,1,1,0,1,1,1,1
11.330574563,1,1,1,1,1,1,1,1,1,0,1,0,1,1
11.330575125,1,1,1,1,1,1,1,1,1,0,1,1,1,1
11.330591563,1,1,1,1,1,1,1,1,1,0,1,0,1,1
11.330592125,1,1,1,1,1,1,1,1,1,0,1,1,1,1
11.330608375,1,1,1,1,1,1,1,1,1,0,1,0,1,1
11.330608937,1,1,1,1,1,1,1,1,1,0,1,1,1,1
11.330625188,1,1,1,1,1,1,1,1,1,0,1,0,1,1
11.330625750,1,1,1,1,1,1,1,1,1,0,1,1,1,1
11.330642750,1,1,1,1,1,1,1,1,1,0,1,0,1,1
11.330643312,1,1,1,1,1,1,1,1,1,0,1,1,1,1
11.330659750,1,1,1,1,1,1,1,1,1,0,1,0,1,1
11.330660312,1,1,1,1,1,1,1,1,1,0,1,1,1,1
11.330676563,1,1,1,1,1,1,1,1,1,0,1,0,1,1
11.330677125,1,1,1,1,1,1,1,1,1,0,1,1,1,1
11.330693937,1,1,1,1,1,1,1,1,1,0,1,0,1,1
11.330694500,1,1,1,1,1,1,1,1,1,0,1,1,1,1
11.330710937,1,1,1,1,1,1,1,1,1,0,1,0,1,1
11.330711500,1,1,1,1,1,1,1,1,1,0,1,1,1,1
11.330728188,1,1,1,1,1,1,1,1,1,0,1,0,1,1
11.330728688,1,1,1,1,1,1,1,1,1,0,1,1,1,1
11.330744938,1,1,1,1,1,1,1,1,1,0,1,0,1,1
11.330745500,1,1,1,1,1,1,1,1,1,0,1,1,1,1
11.330762188,1,1,1,1,1,1,1,1,1,0,1,0,1,1
11.330762688,1,1,1,1,1,1,1,1,1,0,1,1,1,1
11.330779375,1,1,1,1,1,1,1,1,1,0,1,0,1,1
11.330779937,1,1,1,1,1,1,1,1,1,0,1,1,1,1
11.330796125,1,1,1,1,1,1,1,1,1,0,1,0,1,1
11.330796687,1,1,1,1,1,1,1,1,1,0,1,1,1,1
11.330813375,1,1,1,1,1,1,1,1,1,0,1,0,1,1
11.330813938,1,1,1,1,1,1,1,1,1,0,1,1,1,1
11.330830562,1,1,1,1,1,1,1,1,1,0,1,0,1,1
11.330831125,1,1,1,1,1,1,1,1,1,0,1,1,1,1
11.330847563,1,1,1,1,1,1,1,1,1,0,1,0,1,1
11.330848125,1,1,1,1,1,1,1,1,1,0,1,1,1,1
11.330864375,1,1,1,1,1,1,1,1,1,0,1,0,1,1
11.330864875,1,1,1,1,1,1,1,1,1,0,1,1,1,1
11.330881750,1,1,1,1,1,1,1,1,1,0,1,0,1,1
11.330882312,1,1,1,1,1,1,1,1,1,0,1,1,1,1
11.330898750,1,1,1,1,1,1,1,1,1,0,1,0,1,1
11.330899312,1,1,1,1,1,1,1,1,1,0,1,1,1,1
11.330915750,1,1,1,1,1,1,1,1,1,0,1,0,1,1
11.330916312,1,1,1,1,1,1,1,1,1,0,1,1,1,1
11.330932562,1,1,1,1,1,1,1,1,1,0,1,0,1,1
11.330933125,1,1,1,1,1,1,1,1,1,0,1,1,1,1
11.330949937,1,1,1,1,1,1,1,1,1,0,1,0,1,1
11.330950500,1,1,1,1,1,1,1,1,1,0,1,1,1,1
11.330966937,1,1,1,1,1,1,1,1,1,0,1,0,1,1
11.330967500,1,1,1,1,1,1,1,1,1,0,1,1,1,1
11.330983750,1,1,1,1,1,1,1,1,1,0,1,0,1,1
11.330984313,1,1,1,1,1,1,1,1,1,0,1,1,1,1
11.331000562,1,1,1,1,1,1,1,1,1,0,1,0,1,1
11.331001063,1,1,1,1,1,1,1,1,1,0,1,1,1,1
11.331017313,1,1,1,1,1,1,1,1,1,0,1,0,1,1
11.331017875,1,1,1,1,1,1,1,1,1,0,1,1,1,1
11.331034125,1,1,1,1,1,1,1,1,1,0,1,0,1,1
11.331034688,1,1,1,1,1,1,1,1,1,0,1,1,1,1
11.331050938,1,1,1,1,1,1,1,1,1,0,1,0,1,1
11.331051500,1,1,1,1,1,1,1,1,1,0,1,1,1,1
11.331067750,1,1,1,1,1,1,1,1,1,0,1,0,1,1
11.331068312,1,1,1,1,1,1,1,1,1,0,1,1,1,1
11.331084500,1,1,1,1,1,1,1,1,1,0,1,0,1,1
11.331085062,1,1,1,1,1,1,1,1,1,0,1,1,1,1
11.331101312,1,1,1,1,1,1,1,1,1,0,1,0,1,1
11.331101875,1,1,1,1,1,1,1,1,1,0,1,1,1,1
11.331118125,1,1,1,1,1,1,1,1,1,0,1,0,1,1
11.331118688,1,1,1,1,1,1,1,1,1,0,1,1,1,1
11.331135500,1,1,1,1,1,1,1,1,1,0,1,0,1,1
11.331136063,1,1,1,1,1,1,1,1,1,0,1,1,1,1
11.331152500,1,1,1,1,1,1,1,1,1,0,1,0,1,1
11.331153063,1,1,1,1,1,1,1,1,1,0,1,1,1,1
11.331169313,1,1,1,1,1,1,1,1,1,0,1,0,1,1
11.331169875,1,1,1,1,1,1,1,1,1,0,1,1,1,1
11.331186125,1,1,1,1,1,1,1,1,1,0,1,0,1,1
11.331186688,1,1,1,1,1,1,1,1,1,0,1,1,1,1
11.331202938,1,1,1,1,1,1,1,1,1,0,1,0,1,1
11.331203500,1,1,1,1,1,1,1,1,1,0,1,1,1,1
11.331219688,1,1,1,1,1,1,1,1,1,0,1,0,1,1
11.331220250,1,1,1,1,1,1,1,1,1,0,1,1,1,1
11.331236500,1,1,1,1,1,1,1,1,1,0,1,0,1,1
11.331237062,1,1,1,1,1,1,1,1,1,0,1,1,1,1
11.331253312,1,1,1,1,1,1,1,1,1,0,1,0,1,1
11.331253875,1,1,1,1,1,1,1,1,1,0,1,1,1,1
11.331270125,1,1,1,1,1,1,1,1,1,0,1,0,1,1
11.331270687,1,1,1,1,1,1,1,1,1,0,1,1,1,1
11.331286937,1,1,1,1,1,1,1,1,1,0,1,0,1,1
11.331287438,1,1,1,1,1,1,1,1,1,0,1,1,1,1
11.331303688,1,1,1,1,1,1,1,1,1,0,1,0,1,1
11.331304250,1,1,1,1,1,1,1,1,1,0,1,1,1,1
11.331321125,1,1,1,1,1,1,1,1,1,0,1,0,1,1
11.331321687,1,1,1,1,1,1,1,1,1,0,1,1,1,1
11.331338125,1,1,1,1,1,1,1,1,1,0,1,0,1,1
11.331338688,1,1,1,1,1,1,1,1,1,0,1,1,1,1
11.331354875,1,1,1,1,1,1,1,1,1,0,1,0,1,1
11.331355437,1,1,1,1,1,1,1,1,1,0,1,1,1,1
11.331371688,1,1,1,1,1,1,1,1,1,0,1,0,1,1
11.331372250,1,1,1,1,1,1,1,1,1,0,1,1,1,1
11.331388500,1,1,1,1,1,1,1,1,1,0,1,0,1,1
11.331389062,1,1,1,1,1,1,1,1,1,0,1,1,1,1
11.331405312,1,1,1,1,1,1,1,1,1,0,1,0,1,1
11.331405875,1,1,1,1,1,1,1,1,1,0,1,1,1,1
11.331422125,1,1,1,1,1,1,1,1,1,0,1,0,1,1
11.331422625,1,1,1,1,1,1,1,1,1,0,1,1,1,1
11.331438875,1,1,1,1,1,1,1,1,1,0,1,0,1,1
11.331439438,1,1,1,1,1,1,1,1,1,0,1,1,1,1
11.331455688,1,1,1,1,1,1,1,1,1,0,1,0,1,1
11.331456250,1,1,1,1,1,1,1,1,1,0,1,1,1,1
11.331472500,1,1,1,1,1,1,1,1,1,0,1,0,1,1
11.331473063,1,1,1,1,1,1,1,1,1,0,1,1,1,1
11.331489313,1,1,1,1,1,1,1,1,1,0,1,0,1,1
11.331489875,1,1,1,1,1,1,1,1,1,0,1,1,1,1
11.331506687,1,1,1,1,1,1,1,1,1,0,1,0,1,1
11.331507250,1,1,1,1,1,1,1,1,1,0,1,1,1,1
11.331523688,1,1,1,1,1,1,1,1,1,0,1,0,1,1
11.331524250,1,1,1,1,1,1,1,1,1,0,1,1,1,1
11.331540500,1,1,1,1,1,1,1,1,1,0,1,0,1,1
11.331541062,1,1,1,1,1,1,1,1,1,0,1,1,1,1
11.331557312,1,1,1,1,1,1,1,1,1,0,1,0,1,1
11.331557812,1,1,1,1,1,1,1,1,1,0,1,1,1,1
11.331574062,1,1,1,1,1,1,1,1,1,0,1,0,1,1
11.331574625,1,1,1,1,1,1,1,1,1,0,1,1,1,1
11.331590875,1,1,1,1,1,1,1,1,1,0,1,0,1,1
11.331591437,1,1,1,1,1,1,1,1,1,0,1,1,1,1
11.331607688,1,1,1,1,1,1,1,1,1,0,1,0,1,1
11.331608250,1,1,1,1,1,1,1,1,1,0,1,1,1,1
11.331624500,1,1,1,1,1,1,1,1,1,0,1,0,1,1
11.331625063,1,1,1,1,1,1,1,1,1,0,1,1,1,1
11.331641250,1,1,1,1,1,1,1,1,1,0,1,0,1,1
11.331641812,1,1,1,1,1,1,1,1,1,0,1,1,1,1
11.331658063,1,1,1,1,1,1,1,1,1,0,1,0,1,1
11.331658625,1,1,1,1,1,1,1,1,1,0,1,1,1,1
11.331674875,1,1,1,1,1,1,1,1,1,0,1,0,1,1
11.331675437,1,1,1,1,1,1,1,1,1,0,1,1,1,1
11.331692250,1,1,1,1,1,1,1,1,1,0,1,0,1,1
11.331692813,1,1,1,1,1,1,1,1,1,0,1,1,1,1
11.331709250,1,1,1,1,1,1,1,1,1,0,1,0,1,1
11.331709812,1,1,1,1,1,1,1,1,1,0,1,1,1,1
11.331726062,1,1,1,1,1,1,1,1,1,0,1,0,1,1
11.331726625,1,1,1,1,1,1,1,1,1,0,1,1,1,1
11.331742875,1,1,1,1,1,1,1,1,1,0,1,0,1,1
11.331743438,1,1,1,1,1,1,1,1,1,0,1,1,1,1
11.331759687,1,1,1,1,1,1,1,1,1,0,1,0,1,1
11.331760250,1,1,1,1,1,1,1,1,1,0,1,1,1,1
11.331776438,1,1,1,1,1,1,1,1,1,0,1,0,1,1
11.331777000,1,1,1,1,1,1,1,1,1,0,1,1,1,1
11.331793250,1,1,1,1,1,1,1,1,1,0,1,0,1,1
11.331793813,1,1,1,1,1,1,1,1,1,0,1,1,1,1
11.331810063,1,1,1,1,1,1,1,1,1,0,1,0,1,1
11.331810625,1,1,1,1,1,1,1,1,1,0,1,1,1,1
11.331826875,1,1,1,1,1,1,1,1,1,0,1,0,1,1
11.331827437,1,1,1,1,1,1,1,1,1,0,1,1,1,1
11.331843687,1,1,1,1,1,1,1,1,1,0,1,0,1,1
11.331844187,1,1,1,1,1,1,1,1,1,0,1,1,1,1
11.331860437,1,1,1,1,1,1,1,1,1,0,1,0,1,1
11.331861000,1,1,1,1,1,1,1,1,1,0,1,1,1,1
11.331877875,1,1,1,1,1,1,1,1,1,0,1,0,1,1
11.331878438,1,1,1,1,1,1,1,1,1,0,1,1,1,1
11.331894875,1,1,1,1,1,1,1,1,1,0,1,0,1,1
11.331895375,1,1,1,1,1,1,1,1,1,0,1,1,1,1
11.331911625,1,1,1,1,1,1,1,1,1,0,1,0,1,1
11.331912250,1,1,1,1,1,1,1,1,1,0,1,1,1,1
11.331928438,1,1,1,1,1,1,1,1,1,0,1,0,1,1
11.331929000,1,1,1,1,1,1,1,1,1,0,1,1,1,1
11.331945250,1,1,1,1,1,1,1,1,1,0,1,0,1,1
11.331945813,1,1,1,1,1,1,1,1,1,0,1,1,1,1
11.331962063,1,1,1,1,1,1,1,1,1,0,1,0,1,1
11.331962625,1,1,1,1,1,1,1,1,1,0,1,1,1,1
11.331978875,1,1,1,1,1,1,1,1,1,0,1,0,1,1
11.331979375,1,1,1,1,1,1,1,1,1,0,1,1,1,1
11.331995625,1,1,1,1,1,1,1,1,1,0,1,0,1,1
11.331996187,1,1,1,1,1,1,1,1,1,0,1,1,1,1
11.332012437,1,1,1,1,1,1,1,1,1,0,1,0,1,1
11.332013000,1,1,1,1,1,1,1,1,1,0,1,1,1,1
11.332029250,1,1,1,1,1,1,1,1,1,0,1,0,1,1
11.332029813,1,1,1,1,1,1,1,1,1,0,1,1,1,1
11.332046062,1,1,1,1,1,1,1,1,1,0,1,0,1,1
11.332046625,1,1,1,1,1,1,1,1,1,0,1,1,1,1
11.332063438,1,1,1,1,1,1,1,1,1,0,1,0,1,1
11.332064000,1,1,1,1,1,1,1,1,1,0,1,1,1,1
11.332080438,1,1,1,1,1,1,1,1,1,0,1,0,1,1
11.332081000,1,1,1,1,1,1,1,1,1,0,1,1,1,1
11.332097250,1,1,1,1,1,1,1,1,1,0,1,0,1,1
11.332097750,1,1,1,1,1,1,1,1,1,0,1,1,1,1
11.332114063,1,1,1,1,1,1,1,1,1,0,1,0,1,1
11.332114625,1,1,1,1,1,1,1,1,1,0,1,1,1,1
11.332130813,1,1,1,1,1,1,1,1,1,0,1,0,1,1
11.332131375,1,1,1,1,1,1,1,1,1,0,1,1,1,1
11.332147625,1,1,1,1,1,1,1,1,1,0,1,0,1,1
11.332148187,1,1,1,1,1,1,1,1,1,0,1,1,1,1
11.332164437,1,1,1,1,1,1,1,1,1,0,1,0,1,1
11.332165000,1,1,1,1,1,1,1,1,1,0,1,1,1,1
11.332181250,1,1,1,1,1,1,1,1,1,0,1,0,1,1
11.332181813,1,1,1,1,1,1,1,1,1,0,1,1,1,1
11.332198000,1,1,1,1,1,1,1,1,1,0,1,0,1,1
11.332198563,1,1,1,1,1,1,1,1,1,0,1,1,1,1
11.332214813,1,1,1,1,1,1,1,1,1,0,1,0,1,1
11.332215375,1,1,1,1,1,1,1,1,1,0,1,1,1,1
11.332231625,1,1,1,1,1,1,1,1,1,0,1,0,1,1
11.332232188,1,1,1,1,1,1,1,1,1,0,1,1,1,1
11.332249000,1,1,1,1,1,1,1,1,1,0,1,0,1,1
11.332249625,1,1,1,1,1,1,1,1,1,0,1,1,1,1
11.332266000,1,1,1,1,1,1,1,1,1,0,1,0,1,1
11.332266562,1,1,1,1,1,1,1,1,1,0,1,1,1,1
11.332282813,1,1,1,1,1,1,1,1,1,0,1,0,1,1
11.332283375,1,1,1,1,1,1,1,1,1,0,1,1,1,1
11.332299625,1,1,1,1,1,1,1,1,1,0,1,0,1,1
11.332300187,1,1,1,1,1,1,1,1,1,0,1,1,1,1
11.332316437,1,1,1,1,1,1,1,1,1,0,1,0,1,1
11.332317000,1,1,1,1,1,1,1,1,1,0,1,1,1,1
11.332333187,1,1,1,1,1,1,1,1,1,0,1,0,1,1
11.332333750,1,1,1,1,1,1,1,1,1,0,1,1,1,1
11.332350000,1,1,1,1,1,1,1,1,1,0,1,0,1,1
11.332350563,1,1,1,1,1,1,1,1,1,0,1,1,1,1
11.332366813,1,1,1,1,1,1,1,1,1,0,1,0,1,1
11.332367375,1,1,1,1,1,1,1,1,1,0,1,1,1,1
11.332383625,1,1,1,1,1,1,1,1,1,0,1,0,1,1
11.332384188,1,1,1,1,1,1,1,1,1,0,1,1,1,1
11.332400438,1,1,1,1,1,1,1,1,1,0,1,0,1,1
11.332400937,1,1,1,1,1,1,1,1,1,0,1,1,1,1
11.332417188,1,1,1,1,1,1,1,1,1,0,1,0,1,1
11.332417750,1,1,1,1,1,1,1,1,1,0,1,1,1,1
11.332434625,1,1,1,1,1,1,1,1,1,0,1,0,1,1
11.332435125,1,1,1,1,1,1,1,1,1,0,1,1,1,1
11.332451625,1,1,1,1,1,1,1,1,1,0,1,0,1,1
11.332452187,1,1,1,1,1,1,1,1,1,0,1,1,1,1
11.332468375,1,1,1,1,1,1,1,1,1,0,1,0,1,1
11.332468937,1,1,1,1,1,1,1,1,1,0,1,1,1,1
11.332485187,1,1,1,1,1,1,1,1,1,0,1,0,1,1
11.332485750,1,1,1,1,1,1,1,1,1,0,1,1,1,1
11.332502000,1,1,1,1,1,1,1,1,1,0,1,0,1,1
11.332502563,1,1,1,1,1,1,1,1,1,0,1,1,1,1
11.332518813,1,1,1,1,1,1,1,1,1,0,1,0,1,1
11.332519375,1,1,1,1,1,1,1,1,1,0,1,1,1,1
11.332535625,1,1,1,1,1,1,1,1,1,0,1,0,1,1
11.332536125,1,1,1,1,1,1,1,1,1,0,1,1,1,1
11.332552375,1,1,1,1,1,1,1,1,1,0,1,0,1,1
11.332552937,1,1,1,1,1,1,1,1,1,0,1,1,1,1
11.332569188,1,1,1,1,1,1,1,1,1,0,1,0,1,1
11.332569750,1,1,1,1,1,1,1,1,1,0,1,1,1,1
11.332586000,1,1,1,1,1,1,1,1,1,0,1,0,1,1
11.332586562,1,1,1,1,1,1,1,1,1,0,1,1,1,1
11.332602812,1,1,1,1,1,1,1,1,1,0,1,0,1,1
11.332603375,1,1,1,1,1,1,1,1,1,0,1,1,1,1
11.332620187,1,1,1,1,1,1,1,1,1,0,1,0,1,1
11.332620750,1,1,1,1,1,1,1,1,1,0,1,1,1,1
11.332637187,1,1,1,1,1,1,1,1,1,0,1,0,1,1
11.332637688,1,1,1,1,1,1,1,1,1,0,1,1,1,1
11.332637750,1,1,1,1,1,1,1,1,1,0,1,0,1,1
11.332637812,1,1,1,1,1,1,1,1,1,0,1,1,1,1
11.332654000,1,1,1,1,1,1,1,1,1,0,1,0,1,1
11.332654563,1,1,1,1,1,1,1,1,1,0,1,1,1,1
11.332670812,1,1,1,1,1,1,1,1,1,0,1,0,1,1
11.332671313,1,1,1,1,1,1,1,1,1,0,1,1,1,1
11.332687563,1,1,1,1,1,1,1,1,1,0,1,0,1,1
11.332688125,1,1,1,1,1,1,1,1,1,0,1,1,1,1
11.332704375,1,1,1,1,1,1,1,1,1,0,1,0,1,1
11.332704938,1,1,1,1,1,1,1,1,1,0,1,1,1,1
11.332721188,1,1,1,1,1,1,1,1,1,0,1,0,1,1
11.332721750,1,1,1,1,1,1,1,1,1,0,1,1,1,1
11.332738000,1,1,1,1,1,1,1,1,1,0,1,0,1,1
11.332738562,1,1,1,1,1,1,1,1,1,0,1,1,1,1
11.332754750,1,1,1,1,1,1,1,1,1,0,1,0,1,1
11.332755312,1,1,1,1,1,1,1,1,1,0,1,1,1,1
11.332771562,1,1,1,1,1,1,1,1,1,0,1,0,1,1
11.332772125,1,1,1,1,1,1,1,1,1,0,1,1,1,1
11.332788375,1,1,1,1,1,1,1,1,1,0,1,0,1,1
11.332788938,1,1,1,1,1,1,1,1,1,0,1,1,1,1
11.332805750,1,1,1,1,1,1,1,1,1,0,1,0,1,1
11.332806313,1,1,1,1,1,1,1,1,1,0,1,1,1,1
11.332822750,1,1,1,1,1,1,1,1,1,0,1,0,1,1
11.332823313,1,1,1,1,1,1,1,1,1,0,1,1,1,1
11.332839563,1,1,1,1,1,1,1,1,1,0,1,0,1,1
11.332840125,1,1,1,1,1,1,1,1,1,0,1,1,1,1
11.332856375,1,1,1,1,1,1,1,1,1,0,1,0,1,1
11.332856938,1,1,1,1,1,1,1,1,1,0,1,1,1,1
11.332873188,1,1,1,1,1,1,1,1,1,0,1,0,1,1
11.332873750,1,1,1,1,1,1,1,1,1,0,1,1,1,1
11.332889938,1,1,1,1,1,1,1,1,1,0,1,0,1,1
11.332890562,1,1,1,1,1,1,1,1,1,0,1,1,1,1
11.332906750,1,1,1,1,1,1,1,1,1,0,1,0,1,1
11.332907312,1,1,1,1,1,1,1,1,1,0,1,1,1,1
11.332923562,1,1,1,1,1,1,1,1,1,0,1,0,1,1
11.332924125,1,1,1,1,1,1,1,1,1,0,1,1,1,1
11.332940375,1,1,1,1,1,1,1,1,1,0,1,0,1,1
11.332940938,1,1,1,1,1,1,1,1,1,0,1,1,1,1
11.332957187,1,1,1,1,1,1,1,1,1,0,1,0,1,1
11.332957688,1,1,1,1,1,1,1,1,1,0,1,1,1,1
11.332973938,1,1,1,1,1,1,1,1,1,0,1,0,1,1
11.332974500,1,1,1,1,1,1,1,1,1,0,1,1,1,1
11.332991375,1,1,1,1,1,1,1,1,1,0,1,0,1,1
11.332991937,1,1,1,1,1,1,1,1,1,0,1,1,1,1
11.333008375,1,1,1,1,1,1,1,1,1,0,1,0,1,1
11.333008938,1,1,1,1,1,1,1,1,1,0,1,1,1,1
11.333025125,1,1,1,1,1,1,1,1,1,0,1,0,1,1
11.333025687,1,1,1,1,1,1,1,1,1,0,1,1,1,1
11.333041938,1,1,1,1,1,1,1,1,1,0,1,0,1,1
11.333042500,1,1,1,1,1,1,1,1,1,0,1,1,1,1
11.333058750,1,1,1,1,1,1,1,1,1,0,1,0,1,1
11.333059312,1,1,1,1,1,1,1,1,1,0,1,1,1,1
11.333075562,1,1,1,1,1,1,1,1,1,0,1,0,1,1
11.333076125,1,1,1,1,1,1,1,1,1,0,1,1,1,1
11.333092375,1,1,1,1,1,1,1,1,1,0,1,0,1,1
11.333092875,1,1,1,1,1,1,1,1,1,0,1,1,1,1
11.333109125,1,1,1,1,1,1,1,1,1,0,1,0,1,1
11.333109688,1,1,1,1,1,1,1,1,1,0,1,1,1,1
11.333125938,1,1,1,1,1,1,1,1,1,0,1,0,1,1
11.333126500,1,1,1,1,1,1,1,1,1,0,1,1,1,1
11.333142750,1,1,1,1,1,1,1,1,1,0,1,0,1,1
11.333143313,1,1,1,1,1,1,1,1,1,0,1,1,1,1
11.333159563,1,1,1,1,1,1,1,1,1,0,1,0,1,1
11.333160062,1,1,1,1,1,1,1,1,1,0,1,1,1,1
11.333176937,1,1,1,1,1,1,1,1,1,0,1,0,1,1
11.333177500,1,1,1,1,1,1,1,1,1,0,1,1,1,1
11.333193938,1,1,1,1,1,1,1,1,1,0,1,0,1,1
11.333194500,1,1,1,1,1,1,1,1,1,0,1,1,1,1
11.333210750,1,1,1,1,1,1,1,1,1,0,1,0,1,1
11.333211312,1,1,1,1,1,1,1,1,1,0,1,1,1,1
11.333227562,1,1,1,1,1,1,1,1,1,0,1,0,1,1
11.333228062,1,1,1,1,1,1,1,1,1,0,1,1,1,1
11.333244312,1,1,1,1,1,1,1,1,1,0,1,0,1,1
11.333244875,1,1,1,1,1,1,1,1,1,0,1,1,1,1
11.333261125,1,1,1,1,1,1,1,1,1,0,1,0,1,1
11.333261688,1,1,1,1,1,1,1,1,1,0,1,1,1,1
11.333277938,1,1,1,1,1,1,1,1,1,0,1,0,1,1
11.333278500,1,1,1,1,1,1,1,1,1,0,1,1,1,1
11.333294750,1,1,1,1,1,1,1,1,1,0,1,0,1,1
11.333295313,1,1,1,1,1,1,1,1,1,0,1,1,1,1
11.333311500,1,1,1,1,1,1,1,1,1,0,1,0,1,1
11.333312062,1,1,1,1,1,1,1,1,1,0,1,1,1,1
11.333328313,1,1,1,1,1,1,1,1,1,0,1,0,1,1
11.333328875,1,1,1,1,1,1,1,1,1,0,1,1,1,1
11.333345125,1,1,1,1,1,1,1,1,1,0,1,0,1,1
11.333345687,1,1,1,1,1,1,1,1,1,0,1,1,1,1
11.333362500,1,1,1,1,1,1,1,1,1,0,1,0,1,1
11.333363063,1,1,1,1,1,1,1,1,1,0,1,1,1,1
11.333379500,1,1,1,1,1,1,1,1,1,0,1,0,1,1
11.333380062,1,1,1,1,1,1,1,1,1,0,1,1,1,1
11.333396312,1,1,1,1,1,1,1,1,1,0,1,0,1,1
11.333396875,1,1,1,1,1,1,1,1,1,0,1,1,1,1
11.333413125,1,1,1,1,1,1,1,1,1,0,1,0,1,1
11.333413688,1,1,1,1,1,1,1,1,1,0,1,1,1,1
11.333429938,1,1,1,1,1,1,1,1,1,0,1,0,1,1
11.333430500,1,1,1,1,1,1,1,1,1,0,1,1,1,1
11.333446688,1,1,1,1,1,1,1,1,1,0,1,0,1,1
11.333447250,1,1,1,1,1,1,1,1,1,0,1,1,1,1
11.333463500,1,1,1,1,1,1,1,1,1,0,1,0,1,1
11.333464062,1,1,1,1,1,1,1,1,1,0,1,1,1,1
11.333480312,1,1,1,1,1,1,1,1,1,0,1,0,1,1
11.333480875,1,1,1,1,1,1,1,1,1,0,1,1,1,1
11.333497125,1,1,1,1,1,1,1,1,1,0,1,0,1,1
11.333497687,1,1,1,1,1,1,1,1,1,0,1,1,1,1
11.333513937,1,1,1,1,1,1,1,1,1,0,1,0,1,1
11.333514437,1,1,1,1,1,1,1,1,1,0,1,1,1,1
11.333514500,1,1,1,1,1,1,1,1,1,0,1,0,1,1
11.333514563,1,1,1,1,1,1,1,1,1,0,1,1,1,1
11.333530687,1,1,1,1,1,1,1,1,1,0,1,0,1,1
11.333531250,1,1,1,1,1,1,1,1,1,0,1,1,1,1
11.333548125,1,1,1,1,1,1,1,1,1,0,1,0,1,1
11.333548625,1,1,1,1,1,1,1,1,1,0,1,1,1,1
11.333565125,1,1,1,1,1,1,1,1,1,0,1,0,1,1
11.333565688,1,1,1,1,1,1,1,1,1,0,1,1,1,1
11.333581875,1,1,1,1,1,1,1,1,1,0,1,0,1,1
11.333582438,1,1,1,1,1,1,1,1,1,0,1,1,1,1
11.333598688,1,1,1,1,1,1,1,1,1,0,1,0,1,1
11.333599250,1,1,1,1,1,1,1,1,1,0,1,1,1,1
11.333615500,1,1,1,1,1,1,1,1,1,0,1,0,1,1
11.333616063,1,1,1,1,1,1,1,1,1,0,1,1,1,1
11.333632313,1,1,1,1,1,1,1,1,1,0,1,0,1,1
11.333632875,1,1,1,1,1,1,1,1,1,0,1,1,1,1
11.333649125,1,1,1,1,1,1,1,1,1,0,1,0,1,1
11.333649625,1,1,1,1,1,1,1,1,1,0,1,1,1,1
11.333665875,1,1,1,1,1,1,1,1,1,0,1,0,1,1
11.333666437,1,1,1,1,1,1,1,1,1,0,1,1,1,1
11.333682687,1,1,1,1,1,1,1,1,1,0,1,0,1,1
11.333683250,1,1,1,1,1,1,1,1,1,0,1,1,1,1
11.333699500,1,1,1,1,1,1,1,1,1,0,1,0,1,1
11.333700063,1,1,1,1,1,1,1,1,1,0,1,1,1,1
11.333716313,1,1,1,1,1,1,1,1,1,0,1,0,1,1
11.333716875,1,1,1,1,1,1,1,1,1,0,1,1,1,1
11.333733688,1,1,1,1,1,1,1,1,1,0,1,0,1,1
11.333734250,1,1,1,1,1,1,1,1,1,0,1,1,1,1
11.333750688,1,1,1,1,1,1,1,1,1,0,1,0,1,1
11.333751250,1,1,1,1,1,1,1,1,1,0,1,1,1,1
11.333767500,1,1,1,1,1,1,1,1,1,0,1,0,1,1
11.333768063,1,1,1,1,1,1,1,1,1,0,1,1,1,1
11.333784313,1,1,1,1,1,1,1,1,1,0,1,0,1,1
11.333784812,1,1,1,1,1,1,1,1,1,0,1,1,1,1
11.333801062,1,1,1,1,1,1,1,1,1,0,1,0,1,1
11.333801625,1,1,1,1,1,1,1,1,1,0,1,1,1,1
11.333817875,1,1,1,1,1,1,1,1,1,0,1,0,1,1
11.333818437,1,1,1,1,1,1,1,1,1,0,1,1,1,1
11.333834687,1,1,1,1,1,1,1,1,1,0,1,0,1,1
11.333835250,1,1,1,1,1,1,1,1,1,0,1,1,1,1
11.333851500,1,1,1,1,1,1,1,1,1,0,1,0,1,1
11.333852063,1,1,1,1,1,1,1,1,1,0,1,1,1,1
11.333868250,1,1,1,1,1,1,1,1,1,0,1,0,1,1
11.333868813,1,1,1,1,1,1,1,1,1,0,1,1,1,1
11.333885063,1,1,1,1,1,1,1,1,1,0,1,0,1,1
11.333885625,1,1,1,1,1,1,1,1,1,0,1,1,1,1
11.333901875,1,1,1,1,1,1,1,1,1,0,1,0,1,1
11.333902438,1,1,1,1,1,1,1,1,1,0,1,1,1,1
11.333919250,1,1,1,1,1,1,1,1,1,0,1,0,1,1
11.333919812,1,1,1,1,1,1,1,1,1,0,1,1,1,1
11.333936250,1,1,1,1,1,1,1,1,1,0,1,0,1,1
11.333936812,1,1,1,1,1,1,1,1,1,0,1,1,1,1
11.333953062,1,1,1,1,1,1,1,1,1,0,1,0,1,1
11.333953625,1,1,1,1,1,1,1,1,1,0,1,1,1,1
11.333969875,1,1,1,1,1,1,1,1,1,0,1,0,1,1
11.333970437,1,1,1,1,1,1,1,1,1,0,1,1,1,1
11.333986687,1,1,1,1,1,1,1,1,1,0,1,0,1,1
11.333987250,1,1,1,1,1,1,1,1,1,0,1,1,1,1
11.334003437,1,1,1,1,1,1,1,1,1,0,1,0,1,1
11.334004000,1,1,1,1,1,1,1,1,1,0,1,1,1,1
11.334020250,1,1,1,1,1,1,1,1,1,0,1,0,1,1
11.334020813,1,1,1,1,1,1,1,1,1,0,1,1,1,1
11.334037063,1,1,1,1,1,1,1,1,1,0,1,0,1,1
11.334037625,1,1,1,1,1,1,1,1,1,0,1,1,1,1
11.334053875,1,1,1,1,1,1,1,1,1,0,1,0,1,1
11.334054438,1,1,1,1,1,1,1,1,1,0,1,1,1,1
11.334070625,1,1,1,1,1,1,1,1,1,0,1,0,1,1
11.334071187,1,1,1,1,1,1,1,1,1,0,1,1,1,1
11.334087437,1,1,1,1,1,1,1,1,1,0,1,0,1,1
11.334088000,1,1,1,1,1,1,1,1,1,0,1,1,1,1
11.334104875,1,1,1,1,1,1,1,1,1,0,1,0,1,1
11.334105437,1,1,1,1,1,1,1,1,1,0,1,1,1,1
11.334121875,1,1,1,1,1,1,1,1,1,0,1,0,1,1
11.334122437,1,1,1,1,1,1,1,1,1,0,1,1,1,1
11.334138625,1,1,1,1,1,1,1,1,1,0,1,0,1,1
11.334139188,1,1,1,1,1,1,1,1,1,0,1,1,1,1
11.334155437,1,1,1,1,1,1,1,1,1,0,1,0,1,1
11.334156000,1,1,1,1,1,1,1,1,1,0,1,1,1,1
11.334172250,1,1,1,1,1,1,1,1,1,0,1,0,1,1
11.334172813,1,1,1,1,1,1,1,1,1,0,1,1,1,1
11.334189063,1,1,1,1,1,1,1,1,1,0,1,0,1,1
11.334189625,1,1,1,1,1,1,1,1,1,0,1,1,1,1
11.334205875,1,1,1,1,1,1,1,1,1,0,1,0,1,1
11.334206375,1,1,1,1,1,1,1,1,1,0,1,1,1,1
11.334222625,1,1,1,1,1,1,1,1,1,0,1,0,1,1
11.334223187,1,1,1,1,1,1,1,1,1,0,1,1,1,1
11.334239438,1,1,1,1,1,1,1,1,1,0,1,0,1,1
11.334240000,1,1,1,1,1,1,1,1,1,0,1,1,1,1
11.334256250,1,1,1,1,1,1,1,1,1,0,1,0,1,1
11.334256812,1,1,1,1,1,1,1,1,1,0,1,1,1,1
11.334273062,1,1,1,1,1,1,1,1,1,0,1,0,1,1
11.334273562,1,1,1,1,1,1,1,1,1,0,1,1,1,1
11.334290437,1,1,1,1,1,1,1,1,1,0,1,0,1,1
11.334291000,1,1,1,1,1,1,1,1,1,0,1,1,1,1
11.334307437,1,1,1,1,1,1,1,1,1,0,1,0,1,1
11.334308000,1,1,1,1,1,1,1,1,1,0,1,1,1,1
11.334324250,1,1,1,1,1,1,1,1,1,0,1,0,1,1
11.334324813,1,1,1,1,1,1,1,1,1,0,1,1,1,1
11.334341063,1,1,1,1,1,1,1,1,1,0,1,0,1,1
11.334341625,1,1,1,1,1,1,1,1,1,0,1,1,1,1
11.334357813,1,1,1,1,1,1,1,1,1,0,1,0,1,1
11.334358375,1,1,1,1,1,1,1,1,1,0,1,1,1,1
11.334374625,1,1,1,1,1,1,1,1,1,0,1,0,1,1
11.334375187,1,1,1,1,1,1,1,1,1,0,1,1,1,1
11.334391438,1,1,1,1,1,1,1,1,1,0,1,0,1,1
11.334392000,1,1,1,1,1,1,1,1,1,0,1,1,1,1
11.334408250,1,1,1,1,1,1,1,1,1,0,1,0,1,1
11.334408750,1,1,1,1,1,1,1,1,1,0,1,1,1,1
11.334425000,1,1,1,1,1,1,1,1,1,0,1,0,1,1
11.334425562,1,1,1,1,1,1,1,1,1,0,1,1,1,1
11.334441812,1,1,1,1,1,1,1,1,1,0,1,0,1,1
11.334442375,1,1,1,1,1,1,1,1,1,0,1,1,1,1
11.334458625,1,1,1,1,1,1,1,1,1,0,1,0,1,1
11.334459188,1,1,1,1,1,1,1,1,1,0,1,1,1,1
11.334476000,1,1,1,1,1,1,1,1,1,0,1,0,1,1
11.334476563,1,1,1,1,1,1,1,1,1,0,1,1,1,1
11.334493000,1,1,1,1,1,1,1,1,1,0,1,0,1,1
11.334493563,1,1,1,1,1,1,1,1,1,0,1,1,1,1
11.334509813,1,1,1,1,1,1,1,1,1,0,1,0,1,1
11.334510375,1,1,1,1,1,1,1,1,1,0,1,1,1,1
11.334526625,1,1,1,1,1,1,1,1,1,0,1,0,1,1
11.334527188,1,1,1,1,1,1,1,1,1,0,1,1,1,1
11.334543438,1,1,1,1,1,1,1,1,1,0,1,0,1,1
11.334544000,1,1,1,1,1,1,1,1,1,0,1,1,1,1
11.334560187,1,1,1,1,1,1,1,1,1,0,1,0,1,1
11.334560750,1,1,1,1,1,1,1,1,1,0,1,1,1,1
11.334577000,1,1,1,1,1,1,1,1,1,0,1,0,1,1
11.334577562,1,1,1,1,1,1,1,1,1,0,1,1,1,1
11.334593812,1,1,1,1,1,1,1,1,1,0,1,0,1,1
11.334594375,1,1,1,1,1,1,1,1,1,0,1,1,1,1
11.334610625,1,1,1,1,1,1,1,1,1,0,1,0,1,1
11.334611188,1,1,1,1,1,1,1,1,1,0,1,1,1,1
11.334627375,1,1,1,1,1,1,1,1,1,0,1,0,1,1
11.334627938,1,1,1,1,1,1,1,1,1,0,1,1,1,1
11.334644188,1,1,1,1,1,1,1,1,1,0,1,0,1,1
11.334644750,1,1,1,1,1,1,1,1,1,0,1,1,1,1
11.334661625,1,1,1,1,1,1,1,1,1,0,1,0,1,1
11.334662187,1,1,1,1,1,1,1,1,1,0,1,1,1,1
11.334678625,1,1,1,1,1,1,1,1,1,0,1,0,1,1
11.334679188,1,1,1,1,1,1,1,1,1,0,1,1,1,1
11.334695375,1,1,1,1,1,1,1,1,1,0,1,0,1,1
11.334695937,1,1,1,1,1,1,1,1,1,0,1,1,1,1
11.334712187,1,1,1,1,1,1,1,1,1,0,1,0,1,1
11.334712750,1,1,1,1,1,1,1,1,1,0,1,1,1,1
11.334729000,1,1,1,1,1,1,1,1,1,0,1,0,1,1
11.334729562,1,1,1,1,1,1,1,1,1,0,1,1,1,1
11.334745812,1,1,1,1,1,1,1,1,1,0,1,0,1,1
11.334746375,1,1,1,1,1,1,1,1,1,0,1,1,1,1
11.334762562,1,1,1,1,1,1,1,1,1,0,1,0,1,1
11.334763125,1,1,1,1,1,1,1,1,1,0,1,1,1,1
11.334779375,1,1,1,1,1,1,1,1,1,0,1,0,1,1
11.334779938,1,1,1,1,1,1,1,1,1,0,1,1,1,1
11.334796188,1,1,1,1,1,1,1,1,1,0,1,0,1,1
11.334796750,1,1,1,1,1,1,1,1,1,0,1,1,1,1
11.334813000,1,1,1,1,1,1,1,1,1,0,1,0,1,1
11.334813563,1,1,1,1,1,1,1,1,1,0,1,1,1,1
11.334829813,1,1,1,1,1,1,1,1,1,0,1,0,1,1
11.334830312,1,1,1,1,1,1,1,1,1,0,1,1,1,1
11.334847187,1,1,1,1,1,1,1,1,1,0,1,0,1,1
11.334847750,1,1,1,1,1,1,1,1,1,0,1,1,1,1
11.334864187,1,1,1,1,1,1,1,1,1,0,1,0,1,1
11.334864750,1,1,1,1,1,1,1,1,1,0,1,1,1,1
11.334881000,1,1,1,1,1,1,1,1,1,0,1,0,1,1
11.334881562,1,1,1,1,1,1,1,1,1,0,1,1,1,1
11.334897750,1,1,1,1,1,1,1,1,1,0,1,0,1,1
11.334898313,1,1,1,1,1,1,1,1,1,0,1,1,1,1
11.334914562,1,1,1,1,1,1,1,1,1,0,1,0,1,1
11.334915125,1,1,1,1,1,1,1,1,1,0,1,1,1,1
11.334931375,1,1,1,1,1,1,1,1,1,0,1,0,1,1
11.334931938,1,1,1,1,1,1,1,1,1,0,1,1,1,1
11.334948188,1,1,1,1,1,1,1,1,1,0,1,0,1,1
11.334948750,1,1,1,1,1,1,1,1,1,0,1,1,1,1
11.334965000,1,1,1,1,1,1,1,1,1,0,1,0,1,1
11.334965500,1,1,1,1,1,1,1,1,1,0,1,1,1,1
11.334981750,1,1,1,1,1,1,1,1,1,0,1,0,1,1
11.334982312,1,1,1,1,1,1,1,1,1,0,1,1,1,1
11.334998562,1,1,1,1,1,1,1,1,1,0,1,0,1,1
11.334999125,1,1,1,1,1,1,1,1,1,0,1,1,1,1
11.335015375,1,1,1,1,1,1,1,1,1,0,1,0,1,1
11.335015937,1,1,1,1,1,1,1,1,1,0,1,1,1,1
11.335032750,1,1,1,1,1,1,1,1,1,0,1,0,1,1
11.335033313,1,1,1,1,1,1,1,1,1,0,1,1,1,1
11.335049750,1,1,1,1,1,1,1,1,1,0,1,0,1,1
11.335050312,1,1,1,1,1,1,1,1,1,0,1,1,1,1
11.335066562,1,1,1,1,1,1,1,1,1,0,1,0,1,1
11.335067125,1,1,1,1,1,1,1,1,1,0,1,1,1,1
11.335083375,1,1,1,1,1,1,1,1,1,0,1,0,1,1
11.335083938,1,1,1,1,1,1,1,1,1,0,1,1,1,1
11.335100188,1,1,1,1,1,1,1,1,1,0,1,0,1,1
11.335100688,1,1,1,1,1,1,1,1,1,0,1,1,1,1
11.335116938,1,1,1,1,1,1,1,1,1,0,1,0,1,1
11.335117500,1,1,1,1,1,1,1,1,1,0,1,1,1,1
11.335133750,1,1,1,1,1,1,1,1,1,0,1,0,1,1
11.335134312,1,1,1,1,1,1,1,1,1,0,1,1,1,1
11.335150563,1,1,1,1,1,1,1,1,1,0,1,0,1,1
11.335151125,1,1,1,1,1,1,1,1,1,0,1,1,1,1
11.335167375,1,1,1,1,1,1,1,1,1,0,1,0,1,1
11.335167937,1,1,1,1,1,1,1,1,1,0,1,1,1,1
11.335184125,1,1,1,1,1,1,1,1,1,0,1,0,1,1
11.335184687,1,1,1,1,1,1,1,1,1,0,1,1,1,1
11.335200937,1,1,1,1,1,1,1,1,1,0,1,0,1,1
11.335201500,1,1,1,1,1,1,1,1,1,0,1,1,1,1
11.335218375,1,1,1,1,1,1,1,1,1,0,1,0,1,1
11.335218938,1,1,1,1,1,1,1,1,1,0,1,1,1,1
11.335235375,1,1,1,1,1,1,1,1,1,0,1,0,1,1
11.335235875,1,1,1,1,1,1,1,1,1,0,1,1,1,1
11.335252125,1,1,1,1,1,1,1,1,1,0,1,0,1,1
11.335252688,1,1,1,1,1,1,1,1,1,0,1,1,1,1
11.335268938,1,1,1,1,1,1,1,1,1,0,1,0,1,1
11.335269500,1,1,1,1,1,1,1,1,1,0,1,1,1,1
11.335285750,1,1,1,1,1,1,1,1,1,0,1,0,1,1
11.335286312,1,1,1,1,1,1,1,1,1,0,1,1,1,1
11.335302563,1,1,1,1,1,1,1,1,1,0,1,0,1,1
11.335303125,1,1,1,1,1,1,1,1,1,0,1,1,1,1
11.335319312,1,1,1,1,1,1,1,1,1,0,1,0,1,1
11.335319875,1,1,1,1,1,1,1,1,1,0,1,1,1,1
11.335336125,1,1,1,1,1,1,1,1,1,0,1,0,1,1
11.335336687,1,1,1,1,1,1,1,1,1,0,1,1,1,1
11.335352937,1,1,1,1,1,1,1,1,1,0,1,0,1,1
11.335353500,1,1,1,1,1,1,1,1,1,0,1,1,1,1
11.335369750,1,1,1,1,1,1,1,1,1,0,1,0,1,1
11.335370313,1,1,1,1,1,1,1,1,1,0,1,1,1,1
11.335386563,1,1,1,1,1,1,1,1,1,0,1,0,1,1
11.335387063,1,1,1,1,1,1,1,1,1,0,1,1,1,1
11.335403938,1,1,1,1,1,1,1,1,1,0,1,0,1,1
11.335404500,1,1,1,1,1,1,1,1,1,0,1,1,1,1
11.335420938,1,1,1,1,1,1,1,1,1,0,1,0,1,1
11.335421500,1,1,1,1,1,1,1,1,1,0,1,1,1,1
11.335437750,1,1,1,1,1,1,1,1,1,0,1,0,1,1
11.335438312,1,1,1,1,1,1,1,1,1,0,1,1,1,1
11.335454500,1,1,1,1,1,1,1,1,1,0,1,0,1,1
11.335455062,1,1,1,1,1,1,1,1,1,0,1,1,1,1
11.335471312,1,1,1,1,1,1,1,1,1,0,1,0,1,1
11.335471875,1,1,1,1,1,1,1,1,1,0,1,1,1,1
11.335488125,1,1,1,1,1,1,1,1,1,0,1,0,1,1
11.335488687,1,1,1,1,1,1,1,1,1,0,1,1,1,1
11.335504937,1,1,1,1,1,1,1,1,1,0,1,0,1,1
11.335505500,1,1,1,1,1,1,1,1,1,0,1,1,1,1
11.335521750,1,1,1,1,1,1,1,1,1,0,1,0,1,1
11.335522250,1,1,1,1,1,1,1,1,1,0,1,1,1,1
11.335538500,1,1,1,1,1,1,1,1,1,0,1,0,1,1
11.335539063,1,1,1,1,1,1,1,1,1,0,1,1,1,1
11.335555313,1,1,1,1,1,1,1,1,1,0,1,0,1,1
11.335555875,1,1,1,1,1,1,1,1,1,0,1,1,1,1
11.335572125,1,1,1,1,1,1,1,1,1,0,1,0,1,1
11.335572688,1,1,1,1,1,1,1,1,1,0,1,1,1,1
11.335589500,1,1,1,1,1,1,1,1,1,0,1,0,1,1
11.335590062,1,1,1,1,1,1,1,1,1,0,1,1,1,1
11.335606500,1,1,1,1,1,1,1,1,1,0,1,0,1,1
11.335607062,1,1,1,1,1,1,1,1,1,0,1,1,1,1
11.335623312,1,1,1,1,1,1,1,1,1,0,1,0,1,1
11.335623875,1,1,1,1,1,1,1,1,1,0,1,1,1,1
11.335640125,1,1,1,1,1,1,1,1,1,0,1,0,1,1
11.335640687,1,1,1,1,1,1,1,1,1,0,1,1,1,1
11.335656937,1,1,1,1,1,1,1,1,1,0,1,0,1,1
11.335657438,1,1,1,1,1,1,1,1,1,0,1,1,1,1
11.335673687,1,1,1,1,1,1,1,1,1,0,1,0,1,1
11.335674250,1,1,1,1,1,1,1,1,1,0,1,1,1,1
11.335690500,1,1,1,1,1,1,1,1,1,0,1,0,1,1
11.335691063,1,1,1,1,1,1,1,1,1,0,1,1,1,1
11.335707313,1,1,1,1,1,1,1,1,1,0,1,0,1,1
11.335707875,1,1,1,1,1,1,1,1,1,0,1,1,1,1
11.335724125,1,1,1,1,1,1,1,1,1,0,1,0,1,1
11.335724688,1,1,1,1,1,1,1,1,1,0,1,1,1,1
11.335740875,1,1,1,1,1,1,1,1,1,0,1,0,1,1
11.335741437,1,1,1,1,1,1,1,1,1,0,1,1,1,1
11.335757687,1,1,1,1,1,1,1,1,1,0,1,0,1,1
11.335758250,1,1,1,1,1,1,1,1,1,0,1,1,1,1
11.335775125,1,1,1,1,1,1,1,1,1,0,1,0,1,1
11.335775687,1,1,1,1,1,1,1,1,1,0,1,1,1,1
11.335792125,1,1,1,1,1,1,1,1,1,0,1,0,1,1
11.335792625,1,1,1,1,1,1,1,1,1,0,1,1,1,1
11.335808875,1,1,1,1,1,1,1,1,1,0,1,0,1,1
11.335809438,1,1,1,1,1,1,1,1,1,0,1,1,1,1
11.335825687,1,1,1,1,1,1,1,1,1,0,1,0,1,1
11.335826250,1,1,1,1,1,1,1,1,1,0,1,1,1,1
11.335842500,1,1,1,1,1,1,1,1,1,0,1,0,1,1
11.335843063,1,1,1,1,1,1,1,1,1,0,1,1,1,1
11.335859313,1,1,1,1,1,1,1,1,1,0,1,0,1,1
11.335859875,1,1,1,1,1,1,1,1,1,0,1,1,1,1
11.335876063,1,1,1,1,1,1,1,1,1,0,1,0,1,1
11.335876625,1,1,1,1,1,1,1,1,1,0,1,1,1,1
11.335892875,1,1,1,1,1,1,1,1,1,0,1,0,1,1
11.335893437,1,1,1,1,1,1,1,1,1,0,1,1,1,1
11.335909687,1,1,1,1,1,1,1,1,1,0,1,0,1,1
11.335910250,1,1,1,1,1,1,1,1,1,0,1,1,1,1
11.335926500,1,1,1,1,1,1,1,1,1,0,1,0,1,1
11.335927062,1,1,1,1,1,1,1,1,1,0,1,1,1,1
11.335943312,1,1,1,1,1,1,1,1,1,0,1,0,1,1
11.335943813,1,1,1,1,1,1,1,1,1,0,1,1,1,1
11.335960688,1,1,1,1,1,1,1,1,1,0,1,0,1,1
11.335961250,1,1,1,1,1,1,1,1,1,0,1,1,1,1
11.335977688,1,1,1,1,1,1,1,1,1,0,1,0,1,1
11.335978250,1,1,1,1,1,1,1,1,1,0,1,1,1,1
11.335994500,1,1,1,1,1,1,1,1,1,0,1,0,1,1
11.335995063,1,1,1,1,1,1,1,1,1,0,1,1,1,1
11.336011250,1,1,1,1,1,1,1,1,1,0,1,0,1,1
11.336011813,1,1,1,1,1,1,1,1,1,0,1,1,1,1
11.336028063,1,1,1,1,1,1,1,1,1,0,1,0,1,1
11.336028625,1,1,1,1,1,1,1,1,1,0,1,1,1,1
11.336044875,1,1,1,1,1,1,1,1,1,0,1,0,1,1
11.336045437,1,1,1,1,1,1,1,1,1,0,1,1,1,1
11.336061688,1,1,1,1,1,1,1,1,1,0,1,0,1,1
11.336062250,1,1,1,1,1,1,1,1,1,0,1,1,1,1
11.336078500,1,1,1,1,1,1,1,1,1,0,1,0,1,1
11.336079000,1,1,1,1,1,1,1,1,1,0,1,1,1,1
11.336095250,1,1,1,1,1,1,1,1,1,0,1,0,1,1
11.336095812,1,1,1,1,1,1,1,1,1,0,1,1,1,1
11.336112062,1,1,1,1,1,1,1,1,1,0,1,0,1,1
11.336112625,1,1,1,1,1,1,1,1,1,0,1,1,1,1
11.336128875,1,1,1,1,1,1,1,1,1,0,1,0,1,1
11.336129438,1,1,1,1,1,1,1,1,1,0,1,1,1,1
11.336146250,1,1,1,1,1,1,1,1,1,0,1,0,1,1
11.336146812,1,1,1,1,1,1,1,1,1,0,1,1,1,1
11.336163250,1,1,1,1,1,1,1,1,1,0,1,0,1,1
11.336163813,1,1,1,1,1,1,1,1,1,0,1,1,1,1
11.336180063,1,1,1,1,1,1,1,1,1,0,1,0,1,1
11.336180625,1,1,1,1,1,1,1,1,1,0,1,1,1,1
11.336196875,1,1,1,1,1,1,1,1,1,0,1,0,1,1
11.336197437,1,1,1,1,1,1,1,1,1,0,1,1,1,1
11.336213688,1,1,1,1,1,1,1,1,1,0,1,0,1,1
11.336214187,1,1,1,1,1,1,1,1,1,0,1,1,1,1
11.336230437,1,1,1,1,1,1,1,1,1,0,1,0,1,1
11.336231000,1,1,1,1,1,1,1,1,1,0,1,1,1,1
11.336247250,1,1,1,1,1,1,1,1,1,0,1,0,1,1
11.336247812,1,1,1,1,1,1,1,1,1,0,1,1,1,1
11.336264062,1,1,1,1,1,1,1,1,1,0,1,0,1,1
11.336264625,1,1,1,1,1,1,1,1,1,0,1,1,1,1
11.336280875,1,1,1,1,1,1,1,1,1,0,1,0,1,1
11.336281438,1,1,1,1,1,1,1,1,1,0,1,1,1,1
11.336297625,1,1,1,1,1,1,1,1,1,0,1,0,1,1
11.336298188,1,1,1,1,1,1,1,1,1,0,1,1,1,1
11.336314438,1,1,1,1,1,1,1,1,1,0,1,0,1,1
11.336315000,1,1,1,1,1,1,1,1,1,0,1,1,1,1
11.336331875,1,1,1,1,1,1,1,1,1,0,1,0,1,1
11.336332375,1,1,1,1,1,1,1,1,1,0,1,1,1,1
11.336348875,1,1,1,1,1,1,1,1,1,0,1,0,1,1
11.336349375,1,1,1,1,1,1,1,1,1,0,1,1,1,1
11.336365625,1,1,1,1,1,1,1,1,1,0,1,0,1,1
11.336366187,1,1,1,1,1,1,1,1,1,0,1,1,1,1
11.336382437,1,1,1,1,1,1,1,1,1,0,1,0,1,1
11.336383000,1,1,1,1,1,1,1,1,1,0,1,1,1,1
11.336399250,1,1,1,1,1,1,1,1,1,0,1,0,1,1
11.336399812,1,1,1,1,1,1,1,1,1,0,1,1,1,1
11.336416062,1,1,1,1,1,1,1,1,1,0,1,0,1,1
11.336416625,1,1,1,1,1,1,1,1,1,0,1,1,1,1
11.336432813,1,1,1,1,1,1,1,1,1,0,1,0,1,1
11.336433375,1,1,1,1,1,1,1,1,1,0,1,1,1,1
11.336449625,1,1,1,1,1,1,1,1,1,0,1,0,1,1
11.336450188,1,1,1,1,1,1,1,1,1,0,1,1,1,1
11.336466438,1,1,1,1,1,1,1,1,1,0,1,0,1,1
11.336467000,1,1,1,1,1,1,1,1,1,0,1,1,1,1
11.336483250,1,1,1,1,1,1,1,1,1,0,1,0,1,1
11.336483812,1,1,1,1,1,1,1,1,1,0,1,1,1,1
11.336500063,1,1,1,1,1,1,1,1,1,0,1,0,1,1
11.336500562,1,1,1,1,1,1,1,1,1,0,1,1,1,1
11.336517437,1,1,1,1,1,1,1,1,1,0,1,0,1,1
11.336518000,1,1,1,1,1,1,1,1,1,0,1,1,1,1
11.336534437,1,1,1,1,1,1,1,1,1,0,1,0,1,1
11.336535000,1,1,1,1,1,1,1,1,1,0,1,1,1,1
11.336551250,1,1,1,1,1,1,1,1,1,0,1,0,1,1
11.336551812,1,1,1,1,1,1,1,1,1,0,1,1,1,1
11.336568000,1,1,1,1,1,1,1,1,1,0,1,0,1,1
11.336568563,1,1,1,1,1,1,1,1,1,0,1,1,1,1
11.336584812,1,1,1,1,1,1,1,1,1,0,1,0,1,1
11.336585375,1,1,1,1,1,1,1,1,1,0,1,1,1,1
11.336601625,1,1,1,1,1,1,1,1,1,0,1,0,1,1
11.336602188,1,1,1,1,1,1,1,1,1,0,1,1,1,1
11.336618438,1,1,1,1,1,1,1,1,1,0,1,0,1,1
11.336619000,1,1,1,1,1,1,1,1,1,0,1,1,1,1
11.336635250,1,1,1,1,1,1,1,1,1,0,1,0,1,1
11.336635750,1,1,1,1,1,1,1,1,1,0,1,1,1,1
11.336652000,1,1,1,1,1,1,1,1,1,0,1,0,1,1
11.336652562,1,1,1,1,1,1,1,1,1,0,1,1,1,1
11.336668812,1,1,1,1,1,1,1,1,1,0,1,0,1,1
11.336669375,1,1,1,1,1,1,1,1,1,0,1,1,1,1
11.336685625,1,1,1,1,1,1,1,1,1,0,1,0,1,1
11.336686187,1,1,1,1,1,1,1,1,1,0,1,1,1,1
11.336703000,1,1,1,1,1,1,1,1,1,0,1,0,1,1
11.336703563,1,1,1,1,1,1,1,1,1,0,1,1,1,1
11.336720000,1,1,1,1,1,1,1,1,1,0,1,0,1,1
11.336720563,1,1,1,1,1,1,1,1,1,0,1,1,1,1
11.336736812,1,1,1,1,1,1,1,1,1,0,1,0,1,1
11.336737375,1,1,1,1,1,1,1,1,1,0,1,1,1,1
11.336753625,1,1,1,1,1,1,1,1,1,0,1,0,1,1
11.336754188,1,1,1,1,1,1,1,1,1,0,1,1,1,1
11.336770438,1,1,1,1,1,1,1,1,1,0,1,0,1,1
11.336770938,1,1,1,1,1,1,1,1,1,0,1,1,1,1
11.336787188,1,1,1,1,1,1,1,1,1,0,1,0,1,1
11.336787750,1,1,1,1,1,1,1,1,1,0,1,1,1,1
11.336804000,1,1,1,1,1,1,1,1,1,0,1,0,1,1
11.336804562,1,1,1,1,1,1,1,1,1,0,1,1,1,1
11.336820812,1,1,1,1,1,1,1,1,1,0,1,0,1,1
11.336821375,1,1,1,1,1,1,1,1,1,0,1,1,1,1
11.336837625,1,1,1,1,1,1,1,1,1,0,1,0,1,1
11.336838187,1,1,1,1,1,1,1,1,1,0,1,1,1,1
11.336854375,1,1,1,1,1,1,1,1,1,0,1,0,1,1
11.336854938,1,1,1,1,1,1,1,1,1,0,1,1,1,1
11.336871187,1,1,1,1,1,1,1,1,1,0,1,0,1,1
11.336871750,1,1,1,1,1,1,1,1,1,0,1,1,1,1
11.336888625,1,1,1,1,1,1,1,1,1,0,1,0,1,1
11.336889188,1,1,1,1,1,1,1,1,1,0,1,1,1,1
11.336905625,1,1,1,1,1,1,1,1,1,0,1,0,1,1
11.336906125,1,1,1,1,1,1,1,1,1,0,1,1,1,1
11.336922375,1,1,1,1,1,1,1,1,1,0,1,0,1,1
11.336922938,1,1,1,1,1,1,1,1,1,0,1,1,1,1
11.336939188,1,1,1,1,1,1,1,1,1,0,1,0,1,1
11.336939750,1,1,1,1,1,1,1,1,1,0,1,1,1,1
11.336956000,1,1,1,1,1,1,1,1,1,0,1,0,1,1
11.336956562,1,1,1,1,1,1,1,1,1,0,1,1,1,1
11.336972813,1,1,1,1,1,1,1,1,1,0,1,0,1,1
11.336973375,1,1,1,1,1,1,1,1,1,0,1,1,1,1
11.336989562,1,1,1,1,1,1,1,1,1,0,1,0,1,1
11.336990125,1,1,1,1,1,1,1,1,1,0,1,1,1,1
11.337006375,1,1,1,1,1,1,1,1,1,0,1,0,1,1
11.337006937,1,1,1,1,1,1,1,1,1,0,1,1,1,1
11.337023187,1,1,1,1,1,1,1,1,1,0,1,0,1,1
11.337023750,1,1,1,1,1,1,1,1,1,0,1,1,1,1
11.337040000,1,1,1,1,1,1,1,1,1,0,1,0,1,1
11.337040563,1,1,1,1,1,1,1,1,1,0,1,1,1,1
11.337056813,1,1,1,1,1,1,1,1,1,0,1,0,1,1
11.337057313,1,1,1,1,1,1,1,1,1,0,1,1,1,1
11.337074188,1,1,1,1,1,1,1,1,1,0,1,0,1,1
11.337074750,1,1,1,1,1,1,1,1,1,0,1,1,1,1
11.337091188,1,1,1,1,1,1,1,1,1,0,1,0,1,1
11.337091750,1,1,1,1,1,1,1,1,1,0,1,1,1,1
11.337108000,1,1,1,1,1,1,1,1,1,0,1,0,1,1
11.337108562,1,1,1,1,1,1,1,1,1,0,1,1,1,1
11.337124750,1,1,1,1,1,1,1,1,1,0,1,0,1,1
11.337125312,1,1,1,1,1,1,1,1,1,0,1,1,1,1
11.337141562,1,1,1,1,1,1,1,1,1,0,1,0,1,1
11.337142125,1,1,1,1,1,1,1,1,1,0,1,1,1,1
11.337158375,1,1,1,1,1,1,1,1,1,0,1,0,1,1
11.337158937,1,1,1,1,1,1,1,1,1,0,1,1,1,1
11.337175187,1,1,1,1,1,1,1,1,1,0,1,0,1,1
11.337175750,1,1,1,1,1,1,1,1,1,0,1,1,1,1
11.337192000,1,1,1,1,1,1,1,1,1,0,1,0,1,1
11.337192500,1,1,1,1,1,1,1,1,1,0,1,1,1,1
11.337208750,1,1,1,1,1,1,1,1,1,0,1,0,1,1
11.337209313,1,1,1,1,1,1,1,1,1,0,1,1,1,1
11.337225563,1,1,1,1,1,1,1,1,1,0,1,0,1,1
11.337226125,1,1,1,1,1,1,1,1,1,0,1,1,1,1
11.337242375,1,1,1,1,1,1,1,1,1,0,1,0,1,1
11.337242937,1,1,1,1,1,1,1,1,1,0,1,1,1,1
11.337259750,1,1,1,1,1,1,1,1,1,0,1,0,1,1
11.337260312,1,1,1,1,1,1,1,1,1,0,1,1,1,1
11.337276750,1,1,1,1,1,1,1,1,1,0,1,0,1,1
11.337277312,1,1,1,1,1,1,1,1,1,0,1,1,1,1
11.337293562,1,1,1,1,1,1,1,1,1,0,1,0,1,1
11.337294125,1,1,1,1,1,1,1,1,1,0,1,1,1,1
11.337310375,1,1,1,1,1,1,1,1,1,0,1,0,1,1
11.337310937,1,1,1,1,1,1,1,1,1,0,1,1,1,1
11.337327187,1,1,1,1,1,1,1,1,1,0,1,0,1,1
11.337327688,1,1,1,1,1,1,1,1,1,0,1,1,1,1
11.337343938,1,1,1,1,1,1,1,1,1,0,1,0,1,1
11.337344500,1,1,1,1,1,1,1,1,1,0,1,1,1,1
11.337360750,1,1,1,1,1,1,1,1,1,0,1,0,1,1
11.337361313,1,1,1,1,1,1,1,1,1,0,1,1,1,1
11.337377563,1,1,1,1,1,1,1,1,1,0,1,0,1,1
11.337378125,1,1,1,1,1,1,1,1,1,0,1,1,1,1
11.337394375,1,1,1,1,1,1,1,1,1,0,1,0,1,1
11.337394937,1,1,1,1,1,1,1,1,1,0,1,1,1,1
11.337411125,1,1,1,1,1,1,1,1,1,0,1,0,1,1
11.337411687,1,1,1,1,1,1,1,1,1,0,1,1,1,1
11.337427937,1,1,1,1,1,1,1,1,1,0,1,0,1,1
11.337428500,1,1,1,1,1,1,1,1,1,0,1,1,1,1
11.337445375,1,1,1,1,1,1,1,1,1,0,1,0,1,1
11.337445875,1,1,1,1,1,1,1,1,1,0,1,1,1,1
11.337462375,1,1,1,1,1,1,1,1,1,0,1,0,1,1
11.337462875,1,1,1,1,1,1,1,1,1,0,1,1,1,1
11.337479125,1,1,1,1,1,1,1,1,1,0,1,0,1,1
11.337479688,1,1,1,1,1,1,1,1,1,0,1,1,1,1
11.337495937,1,1,1,1,1,1,1,1,1,0,1,0,1,1
11.337496500,1,1,1,1,1,1,1,1,1,0,1,1,1,1
11.337512750,1,1,1,1,1,1,1,1,1,0,1,0,1,1
11.337513313,1,1,1,1,1,1,1,1,1,0,1,1,1,1
11.337529563,1,1,1,1,1,1,1,1,1,0,1,0,1,1
11.337530125,1,1,1,1,1,1,1,1,1,0,1,1,1,1
11.337546313,1,1,1,1,1,1,1,1,1,0,1,0,1,1
11.337546875,1,1,1,1,1,1,1,1,1,0,1,1,1,1
11.337563125,1,1,1,1,1,1,1,1,1,0,1,0,1,1
11.337563687,1,1,1,1,1,1,1,1,1,0,1,1,1,1
11.337579937,1,1,1,1,1,1,1,1,1,0,1,0,1,1
11.337580500,1,1,1,1,1,1,1,1,1,0,1,1,1,1
11.337596750,1,1,1,1,1,1,1,1,1,0,1,0,1,1
11.337597312,1,1,1,1,1,1,1,1,1,0,1,1,1,1
11.337613562,1,1,1,1,1,1,1,1,1,0,1,0,1,1
11.337614063,1,1,1,1,1,1,1,1,1,0,1,1,1,1
11.337630938,1,1,1,1,1,1,1,1,1,0,1,0,1,1
11.337631500,1,1,1,1,1,1,1,1,1,0,1,1,1,1
11.337647937,1,1,1,1,1,1,1,1,1,0,1,0,1,1
11.337648500,1,1,1,1,1,1,1,1,1,0,1,1,1,1
11.337664750,1,1,1,1,1,1,1,1,1,0,1,0,1,1
11.337665313,1,1,1,1,1,1,1,1,1,0,1,1,1,1
11.337681500,1,1,1,1,1,1,1,1,1,0,1,0,1,1
11.337682063,1,1,1,1,1,1,1,1,1,0,1,1,1,1
11.337698313,1,1,1,1,1,1,1,1,1,0,1,0,1,1
11.337698875,1,1,1,1,1,1,1,1,1,0,1,1,1,1
11.337715125,1,1,1,1,1,1,1,1,1,0,1,0,1,1
11.337715687,1,1,1,1,1,1,1,1,1,0,1,1,1,1
11.337731937,1,1,1,1,1,1,1,1,1,0,1,0,1,1
11.337732500,1,1,1,1,1,1,1,1,1,0,1,1,1,1
11.337748750,1,1,1,1,1,1,1,1,1,0,1,0,1,1
11.337749250,1,1,1,1,1,1,1,1,1,0,1,1,1,1
11.337765500,1,1,1,1,1,1,1,1,1,0,1,0,1,1
11.337766063,1,1,1,1,1,1,1,1,1,0,1,1,1,1
11.337782312,1,1,1,1,1,1,1,1,1,0,1,0,1,1
11.337782875,1,1,1,1,1,1,1,1,1,0,1,1,1,1
11.337799125,1,1,1,1,1,1,1,1,1,0,1,0,1,1
11.337799688,1,1,1,1,1,1,1,1,1,0,1,1,1,1
11.337816500,1,1,1,1,1,1,1,1,1,0,1,0,1,1
11.337817062,1,1,1,1,1,1,1,1,1,0,1,1,1,1
11.337833500,1,1,1,1,1,1,1,1,1,0,1,0,1,1
11.337834063,1,1,1,1,1,1,1,1,1,0,1,1,1,1
11.337850313,1,1,1,1,1,1,1,1,1,0,1,0,1,1
11.337850875,1,1,1,1,1,1,1,1,1,0,1,1,1,1
11.337867125,1,1,1,1,1,1,1,1,1,0,1,0,1,1
11.337867687,1,1,1,1,1,1,1,1,1,0,1,1,1,1
11.337883937,1,1,1,1,1,1,1,1,1,0,1,0,1,1
11.337884437,1,1,1,1,1,1,1,1,1,0,1,1,1,1
11.337900687,1,1,1,1,1,1,1,1,1,0,1,0,1,1
11.337901250,1,1,1,1,1,1,1,1,1,0,1,1,1,1
11.337917500,1,1,1,1,1,1,1,1,1,0,1,0,1,1
11.337918063,1,1,1,1,1,1,1,1,1,0,1,1,1,1
11.337934312,1,1,1,1,1,1,1,1,1,0,1,0,1,1
11.337934875,1,1,1,1,1,1,1,1,1,0,1,1,1,1
11.337951125,1,1,1,1,1,1,1,1,1,0,1,0,1,1
11.337951688,1,1,1,1,1,1,1,1,1,0,1,1,1,1
11.337967875,1,1,1,1,1,1,1,1,1,0,1,0,1,1
11.337968438,1,1,1,1,1,1,1,1,1,0,1,1,1,1
11.337984688,1,1,1,1,1,1,1,1,1,0,1,0,1,1
11.337985250,1,1,1,1,1,1,1,1,1,0,1,1,1,1
11.338002125,1,1,1,1,1,1,1,1,1,0,1,0,1,1
11.338002625,1,1,1,1,1,1,1,1,1,0,1,1,1,1
11.338019125,1,1,1,1,1,1,1,1,1,0,1,0,1,1
11.338019625,1,1,1,1,1,1,1,1,1,0,1,1,1,1
11.338035875,1,1,1,1,1,1,1,1,1,0,1,0,1,1
11.338036437,1,1,1,1,1,1,1,1,1,0,1,1,1,1
11.338052687,1,1,1,1,1,1,1,1,1,0,1,0,1,1
11.338053250,1,1,1,1,1,1,1,1,1,0,1,1,1,1
11.338069500,1,1,1,1,1,1,1,1,1,0,1,0,1,1
11.338070062,1,1,1,1,1,1,1,1,1,0,1,1,1,1
11.338086312,1,1,1,1,1,1,1,1,1,0,1,0,1,1
11.338086875,1,1,1,1,1,1,1,1,1,0,1,1,1,1
11.338103063,1,1,1,1,1,1,1,1,1,0,1,0,1,1
11.338103625,1,1,1,1,1,1,1,1,1,0,1,1,1,1
11.338119875,1,1,1,1,1,1,1,1,1,0,1,0,1,1
11.338120437,1,1,1,1,1,1,1,1,1,0,1,1,1,1
11.338136688,1,1,1,1,1,1,1,1,1,0,1,0,1,1
11.338137250,1,1,1,1,1,1,1,1,1,0,1,1,1,1
11.338153500,1,1,1,1,1,1,1,1,1,0,1,0,1,1
11.338154062,1,1,1,1,1,1,1,1,1,0,1,1,1,1
11.338170313,1,1,1,1,1,1,1,1,1,0,1,0,1,1
11.338170812,1,1,1,1,1,1,1,1,1,0,1,1,1,1
11.338187687,1,1,1,1,1,1,1,1,1,0,1,0,1,1
11.338188250,1,1,1,1,1,1,1,1,1,0,1,1,1,1
11.338204687,1,1,1,1,1,1,1,1,1,0,1,0,1,1
11.338205250,1,1,1,1,1,1,1,1,1,0,1,1,1,1
11.338221500,1,1,1,1,1,1,1,1,1,0,1,0,1,1
11.338222062,1,1,1,1,1,1,1,1,1,0,1,1,1,1
11.338238250,1,1,1,1,1,1,1,1,1,0,1,0,1,1
11.338238813,1,1,1,1,1,1,1,1,1,0,1,1,1,1
11.338255063,1,1,1,1,1,1,1,1,1,0,1,0,1,1
11.338255625,1,1,1,1,1,1,1,1,1,0,1,1,1,1
11.338271875,1,1,1,1,1,1,1,1,1,0,1,0,1,1
11.338272438,1,1,1,1,1,1,1,1,1,0,1,1,1,1
11.338288688,1,1,1,1,1,1,1,1,1,0,1,0,1,1
11.338289250,1,1,1,1,1,1,1,1,1,0,1,1,1,1
11.338305500,1,1,1,1,1,1,1,1,1,0,1,0,1,1
11.338306000,1,1,1,1,1,1,1,1,1,0,1,1,1,1
11.338322250,1,1,1,1,1,1,1,1,1,0,1,0,1,1
11.338322812,1,1,1,1,1,1,1,1,1,0,1,1,1,1
11.338339062,1,1,1,1,1,1,1,1,1,0,1,0,1,1
11.338339625,1,1,1,1,1,1,1,1,1,0,1,1,1,1
11.338355875,1,1,1,1,1,1,1,1,1,0,1,0,1,1
11.338356437,1,1,1,1,1,1,1,1,1,0,1,1,1,1
11.338373250,1,1,1,1,1,1,1,1,1,0,1,0,1,1
11.338373813,1,1,1,1,1,1,1,1,1,0,1,1,1,1
11.338390250,1,1,1,1,1,1,1,1,1,0,1,0,1,1
11.338390813,1,1,1,1,1,1,1,1,1,0,1,1,1,1
11.338407062,1,1,1,1,1,1,1,1,1,0,1,0,1,1
11.338407625,1,1,1,1,1,1,1,1,1,0,1,1,1,1
11.338423875,1,1,1,1,1,1,1,1,1,0,1,0,1,1
11.338424438,1,1,1,1,1,1,1,1,1,0,1,1,1,1
11.338440688,1,1,1,1,1,1,1,1,1,0,1,0,1,1
11.338441188,1,1,1,1,1,1,1,1,1,0,1,1,1,1
11.338457438,1,1,1,1,1,1,1,1,1,0,1,0,1,1
11.338458000,1,1,1,1,1,1,1,1,1,0,1,1,1,1
11.338474250,1,1,1,1,1,1,1,1,1,0,1,0,1,1
11.338474812,1,1,1,1,1,1,1,1,1,0,1,1,1,1
11.338491062,1,1,1,1,1,1,1,1,1,0,1,0,1,1
11.338491625,1,1,1,1,1,1,1,1,1,0,1,1,1,1
11.338507875,1,1,1,1,1,1,1,1,1,0,1,0,1,1
11.338508375,1,1,1,1,1,1,1,1,1,0,1,1,1,1
11.338524625,1,1,1,1,1,1,1,1,1,0,1,0,1,1
11.338525188,1,1,1,1,1,1,1,1,1,0,1,1,1,1
11.338541437,1,1,1,1,1,1,1,1,1,0,1,0,1,1
11.338542000,1,1,1,1,1,1,1,1,1,0,1,1,1,1
11.338558875,1,1,1,1,1,1,1,1,1,0,1,0,1,1
11.338559375,1,1,1,1,1,1,1,1,1,0,1,1,1,1
11.338575875,1,1,1,1,1,1,1,1,1,0,1,0,1,1
11.338576375,1,1,1,1,1,1,1,1,1,0,1,1,1,1
11.338592625,1,1,1,1,1,1,1,1,1,0,1,0,1,1
11.338593188,1,1,1,1,1,1,1,1,1,0,1,1,1,1
11.338609438,1,1,1,1,1,1,1,1,1,0,1,0,1,1
11.338610000,1,1,1,1,1,1,1,1,1,0,1,1,1,1
11.338626250,1,1,1,1,1,1,1,1,1,0,1,0,1,1
11.338626812,1,1,1,1,1,1,1,1,1,0,1,1,1,1
11.338643062,1,1,1,1,1,1,1,1,1,0,1,0,1,1
11.338643625,1,1,1,1,1,1,1,1,1,0,1,1,1,1
11.338659812,1,1,1,1,1,1,1,1,1,0,1,0,1,1
11.338660375,1,1,1,1,1,1,1,1,1,0,1,1,1,1
11.338676625,1,1,1,1,1,1,1,1,1,0,1,0,1,1
11.338677188,1,1,1,1,1,1,1,1,1,0,1,1,1,1
11.338693437,1,1,1,1,1,1,1,1,1,0,1,0,1,1
11.338694000,1,1,1,1,1,1,1,1,1,0,1,1,1,1
11.338710250,1,1,1,1,1,1,1,1,1,0,1,0,1,1
11.338710813,1,1,1,1,1,1,1,1,1,0,1,1,1,1
11.338727000,1,1,1,1,1,1,1,1,1,0,1,0,1,1
11.338727563,1,1,1,1,1,1,1,1,1,0,1,1,1,1
11.338744438,1,1,1,1,1,1,1,1,1,0,1,0,1,1
11.338745000,1,1,1,1,1,1,1,1,1,0,1,1,1,1
11.338761438,1,1,1,1,1,1,1,1,1,0,1,0,1,1
11.338762000,1,1,1,1,1,1,1,1,1,0,1,1,1,1
11.338778250,1,1,1,1,1,1,1,1,1,0,1,0,1,1
11.338778812,1,1,1,1,1,1,1,1,1,0,1,1,1,1
11.338795000,1,1,1,1,1,1,1,1,1,0,1,0,1,1
11.338795562,1,1,1,1,1,1,1,1,1,0,1,1,1,1
11.338811812,1,1,1,1,1,1,1,1,1,0,1,0,1,1
11.338812375,1,1,1,1,1,1,1,1,1,0,1,1,1,1
11.338828625,1,1,1,1,1,1,1,1,1,0,1,0,1,1
11.338829188,1,1,1,1,1,1,1,1,1,0,1,1,1,1
11.338845437,1,1,1,1,1,1,1,1,1,0,1,0,1,1
11.338846000,1,1,1,1,1,1,1,1,1,0,1,1,1,1
11.338862188,1,1,1,1,1,1,1,1,1,0,1,0,1,1
11.338862750,1,1,1,1,1,1,1,1,1,0,1,1,1,1
11.338879000,1,1,1,1,1,1,1,1,1,0,1,0,1,1
11.338879563,1,1,1,1,1,1,1,1,1,0,1,1,1,1
11.338895813,1,1,1,1,1,1,1,1,1,0,1,0,1,1
11.338896375,1,1,1,1,1,1,1,1,1,0,1,1,1,1
11.338912625,1,1,1,1,1,1,1,1,1,0,1,0,1,1
11.338913187,1,1,1,1,1,1,1,1,1,0,1,1,1,1
11.338930000,1,1,1,1,1,1,1,1,1,0,1,0,1,1
11.338930562,1,1,1,1,1,1,1,1,1,0,1,1,1,1
11.338947000,1,1,1,1,1,1,1,1,1,0,1,0,1,1
11.338947562,1,1,1,1,1,1,1,1,1,0,1,1,1,1
11.338963812,1,1,1,1,1,1,1,1,1,0,1,0,1,1
11.338964375,1,1,1,1,1,1,1,1,1,0,1,1,1,1
11.338980625,1,1,1,1,1,1,1,1,1,0,1,0,1,1
11.338981187,1,1,1,1,1,1,1,1,1,0,1,1,1,1
11.338997437,1,1,1,1,1,1,1,1,1,0,1,0,1,1
11.338997938,1,1,1,1,1,1,1,1,1,0,1,1,1,1
11.339014188,1,1,1,1,1,1,1,1,1,0,1,0,1,1
11.339014750,1,1,1,1,1,1,1,1,1,0,1,1,1,1
11.339031000,1,1,1,1,1,1,1,1,1,0,1,0,1,1
11.339031563,1,1,1,1,1,1,1,1,1,0,1,1,1,1
11.339047813,1,1,1,1,1,1,1,1,1,0,1,0,1,1
11.339048375,1,1,1,1,1,1,1,1,1,0,1,1,1,1
11.339064625,1,1,1,1,1,1,1,1,1,0,1,0,1,1
11.339065187,1,1,1,1,1,1,1,1,1,0,1,1,1,1
11.339081375,1,1,1,1,1,1,1,1,1,0,1,0,1,1
11.339081937,1,1,1,1,1,1,1,1,1,0,1,1,1,1
11.339098187,1,1,1,1,1,1,1,1,1,0,1,0,1,1
11.339098750,1,1,1,1,1,1,1,1,1,0,1,1,1,1
11.339115625,1,1,1,1,1,1,1,1,1,0,1,0,1,1
11.339116125,1,1,1,1,1,1,1,1,1,0,1,1,1,1
11.339132562,1,1,1,1,1,1,1,1,1,0,1,0,1,1
11.339133125,1,1,1,1,1,1,1,1,1,0,1,1,1,1
11.339149375,1,1,1,1,1,1,1,1,1,0,1,0,1,1
11.339149938,1,1,1,1,1,1,1,1,1,0,1,1,1,1
11.339166188,1,1,1,1,1,1,1,1,1,0,1,0,1,1
11.339166750,1,1,1,1,1,1,1,1,1,0,1,1,1,1
11.339183000,1,1,1,1,1,1,1,1,1,0,1,0,1,1
11.339183563,1,1,1,1,1,1,1,1,1,0,1,1,1,1
11.339199813,1,1,1,1,1,1,1,1,1,0,1,0,1,1
11.339200375,1,1,1,1,1,1,1,1,1,0,1,1,1,1
11.339216563,1,1,1,1,1,1,1,1,1,0,1,0,1,1
11.339217125,1,1,1,1,1,1,1,1,1,0,1,1,1,1
11.339233375,1,1,1,1,1,1,1,1,1,0,1,0,1,1
11.339233937,1,1,1,1,1,1,1,1,1,0,1,1,1,1
11.339250187,1,1,1,1,1,1,1,1,1,0,1,0,1,1
11.339250750,1,1,1,1,1,1,1,1,1,0,1,1,1,1
11.339267000,1,1,1,1,1,1,1,1,1,0,1,0,1,1
11.339267562,1,1,1,1,1,1,1,1,1,0,1,1,1,1
11.339283750,1,1,1,1,1,1,1,1,1,0,1,0,1,1
11.339284313,1,1,1,1,1,1,1,1,1,0,1,1,1,1
11.339301188,1,1,1,1,1,1,1,1,1,0,1,0,1,1
11.339301750,1,1,1,1,1,1,1,1,1,0,1,1,1,1
11.339318187,1,1,1,1,1,1,1,1,1,0,1,0,1,1
11.339318750,1,1,1,1,1,1,1,1,1,0,1,1,1,1
11.339335000,1,1,1,1,1,1,1,1,1,0,1,0,1,1
11.339335500,1,1,1,1,1,1,1,1,1,0,1,1,1,1
11.339351750,1,1,1,1,1,1,1,1,1,0,1,0,1,1
11.339352313,1,1,1,1,1,1,1,1,1,0,1,1,1,1
11.339368563,1,1,1,1,1,1,1,1,1,0,1,0,1,1
11.339369125,1,1,1,1,1,1,1,1,1,0,1,1,1,1
11.339385375,1,1,1,1,1,1,1,1,1,0,1,0,1,1
11.339385937,1,1,1,1,1,1,1,1,1,0,1,1,1,1
11.339402187,1,1,1,1,1,1,1,1,1,0,1,0,1,1
11.339402750,1,1,1,1,1,1,1,1,1,0,1,1,1,1
11.339418937,1,1,1,1,1,1,1,1,1,0,1,0,1,1
11.339419500,1,1,1,1,1,1,1,1,1,0,1,1,1,1
11.339435750,1,1,1,1,1,1,1,1,1,0,1,0,1,1
11.339436313,1,1,1,1,1,1,1,1,1,0,1,1,1,1
11.339452562,1,1,1,1,1,1,1,1,1,0,1,0,1,1
11.339453125,1,1,1,1,1,1,1,1,1,0,1,1,1,1
11.339632750,1,1,1,1,1,1,1,1,1,0,1,0,1,1
11.339633313,1,1,1,1,1,1,1,1,1,0,1,1,1,1
11.339649563,1,1,1,1,1,1,1,1,1,0,1,0,1,1
11.339650125,1,1,1,1,1,1,1,1,1,0,1,1,1,1
11.339666375,1,1,1,1,1,1,1,1,1,0,1,0,1,1
11.339666875,1,1,1,1,1,1,1,1,1,0,1,1,1,1
11.339683125,1,1,1,1,1,1,1,1,1,0,1,0,1,1
11.339683688,1,1,1,1,1,1,1,1,1,0,1,1,1,1
11.339700125,1,1,1,1,1,1,1,1,1,0,1,0,1,1
11.339700688,1,1,1,1,1,1,1,1,1,0,1,1,1,1
11.339716938,1,1,1,1,1,1,1,1,1,0,1,0,1,1
11.339717500,1,1,1,1,1,1,1,1,1,0,1,1,1,1
11.339734125,1,1,1,1,1,1,1,1,1,0,1,0,1,1
11.339734688,1,1,1,1,1,1,1,1,1,0,1,1,1,1
11.339751313,1,1,1,1,1,1,1,1,1,0,1,0,1,1
11.339751875,1,1,1,1,1,1,1,1,1,0,1,1,1,1
11.339768125,1,1,1,1,1,1,1,1,1,0,1,0,1,1
11.339768687,1,1,1,1,1,1,1,1,1,0,1,1,1,1
11.339785313,1,1,1,1,1,1,1,1,1,0,1,0,1,1
11.339785875,1,1,1,1,1,1,1,1,1,0,1,1,1,1
11.339802562,1,1,1,1,1,1,1,1,1,0,1,0,1,1
11.339803062,1,1,1,1,1,1,1,1,1,0,1,1,1,1
11.339819563,1,1,1,1,1,1,1,1,1,0,1,0,1,1
11.339820062,1,1,1,1,1,1,1,1,1,0,1,1,1,1
11.339836312,1,1,1,1,1,1,1,1,1,0,1,0,1,1
11.339836875,1,1,1,1,1,1,1,1,1,0,1,1,1,1
11.339853750,1,1,1,1,1,1,1,1,1,0,1,0,1,1
11.339854312,1,1,1,1,1,1,1,1,1,0,1,1,1,1
11.339870750,1,1,1,1,1,1,1,1,1,0,1,0,1,1
11.339871312,1,1,1,1,1,1,1,1,1,0,1,1,1,1
11.339887500,1,1,1,1,1,1,1,1,1,0,1,0,1,1
11.339888063,1,1,1,1,1,1,1,1,1,0,1,1,1,1
11.339904312,1,1,1,1,1,1,1,1,1,0,1,0,1,1
11.339904875,1,1,1,1,1,1,1,1,1,0,1,1,1,1
11.339921937,1,1,1,1,1,1,1,1,1,0,1,0,1,1
11.339922500,1,1,1,1,1,1,1,1,1,0,1,1,1,1
11.339938937,1,1,1,1,1,1,1,1,1,0,1,0,1,1
11.339939500,1,1,1,1,1,1,1,1,1,0,1,1,1,1
11.339955750,1,1,1,1,1,1,1,1,1,0,1,0,1,1
11.339956250,1,1,1,1,1,1,1,1,1,0,1,1,1,1
11.339973125,1,1,1,1,1,1,1,1,1,0,1,0,1,1
11.339973688,1,1,1,1,1,1,1,1,1,0,1,1,1,1
11.339990125,1,1,1,1,1,1,1,1,1,0,1,0,1,1
11.339990688,1,1,1,1,1,1,1,1,1,0,1,1,1,1
11.340007312,1,1,1,1,1,1,1,1,1,0,1,0,1,1
11.340007875,1,1,1,1,1,1,1,1,1,0,1,1,1,1
11.340024125,1,1,1,1,1,1,1,1,1,0,1,0,1,1
11.340024687,1,1,1,1,1,1,1,1,1,0,1,1,1,1
11.340041313,1,1,1,1,1,1,1,1,1,0,1,0,1,1
11.340041875,1,1,1,1,1,1,1,1,1,0,1,1,1,1
11.340058500,1,1,1,1,1,1,1,1,1,0,1,0,1,1
11.340059062,1,1,1,1,1,1,1,1,1,0,1,1,1,1
11.340075312,1,1,1,1,1,1,1,1,1,0,1,0,1,1
11.340075875,1,1,1,1,1,1,1,1,1,0,1,1,1,1
11.340092500,1,1,1,1,1,1,1,1,1,0,1,0,1,1
11.340093062,1,1,1,1,1,1,1,1,1,0,1,1,1,1
11.340109688,1,1,1,1,1,1,1,1,1,0,1,0,1,1
11.340110250,1,1,1,1,1,1,1,1,1,0,1,1,1,1
11.340126687,1,1,1,1,1,1,1,1,1,0,1,0,1,1
11.340127250,1,1,1,1,1,1,1,1,1,0,1,1,1,1
11.340143500,1,1,1,1,1,1,1,1,1,0,1,0,1,1
11.340144063,1,1,1,1,1,1,1,1,1,0,1,1,1,1
11.340160875,1,1,1,1,1,1,1,1,1,0,1,0,1,1
11.340161438,1,1,1,1,1,1,1,1,1,0,1,1,1,1
11.340177875,1,1,1,1,1,1,1,1,1,0,1,0,1,1
11.340178438,1,1,1,1,1,1,1,1,1,0,1,1,1,1
11.340194875,1,1,1,1,1,1,1,1,1,0,1,0,1,1
11.340195438,1,1,1,1,1,1,1,1,1,0,1,1,1,1
11.340211688,1,1,1,1,1,1,1,1,1,0,1,0,1,1
11.340212250,1,1,1,1,1,1,1,1,1,0,1,1,1,1
11.340229125,1,1,1,1,1,1,1,1,1,0,1,0,1,1
11.340229688,1,1,1,1,1,1,1,1,1,0,1,1,1,1
11.340246063,1,1,1,1,1,1,1,1,1,0,1,0,1,1
11.340246625,1,1,1,1,1,1,1,1,1,0,1,1,1,1
11.340262875,1,1,1,1,1,1,1,1,1,0,1,0,1,1
11.340263438,1,1,1,1,1,1,1,1,1,0,1,1,1,1
11.340279688,1,1,1,1,1,1,1,1,1,0,1,0,1,1
11.340280250,1,1,1,1,1,1,1,1,1,0,1,1,1,1
11.340296500,1,1,1,1,1,1,1,1,1,0,1,0,1,1
11.340297062,1,1,1,1,1,1,1,1,1,0,1,1,1,1
11.340313312,1,1,1,1,1,1,1,1,1,0,1,0,1,1
11.340313812,1,1,1,1,1,1,1,1,1,0,1,1,1,1
11.340330062,1,1,1,1,1,1,1,1,1,0,1,0,1,1
11.340330625,1,1,1,1,1,1,1,1,1,0,1,1,1,1
11.340346875,1,1,1,1,1,1,1,1,1,0,1,0,1,1
11.340347438,1,1,1,1,1,1,1,1,1,0,1,1,1,1
11.340363688,1,1,1,1,1,1,1,1,1,0,1,0,1,1
11.340364250,1,1,1,1,1,1,1,1,1,0,1,1,1,1
11.340380500,1,1,1,1,1,1,1,1,1,0,1,0,1,1
11.340381063,1,1,1,1,1,1,1,1,1,0,1,1,1,1
11.340397250,1,1,1,1,1,1,1,1,1,0,1,0,1,1
11.340397812,1,1,1,1,1,1,1,1,1,0,1,1,1,1
11.340414687,1,1,1,1,1,1,1,1,1,0,1,0,1,1
11.340415250,1,1,1,1,1,1,1,1,1,0,1,1,1,1
11.340431688,1,1,1,1,1,1,1,1,1,0,1,0,1,1
11.340432250,1,1,1,1,1,1,1,1,1,0,1,1,1,1
11.340448500,1,1,1,1,1,1,1,1,1,0,1,0,1,1
11.340449000,1,1,1,1,1,1,1,1,1,0,1,1,1,1
11.340465250,1,1,1,1,1,1,1,1,1,0,1,0,1,1
11.340465812,1,1,1,1,1,1,1,1,1,0,1,1,1,1
11.340482062,1,1,1,1,1,1,1,1,1,0,1,0,1,1
11.340482625,1,1,1,1,1,1,1,1,1,0,1,1,1,1
11.340498875,1,1,1,1,1,1,1,1,1,0,1,0,1,1
11.340499438,1,1,1,1,1,1,1,1,1,0,1,1,1,1
11.340515687,1,1,1,1,1,1,1,1,1,0,1,0,1,1
11.340516250,1,1,1,1,1,1,1,1,1,0,1,1,1,1
11.340532438,1,1,1,1,1,1,1,1,1,0,1,0,1,1
11.340533000,1,1,1,1,1,1,1,1,1,0,1,1,1,1
11.340549250,1,1,1,1,1,1,1,1,1,0,1,0,1,1
11.340549813,1,1,1,1,1,1,1,1,1,0,1,1,1,1
11.340566063,1,1,1,1,1,1,1,1,1,0,1,0,1,1
11.340566625,1,1,1,1,1,1,1,1,1,0,1,1,1,1
11.340582875,1,1,1,1,1,1,1,1,1,0,1,0,1,1
11.340583437,1,1,1,1,1,1,1,1,1,0,1,1,1,1
11.340600250,1,1,1,1,1,1,1,1,1,0,1,0,1,1
11.340600812,1,1,1,1,1,1,1,1,1,0,1,1,1,1
11.340617250,1,1,1,1,1,1,1,1,1,0,1,0,1,1
11.340617813,1,1,1,1,1,1,1,1,1,0,1,1,1,1
11.340634062,1,1,1,1,1,1,1,1,1,0,1,0,1,1
11.340634625,1,1,1,1,1,1,1,1,1,0,1,1,1,1
11.340650875,1,1,1,1,1,1,1,1,1,0,1,0,1,1
11.340651438,1,1,1,1,1,1,1,1,1,0,1,1,1,1
11.340667625,1,1,1,1,1,1,1,1,1,0,1,0,1,1
11.340668187,1,1,1,1,1,1,1,1,1,0,1,1,1,1
11.340684438,1,1,1,1,1,1,1,1,1,0,1,0,1,1
11.340685000,1,1,1,1,1,1,1,1,1,0,1,1,1,1
11.340701250,1,1,1,1,1,1,1,1,1,0,1,0,1,1
11.340701813,1,1,1,1,1,1,1,1,1,0,1,1,1,1
11.340718063,1,1,1,1,1,1,1,1,1,0,1,0,1,1
11.340718625,1,1,1,1,1,1,1,1,1,0,1,1,1,1
11.340734875,1,1,1,1,1,1,1,1,1,0,1,0,1,1
11.340735375,1,1,1,1,1,1,1,1,1,0,1,1,1,1
11.340751625,1,1,1,1,1,1,1,1,1,0,1,0,1,1
11.340752187,1,1,1,1,1,1,1,1,1,0,1,1,1,1
11.340768437,1,1,1,1,1,1,1,1,1,0,1,0,1,1
11.340769000,1,1,1,1,1,1,1,1,1,0,1,1,1,1
11.340785813,1,1,1,1,1,1,1,1,1,0,1,0,1,1
11.340786375,1,1,1,1,1,1,1,1,1,0,1,1,1,1
11.340802812,1,1,1,1,1,1,1,1,1,0,1,0,1,1
11.340803375,1,1,1,1,1,1,1,1,1,0,1,1,1,1
11.340819625,1,1,1,1,1,1,1,1,1,0,1,0,1,1
11.340820188,1,1,1,1,1,1,1,1,1,0,1,1,1,1
11.340836438,1,1,1,1,1,1,1,1,1,0,1,0,1,1
11.340837000,1,1,1,1,1,1,1,1,1,0,1,1,1,1
11.340853250,1,1,1,1,1,1,1,1,1,0,1,0,1,1
11.340853813,1,1,1,1,1,1,1,1,1,0,1,1,1,1
11.340870063,1,1,1,1,1,1,1,1,1,0,1,0,1,1
11.340870562,1,1,1,1,1,1,1,1,1,0,1,1,1,1
11.340886813,1,1,1,1,1,1,1,1,1,0,1,0,1,1
11.340887375,1,1,1,1,1,1,1,1,1,0,1,1,1,1
11.340903625,1,1,1,1,1,1,1,1,1,0,1,0,1,1
11.340904187,1,1,1,1,1,1,1,1,1,0,1,1,1,1
11.340920437,1,1,1,1,1,1,1,1,1,0,1,0,1,1
11.340921000,1,1,1,1,1,1,1,1,1,0,1,1,1,1
11.340937250,1,1,1,1,1,1,1,1,1,0,1,0,1,1
11.340937750,1,1,1,1,1,1,1,1,1,0,1,1,1,1
11.340954000,1,1,1,1,1,1,1,1,1,0,1,0,1,1
11.340954563,1,1,1,1,1,1,1,1,1,0,1,1,1,1
11.340971438,1,1,1,1,1,1,1,1,1,0,1,0,1,1
11.340972000,1,1,1,1,1,1,1,1,1,0,1,1,1,1
11.340988438,1,1,1,1,1,1,1,1,1,0,1,0,1,1
11.340989000,1,1,1,1,1,1,1,1,1,0,1,1,1,1
11.341005250,1,1,1,1,1,1,1,1,1,0,1,0,1,1
11.341005750,1,1,1,1,1,1,1,1,1,0,1,1,1,1
11.341022000,1,1,1,1,1,1,1,1,1,0,1,0,1,1
11.341022562,1,1,1,1,1,1,1,1,1,0,1,1,1,1
11.341038813,1,1,1,1,1,1,1,1,1,0,1,0,1,1
11.341039375,1,1,1,1,1,1,1,1,1,0,1,1,1,1
11.341055625,1,1,1,1,1,1,1,1,1,0,1,0,1,1
11.341056187,1,1,1,1,1,1,1,1,1,0,1,1,1,1
11.341072437,1,1,1,1,1,1,1,1,1,0,1,0,1,1
11.341073000,1,1,1,1,1,1,1,1,1,0,1,1,1,1
11.341089187,1,1,1,1,1,1,1,1,1,0,1,0,1,1
11.341089750,1,1,1,1,1,1,1,1,1,0,1,1,1,1
11.341106000,1,1,1,1,1,1,1,1,1,0,1,0,1,1
11.341106563,1,1,1,1,1,1,1,1,1,0,1,1,1,1
11.341122813,1,1,1,1,1,1,1,1,1,0,1,0,1,1
11.341123375,1,1,1,1,1,1,1,1,1,0,1,1,1,1
11.341139625,1,1,1,1,1,1,1,1,1,0,1,0,1,1
11.341140188,1,1,1,1,1,1,1,1,1,0,1,1,1,1
11.341157000,1,1,1,1,1,1,1,1,1,0,1,0,1,1
11.341157562,1,1,1,1,1,1,1,1,1,0,1,1,1,1
11.341174000,1,1,1,1,1,1,1,1,1,0,1,0,1,1
11.341174562,1,1,1,1,1,1,1,1,1,0,1,1,1,1
11.341190813,1,1,1,1,1,1,1,1,1,0,1,0,1,1
11.341191375,1,1,1,1,1,1,1,1,1,0,1,1,1,1
11.341207625,1,1,1,1,1,1,1,1,1,0,1,0,1,1
11.341208125,1,1,1,1,1,1,1,1,1,0,1,1,1,1
11.341224375,1,1,1,1,1,1,1,1,1,0,1,0,1,1
11.341224937,1,1,1,1,1,1,1,1,1,0,1,1,1,1
11.341241187,1,1,1,1,1,1,1,1,1,0,1,0,1,1
11.341241750,1,1,1,1,1,1,1,1,1,0,1,1,1,1
11.341258000,1,1,1,1,1,1,1,1,1,0,1,0,1,1
11.341258563,1,1,1,1,1,1,1,1,1,0,1,1,1,1
11.341274813,1,1,1,1,1,1,1,1,1,0,1,0,1,1
11.341275375,1,1,1,1,1,1,1,1,1,0,1,1,1,1
11.341291625,1,1,1,1,1,1,1,1,1,0,1,0,1,1
11.341292125,1,1,1,1,1,1,1,1,1,0,1,1,1,1
11.341308375,1,1,1,1,1,1,1,1,1,0,1,0,1,1
11.341308937,1,1,1,1,1,1,1,1,1,0,1,1,1,1
11.341325188,1,1,1,1,1,1,1,1,1,0,1,0,1,1
11.341325750,1,1,1,1,1,1,1,1,1,0,1,1,1,1
11.341342562,1,1,1,1,1,1,1,1,1,0,1,0,1,1
11.341343125,1,1,1,1,1,1,1,1,1,0,1,1,1,1
11.341359562,1,1,1,1,1,1,1,1,1,0,1,0,1,1
11.341360125,1,1,1,1,1,1,1,1,1,0,1,1,1,1
11.341376375,1,1,1,1,1,1,1,1,1,0,1,0,1,1
11.341376937,1,1,1,1,1,1,1,1,1,0,1,1,1,1
11.341393187,1,1,1,1,1,1,1,1,1,0,1,0,1,1
11.341393750,1,1,1,1,1,1,1,1,1,0,1,1,1,1
11.341410000,1,1,1,1,1,1,1,1,1,0,1,0,1,1
11.341410563,1,1,1,1,1,1,1,1,1,0,1,1,1,1
11.341426812,1,1,1,1,1,1,1,1,1,0,1,0,1,1
11.341427313,1,1,1,1,1,1,1,1,1,0,1,1,1,1
11.341443563,1,1,1,1,1,1,1,1,1,0,1,0,1,1
11.341444125,1,1,1,1,1,1,1,1,1,0,1,1,1,1
11.341460375,1,1,1,1,1,1,1,1,1,0,1,0,1,1
11.341460938,1,1,1,1,1,1,1,1,1,0,1,1,1,1
11.341477188,1,1,1,1,1,1,1,1,1,0,1,0,1,1
11.341477750,1,1,1,1,1,1,1,1,1,0,1,1,1,1
11.341494000,1,1,1,1,1,1,1,1,1,0,1,0,1,1
11.341494500,1,1,1,1,1,1,1,1,1,0,1,1,1,1
11.341510750,1,1,1,1,1,1,1,1,1,0,1,0,1,1
11.341511312,1,1,1,1,1,1,1,1,1,0,1,1,1,1
11.341528187,1,1,1,1,1,1,1,1,1,0,1,0,1,1
11.341528750,1,1,1,1,1,1,1,1,1,0,1,1,1,1
11.341545187,1,1,1,1,1,1,1,1,1,0,1,0,1,1
11.341545750,1,1,1,1,1,1,1,1,1,0,1,1,1,1
11.341562000,1,1,1,1,1,1,1,1,1,0,1,0,1,1
11.341562500,1,1,1,1,1,1,1,1,1,0,1,1,1,1
11.341578750,1,1,1,1,1,1,1,1,1,0,1,0,1,1
11.341579313,1,1,1,1,1,1,1,1,1,0,1,1,1,1
11.341595563,1,1,1,1,1,1,1,1,1,0,1,0,1,1
11.341596125,1,1,1,1,1,1,1,1,1,0,1,1,1,1
11.341612375,1,1,1,1,1,1,1,1,1,0,1,0,1,1
11.341612938,1,1,1,1,1,1,1,1,1,0,1,1,1,1
11.341629188,1,1,1,1,1,1,1,1,1,0,1,0,1,1
11.341629750,1,1,1,1,1,1,1,1,1,0,1,1,1,1
11.341645937,1,1,1,1,1,1,1,1,1,0,1,0,1,1
11.341646500,1,1,1,1,1,1,1,1,1,0,1,1,1,1
11.341662750,1,1,1,1,1,1,1,1,1,0,1,0,1,1
11.341663312,1,1,1,1,1,1,1,1,1,0,1,1,1,1
11.341679562,1,1,1,1,1,1,1,1,1,0,1,0,1,1
11.341680125,1,1,1,1,1,1,1,1,1,0,1,1,1,1
11.341696375,1,1,1,1,1,1,1,1,1,0,1,0,1,1
11.341696938,1,1,1,1,1,1,1,1,1,0,1,1,1,1
11.341713750,1,1,1,1,1,1,1,1,1,0,1,0,1,1
11.341714313,1,1,1,1,1,1,1,1,1,0,1,1,1,1
11.341730750,1,1,1,1,1,1,1,1,1,0,1,0,1,1
11.341731313,1,1,1,1,1,1,1,1,1,0,1,1,1,1
11.341747563,1,1,1,1,1,1,1,1,1,0,1,0,1,1
11.341748125,1,1,1,1,1,1,1,1,1,0,1,1,1,1
11.341764375,1,1,1,1,1,1,1,1,1,0,1,0,1,1
11.341764938,1,1,1,1,1,1,1,1,1,0,1,1,1,1
11.341781125,1,1,1,1,1,1,1,1,1,0,1,0,1,1
11.341781687,1,1,1,1,1,1,1,1,1,0,1,1,1,1
11.341797938,1,1,1,1,1,1,1,1,1,0,1,0,1,1
11.341798500,1,1,1,1,1,1,1,1,1,0,1,1,1,1
11.341814750,1,1,1,1,1,1,1,1,1,0,1,0,1,1
11.341815312,1,1,1,1,1,1,1,1,1,0,1,1,1,1
11.341831562,1,1,1,1,1,1,1,1,1,0,1,0,1,1
11.341832125,1,1,1,1,1,1,1,1,1,0,1,1,1,1
11.341848375,1,1,1,1,1,1,1,1,1,0,1,0,1,1
11.341848875,1,1,1,1,1,1,1,1,1,0,1,1,1,1
11.341865125,1,1,1,1,1,1,1,1,1,0,1,0,1,1
11.341865688,1,1,1,1,1,1,1,1,1,0,1,1,1,1
11.341881938,1,1,1,1,1,1,1,1,1,0,1,0,1,1
11.341882500,1,1,1,1,1,1,1,1,1,0,1,1,1,1
11.341899313,1,1,1,1,1,1,1,1,1,0,1,0,1,1
11.341899875,1,1,1,1,1,1,1,1,1,0,1,1,1,1
11.341916313,1,1,1,1,1,1,1,1,1,0,1,0,1,1
11.341916875,1,1,1,1,1,1,1,1,1,0,1,1,1,1
11.341933125,1,1,1,1,1,1,1,1,1,0,1,0,1,1
11.341933687,1,1,1,1,1,1,1,1,1,0,1,1,1,1
11.341949938,1,1,1,1,1,1,1,1,1,0,1,0,1,1
11.341950500,1,1,1,1,1,1,1,1,1,0,1,1,1,1
11.341966750,1,1,1,1,1,1,1,1,1,0,1,0,1,1
11.341967312,1,1,1,1,1,1,1,1,1,0,1,1,1,1
11.341983562,1,1,1,1,1,1,1,1,1,0,1,0,1,1
11.341984062,1,1,1,1,1,1,1,1,1,0,1,1,1,1
11.342000312,1,1,1,1,1,1,1,1,1,0,1,0,1,1
11.342000875,1,1,1,1,1,1,1,1,1,0,1,1,1,1
11.342017125,1,1,1,1,1,1,1,1,1,0,1,0,1,1
11.342017688,1,1,1,1,1,1,1,1,1,0,1,1,1,1
11.342033938,1,1,1,1,1,1,1,1,1,0,1,0,1,1
11.342034500,1,1,1,1,1,1,1,1,1,0,1,1,1,1
11.342050750,1,1,1,1,1,1,1,1,1,0,1,0,1,1
11.342051250,1,1,1,1,1,1,1,1,1,0,1,1,1,1
11.342067500,1,1,1,1,1,1,1,1,1,0,1,0,1,1
11.342068062,1,1,1,1,1,1,1,1,1,0,1,1,1,1
11.342084937,1,1,1,1,1,1,1,1,1,0,1,0,1,1
11.342085437,1,1,1,1,1,1,1,1,1,0,1,1,1,1
11.342101938,1,1,1,1,1,1,1,1,1,0,1,0,1,1
11.342102500,1,1,1,1,1,1,1,1,1,0,1,1,1,1
11.342118750,1,1,1,1,1,1,1,1,1,0,1,0,1,1
11.342119250,1,1,1,1,1,1,1,1,1,0,1,1,1,1
11.342135500,1,1,1,1,1,1,1,1,1,0,1,0,1,1
11.342136062,1,1,1,1,1,1,1,1,1,0,1,1,1,1
11.342152312,1,1,1,1,1,1,1,1,1,0,1,0,1,1
11.342152875,1,1,1,1,1,1,1,1,1,0,1,1,1,1
11.342169125,1,1,1,1,1,1,1,1,1,0,1,0,1,1
11.342169688,1,1,1,1,1,1,1,1,1,0,1,1,1,1
11.342185938,1,1,1,1,1,1,1,1,1,0,1,0,1,1
11.342186438,1,1,1,1,1,1,1,1,1,0,1,1,1,1
11.342202688,1,1,1,1,1,1,1,1,1,0,1,0,1,1
11.342203250,1,1,1,1,1,1,1,1,1,0,1,1,1,1
11.342219500,1,1,1,1,1,1,1,1,1,0,1,0,1,1
11.342220062,1,1,1,1,1,1,1,1,1,0,1,1,1,1
11.342236313,1,1,1,1,1,1,1,1,1,0,1,0,1,1
11.342236875,1,1,1,1,1,1,1,1,1,0,1,1,1,1
11.342253125,1,1,1,1,1,1,1,1,1,0,1,0,1,1
11.342253625,1,1,1,1,1,1,1,1,1,0,1,1,1,1
11.342270500,1,1,1,1,1,1,1,1,1,0,1,0,1,1
11.342271063,1,1,1,1,1,1,1,1,1,0,1,1,1,1
11.342287500,1,1,1,1,1,1,1,1,1,0,1,0,1,1
11.342288062,1,1,1,1,1,1,1,1,1,0,1,1,1,1
11.342304312,1,1,1,1,1,1,1,1,1,0,1,0,1,1
11.342304875,1,1,1,1,1,1,1,1,1,0,1,1,1,1
11.342321125,1,1,1,1,1,1,1,1,1,0,1,0,1,1
11.342321625,1,1,1,1,1,1,1,1,1,0,1,1,1,1
11.342337875,1,1,1,1,1,1,1,1,1,0,1,0,1,1
11.342338438,1,1,1,1,1,1,1,1,1,0,1,1,1,1
11.342354688,1,1,1,1,1,1,1,1,1,0,1,0,1,1
11.342355250,1,1,1,1,1,1,1,1,1,0,1,1,1,1
11.342371500,1,1,1,1,1,1,1,1,1,0,1,0,1,1
11.342372063,1,1,1,1,1,1,1,1,1,0,1,1,1,1
11.342388313,1,1,1,1,1,1,1,1,1,0,1,0,1,1
11.342388875,1,1,1,1,1,1,1,1,1,0,1,1,1,1
11.342405125,1,1,1,1,1,1,1,1,1,0,1,0,1,1
11.342405625,1,1,1,1,1,1,1,1,1,0,1,1,1,1
11.342421875,1,1,1,1,1,1,1,1,1,0,1,0,1,1
11.342422437,1,1,1,1,1,1,1,1,1,0,1,1,1,1
11.342438687,1,1,1,1,1,1,1,1,1,0,1,0,1,1
11.342439250,1,1,1,1,1,1,1,1,1,0,1,1,1,1
11.342456063,1,1,1,1,1,1,1,1,1,0,1,0,1,1
11.342456625,1,1,1,1,1,1,1,1,1,0,1,1,1,1
11.342473062,1,1,1,1,1,1,1,1,1,0,1,0,1,1
11.342473625,1,1,1,1,1,1,1,1,1,0,1,1,1,1
11.342489875,1,1,1,1,1,1,1,1,1,0,1,0,1,1
11.342490438,1,1,1,1,1,1,1,1,1,0,1,1,1,1
11.342506688,1,1,1,1,1,1,1,1,1,0,1,0,1,1
11.342507250,1,1,1,1,1,1,1,1,1,0,1,1,1,1
11.342523500,1,1,1,1,1,1,1,1,1,0,1,0,1,1
11.342524063,1,1,1,1,1,1,1,1,1,0,1,1,1,1
11.342540313,1,1,1,1,1,1,1,1,1,0,1,0,1,1
11.342540812,1,1,1,1,1,1,1,1,1,0,1,1,1,1
11.342557062,1,1,1,1,1,1,1,1,1,0,1,0,1,1
11.342557625,1,1,1,1,1,1,1,1,1,0,1,1,1,1
11.342573875,1,1,1,1,1,1,1,1,1,0,1,0,1,1
11.342574437,1,1,1,1,1,1,1,1,1,0,1,1,1,1
11.342590687,1,1,1,1,1,1,1,1,1,0,1,0,1,1
11.342591250,1,1,1,1,1,1,1,1,1,0,1,1,1,1
11.342607500,1,1,1,1,1,1,1,1,1,0,1,0,1,1
11.342608063,1,1,1,1,1,1,1,1,1,0,1,1,1,1
11.342624250,1,1,1,1,1,1,1,1,1,0,1,0,1,1
11.342624813,1,1,1,1,1,1,1,1,1,0,1,1,1,1
11.342641688,1,1,1,1,1,1,1,1,1,0,1,0,1,1
11.342642250,1,1,1,1,1,1,1,1,1,0,1,1,1,1
11.342658688,1,1,1,1,1,1,1,1,1,0,1,0,1,1
11.342659250,1,1,1,1,1,1,1,1,1,0,1,1,1,1
11.342675500,1,1,1,1,1,1,1,1,1,0,1,0,1,1
11.342676000,1,1,1,1,1,1,1,1,1,0,1,1,1,1
11.342692250,1,1,1,1,1,1,1,1,1,0,1,0,1,1
11.342692812,1,1,1,1,1,1,1,1,1,0,1,1,1,1
11.342709063,1,1,1,1,1,1,1,1,1,0,1,0,1,1
11.342709625,1,1,1,1,1,1,1,1,1,0,1,1,1,1
11.342725875,1,1,1,1,1,1,1,1,1,0,1,0,1,1
11.342726437,1,1,1,1,1,1,1,1,1,0,1,1,1,1
11.342742687,1,1,1,1,1,1,1,1,1,0,1,0,1,1
11.342743250,1,1,1,1,1,1,1,1,1,0,1,1,1,1
11.342759437,1,1,1,1,1,1,1,1,1,0,1,0,1,1
11.342760000,1,1,1,1,1,1,1,1,1,0,1,1,1,1
11.342776250,1,1,1,1,1,1,1,1,1,0,1,0,1,1
11.342776813,1,1,1,1,1,1,1,1,1,0,1,1,1,1
11.342793063,1,1,1,1,1,1,1,1,1,0,1,0,1,1
11.342793625,1,1,1,1,1,1,1,1,1,0,1,1,1,1
11.342809875,1,1,1,1,1,1,1,1,1,0,1,0,1,1
11.342810438,1,1,1,1,1,1,1,1,1,0,1,1,1,1
11.342827250,1,1,1,1,1,1,1,1,1,0,1,0,1,1
11.342827812,1,1,1,1,1,1,1,1,1,0,1,1,1,1
11.342844250,1,1,1,1,1,1,1,1,1,0,1,0,1,1
11.342844812,1,1,1,1,1,1,1,1,1,0,1,1,1,1
11.342861063,1,1,1,1,1,1,1,1,1,0,1,0,1,1
11.342861625,1,1,1,1,1,1,1,1,1,0,1,1,1,1
11.342877875,1,1,1,1,1,1,1,1,1,0,1,0,1,1
11.342878437,1,1,1,1,1,1,1,1,1,0,1,1,1,1
11.342894625,1,1,1,1,1,1,1,1,1,0,1,0,1,1
11.342895187,1,1,1,1,1,1,1,1,1,0,1,1,1,1
11.342911437,1,1,1,1,1,1,1,1,1,0,1,0,1,1
11.342912000,1,1,1,1,1,1,1,1,1,0,1,1,1,1
11.342928250,1,1,1,1,1,1,1,1,1,0,1,0,1,1
11.342928813,1,1,1,1,1,1,1,1,1,0,1,1,1,1
11.342945063,1,1,1,1,1,1,1,1,1,0,1,0,1,1
11.342945625,1,1,1,1,1,1,1,1,1,0,1,1,1,1
11.342961875,1,1,1,1,1,1,1,1,1,0,1,0,1,1
11.342962375,1,1,1,1,1,1,1,1,1,0,1,1,1,1
11.342978625,1,1,1,1,1,1,1,1,1,0,1,0,1,1
11.342979187,1,1,1,1,1,1,1,1,1,0,1,1,1,1
11.342995438,1,1,1,1,1,1,1,1,1,0,1,0,1,1
11.342996000,1,1,1,1,1,1,1,1,1,0,1,1,1,1
11.343012812,1,1,1,1,1,1,1,1,1,0,1,0,1,1
11.343013375,1,1,1,1,1,1,1,1,1,0,1,1,1,1
11.343029812,1,1,1,1,1,1,1,1,1,0,1,0,1,1
11.343030437,1,1,1,1,1,1,1,1,1,0,1,1,1,1
11.343046625,1,1,1,1,1,1,1,1,1,0,1,0,1,1
11.343047125,1,1,1,1,1,1,1,1,1,0,1,1,1,1
11.343063437,1,1,1,1,1,1,1,1,1,0,1,0,1,1
11.343064000,1,1,1,1,1,1,1,1,1,0,1,1,1,1
11.343080250,1,1,1,1,1,1,1,1,1,0,1,0,1,1
11.343080813,1,1,1,1,1,1,1,1,1,0,1,1,1,1
11.343097063,1,1,1,1,1,1,1,1,1,0,1,0,1,1
11.343097563,1,1,1,1,1,1,1,1,1,0,1,1,1,1
11.343113813,1,1,1,1,1,1,1,1,1,0,1,0,1,1
11.343114375,1,1,1,1,1,1,1,1,1,0,1,1,1,1
11.343130625,1,1,1,1,1,1,1,1,1,0,1,0,1,1
11.343131187,1,1,1,1,1,1,1,1,1,0,1,1,1,1
11.343147438,1,1,1,1,1,1,1,1,1,0,1,0,1,1
11.343148000,1,1,1,1,1,1,1,1,1,0,1,1,1,1
11.343164250,1,1,1,1,1,1,1,1,1,0,1,0,1,1
11.343164812,1,1,1,1,1,1,1,1,1,0,1,1,1,1
11.343181000,1,1,1,1,1,1,1,1,1,0,1,0,1,1
11.343181562,1,1,1,1,1,1,1,1,1,0,1,1,1,1
11.343198437,1,1,1,1,1,1,1,1,1,0,1,0,1,1
11.343199000,1,1,1,1,1,1,1,1,1,0,1,1,1,1
11.343215437,1,1,1,1,1,1,1,1,1,0,1,0,1,1
11.343216000,1,1,1,1,1,1,1,1,1,0,1,1,1,1
11.343232250,1,1,1,1,1,1,1,1,1,0,1,0,1,1
11.343232750,1,1,1,1,1,1,1,1,1,0,1,1,1,1
11.343249000,1,1,1,1,1,1,1,1,1,0,1,0,1,1
11.343249563,1,1,1,1,1,1,1,1,1,0,1,1,1,1
11.343265813,1,1,1,1,1,1,1,1,1,0,1,0,1,1
11.343266375,1,1,1,1,1,1,1,1,1,0,1,1,1,1
11.343282625,1,1,1,1,1,1,1,1,1,0,1,0,1,1
11.343283188,1,1,1,1,1,1,1,1,1,0,1,1,1,1
11.343299438,1,1,1,1,1,1,1,1,1,0,1,0,1,1
11.343300000,1,1,1,1,1,1,1,1,1,0,1,1,1,1
11.343316187,1,1,1,1,1,1,1,1,1,0,1,0,1,1
11.343316750,1,1,1,1,1,1,1,1,1,0,1,1,1,1
11.343333000,1,1,1,1,1,1,1,1,1,0,1,0,1,1
11.343333562,1,1,1,1,1,1,1,1,1,0,1,1,1,1
11.343349812,1,1,1,1,1,1,1,1,1,0,1,0,1,1
11.343350375,1,1,1,1,1,1,1,1,1,0,1,1,1,1
11.343366625,1,1,1,1,1,1,1,1,1,0,1,0,1,1
11.343367188,1,1,1,1,1,1,1,1,1,0,1,1,1,1
11.343384000,1,1,1,1,1,1,1,1,1,0,1,0,1,1
11.343384563,1,1,1,1,1,1,1,1,1,0,1,1,1,1
11.343401000,1,1,1,1,1,1,1,1,1,0,1,0,1,1
11.343401563,1,1,1,1,1,1,1,1,1,0,1,1,1,1
11.343417813,1,1,1,1,1,1,1,1,1,0,1,0,1,1
11.343418313,1,1,1,1,1,1,1,1,1,0,1,1,1,1
11.343434625,1,1,1,1,1,1,1,1,1,0,1,0,1,1
11.343435125,1,1,1,1,1,1,1,1,1,0,1,1,1,1
11.343451375,1,1,1,1,1,1,1,1,1,0,1,0,1,1
11.343451937,1,1,1,1,1,1,1,1,1,0,1,1,1,1
11.343468187,1,1,1,1,1,1,1,1,1,0,1,0,1,1
11.343468750,1,1,1,1,1,1,1,1,1,0,1,1,1,1
11.343485000,1,1,1,1,1,1,1,1,1,0,1,0,1,1
11.343485562,1,1,1,1,1,1,1,1,1,0,1,1,1,1
11.343501812,1,1,1,1,1,1,1,1,1,0,1,0,1,1
11.343502375,1,1,1,1,1,1,1,1,1,0,1,1,1,1
11.343518562,1,1,1,1,1,1,1,1,1,0,1,0,1,1
11.343519125,1,1,1,1,1,1,1,1,1,0,1,1,1,1
11.343535375,1,1,1,1,1,1,1,1,1,0,1,0,1,1
11.343535938,1,1,1,1,1,1,1,1,1,0,1,1,1,1
11.343552188,1,1,1,1,1,1,1,1,1,0,1,0,1,1
11.343552750,1,1,1,1,1,1,1,1,1,0,1,1,1,1
11.343569563,1,1,1,1,1,1,1,1,1,0,1,0,1,1
11.343570125,1,1,1,1,1,1,1,1,1,0,1,1,1,1
11.343586563,1,1,1,1,1,1,1,1,1,0,1,0,1,1
11.343587125,1,1,1,1,1,1,1,1,1,0,1,1,1,1
11.343603375,1,1,1,1,1,1,1,1,1,0,1,0,1,1
11.343603937,1,1,1,1,1,1,1,1,1,0,1,1,1,1
11.343620187,1,1,1,1,1,1,1,1,1,0,1,0,1,1
11.343620750,1,1,1,1,1,1,1,1,1,0,1,1,1,1
11.343637000,1,1,1,1,1,1,1,1,1,0,1,0,1,1
11.343637562,1,1,1,1,1,1,1,1,1,0,1,1,1,1
11.343653812,1,1,1,1,1,1,1,1,1,0,1,0,1,1
11.343654313,1,1,1,1,1,1,1,1,1,0,1,1,1,1
11.343670562,1,1,1,1,1,1,1,1,1,0,1,0,1,1
11.343671125,1,1,1,1,1,1,1,1,1,0,1,1,1,1
11.343687375,1,1,1,1,1,1,1,1,1,0,1,0,1,1
11.343687938,1,1,1,1,1,1,1,1,1,0,1,1,1,1
11.343704188,1,1,1,1,1,1,1,1,1,0,1,0,1,1
11.343704688,1,1,1,1,1,1,1,1,1,0,1,1,1,1
11.343721000,1,1,1,1,1,1,1,1,1,0,1,0,1,1
11.343721500,1,1,1,1,1,1,1,1,1,0,1,1,1,1
11.343737750,1,1,1,1,1,1,1,1,1,0,1,0,1,1
11.343738312,1,1,1,1,1,1,1,1,1,0,1,1,1,1
11.343755187,1,1,1,1,1,1,1,1,1,0,1,0,1,1
11.343755750,1,1,1,1,1,1,1,1,1,0,1,1,1,1
11.343772188,1,1,1,1,1,1,1,1,1,0,1,0,1,1
11.343772750,1,1,1,1,1,1,1,1,1,0,1,1,1,1
11.343789000,1,1,1,1,1,1,1,1,1,0,1,0,1,1
11.343789500,1,1,1,1,1,1,1,1,1,0,1,1,1,1
11.343805750,1,1,1,1,1,1,1,1,1,0,1,0,1,1
11.343806312,1,1,1,1,1,1,1,1,1,0,1,1,1,1
11.343822562,1,1,1,1,1,1,1,1,1,0,1,0,1,1
11.343823125,1,1,1,1,1,1,1,1,1,0,1,1,1,1
11.343839375,1,1,1,1,1,1,1,1,1,0,1,0,1,1
11.343839938,1,1,1,1,1,1,1,1,1,0,1,1,1,1
11.343856188,1,1,1,1,1,1,1,1,1,0,1,0,1,1
11.343856688,1,1,1,1,1,1,1,1,1,0,1,1,1,1
11.343872938,1,1,1,1,1,1,1,1,1,0,1,0,1,1
11.343873500,1,1,1,1,1,1,1,1,1,0,1,1,1,1
11.343889750,1,1,1,1,1,1,1,1,1,0,1,0,1,1
11.343890312,1,1,1,1,1,1,1,1,1,0,1,1,1,1
11.343906563,1,1,1,1,1,1,1,1,1,0,1,0,1,1
11.343907125,1,1,1,1,1,1,1,1,1,0,1,1,1,1
11.343923375,1,1,1,1,1,1,1,1,1,0,1,0,1,1
11.343923937,1,1,1,1,1,1,1,1,1,0,1,1,1,1
11.343940750,1,1,1,1,1,1,1,1,1,0,1,0,1,1
11.343941313,1,1,1,1,1,1,1,1,1,0,1,1,1,1
11.343957750,1,1,1,1,1,1,1,1,1,0,1,0,1,1
11.343958312,1,1,1,1,1,1,1,1,1,0,1,1,1,1
11.343974562,1,1,1,1,1,1,1,1,1,0,1,0,1,1
11.343975125,1,1,1,1,1,1,1,1,1,0,1,1,1,1
11.343991375,1,1,1,1,1,1,1,1,1,0,1,0,1,1
11.343991875,1,1,1,1,1,1,1,1,1,0,1,1,1,1
11.344008125,1,1,1,1,1,1,1,1,1,0,1,0,1,1
11.344008688,1,1,1,1,1,1,1,1,1,0,1,1,1,1
11.344024938,1,1,1,1,1,1,1,1,1,0,1,0,1,1
11.344025500,1,1,1,1,1,1,1,1,1,0,1,1,1,1
11.344041750,1,1,1,1,1,1,1,1,1,0,1,0,1,1
11.344042312,1,1,1,1,1,1,1,1,1,0,1,1,1,1
11.344058563,1,1,1,1,1,1,1,1,1,0,1,0,1,1
11.344059125,1,1,1,1,1,1,1,1,1,0,1,1,1,1
11.344075312,1,1,1,1,1,1,1,1,1,0,1,0,1,1
11.344075875,1,1,1,1,1,1,1,1,1,0,1,1,1,1
11.344092125,1,1,1,1,1,1,1,1,1,0,1,0,1,1
11.344092687,1,1,1,1,1,1,1,1,1,0,1,1,1,1
11.344108937,1,1,1,1,1,1,1,1,1,0,1,0,1,1
11.344109500,1,1,1,1,1,1,1,1,1,0,1,1,1,1
11.344126313,1,1,1,1,1,1,1,1,1,0,1,0,1,1
11.344126875,1,1,1,1,1,1,1,1,1,0,1,1,1,1
11.344143312,1,1,1,1,1,1,1,1,1,0,1,0,1,1
11.344143875,1,1,1,1,1,1,1,1,1,0,1,1,1,1
11.344160125,1,1,1,1,1,1,1,1,1,0,1,0,1,1
11.344160688,1,1,1,1,1,1,1,1,1,0,1,1,1,1
11.344176938,1,1,1,1,1,1,1,1,1,0,1,0,1,1
11.344177500,1,1,1,1,1,1,1,1,1,0,1,1,1,1
11.344193750,1,1,1,1,1,1,1,1,1,0,1,0,1,1
11.344194313,1,1,1,1,1,1,1,1,1,0,1,1,1,1
11.344210500,1,1,1,1,1,1,1,1,1,0,1,0,1,1
11.344211062,1,1,1,1,1,1,1,1,1,0,1,1,1,1
11.344227312,1,1,1,1,1,1,1,1,1,0,1,0,1,1
11.344227875,1,1,1,1,1,1,1,1,1,0,1,1,1,1
11.344244125,1,1,1,1,1,1,1,1,1,0,1,0,1,1
11.344244687,1,1,1,1,1,1,1,1,1,0,1,1,1,1
11.344260937,1,1,1,1,1,1,1,1,1,0,1,0,1,1
11.344261500,1,1,1,1,1,1,1,1,1,0,1,1,1,1
11.344277750,1,1,1,1,1,1,1,1,1,0,1,0,1,1
11.344278250,1,1,1,1,1,1,1,1,1,0,1,1,1,1
11.344294500,1,1,1,1,1,1,1,1,1,0,1,0,1,1
11.344295063,1,1,1,1,1,1,1,1,1,0,1,1,1,1
11.344311938,1,1,1,1,1,1,1,1,1,0,1,0,1,1
11.344312500,1,1,1,1,1,1,1,1,1,0,1,1,1,1
11.344328938,1,1,1,1,1,1,1,1,1,0,1,0,1,1
11.344329500,1,1,1,1,1,1,1,1,1,0,1,1,1,1
11.344345688,1,1,1,1,1,1,1,1,1,0,1,0,1,1
11.344346250,1,1,1,1,1,1,1,1,1,0,1,1,1,1
11.344362500,1,1,1,1,1,1,1,1,1,0,1,0,1,1
11.344363062,1,1,1,1,1,1,1,1,1,0,1,1,1,1
11.344379312,1,1,1,1,1,1,1,1,1,0,1,0,1,1
11.344379875,1,1,1,1,1,1,1,1,1,0,1,1,1,1
11.344396125,1,1,1,1,1,1,1,1,1,0,1,0,1,1
11.344396687,1,1,1,1,1,1,1,1,1,0,1,1,1,1
11.344412937,1,1,1,1,1,1,1,1,1,0,1,0,1,1
11.344413438,1,1,1,1,1,1,1,1,1,0,1,1,1,1
11.344429687,1,1,1,1,1,1,1,1,1,0,1,0,1,1
11.344430250,1,1,1,1,1,1,1,1,1,0,1,1,1,1
11.344446500,1,1,1,1,1,1,1,1,1,0,1,0,1,1
11.344447063,1,1,1,1,1,1,1,1,1,0,1,1,1,1
11.344463313,1,1,1,1,1,1,1,1,1,0,1,0,1,1
11.344463875,1,1,1,1,1,1,1,1,1,0,1,1,1,1
11.344480125,1,1,1,1,1,1,1,1,1,0,1,0,1,1
11.344480688,1,1,1,1,1,1,1,1,1,0,1,1,1,1
11.344497500,1,1,1,1,1,1,1,1,1,0,1,0,1,1
11.344498062,1,1,1,1,1,1,1,1,1,0,1,1,1,1
11.344514500,1,1,1,1,1,1,1,1,1,0,1,0,1,1
11.344515062,1,1,1,1,1,1,1,1,1,0,1,1,1,1
11.344531312,1,1,1,1,1,1,1,1,1,0,1,0,1,1
11.344531875,1,1,1,1,1,1,1,1,1,0,1,1,1,1
11.344548125,1,1,1,1,1,1,1,1,1,0,1,0,1,1
11.344548625,1,1,1,1,1,1,1,1,1,0,1,1,1,1
11.344564875,1,1,1,1,1,1,1,1,1,0,1,0,1,1
11.344565438,1,1,1,1,1,1,1,1,1,0,1,1,1,1
11.344581687,1,1,1,1,1,1,1,1,1,0,1,0,1,1
11.344582250,1,1,1,1,1,1,1,1,1,0,1,1,1,1
11.344598500,1,1,1,1,1,1,1,1,1,0,1,0,1,1
11.344599062,1,1,1,1,1,1,1,1,1,0,1,1,1,1
11.344615313,1,1,1,1,1,1,1,1,1,0,1,0,1,1
11.344615875,1,1,1,1,1,1,1,1,1,0,1,1,1,1
11.344632063,1,1,1,1,1,1,1,1,1,0,1,0,1,1
11.344632625,1,1,1,1,1,1,1,1,1,0,1,1,1,1
11.344648875,1,1,1,1,1,1,1,1,1,0,1,0,1,1
11.344649437,1,1,1,1,1,1,1,1,1,0,1,1,1,1
11.344665687,1,1,1,1,1,1,1,1,1,0,1,0,1,1
11.344666250,1,1,1,1,1,1,1,1,1,0,1,1,1,1
11.344683062,1,1,1,1,1,1,1,1,1,0,1,0,1,1
11.344683625,1,1,1,1,1,1,1,1,1,0,1,1,1,1
11.344700062,1,1,1,1,1,1,1,1,1,0,1,0,1,1
11.344700625,1,1,1,1,1,1,1,1,1,0,1,1,1,1
11.344716875,1,1,1,1,1,1,1,1,1,0,1,0,1,1
11.344717437,1,1,1,1,1,1,1,1,1,0,1,1,1,1
11.344733687,1,1,1,1,1,1,1,1,1,0,1,0,1,1
11.344734250,1,1,1,1,1,1,1,1,1,0,1,1,1,1
11.344750500,1,1,1,1,1,1,1,1,1,0,1,0,1,1
11.344751063,1,1,1,1,1,1,1,1,1,0,1,1,1,1
11.344767250,1,1,1,1,1,1,1,1,1,0,1,0,1,1
11.344767813,1,1,1,1,1,1,1,1,1,0,1,1,1,1
11.344784063,1,1,1,1,1,1,1,1,1,0,1,0,1,1
11.344784625,1,1,1,1,1,1,1,1,1,0,1,1,1,1
11.344800875,1,1,1,1,1,1,1,1,1,0,1,0,1,1
11.344801437,1,1,1,1,1,1,1,1,1,0,1,1,1,1
11.344817688,1,1,1,1,1,1,1,1,1,0,1,0,1,1
11.344818250,1,1,1,1,1,1,1,1,1,0,1,1,1,1
11.344834500,1,1,1,1,1,1,1,1,1,0,1,0,1,1
11.344835000,1,1,1,1,1,1,1,1,1,0,1,1,1,1
11.344851250,1,1,1,1,1,1,1,1,1,0,1,0,1,1
11.344851812,1,1,1,1,1,1,1,1,1,0,1,1,1,1
11.344868687,1,1,1,1,1,1,1,1,1,0,1,0,1,1
11.344869250,1,1,1,1,1,1,1,1,1,0,1,1,1,1
11.344885687,1,1,1,1,1,1,1,1,1,0,1,0,1,1
11.344886250,1,1,1,1,1,1,1,1,1,0,1,1,1,1
11.344902438,1,1,1,1,1,1,1,1,1,0,1,0,1,1
11.344903000,1,1,1,1,1,1,1,1,1,0,1,1,1,1
11.344919250,1,1,1,1,1,1,1,1,1,0,1,0,1,1
11.344919813,1,1,1,1,1,1,1,1,1,0,1,1,1,1
11.344936063,1,1,1,1,1,1,1,1,1,0,1,0,1,1
11.344936625,1,1,1,1,1,1,1,1,1,0,1,1,1,1
11.344952875,1,1,1,1,1,1,1,1,1,0,1,0,1,1
11.344953437,1,1,1,1,1,1,1,1,1,0,1,1,1,1
11.344969688,1,1,1,1,1,1,1,1,1,0,1,0,1,1
11.344970187,1,1,1,1,1,1,1,1,1,0,1,1,1,1
11.344986437,1,1,1,1,1,1,1,1,1,0,1,0,1,1
11.344987000,1,1,1,1,1,1,1,1,1,0,1,1,1,1
11.345003250,1,1,1,1,1,1,1,1,1,0,1,0,1,1
11.345003812,1,1,1,1,1,1,1,1,1,0,1,1,1,1
11.345020062,1,1,1,1,1,1,1,1,1,0,1,0,1,1
11.345020625,1,1,1,1,1,1,1,1,1,0,1,1,1,1
11.345036875,1,1,1,1,1,1,1,1,1,0,1,0,1,1
11.345037438,1,1,1,1,1,1,1,1,1,0,1,1,1,1
11.345054250,1,1,1,1,1,1,1,1,1,0,1,0,1,1
11.345054813,1,1,1,1,1,1,1,1,1,0,1,1,1,1
11.345071250,1,1,1,1,1,1,1,1,1,0,1,0,1,1
11.345071813,1,1,1,1,1,1,1,1,1,0,1,1,1,1
11.345088063,1,1,1,1,1,1,1,1,1,0,1,0,1,1
11.345088625,1,1,1,1,1,1,1,1,1,0,1,1,1,1
11.345104875,1,1,1,1,1,1,1,1,1,0,1,0,1,1
11.345105375,1,1,1,1,1,1,1,1,1,0,1,1,1,1
11.345121625,1,1,1,1,1,1,1,1,1,0,1,0,1,1
11.345122187,1,1,1,1,1,1,1,1,1,0,1,1,1,1
11.345138437,1,1,1,1,1,1,1,1,1,0,1,0,1,1
11.345139000,1,1,1,1,1,1,1,1,1,0,1,1,1,1
11.345155250,1,1,1,1,1,1,1,1,1,0,1,0,1,1
11.345155812,1,1,1,1,1,1,1,1,1,0,1,1,1,1
11.345172062,1,1,1,1,1,1,1,1,1,0,1,0,1,1
11.345172625,1,1,1,1,1,1,1,1,1,0,1,1,1,1
11.345188812,1,1,1,1,1,1,1,1,1,0,1,0,1,1
11.345189375,1,1,1,1,1,1,1,1,1,0,1,1,1,1
11.345205625,1,1,1,1,1,1,1,1,1,0,1,0,1,1
11.345206188,1,1,1,1,1,1,1,1,1,0,1,1,1,1
11.345222438,1,1,1,1,1,1,1,1,1,0,1,0,1,1
11.345223000,1,1,1,1,1,1,1,1,1,0,1,1,1,1
11.345239812,1,1,1,1,1,1,1,1,1,0,1,0,1,1
11.345240375,1,1,1,1,1,1,1,1,1,0,1,1,1,1
11.345256813,1,1,1,1,1,1,1,1,1,0,1,0,1,1
11.345257375,1,1,1,1,1,1,1,1,1,0,1,1,1,1
11.345273625,1,1,1,1,1,1,1,1,1,0,1,0,1,1
11.345274187,1,1,1,1,1,1,1,1,1,0,1,1,1,1
11.345290437,1,1,1,1,1,1,1,1,1,0,1,0,1,1
11.345291000,1,1,1,1,1,1,1,1,1,0,1,1,1,1
11.345307250,1,1,1,1,1,1,1,1,1,0,1,0,1,1
11.345307812,1,1,1,1,1,1,1,1,1,0,1,1,1,1
11.345324000,1,1,1,1,1,1,1,1,1,0,1,0,1,1
11.345324563,1,1,1,1,1,1,1,1,1,0,1,1,1,1
11.345340812,1,1,1,1,1,1,1,1,1,0,1,0,1,1
11.345341375,1,1,1,1,1,1,1,1,1,0,1,1,1,1
11.345357625,1,1,1,1,1,1,1,1,1,0,1,0,1,1
11.345358188,1,1,1,1,1,1,1,1,1,0,1,1,1,1
11.345374438,1,1,1,1,1,1,1,1,1,0,1,0,1,1
11.345375000,1,1,1,1,1,1,1,1,1,0,1,1,1,1
11.345391250,1,1,1,1,1,1,1,1,1,0,1,0,1,1
11.345391750,1,1,1,1,1,1,1,1,1,0,1,1,1,1
11.345408000,1,1,1,1,1,1,1,1,1,0,1,0,1,1
11.345408562,1,1,1,1,1,1,1,1,1,0,1,1,1,1
11.345425437,1,1,1,1,1,1,1,1,1,0,1,0,1,1
11.345426000,1,1,1,1,1,1,1,1,1,0,1,1,1,1
11.345442437,1,1,1,1,1,1,1,1,1,0,1,0,1,1
11.345443000,1,1,1,1,1,1,1,1,1,0,1,1,1,1
11.345459187,1,1,1,1,1,1,1,1,1,0,1,0,1,1
11.345459750,1,1,1,1,1,1,1,1,1,0,1,1,1,1
11.345476000,1,1,1,1,1,1,1,1,1,0,1,0,1,1
11.345476563,1,1,1,1,1,1,1,1,1,0,1,1,1,1
11.345492812,1,1,1,1,1,1,1,1,1,0,1,0,1,1
11.345493375,1,1,1,1,1,1,1,1,1,0,1,1,1,1
11.345509625,1,1,1,1,1,1,1,1,1,0,1,0,1,1
11.345510188,1,1,1,1,1,1,1,1,1,0,1,1,1,1
11.345526438,1,1,1,1,1,1,1,1,1,0,1,0,1,1
11.345526938,1,1,1,1,1,1,1,1,1,0,1,1,1,1
11.345543188,1,1,1,1,1,1,1,1,1,0,1,0,1,1
11.345543750,1,1,1,1,1,1,1,1,1,0,1,1,1,1
11.345560000,1,1,1,1,1,1,1,1,1,0,1,0,1,1
11.345560562,1,1,1,1,1,1,1,1,1,0,1,1,1,1
11.345576812,1,1,1,1,1,1,1,1,1,0,1,0,1,1
11.345577375,1,1,1,1,1,1,1,1,1,0,1,1,1,1
11.345593625,1,1,1,1,1,1,1,1,1,0,1,0,1,1
11.345594187,1,1,1,1,1,1,1,1,1,0,1,1,1,1
11.345611000,1,1,1,1,1,1,1,1,1,0,1,0,1,1
11.345611563,1,1,1,1,1,1,1,1,1,0,1,1,1,1
11.345628000,1,1,1,1,1,1,1,1,1,0,1,0,1,1
11.345628562,1,1,1,1,1,1,1,1,1,0,1,1,1,1
11.345644812,1,1,1,1,1,1,1,1,1,0,1,0,1,1
11.345645375,1,1,1,1,1,1,1,1,1,0,1,1,1,1
11.345661625,1,1,1,1,1,1,1,1,1,0,1,0,1,1
11.345662125,1,1,1,1,1,1,1,1,1,0,1,1,1,1
11.345678375,1,1,1,1,1,1,1,1,1,0,1,0,1,1
11.345678938,1,1,1,1,1,1,1,1,1,0,1,1,1,1
11.345695188,1,1,1,1,1,1,1,1,1,0,1,0,1,1
11.345695750,1,1,1,1,1,1,1,1,1,0,1,1,1,1
11.345712000,1,1,1,1,1,1,1,1,1,0,1,0,1,1
11.345712562,1,1,1,1,1,1,1,1,1,0,1,1,1,1
11.345728813,1,1,1,1,1,1,1,1,1,0,1,0,1,1
11.345729375,1,1,1,1,1,1,1,1,1,0,1,1,1,1
11.345745562,1,1,1,1,1,1,1,1,1,0,1,0,1,1
11.345746125,1,1,1,1,1,1,1,1,1,0,1,1,1,1
11.345762375,1,1,1,1,1,1,1,1,1,0,1,0,1,1
11.345762937,1,1,1,1,1,1,1,1,1,0,1,1,1,1
11.345779187,1,1,1,1,1,1,1,1,1,0,1,0,1,1
11.345779750,1,1,1,1,1,1,1,1,1,0,1,1,1,1
11.345796563,1,1,1,1,1,1,1,1,1,0,1,0,1,1
11.345797125,1,1,1,1,1,1,1,1,1,0,1,1,1,1
11.345813563,1,1,1,1,1,1,1,1,1,0,1,0,1,1
11.345814125,1,1,1,1,1,1,1,1,1,0,1,1,1,1
11.345830375,1,1,1,1,1,1,1,1,1,0,1,0,1,1
11.345830938,1,1,1,1,1,1,1,1,1,0,1,1,1,1
11.345847188,1,1,1,1,1,1,1,1,1,0,1,0,1,1
11.345847750,1,1,1,1,1,1,1,1,1,0,1,1,1,1
11.345864000,1,1,1,1,1,1,1,1,1,0,1,0,1,1
11.345864562,1,1,1,1,1,1,1,1,1,0,1,1,1,1
11.345880750,1,1,1,1,1,1,1,1,1,0,1,0,1,1
11.345881312,1,1,1,1,1,1,1,1,1,0,1,1,1,1
11.345897562,1,1,1,1,1,1,1,1,1,0,1,0,1,1
11.345898125,1,1,1,1,1,1,1,1,1,0,1,1,1,1
11.345914375,1,1,1,1,1,1,1,1,1,0,1,0,1,1
11.345914937,1,1,1,1,1,1,1,1,1,0,1,1,1,1
11.345931187,1,1,1,1,1,1,1,1,1,0,1,0,1,1
11.345931750,1,1,1,1,1,1,1,1,1,0,1,1,1,1
11.345948000,1,1,1,1,1,1,1,1,1,0,1,0,1,1
11.345948500,1,1,1,1,1,1,1,1,1,0,1,1,1,1
11.345964750,1,1,1,1,1,1,1,1,1,0,1,0,1,1
11.345965313,1,1,1,1,1,1,1,1,1,0,1,1,1,1
11.345982188,1,1,1,1,1,1,1,1,1,0,1,0,1,1
11.345982750,1,1,1,1,1,1,1,1,1,0,1,1,1,1
11.345999188,1,1,1,1,1,1,1,1,1,0,1,0,1,1
11.345999750,1,1,1,1,1,1,1,1,1,0,1,1,1,1
11.346015938,1,1,1,1,1,1,1,1,1,0,1,0,1,1
11.346016500,1,1,1,1,1,1,1,1,1,0,1,1,1,1
11.346032750,1,1,1,1,1,1,1,1,1,0,1,0,1,1
11.346033312,1,1,1,1,1,1,1,1,1,0,1,1,1,1
11.346049562,1,1,1,1,1,1,1,1,1,0,1,0,1,1
11.346050125,1,1,1,1,1,1,1,1,1,0,1,1,1,1
11.346066375,1,1,1,1,1,1,1,1,1,0,1,0,1,1
11.346066937,1,1,1,1,1,1,1,1,1,0,1,1,1,1
11.346083187,1,1,1,1,1,1,1,1,1,0,1,0,1,1
11.346083688,1,1,1,1,1,1,1,1,1,0,1,1,1,1
11.346099938,1,1,1,1,1,1,1,1,1,0,1,0,1,1
11.346100500,1,1,1,1,1,1,1,1,1,0,1,1,1,1
11.346116750,1,1,1,1,1,1,1,1,1,0,1,0,1,1
11.346117313,1,1,1,1,1,1,1,1,1,0,1,1,1,1
11.346133563,1,1,1,1,1,1,1,1,1,0,1,0,1,1
11.346134125,1,1,1,1,1,1,1,1,1,0,1,1,1,1
11.346150375,1,1,1,1,1,1,1,1,1,0,1,0,1,1
11.346150937,1,1,1,1,1,1,1,1,1,0,1,1,1,1
11.346167750,1,1,1,1,1,1,1,1,1,0,1,0,1,1
11.346168312,1,1,1,1,1,1,1,1,1,0,1,1,1,1
11.346184750,1,1,1,1,1,1,1,1,1,0,1,0,1,1
11.346185312,1,1,1,1,1,1,1,1,1,0,1,1,1,1
11.346201562,1,1,1,1,1,1,1,1,1,0,1,0,1,1
11.346202125,1,1,1,1,1,1,1,1,1,0,1,1,1,1
11.346218375,1,1,1,1,1,1,1,1,1,0,1,0,1,1
11.346218875,1,1,1,1,1,1,1,1,1,0,1,1,1,1
11.346235125,1,1,1,1,1,1,1,1,1,0,1,0,1,1
11.346235688,1,1,1,1,1,1,1,1,1,0,1,1,1,1
11.346251937,1,1,1,1,1,1,1,1,1,0,1,0,1,1
11.346252500,1,1,1,1,1,1,1,1,1,0,1,1,1,1
11.346268750,1,1,1,1,1,1,1,1,1,0,1,0,1,1
11.346269313,1,1,1,1,1,1,1,1,1,0,1,1,1,1
11.346285563,1,1,1,1,1,1,1,1,1,0,1,0,1,1
11.346286125,1,1,1,1,1,1,1,1,1,0,1,1,1,1
11.346302313,1,1,1,1,1,1,1,1,1,0,1,0,1,1
11.346302875,1,1,1,1,1,1,1,1,1,0,1,1,1,1
11.346319125,1,1,1,1,1,1,1,1,1,0,1,0,1,1
11.346319687,1,1,1,1,1,1,1,1,1,0,1,1,1,1
11.346335937,1,1,1,1,1,1,1,1,1,0,1,0,1,1
11.346336500,1,1,1,1,1,1,1,1,1,0,1,1,1,1
11.346353312,1,1,1,1,1,1,1,1,1,0,1,0,1,1
11.346353875,1,1,1,1,1,1,1,1,1,0,1,1,1,1
11.346370312,1,1,1,1,1,1,1,1,1,0,1,0,1,1
11.346370875,1,1,1,1,1,1,1,1,1,0,1,1,1,1
11.346387125,1,1,1,1,1,1,1,1,1,0,1,0,1,1
11.346387688,1,1,1,1,1,1,1,1,1,0,1,1,1,1
11.346403937,1,1,1,1,1,1,1,1,1,0,1,0,1,1
11.346404500,1,1,1,1,1,1,1,1,1,0,1,1,1,1
11.346420750,1,1,1,1,1,1,1,1,1,0,1,0,1,1
11.346421313,1,1,1,1,1,1,1,1,1,0,1,1,1,1
11.346437500,1,1,1,1,1,1,1,1,1,0,1,0,1,1
11.346438063,1,1,1,1,1,1,1,1,1,0,1,1,1,1
11.346454313,1,1,1,1,1,1,1,1,1,0,1,0,1,1
11.346454875,1,1,1,1,1,1,1,1,1,0,1,1,1,1
11.346471125,1,1,1,1,1,1,1,1,1,0,1,0,1,1
11.346471687,1,1,1,1,1,1,1,1,1,0,1,1,1,1
11.346487937,1,1,1,1,1,1,1,1,1,0,1,0,1,1
11.346488500,1,1,1,1,1,1,1,1,1,0,1,1,1,1
11.346504750,1,1,1,1,1,1,1,1,1,0,1,0,1,1
11.346505250,1,1,1,1,1,1,1,1,1,0,1,1,1,1
11.346521500,1,1,1,1,1,1,1,1,1,0,1,0,1,1
11.346522063,1,1,1,1,1,1,1,1,1,0,1,1,1,1
11.346538938,1,1,1,1,1,1,1,1,1,0,1,0,1,1
11.346539500,1,1,1,1,1,1,1,1,1,0,1,1,1,1
11.346555937,1,1,1,1,1,1,1,1,1,0,1,0,1,1
11.346556500,1,1,1,1,1,1,1,1,1,0,1,1,1,1
11.346572688,1,1,1,1,1,1,1,1,1,0,1,0,1,1
11.346573250,1,1,1,1,1,1,1,1,1,0,1,1,1,1
11.346589500,1,1,1,1,1,1,1,1,1,0,1,0,1,1
11.346590063,1,1,1,1,1,1,1,1,1,0,1,1,1,1
11.346606313,1,1,1,1,1,1,1,1,1,0,1,0,1,1
11.346606875,1,1,1,1,1,1,1,1,1,0,1,1,1,1
11.346623125,1,1,1,1,1,1,1,1,1,0,1,0,1,1
11.346623687,1,1,1,1,1,1,1,1,1,0,1,1,1,1
11.346639938,1,1,1,1,1,1,1,1,1,0,1,0,1,1
11.346640437,1,1,1,1,1,1,1,1,1,0,1,1,1,1
11.346656687,1,1,1,1,1,1,1,1,1,0,1,0,1,1
11.346657250,1,1,1,1,1,1,1,1,1,0,1,1,1,1
11.346673500,1,1,1,1,1,1,1,1,1,0,1,0,1,1
11.346674062,1,1,1,1,1,1,1,1,1,0,1,1,1,1
11.346690312,1,1,1,1,1,1,1,1,1,0,1,0,1,1
11.346690875,1,1,1,1,1,1,1,1,1,0,1,1,1,1
11.346707125,1,1,1,1,1,1,1,1,1,0,1,0,1,1
11.346707688,1,1,1,1,1,1,1,1,1,0,1,1,1,1
11.346724500,1,1,1,1,1,1,1,1,1,0,1,0,1,1
11.346725062,1,1,1,1,1,1,1,1,1,0,1,1,1,1
11.346741500,1,1,1,1,1,1,1,1,1,0,1,0,1,1
11.346742063,1,1,1,1,1,1,1,1,1,0,1,1,1,1
11.346758313,1,1,1,1,1,1,1,1,1,0,1,0,1,1
11.346758875,1,1,1,1,1,1,1,1,1,0,1,1,1,1
11.346775125,1,1,1,1,1,1,1,1,1,0,1,0,1,1
11.346775625,1,1,1,1,1,1,1,1,1,0,1,1,1,1
11.346791875,1,1,1,1,1,1,1,1,1,0,1,0,1,1
11.346792437,1,1,1,1,1,1,1,1,1,0,1,1,1,1
11.346808687,1,1,1,1,1,1,1,1,1,0,1,0,1,1
11.346809250,1,1,1,1,1,1,1,1,1,0,1,1,1,1
11.346825500,1,1,1,1,1,1,1,1,1,0,1,0,1,1
11.346826062,1,1,1,1,1,1,1,1,1,0,1,1,1,1
11.346842312,1,1,1,1,1,1,1,1,1,0,1,0,1,1
11.346842875,1,1,1,1,1,1,1,1,1,0,1,1,1,1
11.346859063,1,1,1,1,1,1,1,1,1,0,1,0,1,1
11.346859625,1,1,1,1,1,1,1,1,1,0,1,1,1,1
11.346875875,1,1,1,1,1,1,1,1,1,0,1,0,1,1
11.346876438,1,1,1,1,1,1,1,1,1,0,1,1,1,1
11.346892688,1,1,1,1,1,1,1,1,1,0,1,0,1,1
11.346893250,1,1,1,1,1,1,1,1,1,0,1,1,1,1
11.346910062,1,1,1,1,1,1,1,1,1,0,1,0,1,1
11.346910625,1,1,1,1,1,1,1,1,1,0,1,1,1,1
11.346927063,1,1,1,1,1,1,1,1,1,0,1,0,1,1
11.346927625,1,1,1,1,1,1,1,1,1,0,1,1,1,1
11.346943875,1,1,1,1,1,1,1,1,1,0,1,0,1,1
11.346944437,1,1,1,1,1,1,1,1,1,0,1,1,1,1
11.346960687,1,1,1,1,1,1,1,1,1,0,1,0,1,1
11.346961250,1,1,1,1,1,1,1,1,1,0,1,1,1,1
11.346977500,1,1,1,1,1,1,1,1,1,0,1,0,1,1
11.346978062,1,1,1,1,1,1,1,1,1,0,1,1,1,1
11.346994250,1,1,1,1,1,1,1,1,1,0,1,0,1,1
11.346994813,1,1,1,1,1,1,1,1,1,0,1,1,1,1
11.347011063,1,1,1,1,1,1,1,1,1,0,1,0,1,1
11.347011625,1,1,1,1,1,1,1,1,1,0,1,1,1,1
11.347027875,1,1,1,1,1,1,1,1,1,0,1,0,1,1
11.347028438,1,1,1,1,1,1,1,1,1,0,1,1,1,1
11.347044688,1,1,1,1,1,1,1,1,1,0,1,0,1,1
11.347045250,1,1,1,1,1,1,1,1,1,0,1,1,1,1
11.347061500,1,1,1,1,1,1,1,1,1,0,1,0,1,1
11.347062000,1,1,1,1,1,1,1,1,1,0,1,1,1,1
11.347078250,1,1,1,1,1,1,1,1,1,0,1,0,1,1
11.347078812,1,1,1,1,1,1,1,1,1,0,1,1,1,1
11.347095687,1,1,1,1,1,1,1,1,1,0,1,0,1,1
11.347096250,1,1,1,1,1,1,1,1,1,0,1,1,1,1
11.347112687,1,1,1,1,1,1,1,1,1,0,1,0,1,1
11.347113250,1,1,1,1,1,1,1,1,1,0,1,1,1,1
11.347129437,1,1,1,1,1,1,1,1,1,0,1,0,1,1
11.347130000,1,1,1,1,1,1,1,1,1,0,1,1,1,1
11.347146250,1,1,1,1,1,1,1,1,1,0,1,0,1,1
11.347146812,1,1,1,1,1,1,1,1,1,0,1,1,1,1
11.347163062,1,1,1,1,1,1,1,1,1,0,1,0,1,1
11.347163625,1,1,1,1,1,1,1,1,1,0,1,1,1,1
11.347179875,1,1,1,1,1,1,1,1,1,0,1,0,1,1
11.347180438,1,1,1,1,1,1,1,1,1,0,1,1,1,1
11.347196688,1,1,1,1,1,1,1,1,1,0,1,0,1,1
11.347197188,1,1,1,1,1,1,1,1,1,0,1,1,1,1
11.347213438,1,1,1,1,1,1,1,1,1,0,1,0,1,1
11.347214000,1,1,1,1,1,1,1,1,1,0,1,1,1,1
11.347230250,1,1,1,1,1,1,1,1,1,0,1,0,1,1
11.347230812,1,1,1,1,1,1,1,1,1,0,1,1,1,1
11.347247062,1,1,1,1,1,1,1,1,1,0,1,0,1,1
11.347247625,1,1,1,1,1,1,1,1,1,0,1,1,1,1
11.347263875,1,1,1,1,1,1,1,1,1,0,1,0,1,1
11.347264437,1,1,1,1,1,1,1,1,1,0,1,1,1,1
11.347281250,1,1,1,1,1,1,1,1,1,0,1,0,1,1
11.347281813,1,1,1,1,1,1,1,1,1,0,1,1,1,1
11.347298250,1,1,1,1,1,1,1,1,1,0,1,0,1,1
11.347298813,1,1,1,1,1,1,1,1,1,0,1,1,1,1
11.347315062,1,1,1,1,1,1,1,1,1,0,1,0,1,1
11.347315625,1,1,1,1,1,1,1,1,1,0,1,1,1,1
11.347331875,1,1,1,1,1,1,1,1,1,0,1,0,1,1
11.347332375,1,1,1,1,1,1,1,1,1,0,1,1,1,1
11.347348625,1,1,1,1,1,1,1,1,1,0,1,0,1,1
11.347349188,1,1,1,1,1,1,1,1,1,0,1,1,1,1
11.347365438,1,1,1,1,1,1,1,1,1,0,1,0,1,1
11.347366000,1,1,1,1,1,1,1,1,1,0,1,1,1,1
11.347382250,1,1,1,1,1,1,1,1,1,0,1,0,1,1
11.347382812,1,1,1,1,1,1,1,1,1,0,1,1,1,1
11.347399062,1,1,1,1,1,1,1,1,1,0,1,0,1,1
11.347399625,1,1,1,1,1,1,1,1,1,0,1,1,1,1
11.347415812,1,1,1,1,1,1,1,1,1,0,1,0,1,1
11.347416375,1,1,1,1,1,1,1,1,1,0,1,1,1,1
11.347432625,1,1,1,1,1,1,1,1,1,0,1,0,1,1
11.347433188,1,1,1,1,1,1,1,1,1,0,1,1,1,1
11.347449437,1,1,1,1,1,1,1,1,1,0,1,0,1,1
11.347450000,1,1,1,1,1,1,1,1,1,0,1,1,1,1
11.347466813,1,1,1,1,1,1,1,1,1,0,1,0,1,1
11.347467375,1,1,1,1,1,1,1,1,1,0,1,1,1,1
11.347483813,1,1,1,1,1,1,1,1,1,0,1,0,1,1
11.347484375,1,1,1,1,1,1,1,1,1,0,1,1,1,1
11.347500625,1,1,1,1,1,1,1,1,1,0,1,0,1,1
11.347501188,1,1,1,1,1,1,1,1,1,0,1,1,1,1
11.347517438,1,1,1,1,1,1,1,1,1,0,1,0,1,1
11.347518000,1,1,1,1,1,1,1,1,1,0,1,1,1,1
11.347534250,1,1,1,1,1,1,1,1,1,0,1,0,1,1
11.347534812,1,1,1,1,1,1,1,1,1,0,1,1,1,1
11.347551000,1,1,1,1,1,1,1,1,1,0,1,0,1,1
11.347551562,1,1,1,1,1,1,1,1,1,0,1,1,1,1
11.347567812,1,1,1,1,1,1,1,1,1,0,1,0,1,1
11.347568375,1,1,1,1,1,1,1,1,1,0,1,1,1,1
11.347584625,1,1,1,1,1,1,1,1,1,0,1,0,1,1
11.347585188,1,1,1,1,1,1,1,1,1,0,1,1,1,1
11.347601437,1,1,1,1,1,1,1,1,1,0,1,0,1,1
11.347602000,1,1,1,1,1,1,1,1,1,0,1,1,1,1
11.347618188,1,1,1,1,1,1,1,1,1,0,1,0,1,1
11.347618750,1,1,1,1,1,1,1,1,1,0,1,1,1,1
11.347635000,1,1,1,1,1,1,1,1,1,0,1,0,1,1
11.347635563,1,1,1,1,1,1,1,1,1,0,1,1,1,1
11.347652438,1,1,1,1,1,1,1,1,1,0,1,0,1,1
11.347653000,1,1,1,1,1,1,1,1,1,0,1,1,1,1
11.347669438,1,1,1,1,1,1,1,1,1,0,1,0,1,1
11.347670000,1,1,1,1,1,1,1,1,1,0,1,1,1,1
11.347686188,1,1,1,1,1,1,1,1,1,0,1,0,1,1
11.347686750,1,1,1,1,1,1,1,1,1,0,1,1,1,1
11.347703000,1,1,1,1,1,1,1,1,1,0,1,0,1,1
11.347703562,1,1,1,1,1,1,1,1,1,0,1,1,1,1
11.347719812,1,1,1,1,1,1,1,1,1,0,1,0,1,1
11.347720375,1,1,1,1,1,1,1,1,1,0,1,1,1,1
11.347736625,1,1,1,1,1,1,1,1,1,0,1,0,1,1
11.347737187,1,1,1,1,1,1,1,1,1,0,1,1,1,1
11.347753375,1,1,1,1,1,1,1,1,1,0,1,0,1,1
11.347753938,1,1,1,1,1,1,1,1,1,0,1,1,1,1
11.347770188,1,1,1,1,1,1,1,1,1,0,1,0,1,1
11.347770750,1,1,1,1,1,1,1,1,1,0,1,1,1,1
11.347787000,1,1,1,1,1,1,1,1,1,0,1,0,1,1
11.347787563,1,1,1,1,1,1,1,1,1,0,1,1,1,1
11.347803813,1,1,1,1,1,1,1,1,1,0,1,0,1,1
11.347804375,1,1,1,1,1,1,1,1,1,0,1,1,1,1
11.347820625,1,1,1,1,1,1,1,1,1,0,1,0,1,1
11.347821187,1,1,1,1,1,1,1,1,1,0,1,1,1,1
11.347838000,1,1,1,1,1,1,1,1,1,0,1,0,1,1
11.347838562,1,1,1,1,1,1,1,1,1,0,1,1,1,1
11.347855000,1,1,1,1,1,1,1,1,1,0,1,0,1,1
11.347855562,1,1,1,1,1,1,1,1,1,0,1,1,1,1
11.347871812,1,1,1,1,1,1,1,1,1,0,1,0,1,1
11.347872375,1,1,1,1,1,1,1,1,1,0,1,1,1,1
11.347888625,1,1,1,1,1,1,1,1,1,0,1,0,1,1
11.347889125,1,1,1,1,1,1,1,1,1,0,1,1,1,1
11.347905375,1,1,1,1,1,1,1,1,1,0,1,0,1,1
11.347905938,1,1,1,1,1,1,1,1,1,0,1,1,1,1
11.347922188,1,1,1,1,1,1,1,1,1,0,1,0,1,1
11.347922750,1,1,1,1,1,1,1,1,1,0,1,1,1,1
11.347939000,1,1,1,1,1,1,1,1,1,0,1,0,1,1
11.347939563,1,1,1,1,1,1,1,1,1,0,1,1,1,1
11.347955813,1,1,1,1,1,1,1,1,1,0,1,0,1,1
11.347956375,1,1,1,1,1,1,1,1,1,0,1,1,1,1
11.347972563,1,1,1,1,1,1,1,1,1,0,1,0,1,1
11.347973125,1,1,1,1,1,1,1,1,1,0,1,1,1,1
11.347989375,1,1,1,1,1,1,1,1,1,0,1,0,1,1
11.347989937,1,1,1,1,1,1,1,1,1,0,1,1,1,1
11.348006187,1,1,1,1,1,1,1,1,1,0,1,0,1,1
11.348006750,1,1,1,1,1,1,1,1,1,0,1,1,1,1
11.348023562,1,1,1,1,1,1,1,1,1,0,1,0,1,1
11.348024125,1,1,1,1,1,1,1,1,1,0,1,1,1,1
11.348040562,1,1,1,1,1,1,1,1,1,0,1,0,1,1
11.348041125,1,1,1,1,1,1,1,1,1,0,1,1,1,1
11.348057375,1,1,1,1,1,1,1,1,1,0,1,0,1,1
11.348057938,1,1,1,1,1,1,1,1,1,0,1,1,1,1
11.348074187,1,1,1,1,1,1,1,1,1,0,1,0,1,1
11.348074750,1,1,1,1,1,1,1,1,1,0,1,1,1,1
11.348091000,1,1,1,1,1,1,1,1,1,0,1,0,1,1
11.348091500,1,1,1,1,1,1,1,1,1,0,1,1,1,1
11.348107750,1,1,1,1,1,1,1,1,1,0,1,0,1,1
11.348108313,1,1,1,1,1,1,1,1,1,0,1,1,1,1
11.348124563,1,1,1,1,1,1,1,1,1,0,1,0,1,1
11.348125125,1,1,1,1,1,1,1,1,1,0,1,1,1,1
11.348141375,1,1,1,1,1,1,1,1,1,0,1,0,1,1
11.348141937,1,1,1,1,1,1,1,1,1,0,1,1,1,1
11.348158187,1,1,1,1,1,1,1,1,1,0,1,0,1,1
11.348158750,1,1,1,1,1,1,1,1,1,0,1,1,1,1
11.348174937,1,1,1,1,1,1,1,1,1,0,1,0,1,1
11.348175500,1,1,1,1,1,1,1,1,1,0,1,1,1,1
11.348191750,1,1,1,1,1,1,1,1,1,0,1,0,1,1
11.348192313,1,1,1,1,1,1,1,1,1,0,1,1,1,1
11.348209188,1,1,1,1,1,1,1,1,1,0,1,0,1,1
11.348209750,1,1,1,1,1,1,1,1,1,0,1,1,1,1
11.348226187,1,1,1,1,1,1,1,1,1,0,1,0,1,1
11.348226688,1,1,1,1,1,1,1,1,1,0,1,1,1,1
11.348242938,1,1,1,1,1,1,1,1,1,0,1,0,1,1
11.348243500,1,1,1,1,1,1,1,1,1,0,1,1,1,1
11.348259750,1,1,1,1,1,1,1,1,1,0,1,0,1,1
11.348260313,1,1,1,1,1,1,1,1,1,0,1,1,1,1
11.348276563,1,1,1,1,1,1,1,1,1,0,1,0,1,1
11.348277125,1,1,1,1,1,1,1,1,1,0,1,1,1,1
11.348293375,1,1,1,1,1,1,1,1,1,0,1,0,1,1
11.348293937,1,1,1,1,1,1,1,1,1,0,1,1,1,1
11.348310125,1,1,1,1,1,1,1,1,1,0,1,0,1,1
11.348310687,1,1,1,1,1,1,1,1,1,0,1,1,1,1
11.348326937,1,1,1,1,1,1,1,1,1,0,1,0,1,1
11.348327500,1,1,1,1,1,1,1,1,1,0,1,1,1,1
11.348343750,1,1,1,1,1,1,1,1,1,0,1,0,1,1
11.348344313,1,1,1,1,1,1,1,1,1,0,1,1,1,1
11.348360562,1,1,1,1,1,1,1,1,1,0,1,0,1,1
11.348361125,1,1,1,1,1,1,1,1,1,0,1,1,1,1
11.348377375,1,1,1,1,1,1,1,1,1,0,1,0,1,1
11.348377875,1,1,1,1,1,1,1,1,1,0,1,1,1,1
11.348394750,1,1,1,1,1,1,1,1,1,0,1,0,1,1
11.348395312,1,1,1,1,1,1,1,1,1,0,1,1,1,1
11.348411750,1,1,1,1,1,1,1,1,1,0,1,0,1,1
11.348412313,1,1,1,1,1,1,1,1,1,0,1,1,1,1
11.348428563,1,1,1,1,1,1,1,1,1,0,1,0,1,1
11.348429125,1,1,1,1,1,1,1,1,1,0,1,1,1,1
11.348445313,1,1,1,1,1,1,1,1,1,0,1,0,1,1
11.348445875,1,1,1,1,1,1,1,1,1,0,1,1,1,1
11.348462125,1,1,1,1,1,1,1,1,1,0,1,0,1,1
11.348462687,1,1,1,1,1,1,1,1,1,0,1,1,1,1
11.348478937,1,1,1,1,1,1,1,1,1,0,1,0,1,1
11.348479500,1,1,1,1,1,1,1,1,1,0,1,1,1,1
11.348495750,1,1,1,1,1,1,1,1,1,0,1,0,1,1
11.348496313,1,1,1,1,1,1,1,1,1,0,1,1,1,1
11.348512562,1,1,1,1,1,1,1,1,1,0,1,0,1,1
11.348513063,1,1,1,1,1,1,1,1,1,0,1,1,1,1
11.348529313,1,1,1,1,1,1,1,1,1,0,1,0,1,1
11.348529875,1,1,1,1,1,1,1,1,1,0,1,1,1,1
11.348546125,1,1,1,1,1,1,1,1,1,0,1,0,1,1
11.348546688,1,1,1,1,1,1,1,1,1,0,1,1,1,1
11.348562938,1,1,1,1,1,1,1,1,1,0,1,0,1,1
11.348563500,1,1,1,1,1,1,1,1,1,0,1,1,1,1
11.348580313,1,1,1,1,1,1,1,1,1,0,1,0,1,1
11.348580875,1,1,1,1,1,1,1,1,1,0,1,1,1,1
11.348597313,1,1,1,1,1,1,1,1,1,0,1,0,1,1
11.348597875,1,1,1,1,1,1,1,1,1,0,1,1,1,1
11.348614125,1,1,1,1,1,1,1,1,1,0,1,0,1,1
11.348614687,1,1,1,1,1,1,1,1,1,0,1,1,1,1
11.348630937,1,1,1,1,1,1,1,1,1,0,1,0,1,1
11.348631500,1,1,1,1,1,1,1,1,1,0,1,1,1,1
11.348647750,1,1,1,1,1,1,1,1,1,0,1,0,1,1
11.348648250,1,1,1,1,1,1,1,1,1,0,1,1,1,1
11.348664500,1,1,1,1,1,1,1,1,1,0,1,0,1,1
11.348665063,1,1,1,1,1,1,1,1,1,0,1,1,1,1
11.348681313,1,1,1,1,1,1,1,1,1,0,1,0,1,1
11.348681875,1,1,1,1,1,1,1,1,1,0,1,1,1,1
11.348698125,1,1,1,1,1,1,1,1,1,0,1,0,1,1
11.348698688,1,1,1,1,1,1,1,1,1,0,1,1,1,1
11.348714938,1,1,1,1,1,1,1,1,1,0,1,0,1,1
11.348715500,1,1,1,1,1,1,1,1,1,0,1,1,1,1
11.348731688,1,1,1,1,1,1,1,1,1,0,1,0,1,1
11.348732250,1,1,1,1,1,1,1,1,1,0,1,1,1,1
11.348748500,1,1,1,1,1,1,1,1,1,0,1,0,1,1
11.348749062,1,1,1,1,1,1,1,1,1,0,1,1,1,1
11.348765937,1,1,1,1,1,1,1,1,1,0,1,0,1,1
11.348766438,1,1,1,1,1,1,1,1,1,0,1,1,1,1
11.348782937,1,1,1,1,1,1,1,1,1,0,1,0,1,1
11.348783437,1,1,1,1,1,1,1,1,1,0,1,1,1,1
11.348799687,1,1,1,1,1,1,1,1,1,0,1,0,1,1
11.348800250,1,1,1,1,1,1,1,1,1,0,1,1,1,1
11.348816500,1,1,1,1,1,1,1,1,1,0,1,0,1,1
11.348817063,1,1,1,1,1,1,1,1,1,0,1,1,1,1
11.348833313,1,1,1,1,1,1,1,1,1,0,1,0,1,1
11.348833875,1,1,1,1,1,1,1,1,1,0,1,1,1,1
11.348850125,1,1,1,1,1,1,1,1,1,0,1,0,1,1
11.348850688,1,1,1,1,1,1,1,1,1,0,1,1,1,1
11.348866875,1,1,1,1,1,1,1,1,1,0,1,0,1,1
11.348867437,1,1,1,1,1,1,1,1,1,0,1,1,1,1
11.348883688,1,1,1,1,1,1,1,1,1,0,1,0,1,1
11.348884250,1,1,1,1,1,1,1,1,1,0,1,1,1,1
11.348900500,1,1,1,1,1,1,1,1,1,0,1,0,1,1
11.348901062,1,1,1,1,1,1,1,1,1,0,1,1,1,1
11.348917312,1,1,1,1,1,1,1,1,1,0,1,0,1,1
11.348917875,1,1,1,1,1,1,1,1,1,0,1,1,1,1
11.348934125,1,1,1,1,1,1,1,1,1,0,1,0,1,1
11.348934625,1,1,1,1,1,1,1,1,1,0,1,1,1,1
11.348951500,1,1,1,1,1,1,1,1,1,0,1,0,1,1
11.348952063,1,1,1,1,1,1,1,1,1,0,1,1,1,1
11.348968500,1,1,1,1,1,1,1,1,1,0,1,0,1,1
11.348969063,1,1,1,1,1,1,1,1,1,0,1,1,1,1
11.348985313,1,1,1,1,1,1,1,1,1,0,1,0,1,1
11.348985875,1,1,1,1,1,1,1,1,1,0,1,1,1,1
11.349002063,1,1,1,1,1,1,1,1,1,0,1,0,1,1
11.349002625,1,1,1,1,1,1,1,1,1,0,1,1,1,1
11.349018875,1,1,1,1,1,1,1,1,1,0,1,0,1,1
11.349019438,1,1,1,1,1,1,1,1,1,0,1,1,1,1
11.349035688,1,1,1,1,1,1,1,1,1,0,1,0,1,1
11.349036250,1,1,1,1,1,1,1,1,1,0,1,1,1,1
11.349052500,1,1,1,1,1,1,1,1,1,0,1,0,1,1
11.349053062,1,1,1,1,1,1,1,1,1,0,1,1,1,1
11.349069312,1,1,1,1,1,1,1,1,1,0,1,0,1,1
11.349069812,1,1,1,1,1,1,1,1,1,0,1,1,1,1
11.349086062,1,1,1,1,1,1,1,1,1,0,1,0,1,1
11.349086625,1,1,1,1,1,1,1,1,1,0,1,1,1,1
11.349102875,1,1,1,1,1,1,1,1,1,0,1,0,1,1
11.349103438,1,1,1,1,1,1,1,1,1,0,1,1,1,1
11.349119687,1,1,1,1,1,1,1,1,1,0,1,0,1,1
11.349120250,1,1,1,1,1,1,1,1,1,0,1,1,1,1
11.349137063,1,1,1,1,1,1,1,1,1,0,1,0,1,1
11.349137625,1,1,1,1,1,1,1,1,1,0,1,1,1,1
11.349154063,1,1,1,1,1,1,1,1,1,0,1,0,1,1
11.349154625,1,1,1,1,1,1,1,1,1,0,1,1,1,1
11.349170875,1,1,1,1,1,1,1,1,1,0,1,0,1,1
11.349171438,1,1,1,1,1,1,1,1,1,0,1,1,1,1
11.349187688,1,1,1,1,1,1,1,1,1,0,1,0,1,1
11.349188250,1,1,1,1,1,1,1,1,1,0,1,1,1,1
11.349204500,1,1,1,1,1,1,1,1,1,0,1,0,1,1
11.349205000,1,1,1,1,1,1,1,1,1,0,1,1,1,1
11.349221250,1,1,1,1,1,1,1,1,1,0,1,0,1,1
11.349221812,1,1,1,1,1,1,1,1,1,0,1,1,1,1
11.349238062,1,1,1,1,1,1,1,1,1,0,1,0,1,1
11.349238625,1,1,1,1,1,1,1,1,1,0,1,1,1,1
11.349254875,1,1,1,1,1,1,1,1,1,0,1,0,1,1
11.349255438,1,1,1,1,1,1,1,1,1,0,1,1,1,1
11.349271687,1,1,1,1,1,1,1,1,1,0,1,0,1,1
11.349272250,1,1,1,1,1,1,1,1,1,0,1,1,1,1
11.349288438,1,1,1,1,1,1,1,1,1,0,1,0,1,1
11.349289000,1,1,1,1,1,1,1,1,1,0,1,1,1,1
11.349305250,1,1,1,1,1,1,1,1,1,0,1,0,1,1
11.349305813,1,1,1,1,1,1,1,1,1,0,1,1,1,1
11.349322688,1,1,1,1,1,1,1,1,1,0,1,0,1,1
11.349323250,1,1,1,1,1,1,1,1,1,0,1,1,1,1
11.349339688,1,1,1,1,1,1,1,1,1,0,1,0,1,1
11.349340250,1,1,1,1,1,1,1,1,1,0,1,1,1,1
11.349356437,1,1,1,1,1,1,1,1,1,0,1,0,1,1
11.349357000,1,1,1,1,1,1,1,1,1,0,1,1,1,1
11.349373250,1,1,1,1,1,1,1,1,1,0,1,0,1,1
11.349373812,1,1,1,1,1,1,1,1,1,0,1,1,1,1
11.349390062,1,1,1,1,1,1,1,1,1,0,1,0,1,1
11.349390625,1,1,1,1,1,1,1,1,1,0,1,1,1,1
11.349406875,1,1,1,1,1,1,1,1,1,0,1,0,1,1
11.349407438,1,1,1,1,1,1,1,1,1,0,1,1,1,1
11.349423625,1,1,1,1,1,1,1,1,1,0,1,0,1,1
11.349424188,1,1,1,1,1,1,1,1,1,0,1,1,1,1
11.349440438,1,1,1,1,1,1,1,1,1,0,1,0,1,1
11.349441000,1,1,1,1,1,1,1,1,1,0,1,1,1,1
11.349457250,1,1,1,1,1,1,1,1,1,0,1,0,1,1
11.349457813,1,1,1,1,1,1,1,1,1,0,1,1,1,1
11.349474063,1,1,1,1,1,1,1,1,1,0,1,0,1,1
11.349474625,1,1,1,1,1,1,1,1,1,0,1,1,1,1
11.349490875,1,1,1,1,1,1,1,1,1,0,1,0,1,1
11.349491375,1,1,1,1,1,1,1,1,1,0,1,1,1,1
11.349508250,1,1,1,1,1,1,1,1,1,0,1,0,1,1
11.349508812,1,1,1,1,1,1,1,1,1,0,1,1,1,1
11.349525250,1,1,1,1,1,1,1,1,1,0,1,0,1,1
11.349525812,1,1,1,1,1,1,1,1,1,0,1,1,1,1
11.349908625,1,1,1,1,1,1,1,1,1,0,1,0,1,1
11.349909187,1,1,1,1,1,1,1,1,1,0,1,1,1,1
11.350102563,1,1,1,1,1,1,1,1,1,0,0,1,1,1
11.350102750,1,1,1,1,1,1,1,1,1,1,0,1,1,1
11.350105000,0,1,0,1,1,1,0,1,1,1,0,1,1,1
11.350109375,0,1,0,1,1,1,0,1,1,0,0,1,1,1
11.350130125,0,1,1,1,1,1,1,1,1,0,0,1,1,1
11.350130187,0,0,0,0,0,1,0,1,1,0,0,1,1,1
11.350133000,0,0,0,0,0,1,0,1,1,0,0,1,0,1
11.350137688,0,0,0,0,0,1,0,1,1,0,0,0,0,1
11.350190687,0,0,0,0,0,1,0,1,1,1,0,0,0,1
11.350190812,0,0,0,0,0,1,0,1,1,1,0,0,1,1
11.350194438,0,0,0,0,0,1,0,1,1,0,0,0,1,1
11.350196000,0,0,0,0,0,1,0,1,1,0,0,1,1,1
11.351384000,0,0,1,1,0,1,0,1,1,0,0,1,1,1
11.351384062,1,1,1,1,1,1,1,1,1,0,1,1,1,1
11.351390813,1,1,1,1,1,1,1,1,1,0,0,1,1,1
11.351390875,0,0,0,0,0,1,0,1,1,0,0,1,1,1
11.351522625,1,1,0,1,0,1,1,1,1,0,0,1,1,1
11.351525500,1,1,0,1,0,1,1,1,1,0,0,1,0,1
11.351532188,1,1,0,1,0,1,1,1,1,0,0,0,0,1
11.351572750,1,1,0,1,0,1,1,1,1,1,0,0,0,1
11.351572938,1,1,0,1,0,1,1,1,1,1,0,0,1,1
11.351576938,1,1,0,1,0,1,1,1,1,0,0,0,1,1
11.351578812,1,1,0,1,0,1,1,1,1,0,0,1,1,1
11.882869750,1,1,1,1,1,1,1,1,1,0,1,1,1,1
11.882876812,1,1,0,1,0,1,1,1,1,0,1,1,1,1
11.882877688,1,1,0,1,0,1,1,1,1,1,1,1,1,1
11.882907062,1,1,1,1,1,1,1,1,1,1,1,1,1,1
11.882907125,0,1,0,1,1,0,1,1,1,1,1,1,1,1
12.520108625,1,1,1,1,1,1,1,1,1,1,1,1,1,1
12.520115312,1,1,1,1,1,1,1,1,1,1,0,1,1,1
12.520115437,0,1,0,1,1,0,1,1,1,1,0,1,1,1
12.520122562,0,1,0,1,1,0,1,1,1,0,0,1,1,1
12.520247750,1,1,1,1,1,1,1,1,1,0,0,1,1,1
12.520247812,1,1,0,1,0,1,1,1,1,0,0,1,1,1
12.520250625,1,1,0,1,0,1,1,1,1,0,0,1,0,1
12.520255250,1,1,0,1,0,1,1,1,1,0,0,0,0,1
12.520308375,1,1,0,1,0,1,1,1,1,1,0,0,0,1
12.520308500,1,1,0,1,0,1,1,1,1,1,0,0,1,1
12.520312312,1,1,0,1,0,1,1,1,1,0,0,0,1,1
12.520313937,1,1,0,1,0,1,1,1,1,0,0,1,1,1
13.054471875,1,0,0,1,1,0,1,1,1,0,0,1,1,1
13.054474750,1,0,0,1,1,0,1,1,1,0,0,1,0,1
13.054480875,1,0,0,1,1,0,1,1,1,0,0,0,0,1
13.054538188,1,0,0,1,1,0,1,1,1,1,0,0,0,1
13.054538375,1,0,0,1,1,0,1,1,1,1,0,0,1,1
13.054543000,1,0,0,1,1,0,1,1,1,0,0,0,1,1
13.054544937,1,0,0,1,1,0,1,1,1,0,0,1,1,1
13.055641812,1,0,0,1,1,0,1,1,1,0,1,1,1,1
13.055672313,0,1,1,1,1,1,1,1,1,0,1,1,1,1
13.055675437,0,1,1,1,1,1,1,1,1,0,1,1,0,1
13.055735312,0,1,1,1,1,1,1,1,1,1,1,1,0,1
13.055735437,0,1,1,1,1,1,1,1,1,1,1,1,1,1
13.055736062,1,1,1,1,1,1,1,1,1,1,1,1,1,1
13.055737312,1,1,1,1,1,1,1,1,1,1,1,0,1,1
13.055782938,1,1,1,1,1,1,1,1,1,1,1,1,1,1
13.055803687,1,1,0,1,0,0,1,1,1,1,1,1,1,1
13.055808063,1,1,1,1,1,1,1,1,1,1,1,1,1,1
13.058577250,1,1,1,1,1,1,1,1,1,1,0,1,1,1
13.058582625,1,1,1,1,1,1,1,1,1,0,0,1,1,1
13.058709125,1,1,0,1,0,1,1,1,1,0,0,1,1,1
13.058711938,1,1,0,1,0,1,1,1,1,0,0,1,0,1
13.058714563,1,1,0,1,0,1,1,1,1,0,0,0,0,1
13.058758938,1,1,0,1,0,1,1,1,1,1,0,0,0,1
13.058759125,1,1,0,1,0,1,1,1,1,1,0,0,1,1
13.058763063,1,1,0,1,0,1,1,1,1,0,0,0,1,1
13.058764750,1,1,0,1,0,1,1,1,1,0,0,1,1,1
15.667871000,1,1,1,1,0,1,1,1,1,0,0,1,1,1
15.667871062,1,1,1,1,1,1,1,1,1,0,1,1,1,1
15.667877750,1,1,1,1,1,1,1,1,1,0,0,1,1,1
15.667877813,1,1,0,1,0,1,1,1,1,0,0,1,1,1
15.667878375,1,1,0,1,0,1,1,1,1,1,0,1,1,1
15.667881875,1,1,0,1,0,1,1,1,1,0,0,1,1,1
15.668012250,1,1,0,1,0,1,1,1,1,0,0,1,0,1
15.668015500,1,1,0,1,0,1,1,1,1,0,0,0,0,1
15.668067875,1,1,0,1,0,1,1,1,1,1,0,0,0,1
15.668068000,1,1,0,1,0,1,1,1,1,1,0,0,1,1
15.668071750,1,1,0,1,0,1,1,1,1,0,0,0,1,1
15.668073313,1,1,0,1,0,1,1,1,1,0,0,1,1,1
16.397008875,0,1,0,1,1,0,1,1,1,0,0,1,1,1
16.397011750,0,1,0,1,1,0,1,1,1,0,0,1,0,1
16.397019000,0,1,0,1,1,0,1,1,1,0,0,0,0,1
16.397073688,0,1,0,1,1,0,1,1,1,1,0,0,0,1
16.397073813,0,1,0,1,1,0,1,1,1,1,0,0,1,1
16.397077938,0,1,0,1,1,0,1,1,1,0,0,0,1,1
16.397079875,0,1,0,1,1,0,1,1,1,0,0,1,1,1
16.398249187,0,1,0,1,1,0,1,1,1,0,1,1,1,1
16.398279875,0,1,1,1,1,1,1,1,1,0,1,1,1,1
16.398283000,0,1,1,1,1,1,1,1,1,0,1,1,0,1
16.398287312,0,1,1,1,1,1,1,1,1,0,1,0,0,1
16.398320250,0,1,1,1,1,1,1,1,1,1,1,0,0,1
16.398320438,0,1,1,1,1,1,1,1,1,1,1,0,1,1
16.398321062,1,1,1,1,1,1,1,1,1,1,1,0,1,1
16.398324313,1,1,1,1,1,1,1,1,1,0,1,0,1,1
16.398326000,1,1,1,1,1,1,1,1,1,0,1,1,1,1
16.398326125,1,1,1,1,1,1,1,1,1,0,1,1,0,1
16.398332750,1,1,1,1,1,1,1,1,1,0,1,0,0,1
16.398354000,1,1,1,1,1,1,1,1,1,1,1,0,0,1
16.398354188,1,1,1,1,1,1,1,1,1,1,1,0,1,1
16.398357437,1,1,1,1,1,1,1,1,1,0,1,0,1,1
16.398358625,1,1,1,1,1,1,1,1,1,0,1,1,1,1
16.398358812,1,1,1,1,1,1,1,1,1,0,1,1,0,1
16.398362937,1,1,1,1,1,1,1,1,1,0,1,0,0,1
16.398378500,1,1,1,1,1,1,1,1,1,1,1,0,0,1
16.398378687,1,1,1,1,1,1,1,1,1,1,1,0,1,1
16.398381625,1,1,1,1,1,1,1,1,1,0,1,0,1,1
16.398382875,1,1,1,1,1,1,1,1,1,0,1,1,1,1
16.398383062,1,1,1,1,1,1,1,1,1,0,1,1,0,1
16.398386438,1,1,1,1,1,1,1,1,1,0,1,0,0,1
16.398539500,1,1,1,1,1,1,1,1,1,1,1,0,0,1
16.398539625,1,1,1,1,1,1,1,1,1,1,1,0,1,1
16.398545375,1,1,1,1,1,1,1,1,1,0,1,0,1,1
16.398547375,1,1,1,1,1,1,1,1,1,0,1,1,1,1
16.398547562,1,1,1,1,1,1,1,1,1,0,1,1,0,1
16.398552188,1,1,1,1,1,1,1,1,1,0,1,0,0,1
16.398574375,1,1,1,1,1,1,1,1,1,1,1,0,0,1
16.398574562,1,1,1,1,1,1,1,1,1,1,1,0,1,1
16.398577938,1,1,1,1,1,1,1,1,1,0,1,0,1,1
16.398579250,1,1,1,1,1,1,1,1,1,0,1,1,1,1
16.398579438,1,1,1,1,1,1,1,1,1,0,1,1,0,1
16.398583125,1,1,1,1,1,1,1,1,1,0,1,0,0,1
16.398601625,1,1,1,1,1,1,1,1,1,1,1,0,0,1
16.398601750,1,1,1,1,1,1,1,1,1,1,1,0,1,1
16.398604750,1,1,1,1,1,1,1,1,1,0,1,0,1,1
16.398606063,1,1,1,1,1,1,1,1,1,0,1,1,1,1
16.398606250,1,1,1,1,1,1,1,1,1,0,1,1,0,1
16.398609750,1,1,1,1,1,1,1,1,1,0,1,0,0,1
16.398625187,1,1,1,1,1,1,1,1,1,1,1,0,0,1
16.398625375,1,1,1,1,1,1,1,1,1,1,1,0,1,1
16.398626062,1,1,0,1,0,0,1,1,1,1,1,0,1,1
16.398628500,1,1,0,1,0,0,1,1,1,0,1,0,1,1
16.398629688,1,1,0,1,0,0,1,1,1,0,1,1,1,1
16.398629812,1,1,0,1,0,0,1,1,1,0,1,1,0,1
16.398633500,1,1,0,1,0,0,1,1,1,0,1,0,0,1
16.398648875,1,1,0,1,0,0,1,1,1,1,1,0,0,1
16.398649000,1,1,0,1,0,0,1,1,1,1,1,0,1,1
16.398649625,1,1,1,1,1,1,1,1,1,1,1,0,1,1
16.398652000,1,1,1,1,1,1,1,1,1,0,1,0,1,1
16.398653187,1,1,1,1,1,1,1,1,1,0,1,1,1,1
16.398653375,1,1,1,1,1,1,1,1,1,0,1,1,0,1
16.398656875,1,1,1,1,1,1,1,1,1,0,1,0,0,1
16.398671500,1,1,1,1,1,1,1,1,1,1,1,0,0,1
16.398671625,1,1,1,1,1,1,1,1,1,1,1,0,1,1
16.398674500,1,1,1,1,1,1,1,1,1,0,1,0,1,1
16.398675750,1,1,1,1,1,1,1,1,1,0,1,1,1,1
16.399737625,1,1,1,1,1,1,1,1,1,0,1,1,1,0
16.399740500,1,1,1,1,1,1,1,1,1,0,1,1,0,0
16.399745625,1,1,1,1,1,1,1,1,1,0,1,0,0,0
16.399753250,1,1,1,1,1,1,1,1,1,0,0,0,0,0
16.399753312,1,1,1,1,1,1,1,1,1,0,0,0,0,1
16.399753500,1,1,1,1,1,1,1,1,1,0,0,0,1,1
16.399776375,1,1,1,1,1,1,1,1,1,1,0,0,1,1
16.399777000,0,0,0,0,0,0,1,1,1,1,0,0,1,1
16.399781250,0,0,0,0,0,0,1,1,1,0,0,0,1,1
16.399782875,0,0,0,0,0,0,1,1,1,0,0,1,1,1
16.399783000,0,0,0,0,0,0,1,1,1,0,0,1,0,1
16.399788500,0,0,0,0,0,0,1,1,1,0,0,0,0,1
16.399805250,0,0,0,0,0,0,1,1,1,1,0,0,0,1
16.399805437,0,0,0,0,0,0,1,1,1,1,0,0,1,1
16.399808750,0,0,0,0,0,0,1,1,1,0,0,0,1,1
16.399810062,0,0,0,0,0,0,1,1,1,0,0,1,1,1
16.401626437,0,1,0,1,1,1,0,1,1,0,0,1,1,1
16.401629312,0,1,0,1,1,1,0,1,1,0,0,1,0,1
16.401697188,0,1,0,1,1,1,0,1,1,0,0,0,0,1
16.401744500,0,1,0,1,1,1,0,1,1,1,0,0,0,1
16.401744687,0,1,0,1,1,1,0,1,1,1,0,0,1,1
16.401749000,0,1,0,1,1,1,0,1,1,0,0,0,1,1
16.401750750,0,1,0,1,1,1,0,1,1,0,0,1,1,1
16.402804375,0,1,0,1,1,1,0,1,1,0,1,1,1,1
16.402804437,0,1,0,1,1,1,0,1,1,0,1,0,1,1
16.402804500,1,1,1,1,1,1,0,1,1,0,1,0,1,1
16.402804562,1,1,1,1,1,1,1,1,1,0,1,1,1,1
16.403040750,1,1,1,1,1,1,1,1,1,0,1,1,0,1
16.403040875,1,1,1,1,1,1,1,1,1,0,1,0,0,1
16.403043687,1,1,1,1,1,1,1,1,1,1,1,0,0,1
16.403056938,1,1,1,1,1,1,1,1,1,1,1,0,1,1
16.403057125,1,1,1,1,1,1,1,1,1,0,1,0,1,1
16.403265500,1,1,1,1,1,1,1,1,1,0,1,1,1,1
16.403269125,1,0,1,1,1,1,1,1,1,0,1,1,1,1
16.403300750,1,0,1,1,1,1,1,1,1,0,1,1,0,1
16.403300875,1,0,1,1,1,1,1,1,1,0,1,0,0,1
16.403301500,1,0,1,1,1,1,1,1,1,1,1,0,0,1
16.403310875,1,0,1,1,1,1,1,1,1,1,1,0,1,1
16.403311062,1,0,1,1,1,1,1,1,1,0,1,0,1,1
16.403311250,1,0,1,1,1,1,1,1,1,0,1,1,1,1
16.403328625,1,1,1,1,1,1,1,1,1,0,1,1,1,1
16.403330000,1,1,1,0,1,1,1,1,1,0,1,1,1,1
16.403330812,1,1,1,0,0,1,1,1,1,0,1,1,1,1
16.403331563,1,1,1,0,0,0,1,1,1,0,1,1,1,1
16.403332313,1,1,1,0,0,0,0,1,1,0,1,1,1,1
16.403333000,1,1,1,0,0,0,0,0,1,0,1,1,1,1
16.403358375,1,1,1,0,0,0,0,0,1,0,1,1,0,1
16.403358500,1,1,1,0,0,0,0,0,1,0,1,0,0,1
16.403359250,1,1,1,0,0,0,0,0,1,1,1,0,0,1
16.403368812,1,1,1,0,0,0,0,0,1,1,1,0,1,1
16.403369000,1,1,1,0,0,0,0,0,1,0,1,0,1,1
16.403369188,1,1,1,0,0,0,0,0,1,0,1,1,1,1
16.403385187,0,1,1,0,0,0,0,0,1,0,1,1,1,1
16.403387813,0,1,1,1,0,0,0,0,1,0,1,1,1,1
16.403388625,0,1,1,1,1,0,0,0,1,0,1,1,1,1
16.403389437,0,1,1,1,1,1,0,0,1,0,1,1,1,1
16.403390250,0,1,1,1,1,1,1,0,1,0,1,1,1,1
16.403391000,0,1,1,1,1,1,1,1,1,0,1,1,1,1
16.403414438,0,1,1,1,1,1,1,1,1,0,1,1,0,1
16.403414562,0,1,1,1,1,1,1,1,1,0,1,0,0,1
16.403415250,0,1,1,1,1,1,1,1,1,1,1,0,0,1
16.403425000,0,1,1,1,1,1,1,1,1,1,1,0,1,1
16.403425062,0,1,1,1,1,1,1,1,1,0,1,0,1,1
16.403425125,0,1,1,1,1,1,1,1,1,0,1,1,1,1
16.403425188,0,1,1,1,1,1,1,1,1,0,1,0,1,1
16.403425250,0,1,1,1,1,1,1,1,1,0,1,1,1,1
16.403441875,1,1,1,1,1,1,1,1,1,0,1,1,1,1
16.403445000,1,1,1,1,0,1,1,1,1,0,1,1,1,1
16.403446625,1,1,1,1,0,1,0,1,1,0,1,1,1,1
16.403447375,1,1,1,1,0,1,0,0,1,0,1,1,1,1
16.403471688,1,1,1,1,0,1,0,0,1,0,1,1,0,1
16.403471813,1,1,1,1,0,1,0,0,1,0,1,0,0,1
16.403472437,1,1,1,1,0,1,0,0,1,1,1,0,0,1
16.403482812,1,1,1,1,0,1,0,0,1,1,1,0,1,1
16.403483000,1,1,1,1,0,1,0,0,1,0,1,0,1,1
16.403483188,1,1,1,1,0,1,0,0,1,0,1,1,1,1
16.403500750,1,0,1,1,0,1,0,0,1,0,1,1,1,1
16.403503375,1,0,1,1,1,1,0,0,1,0,1,1,1,1
16.403505000,1,0,1,1,1,1,1,0,1,0,1,1,1,1
16.403505813,1,0,1,1,1,1,1,1,1,0,1,1,1,1
16.403529062,1,0,1,1,1,1,1,1,1,0,1,1,0,1
16.403529187,1,0,1,1,1,1,1,1,1,0,1,0,0,1
16.403529813,1,0,1,1,1,1,1,1,1,1,1,0,0,1
16.403539937,1,0,1,1,1,1,1,1,1,1,1,0,1,1
16.403540125,1,0,1,1,1,1,1,1,1,0,1,0,1,1
16.403540250,1,0,1,1,1,1,1,1,1,0,1,1,1,1
16.403556375,0,0,1,1,1,1,1,1,1,0,1,1,1,1
16.403557438,0,1,1,1,1,1,1,1,1,0,1,1,1,1
16.403585688,0,1,1,1,1,1,1,1,1,0,1,1,0,1
16.403585813,0,1,1,1,1,1,1,1,1,0,1,0,0,1
16.403586437,0,1,1,1,1,1,1,1,1,1,1,0,0,1
16.403597125,0,1,1,1,1,1,1,1,1,1,1,0,1,1
16.403597313,0,1,1,1,1,1,1,1,1,0,1,0,1,1
16.403597500,0,1,1,1,1,1,1,1,1,0,1,1,1,1
16.403614000,1,1,1,1,1,1,1,1,1,0,1,1,1,1
16.403617875,1,1,1,1,1,0,1,1,1,0,1,1,1,1
16.403642313,1,1,1,1,1,0,1,1,1,0,1,1,0,1
16.403642438,1,1,1,1,1,0,1,1,1,0,1,0,0,1
16.403643000,1,1,1,1,1,0,1,1,1,1,1,0,0,1
16.403652812,1,1,1,1,1,0,1,1,1,1,1,0,1,1
16.403653000,1,1,1,1,1,0,1,1,1,0,1,0,1,1
16.403653188,1,1,1,1,1,0,1,1,1,0,1,1,1,1
16.403821312,0,1,1,1,1,0,1,1,1,0,1,1,1,1
16.403826563,0,1,1,1,1,1,1,1,1,0,1,1,1,1
16.403869250,0,1,1,1,1,1,1,1,1,0,1,1,0,1
16.403869375,0,1,1,1,1,1,1,1,1,0,1,0,0,1
16.403869937,0,1,1,1,1,1,1,1,1,1,1,0,0,1
16.403880875,0,1,1,1,1,1,1,1,1,1,1,0,1,1
16.403881000,0,1,1,1,1,1,1,1,1,0,1,0,1,1
16.403881188,0,1,1,1,1,1,1,1,1,0,1,1,1,1
16.403905063,0,1,1,1,1,0,1,1,1,0,1,1,1,1
16.403932250,0,1,1,1,1,0,1,1,1,0,1,1,0,1
16.403932313,0,1,1,1,1,0,1,1,1,0,1,0,0,1
16.403933000,0,1,1,1,1,0,1,1,1,1,1,0,0,1
16.403942812,0,1,1,1,1,0,1,1,1,1,1,0,1,1
16.403943000,0,1,1,1,1,0,1,1,1,0,1,0,1,1
16.403943125,0,1,1,1,1,0,1,1,1,0,1,1,1,1
16.403964000,0,1,1,1,1,1,1,1,1,0,1,1,1,1
16.403991250,0,1,1,1,1,1,1,1,1,0,1,1,0,1
16.403991375,0,1,1,1,1,1,1,1,1,0,1,0,0,1
16.403992000,0,1,1,1,1,1,1,1,1,1,1,0,0,1
16.404001875,0,1,1,1,1,1,1,1,1,1,1,0,1,1
16.404002062,0,1,1,1,1,1,1,1,1,0,1,0,1,1
16.404002250,0,1,1,1,1,1,1,1,1,0,1,1,1,1
16.404048125,0,1,1,1,1,1,1,1,1,0,1,1,0,1
16.404048187,0,1,1,1,1,1,1,1,1,0,1,0,0,1
16.404049000,0,1,1,1,1,1,1,1,1,1,1,0,0,1
16.404058875,0,1,1,1,1,1,1,1,1,1,1,0,1,1
16.404059000,0,1,1,1,1,1,1,1,1,0,1,0,1,1
16.404059187,0,1,1,1,1,1,1,1,1,0,1,1,1,1
16.404075688,1,1,1,1,1,1,1,1,1,0,1,1,1,1
16.404107000,1,1,1,1,1,1,1,1,1,0,1,1,0,1
16.404107062,1,1,1,1,1,1,1,1,1,0,1,0,0,1
16.404107750,1,1,1,1,1,1,1,1,1,1,1,0,0,1
16.404117875,1,1,1,1,1,1,1,1,1,1,1,0,1,1
16.404118063,1,1,1,1,1,1,1,1,1,0,1,0,1,1
16.404118250,1,1,1,1,1,1,1,1,1,0,1,1,1,1
16.404163750,1,1,1,1,1,1,1,1,1,0,1,1,0,1
16.404163875,1,1,1,1,1,1,1,1,1,0,1,0,0,1
16.404164563,1,1,1,1,1,1,1,1,1,1,1,0,0,1
16.404174812,1,1,1,1,1,1,1,1,1,1,1,0,1,1
16.404175000,1,1,1,1,1,1,1,1,1,0,1,0,1,1
16.404175188,1,1,1,1,1,1,1,1,1,0,1,1,1,1
16.404193062,1,1,0,1,1,1,1,1,1,0,1,1,1,1
16.404194687,1,1,0,1,0,1,1,1,1,0,1,1,1,1
16.404195438,1,1,0,1,0,0,1,1,1,0,1,1,1,1
16.404221938,1,1,0,1,0,0,1,1,1,0,1,1,0,1
16.404222000,1,1,0,1,0,0,1,1,1,0,1,0,0,1
16.404222750,1,1,0,1,0,0,1,1,1,1,1,0,0,1
16.404232812,1,1,0,1,0,0,1,1,1,1,1,0,1,1
16.404233000,1,1,0,1,0,0,1,1,1,0,1,0,1,1
16.404233188,1,1,0,1,0,0,1,1,1,0,1,1,1,1
16.404251062,1,1,1,1,0,0,1,1,1,0,1,1,1,1
16.404251688,1,1,1,0,0,0,1,1,1,0,1,1,1,1
16.404277500,1,1,1,0,0,0,1,1,1,0,1,1,0,1
16.404277625,1,1,1,0,0,0,1,1,1,0,1,0,0,1
16.404278375,1,1,1,0,0,0,1,1,1,1,1,0,0,1
16.404287875,1,1,1,0,0,0,1,1,1,1,1,0,1,1
16.404288063,1,1,1,0,0,0,1,1,1,0,1,0,1,1
16.404288188,1,1,1,0,0,0,1,1,1,0,1,1,1,1
16.404307250,1,1,1,1,0,0,1,1,1,0,1,1,1,1
16.404308063,1,1,1,1,1,0,1,1,1,0,1,1,1,1
16.404333375,1,1,1,1,1,0,1,1,1,0,1,1,0,1
16.404333500,1,1,1,1,1,0,1,1,1,0,1,0,0,1
16.404334188,1,1,1,1,1,0,1,1,1,1,1,0,0,1
16.404343875,1,1,1,1,1,0,1,1,1,1,1,0,1,1
16.404344000,1,1,1,1,1,0,1,1,1,0,1,0,1,1
16.404344188,1,1,1,1,1,0,1,1,1,0,1,1,1,1
16.404363500,1,1,0,1,1,0,1,1,1,0,1,1,1,1
16.404365125,1,1,0,1,0,0,1,1,1,0,1,1,1,1
16.404366125,1,1,0,1,0,1,1,1,1,0,1,1,1,1
16.404366688,1,1,0,1,0,1,0,1,1,0,1,1,1,1
16.404391437,1,1,0,1,0,1,0,1,1,0,1,1,0,1
16.404391562,1,1,0,1,0,1,0,1,1,0,1,0,0,1
16.404392125,1,1,0,1,0,1,0,1,1,1,1,0,0,1
16.404401875,1,1,0,1,0,1,0,1,1,1,1,0,1,1
16.404402000,1,1,0,1,0,1,0,1,1,0,1,0,1,1
16.404402188,1,1,0,1,0,1,0,1,1,0,1,1,1,1
16.404420188,1,1,1,1,0,1,0,1,1,0,1,1,1,1
16.404447125,1,1,1,1,0,1,0,1,1,0,1,1,0,1
16.404447250,1,1,1,1,0,1,0,1,1,0,1,0,0,1
16.404447937,1,1,1,1,0,1,0,1,1,1,1,0,0,1
16.404457875,1,1,1,1,0,1,0,1,1,1,1,0,1,1
16.404458063,1,1,1,1,0,1,0,1,1,0,1,0,1,1
16.404458250,1,1,1,1,0,1,0,1,1,0,1,1,1,1
16.404476375,0,1,1,1,0,1,0,1,1,0,1,1,1,1
16.404478875,0,1,1,0,0,1,0,1,1,0,1,1,1,1
16.404479812,0,1,1,0,1,1,0,1,1,0,1,1,1,1
16.404505687,0,1,1,0,1,1,0,1,1,0,1,1,0,1
16.404505750,0,1,1,0,1,1,0,1,1,0,1,0,0,1
16.404506562,0,1,1,0,1,1,0,1,1,1,1,0,0,1
16.404515813,0,1,1,0,1,1,0,1,1,1,1,0,1,1
16.404516000,0,1,1,0,1,1,0,1,1,0,1,0,1,1
16.404516188,0,1,1,0,1,1,0,1,1,0,1,1,1,1
16.404532625,1,1,1,0,1,1,0,1,1,0,1,1,1,1
16.404535187,1,1,1,1,1,1,0,1,1,0,1,1,1,1
16.404536625,1,1,1,1,1,0,0,1,1,0,1,1,1,1
16.404537625,1,1,1,1,1,0,1,1,1,0,1,1,1,1
16.404561687,1,1,1,1,1,0,1,1,1,0,1,1,0,1
16.404561812,1,1,1,1,1,0,1,1,1,0,1,0,0,1
16.404562563,1,1,1,1,1,0,1,1,1,1,1,0,0,1
16.404571875,1,1,1,1,1,0,1,1,1,1,1,0,1,1
16.404572063,1,1,1,1,1,0,1,1,1,0,1,0,1,1
16.404572188,1,1,1,1,1,0,1,1,1,0,1,1,1,1
16.404589937,1,1,0,1,1,0,1,1,1,0,1,1,1,1
16.404592562,1,1,0,1,1,1,1,1,1,0,1,1,1,1
16.404593188,1,1,0,1,1,1,0,1,1,0,1,1,1,1
16.404618250,1,1,0,1,1,1,0,1,1,0,1,1,0,1
16.404618375,1,1,0,1,1,1,0,1,1,0,1,0,0,1
16.404619125,1,1,0,1,1,1,0,1,1,1,1,0,0,1
16.404628938,1,1,0,1,1,1,0,1,1,1,1,0,1,1
16.404629125,1,1,0,1,1,1,0,1,1,0,1,0,1,1
16.404629312,1,1,0,1,1,1,0,1,1,0,1,1,1,1
16.404645438,0,1,0,1,1,1,0,1,1,0,1,1,1,1
16.404646187,0,0,0,1,1,1,0,1,1,0,1,1,1,1
16.404647188,0,0,1,1,1,1,0,1,1,0,1,1,1,1
16.404648625,0,0,1,1,0,1,0,1,1,0,1,1,1,1
16.404674375,0,0,1,1,0,1,0,1,1,0,1,1,0,1
16.404674437,0,0,1,1,0,1,0,1,1,0,1,0,0,1
16.404675125,0,0,1,1,0,1,0,1,1,1,1,0,0,1
16.404684875,0,0,1,1,0,1,0,1,1,1,1,0,1,1
16.404685063,0,0,1,1,0,1,0,1,1,0,1,0,1,1
16.404685188,0,0,1,1,0,1,0,1,1,0,1,1,1,1
16.404701625,1,0,1,1,0,1,0,1,1,0,1,1,1,1
16.404702812,1,1,1,1,0,1,0,1,1,0,1,1,1,1
16.404705125,1,1,1,1,1,1,0,1,1,0,1,1,1,1
16.404705750,1,1,1,1,1,0,0,1,1,0,1,1,1,1
16.404706750,1,1,1,1,1,0,1,1,1,0,1,1,1,1
16.404731875,1,1,1,1,1,0,1,1,1,0,1,1,0,1
16.404732000,1,1,1,1,1,0,1,1,1,0,1,0,0,1
16.404732750,1,1,1,1,1,0,1,1,1,1,1,0,0,1
16.404742813,1,1,1,1,1,0,1,1,1,1,1,0,1,1
16.404743000,1,1,1,1,1,0,1,1,1,0,1,0,1,1
16.404743187,1,1,1,1,1,0,1,1,1,0,1,1,1,1
16.404887188,1,1,0,1,1,0,1,1,1,0,1,1,1,1
16.404889750,1,1,0,1,1,1,1,1,1,0,1,1,1,1
16.404890375,1,1,0,1,1,1,0,1,1,0,1,1,1,1
16.404928750,1,1,0,1,1,1,0,1,1,0,1,1,0,1
16.404928875,1,1,0,1,1,1,0,1,1,0,1,0,0,1
16.404929500,1,1,0,1,1,1,0,1,1,1,1,0,0,1
16.404940938,1,1,0,1,1,1,0,1,1,1,1,0,1,1
16.404941125,1,1,0,1,1,1,0,1,1,0,1,0,1,1
16.404941250,1,1,0,1,1,1,0,1,1,0,1,1,1,1
16.404989938,1,1,0,1,1,1,0,1,1,0,1,1,0,1
16.404990063,1,1,0,1,1,1,0,1,1,0,1,0,0,1
16.404990687,1,1,0,1,1,1,0,1,1,1,1,0,0,1
16.405000937,1,1,0,1,1,1,0,1,1,1,1,0,1,1
16.405001125,1,1,0,1,1,1,0,1,1,0,1,0,1,1
16.405001250,1,1,0,1,1,1,0,1,1,0,1,1,1,1
16.405020250,1,1,1,1,1,1,0,1,1,0,1,1,1,1
16.405022500,1,1,1,1,1,0,0,1,1,0,1,1,1,1
16.405023500,1,1,1,1,1,0,1,1,1,0,1,1,1,1
16.405048438,1,1,1,1,1,0,1,1,1,0,1,1,0,1
16.405048562,1,1,1,1,1,0,1,1,1,0,1,0,0,1
16.405049313,1,1,1,1,1,0,1,1,1,1,1,0,0,1
16.405058938,1,1,1,1,1,0,1,1,1,1,1,0,1,1
16.405059125,1,1,1,1,1,0,1,1,1,0,1,0,1,1
16.405059250,1,1,1,1,1,0,1,1,1,0,1,1,1,1
16.405076750,1,0,1,1,1,0,1,1,1,0,1,1,1,1
16.405077500,1,0,0,1,1,0,1,1,1,0,1,1,1,1
16.405080125,1,0,0,1,1,1,1,1,1,0,1,1,1,1
16.405080750,1,0,0,1,1,1,0,1,1,0,1,1,1,1
16.405106750,1,0,0,1,1,1,0,1,1,0,1,1,0,1
16.405106875,1,0,0,1,1,1,0,1,1,0,1,0,0,1
16.405107500,1,0,0,1,1,1,0,1,1,1,1,0,0,1
16.405117875,1,0,0,1,1,1,0,1,1,1,1,0,1,1
16.405118063,1,0,0,1,1,1,0,1,1,0,1,0,1,1
16.405118250,1,0,0,1,1,1,0,1,1,0,1,1,1,1
16.405135875,1,1,0,1,1,1,0,1,1,0,1,1,1,1
16.405137250,1,1,0,0,1,1,0,1,1,0,1,1,1,1
16.405163500,1,1,0,0,1,1,0,1,1,0,1,1,0,1
16.405163563,1,1,0,0,1,1,0,1,1,0,1,0,0,1
16.405164312,1,1,0,0,1,1,0,1,1,1,1,0,0,1
16.405174000,1,1,0,0,1,1,0,1,1,1,1,0,1,1
16.405174125,1,1,0,0,1,1,0,1,1,0,1,0,1,1
16.405174313,1,1,0,0,1,1,0,1,1,0,1,1,1,1
16.405191125,0,1,0,0,1,1,0,1,1,0,1,1,1,1
16.405192062,0,0,0,0,1,1,0,1,1,0,1,1,1,1
16.405222688,0,0,0,0,1,1,0,1,1,0,1,1,0,1
16.405222812,0,0,0,0,1,1,0,1,1,0,1,0,0,1
16.405223500,0,0,0,0,1,1,0,1,1,1,1,0,0,1
16.405232875,0,0,0,0,1,1,0,1,1,1,1,0,1,1
16.405233062,0,0,0,0,1,1,0,1,1,0,1,0,1,1
16.405233250,0,0,0,0,1,1,0,1,1,0,1,1,1,1
16.405249937,1,0,0,0,1,1,0,1,1,0,1,1,1,1
16.405250875,1,1,0,0,1,1,0,1,1,0,1,1,1,1
16.405251625,1,1,1,0,1,1,0,1,1,0,1,1,1,1
16.405252437,1,1,1,1,1,1,0,1,1,0,1,1,1,1
16.405253000,1,1,1,1,0,1,0,1,1,0,1,1,1,1
16.405278625,1,1,1,1,0,1,0,1,1,0,1,1,0,1
16.405278750,1,1,1,1,0,1,0,1,1,0,1,0,0,1
16.405279437,1,1,1,1,0,1,0,1,1,1,1,0,0,1
16.405289875,1,1,1,1,0,1,0,1,1,1,1,0,1,1
16.405290063,1,1,1,1,0,1,0,1,1,0,1,0,1,1
16.405290250,1,1,1,1,0,1,0,1,1,0,1,1,1,1
16.405691812,1,1,1,1,0,1,0,1,1,0,1,1,0,1
16.405691937,1,1,1,1,0,1,0,1,1,0,1,0,0,1
16.405692625,1,1,1,1,0,1,0,1,1,1,1,0,0,1
16.405710000,1,1,1,1,0,1,0,1,1,1,1,0,1,1
16.405710187,1,1,1,1,0,1,0,1,1,0,1,0,1,1
16.405710375,1,1,1,1,0,1,0,1,1,0,1,1,1,1
16.405733937,0,1,1,1,0,1,0,1,1,0,1,1,1,1
16.405737125,0,1,1,0,0,1,0,1,1,0,1,1,1,1
16.405780250,0,1,1,0,0,1,0,1,1,0,1,1,0,1
16.405780375,0,1,1,0,0,1,0,1,1,0,1,0,0,1
16.405781000,0,1,1,0,0,1,0,1,1,1,1,0,0,1
16.405791875,0,1,1,0,0,1,0,1,1,1,1,0,1,1
16.405792000,0,1,1,0,0,1,0,1,1,0,1,0,1,1
16.405792188,0,1,1,0,0,1,0,1,1,0,1,1,1,1
16.406011312,1,1,1,0,0,1,0,1,1,0,1,1,1,1
16.406014750,1,1,1,1,0,1,0,1,1,0,1,1,1,1
16.406015562,1,1,1,1,1,1,0,1,1,0,1,1,1,1
16.406016188,1,1,1,1,1,0,0,1,1,0,1,1,1,1
16.406017250,1,1,1,1,1,0,1,1,1,0,1,1,1,1
16.406055313,1,1,1,1,1,0,1,1,1,0,1,1,0,1
16.406055438,1,1,1,1,1,0,1,1,1,0,1,0,0,1
16.406056187,1,1,1,1,1,0,1,1,1,1,1,0,0,1
16.406066938,1,1,1,1,1,0,1,1,1,1,1,0,1,1
16.406067125,1,1,1,1,1,0,1,1,1,0,1,0,1,1
16.406067312,1,1,1,1,1,0,1,1,1,0,1,1,1,1
16.406116875,1,1,1,1,1,0,1,1,1,0,1,1,0,1
16.406116937,1,1,1,1,1,0,1,1,1,0,1,0,0,1
16.406117563,1,1,1,1,1,0,1,1,1,1,1,0,0,1
16.406127875,1,1,1,1,1,0,1,1,1,1,1,0,1,1
16.406128062,1,1,1,1,1,0,1,1,1,0,1,0,1,1
16.406128250,1,1,1,1,1,0,1,1,1,0,1,1,1,1
16.406173813,1,1,1,1,1,0,1,1,1,0,1,1,0,1
16.406173938,1,1,1,1,1,0,1,1,1,0,1,0,0,1
16.406174562,1,1,1,1,1,0,1,1,1,1,1,0,0,1
16.406185000,1,1,1,1,1,0,1,1,1,1,1,0,1,1
16.406185188,1,1,1,1,1,0,1,1,1,0,1,0,1,1
16.406185312,1,1,1,1,1,0,1,1,1,0,1,1,1,1
16.406232750,1,1,1,1,1,0,1,1,1,0,1,1,0,1
16.406232875,1,1,1,1,1,0,1,1,1,0,1,0,0,1
16.406233562,1,1,1,1,1,0,1,1,1,1,1,0,0,1
16.406243875,1,1,1,1,1,0,1,1,1,1,1,0,1,1
16.406244063,1,1,1,1,1,0,1,1,1,0,1,0,1,1
16.406244250,1,1,1,1,1,0,1,1,1,0,1,1,1,1
16.406260875,0,1,1,1,1,0,1,1,1,0,1,1,1,1
16.406261750,0,0,1,1,1,0,1,1,1,0,1,1,1,1
16.406264187,0,0,1,1,0,0,1,1,1,0,1,1,1,1
16.406289687,0,0,1,1,0,0,1,1,1,0,1,1,0,1
16.406289812,0,0,1,1,0,0,1,1,1,0,1,0,0,1
16.406290375,0,0,1,1,0,0,1,1,1,1,1,0,0,1
16.406299937,0,0,1,1,0,0,1,1,1,1,1,0,1,1
16.406300125,0,0,1,1,0,0,1,1,1,0,1,0,1,1
16.406300250,0,0,1,1,0,0,1,1,1,0,1,1,1,1
16.406316562,1,0,1,1,0,0,1,1,1,0,1,1,1,1
16.406317687,1,1,1,1,0,0,1,1,1,0,1,1,1,1
16.406346438,1,1,1,1,0,0,1,1,1,0,1,1,0,1
16.406346563,1,1,1,1,0,0,1,1,1,0,1,0,0,1
16.406347187,1,1,1,1,0,0,1,1,1,1,1,0,0,1
16.406356875,1,1,1,1,0,0,1,1,1,1,1,0,1,1
16.406357000,1,1,1,1,0,0,1,1,1,0,1,0,1,1
16.406357187,1,1,1,1,0,0,1,1,1,0,1,1,1,1
16.406403188,1,1,1,1,0,0,1,1,1,0,1,1,0,1
16.406403313,1,1,1,1,0,0,1,1,1,0,1,0,0,1
16.406403937,1,1,1,1,0,0,1,1,1,1,1,0,0,1
16.406414125,1,1,1,1,0,0,1,1,1,1,1,0,1,1
16.406414250,1,1,1,1,0,0,1,1,1,0,1,0,1,1
16.406414438,1,1,1,1,0,0,1,1,1,0,1,1,1,1
16.406431313,1,0,1,1,0,0,1,1,1,0,1,1,1,1
16.406459000,1,0,1,1,0,0,1,1,1,0,1,1,0,1
16.406459125,1,0,1,1,0,0,1,1,1,0,1,0,0,1
16.406459750,1,0,1,1,0,0,1,1,1,1,1,0,0,1
16.406471437,1,0,1,1,0,0,1,1,1,1,1,0,1,1
16.406471625,1,0,1,1,0,0,1,1,1,0,1,0,1,1
16.406471813,1,0,1,1,0,0,1,1,1,0,1,1,1,1
16.406487812,0,0,1,1,0,0,1,1,1,0,1,1,1,1
16.406516250,0,0,1,1,0,0,1,1,1,0,1,1,0,1
16.406516312,0,0,1,1,0,0,1,1,1,0,1,0,0,1
16.406516938,0,0,1,1,0,0,1,1,1,1,1,0,0,1
16.406526937,0,0,1,1,0,0,1,1,1,1,1,0,1,1
16.406527125,0,0,1,1,0,0,1,1,1,0,1,0,1,1
16.406527250,0,0,1,1,0,0,1,1,1,0,1,1,1,1
16.406545188,0,0,0,1,0,0,1,1,1,0,1,1,1,1
16.406571750,0,0,0,1,0,0,1,1,1,0,1,1,0,1
16.406571875,0,0,0,1,0,0,1,1,1,0,1,0,0,1
16.406572562,0,0,0,1,0,0,1,1,1,1,1,0,0,1
16.406582938,0,0,0,1,0,0,1,1,1,1,1,0,1,1
16.406583125,0,0,0,1,0,0,1,1,1,0,1,0,1,1
16.406583313,0,0,0,1,0,0,1,1,1,0,1,1,1,1
16.406602000,0,1,0,1,0,0,1,1,1,0,1,1,1,1
16.406603375,0,1,0,0,0,0,1,1,1,0,1,1,1,1
16.406604313,0,1,0,0,1,0,1,1,1,0,1,1,1,1
16.406629563,0,1,0,0,1,0,1,1,1,0,1,1,0,1
16.406629625,0,1,0,0,1,0,1,1,1,0,1,0,0,1
16.406630375,0,1,0,0,1,0,1,1,1,1,1,0,0,1
16.406640938,0,1,0,0,1,0,1,1,1,1,1,0,1,1
16.406641125,0,1,0,0,1,0,1,1,1,0,1,0,1,1
16.406641250,0,1,0,0,1,0,1,1,1,0,1,1,1,1
16.406657438,1,1,0,0,1,0,1,1,1,0,1,1,1,1
16.406659125,1,1,1,0,1,0,1,1,1,0,1,1,1,1
16.406659937,1,1,1,1,1,0,1,1,1,0,1,1,1,1
16.406660563,1,1,1,1,0,0,1,1,1,0,1,1,1,1
16.406684812,1,1,1,1,0,0,1,1,1,0,1,1,0,1
16.406684937,1,1,1,1,0,0,1,1,1,0,1,0,0,1
16.406685563,1,1,1,1,0,0,1,1,1,1,1,0,0,1
16.406695875,1,1,1,1,0,0,1,1,1,1,1,0,1,1
16.406696063,1,1,1,1,0,0,1,1,1,0,1,0,1,1
16.406696250,1,1,1,1,0,0,1,1,1,0,1,1,1,1
16.406742625,1,1,1,1,0,0,1,1,1,0,1,1,0,1
16.406742750,1,1,1,1,0,0,1,1,1,0,1,0,0,1
16.406743563,1,1,1,1,0,0,1,1,1,1,1,0,0,1
16.406753000,1,1,1,1,0,0,1,1,1,1,1,0,1,1
16.406753188,1,1,1,1,0,0,1,1,1,0,1,0,1,1
16.406753313,1,1,1,1,0,0,1,1,1,0,1,1,1,1
16.406773000,1,1,1,1,1,0,1,1,1,0,1,1,1,1
16.406773812,1,1,1,1,1,1,1,1,1,0,1,1,1,1
16.406801875,1,1,1,1,1,1,1,1,1,0,1,1,0,1
16.406802000,1,1,1,1,1,1,1,1,1,0,1,0,0,1
16.406802750,1,1,1,1,1,1,1,1,1,1,1,0,0,1
16.406812875,1,1,1,1,1,1,1,1,1,1,1,0,1,1
16.406813062,1,1,1,1,1,1,1,1,1,0,1,0,1,1
16.406813250,1,1,1,1,1,1,1,1,1,0,1,1,1,1
16.406830563,1,0,1,1,1,1,1,1,1,0,1,1,1,1
16.406859625,1,0,1,1,1,1,1,1,1,0,1,1,0,1
16.406859750,1,0,1,1,1,1,1,1,1,0,1,0,0,1
16.406860500,1,0,1,1,1,1,1,1,1,1,1,0,0,1
16.406870937,1,0,1,1,1,1,1,1,1,1,1,0,1,1
16.406871125,1,0,1,1,1,1,1,1,1,0,1,0,1,1
16.406871313,1,0,1,1,1,1,1,1,1,0,1,1,1,1
16.406887375,0,0,1,1,1,1,1,1,1,0,1,1,1,1
16.406888563,0,1,1,1,1,1,1,1,1,0,1,1,1,1
16.406889938,0,1,1,0,1,1,1,1,1,0,1,1,1,1
16.406917625,0,1,1,0,1,1,1,1,1,0,1,1,0,1
16.406917750,0,1,1,0,1,1,1,1,1,0,1,0,0,1
16.406918313,0,1,1,0,1,1,1,1,1,1,1,0,0,1
16.407068500,0,1,1,0,1,1,1,1,1,1,1,0,1,1
16.407068688,0,1,1,0,1,1,1,1,1,0,1,0,1,1
16.407068813,0,1,1,0,1,1,1,1,1,0,1,1,1,1
16.407088812,1,1,1,0,1,1,1,1,1,0,1,1,1,1
16.407092250,1,1,1,1,1,1,1,1,1,0,1,1,1,1
16.407135938,1,1,1,1,1,1,1,1,1,0,1,1,0,1
16.407136063,1,1,1,1,1,1,1,1,1,0,1,0,0,1
16.407136687,1,1,1,1,1,1,1,1,1,1,1,0,0,1
16.407148000,1,1,1,1,1,1,1,1,1,1,1,0,1,1
16.407148125,1,1,1,1,1,1,1,1,1,0,1,0,1,1
16.407148312,1,1,1,1,1,1,1,1,1,0,1,1,1,1
16.407166437,1,0,1,1,1,1,1,1,1,0,1,1,1,1
16.407197375,1,0,1,1,1,1,1,1,1,0,1,1,0,1
16.407197500,1,0,1,1,1,1,1,1,1,0,1,0,0,1
16.407198063,1,0,1,1,1,1,1,1,1,1,1,0,0,1
16.407208937,1,0,1,1,1,1,1,1,1,1,1,0,1,1
16.407209125,1,0,1,1,1,1,1,1,1,0,1,0,1,1
16.407209250,1,0,1,1,1,1,1,1,1,0,1,1,1,1
16.407228125,1,1,1,1,1,1,1,1,1,0,1,1,1,1
16.407233625,1,1,1,1,1,1,1,1,1,0,1,1,1,0
16.407257812,1,1,1,1,1,1,1,1,1,0,1,1,0,0
16.407257937,1,1,1,1,1,1,1,1,1,0,1,0,0,0
16.407258688,1,1,1,1,1,1,1,1,1,1,1,0,0,0
16.407268875,1,1,1,1,1,1,1,1,1,1,1,0,1,0
16.407269062,1,1,1,1,1,1,1,1,1,0,1,0,1,0
16.407269187,1,1,1,1,1,1,1,1,1,0,1,1,1,0
16.407269312,1,1,1,1,1,1,1,1,1,0,1,1,1,1
16.407803500,1,1,1,1,1,1,1,1,1,0,0,1,1,1
16.407803687,1,1,1,1,1,1,1,1,1,1,0,1,1,1
16.407805938,0,1,0,1,1,1,0,1,1,1,0,1,1,1
16.407806937,0,1,0,1,1,1,0,1,1,0,0,1,1,1
16.407831313,0,0,0,0,0,1,0,1,1,0,0,1,1,1
16.407834125,0,0,0,0,0,1,0,1,1,0,0,1,0,1
16.407836688,0,0,0,0,0,1,0,1,1,0,0,0,0,1
16.407856438,0,0,0,0,0,1,0,1,1,1,0,0,0,1
16.407856563,0,0,0,0,0,1,0,1,1,1,0,0,1,1
16.407859375,0,0,0,0,0,1,0,1,1,0,0,0,1,1
16.407860875,0,0,0,0,0,1,0,1,1,0,0,1,1,1
16.410722625,0,1,0,1,1,0,1,1,1,0,0,1,1,1
16.410725437,0,1,0,1,1,0,1,1,1,0,0,1,0,1
16.410786563,0,1,0,1,1,0,1,1,1,0,0,0,0,1
16.410838313,0,1,0,1,1,0,1,1,1,1,0,0,0,1
16.410838438,0,1,0,1,1,0,1,1,1,1,0,0,1,1
16.410843062,0,1,0,1,1,0,1,1,1,0,0,0,1,1
16.410848063,0,1,0,1,1,0,1,1,1,0,0,1,1,1
16.411892937,0,1,0,1,1,0,1,1,1,0,1,1,1,1
16.411923625,1,1,0,1,1,1,1,1,1,0,1,1,1,1
16.411926750,1,1,0,1,1,1,1,1,1,0,1,1,0,1
16.411930125,1,1,0,1,1,1,1,1,1,0,1,0,0,1
16.411962750,1,1,0,1,1,1,1,1,1,1,1,0,0,1
16.411962938,1,1,0,1,1,1,1,1,1,1,1,0,1,1
16.411963625,1,1,1,1,1,1,1,1,1,1,1,0,1,1
16.411966563,1,1,1,1,1,1,1,1,1,0,1,0,1,1
16.411968250,1,1,1,1,1,1,1,1,1,0,1,1,1,1
16.411968438,1,1,1,1,1,1,1,1,1,0,1,1,0,1
16.411976750,1,1,1,1,1,1,1,1,1,0,1,0,0,1
16.411996250,1,1,1,1,1,1,1,1,1,1,1,0,0,1
16.411996375,1,1,1,1,1,1,1,1,1,1,1,0,1,1
16.411999750,1,1,1,1,1,1,1,1,1,0,1,0,1,1
16.412001062,1,1,1,1,1,1,1,1,1,0,1,1,1,1
16.412001250,1,1,1,1,1,1,1,1,1,0,1,1,0,1
16.412004938,1,1,1,1,1,1,1,1,1,0,1,0,0,1
16.412020812,1,1,1,1,1,1,1,1,1,1,1,0,0,1
16.412020937,1,1,1,1,1,1,1,1,1,1,1,0,1,1
16.412024000,1,1,1,1,1,1,1,1,1,0,1,0,1,1
16.412025062,1,1,1,1,1,1,1,1,1,0,1,1,1,1
16.412025250,1,1,1,1,1,1,1,1,1,0,1,1,0,1
16.412028938,1,1,1,1,1,1,1,1,1,0,1,0,0,1
16.412044313,1,1,1,1,1,1,1,1,1,1,1,0,0,1
16.412044438,1,1,1,1,1,1,1,1,1,1,1,0,1,1
16.412047250,1,1,1,1,1,1,1,1,1,0,1,0,1,1
16.412048500,1,1,1,1,1,1,1,1,1,0,1,1,1,1
16.412048688,1,1,1,1,1,1,1,1,1,0,1,1,0,1
16.412052062,1,1,1,1,1,1,1,1,1,0,1,0,0,1
16.412066625,1,1,1,1,1,1,1,1,1,1,1,0,0,1
16.412066750,1,1,1,1,1,1,1,1,1,1,1,0,1,1
16.412069563,1,1,1,1,1,1,1,1,1,0,1,0,1,1
16.412070688,1,1,1,1,1,1,1,1,1,0,1,1,1,1
16.412070875,1,1,1,1,1,1,1,1,1,0,1,1,0,1
16.412074188,1,1,1,1,1,1,1,1,1,0,1,0,0,1
16.412089438,1,1,1,1,1,1,1,1,1,1,1,0,0,1
16.412089625,1,1,1,1,1,1,1,1,1,1,1,0,1,1
16.412092500,1,1,1,1,1,1,1,1,1,0,1,0,1,1
16.412093813,1,1,1,1,1,1,1,1,1,0,1,1,1,1
16.412094000,1,1,1,1,1,1,1,1,1,0,1,1,0,1
16.412099438,1,1,1,1,1,1,1,1,1,0,1,0,0,1
16.412115312,1,1,1,1,1,1,1,1,1,1,1,0,0,1
16.412115437,1,1,1,1,1,1,1,1,1,1,1,0,1,1
16.412118500,1,1,1,1,1,1,1,1,1,0,1,0,1,1
16.412119750,1,1,1,1,1,1,1,1,1,0,1,1,1,1
16.412119938,1,1,1,1,1,1,1,1,1,0,1,1,0,1
16.412123188,1,1,1,1,1,1,1,1,1,0,1,0,0,1
16.412139000,1,1,1,1,1,1,1,1,1,1,1,0,0,1
16.412139187,1,1,1,1,1,1,1,1,1,1,1,0,1,1
16.412139813,1,0,1,1,1,1,1,1,1,1,1,0,1,1
16.412142000,1,0,1,1,1,1,1,1,1,0,1,0,1,1
16.412143187,1,0,1,1,1,1,1,1,1,0,1,1,1,1
16.412143375,1,0,1,1,1,1,1,1,1,0,1,1,0,1
16.412146500,1,0,1,1,1,1,1,1,1,0,1,0,0,1
16.412161562,1,0,1,1,1,1,1,1,1,1,1,0,0,1
16.412161687,1,0,1,1,1,1,1,1,1,1,1,0,1,1
16.412164625,1,0,1,1,1,1,1,1,1,0,1,0,1,1
16.412165875,1,0,1,1,1,1,1,1,1,0,1,1,1,1
16.413224938,1,1,1,1,1,1,1,1,1,0,1,1,1,1
16.413225000,1,1,1,1,1,1,1,1,1,0,1,1,1,0
16.413227813,1,1,1,1,1,1,1,1,1,0,1,1,0,0
16.413231375,1,1,1,1,1,1,1,1,1,0,1,0,0,0
16.413240625,1,1,1,1,1,1,1,1,1,0,0,0,0,0
16.413240688,1,1,1,1,1,1,1,1,1,0,0,0,0,1
16.413240812,1,1,1,1,1,1,1,1,1,0,0,0,1,1
16.413265062,0,0,0,0,0,0,1,1,1,0,0,0,1,1
16.413374937,0,0,0,0,0,0,1,1,1,1,0,0,1,1
16.413381438,0,0,0,0,0,0,1,1,1,0,0,0,1,1
16.413383688,0,0,0,0,0,0,1,1,1,0,0,1,1,1
16.413383875,0,0,0,0,0,0,1,1,1,0,0,1,0,1
16.413389500,0,0,0,0,0,0,1,1,1,0,0,0,0,1
16.413409625,0,0,0,0,0,0,1,1,1,1,0,0,0,1
16.413409812,0,0,0,0,0,0,1,1,1,1,0,0,1,1
16.413413188,0,0,0,0,0,0,1,1,1,0,0,0,1,1
16.413414688,0,0,0,0,0,0,1,1,1,0,0,1,1,1
16.413963813,0,0,0,0,0,0,1,1,0,0,0,1,1,1
16.414585438,1,1,1,0,0,1,1,1,0,0,0,1,1,1
16.414588313,1,1,1,0,0,1,1,1,0,0,0,1,0,1
16.414592938,1,1,1,0,0,1,1,1,0,0,0,0,0,1
16.414635188,1,1,1,0,0,1,1,1,0,1,0,0,0,1
16.414635375,1,1,1,0,0,1,1,1,0,1,0,0,1,1
16.414639375,1,1,1,0,0,1,1,1,0,0,0,0,1,1
16.414641250,1,1,1,0,0,1,1,1,0,0,0,1,1,1
16.414694250,0,1,0,1,1,1,0,1,0,0,0,1,1,1
16.414697125,0,1,0,1,1,1,0,1,0,0,0,1,0,1
16.414700625,0,1,0,1,1,1,0,1,0,0,0,0,0,1
16.414718375,0,1,0,1,1,1,0,1,0,1,0,0,0,1
16.414718562,0,1,0,1,1,1,0,1,0,1,0,0,1,1
16.414718625,1,1,1,1,1,1,1,1,0,1,1,0,1,1
16.414718687,1,1,1,1,1,1,1,1,0,0,1,0,1,1
16.414725437,1,1,1,1,1,1,1,1,0,0,1,1,1,1
16.414735687,1,1,1,1,1,1,1,1,1,0,1,1,1,1
16.414740063,0,1,1,1,1,1,1,1,1,0,1,1,1,1
16.414741250,0,0,1,1,1,1,1,1,1,0,1,1,1,1
16.414742187,0,0,0,1,1,1,1,1,1,0,1,1,1,1
16.414742875,0,0,0,0,1,1,1,1,1,0,1,1,1,1
16.414745500,0,0,0,0,1,1,0,1,1,0,1,1,1,1
16.414771875,0,0,0,0,1,1,0,1,1,0,1,1,0,1
16.414772000,0,0,0,0,1,1,0,1,1,0,1,0,0,1
16.414773125,0,0,0,0,1,1,0,1,1,1,1,0,0,1
16.414782938,0,0,0,0,1,1,0,1,1,1,1,0,1,1
16.414783125,0,0,0,0,1,1,0,1,1,0,1,0,1,1
16.414786875,0,0,0,0,1,1,0,1,1,0,0,0,1,1
16.414787000,0,0,0,0,1,1,0,1,1,1,0,1,1,1
16.414791437,0,0,0,1,1,1,0,1,1,1,0,1,1,1
16.414791500,0,0,0,0,1,1,0,1,1,1,0,1,1,1
16.414791562,0,0,0,1,1,1,0,1,1,1,0,1,1,1
16.414791625,0,0,0,0,1,1,0,1,1,1,0,1,1,1
16.414791875,0,0,0,1,1,1,0,1,1,1,0,1,1,1
16.414791937,0,0,0,0,1,1,0,1,1,1,0,1,1,1
16.414792000,0,0,0,1,1,1,0,1,1,1,0,1,1,1
16.414792062,0,0,0,0,1,1,0,1,1,1,0,1,1,1
16.414795500,0,0,0,1,1,1,0,1,1,0,0,1,1,1
16.414795563,0,0,0,0,1,1,0,1,1,0,0,1,1,1
16.414797500,0,1,0,1,1,1,0,1,1,0,0,1,1,1
16.414797562,0,0,0,0,1,1,0,1,1,0,0,1,1,1
16.414797938,0,1,0,0,1,1,0,1,1,0,0,1,1,1
16.414798000,0,1,0,1,1,1,0,1,1,0,0,1,1,1
16.414798063,0,1,0,0,1,1,0,1,1,0,0,1,1,1
16.414799062,0,1,0,1,1,1,0,1,1,0,0,1,1,1
16.414799188,0,1,0,0,1,1,0,1,1,0,0,1,1,1
16.414799563,0,1,0,1,1,1,0,1,1,0,0,1,1,1
16.414837000,0,1,1,1,1,1,1,1,1,0,0,1,1,1
16.414837062,0,1,1,0,0,1,1,1,1,0,0,1,1,1
16.414839875,0,1,1,0,0,1,1,1,1,0,0,1,0,1
16.414841563,0,1,1,0,0,1,1,1,1,0,0,0,0,1
16.414858750,0,1,1,0,0,1,1,1,1,1,0,0,0,1
16.414858938,0,1,1,0,0,1,1,1,1,1,0,0,1,1
16.414861688,0,1,1,0,0,1,1,1,1,0,0,0,1,1
16.414863000,0,1,1,0,0,1,1,1,1,0,0,1,1,1
16.414880250,0,0,0,0,0,1,0,1,1,0,0,1,1,1
16.414883062,0,0,0,0,0,1,0,1,1,0,0,1,0,1
16.414886625,0,0,0,0,0,1,0,1,1,0,0,0,0,1
16.414901562,0,0,0,0,0,1,0,1,1,1,0,0,0,1
16.414901750,0,0,0,0,0,1,0,1,1,1,0,0,1,1
16.414904375,0,0,0,0,0,1,0,1,1,0,0,0,1,1
16.414905625,0,0,0,0,0,1,0,1,1,0,0,1,1,1
16.416183125,0,1,0,1,1,1,0,1,1,0,0,1,1,1
16.416185937,0,1,0,1,1,1,0,1,1,0,0,1,0,1
16.416191250,0,1,0,1,1,1,0,1,1,0,0,0,0,1
16.416229937,0,1,0,1,1,1,0,1,1,1,0,0,0,1
16.416230125,0,1,0,1,1,1,0,1,1,1,0,0,1,1
16.416234312,0,1,0,1,1,1,0,1,1,0,0,0,1,1
16.416235750,0,1,0,1,1,1,0,1,1,0,0,1,1,1
16.417432625,0,1,0,1,1,1,0,1,1,0,1,1,1,1
16.417432687,1,1,1,1,1,1,1,1,1,0,1,0,1,1
16.417432875,1,1,1,1,1,1,1,1,1,0,1,1,1,1
16.417438562,0,1,1,1,1,1,1,1,1,0,1,1,1,1
16.417441375,0,0,1,1,1,1,1,1,1,0,1,1,1,1
16.417444437,0,0,1,1,0,1,1,1,1,0,1,1,1,1
16.417446000,0,0,1,1,0,1,0,1,1,0,1,1,1,1
16.417492500,0,0,1,1,0,1,0,1,1,0,1,1,0,1
16.417492625,0,0,1,1,0,1,0,1,1,0,1,0,0,1
16.417494188,0,0,1,1,0,1,0,1,1,1,1,0,0,1
16.417506250,0,0,1,1,0,1,0,1,1,1,1,0,1,1
16.417506438,0,0,1,1,0,1,0,1,1,0,1,0,1,1
16.417893750,0,0,1,1,0,1,0,1,1,0,1,1,1,1
16.417900000,0,1,1,1,0,1,0,1,1,0,1,1,1,1
16.417901625,0,1,1,0,0,1,0,1,1,0,1,1,1,1
16.417903187,0,1,1,0,0,0,0,1,1,0,1,1,1,1
16.417941500,0,1,1,0,0,0,0,1,1,0,1,1,0,1
16.417941625,0,1,1,0,0,0,0,1,1,0,1,0,0,1
16.417942312,0,1,1,0,0,0,0,1,1,1,1,0,0,1
16.417953063,0,1,1,0,0,0,0,1,1,1,1,0,1,1
16.417953188,0,1,1,0,0,0,0,1,1,0,1,0,1,1
16.417953375,0,1,1,0,0,0,0,1,1,0,1,1,1,1
16.417973813,0,0,1,0,0,0,0,1,1,0,1,1,1,1
16.417975625,0,0,1,1,0,0,0,1,1,0,1,1,1,1
16.418003500,0,0,1,1,0,0,0,1,1,0,1,1,0,1
16.418003625,0,0,1,1,0,0,0,1,1,0,1,0,0,1
16.418004312,0,0,1,1,0,0,0,1,1,1,1,0,0,1
16.418014000,0,0,1,1,0,0,0,1,1,1,1,0,1,1
16.418014187,0,0,1,1,0,0,0,1,1,0,1,0,1,1
16.418014375,0,0,1,1,0,0,0,1,1,0,1,1,1,1
16.418031187,1,0,1,1,0,0,0,1,1,0,1,1,1,1
16.418032187,1,1,1,1,0,0,0,1,1,0,1,1,1,1
16.418032813,1,1,0,1,0,0,0,1,1,0,1,1,1,1
16.418059938,1,1,0,1,0,0,0,1,1,0,1,1,0,1
16.418060063,1,1,0,1,0,0,0,1,1,0,1,0,0,1
16.418060687,1,1,0,1,0,0,0,1,1,1,1,0,0,1
16.418071000,1,1,0,1,0,0,0,1,1,1,1,0,1,1
16.418071188,1,1,0,1,0,0,0,1,1,0,1,0,1,1
16.418071375,1,1,0,1,0,0,0,1,1,0,1,1,1,1
16.418087625,0,1,0,1,0,0,0,1,1,0,1,1,1,1
16.418091187,0,1,0,1,1,0,0,1,1,0,1,1,1,1
16.418118062,0,1,0,1,1,0,0,1,1,0,1,1,0,1
16.418118187,0,1,0,1,1,0,0,1,1,0,1,0,0,1
16.418118875,0,1,0,1,1,0,0,1,1,1,1,0,0,1
16.418129000,0,1,0,1,1,0,0,1,1,1,1,0,1,1
16.418129187,0,1,0,1,1,0,0,1,1,0,1,0,1,1
16.418129375,0,1,0,1,1,0,0,1,1,0,1,1,1,1
16.418148188,0,1,0,0,1,0,0,1,1,0,1,1,1,1
16.418175000,0,1,0,0,1,0,0,1,1,0,1,1,0,1
16.418175125,0,1,0,0,1,0,0,1,1,0,1,0,0,1
16.418175875,0,1,0,0,1,0,0,1,1,1,1,0,0,1
16.418186000,0,1,0,0,1,0,0,1,1,1,1,0,1,1
16.418186188,0,1,0,0,1,0,0,1,1,0,1,0,1,1
16.418186375,0,1,0,0,1,0,0,1,1,0,1,1,1,1
16.418202750,1,1,0,0,1,0,0,1,1,0,1,1,1,1
16.418204688,1,1,1,0,1,0,0,1,1,0,1,1,1,1
16.418205437,1,1,1,1,1,0,0,1,1,0,1,1,1,1
16.418207875,1,1,1,1,1,0,1,1,1,0,1,1,1,1
16.418232938,1,1,1,1,1,0,1,1,1,0,1,1,0,1
16.418233063,1,1,1,1,1,0,1,1,1,0,1,0,0,1
16.418233687,1,1,1,1,1,0,1,1,1,1,1,0,0,1
16.418244063,1,1,1,1,1,0,1,1,1,1,1,0,1,1
16.418244188,1,1,1,1,1,0,1,1,1,0,1,0,1,1
16.418244375,1,1,1,1,1,0,1,1,1,0,1,1,1,1
16.418262188,1,1,0,1,1,0,1,1,1,0,1,1,1,1
16.418264812,1,1,0,1,1,1,1,1,1,0,1,1,1,1
16.418265375,1,1,0,1,1,1,0,1,1,0,1,1,1,1
16.418289438,1,1,0,1,1,1,0,1,1,0,1,1,0,1
16.418289563,1,1,0,1,1,1,0,1,1,0,1,0,0,1
16.418290250,1,1,0,1,1,1,0,1,1,1,1,0,0,1
16.418300000,1,1,0,1,1,1,0,1,1,1,1,0,1,1
16.418300188,1,1,0,1,1,1,0,1,1,0,1,0,1,1
16.418300375,1,1,0,1,1,1,0,1,1,0,1,1,1,1
16.418316562,0,1,0,1,1,1,0,1,1,0,1,1,1,1
16.418318438,0,1,1,1,1,1,0,1,1,0,1,1,1,1
16.418319063,0,1,1,0,1,1,0,1,1,0,1,1,1,1
16.418320625,0,1,1,0,1,0,0,1,1,0,1,1,1,1
16.418346813,0,1,1,0,1,0,0,1,1,0,1,1,0,1
16.418346938,0,1,1,0,1,0,0,1,1,0,1,0,0,1
16.418347687,0,1,1,0,1,0,0,1,1,1,1,0,0,1
16.418358000,0,1,1,0,1,0,0,1,1,1,1,0,1,1
16.418358188,0,1,1,0,1,0,0,1,1,0,1,0,1,1
16.418358375,0,1,1,0,1,0,0,1,1,0,1,1,1,1
16.418375687,0,0,1,0,1,0,0,1,1,0,1,1,1,1
16.418377500,0,0,1,1,1,0,0,1,1,0,1,1,1,1
16.418378125,0,0,1,1,0,0,0,1,1,0,1,1,1,1
16.418403750,0,0,1,1,0,0,0,1,1,0,1,1,0,1
16.418403875,0,0,1,1,0,0,0,1,1,0,1,0,0,1
16.418404438,0,0,1,1,0,0,0,1,1,1,1,0,0,1
16.418415062,0,0,1,1,0,0,0,1,1,1,1,0,1,1
16.418415187,0,0,1,1,0,0,0,1,1,0,1,0,1,1
16.418415375,0,0,1,1,0,0,0,1,1,0,1,1,1,1
16.418434063,0,0,1,0,0,0,0,1,1,0,1,1,1,1
16.418435062,0,0,1,0,1,0,0,1,1,0,1,1,1,1
16.418460625,0,0,1,0,1,0,0,1,1,0,1,1,0,1
16.418460688,0,0,1,0,1,0,0,1,1,0,1,0,0,1
16.418461437,0,0,1,0,1,0,0,1,1,1,1,0,0,1
16.418472313,0,0,1,0,1,0,0,1,1,1,1,0,1,1
16.418472500,0,0,1,0,1,0,0,1,1,0,1,0,1,1
16.418472625,0,0,1,0,1,0,0,1,1,0,1,1,1,1
16.418489937,0,1,1,0,1,0,0,1,1,0,1,1,1,1
16.418491563,0,1,1,1,1,0,0,1,1,0,1,1,1,1
16.418493937,0,1,1,1,1,0,1,1,1,0,1,1,1,1
16.418518187,0,1,1,1,1,0,1,1,1,0,1,1,0,1
16.418518250,0,1,1,1,1,0,1,1,1,0,1,0,0,1
16.418518875,0,1,1,1,1,0,1,1,1,1,1,0,0,1
16.418529062,0,1,1,1,1,0,1,1,1,1,1,0,1,1
16.418529187,0,1,1,1,1,0,1,1,1,0,1,0,1,1
16.418529375,0,1,1,1,1,0,1,1,1,0,1,1,1,1
16.418574125,0,1,1,1,1,0,1,1,1,0,1,1,0,1
16.418574250,0,1,1,1,1,0,1,1,1,0,1,0,0,1
16.418574875,0,1,1,1,1,0,1,1,1,1,1,0,0,1
16.418701875,0,1,1,1,1,0,1,1,1,1,1,0,1,1
16.418702062,0,1,1,1,1,0,1,1,1,0,1,0,1,1
16.418702250,0,1,1,1,1,0,1,1,1,0,1,1,1,1
16.418727375,1,1,1,1,1,0,1,1,1,0,1,1,1,1
16.418732500,1,1,1,1,1,1,1,1,1,0,1,1,1,1
16.418771437,1,1,1,1,1,1,1,1,1,0,1,1,0,1
16.418771563,1,1,1,1,1,1,1,1,1,0,1,0,0,1
16.418772250,1,1,1,1,1,1,1,1,1,1,1,0,0,1
16.418784125,1,1,1,1,1,1,1,1,1,1,1,0,1,1
16.418784313,1,1,1,1,1,1,1,1,1,0,1,0,1,1
16.418784500,1,1,1,1,1,1,1,1,1,0,1,1,1,1
16.418833750,1,1,1,1,1,1,1,1,1,0,1,1,0,1
16.418833875,1,1,1,1,1,1,1,1,1,0,1,0,0,1
16.418834625,1,1,1,1,1,1,1,1,1,1,1,0,0,1
16.418846750,1,1,1,1,1,1,1,1,1,1,1,0,1,1
16.418846937,1,1,1,1,1,1,1,1,1,0,1,0,1,1
16.418847125,1,1,1,1,1,1,1,1,1,0,1,1,1,1
16.418894563,1,1,1,1,1,1,1,1,1,0,1,1,0,1
16.418894687,1,1,1,1,1,1,1,1,1,0,1,0,0,1
16.418895438,1,1,1,1,1,1,1,1,1,1,1,0,0,1
16.418905000,1,1,1,1,1,1,1,1,1,1,1,0,1,1
16.418905187,1,1,1,1,1,1,1,1,1,0,1,0,1,1
16.418905313,1,1,1,1,1,1,1,1,1,0,1,1,1,1
16.418950625,1,1,1,1,1,1,1,1,1,0,1,1,0,1
16.418950750,1,1,1,1,1,1,1,1,1,0,1,0,0,1
16.418951437,1,1,1,1,1,1,1,1,1,1,1,0,0,1
16.418961000,1,1,1,1,1,1,1,1,1,1,1,0,1,1
16.418961187,1,1,1,1,1,1,1,1,1,0,1,0,1,1
16.418961375,1,1,1,1,1,1,1,1,1,0,1,1,1,1
16.419007812,1,1,1,1,1,1,1,1,1,0,1,1,0,1
16.419007875,1,1,1,1,1,1,1,1,1,0,1,0,0,1
16.419008625,1,1,1,1,1,1,1,1,1,1,1,0,0,1
16.419018063,1,1,1,1,1,1,1,1,1,1,1,0,1,1
16.419018250,1,1,1,1,1,1,1,1,1,0,1,0,1,1
16.419018438,1,1,1,1,1,1,1,1,1,0,1,1,1,1
16.419064250,1,1,1,1,1,1,1,1,1,0,1,1,0,1
16.419064313,1,1,1,1,1,1,1,1,1,0,1,0,0,1
16.419065000,1,1,1,1,1,1,1,1,1,1,1,0,0,1
16.419075000,1,1,1,1,1,1,1,1,1,1,1,0,1,1
16.419075125,1,1,1,1,1,1,1,1,1,0,1,0,1,1
16.419075312,1,1,1,1,1,1,1,1,1,0,1,1,1,1
16.419123312,1,1,1,1,1,1,1,1,1,0,1,1,0,1
16.419123438,1,1,1,1,1,1,1,1,1,0,1,0,0,1
16.419124187,1,1,1,1,1,1,1,1,1,1,1,0,0,1
16.419134000,1,1,1,1,1,1,1,1,1,1,1,0,1,1
16.419134187,1,1,1,1,1,1,1,1,1,0,1,0,1,1
16.419134312,1,1,1,1,1,1,1,1,1,0,1,1,1,1
16.419181062,1,1,1,1,1,1,1,1,1,0,1,1,0,1
16.419181188,1,1,1,1,1,1,1,1,1,0,1,0,0,1
16.419181812,1,1,1,1,1,1,1,1,1,1,1,0,0,1
16.419192125,1,1,1,1,1,1,1,1,1,1,1,0,1,1
16.419192313,1,1,1,1,1,1,1,1,1,0,1,0,1,1
16.419192438,1,1,1,1,1,1,1,1,1,0,1,1,1,1
16.419237938,1,1,1,1,1,1,1,1,1,0,1,1,0,1
16.419238062,1,1,1,1,1,1,1,1,1,0,1,0,0,1
16.419238813,1,1,1,1,1,1,1,1,1,1,1,0,0,1
16.419249125,1,1,1,1,1,1,1,1,1,1,1,0,1,1
16.419249312,1,1,1,1,1,1,1,1,1,0,1,0,1,1
16.419249437,1,1,1,1,1,1,1,1,1,0,1,1,1,1
16.419295000,1,1,1,1,1,1,1,1,1,0,1,1,0,1
16.419295125,1,1,1,1,1,1,1,1,1,0,1,0,0,1
16.419295812,1,1,1,1,1,1,1,1,1,1,1,0,0,1
16.419306000,1,1,1,1,1,1,1,1,1,1,1,0,1,1
16.419306187,1,1,1,1,1,1,1,1,1,0,1,0,1,1
16.419306375,1,1,1,1,1,1,1,1,1,0,1,1,1,1
16.419353500,1,1,1,1,1,1,1,1,1,0,1,1,0,1
16.419353625,1,1,1,1,1,1,1,1,1,0,1,0,0,1
16.419354375,1,1,1,1,1,1,1,1,1,1,1,0,0,1
16.419364063,1,1,1,1,1,1,1,1,1,1,1,0,1,1
16.419364250,1,1,1,1,1,1,1,1,1,0,1,0,1,1
16.419364375,1,1,1,1,1,1,1,1,1,0,1,1,1,1
16.419410000,1,1,1,1,1,1,1,1,1,0,1,1,0,1
16.419410125,1,1,1,1,1,1,1,1,1,0,1,0,0,1
16.419410750,1,1,1,1,1,1,1,1,1,1,1,0,0,1
16.419421062,1,1,1,1,1,1,1,1,1,1,1,0,1,1
16.419421187,1,1,1,1,1,1,1,1,1,0,1,0,1,1
16.419421375,1,1,1,1,1,1,1,1,1,0,1,1,1,1
16.419466875,1,1,1,1,1,1,1,1,1,0,1,1,0,1
16.419466938,1,1,1,1,1,1,1,1,1,0,1,0,0,1
16.419467562,1,1,1,1,1,1,1,1,1,1,1,0,0,1
16.419480062,1,1,1,1,1,1,1,1,1,1,1,0,1,1
16.419480250,1,1,1,1,1,1,1,1,1,0,1,0,1,1
16.419480375,1,1,1,1,1,1,1,1,1,0,1,1,1,1
16.419525938,1,1,1,1,1,1,1,1,1,0,1,1,0,1
16.419526000,1,1,1,1,1,1,1,1,1,0,1,0,0,1
16.419526750,1,1,1,1,1,1,1,1,1,1,1,0,0,1
16.419537000,1,1,1,1,1,1,1,1,1,1,1,0,1,1
16.419537188,1,1,1,1,1,1,1,1,1,0,1,0,1,1
16.419537375,1,1,1,1,1,1,1,1,1,0,1,1,1,1
16.419583500,1,1,1,1,1,1,1,1,1,0,1,1,0,1
16.419583625,1,1,1,1,1,1,1,1,1,0,1,0,0,1
16.419584375,1,1,1,1,1,1,1,1,1,1,1,0,0,1
16.419594187,1,1,1,1,1,1,1,1,1,1,1,0,1,1
16.419594312,1,1,1,1,1,1,1,1,1,0,1,0,1,1
16.419594500,1,1,1,1,1,1,1,1,1,0,1,1,1,1
16.419773688,1,1,1,1,1,1,1,1,1,0,1,1,0,1
16.419773813,1,1,1,1,1,1,1,1,1,0,1,0,0,1
16.419774562,1,1,1,1,1,1,1,1,1,1,1,0,0,1
16.419788312,1,1,1,1,1,1,1,1,1,1,1,0,1,1
16.419788500,1,1,1,1,1,1,1,1,1,0,1,0,1,1
16.419788625,1,1,1,1,1,1,1,1,1,0,1,1,1,1
16.419843687,1,1,1,1,1,1,1,1,1,0,1,1,0,1
16.419843813,1,1,1,1,1,1,1,1,1,0,1,0,0,1
16.419844562,1,1,1,1,1,1,1,1,1,1,1,0,0,1
16.419857063,1,1,1,1,1,1,1,1,1,1,1,0,1,1
16.419857250,1,1,1,1,1,1,1,1,1,0,1,0,1,1
16.419857437,1,1,1,1,1,1,1,1,1,0,1,1,1,1
16.420195688,1,1,1,1,1,1,1,1,1,0,1,1,0,1
16.420195750,1,1,1,1,1,1,1,1,1,0,1,0,0,1
16.420196500,1,1,1,1,1,1,1,1,1,1,1,0,0,1
16.420212187,1,1,1,1,1,1,1,1,1,1,1,0,1,1
16.420212375,1,1,1,1,1,1,1,1,1,0,1,0,1,1
16.420212563,1,1,1,1,1,1,1,1,1,0,1,1,1,1
16.420277188,1,1,1,1,1,1,1,1,1,0,1,1,0,1
16.420277250,1,1,1,1,1,1,1,1,1,0,1,0,0,1
16.420277875,1,1,1,1,1,1,1,1,1,1,1,0,0,1
16.420288062,1,1,1,1,1,1,1,1,1,1,1,0,1,1
16.420288250,1,1,1,1,1,1,1,1,1,0,1,0,1,1
16.420288437,1,1,1,1,1,1,1,1,1,0,1,1,1,1
16.420337375,1,1,1,1,1,1,1,1,1,0,1,1,0,1
16.420337437,1,1,1,1,1,1,1,1,1,0,1,0,0,1
16.420338063,1,1,1,1,1,1,1,1,1,1,1,0,0,1
16.420348312,1,1,1,1,1,1,1,1,1,1,1,0,1,1
16.420348500,1,1,1,1,1,1,1,1,1,0,1,0,1,1
16.420348625,1,1,1,1,1,1,1,1,1,0,1,1,1,1
16.420395625,1,1,1,1,1,1,1,1,1,0,1,1,0,1
16.420395750,1,1,1,1,1,1,1,1,1,0,1,0,0,1
16.420396500,1,1,1,1,1,1,1,1,1,1,1,0,0,1
16.420407000,1,1,1,1,1,1,1,1,1,1,1,0,1,1
16.420407188,1,1,1,1,1,1,1,1,1,0,1,0,1,1
16.420407313,1,1,1,1,1,1,1,1,1,0,1,1,1,1
16.420453625,1,1,1,1,1,1,1,1,1,0,1,1,0,1
16.420453688,1,1,1,1,1,1,1,1,1,0,1,0,0,1
16.420454500,1,1,1,1,1,1,1,1,1,1,1,0,0,1
16.420464125,1,1,1,1,1,1,1,1,1,1,1,0,1,1
16.420464250,1,1,1,1,1,1,1,1,1,0,1,0,1,1
16.420464438,1,1,1,1,1,1,1,1,1,0,1,1,1,1
16.420510813,1,1,1,1,1,1,1,1,1,0,1,1,0,1
16.420510875,1,1,1,1,1,1,1,1,1,0,1,0,0,1
16.420511687,1,1,1,1,1,1,1,1,1,1,1,0,0,1
16.420521000,1,1,1,1,1,1,1,1,1,1,1,0,1,1
16.420521188,1,1,1,1,1,1,1,1,1,0,1,0,1,1
16.420521375,1,1,1,1,1,1,1,1,1,0,1,1,1,1
16.420567188,1,1,1,1,1,1,1,1,1,0,1,1,0,1
16.420567250,1,1,1,1,1,1,1,1,1,0,1,0,0,1
16.420567875,1,1,1,1,1,1,1,1,1,1,1,0,0,1
16.420578062,1,1,1,1,1,1,1,1,1,1,1,0,1,1
16.420578250,1,1,1,1,1,1,1,1,1,0,1,0,1,1
16.420578438,1,1,1,1,1,1,1,1,1,0,1,1,1,1
16.420626563,1,1,1,1,1,1,1,1,1,0,1,1,0,1
16.420626688,1,1,1,1,1,1,1,1,1,0,1,0,0,1
16.420627250,1,1,1,1,1,1,1,1,1,1,1,0,0,1
16.420637000,1,1,1,1,1,1,1,1,1,1,1,0,1,1
16.420637187,1,1,1,1,1,1,1,1,1,0,1,0,1,1
16.420637375,1,1,1,1,1,1,1,1,1,0,1,1,1,1
16.420945000,1,1,1,1,1,1,1,1,1,0,1,1,0,1
16.420945125,1,1,1,1,1,1,1,1,1,0,1,0,0,1
16.420945813,1,1,1,1,1,1,1,1,1,1,1,0,0,1
16.420962375,1,1,1,1,1,1,1,1,1,1,1,0,1,1
16.420962563,1,1,1,1,1,1,1,1,1,0,1,0,1,1
16.420962688,1,1,1,1,1,1,1,1,1,0,1,1,1,1
16.421031000,1,1,1,1,1,1,1,1,1,0,1,1,0,1
16.421031125,1,1,1,1,1,1,1,1,1,0,1,0,0,1
16.421031813,1,1,1,1,1,1,1,1,1,1,1,0,0,1
16.421043063,1,1,1,1,1,1,1,1,1,1,1,0,1,1
16.421043250,1,1,1,1,1,1,1,1,1,0,1,0,1,1
16.421043375,1,1,1,1,1,1,1,1,1,0,1,1,1,1
16.421091562,1,1,1,1,1,1,1,1,1,0,1,1,0,1
16.421091687,1,1,1,1,1,1,1,1,1,0,1,0,0,1
16.421092438,1,1,1,1,1,1,1,1,1,1,1,0,0,1
16.421104187,1,1,1,1,1,1,1,1,1,1,1,0,1,1
16.421104375,1,1,1,1,1,1,1,1,1,0,1,0,1,1
16.421104500,1,1,1,1,1,1,1,1,1,0,1,1,1,1
16.421151937,1,1,1,1,1,1,1,1,1,0,1,1,0,1
16.421152062,1,1,1,1,1,1,1,1,1,0,1,0,0,1
16.421152813,1,1,1,1,1,1,1,1,1,1,1,0,0,1
16.421163125,1,1,1,1,1,1,1,1,1,1,1,0,1,1
16.421163312,1,1,1,1,1,1,1,1,1,0,1,0,1,1
16.421163500,1,1,1,1,1,1,1,1,1,0,1,1,1,1
16.421209625,1,1,1,1,1,1,1,1,1,0,1,1,0,1
16.421209750,1,1,1,1,1,1,1,1,1,0,1,0,0,1
16.421210438,1,1,1,1,1,1,1,1,1,1,1,0,0,1
16.421221813,1,1,1,1,1,1,1,1,1,1,1,0,1,1
16.421222000,1,1,1,1,1,1,1,1,1,0,1,0,1,1
16.421222125,1,1,1,1,1,1,1,1,1,0,1,1,1,1
16.421268625,1,1,1,1,1,1,1,1,1,0,1,1,0,1
16.421268687,1,1,1,1,1,1,1,1,1,0,1,0,0,1
16.421269375,1,1,1,1,1,1,1,1,1,1,1,0,0,1
16.421279125,1,1,1,1,1,1,1,1,1,1,1,0,1,1
16.421279313,1,1,1,1,1,1,1,1,1,0,1,0,1,1
16.421279438,1,1,1,1,1,1,1,1,1,0,1,1,1,1
16.421324812,1,1,1,1,1,1,1,1,1,0,1,1,0,1
16.421324875,1,1,1,1,1,1,1,1,1,0,1,0,0,1
16.421325625,1,1,1,1,1,1,1,1,1,1,1,0,0,1
16.421336187,1,1,1,1,1,1,1,1,1,1,1,0,1,1
16.421336375,1,1,1,1,1,1,1,1,1,0,1,0,1,1
16.421336500,1,1,1,1,1,1,1,1,1,0,1,1,1,1
16.421382063,1,1,1,1,1,1,1,1,1,0,1,1,0,1
16.421382125,1,1,1,1,1,1,1,1,1,0,1,0,0,1
16.421382812,1,1,1,1,1,1,1,1,1,1,1,0,0,1
16.421393125,1,1,1,1,1,1,1,1,1,1,1,0,1,1
16.421393313,1,1,1,1,1,1,1,1,1,0,1,0,1,1
16.421393500,1,1,1,1,1,1,1,1,1,0,1,1,1,1
16.421439625,1,1,1,1,1,1,1,1,1,0,1,1,0,1
16.421439750,1,1,1,1,1,1,1,1,1,0,1,0,0,1
16.421440375,1,1,1,1,1,1,1,1,1,1,1,0,0,1
16.421450125,1,1,1,1,1,1,1,1,1,1,1,0,1,1
16.421450250,1,1,1,1,1,1,1,1,1,0,1,0,1,1
16.421450437,1,1,1,1,1,1,1,1,1,0,1,1,1,1
16.421499312,1,1,1,1,1,1,1,1,1,0,1,1,0,1
16.421499437,1,1,1,1,1,1,1,1,1,0,1,0,0,1
16.421500188,1,1,1,1,1,1,1,1,1,1,1,0,0,1
16.421510125,1,1,1,1,1,1,1,1,1,1,1,0,1,1
16.421510313,1,1,1,1,1,1,1,1,1,0,1,0,1,1
16.421510438,1,1,1,1,1,1,1,1,1,0,1,1,1,1
16.421556313,1,1,1,1,1,1,1,1,1,0,1,1,0,1
16.421556438,1,1,1,1,1,1,1,1,1,0,1,0,0,1
16.421557187,1,1,1,1,1,1,1,1,1,1,1,0,0,1
16.421567000,1,1,1,1,1,1,1,1,1,1,1,0,1,1
16.421567187,1,1,1,1,1,1,1,1,1,0,1,0,1,1
16.421567375,1,1,1,1,1,1,1,1,1,0,1,1,1,1
16.421614063,1,1,1,1,1,1,1,1,1,0,1,1,0,1
16.421614188,1,1,1,1,1,1,1,1,1,0,1,0,0,1
16.421614750,1,1,1,1,1,1,1,1,1,1,1,0,0,1
16.421625125,1,1,1,1,1,1,1,1,1,1,1,0,1,1
16.421625250,1,1,1,1,1,1,1,1,1,0,1,0,1,1
16.421625438,1,1,1,1,1,1,1,1,1,0,1,1,1,1
16.421671250,1,1,1,1,1,1,1,1,1,0,1,1,0,1
16.421671375,1,1,1,1,1,1,1,1,1,0,1,0,0,1
16.421671938,1,1,1,1,1,1,1,1,1,1,1,0,0,1
16.421682125,1,1,1,1,1,1,1,1,1,1,1,0,1,1
16.421682312,1,1,1,1,1,1,1,1,1,0,1,0,1,1
16.421682437,1,1,1,1,1,1,1,1,1,0,1,1,1,1
16.421729813,1,1,1,1,1,1,1,1,1,0,1,1,0,1
16.421729938,1,1,1,1,1,1,1,1,1,0,1,0,0,1
16.421730562,1,1,1,1,1,1,1,1,1,1,1,0,0,1
16.421740062,1,1,1,1,1,1,1,1,1,1,1,0,1,1
16.421740250,1,1,1,1,1,1,1,1,1,0,1,0,1,1
16.421740437,1,1,1,1,1,1,1,1,1,0,1,1,1,1
16.421785750,1,1,1,1,1,1,1,1,1,0,1,1,0,1
16.421785875,1,1,1,1,1,1,1,1,1,0,1,0,0,1
16.421786562,1,1,1,1,1,1,1,1,1,1,1,0,0,1
16.421796000,1,1,1,1,1,1,1,1,1,1,1,0,1,1
16.421796188,1,1,1,1,1,1,1,1,1,0,1,0,1,1
16.421796375,1,1,1,1,1,1,1,1,1,0,1,1,1,1
16.421841687,1,1,1,1,1,1,1,1,1,0,1,1,0,1
16.421841812,1,1,1,1,1,1,1,1,1,0,1,0,0,1
16.421842563,1,1,1,1,1,1,1,1,1,1,1,0,0,1
16.421997937,1,1,1,1,1,1,1,1,1,1,1,0,1,1
16.421998125,1,1,1,1,1,1,1,1,1,0,1,0,1,1
16.421998313,1,1,1,1,1,1,1,1,1,0,1,1,1,1
16.422064062,1,1,1,1,1,1,1,1,1,0,1,1,0,1
16.422064125,1,1,1,1,1,1,1,1,1,0,1,0,0,1
16.422064938,1,1,1,1,1,1,1,1,1,1,1,0,0,1
16.422076125,1,1,1,1,1,1,1,1,1,1,1,0,1,1
16.422076312,1,1,1,1,1,1,1,1,1,0,1,0,1,1
16.422076500,1,1,1,1,1,1,1,1,1,0,1,1,1,1
16.422129937,1,1,1,1,1,1,1,1,1,0,1,1,0,1
16.422130062,1,1,1,1,1,1,1,1,1,0,1,0,0,1
16.422130750,1,1,1,1,1,1,1,1,1,1,1,0,0,1
16.422141000,1,1,1,1,1,1,1,1,1,1,1,0,1,1
16.422141187,1,1,1,1,1,1,1,1,1,0,1,0,1,1
16.422141375,1,1,1,1,1,1,1,1,1,0,1,1,1,1
16.422187063,1,1,1,1,1,1,1,1,1,0,1,1,0,1
16.422187188,1,1,1,1,1,1,1,1,1,0,1,0,0,1
16.422187937,1,1,1,1,1,1,1,1,1,1,1,0,0,1
16.422198062,1,1,1,1,1,1,1,1,1,1,1,0,1,1
16.422198250,1,1,1,1,1,1,1,1,1,0,1,0,1,1
16.422198438,1,1,1,1,1,1,1,1,1,0,1,1,1,1
16.422247438,1,1,1,1,1,1,1,1,1,0,1,1,0,1
16.422247500,1,1,1,1,1,1,1,1,1,0,1,0,0,1
16.422248125,1,1,1,1,1,1,1,1,1,1,1,0,0,1
16.422258125,1,1,1,1,1,1,1,1,1,1,1,0,1,1
16.422258312,1,1,1,1,1,1,1,1,1,0,1,0,1,1
16.422258500,1,1,1,1,1,1,1,1,1,0,1,1,1,1
16.422304125,1,1,1,1,1,1,1,1,1,0,1,1,0,1
16.422304250,1,1,1,1,1,1,1,1,1,0,1,0,0,1
16.422304938,1,1,1,1,1,1,1,1,1,1,1,0,0,1
16.422315063,1,1,1,1,1,1,1,1,1,1,1,0,1,1
16.422315250,1,1,1,1,1,1,1,1,1,0,1,0,1,1
16.422315438,1,1,1,1,1,1,1,1,1,0,1,1,1,1
16.422360375,1,1,1,1,1,1,1,1,1,0,1,1,0,1
16.422360500,1,1,1,1,1,1,1,1,1,0,1,0,0,1
16.422361125,1,1,1,1,1,1,1,1,1,1,1,0,0,1
16.422371063,1,1,1,1,1,1,1,1,1,1,1,0,1,1
16.422371250,1,1,1,1,1,1,1,1,1,0,1,0,1,1
16.422371438,1,1,1,1,1,1,1,1,1,0,1,1,1,1
16.422417563,1,1,1,1,1,1,1,1,1,0,1,1,0,1
16.422417688,1,1,1,1,1,1,1,1,1,0,1,0,0,1
16.422418312,1,1,1,1,1,1,1,1,1,1,1,0,0,1
16.422428187,1,1,1,1,1,1,1,1,1,1,1,0,1,1
16.422428375,1,1,1,1,1,1,1,1,1,0,1,0,1,1
16.422428500,1,1,1,1,1,1,1,1,1,0,1,1,1,1
16.422475937,1,1,1,1,1,1,1,1,1,0,1,1,0,1
16.422476000,1,1,1,1,1,1,1,1,1,0,1,0,0,1
16.422476688,1,1,1,1,1,1,1,1,1,1,1,0,0,1
16.422487063,1,1,1,1,1,1,1,1,1,1,1,0,1,1
16.422487250,1,1,1,1,1,1,1,1,1,0,1,0,1,1
16.422487437,1,1,1,1,1,1,1,1,1,0,1,1,1,1
16.422533500,1,1,1,1,1,1,1,1,1,0,1,1,0,1
16.422533625,1,1,1,1,1,1,1,1,1,0,1,0,0,1
16.422534313,1,1,1,1,1,1,1,1,1,1,1,0,0,1
16.422544125,1,1,1,1,1,1,1,1,1,1,1,0,1,1
16.422544250,1,1,1,1,1,1,1,1,1,0,1,0,1,1
16.422544438,1,1,1,1,1,1,1,1,1,0,1,1,1,1
16.422589125,1,1,1,1,1,1,1,1,1,0,1,1,0,1
16.422589250,1,1,1,1,1,1,1,1,1,0,1,0,0,1
16.422589875,1,1,1,1,1,1,1,1,1,1,1,0,0,1
16.422600250,1,1,1,1,1,1,1,1,1,1,1,0,1,1
16.422600438,1,1,1,1,1,1,1,1,1,0,1,0,1,1
16.422600563,1,1,1,1,1,1,1,1,1,0,1,1,1,1
16.422646250,1,1,1,1,1,1,1,1,1,0,1,1,0,1
16.422646312,1,1,1,1,1,1,1,1,1,0,1,0,0,1
16.422647063,1,1,1,1,1,1,1,1,1,1,1,0,0,1
16.422657000,1,1,1,1,1,1,1,1,1,1,1,0,1,1
16.422657188,1,1,1,1,1,1,1,1,1,0,1,0,1,1
16.422657313,1,1,1,1,1,1,1,1,1,0,1,1,1,1
16.422702750,1,1,1,1,1,1,1,1,1,0,1,1,0,1
16.422702875,1,1,1,1,1,1,1,1,1,0,1,0,0,1
16.422703438,1,1,1,1,1,1,1,1,1,1,1,0,0,1
16.422714125,1,1,1,1,1,1,1,1,1,1,1,0,1,1
16.422714312,1,1,1,1,1,1,1,1,1,0,1,0,1,1
16.422714438,1,1,1,1,1,1,1,1,1,0,1,1,1,1
16.422760437,1,1,1,1,1,1,1,1,1,0,1,1,0,1
16.422760562,1,1,1,1,1,1,1,1,1,0,1,0,0,1
16.422761250,1,1,1,1,1,1,1,1,1,1,1,0,0,1
16.422771000,1,1,1,1,1,1,1,1,1,1,1,0,1,1
16.422771250,1,1,1,1,1,1,1,1,1,0,1,0,1,1
16.422771375,1,1,1,1,1,1,1,1,1,0,1,1,1,1
16.422815437,1,1,1,1,1,1,1,1,1,0,1,1,0,1
16.422815562,1,1,1,1,1,1,1,1,1,0,1,0,0,1
16.422816250,1,1,1,1,1,1,1,1,1,1,1,0,0,1
16.422826063,1,1,1,1,1,1,1,1,1,1,1,0,1,1
16.422826188,1,1,1,1,1,1,1,1,1,0,1,0,1,1
16.422826375,1,1,1,1,1,1,1,1,1,0,1,1,1,1
16.422874000,1,1,1,1,1,1,1,1,1,0,1,1,0,1
16.422874125,1,1,1,1,1,1,1,1,1,0,1,0,0,1
16.422874875,1,1,1,1,1,1,1,1,1,1,1,0,0,1
16.422885125,1,1,1,1,1,1,1,1,1,1,1,0,1,1
16.422885313,1,1,1,1,1,1,1,1,1,0,1,0,1,1
16.422885437,1,1,1,1,1,1,1,1,1,0,1,1,1,1
16.423066625,1,1,1,1,1,1,1,1,1,0,1,1,0,1
16.423066750,1,1,1,1,1,1,1,1,1,0,1,0,0,1
16.423067437,1,1,1,1,1,1,1,1,1,1,1,0,0,1
16.423081125,1,1,1,1,1,1,1,1,1,1,1,0,1,1
16.423081312,1,1,1,1,1,1,1,1,1,0,1,0,1,1
16.423081437,1,1,1,1,1,1,1,1,1,0,1,1,1,1
16.423138000,1,1,1,1,1,1,1,1,1,0,1,1,0,1
16.423138125,1,1,1,1,1,1,1,1,1,0,1,0,0,1
16.423138812,1,1,1,1,1,1,1,1,1,1,1,0,0,1
16.423149188,1,1,1,1,1,1,1,1,1,1,1,0,1,1
16.423149313,1,1,1,1,1,1,1,1,1,0,1,0,1,1
16.423149500,1,1,1,1,1,1,1,1,1,0,1,1,1,1
16.423197250,1,1,1,1,1,1,1,1,1,0,1,1,0,1
16.423197313,1,1,1,1,1,1,1,1,1,0,1,0,0,1
16.423198000,1,1,1,1,1,1,1,1,1,1,1,0,0,1
16.423208125,1,1,1,1,1,1,1,1,1,1,1,0,1,1
16.423208313,1,1,1,1,1,1,1,1,1,0,1,0,1,1
16.423208438,1,1,1,1,1,1,1,1,1,0,1,1,1,1
16.423256438,1,1,1,1,1,1,1,1,1,0,1,1,0,1
16.423256562,1,1,1,1,1,1,1,1,1,0,1,0,0,1
16.423257187,1,1,1,1,1,1,1,1,1,1,1,0,0,1
16.423267062,1,1,1,1,1,1,1,1,1,1,1,0,1,1
16.423267250,1,1,1,1,1,1,1,1,1,0,1,0,1,1
16.423267375,1,1,1,1,1,1,1,1,1,0,1,1,1,1
16.423313250,1,1,1,1,1,1,1,1,1,0,1,1,0,1
16.423313375,1,1,1,1,1,1,1,1,1,0,1,0,0,1
16.423314000,1,1,1,1,1,1,1,1,1,1,1,0,0,1
16.423324188,1,1,1,1,1,1,1,1,1,1,1,0,1,1
16.423324313,1,1,1,1,1,1,1,1,1,0,1,0,1,1
16.423324500,1,1,1,1,1,1,1,1,1,0,1,1,1,1
16.423372687,1,1,1,1,1,1,1,1,1,0,1,1,0,1
16.423372812,1,1,1,1,1,1,1,1,1,0,1,0,0,1
16.423373375,1,1,1,1,1,1,1,1,1,1,1,0,0,1
16.423383063,1,1,1,1,1,1,1,1,1,1,1,0,1,1
16.423383250,1,1,1,1,1,1,1,1,1,0,1,0,1,1
16.423383438,1,1,1,1,1,1,1,1,1,0,1,1,1,1
16.423430125,1,1,1,1,1,1,1,1,1,0,1,1,0,1
16.423430250,1,1,1,1,1,1,1,1,1,0,1,0,0,1
16.423431000,1,1,1,1,1,1,1,1,1,1,1,0,0,1
16.423441125,1,1,1,1,1,1,1,1,1,1,1,0,1,1
16.423441312,1,1,1,1,1,1,1,1,1,0,1,0,1,1
16.423441500,1,1,1,1,1,1,1,1,1,0,1,1,1,1
16.423487875,1,1,1,1,1,1,1,1,1,0,1,1,0,1
16.423488000,1,1,1,1,1,1,1,1,1,0,1,0,0,1
16.423488625,1,1,1,1,1,1,1,1,1,1,1,0,0,1
16.423499125,1,1,1,1,1,1,1,1,1,1,1,0,1,1
16.423499312,1,1,1,1,1,1,1,1,1,0,1,0,1,1
16.423499500,1,1,1,1,1,1,1,1,1,0,1,1,1,1
16.423545687,1,1,1,1,1,1,1,1,1,0,1,1,0,1
16.423545750,1,1,1,1,1,1,1,1,1,0,1,0,0,1
16.423546375,1,1,1,1,1,1,1,1,1,1,1,0,0,1
16.423556063,1,1,1,1,1,1,1,1,1,1,1,0,1,1
16.423556250,1,1,1,1,1,1,1,1,1,0,1,0,1,1
16.423556375,1,1,1,1,1,1,1,1,1,0,1,1,1,1
16.423602938,1,1,1,1,1,1,1,1,1,0,1,1,0,1
16.423603062,1,1,1,1,1,1,1,1,1,0,1,0,0,1
16.423603813,1,1,1,1,1,1,1,1,1,1,1,0,0,1
16.423614063,1,1,1,1,1,1,1,1,1,1,1,0,1,1
16.423614250,1,1,1,1,1,1,1,1,1,0,1,0,1,1
16.423614375,1,1,1,1,1,1,1,1,1,0,1,1,1,1
16.423660188,1,1,1,1,1,1,1,1,1,0,1,1,0,1
16.423660313,1,1,1,1,1,1,1,1,1,0,1,0,0,1
16.423661000,1,1,1,1,1,1,1,1,1,1,1,0,0,1
16.423671062,1,1,1,1,1,1,1,1,1,1,1,0,1,1
16.423671250,1,1,1,1,1,1,1,1,1,0,1,0,1,1
16.423671375,1,1,1,1,1,1,1,1,1,0,1,1,1,1
16.423717500,1,1,1,1,1,1,1,1,1,0,1,1,0,1
16.423717625,1,1,1,1,1,1,1,1,1,0,1,0,0,1
16.423718375,1,1,1,1,1,1,1,1,1,1,1,0,0,1
16.423730062,1,1,1,1,1,1,1,1,1,1,1,0,1,1
16.423730250,1,1,1,1,1,1,1,1,1,0,1,0,1,1
16.423730438,1,1,1,1,1,1,1,1,1,0,1,1,1,1
16.423776562,1,1,1,1,1,1,1,1,1,0,1,1,0,1
16.423776687,1,1,1,1,1,1,1,1,1,0,1,0,0,1
16.423777375,1,1,1,1,1,1,1,1,1,1,1,0,0,1
16.423787063,1,1,1,1,1,1,1,1,1,1,1,0,1,1
16.423787250,1,1,1,1,1,1,1,1,1,0,1,0,1,1
16.423787437,1,1,1,1,1,1,1,1,1,0,1,1,1,1
16.423832937,1,1,1,1,1,1,1,1,1,0,1,1,0,1
16.423833063,1,1,1,1,1,1,1,1,1,0,1,0,0,1
16.423833750,1,1,1,1,1,1,1,1,1,1,1,0,0,1
16.423844187,1,1,1,1,1,1,1,1,1,1,1,0,1,1
16.423844313,1,1,1,1,1,1,1,1,1,0,1,0,1,1
16.423844500,1,1,1,1,1,1,1,1,1,0,1,1,1,1
16.423892125,1,1,1,1,1,1,1,1,1,0,1,1,0,1
16.423892250,1,1,1,1,1,1,1,1,1,0,1,0,0,1
16.423892937,1,1,1,1,1,1,1,1,1,1,1,0,0,1
16.423903062,1,1,1,1,1,1,1,1,1,1,1,0,1,1
16.423903250,1,1,1,1,1,1,1,1,1,0,1,0,1,1
16.423903438,1,1,1,1,1,1,1,1,1,0,1,1,1,1
16.423949437,1,1,1,1,1,1,1,1,1,0,1,1,0,1
16.423949562,1,1,1,1,1,1,1,1,1,0,1,0,0,1
16.423950125,1,1,1,1,1,1,1,1,1,1,1,0,0,1
16.423960063,1,1,1,1,1,1,1,1,1,1,1,0,1,1
16.423960250,1,1,1,1,1,1,1,1,1,0,1,0,1,1
16.423960437,1,1,1,1,1,1,1,1,1,0,1,1,1,1
16.424150375,1,1,1,1,1,1,1,1,1,0,1,1,0,1
16.424150437,1,1,1,1,1,1,1,1,1,0,1,0,0,1
16.424151125,1,1,1,1,1,1,1,1,1,1,1,0,0,1
16.424162187,1,1,1,1,1,1,1,1,1,1,1,0,1,1
16.424162375,1,1,1,1,1,1,1,1,1,0,1,0,1,1
16.424162500,1,1,1,1,1,1,1,1,1,0,1,1,1,1
16.424211625,1,1,1,1,1,1,1,1,1,0,1,1,0,1
16.424211750,1,1,1,1,1,1,1,1,1,0,1,0,0,1
16.424212312,1,1,1,1,1,1,1,1,1,1,1,0,0,1
16.424223438,1,1,1,1,1,1,1,1,1,1,1,0,1,1
16.424223562,1,1,1,1,1,1,1,1,1,0,1,0,1,1
16.424322312,1,1,1,1,1,1,1,1,1,0,1,1,1,1
16.424356125,1,1,1,1,1,1,1,1,1,0,1,1,0,1
16.424356250,1,1,1,1,1,1,1,1,1,0,1,0,0,1
16.424356938,1,1,1,1,1,1,1,1,1,1,1,0,0,1
16.424367063,1,1,1,1,1,1,1,1,1,1,1,0,1,1
16.424367250,1,1,1,1,1,1,1,1,1,0,1,0,1,1
16.424367437,1,1,1,1,1,1,1,1,1,0,1,1,1,1
16.424414375,1,1,1,1,1,1,1,1,1,0,1,1,0,1
16.424414438,1,1,1,1,1,1,1,1,1,0,1,0,0,1
16.424415125,1,1,1,1,1,1,1,1,1,1,1,0,0,1
16.424425062,1,1,1,1,1,1,1,1,1,1,1,0,1,1
16.424425250,1,1,1,1,1,1,1,1,1,0,1,0,1,1
16.424425437,1,1,1,1,1,1,1,1,1,0,1,1,1,1
16.424471938,1,1,1,1,1,1,1,1,1,0,1,1,0,1
16.424472063,1,1,1,1,1,1,1,1,1,0,1,0,0,1
16.424472687,1,1,1,1,1,1,1,1,1,1,1,0,0,1
16.424483062,1,1,1,1,1,1,1,1,1,1,1,0,1,1
16.424483250,1,1,1,1,1,1,1,1,1,0,1,0,1,1
16.424483438,1,1,1,1,1,1,1,1,1,0,1,1,1,1
16.424530250,1,1,1,1,1,1,1,1,1,0,1,1,0,1
16.424530375,1,1,1,1,1,1,1,1,1,0,1,0,0,1
16.424531125,1,1,1,1,1,1,1,1,1,1,1,0,0,1
16.424541125,1,1,1,1,1,1,1,1,1,1,1,0,1,1
16.424541313,1,1,1,1,1,1,1,1,1,0,1,0,1,1
16.424541438,1,1,1,1,1,1,1,1,1,0,1,1,1,1
16.424586687,1,1,1,1,1,1,1,1,1,0,1,1,0,1
16.424586750,1,1,1,1,1,1,1,1,1,0,1,0,0,1
16.424587500,1,1,1,1,1,1,1,1,1,1,1,0,0,1
16.424598500,1,1,1,1,1,1,1,1,1,1,1,0,1,1
16.424598625,1,1,1,1,1,1,1,1,1,0,1,0,1,1
16.424598813,1,1,1,1,1,1,1,1,1,0,1,1,1,1
16.424644312,1,1,1,1,1,1,1,1,1,0,1,1,0,1
16.424644437,1,1,1,1,1,1,1,1,1,0,1,0,0,1
16.424645062,1,1,1,1,1,1,1,1,1,1,1,0,0,1
16.424655125,1,1,1,1,1,1,1,1,1,1,1,0,1,1
16.424655250,1,1,1,1,1,1,1,1,1,0,1,0,1,1
16.424655438,1,1,1,1,1,1,1,1,1,0,1,1,1,1
16.424700500,1,1,1,1,1,1,1,1,1,0,1,1,0,1
16.424700625,1,1,1,1,1,1,1,1,1,0,1,0,0,1
16.424701313,1,1,1,1,1,1,1,1,1,1,1,0,0,1
16.424711062,1,1,1,1,1,1,1,1,1,1,1,0,1,1
16.424711250,1,1,1,1,1,1,1,1,1,0,1,0,1,1
16.424711375,1,1,1,1,1,1,1,1,1,0,1,1,1,1
16.424820375,1,1,1,1,1,1,1,1,1,0,1,1,0,1
16.424820500,1,1,1,1,1,1,1,1,1,0,1,0,0,1
16.424821063,1,1,1,1,1,1,1,1,1,1,1,0,0,1
16.424832125,1,1,1,1,1,1,1,1,1,1,1,0,1,1
16.424832313,1,1,1,1,1,1,1,1,1,0,1,0,1,1
16.424832438,1,1,1,1,1,1,1,1,1,0,1,1,1,1
16.424922062,1,1,1,1,1,1,1,1,1,0,1,1,0,1
16.424922188,1,1,1,1,1,1,1,1,1,0,1,0,0,1
16.424922875,1,1,1,1,1,1,1,1,1,1,1,0,0,1
16.424933125,1,1,1,1,1,1,1,1,1,1,1,0,1,1
16.424933250,1,1,1,1,1,1,1,1,1,0,1,0,1,1
16.424933437,1,1,1,1,1,1,1,1,1,0,1,1,1,1
16.424984250,1,1,1,1,1,1,1,1,1,0,1,1,0,1
16.424984375,1,1,1,1,1,1,1,1,1,0,1,0,0,1
16.424985062,1,1,1,1,1,1,1,1,1,1,1,0,0,1
16.424995125,1,1,1,1,1,1,1,1,1,1,1,0,1,1
16.424995312,1,1,1,1,1,1,1,1,1,0,1,0,1,1
16.424995438,1,1,1,1,1,1,1,1,1,0,1,1,1,1
16.425180812,1,1,1,1,1,1,1,1,1,0,1,1,0,1
16.425180937,1,1,1,1,1,1,1,1,1,0,1,0,0,1
16.425181625,1,1,1,1,1,1,1,1,1,1,1,0,0,1
16.425195438,1,1,1,1,1,1,1,1,1,1,1,0,1,1
16.425195625,1,1,1,1,1,1,1,1,1,0,1,0,1,1
16.425195750,1,1,1,1,1,1,1,1,1,0,1,1,1,1
16.425254625,1,1,1,1,1,1,1,1,1,0,1,1,0,1
16.425254750,1,1,1,1,1,1,1,1,1,0,1,0,0,1
16.425255437,1,1,1,1,1,1,1,1,1,1,1,0,0,1
16.425266250,1,1,1,1,1,1,1,1,1,1,1,0,1,1
16.425266437,1,1,1,1,1,1,1,1,1,0,1,0,1,1
16.425266562,1,1,1,1,1,1,1,1,1,0,1,1,1,1
16.425314437,1,1,1,1,1,1,1,1,1,0,1,1,0,1
16.425314562,1,1,1,1,1,1,1,1,1,0,1,0,0,1
16.425315250,1,1,1,1,1,1,1,1,1,1,1,0,0,1
16.425325125,1,1,1,1,1,1,1,1,1,1,1,0,1,1
16.425325313,1,1,1,1,1,1,1,1,1,0,1,0,1,1
16.425325437,1,1,1,1,1,1,1,1,1,0,1,1,1,1
16.425373562,1,1,1,1,1,1,1,1,1,0,1,1,0,1
16.425373687,1,1,1,1,1,1,1,1,1,0,1,0,0,1
16.425374438,1,1,1,1,1,1,1,1,1,1,1,0,0,1
16.425384125,1,1,1,1,1,1,1,1,1,1,1,0,1,1
16.425384312,1,1,1,1,1,1,1,1,1,0,1,0,1,1
16.425384500,1,1,1,1,1,1,1,1,1,0,1,1,1,1
16.425430500,1,1,1,1,1,1,1,1,1,0,1,1,0,1
16.425430625,1,1,1,1,1,1,1,1,1,0,1,0,0,1
16.425431187,1,1,1,1,1,1,1,1,1,1,1,0,0,1
16.425441125,1,1,1,1,1,1,1,1,1,1,1,0,1,1
16.425441312,1,1,1,1,1,1,1,1,1,0,1,0,1,1
16.425441438,1,1,1,1,1,1,1,1,1,0,1,1,1,1
16.425487250,1,1,1,1,1,1,1,1,1,0,1,1,0,1
16.425487375,1,1,1,1,1,1,1,1,1,0,1,0,0,1
16.425488000,1,1,1,1,1,1,1,1,1,1,1,0,0,1
16.425498188,1,1,1,1,1,1,1,1,1,1,1,0,1,1
16.425498313,1,1,1,1,1,1,1,1,1,0,1,0,1,1
16.425498500,1,1,1,1,1,1,1,1,1,0,1,1,1,1
16.425544500,1,1,1,1,1,1,1,1,1,0,1,1,0,1
16.425544625,1,1,1,1,1,1,1,1,1,0,1,0,0,1
16.425545375,1,1,1,1,1,1,1,1,1,1,1,0,0,1
16.425555125,1,1,1,1,1,1,1,1,1,1,1,0,1,1
16.425555250,1,1,1,1,1,1,1,1,1,0,1,0,1,1
16.425555438,1,1,1,1,1,1,1,1,1,0,1,1,1,1
16.425602562,1,1,1,1,1,1,1,1,1,0,1,1,0,1
16.425602687,1,1,1,1,1,1,1,1,1,0,1,0,0,1
16.425603375,1,1,1,1,1,1,1,1,1,1,1,0,0,1
16.425613062,1,1,1,1,1,1,1,1,1,1,1,0,1,1
16.425613250,1,1,1,1,1,1,1,1,1,0,1,0,1,1
16.425613375,1,1,1,1,1,1,1,1,1,0,1,1,1,1
16.425659688,1,1,1,1,1,1,1,1,1,0,1,1,0,1
16.425659813,1,1,1,1,1,1,1,1,1,0,1,0,0,1
16.425660375,1,1,1,1,1,1,1,1,1,1,1,0,0,1
16.425670125,1,1,1,1,1,1,1,1,1,1,1,0,1,1
16.425670250,1,1,1,1,1,1,1,1,1,0,1,0,1,1
16.425670437,1,1,1,1,1,1,1,1,1,0,1,1,1,1
16.425716063,1,1,1,1,1,1,1,1,1,0,1,1,0,1
16.425716188,1,1,1,1,1,1,1,1,1,0,1,0,0,1
16.425716812,1,1,1,1,1,1,1,1,1,1,1,0,0,1
16.425729250,1,1,1,1,1,1,1,1,1,1,1,0,1,1
16.425729437,1,1,1,1,1,1,1,1,1,0,1,0,1,1
16.425729625,1,1,1,1,1,1,1,1,1,0,1,1,1,1
16.425775563,1,1,1,1,1,1,1,1,1,0,1,1,0,1
16.425775687,1,1,1,1,1,1,1,1,1,0,1,0,0,1
16.425776375,1,1,1,1,1,1,1,1,1,1,1,0,0,1
16.425786062,1,1,1,1,1,1,1,1,1,1,1,0,1,1
16.425786250,1,1,1,1,1,1,1,1,1,0,1,0,1,1
16.425786438,1,1,1,1,1,1,1,1,1,0,1,1,1,1
16.425831688,1,1,1,1,1,1,1,1,1,0,1,1,0,1
16.425831813,1,1,1,1,1,1,1,1,1,0,1,0,0,1
16.425832562,1,1,1,1,1,1,1,1,1,1,1,0,0,1
16.425842062,1,1,1,1,1,1,1,1,1,1,1,0,1,1
16.425842250,1,1,1,1,1,1,1,1,1,0,1,0,1,1
16.425842375,1,1,1,1,1,1,1,1,1,0,1,1,1,1
16.426409688,1,1,1,1,1,1,1,1,1,0,1,1,0,1
16.426409813,1,1,1,1,1,1,1,1,1,0,1,0,0,1
16.426410500,1,1,1,1,1,1,1,1,1,1,1,0,0,1
16.426428438,1,1,1,1,1,1,1,1,1,1,1,0,1,1
16.426428625,1,1,1,1,1,1,1,1,1,0,1,0,1,1
16.426428750,1,1,1,1,1,1,1,1,1,0,1,1,1,1
16.426500063,1,1,1,1,1,1,1,1,1,0,1,1,0,1
16.426500188,1,1,1,1,1,1,1,1,1,0,1,0,0,1
16.426500937,1,1,1,1,1,1,1,1,1,1,1,0,0,1
16.426512125,1,1,1,1,1,1,1,1,1,1,1,0,1,1
16.426512313,1,1,1,1,1,1,1,1,1,0,1,0,1,1
16.426512500,1,1,1,1,1,1,1,1,1,0,1,1,1,1
16.426561250,1,1,1,1,1,1,1,1,1,0,1,1,0,1
16.426561312,1,1,1,1,1,1,1,1,1,0,1,0,0,1
16.426562125,1,1,1,1,1,1,1,1,1,1,1,0,0,1
16.426572125,1,1,1,1,1,1,1,1,1,1,1,0,1,1
16.426572312,1,1,1,1,1,1,1,1,1,0,1,0,1,1
16.426572437,1,1,1,1,1,1,1,1,1,0,1,1,1,1
16.426621063,1,1,1,1,1,1,1,1,1,0,1,1,0,1
16.426621188,1,1,1,1,1,1,1,1,1,0,1,0,0,1
16.426621937,1,1,1,1,1,1,1,1,1,1,1,0,0,1
16.426632250,1,1,1,1,1,1,1,1,1,1,1,0,1,1
16.426632438,1,1,1,1,1,1,1,1,1,0,1,0,1,1
16.426632563,1,1,1,1,1,1,1,1,1,0,1,1,1,1
16.426678625,1,1,1,1,1,1,1,1,1,0,1,1,0,1
16.426678750,1,1,1,1,1,1,1,1,1,0,1,0,0,1
16.426679500,1,1,1,1,1,1,1,1,1,1,1,0,0,1
16.426689062,1,1,1,1,1,1,1,1,1,1,1,0,1,1
16.426689250,1,1,1,1,1,1,1,1,1,0,1,0,1,1
16.426689437,1,1,1,1,1,1,1,1,1,0,1,1,1,1
16.426735500,1,1,1,1,1,1,1,1,1,0,1,1,0,1
16.426735625,1,1,1,1,1,1,1,1,1,0,1,0,0,1
16.426736313,1,1,1,1,1,1,1,1,1,1,1,0,0,1
16.426746125,1,1,1,1,1,1,1,1,1,1,1,0,1,1
16.426746250,1,1,1,1,1,1,1,1,1,0,1,0,1,1
16.426746438,1,1,1,1,1,1,1,1,1,0,1,1,1,1
16.426792875,1,1,1,1,1,1,1,1,1,0,1,1,0,1
16.426793000,1,1,1,1,1,1,1,1,1,0,1,0,0,1
16.426793687,1,1,1,1,1,1,1,1,1,1,1,0,0,1
16.426804125,1,1,1,1,1,1,1,1,1,1,1,0,1,1
16.426804312,1,1,1,1,1,1,1,1,1,0,1,0,1,1
16.426804437,1,1,1,1,1,1,1,1,1,0,1,1,1,1
16.426852125,1,1,1,1,1,1,1,1,1,0,1,1,0,1
16.426852250,1,1,1,1,1,1,1,1,1,0,1,0,0,1
16.426852875,1,1,1,1,1,1,1,1,1,1,1,0,0,1
16.426863125,1,1,1,1,1,1,1,1,1,1,1,0,1,1
16.426863250,1,1,1,1,1,1,1,1,1,0,1,0,1,1
16.426863437,1,1,1,1,1,1,1,1,1,0,1,1,1,1
16.426910250,1,1,1,1,1,1,1,1,1,0,1,1,0,1
16.426910312,1,1,1,1,1,1,1,1,1,0,1,0,0,1
16.426911063,1,1,1,1,1,1,1,1,1,1,1,0,0,1
16.426921187,1,1,1,1,1,1,1,1,1,1,1,0,1,1
16.426921375,1,1,1,1,1,1,1,1,1,0,1,0,1,1
16.426921562,1,1,1,1,1,1,1,1,1,0,1,1,1,1
16.426966875,1,1,1,1,1,1,1,1,1,0,1,1,0,1
16.426967000,1,1,1,1,1,1,1,1,1,0,1,0,0,1
16.426967687,1,1,1,1,1,1,1,1,1,1,1,0,0,1
16.426980187,1,1,1,1,1,1,1,1,1,1,1,0,1,1
16.426980375,1,1,1,1,1,1,1,1,1,0,1,0,1,1
16.426980562,1,1,1,1,1,1,1,1,1,0,1,1,1,1
16.427027125,1,1,1,1,1,1,1,1,1,0,1,1,0,1
16.427027187,1,1,1,1,1,1,1,1,1,0,1,0,0,1
16.427027875,1,1,1,1,1,1,1,1,1,1,1,0,0,1
16.427037062,1,1,1,1,1,1,1,1,1,1,1,0,1,1
16.427037250,1,1,1,1,1,1,1,1,1,0,1,0,1,1
16.427037375,1,1,1,1,1,1,1,1,1,0,1,1,1,1
16.427082688,1,1,1,1,1,1,1,1,1,0,1,1,0,1
16.427082813,1,1,1,1,1,1,1,1,1,0,1,0,0,1
16.427083437,1,1,1,1,1,1,1,1,1,1,1,0,0,1
16.427093125,1,1,1,1,1,1,1,1,1,1,1,0,1,1
16.427093312,1,1,1,1,1,1,1,1,1,0,1,0,1,1
16.427093500,1,1,1,1,1,1,1,1,1,0,1,1,1,1
16.427139500,1,1,1,1,1,1,1,1,1,0,1,1,0,1
16.427139625,1,1,1,1,1,1,1,1,1,0,1,0,0,1
16.427140250,1,1,1,1,1,1,1,1,1,1,1,0,0,1
16.427150188,1,1,1,1,1,1,1,1,1,1,1,0,1,1
16.427150375,1,1,1,1,1,1,1,1,1,0,1,0,1,1
16.427150562,1,1,1,1,1,1,1,1,1,0,1,1,1,1
16.427195687,1,1,1,1,1,1,1,1,1,0,1,1,0,1
16.427195750,1,1,1,1,1,1,1,1,1,0,1,0,0,1
16.427196438,1,1,1,1,1,1,1,1,1,1,1,0,0,1
16.427206188,1,1,1,1,1,1,1,1,1,1,1,0,1,1
16.427206375,1,1,1,1,1,1,1,1,1,0,1,0,1,1
16.427206563,1,1,1,1,1,1,1,1,1,0,1,1,1,1
16.427436750,1,1,1,1,1,1,1,1,1,0,1,1,0,1
16.427436875,1,1,1,1,1,1,1,1,1,0,1,0,0,1
16.427437438,1,1,1,1,1,1,1,1,1,1,1,0,0,1
16.427450125,1,1,1,1,1,1,1,1,1,1,1,0,1,1
16.427450312,1,1,1,1,1,1,1,1,1,0,1,0,1,1
16.427450500,1,1,1,1,1,1,1,1,1,0,1,1,1,1
16.427507625,1,1,1,1,1,1,1,1,1,0,1,1,0,1
16.427507750,1,1,1,1,1,1,1,1,1,0,1,0,0,1
16.427508437,1,1,1,1,1,1,1,1,1,1,1,0,0,1
16.427518187,1,1,1,1,1,1,1,1,1,1,1,0,1,1
16.427518375,1,1,1,1,1,1,1,1,1,0,1,0,1,1
16.427518500,1,1,1,1,1,1,1,1,1,0,1,1,1,1
16.427565875,1,1,1,1,1,1,1,1,1,0,1,1,0,1
16.427566000,1,1,1,1,1,1,1,1,1,0,1,0,0,1
16.427566625,1,1,1,1,1,1,1,1,1,1,1,0,0,1
16.427577187,1,1,1,1,1,1,1,1,1,1,1,0,1,1
16.427577375,1,1,1,1,1,1,1,1,1,0,1,0,1,1
16.427577563,1,1,1,1,1,1,1,1,1,0,1,1,1,1
16.427626500,1,1,1,1,1,1,1,1,1,0,1,1,0,1
16.427626625,1,1,1,1,1,1,1,1,1,0,1,0,0,1
16.427627188,1,1,1,1,1,1,1,1,1,1,1,0,0,1
16.427637188,1,1,1,1,1,1,1,1,1,1,1,0,1,1
16.427637375,1,1,1,1,1,1,1,1,1,0,1,0,1,1
16.427637500,1,1,1,1,1,1,1,1,1,0,1,1,1,1
16.427682937,1,1,1,1,1,1,1,1,1,0,1,1,0,1
16.427683000,1,1,1,1,1,1,1,1,1,0,1,0,0,1
16.427683625,1,1,1,1,1,1,1,1,1,1,1,0,0,1
16.427693125,1,1,1,1,1,1,1,1,1,1,1,0,1,1
16.427693313,1,1,1,1,1,1,1,1,1,0,1,0,1,1
16.427693438,1,1,1,1,1,1,1,1,1,0,1,1,1,1
16.427739187,1,1,1,1,1,1,1,1,1,0,1,1,0,1
16.427739250,1,1,1,1,1,1,1,1,1,0,1,0,0,1
16.427740000,1,1,1,1,1,1,1,1,1,1,1,0,0,1
16.427750125,1,1,1,1,1,1,1,1,1,1,1,0,1,1
16.427750312,1,1,1,1,1,1,1,1,1,0,1,0,1,1
16.427750437,1,1,1,1,1,1,1,1,1,0,1,1,1,1
16.427796000,1,1,1,1,1,1,1,1,1,0,1,1,0,1
16.427796063,1,1,1,1,1,1,1,1,1,0,1,0,0,1
16.427796812,1,1,1,1,1,1,1,1,1,1,1,0,0,1
16.427807188,1,1,1,1,1,1,1,1,1,1,1,0,1,1
16.427807375,1,1,1,1,1,1,1,1,1,0,1,0,1,1
16.427807562,1,1,1,1,1,1,1,1,1,0,1,1,1,1
16.427853688,1,1,1,1,1,1,1,1,1,0,1,1,0,1
16.427853750,1,1,1,1,1,1,1,1,1,0,1,0,0,1
16.427854375,1,1,1,1,1,1,1,1,1,1,1,0,0,1
16.427864125,1,1,1,1,1,1,1,1,1,1,1,0,1,1
16.427864312,1,1,1,1,1,1,1,1,1,0,1,0,1,1
16.427864500,1,1,1,1,1,1,1,1,1,0,1,1,1,1
16.427910375,1,1,1,1,1,1,1,1,1,0,1,1,0,1
16.427910437,1,1,1,1,1,1,1,1,1,0,1,0,0,1
16.427911188,1,1,1,1,1,1,1,1,1,1,1,0,0,1
16.427921188,1,1,1,1,1,1,1,1,1,1,1,0,1,1
16.427921375,1,1,1,1,1,1,1,1,1,0,1,0,1,1
16.427921562,1,1,1,1,1,1,1,1,1,0,1,1,1,1
16.427967000,1,1,1,1,1,1,1,1,1,0,1,1,0,1
16.427967125,1,1,1,1,1,1,1,1,1,0,1,0,0,1
16.427967813,1,1,1,1,1,1,1,1,1,1,1,0,0,1
16.427980250,1,1,1,1,1,1,1,1,1,1,1,0,1,1
16.427980438,1,1,1,1,1,1,1,1,1,0,1,0,1,1
16.427980625,1,1,1,1,1,1,1,1,1,0,1,1,1,1
16.428026438,1,1,1,1,1,1,1,1,1,0,1,1,0,1
16.428026500,1,1,1,1,1,1,1,1,1,0,1,0,0,1
16.428027187,1,1,1,1,1,1,1,1,1,1,1,0,0,1
16.428037187,1,1,1,1,1,1,1,1,1,1,1,0,1,1
16.428037375,1,1,1,1,1,1,1,1,1,0,1,0,1,1
16.428037562,1,1,1,1,1,1,1,1,1,0,1,1,1,1
16.428083875,1,1,1,1,1,1,1,1,1,0,1,1,0,1
16.428083937,1,1,1,1,1,1,1,1,1,0,1,0,0,1
16.428084563,1,1,1,1,1,1,1,1,1,1,1,0,0,1
16.428094125,1,1,1,1,1,1,1,1,1,1,1,0,1,1
16.428094313,1,1,1,1,1,1,1,1,1,0,1,0,1,1
16.428094500,1,1,1,1,1,1,1,1,1,0,1,1,1,1
16.428141813,1,1,1,1,1,1,1,1,1,0,1,1,0,1
16.428141938,1,1,1,1,1,1,1,1,1,0,1,0,0,1
16.428142562,1,1,1,1,1,1,1,1,1,1,1,0,0,1
16.428152125,1,1,1,1,1,1,1,1,1,1,1,0,1,1
16.428152312,1,1,1,1,1,1,1,1,1,0,1,0,1,1
16.428152437,1,1,1,1,1,1,1,1,1,0,1,1,1,1
16.428198812,1,1,1,1,1,1,1,1,1,0,1,1,0,1
16.428198875,1,1,1,1,1,1,1,1,1,0,1,0,0,1
16.428199563,1,1,1,1,1,1,1,1,1,1,1,0,0,1
16.428209125,1,1,1,1,1,1,1,1,1,1,1,0,1,1
16.428209250,1,1,1,1,1,1,1,1,1,0,1,0,1,1
16.428209438,1,1,1,1,1,1,1,1,1,0,1,1,1,1
16.428255625,1,1,1,1,1,1,1,1,1,0,1,1,0,1
16.428255750,1,1,1,1,1,1,1,1,1,0,1,0,0,1
16.428256375,1,1,1,1,1,1,1,1,1,1,1,0,0,1
16.428266188,1,1,1,1,1,1,1,1,1,1,1,0,1,1
16.428266375,1,1,1,1,1,1,1,1,1,0,1,0,1,1
16.428266500,1,1,1,1,1,1,1,1,1,0,1,1,1,1
16.428312875,1,1,1,1,1,1,1,1,1,0,1,1,0,1
16.428313000,1,1,1,1,1,1,1,1,1,0,1,0,0,1
16.428313750,1,1,1,1,1,1,1,1,1,1,1,0,0,1
16.428448938,1,1,1,1,1,1,1,1,1,1,1,0,1,1
16.428449125,1,1,1,1,1,1,1,1,1,0,1,0,1,1
16.428449250,1,1,1,1,1,1,1,1,1,0,1,1,1,1
16.428518625,1,1,1,1,1,1,1,1,1,0,1,1,0,1
16.428518687,1,1,1,1,1,1,1,1,1,0,1,0,0,1
16.428519313,1,1,1,1,1,1,1,1,1,1,1,0,0,1
16.428531187,1,1,1,1,1,1,1,1,1,1,1,0,1,1
16.428531375,1,1,1,1,1,1,1,1,1,0,1,0,1,1
16.428531563,1,1,1,1,1,1,1,1,1,0,1,1,1,1
16.428580813,1,1,1,1,1,1,1,1,1,0,1,1,0,1
16.428580938,1,1,1,1,1,1,1,1,1,0,1,0,0,1
16.428581500,1,1,1,1,1,1,1,1,1,1,1,0,0,1
16.428592250,1,1,1,1,1,1,1,1,1,1,1,0,1,1
16.428592438,1,1,1,1,1,1,1,1,1,0,1,0,1,1
16.428592563,1,1,1,1,1,1,1,1,1,0,1,1,1,1
16.428640500,1,1,1,1,1,1,1,1,1,0,1,1,0,1
16.428640563,1,1,1,1,1,1,1,1,1,0,1,0,0,1
16.428641312,1,1,1,1,1,1,1,1,1,1,1,0,0,1
16.428651125,1,1,1,1,1,1,1,1,1,1,1,0,1,1
16.428651313,1,1,1,1,1,1,1,1,1,0,1,0,1,1
16.428651500,1,1,1,1,1,1,1,1,1,0,1,1,1,1
16.428698188,1,1,1,1,1,1,1,1,1,0,1,1,0,1
16.428698250,1,1,1,1,1,1,1,1,1,0,1,0,0,1
16.428698937,1,1,1,1,1,1,1,1,1,1,1,0,0,1
16.428709125,1,1,1,1,1,1,1,1,1,1,1,0,1,1
16.428709313,1,1,1,1,1,1,1,1,1,0,1,0,1,1
16.428709438,1,1,1,1,1,1,1,1,1,0,1,1,1,1
16.428756813,1,1,1,1,1,1,1,1,1,0,1,1,0,1
16.428756938,1,1,1,1,1,1,1,1,1,0,1,0,0,1
16.428757687,1,1,1,1,1,1,1,1,1,1,1,0,0,1
16.428767188,1,1,1,1,1,1,1,1,1,1,1,0,1,1
16.428767375,1,1,1,1,1,1,1,1,1,0,1,0,1,1
16.428767500,1,1,1,1,1,1,1,1,1,0,1,1,1,1
16.428813563,1,1,1,1,1,1,1,1,1,0,1,1,0,1
16.428813687,1,1,1,1,1,1,1,1,1,0,1,0,0,1
16.428814312,1,1,1,1,1,1,1,1,1,1,1,0,0,1
16.428824187,1,1,1,1,1,1,1,1,1,1,1,0,1,1
16.428824375,1,1,1,1,1,1,1,1,1,0,1,0,1,1
16.428824563,1,1,1,1,1,1,1,1,1,0,1,1,1,1
16.428871313,1,1,1,1,1,1,1,1,1,0,1,1,0,1
16.428871437,1,1,1,1,1,1,1,1,1,0,1,0,0,1
16.428872125,1,1,1,1,1,1,1,1,1,1,1,0,0,1
16.428882188,1,1,1,1,1,1,1,1,1,1,1,0,1,1
16.428882313,1,1,1,1,1,1,1,1,1,0,1,0,1,1
16.428882500,1,1,1,1,1,1,1,1,1,0,1,1,1,1
16.428928750,1,1,1,1,1,1,1,1,1,0,1,1,0,1
16.428928813,1,1,1,1,1,1,1,1,1,0,1,0,0,1
16.428929500,1,1,1,1,1,1,1,1,1,1,1,0,0,1
16.428939062,1,1,1,1,1,1,1,1,1,1,1,0,1,1
16.428939250,1,1,1,1,1,1,1,1,1,0,1,0,1,1
16.428939437,1,1,1,1,1,1,1,1,1,0,1,1,1,1
16.428985313,1,1,1,1,1,1,1,1,1,0,1,1,0,1
16.428985437,1,1,1,1,1,1,1,1,1,0,1,0,0,1
16.428986063,1,1,1,1,1,1,1,1,1,1,1,0,0,1
16.428996125,1,1,1,1,1,1,1,1,1,1,1,0,1,1
16.428996313,1,1,1,1,1,1,1,1,1,0,1,0,1,1
16.428996500,1,1,1,1,1,1,1,1,1,0,1,1,1,1
16.429041875,1,1,1,1,1,1,1,1,1,0,1,1,0,1
16.429042000,1,1,1,1,1,1,1,1,1,0,1,0,0,1
16.429042688,1,1,1,1,1,1,1,1,1,1,1,0,0,1
16.429052125,1,1,1,1,1,1,1,1,1,1,1,0,1,1
16.429052313,1,1,1,1,1,1,1,1,1,0,1,0,1,1
16.429052500,1,1,1,1,1,1,1,1,1,0,1,1,1,1
16.429099750,1,1,1,1,1,1,1,1,1,0,1,1,0,1
16.429099875,1,1,1,1,1,1,1,1,1,0,1,0,0,1
16.429100500,1,1,1,1,1,1,1,1,1,1,1,0,0,1
16.429111187,1,1,1,1,1,1,1,1,1,1,1,0,1,1
16.429111375,1,1,1,1,1,1,1,1,1,0,1,0,1,1
16.429111500,1,1,1,1,1,1,1,1,1,0,1,1,1,1
16.429157250,1,1,1,1,1,1,1,1,1,0,1,1,0,1
16.429157375,1,1,1,1,1,1,1,1,1,0,1,0,0,1
16.429158063,1,1,1,1,1,1,1,1,1,1,1,0,0,1
16.429168188,1,1,1,1,1,1,1,1,1,1,1,0,1,1
16.429168375,1,1,1,1,1,1,1,1,1,0,1,0,1,1
16.429168562,1,1,1,1,1,1,1,1,1,0,1,1,1,1
16.429214375,1,1,1,1,1,1,1,1,1,0,1,1,0,1
16.429214500,1,1,1,1,1,1,1,1,1,0,1,0,0,1
16.429215250,1,1,1,1,1,1,1,1,1,1,1,0,0,1
16.429225438,1,1,1,1,1,1,1,1,1,1,1,0,1,1
16.429225625,1,1,1,1,1,1,1,1,1,0,1,0,1,1
16.429225750,1,1,1,1,1,1,1,1,1,0,1,1,1,1
16.429271375,1,1,1,1,1,1,1,1,1,0,1,1,0,1
16.429271500,1,1,1,1,1,1,1,1,1,0,1,0,0,1
16.429272250,1,1,1,1,1,1,1,1,1,1,1,0,0,1
16.429282188,1,1,1,1,1,1,1,1,1,1,1,0,1,1
16.429282375,1,1,1,1,1,1,1,1,1,0,1,0,1,1
16.429282562,1,1,1,1,1,1,1,1,1,0,1,1,1,1
16.429329375,1,1,1,1,1,1,1,1,1,0,1,1,0,1
16.429329500,1,1,1,1,1,1,1,1,1,0,1,0,0,1
16.429330250,1,1,1,1,1,1,1,1,1,1,1,0,0,1
16.429340125,1,1,1,1,1,1,1,1,1,1,1,0,1,1
16.429340312,1,1,1,1,1,1,1,1,1,0,1,0,1,1
16.429340437,1,1,1,1,1,1,1,1,1,0,1,1,1,1
16.429516688,1,1,1,1,1,1,1,1,1,0,1,1,0,1
16.429516813,1,1,1,1,1,1,1,1,1,0,1,0,0,1
16.429517437,1,1,1,1,1,1,1,1,1,1,1,0,0,1
16.429531188,1,1,1,1,1,1,1,1,1,1,1,0,1,1
16.429531375,1,1,1,1,1,1,1,1,1,0,1,0,1,1
16.429531500,1,1,1,1,1,1,1,1,1,0,1,1,1,1
16.429586625,1,1,1,1,1,1,1,1,1,0,1,1,0,1
16.429586750,1,1,1,1,1,1,1,1,1,0,1,0,0,1
16.429587438,1,1,1,1,1,1,1,1,1,1,1,0,0,1
16.429598313,1,1,1,1,1,1,1,1,1,1,1,0,1,1
16.429598500,1,1,1,1,1,1,1,1,1,0,1,0,1,1
16.429598688,1,1,1,1,1,1,1,1,1,0,1,1,1,1
16.429647688,1,1,1,1,1,1,1,1,1,0,1,1,0,1
16.429647750,1,1,1,1,1,1,1,1,1,0,1,0,0,1
16.429648437,1,1,1,1,1,1,1,1,1,1,1,0,0,1
16.429658125,1,1,1,1,1,1,1,1,1,1,1,0,1,1
16.429658312,1,1,1,1,1,1,1,1,1,0,1,0,1,1
16.429658500,1,1,1,1,1,1,1,1,1,0,1,1,1,1
16.429704562,1,1,1,1,1,1,1,1,1,0,1,1,0,1
16.429704687,1,1,1,1,1,1,1,1,1,0,1,0,0,1
16.429705438,1,1,1,1,1,1,1,1,1,1,1,0,0,1
16.429715125,1,1,1,1,1,1,1,1,1,1,1,0,1,1
16.429715313,1,1,1,1,1,1,1,1,1,0,1,0,1,1
16.429715500,1,1,1,1,1,1,1,1,1,0,1,1,1,1
16.429762000,1,1,1,1,1,1,1,1,1,0,1,1,0,1
16.429762063,1,1,1,1,1,1,1,1,1,0,1,0,0,1
16.429762813,1,1,1,1,1,1,1,1,1,1,1,0,0,1
16.429773125,1,1,1,1,1,1,1,1,1,1,1,0,1,1
16.429773313,1,1,1,1,1,1,1,1,1,0,1,0,1,1
16.429773437,1,1,1,1,1,1,1,1,1,0,1,1,1,1
16.429819125,1,1,1,1,1,1,1,1,1,0,1,1,0,1
16.429819250,1,1,1,1,1,1,1,1,1,0,1,0,0,1
16.429820000,1,1,1,1,1,1,1,1,1,1,1,0,0,1
16.429830187,1,1,1,1,1,1,1,1,1,1,1,0,1,1
16.429830375,1,1,1,1,1,1,1,1,1,0,1,0,1,1
16.429830562,1,1,1,1,1,1,1,1,1,0,1,1,1,1
16.429878813,1,1,1,1,1,1,1,1,1,0,1,1,0,1
16.429878937,1,1,1,1,1,1,1,1,1,0,1,0,0,1
16.429879625,1,1,1,1,1,1,1,1,1,1,1,0,0,1
16.429889125,1,1,1,1,1,1,1,1,1,1,1,0,1,1
16.429889312,1,1,1,1,1,1,1,1,1,0,1,0,1,1
16.429889500,1,1,1,1,1,1,1,1,1,0,1,1,1,1
16.429936687,1,1,1,1,1,1,1,1,1,0,1,1,0,1
16.429936750,1,1,1,1,1,1,1,1,1,0,1,0,0,1
16.429937375,1,1,1,1,1,1,1,1,1,1,1,0,0,1
16.429947250,1,1,1,1,1,1,1,1,1,1,1,0,1,1
16.429947375,1,1,1,1,1,1,1,1,1,0,1,0,1,1
16.429947563,1,1,1,1,1,1,1,1,1,0,1,1,1,1
16.429995687,1,1,1,1,1,1,1,1,1,0,1,1,0,1
16.429995812,1,1,1,1,1,1,1,1,1,0,1,0,0,1
16.429996375,1,1,1,1,1,1,1,1,1,1,1,0,0,1
16.430006187,1,1,1,1,1,1,1,1,1,1,1,0,1,1
16.430006375,1,1,1,1,1,1,1,1,1,0,1,0,1,1
16.430006500,1,1,1,1,1,1,1,1,1,0,1,1,1,1
16.430052000,1,1,1,1,1,1,1,1,1,0,1,1,0,1
16.430052125,1,1,1,1,1,1,1,1,1,0,1,0,0,1
16.430052813,1,1,1,1,1,1,1,1,1,1,1,0,0,1
16.430063125,1,1,1,1,1,1,1,1,1,1,1,0,1,1
16.430063312,1,1,1,1,1,1,1,1,1,0,1,0,1,1
16.430063500,1,1,1,1,1,1,1,1,1,0,1,1,1,1
16.430109812,1,1,1,1,1,1,1,1,1,0,1,1,0,1
16.430109937,1,1,1,1,1,1,1,1,1,0,1,0,0,1
16.430110563,1,1,1,1,1,1,1,1,1,1,1,0,0,1
16.430120125,1,1,1,1,1,1,1,1,1,1,1,0,1,1
16.430120313,1,1,1,1,1,1,1,1,1,0,1,0,1,1
16.430120500,1,1,1,1,1,1,1,1,1,0,1,1,1,1
16.430165313,1,1,1,1,1,1,1,1,1,0,1,1,0,1
16.430165438,1,1,1,1,1,1,1,1,1,0,1,0,0,1
16.430166187,1,1,1,1,1,1,1,1,1,1,1,0,0,1
16.430176187,1,1,1,1,1,1,1,1,1,1,1,0,1,1
16.430176375,1,1,1,1,1,1,1,1,1,0,1,0,1,1
16.430176500,1,1,1,1,1,1,1,1,1,0,1,1,1,1
16.430223375,1,1,1,1,1,1,1,1,1,0,1,1,0,1
16.430223438,1,1,1,1,1,1,1,1,1,0,1,0,0,1
16.430224187,1,1,1,1,1,1,1,1,1,1,1,0,0,1
16.430234188,1,1,1,1,1,1,1,1,1,1,1,0,1,1
16.430234375,1,1,1,1,1,1,1,1,1,0,1,0,1,1
16.430234563,1,1,1,1,1,1,1,1,1,0,1,1,1,1
16.430280312,1,1,1,1,1,1,1,1,1,0,1,1,0,1
16.430280437,1,1,1,1,1,1,1,1,1,0,1,0,0,1
16.430281188,1,1,1,1,1,1,1,1,1,1,1,0,0,1
16.430291250,1,1,1,1,1,1,1,1,1,1,1,0,1,1
16.430291437,1,1,1,1,1,1,1,1,1,0,1,0,1,1
16.430291562,1,1,1,1,1,1,1,1,1,0,1,1,1,1
16.430337063,1,1,1,1,1,1,1,1,1,0,1,1,0,1
16.430337188,1,1,1,1,1,1,1,1,1,0,1,0,0,1
16.430337937,1,1,1,1,1,1,1,1,1,1,1,0,0,1
16.430348438,1,1,1,1,1,1,1,1,1,1,1,0,1,1
16.430348563,1,1,1,1,1,1,1,1,1,0,1,0,1,1
16.430348750,1,1,1,1,1,1,1,1,1,0,1,1,1,1
16.430394375,1,1,1,1,1,1,1,1,1,0,1,1,0,1
16.430394500,1,1,1,1,1,1,1,1,1,0,1,0,0,1
16.430395188,1,1,1,1,1,1,1,1,1,1,1,0,0,1
16.430405125,1,1,1,1,1,1,1,1,1,1,1,0,1,1
16.430405312,1,1,1,1,1,1,1,1,1,0,1,0,1,1
16.430405500,1,1,1,1,1,1,1,1,1,0,1,1,1,1
16.430591562,1,1,1,1,1,1,1,1,1,0,1,1,0,1
16.430591688,1,1,1,1,1,1,1,1,1,0,1,0,0,1
16.430592312,1,1,1,1,1,1,1,1,1,1,1,0,0,1
16.430608313,1,1,1,1,1,1,1,1,1,1,1,0,1,1
16.430608500,1,1,1,1,1,1,1,1,1,0,1,0,1,1
16.430608625,1,1,1,1,1,1,1,1,1,0,1,1,1,1
16.430663625,1,1,1,1,1,1,1,1,1,0,1,1,0,1
16.430663750,1,1,1,1,1,1,1,1,1,0,1,0,0,1
16.430664312,1,1,1,1,1,1,1,1,1,1,1,0,0,1
16.430675250,1,1,1,1,1,1,1,1,1,1,1,0,1,1
16.430675375,1,1,1,1,1,1,1,1,1,0,1,0,1,1
16.430675562,1,1,1,1,1,1,1,1,1,0,1,1,1,1
16.430790750,1,1,1,1,1,1,1,1,1,0,1,1,0,1
16.430790875,1,1,1,1,1,1,1,1,1,0,1,0,0,1
16.430791500,1,1,1,1,1,1,1,1,1,1,1,0,0,1
16.430804125,1,1,1,1,1,1,1,1,1,1,1,0,1,1
16.430804250,1,1,1,1,1,1,1,1,1,0,1,0,1,1
16.430804438,1,1,1,1,1,1,1,1,1,0,1,1,1,1
16.430860813,1,1,1,1,1,1,1,1,1,0,1,1,0,1
16.430860875,1,1,1,1,1,1,1,1,1,0,1,0,0,1
16.430861500,1,1,1,1,1,1,1,1,1,1,1,0,0,1
16.430872188,1,1,1,1,1,1,1,1,1,1,1,0,1,1
16.430872313,1,1,1,1,1,1,1,1,1,0,1,0,1,1
16.430872500,1,1,1,1,1,1,1,1,1,0,1,1,1,1
16.430920500,1,1,1,1,1,1,1,1,1,0,1,1,0,1
16.430920562,1,1,1,1,1,1,1,1,1,0,1,0,0,1
16.430921313,1,1,1,1,1,1,1,1,1,1,1,0,0,1
16.430931250,1,1,1,1,1,1,1,1,1,1,1,0,1,1
16.430931437,1,1,1,1,1,1,1,1,1,0,1,0,1,1
16.430931562,1,1,1,1,1,1,1,1,1,0,1,1,1,1
16.430980750,1,1,1,1,1,1,1,1,1,0,1,1,0,1
16.430980875,1,1,1,1,1,1,1,1,1,0,1,0,0,1
16.430981500,1,1,1,1,1,1,1,1,1,1,1,0,0,1
16.430991250,1,1,1,1,1,1,1,1,1,1,1,0,1,1
16.430991375,1,1,1,1,1,1,1,1,1,0,1,0,1,1
16.430991563,1,1,1,1,1,1,1,1,1,0,1,1,1,1
16.431038063,1,1,1,1,1,1,1,1,1,0,1,1,0,1
16.431038188,1,1,1,1,1,1,1,1,1,0,1,0,0,1
16.431038875,1,1,1,1,1,1,1,1,1,1,1,0,0,1
16.431049125,1,1,1,1,1,1,1,1,1,1,1,0,1,1
16.431049313,1,1,1,1,1,1,1,1,1,0,1,0,1,1
16.431049438,1,1,1,1,1,1,1,1,1,0,1,1,1,1
16.431096938,1,1,1,1,1,1,1,1,1,0,1,1,0,1
16.431097063,1,1,1,1,1,1,1,1,1,0,1,0,0,1
16.431097687,1,1,1,1,1,1,1,1,1,1,1,0,0,1
16.431107125,1,1,1,1,1,1,1,1,1,1,1,0,1,1
16.431107313,1,1,1,1,1,1,1,1,1,0,1,0,1,1
16.431107500,1,1,1,1,1,1,1,1,1,0,1,1,1,1
16.431153750,1,1,1,1,1,1,1,1,1,0,1,1,0,1
16.431153875,1,1,1,1,1,1,1,1,1,0,1,0,0,1
16.431154500,1,1,1,1,1,1,1,1,1,1,1,0,0,1
16.431165125,1,1,1,1,1,1,1,1,1,1,1,0,1,1
16.431165312,1,1,1,1,1,1,1,1,1,0,1,0,1,1
16.431165437,1,1,1,1,1,1,1,1,1,0,1,1,1,1
16.431210562,1,1,1,1,1,1,1,1,1,0,1,1,0,1
16.431210625,1,1,1,1,1,1,1,1,1,0,1,0,0,1
16.431211313,1,1,1,1,1,1,1,1,1,1,1,0,0,1
16.431222188,1,1,1,1,1,1,1,1,1,1,1,0,1,1
16.431222375,1,1,1,1,1,1,1,1,1,0,1,0,1,1
16.431222500,1,1,1,1,1,1,1,1,1,0,1,1,1,1
16.431268125,1,1,1,1,1,1,1,1,1,0,1,1,0,1
16.431268250,1,1,1,1,1,1,1,1,1,0,1,0,0,1
16.431268875,1,1,1,1,1,1,1,1,1,1,1,0,0,1
16.431279187,1,1,1,1,1,1,1,1,1,1,1,0,1,1
16.431279312,1,1,1,1,1,1,1,1,1,0,1,0,1,1
16.431279500,1,1,1,1,1,1,1,1,1,0,1,1,1,1
16.431324125,1,1,1,1,1,1,1,1,1,0,1,1,0,1
16.431324250,1,1,1,1,1,1,1,1,1,0,1,0,0,1
16.431324875,1,1,1,1,1,1,1,1,1,1,1,0,0,1
16.431335125,1,1,1,1,1,1,1,1,1,1,1,0,1,1
16.431335250,1,1,1,1,1,1,1,1,1,0,1,0,1,1
16.431335437,1,1,1,1,1,1,1,1,1,0,1,1,1,1
16.431381500,1,1,1,1,1,1,1,1,1,0,1,1,0,1
16.431381625,1,1,1,1,1,1,1,1,1,0,1,0,0,1
16.431382250,1,1,1,1,1,1,1,1,1,1,1,0,0,1
16.431392125,1,1,1,1,1,1,1,1,1,1,1,0,1,1
16.431392313,1,1,1,1,1,1,1,1,1,0,1,0,1,1
16.431392500,1,1,1,1,1,1,1,1,1,0,1,1,1,1
16.431438625,1,1,1,1,1,1,1,1,1,0,1,1,0,1
16.431438750,1,1,1,1,1,1,1,1,1,0,1,0,0,1
16.431439437,1,1,1,1,1,1,1,1,1,1,1,0,0,1
16.431449125,1,1,1,1,1,1,1,1,1,1,1,0,1,1
16.431449312,1,1,1,1,1,1,1,1,1,0,1,0,1,1
16.431449500,1,1,1,1,1,1,1,1,1,0,1,1,1,1
16.431652125,1,1,1,1,1,1,1,1,1,0,1,1,0,1
16.431652187,1,1,1,1,1,1,1,1,1,0,1,0,0,1
16.431652813,1,1,1,1,1,1,1,1,1,1,1,0,0,1
16.431667375,1,1,1,1,1,1,1,1,1,1,1,0,1,1
16.431667562,1,1,1,1,1,1,1,1,1,0,1,0,1,1
16.431667687,1,1,1,1,1,1,1,1,1,0,1,1,1,1
16.431724125,1,1,1,1,1,1,1,1,1,0,1,1,0,1
16.431724250,1,1,1,1,1,1,1,1,1,0,1,0,0,1
16.431724813,1,1,1,1,1,1,1,1,1,1,1,0,0,1
16.431735187,1,1,1,1,1,1,1,1,1,1,1,0,1,1
16.431735375,1,1,1,1,1,1,1,1,1,0,1,0,1,1
16.431735500,1,1,1,1,1,1,1,1,1,0,1,1,1,1
16.431782125,1,1,1,1,1,1,1,1,1,0,1,1,0,1
16.431782250,1,1,1,1,1,1,1,1,1,0,1,0,0,1
16.431783000,1,1,1,1,1,1,1,1,1,1,1,0,0,1
16.431793187,1,1,1,1,1,1,1,1,1,1,1,0,1,1
16.431793375,1,1,1,1,1,1,1,1,1,0,1,0,1,1
16.431793500,1,1,1,1,1,1,1,1,1,0,1,1,1,1
16.431839500,1,1,1,1,1,1,1,1,1,0,1,1,0,1
16.431839625,1,1,1,1,1,1,1,1,1,0,1,0,0,1
16.431840250,1,1,1,1,1,1,1,1,1,1,1,0,0,1
16.431850375,1,1,1,1,1,1,1,1,1,1,1,0,1,1
16.431850562,1,1,1,1,1,1,1,1,1,0,1,0,1,1
16.431850687,1,1,1,1,1,1,1,1,1,0,1,1,1,1
16.432187438,1,1,1,1,1,1,1,1,1,0,1,1,0,1
16.432187562,1,1,1,1,1,1,1,1,1,0,1,0,0,1
16.432188187,1,1,1,1,1,1,1,1,1,1,1,0,0,1
16.432203188,1,1,1,1,1,1,1,1,1,1,1,0,1,1
16.432203313,1,1,1,1,1,1,1,1,1,0,1,0,1,1
16.432203500,1,1,1,1,1,1,1,1,1,0,1,1,1,1
16.432270688,1,1,1,1,1,1,1,1,1,0,1,1,0,1
16.432270813,1,1,1,1,1,1,1,1,1,0,1,0,0,1
16.432271375,1,1,1,1,1,1,1,1,1,1,1,0,0,1
16.432282125,1,1,1,1,1,1,1,1,1,1,1,0,1,1
16.432282312,1,1,1,1,1,1,1,1,1,0,1,0,1,1
16.432282500,1,1,1,1,1,1,1,1,1,0,1,1,1,1
16.432329563,1,1,1,1,1,1,1,1,1,0,1,1,0,1
16.432329625,1,1,1,1,1,1,1,1,1,0,1,0,0,1
16.432330375,1,1,1,1,1,1,1,1,1,1,1,0,0,1
16.432340125,1,1,1,1,1,1,1,1,1,1,1,0,1,1
16.432340312,1,1,1,1,1,1,1,1,1,0,1,0,1,1
16.432340500,1,1,1,1,1,1,1,1,1,0,1,1,1,1
16.432387813,1,1,1,1,1,1,1,1,1,0,1,1,0,1
16.432387937,1,1,1,1,1,1,1,1,1,0,1,0,0,1
16.432388563,1,1,1,1,1,1,1,1,1,1,1,0,0,1
16.432399125,1,1,1,1,1,1,1,1,1,1,1,0,1,1
16.432399312,1,1,1,1,1,1,1,1,1,0,1,0,1,1
16.432399437,1,1,1,1,1,1,1,1,1,0,1,1,1,1
16.432445687,1,1,1,1,1,1,1,1,1,0,1,1,0,1
16.432445750,1,1,1,1,1,1,1,1,1,0,1,0,0,1
16.432446375,1,1,1,1,1,1,1,1,1,1,1,0,0,1
16.432456188,1,1,1,1,1,1,1,1,1,1,1,0,1,1
16.432456375,1,1,1,1,1,1,1,1,1,0,1,0,1,1
16.432456563,1,1,1,1,1,1,1,1,1,0,1,1,1,1
16.432504563,1,1,1,1,1,1,1,1,1,0,1,1,0,1
16.432504687,1,1,1,1,1,1,1,1,1,0,1,0,0,1
16.432505375,1,1,1,1,1,1,1,1,1,1,1,0,0,1
16.432515188,1,1,1,1,1,1,1,1,1,1,1,0,1,1
16.432515375,1,1,1,1,1,1,1,1,1,0,1,0,1,1
16.432515500,1,1,1,1,1,1,1,1,1,0,1,1,1,1
16.432811750,1,1,1,1,1,1,1,1,1,0,1,1,0,1
16.432811875,1,1,1,1,1,1,1,1,1,0,1,0,0,1
16.432812563,1,1,1,1,1,1,1,1,1,1,1,0,0,1
16.432827312,1,1,1,1,1,1,1,1,1,1,1,0,1,1
16.432827500,1,1,1,1,1,1,1,1,1,0,1,0,1,1
16.432827688,1,1,1,1,1,1,1,1,1,0,1,1,1,1
16.432923875,1,1,1,1,1,1,1,1,1,0,1,1,0,1
16.432924000,1,1,1,1,1,1,1,1,1,0,1,0,0,1
16.432924688,1,1,1,1,1,1,1,1,1,1,1,0,0,1
16.432936188,1,1,1,1,1,1,1,1,1,1,1,0,1,1
16.432936375,1,1,1,1,1,1,1,1,1,0,1,0,1,1
16.432936563,1,1,1,1,1,1,1,1,1,0,1,1,1,1
16.432987437,1,1,1,1,1,1,1,1,1,0,1,1,0,1
16.432987562,1,1,1,1,1,1,1,1,1,0,1,0,0,1
16.432988250,1,1,1,1,1,1,1,1,1,1,1,0,0,1
16.432998188,1,1,1,1,1,1,1,1,1,1,1,0,1,1
16.432998375,1,1,1,1,1,1,1,1,1,0,1,0,1,1
16.432998500,1,1,1,1,1,1,1,1,1,0,1,1,1,1
16.433046437,1,1,1,1,1,1,1,1,1,0,1,1,0,1
16.433046500,1,1,1,1,1,1,1,1,1,0,1,0,0,1
16.433047313,1,1,1,1,1,1,1,1,1,1,1,0,0,1
16.433057250,1,1,1,1,1,1,1,1,1,1,1,0,1,1
16.433057438,1,1,1,1,1,1,1,1,1,0,1,0,1,1
16.433057625,1,1,1,1,1,1,1,1,1,0,1,1,1,1
16.433104813,1,1,1,1,1,1,1,1,1,0,1,1,0,1
16.433104875,1,1,1,1,1,1,1,1,1,0,1,0,0,1
16.433105500,1,1,1,1,1,1,1,1,1,1,1,0,0,1
16.433115125,1,1,1,1,1,1,1,1,1,1,1,0,1,1
16.433115313,1,1,1,1,1,1,1,1,1,0,1,0,1,1
16.433115437,1,1,1,1,1,1,1,1,1,0,1,1,1,1
16.433161375,1,1,1,1,1,1,1,1,1,0,1,1,0,1
16.433161500,1,1,1,1,1,1,1,1,1,0,1,0,0,1
16.433162125,1,1,1,1,1,1,1,1,1,1,1,0,0,1
16.433172250,1,1,1,1,1,1,1,1,1,1,1,0,1,1
16.433172438,1,1,1,1,1,1,1,1,1,0,1,0,1,1
16.433172563,1,1,1,1,1,1,1,1,1,0,1,1,1,1
16.433218250,1,1,1,1,1,1,1,1,1,0,1,1,0,1
16.433218375,1,1,1,1,1,1,1,1,1,0,1,0,0,1
16.433219125,1,1,1,1,1,1,1,1,1,1,1,0,0,1
16.433231312,1,1,1,1,1,1,1,1,1,1,1,0,1,1
16.433231500,1,1,1,1,1,1,1,1,1,0,1,0,1,1
16.433231688,1,1,1,1,1,1,1,1,1,0,1,1,1,1
16.433277437,1,1,1,1,1,1,1,1,1,0,1,1,0,1
16.433277562,1,1,1,1,1,1,1,1,1,0,1,0,0,1
16.433278313,1,1,1,1,1,1,1,1,1,1,1,0,0,1
16.433288313,1,1,1,1,1,1,1,1,1,1,1,0,1,1
16.433288500,1,1,1,1,1,1,1,1,1,0,1,0,1,1
16.433288687,1,1,1,1,1,1,1,1,1,0,1,1,1,1
16.433334188,1,1,1,1,1,1,1,1,1,0,1,1,0,1
16.433334250,1,1,1,1,1,1,1,1,1,0,1,0,0,1
16.433334937,1,1,1,1,1,1,1,1,1,1,1,0,0,1
16.433346812,1,1,1,1,1,1,1,1,1,1,1,0,1,1
16.433347000,1,1,1,1,1,1,1,1,1,0,1,0,1,1
16.433347188,1,1,1,1,1,1,1,1,1,0,1,1,1,1
16.433392937,1,1,1,1,1,1,1,1,1,0,1,1,0,1
16.433393062,1,1,1,1,1,1,1,1,1,0,1,0,0,1
16.433393688,1,1,1,1,1,1,1,1,1,1,1,0,0,1
16.433404187,1,1,1,1,1,1,1,1,1,1,1,0,1,1
16.433404312,1,1,1,1,1,1,1,1,1,0,1,0,1,1
16.433404500,1,1,1,1,1,1,1,1,1,0,1,1,1,1
16.433449688,1,1,1,1,1,1,1,1,1,0,1,1,0,1
16.433449813,1,1,1,1,1,1,1,1,1,0,1,0,0,1
16.433450500,1,1,1,1,1,1,1,1,1,1,1,0,0,1
16.433460312,1,1,1,1,1,1,1,1,1,1,1,0,1,1
16.433460500,1,1,1,1,1,1,1,1,1,0,1,0,1,1
16.433460625,1,1,1,1,1,1,1,1,1,0,1,1,1,1
16.433506750,1,1,1,1,1,1,1,1,1,0,1,1,0,1
16.433506875,1,1,1,1,1,1,1,1,1,0,1,0,0,1
16.433507500,1,1,1,1,1,1,1,1,1,1,1,0,0,1
16.433517188,1,1,1,1,1,1,1,1,1,1,1,0,1,1
16.433517313,1,1,1,1,1,1,1,1,1,0,1,0,1,1
16.433517500,1,1,1,1,1,1,1,1,1,0,1,1,1,1
16.433563625,1,1,1,1,1,1,1,1,1,0,1,1,0,1
16.433563750,1,1,1,1,1,1,1,1,1,0,1,0,0,1
16.433564437,1,1,1,1,1,1,1,1,1,1,1,0,0,1
16.433574187,1,1,1,1,1,1,1,1,1,1,1,0,1,1
16.433574375,1,1,1,1,1,1,1,1,1,0,1,0,1,1
16.433574562,1,1,1,1,1,1,1,1,1,0,1,1,1,1
16.433623188,1,1,1,1,1,1,1,1,1,0,1,1,0,1
16.433623250,1,1,1,1,1,1,1,1,1,0,1,0,0,1
16.433624063,1,1,1,1,1,1,1,1,1,1,1,0,0,1
16.433634250,1,1,1,1,1,1,1,1,1,1,1,0,1,1
16.433634375,1,1,1,1,1,1,1,1,1,0,1,0,1,1
16.433634562,1,1,1,1,1,1,1,1,1,0,1,1,1,1
16.433839625,1,1,1,1,1,1,1,1,1,0,1,1,0,1
16.433839750,1,1,1,1,1,1,1,1,1,0,1,0,0,1
16.433840437,1,1,1,1,1,1,1,1,1,1,1,0,0,1
16.433855250,1,1,1,1,1,1,1,1,1,1,1,0,1,1
16.433855438,1,1,1,1,1,1,1,1,1,0,1,0,1,1
16.433855625,1,1,1,1,1,1,1,1,1,0,1,1,1,1
16.433909000,1,1,1,1,1,1,1,1,1,0,1,1,0,1
16.433909125,1,1,1,1,1,1,1,1,1,0,1,0,0,1
16.433909813,1,1,1,1,1,1,1,1,1,1,1,0,0,1
16.433920375,1,1,1,1,1,1,1,1,1,1,1,0,1,1
16.433920562,1,1,1,1,1,1,1,1,1,0,1,0,1,1
16.433920750,1,1,1,1,1,1,1,1,1,0,1,1,1,1
16.433967563,1,1,1,1,1,1,1,1,1,0,1,1,0,1
16.433967688,1,1,1,1,1,1,1,1,1,0,1,0,0,1
16.433968437,1,1,1,1,1,1,1,1,1,1,1,0,0,1
16.433981312,1,1,1,1,1,1,1,1,1,1,1,0,1,1
16.433981438,1,1,1,1,1,1,1,1,1,0,1,0,1,1
16.433981625,1,1,1,1,1,1,1,1,1,0,1,1,1,1
16.434029125,1,1,1,1,1,1,1,1,1,0,1,1,0,1
16.434029250,1,1,1,1,1,1,1,1,1,0,1,0,0,1
16.434030000,1,1,1,1,1,1,1,1,1,1,1,0,0,1
16.434040187,1,1,1,1,1,1,1,1,1,1,1,0,1,1
16.434040375,1,1,1,1,1,1,1,1,1,0,1,0,1,1
16.434040563,1,1,1,1,1,1,1,1,1,0,1,1,1,1
16.434086375,1,1,1,1,1,1,1,1,1,0,1,1,0,1
16.434086500,1,1,1,1,1,1,1,1,1,0,1,0,0,1
16.434087188,1,1,1,1,1,1,1,1,1,1,1,0,0,1
16.434097375,1,1,1,1,1,1,1,1,1,1,1,0,1,1
16.434097500,1,1,1,1,1,1,1,1,1,0,1,0,1,1
16.434097625,1,1,1,1,1,1,1,1,1,0,1,1,1,1
16.434143938,1,1,1,1,1,1,1,1,1,0,1,1,0,1
16.434144000,1,1,1,1,1,1,1,1,1,0,1,0,0,1
16.434144625,1,1,1,1,1,1,1,1,1,1,1,0,0,1
16.434155250,1,1,1,1,1,1,1,1,1,1,1,0,1,1
16.434155437,1,1,1,1,1,1,1,1,1,0,1,0,1,1
16.434155625,1,1,1,1,1,1,1,1,1,0,1,1,1,1
16.434201687,1,1,1,1,1,1,1,1,1,0,1,1,0,1
16.434201750,1,1,1,1,1,1,1,1,1,0,1,0,0,1
16.434202438,1,1,1,1,1,1,1,1,1,1,1,0,0,1
16.434212187,1,1,1,1,1,1,1,1,1,1,1,0,1,1
16.434212375,1,1,1,1,1,1,1,1,1,0,1,0,1,1
16.434212500,1,1,1,1,1,1,1,1,1,0,1,1,1,1
16.434258750,1,1,1,1,1,1,1,1,1,0,1,1,0,1
16.434258813,1,1,1,1,1,1,1,1,1,0,1,0,0,1
16.434259625,1,1,1,1,1,1,1,1,1,1,1,0,0,1
16.434269250,1,1,1,1,1,1,1,1,1,1,1,0,1,1
16.434269375,1,1,1,1,1,1,1,1,1,0,1,0,1,1
16.434269562,1,1,1,1,1,1,1,1,1,0,1,1,1,1
16.434315125,1,1,1,1,1,1,1,1,1,0,1,1,0,1
16.434315188,1,1,1,1,1,1,1,1,1,0,1,0,0,1
16.434316000,1,1,1,1,1,1,1,1,1,1,1,0,0,1
16.434326188,1,1,1,1,1,1,1,1,1,1,1,0,1,1
16.434326375,1,1,1,1,1,1,1,1,1,0,1,0,1,1
16.434326500,1,1,1,1,1,1,1,1,1,0,1,1,1,1
16.434373750,1,1,1,1,1,1,1,1,1,0,1,1,0,1
16.434373875,1,1,1,1,1,1,1,1,1,0,1,0,0,1
16.434374563,1,1,1,1,1,1,1,1,1,1,1,0,0,1
16.434384188,1,1,1,1,1,1,1,1,1,1,1,0,1,1
16.434384313,1,1,1,1,1,1,1,1,1,0,1,0,1,1
16.434384500,1,1,1,1,1,1,1,1,1,0,1,1,1,1
16.434430563,1,1,1,1,1,1,1,1,1,0,1,1,0,1
16.434430625,1,1,1,1,1,1,1,1,1,0,1,0,0,1
16.434431375,1,1,1,1,1,1,1,1,1,1,1,0,0,1
16.434441187,1,1,1,1,1,1,1,1,1,1,1,0,1,1
16.434441312,1,1,1,1,1,1,1,1,1,0,1,0,1,1
16.434441500,1,1,1,1,1,1,1,1,1,0,1,1,1,1
16.434488563,1,1,1,1,1,1,1,1,1,0,1,1,0,1
16.434488688,1,1,1,1,1,1,1,1,1,0,1,0,0,1
16.434489375,1,1,1,1,1,1,1,1,1,1,1,0,0,1
16.434499187,1,1,1,1,1,1,1,1,1,1,1,0,1,1
16.434499375,1,1,1,1,1,1,1,1,1,0,1,0,1,1
16.434499563,1,1,1,1,1,1,1,1,1,0,1,1,1,1
16.434545250,1,1,1,1,1,1,1,1,1,0,1,1,0,1
16.434545375,1,1,1,1,1,1,1,1,1,0,1,0,0,1
16.434546000,1,1,1,1,1,1,1,1,1,1,1,0,0,1
16.434556312,1,1,1,1,1,1,1,1,1,1,1,0,1,1
16.434556437,1,1,1,1,1,1,1,1,1,0,1,0,1,1
16.434556625,1,1,1,1,1,1,1,1,1,0,1,1,1,1
16.434602812,1,1,1,1,1,1,1,1,1,0,1,1,0,1
16.434602875,1,1,1,1,1,1,1,1,1,0,1,0,0,1
16.434603563,1,1,1,1,1,1,1,1,1,1,1,0,0,1
16.434613187,1,1,1,1,1,1,1,1,1,1,1,0,1,1
16.434613375,1,1,1,1,1,1,1,1,1,0,1,0,1,1
16.434613500,1,1,1,1,1,1,1,1,1,0,1,1,1,1
16.434659813,1,1,1,1,1,1,1,1,1,0,1,1,0,1
16.434659938,1,1,1,1,1,1,1,1,1,0,1,0,0,1
16.434660562,1,1,1,1,1,1,1,1,1,1,1,0,0,1
16.434670188,1,1,1,1,1,1,1,1,1,1,1,0,1,1
16.434670375,1,1,1,1,1,1,1,1,1,0,1,0,1,1
16.434670562,1,1,1,1,1,1,1,1,1,0,1,1,1,1
16.434716125,1,1,1,1,1,1,1,1,1,0,1,1,0,1
16.434716250,1,1,1,1,1,1,1,1,1,0,1,0,0,1
16.434716937,1,1,1,1,1,1,1,1,1,1,1,0,0,1
16.434848813,1,1,1,1,1,1,1,1,1,1,1,0,1,1
16.434849000,1,1,1,1,1,1,1,1,1,0,1,0,1,1
16.434849125,1,1,1,1,1,1,1,1,1,0,1,1,1,1
16.434915313,1,1,1,1,1,1,1,1,1,0,1,1,0,1
16.434915375,1,1,1,1,1,1,1,1,1,0,1,0,0,1
16.434916125,1,1,1,1,1,1,1,1,1,1,1,0,0,1
16.434927188,1,1,1,1,1,1,1,1,1,1,1,0,1,1
16.434927375,1,1,1,1,1,1,1,1,1,0,1,0,1,1
16.434927563,1,1,1,1,1,1,1,1,1,0,1,1,1,1
16.434979125,1,1,1,1,1,1,1,1,1,0,1,1,0,1
16.434979250,1,1,1,1,1,1,1,1,1,0,1,0,0,1
16.434979937,1,1,1,1,1,1,1,1,1,1,1,0,0,1
16.434990187,1,1,1,1,1,1,1,1,1,1,1,0,1,1
16.434990375,1,1,1,1,1,1,1,1,1,0,1,0,1,1
16.434990500,1,1,1,1,1,1,1,1,1,0,1,1,1,1
16.435037250,1,1,1,1,1,1,1,1,1,0,1,1,0,1
16.435037375,1,1,1,1,1,1,1,1,1,0,1,0,0,1
16.435038125,1,1,1,1,1,1,1,1,1,1,1,0,0,1
16.435048250,1,1,1,1,1,1,1,1,1,1,1,0,1,1
16.435048438,1,1,1,1,1,1,1,1,1,0,1,0,1,1
16.435048563,1,1,1,1,1,1,1,1,1,0,1,1,1,1
16.435094000,1,1,1,1,1,1,1,1,1,0,1,1,0,1
16.435094125,1,1,1,1,1,1,1,1,1,0,1,0,0,1
16.435094750,1,1,1,1,1,1,1,1,1,1,1,0,0,1
16.435106375,1,1,1,1,1,1,1,1,1,1,1,0,1,1
16.435106500,1,1,1,1,1,1,1,1,1,0,1,0,1,1
16.435106687,1,1,1,1,1,1,1,1,1,0,1,1,1,1
16.435153000,1,1,1,1,1,1,1,1,1,0,1,1,0,1
16.435153125,1,1,1,1,1,1,1,1,1,0,1,0,0,1
16.435153688,1,1,1,1,1,1,1,1,1,1,1,0,0,1
16.435164187,1,1,1,1,1,1,1,1,1,1,1,0,1,1
16.435164375,1,1,1,1,1,1,1,1,1,0,1,0,1,1
16.435164562,1,1,1,1,1,1,1,1,1,0,1,1,1,1
16.435210625,1,1,1,1,1,1,1,1,1,0,1,1,0,1
16.435210750,1,1,1,1,1,1,1,1,1,0,1,0,0,1
16.435211500,1,1,1,1,1,1,1,1,1,1,1,0,0,1
16.435222187,1,1,1,1,1,1,1,1,1,1,1,0,1,1
16.435222312,1,1,1,1,1,1,1,1,1,0,1,0,1,1
16.435222500,1,1,1,1,1,1,1,1,1,0,1,1,1,1
16.435268625,1,1,1,1,1,1,1,1,1,0,1,1,0,1
16.435268750,1,1,1,1,1,1,1,1,1,0,1,0,0,1
16.435269500,1,1,1,1,1,1,1,1,1,1,1,0,0,1
16.435279188,1,1,1,1,1,1,1,1,1,1,1,0,1,1
16.435279375,1,1,1,1,1,1,1,1,1,0,1,0,1,1
16.435279500,1,1,1,1,1,1,1,1,1,0,1,1,1,1
16.435326312,1,1,1,1,1,1,1,1,1,0,1,1,0,1
16.435326375,1,1,1,1,1,1,1,1,1,0,1,0,0,1
16.435327125,1,1,1,1,1,1,1,1,1,1,1,0,0,1
16.435337250,1,1,1,1,1,1,1,1,1,1,1,0,1,1
16.435337437,1,1,1,1,1,1,1,1,1,0,1,0,1,1
16.435337625,1,1,1,1,1,1,1,1,1,0,1,1,1,1
16.435384438,1,1,1,1,1,1,1,1,1,0,1,1,0,1
16.435384562,1,1,1,1,1,1,1,1,1,0,1,0,0,1
16.435385312,1,1,1,1,1,1,1,1,1,1,1,0,0,1
16.435395125,1,1,1,1,1,1,1,1,1,1,1,0,1,1
16.435395312,1,1,1,1,1,1,1,1,1,0,1,0,1,1
16.435395500,1,1,1,1,1,1,1,1,1,0,1,1,1,1
16.435440688,1,1,1,1,1,1,1,1,1,0,1,1,0,1
16.435440813,1,1,1,1,1,1,1,1,1,0,1,0,0,1
16.435441500,1,1,1,1,1,1,1,1,1,1,1,0,0,1
16.435451188,1,1,1,1,1,1,1,1,1,1,1,0,1,1
16.435451375,1,1,1,1,1,1,1,1,1,0,1,0,1,1
16.435451562,1,1,1,1,1,1,1,1,1,0,1,1,1,1
16.435499875,1,1,1,1,1,1,1,1,1,0,1,1,0,1
16.435500000,1,1,1,1,1,1,1,1,1,0,1,0,0,1
16.435500687,1,1,1,1,1,1,1,1,1,1,1,0,0,1
16.435510188,1,1,1,1,1,1,1,1,1,1,1,0,1,1
16.435510375,1,1,1,1,1,1,1,1,1,0,1,0,1,1
16.435510500,1,1,1,1,1,1,1,1,1,0,1,1,1,1
16.435556125,1,1,1,1,1,1,1,1,1,0,1,1,0,1
16.435556250,1,1,1,1,1,1,1,1,1,0,1,0,0,1
16.435556875,1,1,1,1,1,1,1,1,1,1,1,0,0,1
16.435567250,1,1,1,1,1,1,1,1,1,1,1,0,1,1
16.435567438,1,1,1,1,1,1,1,1,1,0,1,0,1,1
16.435567625,1,1,1,1,1,1,1,1,1,0,1,1,1,1
16.435614125,1,1,1,1,1,1,1,1,1,0,1,1,0,1
16.435614188,1,1,1,1,1,1,1,1,1,0,1,0,0,1
16.435614875,1,1,1,1,1,1,1,1,1,1,1,0,0,1
16.435625250,1,1,1,1,1,1,1,1,1,1,1,0,1,1
16.435625438,1,1,1,1,1,1,1,1,1,0,1,0,1,1
16.435625563,1,1,1,1,1,1,1,1,1,0,1,1,1,1
16.435671250,1,1,1,1,1,1,1,1,1,0,1,1,0,1
16.435671375,1,1,1,1,1,1,1,1,1,0,1,0,0,1
16.435672063,1,1,1,1,1,1,1,1,1,1,1,0,0,1
16.435682250,1,1,1,1,1,1,1,1,1,1,1,0,1,1
16.435682437,1,1,1,1,1,1,1,1,1,0,1,0,1,1
16.435682625,1,1,1,1,1,1,1,1,1,0,1,1,1,1
16.435729500,1,1,1,1,1,1,1,1,1,0,1,1,0,1
16.435729625,1,1,1,1,1,1,1,1,1,0,1,0,0,1
16.435730250,1,1,1,1,1,1,1,1,1,1,1,0,0,1
16.435740187,1,1,1,1,1,1,1,1,1,1,1,0,1,1
16.435740375,1,1,1,1,1,1,1,1,1,0,1,0,1,1
16.435740500,1,1,1,1,1,1,1,1,1,0,1,1,1,1
16.436249813,1,1,1,1,1,1,1,1,1,0,1,1,0,1
16.436249938,1,1,1,1,1,1,1,1,1,0,1,0,0,1
16.436250625,1,1,1,1,1,1,1,1,1,1,1,0,0,1
16.436268313,1,1,1,1,1,1,1,1,1,1,1,0,1,1
16.436268500,1,1,1,1,1,1,1,1,1,0,1,0,1,1
16.436268688,1,1,1,1,1,1,1,1,1,0,1,1,1,1
16.436329063,1,1,1,1,1,1,1,1,1,0,1,1,0,1
16.436329125,1,1,1,1,1,1,1,1,1,0,1,0,0,1
16.436329812,1,1,1,1,1,1,1,1,1,1,1,0,0,1
16.436340250,1,1,1,1,1,1,1,1,1,1,1,0,1,1
16.436340438,1,1,1,1,1,1,1,1,1,0,1,0,1,1
16.436340625,1,1,1,1,1,1,1,1,1,0,1,1,1,1
16.436390437,1,1,1,1,1,1,1,1,1,0,1,1,0,1
16.436390563,1,1,1,1,1,1,1,1,1,0,1,0,0,1
16.436391187,1,1,1,1,1,1,1,1,1,1,1,0,0,1
16.436401187,1,1,1,1,1,1,1,1,1,1,1,0,1,1
16.436401375,1,1,1,1,1,1,1,1,1,0,1,0,1,1
16.436401500,1,1,1,1,1,1,1,1,1,0,1,1,1,1
16.436448000,1,1,1,1,1,1,1,1,1,0,1,1,0,1
16.436448125,1,1,1,1,1,1,1,1,1,0,1,0,0,1
16.436448813,1,1,1,1,1,1,1,1,1,1,1,0,0,1
16.436459250,1,1,1,1,1,1,1,1,1,1,1,0,1,1
16.436459438,1,1,1,1,1,1,1,1,1,0,1,0,1,1
16.436459563,1,1,1,1,1,1,1,1,1,0,1,1,1,1
16.436506812,1,1,1,1,1,1,1,1,1,0,1,1,0,1
16.436506937,1,1,1,1,1,1,1,1,1,0,1,0,0,1
16.436507625,1,1,1,1,1,1,1,1,1,1,1,0,0,1
16.436518250,1,1,1,1,1,1,1,1,1,1,1,0,1,1
16.436518437,1,1,1,1,1,1,1,1,1,0,1,0,1,1
16.436518625,1,1,1,1,1,1,1,1,1,0,1,1,1,1
16.436564437,1,1,1,1,1,1,1,1,1,0,1,1,0,1
16.436564562,1,1,1,1,1,1,1,1,1,0,1,0,0,1
16.436565188,1,1,1,1,1,1,1,1,1,1,1,0,0,1
16.436575188,1,1,1,1,1,1,1,1,1,1,1,0,1,1
16.436575375,1,1,1,1,1,1,1,1,1,0,1,0,1,1
16.436575562,1,1,1,1,1,1,1,1,1,0,1,1,1,1
16.436623750,1,1,1,1,1,1,1,1,1,0,1,1,0,1
16.436623875,1,1,1,1,1,1,1,1,1,0,1,0,0,1
16.436624563,1,1,1,1,1,1,1,1,1,1,1,0,0,1
16.436634188,1,1,1,1,1,1,1,1,1,1,1,0,1,1
16.436634375,1,1,1,1,1,1,1,1,1,0,1,0,1,1
16.436634500,1,1,1,1,1,1,1,1,1,0,1,1,1,1
16.436680938,1,1,1,1,1,1,1,1,1,0,1,1,0,1
16.436681062,1,1,1,1,1,1,1,1,1,0,1,0,0,1
16.436681750,1,1,1,1,1,1,1,1,1,1,1,0,0,1
16.436691250,1,1,1,1,1,1,1,1,1,1,1,0,1,1
16.436691437,1,1,1,1,1,1,1,1,1,0,1,0,1,1
16.436691625,1,1,1,1,1,1,1,1,1,0,1,1,1,1
16.436738188,1,1,1,1,1,1,1,1,1,0,1,1,0,1
16.436738250,1,1,1,1,1,1,1,1,1,0,1,0,0,1
16.436739000,1,1,1,1,1,1,1,1,1,1,1,0,0,1
16.436749250,1,1,1,1,1,1,1,1,1,1,1,0,1,1
16.436749375,1,1,1,1,1,1,1,1,1,0,1,0,1,1
16.436749563,1,1,1,1,1,1,1,1,1,0,1,1,1,1
16.436794750,1,1,1,1,1,1,1,1,1,0,1,1,0,1
16.436794875,1,1,1,1,1,1,1,1,1,0,1,0,0,1
16.436795562,1,1,1,1,1,1,1,1,1,1,1,0,0,1
16.436805250,1,1,1,1,1,1,1,1,1,1,1,0,1,1
16.436805437,1,1,1,1,1,1,1,1,1,0,1,0,1,1
16.436805562,1,1,1,1,1,1,1,1,1,0,1,1,1,1
16.436853750,1,1,1,1,1,1,1,1,1,0,1,1,0,1
16.436853813,1,1,1,1,1,1,1,1,1,0,1,0,0,1
16.436854562,1,1,1,1,1,1,1,1,1,1,1,0,0,1
16.436864250,1,1,1,1,1,1,1,1,1,1,1,0,1,1
16.436864437,1,1,1,1,1,1,1,1,1,0,1,0,1,1
16.436864562,1,1,1,1,1,1,1,1,1,0,1,1,1,1
16.436910250,1,1,1,1,1,1,1,1,1,0,1,1,0,1
16.436910375,1,1,1,1,1,1,1,1,1,0,1,0,0,1
16.436911125,1,1,1,1,1,1,1,1,1,1,1,0,0,1
16.436921250,1,1,1,1,1,1,1,1,1,1,1,0,1,1
16.436921438,1,1,1,1,1,1,1,1,1,0,1,0,1,1
16.436921625,1,1,1,1,1,1,1,1,1,0,1,1,1,1
16.436966875,1,1,1,1,1,1,1,1,1,0,1,1,0,1
16.436967000,1,1,1,1,1,1,1,1,1,0,1,0,0,1
16.436967750,1,1,1,1,1,1,1,1,1,1,1,0,0,1
16.436980250,1,1,1,1,1,1,1,1,1,1,1,0,1,1
16.436980438,1,1,1,1,1,1,1,1,1,0,1,0,1,1
16.436980625,1,1,1,1,1,1,1,1,1,0,1,1,1,1
16.437026750,1,1,1,1,1,1,1,1,1,0,1,1,0,1
16.437026813,1,1,1,1,1,1,1,1,1,0,1,0,0,1
16.437027562,1,1,1,1,1,1,1,1,1,1,1,0,0,1
16.437037375,1,1,1,1,1,1,1,1,1,1,1,0,1,1
16.437037562,1,1,1,1,1,1,1,1,1,0,1,0,1,1
16.437037688,1,1,1,1,1,1,1,1,1,0,1,1,1,1
16.437084125,1,1,1,1,1,1,1,1,1,0,1,1,0,1
16.437084250,1,1,1,1,1,1,1,1,1,0,1,0,0,1
16.437084937,1,1,1,1,1,1,1,1,1,1,1,0,0,1
16.437096687,1,1,1,1,1,1,1,1,1,1,1,0,1,1
16.437096812,1,1,1,1,1,1,1,1,1,0,1,0,1,1
16.437097000,1,1,1,1,1,1,1,1,1,0,1,1,1,1
16.437335063,1,1,1,1,1,1,1,1,1,0,1,1,0,1
16.437335188,1,1,1,1,1,1,1,1,1,0,1,0,0,1
16.437335937,1,1,1,1,1,1,1,1,1,1,1,0,0,1
16.437354500,1,1,1,1,1,1,1,1,1,1,1,0,1,1
16.437354625,1,1,1,1,1,1,1,1,1,0,1,0,1,1
16.437354813,1,1,1,1,1,1,1,1,1,0,1,1,1,1
16.437417500,1,1,1,1,1,1,1,1,1,0,1,1,0,1
16.437417625,1,1,1,1,1,1,1,1,1,0,1,0,0,1
16.437418313,1,1,1,1,1,1,1,1,1,1,1,0,0,1
16.437429188,1,1,1,1,1,1,1,1,1,1,1,0,1,1
16.437429375,1,1,1,1,1,1,1,1,1,0,1,0,1,1
16.437429563,1,1,1,1,1,1,1,1,1,0,1,1,1,1
16.437481563,1,1,1,1,1,1,1,1,1,0,1,1,0,1
16.437481625,1,1,1,1,1,1,1,1,1,0,1,0,0,1
16.437482313,1,1,1,1,1,1,1,1,1,1,1,0,0,1
16.437492313,1,1,1,1,1,1,1,1,1,1,1,0,1,1
16.437492500,1,1,1,1,1,1,1,1,1,0,1,0,1,1
16.437492625,1,1,1,1,1,1,1,1,1,0,1,1,1,1
16.437540000,1,1,1,1,1,1,1,1,1,0,1,1,0,1
16.437540125,1,1,1,1,1,1,1,1,1,0,1,0,0,1
16.437540875,1,1,1,1,1,1,1,1,1,1,1,0,0,1
16.437550375,1,1,1,1,1,1,1,1,1,1,1,0,1,1
16.437550563,1,1,1,1,1,1,1,1,1,0,1,0,1,1
16.437550750,1,1,1,1,1,1,1,1,1,0,1,1,1,1
16.437596688,1,1,1,1,1,1,1,1,1,0,1,1,0,1
16.437596813,1,1,1,1,1,1,1,1,1,0,1,0,0,1
16.437597500,1,1,1,1,1,1,1,1,1,1,1,0,0,1
16.437607250,1,1,1,1,1,1,1,1,1,1,1,0,1,1
16.437607437,1,1,1,1,1,1,1,1,1,0,1,0,1,1
16.437607625,1,1,1,1,1,1,1,1,1,0,1,1,1,1
16.437653125,1,1,1,1,1,1,1,1,1,0,1,1,0,1
16.437653250,1,1,1,1,1,1,1,1,1,0,1,0,0,1
16.437653875,1,1,1,1,1,1,1,1,1,1,1,0,0,1
16.437664250,1,1,1,1,1,1,1,1,1,1,1,0,1,1
16.437664438,1,1,1,1,1,1,1,1,1,0,1,0,1,1
16.437664563,1,1,1,1,1,1,1,1,1,0,1,1,1,1
16.437710187,1,1,1,1,1,1,1,1,1,0,1,1,0,1
16.437710250,1,1,1,1,1,1,1,1,1,0,1,0,0,1
16.437710875,1,1,1,1,1,1,1,1,1,1,1,0,0,1
16.437722063,1,1,1,1,1,1,1,1,1,1,1,0,1,1
16.437722250,1,1,1,1,1,1,1,1,1,0,1,0,1,1
16.437722437,1,1,1,1,1,1,1,1,1,0,1,1,1,1
16.437768500,1,1,1,1,1,1,1,1,1,0,1,1,0,1
16.437768625,1,1,1,1,1,1,1,1,1,0,1,0,0,1
16.437769250,1,1,1,1,1,1,1,1,1,1,1,0,0,1
16.437779312,1,1,1,1,1,1,1,1,1,1,1,0,1,1
16.437779438,1,1,1,1,1,1,1,1,1,0,1,0,1,1
16.437779625,1,1,1,1,1,1,1,1,1,0,1,1,1,1
16.437824187,1,1,1,1,1,1,1,1,1,0,1,1,0,1
16.437824312,1,1,1,1,1,1,1,1,1,0,1,0,0,1
16.437825062,1,1,1,1,1,1,1,1,1,1,1,0,0,1
16.437835250,1,1,1,1,1,1,1,1,1,1,1,0,1,1
16.437835437,1,1,1,1,1,1,1,1,1,0,1,0,1,1
16.437835562,1,1,1,1,1,1,1,1,1,0,1,1,1,1
16.437882812,1,1,1,1,1,1,1,1,1,0,1,1,0,1
16.437882937,1,1,1,1,1,1,1,1,1,0,1,0,0,1
16.437883688,1,1,1,1,1,1,1,1,1,1,1,0,0,1
16.437893313,1,1,1,1,1,1,1,1,1,1,1,0,1,1
16.437893438,1,1,1,1,1,1,1,1,1,0,1,0,1,1
16.437893625,1,1,1,1,1,1,1,1,1,0,1,1,1,1
16.437938938,1,1,1,1,1,1,1,1,1,0,1,1,0,1
16.437939062,1,1,1,1,1,1,1,1,1,0,1,0,0,1
16.437939687,1,1,1,1,1,1,1,1,1,1,1,0,0,1
16.437949250,1,1,1,1,1,1,1,1,1,1,1,0,1,1
16.437949437,1,1,1,1,1,1,1,1,1,0,1,0,1,1
16.437949625,1,1,1,1,1,1,1,1,1,0,1,1,1,1
16.437997813,1,1,1,1,1,1,1,1,1,0,1,1,0,1
16.437997875,1,1,1,1,1,1,1,1,1,0,1,0,0,1
16.437998625,1,1,1,1,1,1,1,1,1,1,1,0,0,1
16.438008312,1,1,1,1,1,1,1,1,1,1,1,0,1,1
16.438008500,1,1,1,1,1,1,1,1,1,0,1,0,1,1
16.438008625,1,1,1,1,1,1,1,1,1,0,1,1,1,1
16.438054750,1,1,1,1,1,1,1,1,1,0,1,1,0,1
16.438054875,1,1,1,1,1,1,1,1,1,0,1,0,0,1
16.438055438,1,1,1,1,1,1,1,1,1,1,1,0,0,1
16.438065188,1,1,1,1,1,1,1,1,1,1,1,0,1,1
16.438065375,1,1,1,1,1,1,1,1,1,0,1,0,1,1
16.438065563,1,1,1,1,1,1,1,1,1,0,1,1,1,1
16.438534437,1,1,1,1,1,1,1,1,1,0,1,1,0,1
16.438534562,1,1,1,1,1,1,1,1,1,0,1,0,0,1
16.438535188,1,1,1,1,1,1,1,1,1,1,1,0,0,1
16.438552562,1,1,1,1,1,1,1,1,1,1,1,0,1,1
16.438552750,1,1,1,1,1,1,1,1,1,0,1,0,1,1
16.438552875,1,1,1,1,1,1,1,1,1,0,1,1,1,1
16.438620750,1,1,1,1,1,1,1,1,1,0,1,1,0,1
16.438620813,1,1,1,1,1,1,1,1,1,0,1,0,0,1
16.438621625,1,1,1,1,1,1,1,1,1,1,1,0,0,1
16.438632375,1,1,1,1,1,1,1,1,1,1,1,0,1,1
16.438632563,1,1,1,1,1,1,1,1,1,0,1,0,1,1
16.438632688,1,1,1,1,1,1,1,1,1,0,1,1,1,1
16.438681187,1,1,1,1,1,1,1,1,1,0,1,1,0,1
16.438681313,1,1,1,1,1,1,1,1,1,0,1,0,0,1
16.438682000,1,1,1,1,1,1,1,1,1,1,1,0,0,1
16.438692312,1,1,1,1,1,1,1,1,1,1,1,0,1,1
16.438692500,1,1,1,1,1,1,1,1,1,0,1,0,1,1
16.438692625,1,1,1,1,1,1,1,1,1,0,1,1,1,1
16.438740000,1,1,1,1,1,1,1,1,1,0,1,1,0,1
16.438740125,1,1,1,1,1,1,1,1,1,0,1,0,0,1
16.438740813,1,1,1,1,1,1,1,1,1,1,1,0,0,1
16.438751375,1,1,1,1,1,1,1,1,1,1,1,0,1,1
16.438751500,1,1,1,1,1,1,1,1,1,0,1,0,1,1
16.438751688,1,1,1,1,1,1,1,1,1,0,1,1,1,1
16.438797687,1,1,1,1,1,1,1,1,1,0,1,1,0,1
16.438797812,1,1,1,1,1,1,1,1,1,0,1,0,0,1
16.438798375,1,1,1,1,1,1,1,1,1,1,1,0,0,1
16.438808313,1,1,1,1,1,1,1,1,1,1,1,0,1,1
16.438808500,1,1,1,1,1,1,1,1,1,0,1,0,1,1
16.438808687,1,1,1,1,1,1,1,1,1,0,1,1,1,1
16.438855875,1,1,1,1,1,1,1,1,1,0,1,1,0,1
16.438855938,1,1,1,1,1,1,1,1,1,0,1,0,0,1
16.438856562,1,1,1,1,1,1,1,1,1,1,1,0,0,1
16.438866188,1,1,1,1,1,1,1,1,1,1,1,0,1,1
16.438866375,1,1,1,1,1,1,1,1,1,0,1,0,1,1
16.438866562,1,1,1,1,1,1,1,1,1,0,1,1,1,1
16.438912812,1,1,1,1,1,1,1,1,1,0,1,1,0,1
16.438912875,1,1,1,1,1,1,1,1,1,0,1,0,0,1
16.438913563,1,1,1,1,1,1,1,1,1,1,1,0,0,1
16.438923250,1,1,1,1,1,1,1,1,1,1,1,0,1,1
16.438923438,1,1,1,1,1,1,1,1,1,0,1,0,1,1
16.438923563,1,1,1,1,1,1,1,1,1,0,1,1,1,1
16.438969187,1,1,1,1,1,1,1,1,1,0,1,1,0,1
16.438969250,1,1,1,1,1,1,1,1,1,0,1,0,0,1
16.438969938,1,1,1,1,1,1,1,1,1,1,1,0,0,1
16.438982438,1,1,1,1,1,1,1,1,1,1,1,0,1,1
16.438982625,1,1,1,1,1,1,1,1,1,0,1,0,1,1
16.438982750,1,1,1,1,1,1,1,1,1,0,1,1,1,1
16.439029812,1,1,1,1,1,1,1,1,1,0,1,1,0,1
16.439029937,1,1,1,1,1,1,1,1,1,0,1,0,0,1
16.439030563,1,1,1,1,1,1,1,1,1,1,1,0,0,1
16.439040250,1,1,1,1,1,1,1,1,1,1,1,0,1,1
16.439040438,1,1,1,1,1,1,1,1,1,0,1,0,1,1
16.439040563,1,1,1,1,1,1,1,1,1,0,1,1,1,1
16.439086250,1,1,1,1,1,1,1,1,1,0,1,1,0,1
16.439086375,1,1,1,1,1,1,1,1,1,0,1,0,0,1
16.439087125,1,1,1,1,1,1,1,1,1,1,1,0,0,1
16.439097500,1,1,1,1,1,1,1,1,1,1,1,0,1,1
16.439097687,1,1,1,1,1,1,1,1,1,0,1,0,1,1
16.439097812,1,1,1,1,1,1,1,1,1,0,1,1,1,1
16.439143812,1,1,1,1,1,1,1,1,1,0,1,1,0,1
16.439143937,1,1,1,1,1,1,1,1,1,0,1,0,0,1
16.439144563,1,1,1,1,1,1,1,1,1,1,1,0,0,1
16.439154250,1,1,1,1,1,1,1,1,1,1,1,0,1,1
16.439154438,1,1,1,1,1,1,1,1,1,0,1,0,1,1
16.439154625,1,1,1,1,1,1,1,1,1,0,1,1,1,1
16.439200500,1,1,1,1,1,1,1,1,1,0,1,1,0,1
16.439200563,1,1,1,1,1,1,1,1,1,0,1,0,0,1
16.439201312,1,1,1,1,1,1,1,1,1,1,1,0,0,1
16.439211250,1,1,1,1,1,1,1,1,1,1,1,0,1,1
16.439211437,1,1,1,1,1,1,1,1,1,0,1,0,1,1
16.439211562,1,1,1,1,1,1,1,1,1,0,1,1,1,1
16.439257500,1,1,1,1,1,1,1,1,1,0,1,1,0,1
16.439257625,1,1,1,1,1,1,1,1,1,0,1,0,0,1
16.439258313,1,1,1,1,1,1,1,1,1,1,1,0,0,1
16.439268313,1,1,1,1,1,1,1,1,1,1,1,0,1,1
16.439268500,1,1,1,1,1,1,1,1,1,0,1,0,1,1
16.439268625,1,1,1,1,1,1,1,1,1,0,1,1,1,1
16.439314000,1,1,1,1,1,1,1,1,1,0,1,1,0,1
16.439314062,1,1,1,1,1,1,1,1,1,0,1,0,0,1
16.439314750,1,1,1,1,1,1,1,1,1,1,1,0,0,1
16.439324250,1,1,1,1,1,1,1,1,1,1,1,0,1,1
16.439324438,1,1,1,1,1,1,1,1,1,0,1,0,1,1
16.439324563,1,1,1,1,1,1,1,1,1,0,1,1,1,1
16.439543187,1,1,1,1,1,1,1,1,1,0,1,1,0,1
16.439543250,1,1,1,1,1,1,1,1,1,0,1,0,0,1
16.439543938,1,1,1,1,1,1,1,1,1,1,1,0,0,1
16.439556375,1,1,1,1,1,1,1,1,1,1,1,0,1,1
16.439556563,1,1,1,1,1,1,1,1,1,0,1,0,1,1
16.439556688,1,1,1,1,1,1,1,1,1,0,1,1,1,1
16.439612750,1,1,1,1,1,1,1,1,1,0,1,1,0,1
16.439612875,1,1,1,1,1,1,1,1,1,0,1,0,0,1
16.439613500,1,1,1,1,1,1,1,1,1,1,1,0,0,1
16.439624313,1,1,1,1,1,1,1,1,1,1,1,0,1,1
16.439624500,1,1,1,1,1,1,1,1,1,0,1,0,1,1
16.439624688,1,1,1,1,1,1,1,1,1,0,1,1,1,1
16.439672438,1,1,1,1,1,1,1,1,1,0,1,1,0,1
16.439672563,1,1,1,1,1,1,1,1,1,0,1,0,0,1
16.439673312,1,1,1,1,1,1,1,1,1,1,1,0,0,1
16.439683313,1,1,1,1,1,1,1,1,1,1,1,0,1,1
16.439683500,1,1,1,1,1,1,1,1,1,0,1,0,1,1
16.439683625,1,1,1,1,1,1,1,1,1,0,1,1,1,1
16.439732187,1,1,1,1,1,1,1,1,1,0,1,1,0,1
16.439732250,1,1,1,1,1,1,1,1,1,0,1,0,0,1
16.439732875,1,1,1,1,1,1,1,1,1,1,1,0,0,1
16.439743375,1,1,1,1,1,1,1,1,1,1,1,0,1,1
16.439743500,1,1,1,1,1,1,1,1,1,0,1,0,1,1
16.439743687,1,1,1,1,1,1,1,1,1,0,1,1,1,1
16.439789125,1,1,1,1,1,1,1,1,1,0,1,1,0,1
16.439789250,1,1,1,1,1,1,1,1,1,0,1,0,0,1
16.439789875,1,1,1,1,1,1,1,1,1,1,1,0,0,1
16.439799250,1,1,1,1,1,1,1,1,1,1,1,0,1,1
16.439799437,1,1,1,1,1,1,1,1,1,0,1,0,1,1
16.439799562,1,1,1,1,1,1,1,1,1,0,1,1,1,1
16.439846563,1,1,1,1,1,1,1,1,1,0,1,1,0,1
16.439846625,1,1,1,1,1,1,1,1,1,0,1,0,0,1
16.439847250,1,1,1,1,1,1,1,1,1,1,1,0,0,1
16.439857250,1,1,1,1,1,1,1,1,1,1,1,0,1,1
16.439857437,1,1,1,1,1,1,1,1,1,0,1,0,1,1
16.439857625,1,1,1,1,1,1,1,1,1,0,1,1,1,1
16.439903812,1,1,1,1,1,1,1,1,1,0,1,1,0,1
16.439903937,1,1,1,1,1,1,1,1,1,0,1,0,0,1
16.439904687,1,1,1,1,1,1,1,1,1,1,1,0,0,1
16.439914250,1,1,1,1,1,1,1,1,1,1,1,0,1,1
16.439914438,1,1,1,1,1,1,1,1,1,0,1,0,1,1
16.439914625,1,1,1,1,1,1,1,1,1,0,1,1,1,1
16.439960563,1,1,1,1,1,1,1,1,1,0,1,1,0,1
16.439960625,1,1,1,1,1,1,1,1,1,0,1,0,0,1
16.439961250,1,1,1,1,1,1,1,1,1,1,1,0,0,1
16.439972625,1,1,1,1,1,1,1,1,1,1,1,0,1,1
16.439972812,1,1,1,1,1,1,1,1,1,0,1,0,1,1
16.439972937,1,1,1,1,1,1,1,1,1,0,1,1,1,1
16.440018250,1,1,1,1,1,1,1,1,1,0,1,1,0,1
16.440018375,1,1,1,1,1,1,1,1,1,0,1,0,0,1
16.440019062,1,1,1,1,1,1,1,1,1,1,1,0,0,1
16.440028250,1,1,1,1,1,1,1,1,1,1,1,0,1,1
16.440028438,1,1,1,1,1,1,1,1,1,0,1,0,1,1
16.440028625,1,1,1,1,1,1,1,1,1,0,1,1,1,1
16.440074813,1,1,1,1,1,1,1,1,1,0,1,1,0,1
16.440074875,1,1,1,1,1,1,1,1,1,0,1,0,0,1
16.440075687,1,1,1,1,1,1,1,1,1,1,1,0,0,1
16.440085437,1,1,1,1,1,1,1,1,1,1,1,0,1,1
16.440085625,1,1,1,1,1,1,1,1,1,0,1,0,1,1
16.440085813,1,1,1,1,1,1,1,1,1,0,1,1,1,1
16.440131562,1,1,1,1,1,1,1,1,1,0,1,1,0,1
16.440131687,1,1,1,1,1,1,1,1,1,0,1,0,0,1
16.440132438,1,1,1,1,1,1,1,1,1,1,1,0,0,1
16.440142313,1,1,1,1,1,1,1,1,1,1,1,0,1,1
16.440142500,1,1,1,1,1,1,1,1,1,0,1,0,1,1
16.440142687,1,1,1,1,1,1,1,1,1,0,1,1,1,1
16.440188062,1,1,1,1,1,1,1,1,1,0,1,1,0,1
16.440188187,1,1,1,1,1,1,1,1,1,0,1,0,0,1
16.440188875,1,1,1,1,1,1,1,1,1,1,1,0,0,1
16.440199250,1,1,1,1,1,1,1,1,1,1,1,0,1,1
16.440199437,1,1,1,1,1,1,1,1,1,0,1,0,1,1
16.440199625,1,1,1,1,1,1,1,1,1,0,1,1,1,1
16.440248375,1,1,1,1,1,1,1,1,1,0,1,1,0,1
16.440248437,1,1,1,1,1,1,1,1,1,0,1,0,0,1
16.440249063,1,1,1,1,1,1,1,1,1,1,1,0,0,1
16.440259250,1,1,1,1,1,1,1,1,1,1,1,0,1,1
16.440259437,1,1,1,1,1,1,1,1,1,0,1,0,1,1
16.440259625,1,1,1,1,1,1,1,1,1,0,1,1,1,1
16.440305000,1,1,1,1,1,1,1,1,1,0,1,1,0,1
16.440305125,1,1,1,1,1,1,1,1,1,0,1,0,0,1
16.440305813,1,1,1,1,1,1,1,1,1,1,1,0,0,1
16.440315313,1,1,1,1,1,1,1,1,1,1,1,0,1,1
16.440315500,1,1,1,1,1,1,1,1,1,0,1,0,1,1
16.440315688,1,1,1,1,1,1,1,1,1,0,1,1,1,1
16.440362000,1,1,1,1,1,1,1,1,1,0,1,1,0,1
16.440362125,1,1,1,1,1,1,1,1,1,0,1,0,0,1
16.440362812,1,1,1,1,1,1,1,1,1,1,1,0,0,1
16.440373313,1,1,1,1,1,1,1,1,1,1,1,0,1,1
16.440373500,1,1,1,1,1,1,1,1,1,0,1,0,1,1
16.440373625,1,1,1,1,1,1,1,1,1,0,1,1,1,1
16.440551062,1,1,1,1,1,1,1,1,1,0,1,1,0,1
16.440551187,1,1,1,1,1,1,1,1,1,0,1,0,0,1
16.440551813,1,1,1,1,1,1,1,1,1,1,1,0,0,1
16.440568125,1,1,1,1,1,1,1,1,1,1,1,0,1,1
16.440568250,1,1,1,1,1,1,1,1,1,0,1,0,1,1
16.440568438,1,1,1,1,1,1,1,1,1,0,1,1,1,1
16.440635125,1,1,1,1,1,1,1,1,1,0,1,1,0,1
16.440635250,1,1,1,1,1,1,1,1,1,0,1,0,0,1
16.440636000,1,1,1,1,1,1,1,1,1,1,1,0,0,1
16.440647250,1,1,1,1,1,1,1,1,1,1,1,0,1,1
16.440647438,1,1,1,1,1,1,1,1,1,0,1,0,1,1
16.440722000,1,1,1,1,1,1,1,1,1,0,1,1,1,1
16.440903000,1,1,1,1,1,1,1,1,1,0,1,1,0,1
16.440903125,1,1,1,1,1,1,1,1,1,0,1,0,0,1
16.440903813,1,1,1,1,1,1,1,1,1,1,1,0,0,1
16.440916375,1,1,1,1,1,1,1,1,1,1,1,0,1,1
16.440916562,1,1,1,1,1,1,1,1,1,0,1,0,1,1
16.440916750,1,1,1,1,1,1,1,1,1,0,1,1,1,1
16.440968313,1,1,1,1,1,1,1,1,1,0,1,1,0,1
16.440968375,1,1,1,1,1,1,1,1,1,0,1,0,0,1
16.440969187,1,1,1,1,1,1,1,1,1,1,1,0,0,1
16.440982375,1,1,1,1,1,1,1,1,1,1,1,0,1,1
16.440982563,1,1,1,1,1,1,1,1,1,0,1,0,1,1
16.440982688,1,1,1,1,1,1,1,1,1,0,1,1,1,1
16.441030687,1,1,1,1,1,1,1,1,1,0,1,1,0,1
16.441030812,1,1,1,1,1,1,1,1,1,0,1,0,0,1
16.441031563,1,1,1,1,1,1,1,1,1,1,1,0,0,1
16.441041313,1,1,1,1,1,1,1,1,1,1,1,0,1,1
16.441041438,1,1,1,1,1,1,1,1,1,0,1,0,1,1
16.441041625,1,1,1,1,1,1,1,1,1,0,1,1,1,1
16.441087938,1,1,1,1,1,1,1,1,1,0,1,1,0,1
16.441088063,1,1,1,1,1,1,1,1,1,0,1,0,0,1
16.441088750,1,1,1,1,1,1,1,1,1,1,1,0,0,1
16.441098500,1,1,1,1,1,1,1,1,1,1,1,0,1,1
16.441098687,1,1,1,1,1,1,1,1,1,0,1,0,1,1
16.441098875,1,1,1,1,1,1,1,1,1,0,1,1,1,1
16.441144812,1,1,1,1,1,1,1,1,1,0,1,1,0,1
16.441144937,1,1,1,1,1,1,1,1,1,0,1,0,0,1
16.441145563,1,1,1,1,1,1,1,1,1,1,1,0,0,1
16.441155313,1,1,1,1,1,1,1,1,1,1,1,0,1,1
16.441155500,1,1,1,1,1,1,1,1,1,0,1,0,1,1
16.441155688,1,1,1,1,1,1,1,1,1,0,1,1,1,1
16.441201125,1,1,1,1,1,1,1,1,1,0,1,1,0,1
16.441201250,1,1,1,1,1,1,1,1,1,0,1,0,0,1
16.441201938,1,1,1,1,1,1,1,1,1,1,1,0,0,1
16.441211250,1,1,1,1,1,1,1,1,1,1,1,0,1,1
16.441211438,1,1,1,1,1,1,1,1,1,0,1,0,1,1
16.441211625,1,1,1,1,1,1,1,1,1,0,1,1,1,1
16.441258125,1,1,1,1,1,1,1,1,1,0,1,1,0,1
16.441258250,1,1,1,1,1,1,1,1,1,0,1,0,0,1
16.441258937,1,1,1,1,1,1,1,1,1,1,1,0,0,1
16.441269313,1,1,1,1,1,1,1,1,1,1,1,0,1,1
16.441269500,1,1,1,1,1,1,1,1,1,0,1,0,1,1
16.441269625,1,1,1,1,1,1,1,1,1,0,1,1,1,1
16.441315875,1,1,1,1,1,1,1,1,1,0,1,1,0,1
16.441316000,1,1,1,1,1,1,1,1,1,0,1,0,0,1
16.441316750,1,1,1,1,1,1,1,1,1,1,1,0,0,1
16.441326312,1,1,1,1,1,1,1,1,1,1,1,0,1,1
16.441326500,1,1,1,1,1,1,1,1,1,0,1,0,1,1
16.441326687,1,1,1,1,1,1,1,1,1,0,1,1,1,1
16.441374750,1,1,1,1,1,1,1,1,1,0,1,1,0,1
16.441374875,1,1,1,1,1,1,1,1,1,0,1,0,0,1
16.441375562,1,1,1,1,1,1,1,1,1,1,1,0,0,1
16.441385250,1,1,1,1,1,1,1,1,1,1,1,0,1,1
16.441385437,1,1,1,1,1,1,1,1,1,0,1,0,1,1
16.441385562,1,1,1,1,1,1,1,1,1,0,1,1,1,1
16.441431063,1,1,1,1,1,1,1,1,1,0,1,1,0,1
16.441431125,1,1,1,1,1,1,1,1,1,0,1,0,0,1
16.441431750,1,1,1,1,1,1,1,1,1,1,1,0,0,1
16.441442375,1,1,1,1,1,1,1,1,1,1,1,0,1,1
16.441442563,1,1,1,1,1,1,1,1,1,0,1,0,1,1
16.441442688,1,1,1,1,1,1,1,1,1,0,1,1,1,1
16.441632438,1,1,1,1,1,1,1,1,1,0,1,1,0,1
16.441632563,1,1,1,1,1,1,1,1,1,0,1,0,0,1
16.441633312,1,1,1,1,1,1,1,1,1,1,1,0,0,1
16.441648562,1,1,1,1,1,1,1,1,1,1,1,0,1,1
16.441648750,1,1,1,1,1,1,1,1,1,0,1,0,1,1
16.441648875,1,1,1,1,1,1,1,1,1,0,1,1,1,1
16.441706312,1,1,1,1,1,1,1,1,1,0,1,1,0,1
16.441706437,1,1,1,1,1,1,1,1,1,0,1,0,0,1
16.441707125,1,1,1,1,1,1,1,1,1,1,1,0,0,1
16.441717375,1,1,1,1,1,1,1,1,1,1,1,0,1,1
16.441717562,1,1,1,1,1,1,1,1,1,0,1,0,1,1
16.441717750,1,1,1,1,1,1,1,1,1,0,1,1,1,1
16.441765938,1,1,1,1,1,1,1,1,1,0,1,1,0,1
16.441766000,1,1,1,1,1,1,1,1,1,0,1,0,0,1
16.441766687,1,1,1,1,1,1,1,1,1,1,1,0,0,1
16.441777250,1,1,1,1,1,1,1,1,1,1,1,0,1,1
16.441777375,1,1,1,1,1,1,1,1,1,0,1,0,1,1
16.441777563,1,1,1,1,1,1,1,1,1,0,1,1,1,1
16.441824125,1,1,1,1,1,1,1,1,1,0,1,1,0,1
16.441824250,1,1,1,1,1,1,1,1,1,0,1,0,0,1
16.441824875,1,1,1,1,1,1,1,1,1,1,1,0,0,1
16.441835250,1,1,1,1,1,1,1,1,1,1,1,0,1,1
16.441835437,1,1,1,1,1,1,1,1,1,0,1,0,1,1
16.441835625,1,1,1,1,1,1,1,1,1,0,1,1,1,1
16.441882437,1,1,1,1,1,1,1,1,1,0,1,1,0,1
16.441882562,1,1,1,1,1,1,1,1,1,0,1,0,0,1
16.441883312,1,1,1,1,1,1,1,1,1,1,1,0,0,1
16.441894313,1,1,1,1,1,1,1,1,1,1,1,0,1,1
16.441894500,1,1,1,1,1,1,1,1,1,0,1,0,1,1
16.441894625,1,1,1,1,1,1,1,1,1,0,1,1,1,1
16.441942750,1,1,1,1,1,1,1,1,1,0,1,1,0,1
16.441942875,1,1,1,1,1,1,1,1,1,0,1,0,0,1
16.441943500,1,1,1,1,1,1,1,1,1,1,1,0,0,1
16.441953313,1,1,1,1,1,1,1,1,1,1,1,0,1,1
16.441953500,1,1,1,1,1,1,1,1,1,0,1,0,1,1
16.441953625,1,1,1,1,1,1,1,1,1,0,1,1,1,1
16.442001875,1,1,1,1,1,1,1,1,1,0,1,1,0,1
16.442001937,1,1,1,1,1,1,1,1,1,0,1,0,0,1
16.442002688,1,1,1,1,1,1,1,1,1,1,1,0,0,1
16.442013375,1,1,1,1,1,1,1,1,1,1,1,0,1,1
16.442013500,1,1,1,1,1,1,1,1,1,0,1,0,1,1
16.442013688,1,1,1,1,1,1,1,1,1,0,1,1,1,1
16.442059812,1,1,1,1,1,1,1,1,1,0,1,1,0,1
16.442059875,1,1,1,1,1,1,1,1,1,0,1,0,0,1
16.442060687,1,1,1,1,1,1,1,1,1,1,1,0,0,1
16.442070250,1,1,1,1,1,1,1,1,1,1,1,0,1,1
16.442070437,1,1,1,1,1,1,1,1,1,0,1,0,1,1
16.442070625,1,1,1,1,1,1,1,1,1,0,1,1,1,1
16.442117062,1,1,1,1,1,1,1,1,1,0,1,1,0,1
16.442117187,1,1,1,1,1,1,1,1,1,0,1,0,0,1
16.442117875,1,1,1,1,1,1,1,1,1,1,1,0,0,1
16.442127250,1,1,1,1,1,1,1,1,1,1,1,0,1,1
16.442127438,1,1,1,1,1,1,1,1,1,0,1,0,1,1
16.442127625,1,1,1,1,1,1,1,1,1,0,1,1,1,1
16.442173812,1,1,1,1,1,1,1,1,1,0,1,1,0,1
16.442173938,1,1,1,1,1,1,1,1,1,0,1,0,0,1
16.442174687,1,1,1,1,1,1,1,1,1,1,1,0,0,1
16.442184250,1,1,1,1,1,1,1,1,1,1,1,0,1,1
16.442184437,1,1,1,1,1,1,1,1,1,0,1,0,1,1
16.442184625,1,1,1,1,1,1,1,1,1,0,1,1,1,1
16.442230688,1,1,1,1,1,1,1,1,1,0,1,1,0,1
16.442230813,1,1,1,1,1,1,1,1,1,0,1,0,0,1
16.442231437,1,1,1,1,1,1,1,1,1,1,1,0,0,1
16.442241250,1,1,1,1,1,1,1,1,1,1,1,0,1,1
16.442241438,1,1,1,1,1,1,1,1,1,0,1,0,1,1
16.442241625,1,1,1,1,1,1,1,1,1,0,1,1,1,1
16.442287375,1,1,1,1,1,1,1,1,1,0,1,1,0,1
16.442287500,1,1,1,1,1,1,1,1,1,0,1,0,0,1
16.442288250,1,1,1,1,1,1,1,1,1,1,1,0,0,1
16.442298437,1,1,1,1,1,1,1,1,1,1,1,0,1,1
16.442298625,1,1,1,1,1,1,1,1,1,0,1,0,1,1
16.442298750,1,1,1,1,1,1,1,1,1,0,1,1,1,1
16.442344375,1,1,1,1,1,1,1,1,1,0,1,1,0,1
16.442344500,1,1,1,1,1,1,1,1,1,0,1,0,0,1
16.442345250,1,1,1,1,1,1,1,1,1,1,1,0,0,1
16.442357313,1,1,1,1,1,1,1,1,1,1,1,0,1,1
16.442357500,1,1,1,1,1,1,1,1,1,0,1,0,1,1
16.442357625,1,1,1,1,1,1,1,1,1,0,1,1,1,1
16.442403688,1,1,1,1,1,1,1,1,1,0,1,1,0,1
16.442403813,1,1,1,1,1,1,1,1,1,0,1,0,0,1
16.442404437,1,1,1,1,1,1,1,1,1,1,1,0,0,1
16.442414250,1,1,1,1,1,1,1,1,1,1,1,0,1,1
16.442414437,1,1,1,1,1,1,1,1,1,0,1,0,1,1
16.442414625,1,1,1,1,1,1,1,1,1,0,1,1,1,1
16.442458688,1,1,1,1,1,1,1,1,1,0,1,1,0,1
16.442458812,1,1,1,1,1,1,1,1,1,0,1,0,0,1
16.442459437,1,1,1,1,1,1,1,1,1,1,1,0,0,1
16.442469312,1,1,1,1,1,1,1,1,1,1,1,0,1,1
16.442469500,1,1,1,1,1,1,1,1,1,0,1,0,1,1
16.442469688,1,1,1,1,1,1,1,1,1,0,1,1,1,1
16.442516875,1,1,1,1,1,1,1,1,1,0,1,1,0,1
16.442517000,1,1,1,1,1,1,1,1,1,0,1,0,0,1
16.442517625,1,1,1,1,1,1,1,1,1,1,1,0,0,1
16.442527250,1,1,1,1,1,1,1,1,1,1,1,0,1,1
16.442527438,1,1,1,1,1,1,1,1,1,0,1,0,1,1
16.442527563,1,1,1,1,1,1,1,1,1,0,1,1,1,1
16.442738500,1,1,1,1,1,1,1,1,1,0,1,1,0,1
16.442738625,1,1,1,1,1,1,1,1,1,0,1,0,0,1
16.442739187,1,1,1,1,1,1,1,1,1,1,1,0,0,1
16.442752313,1,1,1,1,1,1,1,1,1,1,1,0,1,1
16.442752500,1,1,1,1,1,1,1,1,1,0,1,0,1,1
16.442752625,1,1,1,1,1,1,1,1,1,0,1,1,1,1
16.442806000,1,1,1,1,1,1,1,1,1,0,1,1,0,1
16.442806063,1,1,1,1,1,1,1,1,1,0,1,0,0,1
16.442806875,1,1,1,1,1,1,1,1,1,1,1,0,0,1
16.442817313,1,1,1,1,1,1,1,1,1,1,1,0,1,1
16.442817500,1,1,1,1,1,1,1,1,1,0,1,0,1,1
16.442817687,1,1,1,1,1,1,1,1,1,0,1,1,1,1
16.442865313,1,1,1,1,1,1,1,1,1,0,1,1,0,1
16.442865375,1,1,1,1,1,1,1,1,1,0,1,0,0,1
16.442866000,1,1,1,1,1,1,1,1,1,1,1,0,0,1
16.442876313,1,1,1,1,1,1,1,1,1,1,1,0,1,1
16.442876438,1,1,1,1,1,1,1,1,1,0,1,0,1,1
16.442876625,1,1,1,1,1,1,1,1,1,0,1,1,1,1
16.442923187,1,1,1,1,1,1,1,1,1,0,1,1,0,1
16.442923312,1,1,1,1,1,1,1,1,1,0,1,0,0,1
16.442924000,1,1,1,1,1,1,1,1,1,1,1,0,0,1
16.442934313,1,1,1,1,1,1,1,1,1,1,1,0,1,1
16.442934500,1,1,1,1,1,1,1,1,1,0,1,0,1,1
16.442934687,1,1,1,1,1,1,1,1,1,0,1,1,1,1
16.442983125,1,1,1,1,1,1,1,1,1,0,1,1,0,1
16.442983250,1,1,1,1,1,1,1,1,1,0,1,0,0,1
16.442984000,1,1,1,1,1,1,1,1,1,1,1,0,0,1
16.442994313,1,1,1,1,1,1,1,1,1,1,1,0,1,1
16.442994500,1,1,1,1,1,1,1,1,1,0,1,0,1,1
16.442994625,1,1,1,1,1,1,1,1,1,0,1,1,1,1
16.443040125,1,1,1,1,1,1,1,1,1,0,1,1,0,1
16.443040250,1,1,1,1,1,1,1,1,1,0,1,0,0,1
16.443041000,1,1,1,1,1,1,1,1,1,1,1,0,0,1
16.443050375,1,1,1,1,1,1,1,1,1,1,1,0,1,1
16.443050563,1,1,1,1,1,1,1,1,1,0,1,0,1,1
16.443050688,1,1,1,1,1,1,1,1,1,0,1,1,1,1
16.443097063,1,1,1,1,1,1,1,1,1,0,1,1,0,1
16.443097125,1,1,1,1,1,1,1,1,1,0,1,0,0,1
16.443097812,1,1,1,1,1,1,1,1,1,1,1,0,0,1
16.443107250,1,1,1,1,1,1,1,1,1,1,1,0,1,1
16.443107438,1,1,1,1,1,1,1,1,1,0,1,0,1,1
16.443107562,1,1,1,1,1,1,1,1,1,0,1,1,1,1
16.443153750,1,1,1,1,1,1,1,1,1,0,1,1,0,1
16.443153875,1,1,1,1,1,1,1,1,1,0,1,0,0,1
16.443154562,1,1,1,1,1,1,1,1,1,1,1,0,0,1
16.443164375,1,1,1,1,1,1,1,1,1,1,1,0,1,1
16.443164500,1,1,1,1,1,1,1,1,1,0,1,0,1,1
16.443164688,1,1,1,1,1,1,1,1,1,0,1,1,1,1
16.443210562,1,1,1,1,1,1,1,1,1,0,1,1,0,1
16.443210687,1,1,1,1,1,1,1,1,1,0,1,0,0,1
16.443211375,1,1,1,1,1,1,1,1,1,1,1,0,0,1
16.443222062,1,1,1,1,1,1,1,1,1,1,1,0,1,1
16.443222250,1,1,1,1,1,1,1,1,1,0,1,0,1,1
16.443222375,1,1,1,1,1,1,1,1,1,0,1,1,1,1
16.443269313,1,1,1,1,1,1,1,1,1,0,1,1,0,1
16.443269437,1,1,1,1,1,1,1,1,1,0,1,0,0,1
16.443270125,1,1,1,1,1,1,1,1,1,1,1,0,0,1
16.443280250,1,1,1,1,1,1,1,1,1,1,1,0,1,1
16.443280438,1,1,1,1,1,1,1,1,1,0,1,0,1,1
16.443280625,1,1,1,1,1,1,1,1,1,0,1,1,1,1
16.443326563,1,1,1,1,1,1,1,1,1,0,1,1,0,1
16.443326688,1,1,1,1,1,1,1,1,1,0,1,0,0,1
16.443327375,1,1,1,1,1,1,1,1,1,1,1,0,0,1
16.443337250,1,1,1,1,1,1,1,1,1,1,1,0,1,1
16.443337437,1,1,1,1,1,1,1,1,1,0,1,0,1,1
16.443337562,1,1,1,1,1,1,1,1,1,0,1,1,1,1
16.443383937,1,1,1,1,1,1,1,1,1,0,1,1,0,1
16.443384063,1,1,1,1,1,1,1,1,1,0,1,0,0,1
16.443384812,1,1,1,1,1,1,1,1,1,1,1,0,0,1
16.443394313,1,1,1,1,1,1,1,1,1,1,1,0,1,1
16.443394500,1,1,1,1,1,1,1,1,1,0,1,0,1,1
16.443394687,1,1,1,1,1,1,1,1,1,0,1,1,1,1
16.443439125,1,1,1,1,1,1,1,1,1,0,1,1,0,1
16.443439188,1,1,1,1,1,1,1,1,1,0,1,0,0,1
16.443439937,1,1,1,1,1,1,1,1,1,1,1,0,0,1
16.443450313,1,1,1,1,1,1,1,1,1,1,1,0,1,1
16.443450438,1,1,1,1,1,1,1,1,1,0,1,0,1,1
16.443450625,1,1,1,1,1,1,1,1,1,0,1,1,1,1
16.443498563,1,1,1,1,1,1,1,1,1,0,1,1,0,1
16.443498687,1,1,1,1,1,1,1,1,1,0,1,0,0,1
16.443499312,1,1,1,1,1,1,1,1,1,1,1,0,0,1
16.443509313,1,1,1,1,1,1,1,1,1,1,1,0,1,1
16.443509438,1,1,1,1,1,1,1,1,1,0,1,0,1,1
16.443509625,1,1,1,1,1,1,1,1,1,0,1,1,1,1
16.443554875,1,1,1,1,1,1,1,1,1,0,1,1,0,1
16.443554938,1,1,1,1,1,1,1,1,1,0,1,0,0,1
16.443555750,1,1,1,1,1,1,1,1,1,1,1,0,0,1
16.443565312,1,1,1,1,1,1,1,1,1,1,1,0,1,1
16.443565437,1,1,1,1,1,1,1,1,1,0,1,0,1,1
16.443565625,1,1,1,1,1,1,1,1,1,0,1,1,1,1
16.443611375,1,1,1,1,1,1,1,1,1,0,1,1,0,1
16.443611500,1,1,1,1,1,1,1,1,1,0,1,0,0,1
16.443612125,1,1,1,1,1,1,1,1,1,1,1,0,0,1
16.443790250,1,1,1,1,1,1,1,1,1,1,1,0,1,1
16.443790437,1,1,1,1,1,1,1,1,1,0,1,0,1,1
16.443790625,1,1,1,1,1,1,1,1,1,0,1,1,1,1
16.443892563,1,1,1,1,1,1,1,1,1,0,1,1,0,1
16.443892687,1,1,1,1,1,1,1,1,1,0,1,0,0,1
16.443893312,1,1,1,1,1,1,1,1,1,1,1,0,0,1
16.443905313,1,1,1,1,1,1,1,1,1,1,1,0,1,1
16.443905437,1,1,1,1,1,1,1,1,1,0,1,0,1,1
16.443905625,1,1,1,1,1,1,1,1,1,0,1,1,1,1
16.443957375,1,1,1,1,1,1,1,1,1,0,1,1,0,1
16.443957500,1,1,1,1,1,1,1,1,1,0,1,0,0,1
16.443958125,1,1,1,1,1,1,1,1,1,1,1,0,0,1
16.443968313,1,1,1,1,1,1,1,1,1,1,1,0,1,1
16.443968500,1,1,1,1,1,1,1,1,1,0,1,0,1,1
16.443968687,1,1,1,1,1,1,1,1,1,0,1,1,1,1
16.444017000,1,1,1,1,1,1,1,1,1,0,1,1,0,1
16.444017125,1,1,1,1,1,1,1,1,1,0,1,0,0,1
16.444017688,1,1,1,1,1,1,1,1,1,1,1,0,0,1
16.444028312,1,1,1,1,1,1,1,1,1,1,1,0,1,1
16.444028500,1,1,1,1,1,1,1,1,1,0,1,0,1,1
16.444028688,1,1,1,1,1,1,1,1,1,0,1,1,1,1
16.444075125,1,1,1,1,1,1,1,1,1,0,1,1,0,1
16.444075188,1,1,1,1,1,1,1,1,1,0,1,0,0,1
16.444075875,1,1,1,1,1,1,1,1,1,1,1,0,0,1
16.444085313,1,1,1,1,1,1,1,1,1,1,1,0,1,1
16.444085500,1,1,1,1,1,1,1,1,1,0,1,0,1,1
16.444085687,1,1,1,1,1,1,1,1,1,0,1,1,1,1
16.444131875,1,1,1,1,1,1,1,1,1,0,1,1,0,1
16.444132000,1,1,1,1,1,1,1,1,1,0,1,0,0,1
16.444132688,1,1,1,1,1,1,1,1,1,1,1,0,0,1
16.444142312,1,1,1,1,1,1,1,1,1,1,1,0,1,1
16.444142500,1,1,1,1,1,1,1,1,1,0,1,0,1,1
16.444142625,1,1,1,1,1,1,1,1,1,0,1,1,1,1
16.444476687,1,1,1,1,1,1,1,1,1,0,1,1,0,1
16.444476812,1,1,1,1,1,1,1,1,1,0,1,0,0,1
16.444477438,1,1,1,1,1,1,1,1,1,1,1,0,0,1
16.444493375,1,1,1,1,1,1,1,1,1,1,1,0,1,1
16.444493500,1,1,1,1,1,1,1,1,1,0,1,0,1,1
16.444493687,1,1,1,1,1,1,1,1,1,0,1,1,1,1
16.444559500,1,1,1,1,1,1,1,1,1,0,1,1,0,1
16.444559625,1,1,1,1,1,1,1,1,1,0,1,0,0,1
16.444560250,1,1,1,1,1,1,1,1,1,1,1,0,0,1
16.444571312,1,1,1,1,1,1,1,1,1,1,1,0,1,1
16.444571437,1,1,1,1,1,1,1,1,1,0,1,0,1,1
16.444571625,1,1,1,1,1,1,1,1,1,0,1,1,1,1
16.444622438,1,1,1,1,1,1,1,1,1,0,1,1,0,1
16.444622563,1,1,1,1,1,1,1,1,1,0,1,0,0,1
16.444623250,1,1,1,1,1,1,1,1,1,1,1,0,0,1
16.444633250,1,1,1,1,1,1,1,1,1,1,1,0,1,1
16.444633437,1,1,1,1,1,1,1,1,1,0,1,0,1,1
16.444633625,1,1,1,1,1,1,1,1,1,0,1,1,1,1
16.444876625,1,1,1,1,1,1,1,1,1,0,1,1,0,1
16.444876750,1,1,1,1,1,1,1,1,1,0,1,0,0,1
16.444877438,1,1,1,1,1,1,1,1,1,1,1,0,0,1
16.444891563,1,1,1,1,1,1,1,1,1,1,1,0,1,1
16.444891750,1,1,1,1,1,1,1,1,1,0,1,0,1,1
16.444891875,1,1,1,1,1,1,1,1,1,0,1,1,1,1
16.444945188,1,1,1,1,1,1,1,1,1,0,1,1,0,1
16.444945250,1,1,1,1,1,1,1,1,1,0,1,0,0,1
16.444946000,1,1,1,1,1,1,1,1,1,1,1,0,0,1
16.444956438,1,1,1,1,1,1,1,1,1,1,1,0,1,1
16.444956625,1,1,1,1,1,1,1,1,1,0,1,0,1,1
16.444956812,1,1,1,1,1,1,1,1,1,0,1,1,1,1
16.445006813,1,1,1,1,1,1,1,1,1,0,1,1,0,1
16.445006938,1,1,1,1,1,1,1,1,1,0,1,0,0,1
16.445007625,1,1,1,1,1,1,1,1,1,1,1,0,0,1
16.445017312,1,1,1,1,1,1,1,1,1,1,1,0,1,1
16.445017500,1,1,1,1,1,1,1,1,1,0,1,0,1,1
16.445017687,1,1,1,1,1,1,1,1,1,0,1,1,1,1
16.445064750,1,1,1,1,1,1,1,1,1,0,1,1,0,1
16.445064813,1,1,1,1,1,1,1,1,1,0,1,0,0,1
16.445065625,1,1,1,1,1,1,1,1,1,1,1,0,0,1
16.445075312,1,1,1,1,1,1,1,1,1,1,1,0,1,1
16.445075500,1,1,1,1,1,1,1,1,1,0,1,0,1,1
16.445075625,1,1,1,1,1,1,1,1,1,0,1,1,1,1
16.445123813,1,1,1,1,1,1,1,1,1,0,1,1,0,1
16.445123875,1,1,1,1,1,1,1,1,1,0,1,0,0,1
16.445124625,1,1,1,1,1,1,1,1,1,1,1,0,0,1
16.445134312,1,1,1,1,1,1,1,1,1,1,1,0,1,1
16.445134500,1,1,1,1,1,1,1,1,1,0,1,0,1,1
16.445134688,1,1,1,1,1,1,1,1,1,0,1,1,1,1
16.445180000,1,1,1,1,1,1,1,1,1,0,1,1,0,1
16.445180063,1,1,1,1,1,1,1,1,1,0,1,0,0,1
16.445180812,1,1,1,1,1,1,1,1,1,1,1,0,0,1
16.445190312,1,1,1,1,1,1,1,1,1,1,1,0,1,1
16.445190500,1,1,1,1,1,1,1,1,1,0,1,0,1,1
16.445190625,1,1,1,1,1,1,1,1,1,0,1,1,1,1
16.445237250,1,1,1,1,1,1,1,1,1,0,1,1,0,1
16.445237375,1,1,1,1,1,1,1,1,1,0,1,0,0,1
16.445238000,1,1,1,1,1,1,1,1,1,1,1,0,0,1
16.445248375,1,1,1,1,1,1,1,1,1,1,1,0,1,1
16.445248500,1,1,1,1,1,1,1,1,1,0,1,0,1,1
16.445248688,1,1,1,1,1,1,1,1,1,0,1,1,1,1
16.445293375,1,1,1,1,1,1,1,1,1,0,1,1,0,1
16.445293500,1,1,1,1,1,1,1,1,1,0,1,0,0,1
16.445294188,1,1,1,1,1,1,1,1,1,1,1,0,0,1
16.445304375,1,1,1,1,1,1,1,1,1,1,1,0,1,1
16.445304562,1,1,1,1,1,1,1,1,1,0,1,0,1,1
16.445304687,1,1,1,1,1,1,1,1,1,0,1,1,1,1
16.445352938,1,1,1,1,1,1,1,1,1,0,1,1,0,1
16.445353063,1,1,1,1,1,1,1,1,1,0,1,0,0,1
16.445353750,1,1,1,1,1,1,1,1,1,1,1,0,0,1
16.445363250,1,1,1,1,1,1,1,1,1,1,1,0,1,1
16.445363437,1,1,1,1,1,1,1,1,1,0,1,0,1,1
16.445363625,1,1,1,1,1,1,1,1,1,0,1,1,1,1
16.445409812,1,1,1,1,1,1,1,1,1,0,1,1,0,1
16.445409875,1,1,1,1,1,1,1,1,1,0,1,0,0,1
16.445410563,1,1,1,1,1,1,1,1,1,1,1,0,0,1
16.445420313,1,1,1,1,1,1,1,1,1,1,1,0,1,1
16.445420500,1,1,1,1,1,1,1,1,1,0,1,0,1,1
16.445420625,1,1,1,1,1,1,1,1,1,0,1,1,1,1
16.445464875,1,1,1,1,1,1,1,1,1,0,1,1,0,1
16.445465000,1,1,1,1,1,1,1,1,1,0,1,0,0,1
16.445465750,1,1,1,1,1,1,1,1,1,1,1,0,0,1
16.445475563,1,1,1,1,1,1,1,1,1,1,1,0,1,1
16.445475750,1,1,1,1,1,1,1,1,1,0,1,0,1,1
16.445475875,1,1,1,1,1,1,1,1,1,0,1,1,1,1
16.445522063,1,1,1,1,1,1,1,1,1,0,1,1,0,1
16.445522187,1,1,1,1,1,1,1,1,1,0,1,0,0,1
16.445522750,1,1,1,1,1,1,1,1,1,1,1,0,0,1
16.445533375,1,1,1,1,1,1,1,1,1,1,1,0,1,1
16.445533500,1,1,1,1,1,1,1,1,1,0,1,0,1,1
16.445533687,1,1,1,1,1,1,1,1,1,0,1,1,1,1
16.445579438,1,1,1,1,1,1,1,1,1,0,1,1,0,1
16.445579563,1,1,1,1,1,1,1,1,1,0,1,0,0,1
16.445580187,1,1,1,1,1,1,1,1,1,1,1,0,0,1
16.445590375,1,1,1,1,1,1,1,1,1,1,1,0,1,1
16.445590563,1,1,1,1,1,1,1,1,1,0,1,0,1,1
16.445590688,1,1,1,1,1,1,1,1,1,0,1,1,1,1
16.445636750,1,1,1,1,1,1,1,1,1,0,1,1,0,1
16.445636875,1,1,1,1,1,1,1,1,1,0,1,0,0,1
16.445637562,1,1,1,1,1,1,1,1,1,1,1,0,0,1
16.445647375,1,1,1,1,1,1,1,1,1,1,1,0,1,1
16.445647562,1,1,1,1,1,1,1,1,1,0,1,0,1,1
16.445647687,1,1,1,1,1,1,1,1,1,0,1,1,1,1
16.445693563,1,1,1,1,1,1,1,1,1,0,1,1,0,1
16.445693688,1,1,1,1,1,1,1,1,1,0,1,0,0,1
16.445694375,1,1,1,1,1,1,1,1,1,1,1,0,0,1
16.445704375,1,1,1,1,1,1,1,1,1,1,1,0,1,1
16.445704500,1,1,1,1,1,1,1,1,1,0,1,0,1,1
16.445704688,1,1,1,1,1,1,1,1,1,0,1,1,1,1
16.445752375,1,1,1,1,1,1,1,1,1,0,1,1,0,1
16.445752500,1,1,1,1,1,1,1,1,1,0,1,0,0,1
16.445753125,1,1,1,1,1,1,1,1,1,1,1,0,0,1
16.445763250,1,1,1,1,1,1,1,1,1,1,1,0,1,1
16.445763437,1,1,1,1,1,1,1,1,1,0,1,0,1,1
16.445763625,1,1,1,1,1,1,1,1,1,0,1,1,1,1
16.445954938,1,1,1,1,1,1,1,1,1,0,1,1,0,1
16.445955063,1,1,1,1,1,1,1,1,1,0,1,0,0,1
16.445955750,1,1,1,1,1,1,1,1,1,1,1,0,0,1
16.445966313,1,1,1,1,1,1,1,1,1,1,1,0,1,1
16.445966500,1,1,1,1,1,1,1,1,1,0,1,0,1,1
16.445966625,1,1,1,1,1,1,1,1,1,0,1,1,1,1
16.446016375,1,1,1,1,1,1,1,1,1,0,1,1,0,1
16.446016500,1,1,1,1,1,1,1,1,1,0,1,0,0,1
16.446017125,1,1,1,1,1,1,1,1,1,1,1,0,0,1
16.446027437,1,1,1,1,1,1,1,1,1,1,1,0,1,1
16.446027625,1,1,1,1,1,1,1,1,1,0,1,0,1,1
16.446027750,1,1,1,1,1,1,1,1,1,0,1,1,1,1
16.446074187,1,1,1,1,1,1,1,1,1,0,1,1,0,1
16.446074312,1,1,1,1,1,1,1,1,1,0,1,0,0,1
16.446074938,1,1,1,1,1,1,1,1,1,1,1,0,0,1
16.446085437,1,1,1,1,1,1,1,1,1,1,1,0,1,1
16.446085562,1,1,1,1,1,1,1,1,1,0,1,0,1,1
16.446085750,1,1,1,1,1,1,1,1,1,0,1,1,1,1
16.446133187,1,1,1,1,1,1,1,1,1,0,1,1,0,1
16.446133250,1,1,1,1,1,1,1,1,1,0,1,0,0,1
16.446133875,1,1,1,1,1,1,1,1,1,1,1,0,0,1
16.446144312,1,1,1,1,1,1,1,1,1,1,1,0,1,1
16.446144500,1,1,1,1,1,1,1,1,1,0,1,0,1,1
16.446144625,1,1,1,1,1,1,1,1,1,0,1,1,1,1
16.446190562,1,1,1,1,1,1,1,1,1,0,1,1,0,1
16.446190687,1,1,1,1,1,1,1,1,1,0,1,0,0,1
16.446191313,1,1,1,1,1,1,1,1,1,1,1,0,0,1
16.446201313,1,1,1,1,1,1,1,1,1,1,1,0,1,1
16.446201500,1,1,1,1,1,1,1,1,1,0,1,0,1,1
16.446201625,1,1,1,1,1,1,1,1,1,0,1,1,1,1
16.446249750,1,1,1,1,1,1,1,1,1,0,1,1,0,1
16.446249875,1,1,1,1,1,1,1,1,1,0,1,0,0,1
16.446250500,1,1,1,1,1,1,1,1,1,1,1,0,0,1
16.446260313,1,1,1,1,1,1,1,1,1,1,1,0,1,1
16.446260500,1,1,1,1,1,1,1,1,1,0,1,0,1,1
16.446260688,1,1,1,1,1,1,1,1,1,0,1,1,1,1
16.446307188,1,1,1,1,1,1,1,1,1,0,1,1,0,1
16.446307313,1,1,1,1,1,1,1,1,1,0,1,0,0,1
16.446307875,1,1,1,1,1,1,1,1,1,1,1,0,0,1
16.446318375,1,1,1,1,1,1,1,1,1,1,1,0,1,1
16.446318563,1,1,1,1,1,1,1,1,1,0,1,0,1,1
16.446318750,1,1,1,1,1,1,1,1,1,0,1,1,1,1
16.446364875,1,1,1,1,1,1,1,1,1,0,1,1,0,1
16.446365000,1,1,1,1,1,1,1,1,1,0,1,0,0,1
16.446365687,1,1,1,1,1,1,1,1,1,1,1,0,0,1
16.446375375,1,1,1,1,1,1,1,1,1,1,1,0,1,1
16.446375562,1,1,1,1,1,1,1,1,1,0,1,0,1,1
16.446375750,1,1,1,1,1,1,1,1,1,0,1,1,1,1
16.446421625,1,1,1,1,1,1,1,1,1,0,1,1,0,1
16.446421687,1,1,1,1,1,1,1,1,1,0,1,0,0,1
16.446422500,1,1,1,1,1,1,1,1,1,1,1,0,0,1
16.446432313,1,1,1,1,1,1,1,1,1,1,1,0,1,1
16.446432438,1,1,1,1,1,1,1,1,1,0,1,0,1,1
16.446432625,1,1,1,1,1,1,1,1,1,0,1,1,1,1
16.446480188,1,1,1,1,1,1,1,1,1,0,1,1,0,1
16.446480313,1,1,1,1,1,1,1,1,1,0,1,0,0,1
16.446480875,1,1,1,1,1,1,1,1,1,1,1,0,0,1
16.446491313,1,1,1,1,1,1,1,1,1,1,1,0,1,1
16.446491438,1,1,1,1,1,1,1,1,1,0,1,0,1,1
16.446491625,1,1,1,1,1,1,1,1,1,0,1,1,1,1
16.446538250,1,1,1,1,1,1,1,1,1,0,1,1,0,1
16.446538375,1,1,1,1,1,1,1,1,1,0,1,0,0,1
16.446539063,1,1,1,1,1,1,1,1,1,1,1,0,0,1
16.446549438,1,1,1,1,1,1,1,1,1,1,1,0,1,1
16.446549625,1,1,1,1,1,1,1,1,1,0,1,0,1,1
16.446549812,1,1,1,1,1,1,1,1,1,0,1,1,1,1
16.446596500,1,1,1,1,1,1,1,1,1,0,1,1,0,1
16.446596563,1,1,1,1,1,1,1,1,1,0,1,0,0,1
16.446597250,1,1,1,1,1,1,1,1,1,1,1,0,0,1
16.446607312,1,1,1,1,1,1,1,1,1,1,1,0,1,1
16.446607500,1,1,1,1,1,1,1,1,1,0,1,0,1,1
16.446607625,1,1,1,1,1,1,1,1,1,0,1,1,1,1
16.446654250,1,1,1,1,1,1,1,1,1,0,1,1,0,1
16.446654313,1,1,1,1,1,1,1,1,1,0,1,0,0,1
16.446655062,1,1,1,1,1,1,1,1,1,1,1,0,0,1
16.446665312,1,1,1,1,1,1,1,1,1,1,1,0,1,1
16.446665500,1,1,1,1,1,1,1,1,1,0,1,0,1,1
16.446665625,1,1,1,1,1,1,1,1,1,0,1,1,1,1
16.446711188,1,1,1,1,1,1,1,1,1,0,1,1,0,1
16.446711312,1,1,1,1,1,1,1,1,1,0,1,0,0,1
16.446712063,1,1,1,1,1,1,1,1,1,1,1,0,0,1
16.446722687,1,1,1,1,1,1,1,1,1,1,1,0,1,1
16.446722812,1,1,1,1,1,1,1,1,1,0,1,0,1,1
16.446723000,1,1,1,1,1,1,1,1,1,0,1,1,1,1
16.446768688,1,1,1,1,1,1,1,1,1,0,1,1,0,1
16.446768813,1,1,1,1,1,1,1,1,1,0,1,0,0,1
16.446769437,1,1,1,1,1,1,1,1,1,1,1,0,0,1
16.446779312,1,1,1,1,1,1,1,1,1,1,1,0,1,1
16.446779437,1,1,1,1,1,1,1,1,1,0,1,0,1,1
16.446779625,1,1,1,1,1,1,1,1,1,0,1,1,1,1
16.446825250,1,1,1,1,1,1,1,1,1,0,1,1,0,1
16.446825375,1,1,1,1,1,1,1,1,1,0,1,0,0,1
16.446826063,1,1,1,1,1,1,1,1,1,1,1,0,0,1
16.446966250,1,1,1,1,1,1,1,1,1,1,1,0,1,1
16.446966437,1,1,1,1,1,1,1,1,1,0,1,0,1,1
16.446966562,1,1,1,1,1,1,1,1,1,0,1,1,1,1
16.447029250,1,1,1,1,1,1,1,1,1,0,1,1,0,1
16.447029375,1,1,1,1,1,1,1,1,1,0,1,0,0,1
16.447030000,1,1,1,1,1,1,1,1,1,1,1,0,0,1
16.447041438,1,1,1,1,1,1,1,1,1,1,1,0,1,1
16.447041563,1,1,1,1,1,1,1,1,1,0,1,0,1,1
16.447041750,1,1,1,1,1,1,1,1,1,0,1,1,1,1
16.447090500,1,1,1,1,1,1,1,1,1,0,1,1,0,1
16.447090625,1,1,1,1,1,1,1,1,1,0,1,0,0,1
16.447091437,1,1,1,1,1,1,1,1,1,1,1,0,0,1
16.447103500,1,1,1,1,1,1,1,1,1,1,1,0,1,1
16.447103625,1,1,1,1,1,1,1,1,1,0,1,0,1,1
16.447103812,1,1,1,1,1,1,1,1,1,0,1,1,1,1
16.447153750,1,1,1,1,1,1,1,1,1,0,1,1,0,1
16.447153875,1,1,1,1,1,1,1,1,1,0,1,0,0,1
16.447154625,1,1,1,1,1,1,1,1,1,1,1,0,0,1
16.447165375,1,1,1,1,1,1,1,1,1,1,1,0,1,1
16.447165563,1,1,1,1,1,1,1,1,1,0,1,0,1,1
16.447165688,1,1,1,1,1,1,1,1,1,0,1,1,1,1
16.447212063,1,1,1,1,1,1,1,1,1,0,1,1,0,1
16.447212187,1,1,1,1,1,1,1,1,1,0,1,0,0,1
16.447212812,1,1,1,1,1,1,1,1,1,1,1,0,0,1
16.447222625,1,1,1,1,1,1,1,1,1,1,1,0,1,1
16.447222813,1,1,1,1,1,1,1,1,1,0,1,0,1,1
16.447223000,1,1,1,1,1,1,1,1,1,0,1,1,1,1
16.447269250,1,1,1,1,1,1,1,1,1,0,1,1,0,1
16.447269375,1,1,1,1,1,1,1,1,1,0,1,0,0,1
16.447270000,1,1,1,1,1,1,1,1,1,1,1,0,0,1
16.447280375,1,1,1,1,1,1,1,1,1,1,1,0,1,1
16.447280563,1,1,1,1,1,1,1,1,1,0,1,0,1,1
16.447280750,1,1,1,1,1,1,1,1,1,0,1,1,1,1
16.447326938,1,1,1,1,1,1,1,1,1,0,1,1,0,1
16.447327063,1,1,1,1,1,1,1,1,1,0,1,0,0,1
16.447327812,1,1,1,1,1,1,1,1,1,1,1,0,0,1
16.447337375,1,1,1,1,1,1,1,1,1,1,1,0,1,1
16.447337562,1,1,1,1,1,1,1,1,1,0,1,0,1,1
16.447337687,1,1,1,1,1,1,1,1,1,0,1,1,1,1
16.447383813,1,1,1,1,1,1,1,1,1,0,1,1,0,1
16.447383937,1,1,1,1,1,1,1,1,1,0,1,0,0,1
16.447384563,1,1,1,1,1,1,1,1,1,1,1,0,0,1
16.447394312,1,1,1,1,1,1,1,1,1,1,1,0,1,1
16.447394500,1,1,1,1,1,1,1,1,1,0,1,0,1,1
16.447394688,1,1,1,1,1,1,1,1,1,0,1,1,1,1
16.447440562,1,1,1,1,1,1,1,1,1,0,1,1,0,1
16.447440687,1,1,1,1,1,1,1,1,1,0,1,0,0,1
16.447441375,1,1,1,1,1,1,1,1,1,1,1,0,0,1
16.447451437,1,1,1,1,1,1,1,1,1,1,1,0,1,1
16.447451562,1,1,1,1,1,1,1,1,1,0,1,0,1,1
16.447451750,1,1,1,1,1,1,1,1,1,0,1,1,1,1
16.447499625,1,1,1,1,1,1,1,1,1,0,1,1,0,1
16.447499750,1,1,1,1,1,1,1,1,1,0,1,0,0,1
16.447500375,1,1,1,1,1,1,1,1,1,1,1,0,0,1
16.447510438,1,1,1,1,1,1,1,1,1,1,1,0,1,1
16.447510562,1,1,1,1,1,1,1,1,1,0,1,0,1,1
16.447510750,1,1,1,1,1,1,1,1,1,0,1,1,1,1
16.447556313,1,1,1,1,1,1,1,1,1,0,1,1,0,1
16.447556375,1,1,1,1,1,1,1,1,1,0,1,0,0,1
16.447557187,1,1,1,1,1,1,1,1,1,1,1,0,0,1
16.447567437,1,1,1,1,1,1,1,1,1,1,1,0,1,1
16.447567625,1,1,1,1,1,1,1,1,1,0,1,0,1,1
16.447567750,1,1,1,1,1,1,1,1,1,0,1,1,1,1
16.447613625,1,1,1,1,1,1,1,1,1,0,1,1,0,1
16.447613750,1,1,1,1,1,1,1,1,1,0,1,0,0,1
16.447614375,1,1,1,1,1,1,1,1,1,1,1,0,0,1
16.447624438,1,1,1,1,1,1,1,1,1,1,1,0,1,1
16.447624562,1,1,1,1,1,1,1,1,1,0,1,0,1,1
16.447624750,1,1,1,1,1,1,1,1,1,0,1,1,1,1
16.447671375,1,1,1,1,1,1,1,1,1,0,1,1,0,1
16.447671437,1,1,1,1,1,1,1,1,1,0,1,0,0,1
16.447672188,1,1,1,1,1,1,1,1,1,1,1,0,0,1
16.447682375,1,1,1,1,1,1,1,1,1,1,1,0,1,1
16.447682562,1,1,1,1,1,1,1,1,1,0,1,0,1,1
16.447682750,1,1,1,1,1,1,1,1,1,0,1,1,1,1
16.447730375,1,1,1,1,1,1,1,1,1,0,1,1,0,1
16.447730500,1,1,1,1,1,1,1,1,1,0,1,0,0,1
16.447731188,1,1,1,1,1,1,1,1,1,1,1,0,0,1
16.447741312,1,1,1,1,1,1,1,1,1,1,1,0,1,1
16.447741500,1,1,1,1,1,1,1,1,1,0,1,0,1,1
16.447741687,1,1,1,1,1,1,1,1,1,0,1,1,1,1
16.447787563,1,1,1,1,1,1,1,1,1,0,1,1,0,1
16.447787687,1,1,1,1,1,1,1,1,1,0,1,0,0,1
16.447788375,1,1,1,1,1,1,1,1,1,1,1,0,0,1
16.447798375,1,1,1,1,1,1,1,1,1,1,1,0,1,1
16.447798563,1,1,1,1,1,1,1,1,1,0,1,0,1,1
16.447798688,1,1,1,1,1,1,1,1,1,0,1,1,1,1
16.447844312,1,1,1,1,1,1,1,1,1,0,1,1,0,1
16.447844437,1,1,1,1,1,1,1,1,1,0,1,0,0,1
16.447845125,1,1,1,1,1,1,1,1,1,1,1,0,0,1
16.447856375,1,1,1,1,1,1,1,1,1,1,1,0,1,1
16.447856563,1,1,1,1,1,1,1,1,1,0,1,0,1,1
16.447856750,1,1,1,1,1,1,1,1,1,0,1,1,1,1
16.448053438,1,1,1,1,1,1,1,1,1,0,1,1,0,1
16.448053563,1,1,1,1,1,1,1,1,1,0,1,0,0,1
16.448054312,1,1,1,1,1,1,1,1,1,1,1,0,0,1
16.448068500,1,1,1,1,1,1,1,1,1,1,1,0,1,1
16.448068688,1,1,1,1,1,1,1,1,1,0,1,0,1,1
16.448068875,1,1,1,1,1,1,1,1,1,0,1,1,1,1
16.448126812,1,1,1,1,1,1,1,1,1,0,1,1,0,1
16.448126937,1,1,1,1,1,1,1,1,1,0,1,0,0,1
16.448127500,1,1,1,1,1,1,1,1,1,1,1,0,0,1
16.448138375,1,1,1,1,1,1,1,1,1,1,1,0,1,1
16.448138562,1,1,1,1,1,1,1,1,1,0,1,0,1,1
16.448138687,1,1,1,1,1,1,1,1,1,0,1,1,1,1
16.448186562,1,1,1,1,1,1,1,1,1,0,1,1,0,1
16.448186688,1,1,1,1,1,1,1,1,1,0,1,0,0,1
16.448187312,1,1,1,1,1,1,1,1,1,1,1,0,0,1
16.448197312,1,1,1,1,1,1,1,1,1,1,1,0,1,1
16.448197500,1,1,1,1,1,1,1,1,1,0,1,0,1,1
16.448197625,1,1,1,1,1,1,1,1,1,0,1,1,1,1
16.448246687,1,1,1,1,1,1,1,1,1,0,1,1,0,1
16.448246812,1,1,1,1,1,1,1,1,1,0,1,0,0,1
16.448247500,1,1,1,1,1,1,1,1,1,1,1,0,0,1
16.448257375,1,1,1,1,1,1,1,1,1,1,1,0,1,1
16.448257500,1,1,1,1,1,1,1,1,1,0,1,0,1,1
16.448257687,1,1,1,1,1,1,1,1,1,0,1,1,1,1
16.448303813,1,1,1,1,1,1,1,1,1,0,1,1,0,1
16.448303875,1,1,1,1,1,1,1,1,1,0,1,0,0,1
16.448304500,1,1,1,1,1,1,1,1,1,1,1,0,0,1
16.448314375,1,1,1,1,1,1,1,1,1,1,1,0,1,1
16.448314562,1,1,1,1,1,1,1,1,1,0,1,0,1,1
16.448314688,1,1,1,1,1,1,1,1,1,0,1,1,1,1
16.448360375,1,1,1,1,1,1,1,1,1,0,1,1,0,1
16.448360500,1,1,1,1,1,1,1,1,1,0,1,0,0,1
16.448361125,1,1,1,1,1,1,1,1,1,1,1,0,0,1
16.448371375,1,1,1,1,1,1,1,1,1,1,1,0,1,1
16.448371563,1,1,1,1,1,1,1,1,1,0,1,0,1,1
16.448371750,1,1,1,1,1,1,1,1,1,0,1,1,1,1
16.448417312,1,1,1,1,1,1,1,1,1,0,1,1,0,1
16.448417438,1,1,1,1,1,1,1,1,1,0,1,0,0,1
16.448418125,1,1,1,1,1,1,1,1,1,1,1,0,0,1
16.448428375,1,1,1,1,1,1,1,1,1,1,1,0,1,1
16.448428562,1,1,1,1,1,1,1,1,1,0,1,0,1,1
16.448428688,1,1,1,1,1,1,1,1,1,0,1,1,1,1
16.448475875,1,1,1,1,1,1,1,1,1,0,1,1,0,1
16.448475937,1,1,1,1,1,1,1,1,1,0,1,0,0,1
16.448476688,1,1,1,1,1,1,1,1,1,1,1,0,0,1
16.448486375,1,1,1,1,1,1,1,1,1,1,1,0,1,1
16.448486563,1,1,1,1,1,1,1,1,1,0,1,0,1,1
16.448486750,1,1,1,1,1,1,1,1,1,0,1,1,1,1
16.448532500,1,1,1,1,1,1,1,1,1,0,1,1,0,1
16.448532625,1,1,1,1,1,1,1,1,1,0,1,0,0,1
16.448533313,1,1,1,1,1,1,1,1,1,1,1,0,0,1
16.448543375,1,1,1,1,1,1,1,1,1,1,1,0,1,1
16.448543562,1,1,1,1,1,1,1,1,1,0,1,0,1,1
16.448543750,1,1,1,1,1,1,1,1,1,0,1,1,1,1
16.448589125,1,1,1,1,1,1,1,1,1,0,1,1,0,1
16.448589250,1,1,1,1,1,1,1,1,1,0,1,0,0,1
16.448589875,1,1,1,1,1,1,1,1,1,1,1,0,0,1
16.448600500,1,1,1,1,1,1,1,1,1,1,1,0,1,1
16.448600688,1,1,1,1,1,1,1,1,1,0,1,0,1,1
16.448600875,1,1,1,1,1,1,1,1,1,0,1,1,1,1
16.448646750,1,1,1,1,1,1,1,1,1,0,1,1,0,1
16.448646813,1,1,1,1,1,1,1,1,1,0,1,0,0,1
16.448647500,1,1,1,1,1,1,1,1,1,1,1,0,0,1
16.448657375,1,1,1,1,1,1,1,1,1,1,1,0,1,1
16.448657500,1,1,1,1,1,1,1,1,1,0,1,0,1,1
16.448657687,1,1,1,1,1,1,1,1,1,0,1,1,1,1
16.448703063,1,1,1,1,1,1,1,1,1,0,1,1,0,1
16.448703188,1,1,1,1,1,1,1,1,1,0,1,0,0,1
16.448703875,1,1,1,1,1,1,1,1,1,1,1,0,0,1
16.448713375,1,1,1,1,1,1,1,1,1,1,1,0,1,1
16.448713563,1,1,1,1,1,1,1,1,1,0,1,0,1,1
16.448713687,1,1,1,1,1,1,1,1,1,0,1,1,1,1
16.448820313,1,1,1,1,1,1,1,1,1,0,1,1,0,1
16.448820438,1,1,1,1,1,1,1,1,1,0,1,0,0,1
16.448821062,1,1,1,1,1,1,1,1,1,1,1,0,0,1
16.448831438,1,1,1,1,1,1,1,1,1,1,1,0,1,1
16.448831625,1,1,1,1,1,1,1,1,1,0,1,0,1,1
16.448831750,1,1,1,1,1,1,1,1,1,0,1,1,1,1
16.448922688,1,1,1,1,1,1,1,1,1,0,1,1,0,1
16.448922813,1,1,1,1,1,1,1,1,1,0,1,0,0,1
16.448923437,1,1,1,1,1,1,1,1,1,1,1,0,0,1
16.448934438,1,1,1,1,1,1,1,1,1,1,1,0,1,1
16.448934562,1,1,1,1,1,1,1,1,1,0,1,0,1,1
16.448934750,1,1,1,1,1,1,1,1,1,0,1,1,1,1
16.449128563,1,1,1,1,1,1,1,1,1,0,1,1,0,1
16.449128625,1,1,1,1,1,1,1,1,1,0,1,0,0,1
16.449129250,1,1,1,1,1,1,1,1,1,1,1,0,0,1
16.449142500,1,1,1,1,1,1,1,1,1,1,1,0,1,1
16.449142625,1,1,1,1,1,1,1,1,1,0,1,0,1,1
16.449142812,1,1,1,1,1,1,1,1,1,0,1,1,1,1
16.449195750,1,1,1,1,1,1,1,1,1,0,1,1,0,1
16.449195875,1,1,1,1,1,1,1,1,1,0,1,0,0,1
16.449196625,1,1,1,1,1,1,1,1,1,1,1,0,0,1
16.449206375,1,1,1,1,1,1,1,1,1,1,1,0,1,1
16.449206562,1,1,1,1,1,1,1,1,1,0,1,0,1,1
16.449206750,1,1,1,1,1,1,1,1,1,0,1,1,1,1
16.449257000,1,1,1,1,1,1,1,1,1,0,1,1,0,1
16.449257062,1,1,1,1,1,1,1,1,1,0,1,0,0,1
16.449257813,1,1,1,1,1,1,1,1,1,1,1,0,0,1
16.449267375,1,1,1,1,1,1,1,1,1,1,1,0,1,1
16.449267563,1,1,1,1,1,1,1,1,1,0,1,0,1,1
16.449267750,1,1,1,1,1,1,1,1,1,0,1,1,1,1
16.449313750,1,1,1,1,1,1,1,1,1,0,1,1,0,1
16.449313875,1,1,1,1,1,1,1,1,1,0,1,0,0,1
16.449314625,1,1,1,1,1,1,1,1,1,1,1,0,0,1
16.449324375,1,1,1,1,1,1,1,1,1,1,1,0,1,1
16.449324562,1,1,1,1,1,1,1,1,1,0,1,0,1,1
16.449324687,1,1,1,1,1,1,1,1,1,0,1,1,1,1
16.449372875,1,1,1,1,1,1,1,1,1,0,1,1,0,1
16.449372938,1,1,1,1,1,1,1,1,1,0,1,0,0,1
16.449373625,1,1,1,1,1,1,1,1,1,1,1,0,0,1
16.449383375,1,1,1,1,1,1,1,1,1,1,1,0,1,1
16.449383562,1,1,1,1,1,1,1,1,1,0,1,0,1,1
16.449383750,1,1,1,1,1,1,1,1,1,0,1,1,1,1
16.449429313,1,1,1,1,1,1,1,1,1,0,1,1,0,1
16.449429438,1,1,1,1,1,1,1,1,1,0,1,0,0,1
16.449430187,1,1,1,1,1,1,1,1,1,1,1,0,0,1
16.449440312,1,1,1,1,1,1,1,1,1,1,1,0,1,1
16.449440500,1,1,1,1,1,1,1,1,1,0,1,0,1,1
16.449440688,1,1,1,1,1,1,1,1,1,0,1,1,1,1
16.449487000,1,1,1,1,1,1,1,1,1,0,1,1,0,1
16.449487125,1,1,1,1,1,1,1,1,1,0,1,0,0,1
16.449487812,1,1,1,1,1,1,1,1,1,1,1,0,0,1
16.449497375,1,1,1,1,1,1,1,1,1,1,1,0,1,1
16.449497500,1,1,1,1,1,1,1,1,1,0,1,0,1,1
16.449497687,1,1,1,1,1,1,1,1,1,0,1,1,1,1
16.449542812,1,1,1,1,1,1,1,1,1,0,1,1,0,1
16.449542875,1,1,1,1,1,1,1,1,1,0,1,0,0,1
16.449543563,1,1,1,1,1,1,1,1,1,1,1,0,0,1
16.449553375,1,1,1,1,1,1,1,1,1,1,1,0,1,1
16.449553563,1,1,1,1,1,1,1,1,1,0,1,0,1,1
16.449553687,1,1,1,1,1,1,1,1,1,0,1,1,1,1
16.449600875,1,1,1,1,1,1,1,1,1,0,1,1,0,1
16.449601000,1,1,1,1,1,1,1,1,1,0,1,0,0,1
16.449601812,1,1,1,1,1,1,1,1,1,1,1,0,0,1
16.449611375,1,1,1,1,1,1,1,1,1,1,1,0,1,1
16.449611562,1,1,1,1,1,1,1,1,1,0,1,0,1,1
16.449611750,1,1,1,1,1,1,1,1,1,0,1,1,1,1
16.449657438,1,1,1,1,1,1,1,1,1,0,1,1,0,1
16.449657500,1,1,1,1,1,1,1,1,1,0,1,0,0,1
16.449658187,1,1,1,1,1,1,1,1,1,1,1,0,0,1
16.449668375,1,1,1,1,1,1,1,1,1,1,1,0,1,1
16.449668563,1,1,1,1,1,1,1,1,1,0,1,0,1,1
16.449668688,1,1,1,1,1,1,1,1,1,0,1,1,1,1
16.449714875,1,1,1,1,1,1,1,1,1,0,1,1,0,1
16.449714938,1,1,1,1,1,1,1,1,1,0,1,0,0,1
16.449715562,1,1,1,1,1,1,1,1,1,1,1,0,0,1
16.449725750,1,1,1,1,1,1,1,1,1,1,1,0,1,1
16.449725875,1,1,1,1,1,1,1,1,1,0,1,0,1,1
16.449726063,1,1,1,1,1,1,1,1,1,0,1,1,1,1
16.449772375,1,1,1,1,1,1,1,1,1,0,1,1,0,1
16.449772437,1,1,1,1,1,1,1,1,1,0,1,0,0,1
16.449773187,1,1,1,1,1,1,1,1,1,1,1,0,0,1
16.449783375,1,1,1,1,1,1,1,1,1,1,1,0,1,1
16.449783562,1,1,1,1,1,1,1,1,1,0,1,0,1,1
16.449783750,1,1,1,1,1,1,1,1,1,0,1,1,1,1
16.449829500,1,1,1,1,1,1,1,1,1,0,1,1,0,1
16.449829625,1,1,1,1,1,1,1,1,1,0,1,0,0,1
16.449830375,1,1,1,1,1,1,1,1,1,1,1,0,0,1
16.449840563,1,1,1,1,1,1,1,1,1,1,1,0,1,1
16.449840750,1,1,1,1,1,1,1,1,1,0,1,0,1,1
16.449840875,1,1,1,1,1,1,1,1,1,0,1,1,1,1
16.449886688,1,1,1,1,1,1,1,1,1,0,1,1,0,1
16.449886750,1,1,1,1,1,1,1,1,1,0,1,0,0,1
16.449887375,1,1,1,1,1,1,1,1,1,1,1,0,0,1
16.449897312,1,1,1,1,1,1,1,1,1,1,1,0,1,1
16.449897500,1,1,1,1,1,1,1,1,1,0,1,0,1,1
16.449897687,1,1,1,1,1,1,1,1,1,0,1,1,1,1
16.449942938,1,1,1,1,1,1,1,1,1,0,1,1,0,1
16.449943063,1,1,1,1,1,1,1,1,1,0,1,0,0,1
16.449943750,1,1,1,1,1,1,1,1,1,1,1,0,0,1
16.449953437,1,1,1,1,1,1,1,1,1,1,1,0,1,1
16.449953625,1,1,1,1,1,1,1,1,1,0,1,0,1,1
16.449953750,1,1,1,1,1,1,1,1,1,0,1,1,1,1
16.450385625,1,1,1,1,1,1,1,1,1,0,1,1,0,1
16.450385750,1,1,1,1,1,1,1,1,1,0,1,0,0,1
16.450386500,1,1,1,1,1,1,1,1,1,1,1,0,0,1
16.450402562,1,1,1,1,1,1,1,1,1,1,1,0,1,1
16.450402750,1,1,1,1,1,1,1,1,1,0,1,0,1,1
16.450402875,1,1,1,1,1,1,1,1,1,0,1,1,1,1
16.450469500,1,1,1,1,1,1,1,1,1,0,1,1,0,1
16.450469625,1,1,1,1,1,1,1,1,1,0,1,0,0,1
16.450470312,1,1,1,1,1,1,1,1,1,1,1,0,0,1
16.450483438,1,1,1,1,1,1,1,1,1,1,1,0,1,1
16.450483563,1,1,1,1,1,1,1,1,1,0,1,0,1,1
16.450483750,1,1,1,1,1,1,1,1,1,0,1,1,1,1
16.450533813,1,1,1,1,1,1,1,1,1,0,1,1,0,1
16.450533938,1,1,1,1,1,1,1,1,1,0,1,0,0,1
16.450534687,1,1,1,1,1,1,1,1,1,1,1,0,0,1
16.450545375,1,1,1,1,1,1,1,1,1,1,1,0,1,1
16.450545563,1,1,1,1,1,1,1,1,1,0,1,0,1,1
16.450545750,1,1,1,1,1,1,1,1,1,0,1,1,1,1
16.450593188,1,1,1,1,1,1,1,1,1,0,1,1,0,1
16.450593313,1,1,1,1,1,1,1,1,1,0,1,0,0,1
16.450593875,1,1,1,1,1,1,1,1,1,1,1,0,0,1
16.450605500,1,1,1,1,1,1,1,1,1,1,1,0,1,1
16.450605687,1,1,1,1,1,1,1,1,1,0,1,0,1,1
16.450605813,1,1,1,1,1,1,1,1,1,0,1,1,1,1
16.450652250,1,1,1,1,1,1,1,1,1,0,1,1,0,1
16.450652375,1,1,1,1,1,1,1,1,1,0,1,0,0,1
16.450653062,1,1,1,1,1,1,1,1,1,1,1,0,0,1
16.450663375,1,1,1,1,1,1,1,1,1,1,1,0,1,1
16.450663563,1,1,1,1,1,1,1,1,1,0,1,0,1,1
16.450663750,1,1,1,1,1,1,1,1,1,0,1,1,1,1
16.450709813,1,1,1,1,1,1,1,1,1,0,1,1,0,1
16.450709938,1,1,1,1,1,1,1,1,1,0,1,0,0,1
16.450710687,1,1,1,1,1,1,1,1,1,1,1,0,0,1
16.450799938,1,1,1,1,1,1,1,1,1,1,1,0,1,1
16.450800125,1,1,1,1,1,1,1,1,1,0,1,0,1,1
16.450800250,1,1,1,1,1,1,1,1,1,0,1,1,1,1
16.450863063,1,1,1,1,1,1,1,1,1,0,1,1,0,1
16.450863125,1,1,1,1,1,1,1,1,1,0,1,0,0,1
16.450863875,1,1,1,1,1,1,1,1,1,1,1,0,0,1
16.450874313,1,1,1,1,1,1,1,1,1,1,1,0,1,1
16.450874500,1,1,1,1,1,1,1,1,1,0,1,0,1,1
16.450874625,1,1,1,1,1,1,1,1,1,0,1,1,1,1
16.450923125,1,1,1,1,1,1,1,1,1,0,1,1,0,1
16.450923250,1,1,1,1,1,1,1,1,1,0,1,0,0,1
16.450923875,1,1,1,1,1,1,1,1,1,1,1,0,0,1
16.450933375,1,1,1,1,1,1,1,1,1,1,1,0,1,1
16.450933563,1,1,1,1,1,1,1,1,1,0,1,0,1,1
16.450933688,1,1,1,1,1,1,1,1,1,0,1,1,1,1
16.450982938,1,1,1,1,1,1,1,1,1,0,1,1,0,1
16.450983063,1,1,1,1,1,1,1,1,1,0,1,0,0,1
16.450983687,1,1,1,1,1,1,1,1,1,1,1,0,0,1
16.450994313,1,1,1,1,1,1,1,1,1,1,1,0,1,1
16.450994500,1,1,1,1,1,1,1,1,1,0,1,0,1,1
16.450994687,1,1,1,1,1,1,1,1,1,0,1,1,1,1
16.451040688,1,1,1,1,1,1,1,1,1,0,1,1,0,1
16.451040813,1,1,1,1,1,1,1,1,1,0,1,0,0,1
16.451041437,1,1,1,1,1,1,1,1,1,1,1,0,0,1
16.451051437,1,1,1,1,1,1,1,1,1,1,1,0,1,1
16.451051562,1,1,1,1,1,1,1,1,1,0,1,0,1,1
16.451051750,1,1,1,1,1,1,1,1,1,0,1,1,1,1
16.451266063,1,1,1,1,1,1,1,1,1,0,1,1,0,1
16.451266125,1,1,1,1,1,1,1,1,1,0,1,0,0,1
16.451266812,1,1,1,1,1,1,1,1,1,1,1,0,0,1
16.451279500,1,1,1,1,1,1,1,1,1,1,1,0,1,1
16.451279688,1,1,1,1,1,1,1,1,1,0,1,0,1,1
16.451279813,1,1,1,1,1,1,1,1,1,0,1,1,1,1
16.451332812,1,1,1,1,1,1,1,1,1,0,1,1,0,1
16.451332937,1,1,1,1,1,1,1,1,1,0,1,0,0,1
16.451333625,1,1,1,1,1,1,1,1,1,1,1,0,0,1
16.451344438,1,1,1,1,1,1,1,1,1,1,1,0,1,1
16.451344625,1,1,1,1,1,1,1,1,1,0,1,0,1,1
16.451344813,1,1,1,1,1,1,1,1,1,0,1,1,1,1
16.451394750,1,1,1,1,1,1,1,1,1,0,1,1,0,1
16.451394875,1,1,1,1,1,1,1,1,1,0,1,0,0,1
16.451395625,1,1,1,1,1,1,1,1,1,1,1,0,0,1
16.451405438,1,1,1,1,1,1,1,1,1,1,1,0,1,1
16.451405625,1,1,1,1,1,1,1,1,1,0,1,0,1,1
16.451405812,1,1,1,1,1,1,1,1,1,0,1,1,1,1
16.451451688,1,1,1,1,1,1,1,1,1,0,1,1,0,1
16.451451813,1,1,1,1,1,1,1,1,1,0,1,0,0,1
16.451452437,1,1,1,1,1,1,1,1,1,1,1,0,0,1
16.451462437,1,1,1,1,1,1,1,1,1,1,1,0,1,1
16.451462563,1,1,1,1,1,1,1,1,1,0,1,0,1,1
16.451462750,1,1,1,1,1,1,1,1,1,0,1,1,1,1
16.451508813,1,1,1,1,1,1,1,1,1,0,1,1,0,1
16.451508938,1,1,1,1,1,1,1,1,1,0,1,0,0,1
16.451509625,1,1,1,1,1,1,1,1,1,1,1,0,0,1
16.451519438,1,1,1,1,1,1,1,1,1,1,1,0,1,1
16.451519625,1,1,1,1,1,1,1,1,1,0,1,0,1,1
16.451519812,1,1,1,1,1,1,1,1,1,0,1,1,1,1
16.451566500,1,1,1,1,1,1,1,1,1,0,1,1,0,1
16.451566625,1,1,1,1,1,1,1,1,1,0,1,0,0,1
16.451567188,1,1,1,1,1,1,1,1,1,1,1,0,0,1
16.451577437,1,1,1,1,1,1,1,1,1,1,1,0,1,1
16.451577562,1,1,1,1,1,1,1,1,1,0,1,0,1,1
16.451577750,1,1,1,1,1,1,1,1,1,0,1,1,1,1
16.451625813,1,1,1,1,1,1,1,1,1,0,1,1,0,1
16.451625875,1,1,1,1,1,1,1,1,1,0,1,0,0,1
16.451626625,1,1,1,1,1,1,1,1,1,1,1,0,0,1
16.451636437,1,1,1,1,1,1,1,1,1,1,1,0,1,1
16.451636625,1,1,1,1,1,1,1,1,1,0,1,0,1,1
16.451636750,1,1,1,1,1,1,1,1,1,0,1,1,1,1
16.451682313,1,1,1,1,1,1,1,1,1,0,1,1,0,1
16.451682375,1,1,1,1,1,1,1,1,1,0,1,0,0,1
16.451683000,1,1,1,1,1,1,1,1,1,1,1,0,0,1
16.451693375,1,1,1,1,1,1,1,1,1,1,1,0,1,1
16.451693563,1,1,1,1,1,1,1,1,1,0,1,0,1,1
16.451693750,1,1,1,1,1,1,1,1,1,0,1,1,1,1
16.451740500,1,1,1,1,1,1,1,1,1,0,1,1,0,1
16.451740625,1,1,1,1,1,1,1,1,1,0,1,0,0,1
16.451741375,1,1,1,1,1,1,1,1,1,1,1,0,0,1
16.451751375,1,1,1,1,1,1,1,1,1,1,1,0,1,1
16.451751563,1,1,1,1,1,1,1,1,1,0,1,0,1,1
16.451751750,1,1,1,1,1,1,1,1,1,0,1,1,1,1
16.451797312,1,1,1,1,1,1,1,1,1,0,1,1,0,1
16.451797438,1,1,1,1,1,1,1,1,1,0,1,0,0,1
16.451798187,1,1,1,1,1,1,1,1,1,1,1,0,0,1
16.451808375,1,1,1,1,1,1,1,1,1,1,1,0,1,1
16.451808562,1,1,1,1,1,1,1,1,1,0,1,0,1,1
16.451808750,1,1,1,1,1,1,1,1,1,0,1,1,1,1
16.451857000,1,1,1,1,1,1,1,1,1,0,1,1,0,1
16.451857125,1,1,1,1,1,1,1,1,1,0,1,0,0,1
16.451857750,1,1,1,1,1,1,1,1,1,1,1,0,0,1
16.451867375,1,1,1,1,1,1,1,1,1,1,1,0,1,1
16.451867562,1,1,1,1,1,1,1,1,1,0,1,0,1,1
16.451867687,1,1,1,1,1,1,1,1,1,0,1,1,1,1
16.451913812,1,1,1,1,1,1,1,1,1,0,1,1,0,1
16.451913937,1,1,1,1,1,1,1,1,1,0,1,0,0,1
16.451914563,1,1,1,1,1,1,1,1,1,1,1,0,0,1
16.451924313,1,1,1,1,1,1,1,1,1,1,1,0,1,1
16.451924500,1,1,1,1,1,1,1,1,1,0,1,0,1,1
16.451924688,1,1,1,1,1,1,1,1,1,0,1,1,1,1
16.451972438,1,1,1,1,1,1,1,1,1,0,1,1,0,1
16.451972500,1,1,1,1,1,1,1,1,1,0,1,0,0,1
16.451973187,1,1,1,1,1,1,1,1,1,1,1,0,0,1
16.451983437,1,1,1,1,1,1,1,1,1,1,1,0,1,1
16.451983625,1,1,1,1,1,1,1,1,1,0,1,0,1,1
16.451983812,1,1,1,1,1,1,1,1,1,0,1,1,1,1
16.452030375,1,1,1,1,1,1,1,1,1,0,1,1,0,1
16.452030437,1,1,1,1,1,1,1,1,1,0,1,0,0,1
16.452031188,1,1,1,1,1,1,1,1,1,1,1,0,0,1
16.452041375,1,1,1,1,1,1,1,1,1,1,1,0,1,1
16.452041562,1,1,1,1,1,1,1,1,1,0,1,0,1,1
16.452041687,1,1,1,1,1,1,1,1,1,0,1,1,1,1
16.452087500,1,1,1,1,1,1,1,1,1,0,1,1,0,1
16.452087625,1,1,1,1,1,1,1,1,1,0,1,0,0,1
16.452088375,1,1,1,1,1,1,1,1,1,1,1,0,0,1
16.452098625,1,1,1,1,1,1,1,1,1,1,1,0,1,1
16.452098750,1,1,1,1,1,1,1,1,1,0,1,0,1,1
16.452098938,1,1,1,1,1,1,1,1,1,0,1,1,1,1
16.452144562,1,1,1,1,1,1,1,1,1,0,1,1,0,1
16.452144687,1,1,1,1,1,1,1,1,1,0,1,0,0,1
16.452145375,1,1,1,1,1,1,1,1,1,1,1,0,0,1
16.452279188,1,1,1,1,1,1,1,1,1,1,1,0,1,1
16.452279375,1,1,1,1,1,1,1,1,1,0,1,0,1,1
16.452279562,1,1,1,1,1,1,1,1,1,0,1,1,1,1
16.452348063,1,1,1,1,1,1,1,1,1,0,1,1,0,1
16.452348125,1,1,1,1,1,1,1,1,1,0,1,0,0,1
16.452348750,1,1,1,1,1,1,1,1,1,1,1,0,0,1
16.452360375,1,1,1,1,1,1,1,1,1,1,1,0,1,1
16.452360563,1,1,1,1,1,1,1,1,1,0,1,0,1,1
16.452360750,1,1,1,1,1,1,1,1,1,0,1,1,1,1
16.452411000,1,1,1,1,1,1,1,1,1,0,1,1,0,1
16.452411125,1,1,1,1,1,1,1,1,1,0,1,0,0,1
16.452411750,1,1,1,1,1,1,1,1,1,1,1,0,0,1
16.452422375,1,1,1,1,1,1,1,1,1,1,1,0,1,1
16.452422563,1,1,1,1,1,1,1,1,1,0,1,0,1,1
16.452422750,1,1,1,1,1,1,1,1,1,0,1,1,1,1
16.452471438,1,1,1,1,1,1,1,1,1,0,1,1,0,1
16.452471563,1,1,1,1,1,1,1,1,1,0,1,0,0,1
16.452472312,1,1,1,1,1,1,1,1,1,1,1,0,0,1
16.452482500,1,1,1,1,1,1,1,1,1,1,1,0,1,1
16.452482625,1,1,1,1,1,1,1,1,1,0,1,0,1,1
16.452482813,1,1,1,1,1,1,1,1,1,0,1,1,1,1
16.452529375,1,1,1,1,1,1,1,1,1,0,1,1,0,1
16.452529500,1,1,1,1,1,1,1,1,1,0,1,0,0,1
16.452530125,1,1,1,1,1,1,1,1,1,1,1,0,0,1
16.452540438,1,1,1,1,1,1,1,1,1,1,1,0,1,1
16.452540625,1,1,1,1,1,1,1,1,1,0,1,0,1,1
16.452540813,1,1,1,1,1,1,1,1,1,0,1,1,1,1
16.452586875,1,1,1,1,1,1,1,1,1,0,1,1,0,1
16.452587000,1,1,1,1,1,1,1,1,1,0,1,0,0,1
16.452587687,1,1,1,1,1,1,1,1,1,1,1,0,0,1
16.452597750,1,1,1,1,1,1,1,1,1,1,1,0,1,1
16.452597937,1,1,1,1,1,1,1,1,1,0,1,0,1,1
16.452598063,1,1,1,1,1,1,1,1,1,0,1,1,1,1
16.452644000,1,1,1,1,1,1,1,1,1,0,1,1,0,1
16.452644125,1,1,1,1,1,1,1,1,1,0,1,0,0,1
16.452644938,1,1,1,1,1,1,1,1,1,1,1,0,0,1
16.452655375,1,1,1,1,1,1,1,1,1,1,1,0,1,1
16.452655500,1,1,1,1,1,1,1,1,1,0,1,0,1,1
16.452655687,1,1,1,1,1,1,1,1,1,0,1,1,1,1
16.452702000,1,1,1,1,1,1,1,1,1,0,1,1,0,1
16.452702125,1,1,1,1,1,1,1,1,1,0,1,0,0,1
16.452702875,1,1,1,1,1,1,1,1,1,1,1,0,0,1
16.452712375,1,1,1,1,1,1,1,1,1,1,1,0,1,1
16.452712563,1,1,1,1,1,1,1,1,1,0,1,0,1,1
16.452712688,1,1,1,1,1,1,1,1,1,0,1,1,1,1
16.452759063,1,1,1,1,1,1,1,1,1,0,1,1,0,1
16.452759125,1,1,1,1,1,1,1,1,1,0,1,0,0,1
16.452759875,1,1,1,1,1,1,1,1,1,1,1,0,0,1
16.452770437,1,1,1,1,1,1,1,1,1,1,1,0,1,1
16.452770625,1,1,1,1,1,1,1,1,1,0,1,0,1,1
16.452770812,1,1,1,1,1,1,1,1,1,0,1,1,1,1
16.452816813,1,1,1,1,1,1,1,1,1,0,1,1,0,1
16.452816937,1,1,1,1,1,1,1,1,1,0,1,0,0,1
16.452817688,1,1,1,1,1,1,1,1,1,1,1,0,0,1
16.452827375,1,1,1,1,1,1,1,1,1,1,1,0,1,1
16.452827563,1,1,1,1,1,1,1,1,1,0,1,0,1,1
16.452827688,1,1,1,1,1,1,1,1,1,0,1,1,1,1
16.452890125,1,1,1,1,1,1,1,1,1,0,1,1,0,1
16.452890250,1,1,1,1,1,1,1,1,1,0,1,0,0,1
16.452890938,1,1,1,1,1,1,1,1,1,1,1,0,0,1
16.452901437,1,1,1,1,1,1,1,1,1,1,1,0,1,1
16.452901625,1,1,1,1,1,1,1,1,1,0,1,0,1,1
16.452901750,1,1,1,1,1,1,1,1,1,0,1,1,1,1
16.452948000,1,1,1,1,1,1,1,1,1,0,1,1,0,1
16.452948062,1,1,1,1,1,1,1,1,1,0,1,0,0,1
16.452948688,1,1,1,1,1,1,1,1,1,1,1,0,0,1
16.452958375,1,1,1,1,1,1,1,1,1,1,1,0,1,1
16.452958563,1,1,1,1,1,1,1,1,1,0,1,0,1,1
16.452958688,1,1,1,1,1,1,1,1,1,0,1,1,1,1
16.453008375,1,1,1,1,1,1,1,1,1,0,1,1,0,1
16.453008437,1,1,1,1,1,1,1,1,1,0,1,0,0,1
16.453009063,1,1,1,1,1,1,1,1,1,1,1,0,0,1
16.453019438,1,1,1,1,1,1,1,1,1,1,1,0,1,1
16.453019562,1,1,1,1,1,1,1,1,1,0,1,0,1,1
16.453019750,1,1,1,1,1,1,1,1,1,0,1,1,1,1
16.453066437,1,1,1,1,1,1,1,1,1,0,1,1,0,1
16.453066500,1,1,1,1,1,1,1,1,1,0,1,0,0,1
16.453067250,1,1,1,1,1,1,1,1,1,1,1,0,0,1
16.453077562,1,1,1,1,1,1,1,1,1,1,1,0,1,1
16.453077687,1,1,1,1,1,1,1,1,1,0,1,0,1,1
16.453077875,1,1,1,1,1,1,1,1,1,0,1,1,1,1
16.453125375,1,1,1,1,1,1,1,1,1,0,1,1,0,1
16.453125500,1,1,1,1,1,1,1,1,1,0,1,0,0,1
16.453126063,1,1,1,1,1,1,1,1,1,1,1,0,0,1
16.453136437,1,1,1,1,1,1,1,1,1,1,1,0,1,1
16.453136562,1,1,1,1,1,1,1,1,1,0,1,0,1,1
16.453136687,1,1,1,1,1,1,1,1,1,0,1,1,1,1
16.453183062,1,1,1,1,1,1,1,1,1,0,1,1,0,1
16.453183187,1,1,1,1,1,1,1,1,1,0,1,0,0,1
16.453183875,1,1,1,1,1,1,1,1,1,1,1,0,0,1
16.453193438,1,1,1,1,1,1,1,1,1,1,1,0,1,1
16.453193563,1,1,1,1,1,1,1,1,1,0,1,0,1,1
16.453193750,1,1,1,1,1,1,1,1,1,0,1,1,1,1
16.453401250,1,1,1,1,1,1,1,1,1,0,1,1,0,1
16.453401312,1,1,1,1,1,1,1,1,1,0,1,0,0,1
16.453402063,1,1,1,1,1,1,1,1,1,1,1,0,0,1
16.453414438,1,1,1,1,1,1,1,1,1,1,1,0,1,1
16.453414625,1,1,1,1,1,1,1,1,1,0,1,0,1,1
16.453414813,1,1,1,1,1,1,1,1,1,0,1,1,1,1
16.453467062,1,1,1,1,1,1,1,1,1,0,1,1,0,1
16.453467187,1,1,1,1,1,1,1,1,1,0,1,0,0,1
16.453467813,1,1,1,1,1,1,1,1,1,1,1,0,0,1
16.453480500,1,1,1,1,1,1,1,1,1,1,1,0,1,1
16.453480688,1,1,1,1,1,1,1,1,1,0,1,0,1,1
16.453480875,1,1,1,1,1,1,1,1,1,0,1,1,1,1
16.453527812,1,1,1,1,1,1,1,1,1,0,1,1,0,1
16.453527937,1,1,1,1,1,1,1,1,1,0,1,0,0,1
16.453528625,1,1,1,1,1,1,1,1,1,1,1,0,0,1
16.453538500,1,1,1,1,1,1,1,1,1,1,1,0,1,1
16.453538688,1,1,1,1,1,1,1,1,1,0,1,0,1,1
16.453538750,1,1,1,1,1,1,1,1,1,0,1,1,1,1
16.453584875,1,1,1,1,1,1,1,1,1,0,1,1,0,1
16.453585000,1,1,1,1,1,1,1,1,1,0,1,0,0,1
16.453585625,1,1,1,1,1,1,1,1,1,1,1,0,0,1
16.453597062,1,1,1,1,1,1,1,1,1,1,1,0,1,1
16.453597250,1,1,1,1,1,1,1,1,1,0,1,0,1,1
16.453597438,1,1,1,1,1,1,1,1,1,0,1,1,1,1
16.453644625,1,1,1,1,1,1,1,1,1,0,1,1,0,1
16.453644750,1,1,1,1,1,1,1,1,1,0,1,0,0,1
16.453645438,1,1,1,1,1,1,1,1,1,1,1,0,0,1
16.453655375,1,1,1,1,1,1,1,1,1,1,1,0,1,1
16.453655562,1,1,1,1,1,1,1,1,1,0,1,0,1,1
16.453655750,1,1,1,1,1,1,1,1,1,0,1,1,1,1
16.453701563,1,1,1,1,1,1,1,1,1,0,1,1,0,1
16.453701688,1,1,1,1,1,1,1,1,1,0,1,0,0,1
16.453702437,1,1,1,1,1,1,1,1,1,1,1,0,0,1
16.453712375,1,1,1,1,1,1,1,1,1,1,1,0,1,1
16.453712563,1,1,1,1,1,1,1,1,1,0,1,0,1,1
16.453712688,1,1,1,1,1,1,1,1,1,0,1,1,1,1
16.453758875,1,1,1,1,1,1,1,1,1,0,1,1,0,1
16.453759000,1,1,1,1,1,1,1,1,1,0,1,0,0,1
16.453759563,1,1,1,1,1,1,1,1,1,1,1,0,0,1
16.453769438,1,1,1,1,1,1,1,1,1,1,1,0,1,1
16.453769562,1,1,1,1,1,1,1,1,1,0,1,0,1,1
16.453769750,1,1,1,1,1,1,1,1,1,0,1,1,1,1
16.453816500,1,1,1,1,1,1,1,1,1,0,1,1,0,1
16.453816563,1,1,1,1,1,1,1,1,1,0,1,0,0,1
16.453817188,1,1,1,1,1,1,1,1,1,1,1,0,0,1
16.453827375,1,1,1,1,1,1,1,1,1,1,1,0,1,1
16.453827562,1,1,1,1,1,1,1,1,1,0,1,0,1,1
16.453827750,1,1,1,1,1,1,1,1,1,0,1,1,1,1
16.453875625,1,1,1,1,1,1,1,1,1,0,1,1,0,1
16.453875750,1,1,1,1,1,1,1,1,1,0,1,0,0,1
16.453876375,1,1,1,1,1,1,1,1,1,1,1,0,0,1
16.453886437,1,1,1,1,1,1,1,1,1,1,1,0,1,1
16.453886625,1,1,1,1,1,1,1,1,1,0,1,0,1,1
16.453886812,1,1,1,1,1,1,1,1,1,0,1,1,1,1
16.453932812,1,1,1,1,1,1,1,1,1,0,1,1,0,1
16.453932937,1,1,1,1,1,1,1,1,1,0,1,0,0,1
16.453933625,1,1,1,1,1,1,1,1,1,1,1,0,0,1
16.453943438,1,1,1,1,1,1,1,1,1,1,1,0,1,1
16.453943625,1,1,1,1,1,1,1,1,1,0,1,0,1,1
16.453943813,1,1,1,1,1,1,1,1,1,0,1,1,1,1
16.453990000,1,1,1,1,1,1,1,1,1,0,1,1,0,1
16.453990125,1,1,1,1,1,1,1,1,1,0,1,0,0,1
16.453990812,1,1,1,1,1,1,1,1,1,1,1,0,0,1
16.454000437,1,1,1,1,1,1,1,1,1,1,1,0,1,1
16.454000562,1,1,1,1,1,1,1,1,1,0,1,0,1,1
16.454000750,1,1,1,1,1,1,1,1,1,0,1,1,1,1
16.454046625,1,1,1,1,1,1,1,1,1,0,1,1,0,1
16.454046750,1,1,1,1,1,1,1,1,1,0,1,0,0,1
16.454047375,1,1,1,1,1,1,1,1,1,1,1,0,0,1
16.454057375,1,1,1,1,1,1,1,1,1,1,1,0,1,1
16.454057563,1,1,1,1,1,1,1,1,1,0,1,0,1,1
16.454057750,1,1,1,1,1,1,1,1,1,0,1,1,1,1
16.454105062,1,1,1,1,1,1,1,1,1,0,1,1,0,1
16.454105188,1,1,1,1,1,1,1,1,1,0,1,0,0,1
16.454105750,1,1,1,1,1,1,1,1,1,1,1,0,0,1
16.454115438,1,1,1,1,1,1,1,1,1,1,1,0,1,1
16.454115563,1,1,1,1,1,1,1,1,1,0,1,0,1,1
16.454115750,1,1,1,1,1,1,1,1,1,0,1,1,1,1
16.454161187,1,1,1,1,1,1,1,1,1,0,1,1,0,1
16.454161312,1,1,1,1,1,1,1,1,1,0,1,0,0,1
16.454161938,1,1,1,1,1,1,1,1,1,1,1,0,0,1
16.454171438,1,1,1,1,1,1,1,1,1,1,1,0,1,1
16.454171625,1,1,1,1,1,1,1,1,1,0,1,0,1,1
16.454171813,1,1,1,1,1,1,1,1,1,0,1,1,1,1
16.454217437,1,1,1,1,1,1,1,1,1,0,1,1,0,1
16.454217562,1,1,1,1,1,1,1,1,1,0,1,0,0,1
16.454218188,1,1,1,1,1,1,1,1,1,1,1,0,0,1
16.454230500,1,1,1,1,1,1,1,1,1,1,1,0,1,1
16.454230688,1,1,1,1,1,1,1,1,1,0,1,0,1,1
16.454230875,1,1,1,1,1,1,1,1,1,0,1,1,1,1
16.454406000,1,1,1,1,1,1,1,1,1,0,1,1,0,1
16.454406125,1,1,1,1,1,1,1,1,1,0,1,0,0,1
16.454406750,1,1,1,1,1,1,1,1,1,1,1,0,0,1
16.454422812,1,1,1,1,1,1,1,1,1,1,1,0,1,1
16.454423000,1,1,1,1,1,1,1,1,1,0,1,0,1,1
16.454423125,1,1,1,1,1,1,1,1,1,0,1,1,1,1
16.454489000,1,1,1,1,1,1,1,1,1,0,1,1,0,1
16.454489125,1,1,1,1,1,1,1,1,1,0,1,0,0,1
16.454489750,1,1,1,1,1,1,1,1,1,1,1,0,0,1
16.454500563,1,1,1,1,1,1,1,1,1,1,1,0,1,1
16.454500750,1,1,1,1,1,1,1,1,1,0,1,0,1,1
16.454500938,1,1,1,1,1,1,1,1,1,0,1,1,1,1
16.454550313,1,1,1,1,1,1,1,1,1,0,1,1,0,1
16.454550437,1,1,1,1,1,1,1,1,1,0,1,0,0,1
16.454551125,1,1,1,1,1,1,1,1,1,1,1,0,0,1
16.454561438,1,1,1,1,1,1,1,1,1,1,1,0,1,1
16.454561625,1,1,1,1,1,1,1,1,1,0,1,0,1,1
16.454561812,1,1,1,1,1,1,1,1,1,0,1,1,1,1
16.454609438,1,1,1,1,1,1,1,1,1,0,1,1,0,1
16.454609562,1,1,1,1,1,1,1,1,1,0,1,0,0,1
16.454610125,1,1,1,1,1,1,1,1,1,1,1,0,0,1
16.454620438,1,1,1,1,1,1,1,1,1,1,1,0,1,1
16.454620625,1,1,1,1,1,1,1,1,1,0,1,0,1,1
16.454620812,1,1,1,1,1,1,1,1,1,0,1,1,1,1
16.454666875,1,1,1,1,1,1,1,1,1,0,1,1,0,1
16.454667000,1,1,1,1,1,1,1,1,1,0,1,0,0,1
16.454667750,1,1,1,1,1,1,1,1,1,1,1,0,0,1
16.454677437,1,1,1,1,1,1,1,1,1,1,1,0,1,1
16.454677625,1,1,1,1,1,1,1,1,1,0,1,0,1,1
16.454677813,1,1,1,1,1,1,1,1,1,0,1,1,1,1
16.454725625,1,1,1,1,1,1,1,1,1,0,1,1,0,1
16.454725688,1,1,1,1,1,1,1,1,1,0,1,0,0,1
16.454726313,1,1,1,1,1,1,1,1,1,1,1,0,0,1
16.454736437,1,1,1,1,1,1,1,1,1,1,1,0,1,1
16.454736625,1,1,1,1,1,1,1,1,1,0,1,0,1,1
16.454736812,1,1,1,1,1,1,1,1,1,0,1,1,1,1
16.454782563,1,1,1,1,1,1,1,1,1,0,1,1,0,1
16.454782687,1,1,1,1,1,1,1,1,1,0,1,0,0,1
16.454783312,1,1,1,1,1,1,1,1,1,1,1,0,0,1
16.454793500,1,1,1,1,1,1,1,1,1,1,1,0,1,1
16.454793688,1,1,1,1,1,1,1,1,1,0,1,0,1,1
16.454793813,1,1,1,1,1,1,1,1,1,0,1,1,1,1
16.454839000,1,1,1,1,1,1,1,1,1,0,1,1,0,1
16.454839062,1,1,1,1,1,1,1,1,1,0,1,0,0,1
16.454839688,1,1,1,1,1,1,1,1,1,1,1,0,0,1
16.454849688,1,1,1,1,1,1,1,1,1,1,1,0,1,1
16.454849875,1,1,1,1,1,1,1,1,1,0,1,0,1,1
16.454850000,1,1,1,1,1,1,1,1,1,0,1,1,1,1
16.454895938,1,1,1,1,1,1,1,1,1,0,1,1,0,1
16.454896063,1,1,1,1,1,1,1,1,1,0,1,0,0,1
16.454896687,1,1,1,1,1,1,1,1,1,1,1,0,0,1
16.454906438,1,1,1,1,1,1,1,1,1,1,1,0,1,1
16.454906625,1,1,1,1,1,1,1,1,1,0,1,0,1,1
16.454906750,1,1,1,1,1,1,1,1,1,0,1,1,1,1
16.454951812,1,1,1,1,1,1,1,1,1,0,1,1,0,1
16.454951875,1,1,1,1,1,1,1,1,1,0,1,0,0,1
16.454952500,1,1,1,1,1,1,1,1,1,1,1,0,0,1
16.454962438,1,1,1,1,1,1,1,1,1,1,1,0,1,1
16.454962625,1,1,1,1,1,1,1,1,1,0,1,0,1,1
16.454962812,1,1,1,1,1,1,1,1,1,0,1,1,1,1
16.455009437,1,1,1,1,1,1,1,1,1,0,1,1,0,1
16.455009500,1,1,1,1,1,1,1,1,1,0,1,0,0,1
16.455010313,1,1,1,1,1,1,1,1,1,1,1,0,0,1
16.455020375,1,1,1,1,1,1,1,1,1,1,1,0,1,1
16.455020562,1,1,1,1,1,1,1,1,1,0,1,0,1,1
16.455020687,1,1,1,1,1,1,1,1,1,0,1,1,1,1
16.455066563,1,1,1,1,1,1,1,1,1,0,1,1,0,1
16.455066688,1,1,1,1,1,1,1,1,1,0,1,0,0,1
16.455067312,1,1,1,1,1,1,1,1,1,1,1,0,0,1
16.455077438,1,1,1,1,1,1,1,1,1,1,1,0,1,1
16.455077625,1,1,1,1,1,1,1,1,1,0,1,0,1,1
16.455077750,1,1,1,1,1,1,1,1,1,0,1,1,1,1
16.455126375,1,1,1,1,1,1,1,1,1,0,1,1,0,1
16.455126500,1,1,1,1,1,1,1,1,1,0,1,0,0,1
16.455127250,1,1,1,1,1,1,1,1,1,1,1,0,0,1
16.455137437,1,1,1,1,1,1,1,1,1,1,1,0,1,1
16.455137625,1,1,1,1,1,1,1,1,1,0,1,0,1,1
16.455137812,1,1,1,1,1,1,1,1,1,0,1,1,1,1
16.455183000,1,1,1,1,1,1,1,1,1,0,1,1,0,1
16.455183125,1,1,1,1,1,1,1,1,1,0,1,0,0,1
16.455183875,1,1,1,1,1,1,1,1,1,1,1,0,0,1
16.455193438,1,1,1,1,1,1,1,1,1,1,1,0,1,1
16.455193625,1,1,1,1,1,1,1,1,1,0,1,0,1,1
16.455193812,1,1,1,1,1,1,1,1,1,0,1,1,1,1
16.455238438,1,1,1,1,1,1,1,1,1,0,1,1,0,1
16.455238562,1,1,1,1,1,1,1,1,1,0,1,0,0,1
16.455239250,1,1,1,1,1,1,1,1,1,1,1,0,0,1
16.455249500,1,1,1,1,1,1,1,1,1,1,1,0,1,1
16.455249688,1,1,1,1,1,1,1,1,1,0,1,0,1,1
16.455249812,1,1,1,1,1,1,1,1,1,0,1,1,1,1
16.455295187,1,1,1,1,1,1,1,1,1,0,1,1,0,1
16.455295312,1,1,1,1,1,1,1,1,1,0,1,0,0,1
16.455296063,1,1,1,1,1,1,1,1,1,1,1,0,0,1
16.455306562,1,1,1,1,1,1,1,1,1,1,1,0,1,1
16.455306687,1,1,1,1,1,1,1,1,1,0,1,0,1,1
16.455306875,1,1,1,1,1,1,1,1,1,0,1,1,1,1
16.455477625,1,1,1,1,1,1,1,1,1,0,1,1,0,1
16.455477750,1,1,1,1,1,1,1,1,1,0,1,0,0,1
16.455478437,1,1,1,1,1,1,1,1,1,1,1,0,0,1
16.455492563,1,1,1,1,1,1,1,1,1,1,1,0,1,1
16.455492750,1,1,1,1,1,1,1,1,1,0,1,0,1,1
16.455492875,1,1,1,1,1,1,1,1,1,0,1,1,1,1
16.455546125,1,1,1,1,1,1,1,1,1,0,1,1,0,1
16.455546250,1,1,1,1,1,1,1,1,1,0,1,0,0,1
16.455546812,1,1,1,1,1,1,1,1,1,1,1,0,0,1
16.455557500,1,1,1,1,1,1,1,1,1,1,1,0,1,1
16.455557688,1,1,1,1,1,1,1,1,1,0,1,0,1,1
16.455557813,1,1,1,1,1,1,1,1,1,0,1,1,1,1
16.455607750,1,1,1,1,1,1,1,1,1,0,1,1,0,1
16.455607875,1,1,1,1,1,1,1,1,1,0,1,0,0,1
16.455608625,1,1,1,1,1,1,1,1,1,1,1,0,0,1
16.455618438,1,1,1,1,1,1,1,1,1,1,1,0,1,1
16.455618625,1,1,1,1,1,1,1,1,1,0,1,0,1,1
16.455618750,1,1,1,1,1,1,1,1,1,0,1,1,1,1
16.455664688,1,1,1,1,1,1,1,1,1,0,1,1,0,1
16.455664813,1,1,1,1,1,1,1,1,1,0,1,0,0,1
16.455665437,1,1,1,1,1,1,1,1,1,1,1,0,0,1
16.455675500,1,1,1,1,1,1,1,1,1,1,1,0,1,1
16.455675688,1,1,1,1,1,1,1,1,1,0,1,0,1,1
16.455675813,1,1,1,1,1,1,1,1,1,0,1,1,1,1
16.455722188,1,1,1,1,1,1,1,1,1,0,1,1,0,1
16.455722313,1,1,1,1,1,1,1,1,1,0,1,0,0,1
16.455723000,1,1,1,1,1,1,1,1,1,1,1,0,0,1
16.455732438,1,1,1,1,1,1,1,1,1,1,1,0,1,1
16.455732562,1,1,1,1,1,1,1,1,1,0,1,0,1,1
16.455732750,1,1,1,1,1,1,1,1,1,0,1,1,1,1
16.455779125,1,1,1,1,1,1,1,1,1,0,1,1,0,1
16.455779250,1,1,1,1,1,1,1,1,1,0,1,0,0,1
16.455780000,1,1,1,1,1,1,1,1,1,1,1,0,0,1
16.455789437,1,1,1,1,1,1,1,1,1,1,1,0,1,1
16.455789625,1,1,1,1,1,1,1,1,1,0,1,0,1,1
16.455789813,1,1,1,1,1,1,1,1,1,0,1,1,1,1
16.455834500,1,1,1,1,1,1,1,1,1,0,1,1,0,1
16.455834625,1,1,1,1,1,1,1,1,1,0,1,0,0,1
16.455835187,1,1,1,1,1,1,1,1,1,1,1,0,0,1
16.455847000,1,1,1,1,1,1,1,1,1,1,1,0,1,1
16.455847188,1,1,1,1,1,1,1,1,1,0,1,0,1,1
16.455847313,1,1,1,1,1,1,1,1,1,0,1,1,1,1
16.456178375,1,1,1,1,1,1,1,1,1,0,1,1,0,1
16.456178500,1,1,1,1,1,1,1,1,1,0,1,0,0,1
16.456179187,1,1,1,1,1,1,1,1,1,1,1,0,0,1
16.456195562,1,1,1,1,1,1,1,1,1,1,1,0,1,1
16.456195750,1,1,1,1,1,1,1,1,1,0,1,0,1,1
16.456195875,1,1,1,1,1,1,1,1,1,0,1,1,1,1
16.456262375,1,1,1,1,1,1,1,1,1,0,1,1,0,1
16.456262500,1,1,1,1,1,1,1,1,1,0,1,0,0,1
16.456263187,1,1,1,1,1,1,1,1,1,1,1,0,0,1
16.456274500,1,1,1,1,1,1,1,1,1,1,1,0,1,1
16.456274687,1,1,1,1,1,1,1,1,1,0,1,0,1,1
16.456274875,1,1,1,1,1,1,1,1,1,0,1,1,1,1
16.456323438,1,1,1,1,1,1,1,1,1,0,1,1,0,1
16.456323500,1,1,1,1,1,1,1,1,1,0,1,0,0,1
16.456324188,1,1,1,1,1,1,1,1,1,1,1,0,0,1
16.456334438,1,1,1,1,1,1,1,1,1,1,1,0,1,1
16.456334625,1,1,1,1,1,1,1,1,1,0,1,0,1,1
16.456334812,1,1,1,1,1,1,1,1,1,0,1,1,1,1
16.456563125,1,1,1,1,1,1,1,1,1,0,1,1,0,1
16.456563250,1,1,1,1,1,1,1,1,1,0,1,0,0,1
16.456563938,1,1,1,1,1,1,1,1,1,1,1,0,0,1
16.456579063,1,1,1,1,1,1,1,1,1,1,1,0,1,1
16.456579188,1,1,1,1,1,1,1,1,1,0,1,0,1,1
16.456579375,1,1,1,1,1,1,1,1,1,0,1,1,1,1
16.456647687,1,1,1,1,1,1,1,1,1,0,1,1,0,1
16.456647813,1,1,1,1,1,1,1,1,1,0,1,0,0,1
16.456648562,1,1,1,1,1,1,1,1,1,1,1,0,0,1
16.456660437,1,1,1,1,1,1,1,1,1,1,1,0,1,1
16.456660625,1,1,1,1,1,1,1,1,1,0,1,0,1,1
16.456660813,1,1,1,1,1,1,1,1,1,0,1,1,1,1
16.456710375,1,1,1,1,1,1,1,1,1,0,1,1,0,1
16.456710500,1,1,1,1,1,1,1,1,1,0,1,0,0,1
16.456711125,1,1,1,1,1,1,1,1,1,1,1,0,0,1
16.456775375,1,1,1,1,1,1,1,1,1,1,1,0,1,1
16.456775562,1,1,1,1,1,1,1,1,1,0,1,0,1,1
16.456775750,1,1,1,1,1,1,1,1,1,0,1,1,1,1
16.456833500,1,1,1,1,1,1,1,1,1,0,1,1,0,1
16.456833625,1,1,1,1,1,1,1,1,1,0,1,0,0,1
16.456834312,1,1,1,1,1,1,1,1,1,1,1,0,0,1
16.456881813,1,1,1,1,1,1,1,1,1,1,1,0,1,1
16.456882000,1,1,1,1,1,1,1,1,1,0,1,0,1,1
16.456882125,1,1,1,1,1,1,1,1,1,0,1,1,1,1
16.456939062,1,1,1,1,1,1,1,1,1,0,1,1,0,1
16.456939188,1,1,1,1,1,1,1,1,1,0,1,0,0,1
16.456939937,1,1,1,1,1,1,1,1,1,1,1,0,0,1
16.456950500,1,1,1,1,1,1,1,1,1,1,1,0,1,1
16.456950688,1,1,1,1,1,1,1,1,1,0,1,0,1,1
16.456950875,1,1,1,1,1,1,1,1,1,0,1,1,1,1
16.456977688,1,1,1,1,1,1,1,1,1,0,1,1,1,0
16.457003437,1,1,1,1,1,1,1,1,1,0,1,1,0,0
16.457003562,1,1,1,1,1,1,1,1,1,0,1,0,0,0
16.457004313,1,1,1,1,1,1,1,1,1,1,1,0,0,0
16.457014437,1,1,1,1,1,1,1,1,1,1,1,0,1,0
16.457014625,1,1,1,1,1,1,1,1,1,0,1,0,1,0
16.457014750,1,1,1,1,1,1,1,1,1,0,1,1,1,0
16.457014875,1,1,1,1,1,1,1,1,1,0,1,1,1,1
16.457548125,1,1,1,1,1,1,1,1,1,0,0,1,1,1
16.457548312,1,1,1,1,1,1,1,1,1,1,0,1,1,1
16.457550562,0,1,0,1,1,1,0,1,1,1,0,1,1,1
16.457576062,0,1,0,1,1,1,1,1,1,1,0,1,1,1
16.457576125,0,0,0,0,0,1,0,1,1,1,0,1,1,1
16.457636687,0,0,0,0,0,1,0,1,1,0,0,1,1,1
16.457636812,0,0,0,0,0,1,0,1,1,0,0,1,0,1
16.457642938,0,0,0,0,0,1,0,1,1,0,0,0,0,1
16.457677687,0,0,0,0,0,1,0,1,1,1,0,0,0,1
16.457677875,0,0,0,0,0,1,0,1,1,1,0,0,1,1
16.457681562,0,0,0,0,0,1,0,1,1,0,0,0,1,1
16.457683375,0,0,0,0,0,1,0,1,1,0,0,1,1,1
16.460076437,0,1,0,1,1,1,1,1,1,0,0,1,1,1
16.460076500,0,1,0,1,1,0,1,1,1,0,0,1,1,1
16.460079312,0,1,0,1,1,0,1,1,1,0,0,1,0,1
16.460085188,0,1,0,1,1,0,1,1,1,0,0,0,0,1
16.460122625,0,1,0,1,1,0,1,1,1,1,0,0,0,1
16.460122750,0,1,0,1,1,0,1,1,1,1,0,0,1,1
16.460127187,0,1,0,1,1,0,1,1,1,0,0,0,1,1
16.460129375,0,1,0,1,1,0,1,1,1,0,0,1,1,1
16.481259875,1,1,1,1,1,1,1,1,1,0,0,1,1,1
16.481260000,1,1,1,1,1,1,1,1,1,0,1,1,1,1
16.481266687,1,1,1,1,1,1,1,1,1,0,0,1,1,1
16.481266750,0,1,0,1,1,0,1,1,1,0,0,1,1,1
16.481398875,1,1,1,1,1,0,1,1,1,0,0,1,1,1
16.481398937,1,1,0,1,0,1,1,1,1,0,0,1,1,1
16.481401750,1,1,0,1,0,1,1,1,1,0,0,1,0,1
16.481405250,1,1,0,1,0,1,1,1,1,0,0,0,0,1
16.481458562,1,1,0,1,0,1,1,1,1,1,0,0,0,1
16.481458750,1,1,0,1,0,1,1,1,1,1,0,0,1,1
16.481462562,1,1,0,1,0,1,1,1,1,0,0,0,1,1
16.481464500,1,1,0,1,0,1,1,1,1,0,0,1,1,1
17.017650625,1,0,0,1,1,0,1,1,1,0,0,1,1,1
17.017653500,1,0,0,1,1,0,1,1,1,0,0,1,0,1
17.017659188,1,0,0,1,1,0,1,1,1,0,0,0,0,1
17.017718188,1,0,0,1,1,0,1,1,1,1,0,0,0,1
17.017718313,1,0,0,1,1,0,1,1,1,1,0,0,1,1
17.017722500,1,0,0,1,1,0,1,1,1,0,0,0,1,1
17.017724438,1,0,0,1,1,0,1,1,1,0,0,1,1,1
17.018819938,1,0,0,1,1,0,1,1,1,0,1,1,1,1
17.018849813,0,1,1,1,1,1,1,1,1,0,1,1,1,1
17.018852938,0,1,1,1,1,1,1,1,1,0,1,1,0,1
17.018857063,0,1,1,1,1,1,1,1,1,0,1,0,0,1
17.018892687,0,1,1,1,1,1,1,1,1,1,1,0,0,1
17.018892812,0,1,1,1,1,1,1,1,1,1,1,0,1,1
17.018893438,1,1,1,1,1,1,1,1,1,1,1,0,1,1
17.018896563,1,1,1,1,1,1,1,1,1,0,1,0,1,1
17.018898500,1,1,1,1,1,1,1,1,1,0,1,1,1,1
17.018898687,1,1,1,1,1,1,1,1,1,0,1,1,0,1
17.019041188,1,1,1,1,1,1,1,1,1,0,1,0,0,1
17.019073375,1,1,1,1,1,1,1,1,1,1,1,0,0,1
17.019073500,1,1,1,1,1,1,1,1,1,1,1,0,1,1
17.019078625,1,1,1,1,1,1,1,1,1,0,1,0,1,1
17.019080688,1,1,1,1,1,1,1,1,1,0,1,1,1,1
17.019080875,1,1,1,1,1,1,1,1,1,0,1,1,0,1
17.019085250,1,1,1,1,1,1,1,1,1,0,1,0,0,1
17.019106562,1,1,1,1,1,1,1,1,1,1,1,0,0,1
17.019106687,1,1,1,1,1,1,1,1,1,1,1,0,1,1
17.019110438,1,1,1,1,1,1,1,1,1,0,1,0,1,1
17.019111688,1,1,1,1,1,1,1,1,1,0,1,1,1,1
17.019111875,1,1,1,1,1,1,1,1,1,0,1,1,0,1
17.019115500,1,1,1,1,1,1,1,1,1,0,1,0,0,1
17.019133062,1,1,1,1,1,1,1,1,1,1,1,0,0,1
17.019133187,1,1,1,1,1,1,1,1,1,1,1,0,1,1
17.019136250,1,1,1,1,1,1,1,1,1,0,1,0,1,1
17.019137562,1,1,1,1,1,1,1,1,1,0,1,1,1,1
17.019137750,1,1,1,1,1,1,1,1,1,0,1,1,0,1
17.019141000,1,1,1,1,1,1,1,1,1,0,1,0,0,1
17.019156938,1,1,1,1,1,1,1,1,1,1,1,0,0,1
17.019157125,1,1,1,1,1,1,1,1,1,1,1,0,1,1
17.019160125,1,1,1,1,1,1,1,1,1,0,1,0,1,1
17.019161375,1,1,1,1,1,1,1,1,1,0,1,1,1,1
17.019161562,1,1,1,1,1,1,1,1,1,0,1,1,0,1
17.019164875,1,1,1,1,1,1,1,1,1,0,1,0,0,1
17.019180813,1,1,1,1,1,1,1,1,1,1,1,0,0,1
17.019181000,1,1,1,1,1,1,1,1,1,1,1,0,1,1
17.019183875,1,1,1,1,1,1,1,1,1,0,1,0,1,1
17.019185125,1,1,1,1,1,1,1,1,1,0,1,1,1,1
17.019185312,1,1,1,1,1,1,1,1,1,0,1,1,0,1
17.019188500,1,1,1,1,1,1,1,1,1,0,1,0,0,1
17.019203562,1,1,1,1,1,1,1,1,1,1,1,0,0,1
17.019203687,1,1,1,1,1,1,1,1,1,1,1,0,1,1
17.019204375,1,1,0,1,1,1,1,1,1,1,1,0,1,1
17.019204438,1,1,0,1,0,0,1,1,1,1,1,0,1,1
17.019206625,1,1,0,1,0,0,1,1,1,0,1,0,1,1
17.019207875,1,1,0,1,0,0,1,1,1,0,1,1,1,1
17.019208062,1,1,0,1,0,0,1,1,1,0,1,1,0,1
17.019211375,1,1,0,1,0,0,1,1,1,0,1,0,0,1
17.019226312,1,1,0,1,0,0,1,1,1,1,1,0,0,1
17.019226500,1,1,0,1,0,0,1,1,1,1,1,0,1,1
17.019227188,1,1,1,1,1,1,1,1,1,1,1,0,1,1
17.019231313,1,1,1,1,1,1,1,1,1,0,1,0,1,1
17.019232563,1,1,1,1,1,1,1,1,1,0,1,1,1,1
17.019232750,1,1,1,1,1,1,1,1,1,0,1,1,0,1
17.019235937,1,1,1,1,1,1,1,1,1,0,1,0,0,1
17.019251938,1,1,1,1,1,1,1,1,1,1,1,0,0,1
17.019252125,1,1,1,1,1,1,1,1,1,1,1,0,1,1
17.019254938,1,1,1,1,1,1,1,1,1,0,1,0,1,1
17.019256250,1,1,1,1,1,1,1,1,1,0,1,1,1,1
17.020317563,1,1,1,1,1,1,1,1,1,0,1,1,1,0
17.020320438,1,1,1,1,1,1,1,1,1,0,1,1,0,0
17.020325125,1,1,1,1,1,1,1,1,1,0,1,0,0,0
17.020333375,1,1,1,1,1,1,1,1,1,0,0,0,0,0
17.020333437,1,1,1,1,1,1,1,1,1,0,0,0,0,1
17.020333625,1,1,1,1,1,1,1,1,1,0,0,0,1,1
17.020356625,0,0,0,0,0,0,1,1,1,0,0,0,1,1
17.020358063,0,0,0,0,0,0,1,1,1,1,0,0,1,1
17.020362875,0,0,0,0,0,0,1,1,1,0,0,0,1,1
17.020364625,0,0,0,0,0,0,1,1,1,0,0,1,1,1
17.020364812,0,0,0,0,0,0,1,1,1,0,0,1,0,1
17.020370062,0,0,0,0,0,0,1,1,1,0,0,0,0,1
17.020389375,0,0,0,0,0,0,1,1,1,1,0,0,0,1
17.020389563,0,0,0,0,0,0,1,1,1,1,0,0,1,1
17.020392687,0,0,0,0,0,0,1,1,1,0,0,0,1,1
17.020394125,0,0,0,0,0,0,1,1,1,0,0,1,1,1
17.022202375,1,0,0,1,1,1,0,1,1,0,0,1,1,1
17.022205250,1,0,0,1,1,1,0,1,1,0,0,1,0,1
17.022210125,1,0,0,1,1,1,0,1,1,0,0,0,0,1
17.022251437,1,0,0,1,1,1,0,1,1,1,0,0,0,1
17.022251625,1,0,0,1,1,1,0,1,1,1,0,0,1,1
17.022255750,1,0,0,1,1,1,0,1,1,0,0,0,1,1
17.022257312,1,0,0,1,1,1,0,1,1,0,0,1,1,1
17.023380688,1,0,0,1,1,1,0,1,1,0,1,1,1,1
17.023380750,1,1,1,1,1,1,1,1,1,0,1,0,1,1
17.023380938,1,1,1,1,1,1,1,1,1,0,1,1,1,1
22.121850625,1,1,1,1,1,1,1,1,1,0,1,0,1,1
22.121851500,1,1,1,1,1,1,1,1,1,0,1,1,1,1
22.122267375,1,1,1,1,1,1,1,1,1,0,1,0,1,1
22.122268250,1,1,1,1,1,1,1,1,1,0,1,1,1,1
22.122271375,1,1,1,1,1,1,1,1,1,0,1,0,1,1
22.122272250,1,1,1,1,1,1,1,1,1,0,1,1,1,1
22.122275375,1,1,1,1,1,1,1,1,1,0,1,0,1,1
22.122276250,1,1,1,1,1,1,1,1,1,0,1,1,1,1
22.122279375,1,1,1,1,1,1,1,1,1,0,1,0,1,1
22.122280250,1,1,1,1,1,1,1,1,1,0,1,1,1,1
22.122283813,1,1,1,1,1,1,1,1,1,0,1,0,1,1
22.122284625,1,1,1,1,1,1,1,1,1,0,1,1,1,1
22.122288000,1,1,1,1,1,1,1,1,1,0,1,0,1,1
22.122288812,1,1,1,1,1,1,1,1,1,0,1,1,1,1
22.122292188,1,1,1,1,1,1,1,1,1,0,1,0,1,1
22.122293062,1,1,1,1,1,1,1,1,1,0,1,1,1,1
22.122296563,1,1,1,1,1,1,1,1,1,0,1,0,1,1
22.122297437,1,1,1,1,1,1,1,1,1,0,1,1,1,1
22.122300813,1,1,1,1,1,1,1,1,1,0,1,0,1,1
22.122301625,1,1,1,1,1,1,1,1,1,0,1,1,1,1
22.122305000,1,1,1,1,1,1,1,1,1,0,1,0,1,1
22.122305812,1,1,1,1,1,1,1,1,1,0,1,1,1,1
22.122309000,1,1,1,1,1,1,1,1,1,0,1,0,1,1
22.122309812,1,1,1,1,1,1,1,1,1,0,1,1,1,1
22.122313000,1,1,1,1,1,1,1,1,1,0,1,0,1,1
22.122313812,1,1,1,1,1,1,1,1,1,0,1,1,1,1
22.122317000,1,1,1,1,1,1,1,1,1,0,1,0,1,1
22.122317813,1,1,1,1,1,1,1,1,1,0,1,1,1,1
22.122321000,1,1,1,1,1,1,1,1,1,0,1,0,1,1
22.122321813,1,1,1,1,1,1,1,1,1,0,1,1,1,1
22.122325000,1,1,1,1,1,1,1,1,1,0,1,0,1,1
22.122325813,1,1,1,1,1,1,1,1,1,0,1,1,1,1
22.122329000,1,1,1,1,1,1,1,1,1,0,1,0,1,1
22.122329812,1,1,1,1,1,1,1,1,1,0,1,1,1,1
22.122333000,1,1,1,1,1,1,1,1,1,0,1,0,1,1
22.122333812,1,1,1,1,1,1,1,1,1,0,1,1,1,1
22.122337000,1,1,1,1,1,1,1,1,1,0,1,0,1,1
22.122337812,1,1,1,1,1,1,1,1,1,0,1,1,1,1
22.122341375,1,1,1,1,1,1,1,1,1,0,1,0,1,1
22.122342250,1,1,1,1,1,1,1,1,1,0,1,1,1,1
22.122345563,1,1,1,1,1,1,1,1,1,0,1,0,1,1
22.122346437,1,1,1,1,1,1,1,1,1,0,1,1,1,1
22.122349813,1,1,1,1,1,1,1,1,1,0,1,0,1,1
22.122350625,1,1,1,1,1,1,1,1,1,0,1,1,1,1
22.122354188,1,1,1,1,1,1,1,1,1,0,1,0,1,1
22.122355062,1,1,1,1,1,1,1,1,1,0,1,1,1,1
22.122358375,1,1,1,1,1,1,1,1,1,0,1,0,1,1
22.122359250,1,1,1,1,1,1,1,1,1,0,1,1,1,1
22.122362563,1,1,1,1,1,1,1,1,1,0,1,0,1,1
22.122363437,1,1,1,1,1,1,1,1,1,0,1,1,1,1
22.122367000,1,1,1,1,1,1,1,1,1,0,1,0,1,1
22.122367812,1,1,1,1,1,1,1,1,1,0,1,1,1,1
22.122371000,1,1,1,1,1,1,1,1,1,0,1,0,1,1
22.122371812,1,1,1,1,1,1,1,1,1,0,1,1,1,1
22.122375000,1,1,1,1,1,1,1,1,1,0,1,0,1,1
22.122375812,1,1,1,1,1,1,1,1,1,0,1,1,1,1
22.122379000,1,1,1,1,1,1,1,1,1,0,1,0,1,1
22.122379813,1,1,1,1,1,1,1,1,1,0,1,1,1,1
22.122383000,1,1,1,1,1,1,1,1,1,0,1,0,1,1
22.122383813,1,1,1,1,1,1,1,1,1,0,1,1,1,1
22.122387000,1,1,1,1,1,1,1,1,1,0,1,0,1,1
22.122387813,1,1,1,1,1,1,1,1,1,0,1,1,1,1
22.122391000,1,1,1,1,1,1,1,1,1,0,1,0,1,1
22.122391812,1,1,1,1,1,1,1,1,1,0,1,1,1,1
22.122395000,1,1,1,1,1,1,1,1,1,0,1,0,1,1
22.122395812,1,1,1,1,1,1,1,1,1,0,1,1,1,1
22.122399000,1,1,1,1,1,1,1,1,1,0,1,0,1,1
22.122399812,1,1,1,1,1,1,1,1,1,0,1,1,1,1
22.122403188,1,1,1,1,1,1,1,1,1,0,1,0,1,1
22.122404000,1,1,1,1,1,1,1,1,1,0,1,1,1,1
22.122407375,1,1,1,1,1,1,1,1,1,0,1,0,1,1
22.122408250,1,1,1,1,1,1,1,1,1,0,1,1,1,1
22.122411750,1,1,1,1,1,1,1,1,1,0,1,0,1,1
22.122412625,1,1,1,1,1,1,1,1,1,0,1,1,1,1
22.122416000,1,1,1,1,1,1,1,1,1,0,1,0,1,1
22.122416812,1,1,1,1,1,1,1,1,1,0,1,1,1,1
22.122420188,1,1,1,1,1,1,1,1,1,0,1,0,1,1
22.122421000,1,1,1,1,1,1,1,1,1,0,1,1,1,1
22.122424563,1,1,1,1,1,1,1,1,1,0,1,0,1,1
22.122425437,1,1,1,1,1,1,1,1,1,0,1,1,1,1
22.122428750,1,1,1,1,1,1,1,1,1,0,1,0,1,1
22.122429625,1,1,1,1,1,1,1,1,1,0,1,1,1,1
22.122432750,1,1,1,1,1,1,1,1,1,0,1,0,1,1
22.122433625,1,1,1,1,1,1,1,1,1,0,1,1,1,1
22.122436750,1,1,1,1,1,1,1,1,1,0,1,0,1,1
22.122437625,1,1,1,1,1,1,1,1,1,0,1,1,1,1
22.122440750,1,1,1,1,1,1,1,1,1,0,1,0,1,1
22.122441625,1,1,1,1,1,1,1,1,1,0,1,1,1,1
22.122444750,1,1,1,1,1,1,1,1,1,0,1,0,1,1
22.122445625,1,1,1,1,1,1,1,1,1,0,1,1,1,1
22.122448750,1,1,1,1,1,1,1,1,1,0,1,0,1,1
22.122449625,1,1,1,1,1,1,1,1,1,0,1,1,1,1
22.122452750,1,1,1,1,1,1,1,1,1,0,1,0,1,1
22.122453625,1,1,1,1,1,1,1,1,1,0,1,1,1,1
22.122456750,1,1,1,1,1,1,1,1,1,0,1,0,1,1
22.122457625,1,1,1,1,1,1,1,1,1,0,1,1,1,1
22.122460750,1,1,1,1,1,1,1,1,1,0,1,0,1,1
22.122461625,1,1,1,1,1,1,1,1,1,0,1,1,1,1
22.122465000,1,1,1,1,1,1,1,1,1,0,1,0,1,1
22.122465812,1,1,1,1,1,1,1,1,1,0,1,1,1,1
22.122469375,1,1,1,1,1,1,1,1,1,0,1,0,1,1
22.122470250,1,1,1,1,1,1,1,1,1,0,1,1,1,1
22.122473563,1,1,1,1,1,1,1,1,1,0,1,0,1,1
22.122474437,1,1,1,1,1,1,1,1,1,0,1,1,1,1
22.122494688,1,1,1,1,1,1,1,1,1,0,1,0,1,1
22.122495250,1,1,1,1,1,1,1,1,1,0,1,1,1,1
22.122511500,1,1,1,1,1,1,1,1,1,0,1,0,1,1
22.122512000,1,1,1,1,1,1,1,1,1,0,1,1,1,1
22.122528688,1,1,1,1,1,1,1,1,1,0,1,0,1,1
22.122529250,1,1,1,1,1,1,1,1,1,0,1,1,1,1
22.122545875,1,1,1,1,1,1,1,1,1,0,1,0,1,1
22.122546437,1,1,1,1,1,1,1,1,1,0,1,1,1,1
22.122562875,1,1,1,1,1,1,1,1,1,0,1,0,1,1
22.122563437,1,1,1,1,1,1,1,1,1,0,1,1,1,1
22.122579688,1,1,1,1,1,1,1,1,1,0,1,0,1,1
22.122580250,1,1,1,1,1,1,1,1,1,0,1,1,1,1
22.122597062,1,1,1,1,1,1,1,1,1,0,1,0,1,1
22.122597625,1,1,1,1,1,1,1,1,1,0,1,1,1,1
22.122614062,1,1,1,1,1,1,1,1,1,0,1,0,1,1
22.122614625,1,1,1,1,1,1,1,1,1,0,1,1,1,1
22.122630875,1,1,1,1,1,1,1,1,1,0,1,0,1,1
22.122631438,1,1,1,1,1,1,1,1,1,0,1,1,1,1
22.122647687,1,1,1,1,1,1,1,1,1,0,1,0,1,1
22.122648188,1,1,1,1,1,1,1,1,1,0,1,1,1,1
22.122664437,1,1,1,1,1,1,1,1,1,0,1,0,1,1
22.122665000,1,1,1,1,1,1,1,1,1,0,1,1,1,1
22.122681250,1,1,1,1,1,1,1,1,1,0,1,0,1,1
22.122681813,1,1,1,1,1,1,1,1,1,0,1,1,1,1
22.122698062,1,1,1,1,1,1,1,1,1,0,1,0,1,1
22.122698625,1,1,1,1,1,1,1,1,1,0,1,1,1,1
22.122715437,1,1,1,1,1,1,1,1,1,0,1,0,1,1
22.122716000,1,1,1,1,1,1,1,1,1,0,1,1,1,1
22.122732438,1,1,1,1,1,1,1,1,1,0,1,0,1,1
22.122733000,1,1,1,1,1,1,1,1,1,0,1,1,1,1
22.122749250,1,1,1,1,1,1,1,1,1,0,1,0,1,1
22.122749813,1,1,1,1,1,1,1,1,1,0,1,1,1,1
22.122766625,1,1,1,1,1,1,1,1,1,0,1,0,1,1
22.122767187,1,1,1,1,1,1,1,1,1,0,1,1,1,1
22.122783625,1,1,1,1,1,1,1,1,1,0,1,0,1,1
22.122784187,1,1,1,1,1,1,1,1,1,0,1,1,1,1
22.122800625,1,1,1,1,1,1,1,1,1,0,1,0,1,1
22.122801187,1,1,1,1,1,1,1,1,1,0,1,1,1,1
22.122817438,1,1,1,1,1,1,1,1,1,0,1,0,1,1
22.122818000,1,1,1,1,1,1,1,1,1,0,1,1,1,1
22.122834812,1,1,1,1,1,1,1,1,1,0,1,0,1,1
22.122835375,1,1,1,1,1,1,1,1,1,0,1,1,1,1
22.122851812,1,1,1,1,1,1,1,1,1,0,1,0,1,1
22.122852375,1,1,1,1,1,1,1,1,1,0,1,1,1,1
22.122868625,1,1,1,1,1,1,1,1,1,0,1,0,1,1
22.122869188,1,1,1,1,1,1,1,1,1,0,1,1,1,1
22.122885437,1,1,1,1,1,1,1,1,1,0,1,0,1,1
22.122886000,1,1,1,1,1,1,1,1,1,0,1,1,1,1
22.122902250,1,1,1,1,1,1,1,1,1,0,1,0,1,1
22.122902813,1,1,1,1,1,1,1,1,1,0,1,1,1,1
22.122919062,1,1,1,1,1,1,1,1,1,0,1,0,1,1
22.122919563,1,1,1,1,1,1,1,1,1,0,1,1,1,1
22.122936250,1,1,1,1,1,1,1,1,1,0,1,0,1,1
22.122936813,1,1,1,1,1,1,1,1,1,0,1,1,1,1
22.122953000,1,1,1,1,1,1,1,1,1,0,1,0,1,1
22.122953625,1,1,1,1,1,1,1,1,1,0,1,1,1,1
22.122970250,1,1,1,1,1,1,1,1,1,0,1,0,1,1
22.122970813,1,1,1,1,1,1,1,1,1,0,1,1,1,1
22.122987438,1,1,1,1,1,1,1,1,1,0,1,0,1,1
22.122988000,1,1,1,1,1,1,1,1,1,0,1,1,1,1
22.123004250,1,1,1,1,1,1,1,1,1,0,1,0,1,1
22.123004812,1,1,1,1,1,1,1,1,1,0,1,1,1,1
22.123021438,1,1,1,1,1,1,1,1,1,0,1,0,1,1
22.123022000,1,1,1,1,1,1,1,1,1,0,1,1,1,1
22.123038625,1,1,1,1,1,1,1,1,1,0,1,0,1,1
22.123039188,1,1,1,1,1,1,1,1,1,0,1,1,1,1
22.123055625,1,1,1,1,1,1,1,1,1,0,1,0,1,1
22.123056188,1,1,1,1,1,1,1,1,1,0,1,1,1,1
22.123072437,1,1,1,1,1,1,1,1,1,0,1,0,1,1
22.123073000,1,1,1,1,1,1,1,1,1,0,1,1,1,1
22.123089813,1,1,1,1,1,1,1,1,1,0,1,0,1,1
22.123090375,1,1,1,1,1,1,1,1,1,0,1,1,1,1
22.123106813,1,1,1,1,1,1,1,1,1,0,1,0,1,1
22.123107375,1,1,1,1,1,1,1,1,1,0,1,1,1,1
22.123123813,1,1,1,1,1,1,1,1,1,0,1,0,1,1
22.123124312,1,1,1,1,1,1,1,1,1,0,1,1,1,1
22.123140625,1,1,1,1,1,1,1,1,1,0,1,0,1,1
22.123141187,1,1,1,1,1,1,1,1,1,0,1,1,1,1
22.123157438,1,1,1,1,1,1,1,1,1,0,1,0,1,1
22.123157938,1,1,1,1,1,1,1,1,1,0,1,1,1,1
22.123174187,1,1,1,1,1,1,1,1,1,0,1,0,1,1
22.123174750,1,1,1,1,1,1,1,1,1,0,1,1,1,1
22.123191000,1,1,1,1,1,1,1,1,1,0,1,0,1,1
22.123191563,1,1,1,1,1,1,1,1,1,0,1,1,1,1
22.123208188,1,1,1,1,1,1,1,1,1,0,1,0,1,1
22.123208750,1,1,1,1,1,1,1,1,1,0,1,1,1,1
22.123225188,1,1,1,1,1,1,1,1,1,0,1,0,1,1
22.123225750,1,1,1,1,1,1,1,1,1,0,1,1,1,1
22.123242000,1,1,1,1,1,1,1,1,1,0,1,0,1,1
22.123242562,1,1,1,1,1,1,1,1,1,0,1,1,1,1
22.123259375,1,1,1,1,1,1,1,1,1,0,1,0,1,1
22.123259937,1,1,1,1,1,1,1,1,1,0,1,1,1,1
22.123276375,1,1,1,1,1,1,1,1,1,0,1,0,1,1
22.123276937,1,1,1,1,1,1,1,1,1,0,1,1,1,1
22.123293375,1,1,1,1,1,1,1,1,1,0,1,0,1,1
22.123293938,1,1,1,1,1,1,1,1,1,0,1,1,1,1
22.123310187,1,1,1,1,1,1,1,1,1,0,1,0,1,1
22.123310750,1,1,1,1,1,1,1,1,1,0,1,1,1,1
22.123327625,1,1,1,1,1,1,1,1,1,0,1,0,1,1
22.123328125,1,1,1,1,1,1,1,1,1,0,1,1,1,1
22.123344563,1,1,1,1,1,1,1,1,1,0,1,0,1,1
22.123345188,1,1,1,1,1,1,1,1,1,0,1,1,1,1
22.123361813,1,1,1,1,1,1,1,1,1,0,1,0,1,1
22.123362375,1,1,1,1,1,1,1,1,1,0,1,1,1,1
22.123378563,1,1,1,1,1,1,1,1,1,0,1,0,1,1
22.123379125,1,1,1,1,1,1,1,1,1,0,1,1,1,1
22.123395813,1,1,1,1,1,1,1,1,1,0,1,0,1,1
22.123396312,1,1,1,1,1,1,1,1,1,0,1,1,1,1
22.123413000,1,1,1,1,1,1,1,1,1,0,1,0,1,1
22.123413563,1,1,1,1,1,1,1,1,1,0,1,1,1,1
22.123429812,1,1,1,1,1,1,1,1,1,0,1,0,1,1
22.123430312,1,1,1,1,1,1,1,1,1,0,1,1,1,1
22.123447000,1,1,1,1,1,1,1,1,1,0,1,0,1,1
22.123447563,1,1,1,1,1,1,1,1,1,0,1,1,1,1
22.123464188,1,1,1,1,1,1,1,1,1,0,1,0,1,1
22.123464750,1,1,1,1,1,1,1,1,1,0,1,1,1,1
22.123481188,1,1,1,1,1,1,1,1,1,0,1,0,1,1
22.123481750,1,1,1,1,1,1,1,1,1,0,1,1,1,1
22.123498000,1,1,1,1,1,1,1,1,1,0,1,0,1,1
22.123498563,1,1,1,1,1,1,1,1,1,0,1,1,1,1
22.123515375,1,1,1,1,1,1,1,1,1,0,1,0,1,1
22.123515937,1,1,1,1,1,1,1,1,1,0,1,1,1,1
22.123532375,1,1,1,1,1,1,1,1,1,0,1,0,1,1
22.123532937,1,1,1,1,1,1,1,1,1,0,1,1,1,1
22.123533000,1,1,1,1,1,1,1,1,1,0,1,0,1,1
22.123533063,1,1,1,1,1,1,1,1,1,0,1,1,1,1
22.123549188,1,1,1,1,1,1,1,1,1,0,1,0,1,1
22.123549750,1,1,1,1,1,1,1,1,1,0,1,1,1,1
22.123566000,1,1,1,1,1,1,1,1,1,0,1,0,1,1
22.123566562,1,1,1,1,1,1,1,1,1,0,1,1,1,1
22.123583562,1,1,1,1,1,1,1,1,1,0,1,0,1,1
22.123584125,1,1,1,1,1,1,1,1,1,0,1,1,1,1
22.123600562,1,1,1,1,1,1,1,1,1,0,1,0,1,1
22.123601125,1,1,1,1,1,1,1,1,1,0,1,1,1,1
22.123617375,1,1,1,1,1,1,1,1,1,0,1,0,1,1
22.123617938,1,1,1,1,1,1,1,1,1,0,1,1,1,1
22.123634750,1,1,1,1,1,1,1,1,1,0,1,0,1,1
22.123635312,1,1,1,1,1,1,1,1,1,0,1,1,1,1
22.123651750,1,1,1,1,1,1,1,1,1,0,1,0,1,1
22.123652312,1,1,1,1,1,1,1,1,1,0,1,1,1,1
22.123668937,1,1,1,1,1,1,1,1,1,0,1,0,1,1
22.123669500,1,1,1,1,1,1,1,1,1,0,1,1,1,1
22.123685750,1,1,1,1,1,1,1,1,1,0,1,0,1,1
22.123686312,1,1,1,1,1,1,1,1,1,0,1,1,1,1
22.123702937,1,1,1,1,1,1,1,1,1,0,1,0,1,1
22.123703500,1,1,1,1,1,1,1,1,1,0,1,1,1,1
22.123720187,1,1,1,1,1,1,1,1,1,0,1,0,1,1
22.123720688,1,1,1,1,1,1,1,1,1,0,1,1,1,1
22.123736937,1,1,1,1,1,1,1,1,1,0,1,0,1,1
22.123737500,1,1,1,1,1,1,1,1,1,0,1,1,1,1
22.123754125,1,1,1,1,1,1,1,1,1,0,1,0,1,1
22.123754687,1,1,1,1,1,1,1,1,1,0,1,1,1,1
22.123771375,1,1,1,1,1,1,1,1,1,0,1,0,1,1
22.123771875,1,1,1,1,1,1,1,1,1,0,1,1,1,1
22.123788375,1,1,1,1,1,1,1,1,1,0,1,0,1,1
22.123788937,1,1,1,1,1,1,1,1,1,0,1,1,1,1
22.123805125,1,1,1,1,1,1,1,1,1,0,1,0,1,1
22.123805687,1,1,1,1,1,1,1,1,1,0,1,1,1,1
22.123822562,1,1,1,1,1,1,1,1,1,0,1,0,1,1
22.123823125,1,1,1,1,1,1,1,1,1,0,1,1,1,1
22.123839562,1,1,1,1,1,1,1,1,1,0,1,0,1,1
22.123840125,1,1,1,1,1,1,1,1,1,0,1,1,1,1
22.123856562,1,1,1,1,1,1,1,1,1,0,1,0,1,1
22.123857125,1,1,1,1,1,1,1,1,1,0,1,1,1,1
22.123873312,1,1,1,1,1,1,1,1,1,0,1,0,1,1
22.123873875,1,1,1,1,1,1,1,1,1,0,1,1,1,1
22.123890750,1,1,1,1,1,1,1,1,1,0,1,0,1,1
22.123891312,1,1,1,1,1,1,1,1,1,0,1,1,1,1
22.123907750,1,1,1,1,1,1,1,1,1,0,1,0,1,1
22.123908312,1,1,1,1,1,1,1,1,1,0,1,1,1,1
22.123924563,1,1,1,1,1,1,1,1,1,0,1,0,1,1
22.123925125,1,1,1,1,1,1,1,1,1,0,1,1,1,1
22.123941313,1,1,1,1,1,1,1,1,1,0,1,0,1,1
22.123941875,1,1,1,1,1,1,1,1,1,0,1,1,1,1
22.123958125,1,1,1,1,1,1,1,1,1,0,1,0,1,1
22.123958688,1,1,1,1,1,1,1,1,1,0,1,1,1,1
22.123974938,1,1,1,1,1,1,1,1,1,0,1,0,1,1
22.123975500,1,1,1,1,1,1,1,1,1,0,1,1,1,1
22.123991750,1,1,1,1,1,1,1,1,1,0,1,0,1,1
22.123992313,1,1,1,1,1,1,1,1,1,0,1,1,1,1
22.124008500,1,1,1,1,1,1,1,1,1,0,1,0,1,1
22.124009063,1,1,1,1,1,1,1,1,1,0,1,1,1,1
22.124025312,1,1,1,1,1,1,1,1,1,0,1,0,1,1
22.124025875,1,1,1,1,1,1,1,1,1,0,1,1,1,1
22.124042125,1,1,1,1,1,1,1,1,1,0,1,0,1,1
22.124042688,1,1,1,1,1,1,1,1,1,0,1,1,1,1
22.124058937,1,1,1,1,1,1,1,1,1,0,1,0,1,1
22.124059500,1,1,1,1,1,1,1,1,1,0,1,1,1,1
22.124076313,1,1,1,1,1,1,1,1,1,0,1,0,1,1
22.124076875,1,1,1,1,1,1,1,1,1,0,1,1,1,1
22.124093313,1,1,1,1,1,1,1,1,1,0,1,0,1,1
22.124093875,1,1,1,1,1,1,1,1,1,0,1,1,1,1
22.124110125,1,1,1,1,1,1,1,1,1,0,1,0,1,1
22.124110687,1,1,1,1,1,1,1,1,1,0,1,1,1,1
22.124126938,1,1,1,1,1,1,1,1,1,0,1,0,1,1
22.124127500,1,1,1,1,1,1,1,1,1,0,1,1,1,1
22.124143687,1,1,1,1,1,1,1,1,1,0,1,0,1,1
22.124144250,1,1,1,1,1,1,1,1,1,0,1,1,1,1
22.124160500,1,1,1,1,1,1,1,1,1,0,1,0,1,1
22.124161063,1,1,1,1,1,1,1,1,1,0,1,1,1,1
22.124177312,1,1,1,1,1,1,1,1,1,0,1,0,1,1
22.124177875,1,1,1,1,1,1,1,1,1,0,1,1,1,1
22.124194125,1,1,1,1,1,1,1,1,1,0,1,0,1,1
22.124194688,1,1,1,1,1,1,1,1,1,0,1,1,1,1
22.124210937,1,1,1,1,1,1,1,1,1,0,1,0,1,1
22.124211438,1,1,1,1,1,1,1,1,1,0,1,1,1,1
22.124227687,1,1,1,1,1,1,1,1,1,0,1,0,1,1
22.124228313,1,1,1,1,1,1,1,1,1,0,1,1,1,1
22.124244500,1,1,1,1,1,1,1,1,1,0,1,0,1,1
22.124245062,1,1,1,1,1,1,1,1,1,0,1,1,1,1
22.124261937,1,1,1,1,1,1,1,1,1,0,1,0,1,1
22.124262500,1,1,1,1,1,1,1,1,1,0,1,1,1,1
22.124278875,1,1,1,1,1,1,1,1,1,0,1,0,1,1
22.124279438,1,1,1,1,1,1,1,1,1,0,1,1,1,1
22.124295687,1,1,1,1,1,1,1,1,1,0,1,0,1,1
22.124296250,1,1,1,1,1,1,1,1,1,0,1,1,1,1
22.124312500,1,1,1,1,1,1,1,1,1,0,1,0,1,1
22.124313063,1,1,1,1,1,1,1,1,1,0,1,1,1,1
22.124329312,1,1,1,1,1,1,1,1,1,0,1,0,1,1
22.124329875,1,1,1,1,1,1,1,1,1,0,1,1,1,1
22.124346125,1,1,1,1,1,1,1,1,1,0,1,0,1,1
22.124346625,1,1,1,1,1,1,1,1,1,0,1,1,1,1
22.124362875,1,1,1,1,1,1,1,1,1,0,1,0,1,1
22.124363438,1,1,1,1,1,1,1,1,1,0,1,1,1,1
22.124379687,1,1,1,1,1,1,1,1,1,0,1,0,1,1
22.124380250,1,1,1,1,1,1,1,1,1,0,1,1,1,1
22.124396500,1,1,1,1,1,1,1,1,1,0,1,0,1,1
22.124397063,1,1,1,1,1,1,1,1,1,0,1,1,1,1
22.124413312,1,1,1,1,1,1,1,1,1,0,1,0,1,1
22.124413875,1,1,1,1,1,1,1,1,1,0,1,1,1,1
22.124430063,1,1,1,1,1,1,1,1,1,0,1,0,1,1
22.124430625,1,1,1,1,1,1,1,1,1,0,1,1,1,1
22.124447500,1,1,1,1,1,1,1,1,1,0,1,0,1,1
22.124448063,1,1,1,1,1,1,1,1,1,0,1,1,1,1
22.124464500,1,1,1,1,1,1,1,1,1,0,1,0,1,1
22.124465063,1,1,1,1,1,1,1,1,1,0,1,1,1,1
22.124481312,1,1,1,1,1,1,1,1,1,0,1,0,1,1
22.124481813,1,1,1,1,1,1,1,1,1,0,1,1,1,1
22.124498062,1,1,1,1,1,1,1,1,1,0,1,0,1,1
22.124498625,1,1,1,1,1,1,1,1,1,0,1,1,1,1
22.124514875,1,1,1,1,1,1,1,1,1,0,1,0,1,1
22.124515438,1,1,1,1,1,1,1,1,1,0,1,1,1,1
22.124531687,1,1,1,1,1,1,1,1,1,0,1,0,1,1
22.124532250,1,1,1,1,1,1,1,1,1,0,1,1,1,1
22.124548500,1,1,1,1,1,1,1,1,1,0,1,0,1,1
22.124549063,1,1,1,1,1,1,1,1,1,0,1,1,1,1
22.124565250,1,1,1,1,1,1,1,1,1,0,1,0,1,1
22.124565812,1,1,1,1,1,1,1,1,1,0,1,1,1,1
22.124582063,1,1,1,1,1,1,1,1,1,0,1,0,1,1
22.124582625,1,1,1,1,1,1,1,1,1,0,1,1,1,1
22.124598875,1,1,1,1,1,1,1,1,1,0,1,0,1,1
22.124599437,1,1,1,1,1,1,1,1,1,0,1,1,1,1
22.124615688,1,1,1,1,1,1,1,1,1,0,1,0,1,1
22.124616250,1,1,1,1,1,1,1,1,1,0,1,1,1,1
22.124633063,1,1,1,1,1,1,1,1,1,0,1,0,1,1
22.124633625,1,1,1,1,1,1,1,1,1,0,1,1,1,1
22.124650062,1,1,1,1,1,1,1,1,1,0,1,0,1,1
22.124650625,1,1,1,1,1,1,1,1,1,0,1,1,1,1
22.124666875,1,1,1,1,1,1,1,1,1,0,1,0,1,1
22.124667438,1,1,1,1,1,1,1,1,1,0,1,1,1,1
22.124683687,1,1,1,1,1,1,1,1,1,0,1,0,1,1
22.124684250,1,1,1,1,1,1,1,1,1,0,1,1,1,1
22.124700437,1,1,1,1,1,1,1,1,1,0,1,0,1,1
22.124701000,1,1,1,1,1,1,1,1,1,0,1,1,1,1
22.124717250,1,1,1,1,1,1,1,1,1,0,1,0,1,1
22.124717812,1,1,1,1,1,1,1,1,1,0,1,1,1,1
22.124734062,1,1,1,1,1,1,1,1,1,0,1,0,1,1
22.124734625,1,1,1,1,1,1,1,1,1,0,1,1,1,1
22.124750875,1,1,1,1,1,1,1,1,1,0,1,0,1,1
22.124751437,1,1,1,1,1,1,1,1,1,0,1,1,1,1
22.124767688,1,1,1,1,1,1,1,1,1,0,1,0,1,1
22.124768187,1,1,1,1,1,1,1,1,1,0,1,1,1,1
22.124784438,1,1,1,1,1,1,1,1,1,0,1,0,1,1
22.124785000,1,1,1,1,1,1,1,1,1,0,1,1,1,1
22.124801250,1,1,1,1,1,1,1,1,1,0,1,0,1,1
22.124801812,1,1,1,1,1,1,1,1,1,0,1,1,1,1
22.124818625,1,1,1,1,1,1,1,1,1,0,1,0,1,1
22.124819188,1,1,1,1,1,1,1,1,1,0,1,1,1,1
22.124835625,1,1,1,1,1,1,1,1,1,0,1,0,1,1
22.124836188,1,1,1,1,1,1,1,1,1,0,1,1,1,1
22.124852437,1,1,1,1,1,1,1,1,1,0,1,0,1,1
22.124853000,1,1,1,1,1,1,1,1,1,0,1,1,1,1
22.124869250,1,1,1,1,1,1,1,1,1,0,1,0,1,1
22.124869812,1,1,1,1,1,1,1,1,1,0,1,1,1,1
22.124886062,1,1,1,1,1,1,1,1,1,0,1,0,1,1
22.124886625,1,1,1,1,1,1,1,1,1,0,1,1,1,1
22.124902875,1,1,1,1,1,1,1,1,1,0,1,0,1,1
22.124903375,1,1,1,1,1,1,1,1,1,0,1,1,1,1
22.124919625,1,1,1,1,1,1,1,1,1,0,1,0,1,1
22.124920187,1,1,1,1,1,1,1,1,1,0,1,1,1,1
22.124936438,1,1,1,1,1,1,1,1,1,0,1,0,1,1
22.124937000,1,1,1,1,1,1,1,1,1,0,1,1,1,1
22.124953250,1,1,1,1,1,1,1,1,1,0,1,0,1,1
22.124953812,1,1,1,1,1,1,1,1,1,0,1,1,1,1
22.124970063,1,1,1,1,1,1,1,1,1,0,1,0,1,1
22.124970625,1,1,1,1,1,1,1,1,1,0,1,1,1,1
22.124986813,1,1,1,1,1,1,1,1,1,0,1,0,1,1
22.124987375,1,1,1,1,1,1,1,1,1,0,1,1,1,1
22.125004250,1,1,1,1,1,1,1,1,1,0,1,0,1,1
22.125004812,1,1,1,1,1,1,1,1,1,0,1,1,1,1
22.125021250,1,1,1,1,1,1,1,1,1,0,1,0,1,1
22.125021813,1,1,1,1,1,1,1,1,1,0,1,1,1,1
22.125038062,1,1,1,1,1,1,1,1,1,0,1,0,1,1
22.125038562,1,1,1,1,1,1,1,1,1,0,1,1,1,1
22.125054813,1,1,1,1,1,1,1,1,1,0,1,0,1,1
22.125055375,1,1,1,1,1,1,1,1,1,0,1,1,1,1
22.125071625,1,1,1,1,1,1,1,1,1,0,1,0,1,1
22.125072187,1,1,1,1,1,1,1,1,1,0,1,1,1,1
22.125088438,1,1,1,1,1,1,1,1,1,0,1,0,1,1
22.125089000,1,1,1,1,1,1,1,1,1,0,1,1,1,1
22.125105250,1,1,1,1,1,1,1,1,1,0,1,0,1,1
22.125105812,1,1,1,1,1,1,1,1,1,0,1,1,1,1
22.125122000,1,1,1,1,1,1,1,1,1,0,1,0,1,1
22.125122562,1,1,1,1,1,1,1,1,1,0,1,1,1,1
22.125138813,1,1,1,1,1,1,1,1,1,0,1,0,1,1
22.125139375,1,1,1,1,1,1,1,1,1,0,1,1,1,1
22.125155625,1,1,1,1,1,1,1,1,1,0,1,0,1,1
22.125156188,1,1,1,1,1,1,1,1,1,0,1,1,1,1
22.125172438,1,1,1,1,1,1,1,1,1,0,1,0,1,1
22.125173000,1,1,1,1,1,1,1,1,1,0,1,1,1,1
22.125189813,1,1,1,1,1,1,1,1,1,0,1,0,1,1
22.125190375,1,1,1,1,1,1,1,1,1,0,1,1,1,1
22.125206813,1,1,1,1,1,1,1,1,1,0,1,0,1,1
22.125207375,1,1,1,1,1,1,1,1,1,0,1,1,1,1
22.125223625,1,1,1,1,1,1,1,1,1,0,1,0,1,1
22.125224187,1,1,1,1,1,1,1,1,1,0,1,1,1,1
22.125240438,1,1,1,1,1,1,1,1,1,0,1,0,1,1
22.125240937,1,1,1,1,1,1,1,1,1,0,1,1,1,1
22.125257188,1,1,1,1,1,1,1,1,1,0,1,0,1,1
22.125257750,1,1,1,1,1,1,1,1,1,0,1,1,1,1
22.125274000,1,1,1,1,1,1,1,1,1,0,1,0,1,1
22.125274562,1,1,1,1,1,1,1,1,1,0,1,1,1,1
22.125290813,1,1,1,1,1,1,1,1,1,0,1,0,1,1
22.125291375,1,1,1,1,1,1,1,1,1,0,1,1,1,1
22.125307625,1,1,1,1,1,1,1,1,1,0,1,0,1,1
22.125308187,1,1,1,1,1,1,1,1,1,0,1,1,1,1
22.125324375,1,1,1,1,1,1,1,1,1,0,1,0,1,1
22.125324938,1,1,1,1,1,1,1,1,1,0,1,1,1,1
22.125341187,1,1,1,1,1,1,1,1,1,0,1,0,1,1
22.125341750,1,1,1,1,1,1,1,1,1,0,1,1,1,1
22.125358000,1,1,1,1,1,1,1,1,1,0,1,0,1,1
22.125358563,1,1,1,1,1,1,1,1,1,0,1,1,1,1
22.125375375,1,1,1,1,1,1,1,1,1,0,1,0,1,1
22.125375937,1,1,1,1,1,1,1,1,1,0,1,1,1,1
22.125392375,1,1,1,1,1,1,1,1,1,0,1,0,1,1
22.125392937,1,1,1,1,1,1,1,1,1,0,1,1,1,1
22.125409188,1,1,1,1,1,1,1,1,1,0,1,0,1,1
22.125409750,1,1,1,1,1,1,1,1,1,0,1,1,1,1
22.125426000,1,1,1,1,1,1,1,1,1,0,1,0,1,1
22.125426562,1,1,1,1,1,1,1,1,1,0,1,1,1,1
22.125442813,1,1,1,1,1,1,1,1,1,0,1,0,1,1
22.125443375,1,1,1,1,1,1,1,1,1,0,1,1,1,1
22.125459563,1,1,1,1,1,1,1,1,1,0,1,0,1,1
22.125460125,1,1,1,1,1,1,1,1,1,0,1,1,1,1
22.125476375,1,1,1,1,1,1,1,1,1,0,1,0,1,1
22.125476938,1,1,1,1,1,1,1,1,1,0,1,1,1,1
22.125493187,1,1,1,1,1,1,1,1,1,0,1,0,1,1
22.125493750,1,1,1,1,1,1,1,1,1,0,1,1,1,1
22.125510000,1,1,1,1,1,1,1,1,1,0,1,0,1,1
22.125510563,1,1,1,1,1,1,1,1,1,0,1,1,1,1
22.125526812,1,1,1,1,1,1,1,1,1,0,1,0,1,1
22.125527375,1,1,1,1,1,1,1,1,1,0,1,1,1,1
22.125543562,1,1,1,1,1,1,1,1,1,0,1,0,1,1
22.125544125,1,1,1,1,1,1,1,1,1,0,1,1,1,1
22.125561000,1,1,1,1,1,1,1,1,1,0,1,0,1,1
22.125561562,1,1,1,1,1,1,1,1,1,0,1,1,1,1
22.125578000,1,1,1,1,1,1,1,1,1,0,1,0,1,1
22.125578562,1,1,1,1,1,1,1,1,1,0,1,1,1,1
22.125594750,1,1,1,1,1,1,1,1,1,0,1,0,1,1
22.125595312,1,1,1,1,1,1,1,1,1,0,1,1,1,1
22.125611563,1,1,1,1,1,1,1,1,1,0,1,0,1,1
22.125612125,1,1,1,1,1,1,1,1,1,0,1,1,1,1
22.125628375,1,1,1,1,1,1,1,1,1,0,1,0,1,1
22.125628938,1,1,1,1,1,1,1,1,1,0,1,1,1,1
22.125645188,1,1,1,1,1,1,1,1,1,0,1,0,1,1
22.125645750,1,1,1,1,1,1,1,1,1,0,1,1,1,1
22.125662000,1,1,1,1,1,1,1,1,1,0,1,0,1,1
22.125662500,1,1,1,1,1,1,1,1,1,0,1,1,1,1
22.125678750,1,1,1,1,1,1,1,1,1,0,1,0,1,1
22.125679313,1,1,1,1,1,1,1,1,1,0,1,1,1,1
22.125695562,1,1,1,1,1,1,1,1,1,0,1,0,1,1
22.125696125,1,1,1,1,1,1,1,1,1,0,1,1,1,1
22.125712375,1,1,1,1,1,1,1,1,1,0,1,0,1,1
22.125712938,1,1,1,1,1,1,1,1,1,0,1,1,1,1
22.125729187,1,1,1,1,1,1,1,1,1,0,1,0,1,1
22.125729750,1,1,1,1,1,1,1,1,1,0,1,1,1,1
22.125746563,1,1,1,1,1,1,1,1,1,0,1,0,1,1
22.125747125,1,1,1,1,1,1,1,1,1,0,1,1,1,1
22.125763563,1,1,1,1,1,1,1,1,1,0,1,0,1,1
22.125764125,1,1,1,1,1,1,1,1,1,0,1,1,1,1
22.125780375,1,1,1,1,1,1,1,1,1,0,1,0,1,1
22.125780938,1,1,1,1,1,1,1,1,1,0,1,1,1,1
22.125797188,1,1,1,1,1,1,1,1,1,0,1,0,1,1
22.125797750,1,1,1,1,1,1,1,1,1,0,1,1,1,1
22.125813937,1,1,1,1,1,1,1,1,1,0,1,0,1,1
22.125814500,1,1,1,1,1,1,1,1,1,0,1,1,1,1
22.125830750,1,1,1,1,1,1,1,1,1,0,1,0,1,1
22.125831313,1,1,1,1,1,1,1,1,1,0,1,1,1,1
22.125847562,1,1,1,1,1,1,1,1,1,0,1,0,1,1
22.125848125,1,1,1,1,1,1,1,1,1,0,1,1,1,1
22.125864375,1,1,1,1,1,1,1,1,1,0,1,0,1,1
22.125864938,1,1,1,1,1,1,1,1,1,0,1,1,1,1
22.125881125,1,1,1,1,1,1,1,1,1,0,1,0,1,1
22.125881688,1,1,1,1,1,1,1,1,1,0,1,1,1,1
22.125897937,1,1,1,1,1,1,1,1,1,0,1,0,1,1
22.125898500,1,1,1,1,1,1,1,1,1,0,1,1,1,1
22.125914750,1,1,1,1,1,1,1,1,1,0,1,0,1,1
22.125915312,1,1,1,1,1,1,1,1,1,0,1,1,1,1
22.125932125,1,1,1,1,1,1,1,1,1,0,1,0,1,1
22.125932688,1,1,1,1,1,1,1,1,1,0,1,1,1,1
22.125949125,1,1,1,1,1,1,1,1,1,0,1,0,1,1
22.125949688,1,1,1,1,1,1,1,1,1,0,1,1,1,1
22.125965937,1,1,1,1,1,1,1,1,1,0,1,0,1,1
22.125966500,1,1,1,1,1,1,1,1,1,0,1,1,1,1
22.125982750,1,1,1,1,1,1,1,1,1,0,1,0,1,1
22.125983313,1,1,1,1,1,1,1,1,1,0,1,1,1,1
22.125999562,1,1,1,1,1,1,1,1,1,0,1,0,1,1
22.126000125,1,1,1,1,1,1,1,1,1,0,1,1,1,1
22.126016312,1,1,1,1,1,1,1,1,1,0,1,0,1,1
22.126016875,1,1,1,1,1,1,1,1,1,0,1,1,1,1
22.126033125,1,1,1,1,1,1,1,1,1,0,1,0,1,1
22.126033688,1,1,1,1,1,1,1,1,1,0,1,1,1,1
22.126049937,1,1,1,1,1,1,1,1,1,0,1,0,1,1
22.126050500,1,1,1,1,1,1,1,1,1,0,1,1,1,1
22.126066750,1,1,1,1,1,1,1,1,1,0,1,0,1,1
22.126067312,1,1,1,1,1,1,1,1,1,0,1,1,1,1
22.126083562,1,1,1,1,1,1,1,1,1,0,1,0,1,1
22.126084062,1,1,1,1,1,1,1,1,1,0,1,1,1,1
22.126100313,1,1,1,1,1,1,1,1,1,0,1,0,1,1
22.126100875,1,1,1,1,1,1,1,1,1,0,1,1,1,1
22.126117750,1,1,1,1,1,1,1,1,1,0,1,0,1,1
22.126118313,1,1,1,1,1,1,1,1,1,0,1,1,1,1
22.126134750,1,1,1,1,1,1,1,1,1,0,1,0,1,1
22.126135313,1,1,1,1,1,1,1,1,1,0,1,1,1,1
22.126151500,1,1,1,1,1,1,1,1,1,0,1,0,1,1
22.126152063,1,1,1,1,1,1,1,1,1,0,1,1,1,1
22.126168312,1,1,1,1,1,1,1,1,1,0,1,0,1,1
22.126168875,1,1,1,1,1,1,1,1,1,0,1,1,1,1
22.126185125,1,1,1,1,1,1,1,1,1,0,1,0,1,1
22.126185688,1,1,1,1,1,1,1,1,1,0,1,1,1,1
22.126201937,1,1,1,1,1,1,1,1,1,0,1,0,1,1
22.126202500,1,1,1,1,1,1,1,1,1,0,1,1,1,1
22.126218750,1,1,1,1,1,1,1,1,1,0,1,0,1,1
22.126219250,1,1,1,1,1,1,1,1,1,0,1,1,1,1
22.126235500,1,1,1,1,1,1,1,1,1,0,1,0,1,1
22.126236062,1,1,1,1,1,1,1,1,1,0,1,1,1,1
22.126252313,1,1,1,1,1,1,1,1,1,0,1,0,1,1
22.126252875,1,1,1,1,1,1,1,1,1,0,1,1,1,1
22.126269125,1,1,1,1,1,1,1,1,1,0,1,0,1,1
22.126269687,1,1,1,1,1,1,1,1,1,0,1,1,1,1
22.126285938,1,1,1,1,1,1,1,1,1,0,1,0,1,1
22.126286500,1,1,1,1,1,1,1,1,1,0,1,1,1,1
22.126303312,1,1,1,1,1,1,1,1,1,0,1,0,1,1
22.126303875,1,1,1,1,1,1,1,1,1,0,1,1,1,1
22.126320312,1,1,1,1,1,1,1,1,1,0,1,0,1,1
22.126320875,1,1,1,1,1,1,1,1,1,0,1,1,1,1
22.126337125,1,1,1,1,1,1,1,1,1,0,1,0,1,1
22.126337688,1,1,1,1,1,1,1,1,1,0,1,1,1,1
22.126353937,1,1,1,1,1,1,1,1,1,0,1,0,1,1
22.126354438,1,1,1,1,1,1,1,1,1,0,1,1,1,1
22.126370687,1,1,1,1,1,1,1,1,1,0,1,0,1,1
22.126371250,1,1,1,1,1,1,1,1,1,0,1,1,1,1
22.126387500,1,1,1,1,1,1,1,1,1,0,1,0,1,1
22.126388062,1,1,1,1,1,1,1,1,1,0,1,1,1,1
22.126404313,1,1,1,1,1,1,1,1,1,0,1,0,1,1
22.126404875,1,1,1,1,1,1,1,1,1,0,1,1,1,1
22.126421125,1,1,1,1,1,1,1,1,1,0,1,0,1,1
22.126421687,1,1,1,1,1,1,1,1,1,0,1,1,1,1
22.126437875,1,1,1,1,1,1,1,1,1,0,1,0,1,1
22.126438437,1,1,1,1,1,1,1,1,1,0,1,1,1,1
22.126454688,1,1,1,1,1,1,1,1,1,0,1,0,1,1
22.126455250,1,1,1,1,1,1,1,1,1,0,1,1,1,1
22.126471500,1,1,1,1,1,1,1,1,1,0,1,0,1,1
22.126472062,1,1,1,1,1,1,1,1,1,0,1,1,1,1
22.126488875,1,1,1,1,1,1,1,1,1,0,1,0,1,1
22.126489437,1,1,1,1,1,1,1,1,1,0,1,1,1,1
22.126505875,1,1,1,1,1,1,1,1,1,0,1,0,1,1
22.126506438,1,1,1,1,1,1,1,1,1,0,1,1,1,1
22.126522687,1,1,1,1,1,1,1,1,1,0,1,0,1,1
22.126523250,1,1,1,1,1,1,1,1,1,0,1,1,1,1
22.126539500,1,1,1,1,1,1,1,1,1,0,1,0,1,1
22.126540062,1,1,1,1,1,1,1,1,1,0,1,1,1,1
22.126556312,1,1,1,1,1,1,1,1,1,0,1,0,1,1
22.126556875,1,1,1,1,1,1,1,1,1,0,1,1,1,1
22.126573063,1,1,1,1,1,1,1,1,1,0,1,0,1,1
22.126573625,1,1,1,1,1,1,1,1,1,0,1,1,1,1
22.126589875,1,1,1,1,1,1,1,1,1,0,1,0,1,1
22.126590437,1,1,1,1,1,1,1,1,1,0,1,1,1,1
22.126606688,1,1,1,1,1,1,1,1,1,0,1,0,1,1
22.126607250,1,1,1,1,1,1,1,1,1,0,1,1,1,1
22.126623500,1,1,1,1,1,1,1,1,1,0,1,0,1,1
22.126624062,1,1,1,1,1,1,1,1,1,0,1,1,1,1
22.126640313,1,1,1,1,1,1,1,1,1,0,1,0,1,1
22.126640813,1,1,1,1,1,1,1,1,1,0,1,1,1,1
22.126657063,1,1,1,1,1,1,1,1,1,0,1,0,1,1
22.126657625,1,1,1,1,1,1,1,1,1,0,1,1,1,1
22.126674500,1,1,1,1,1,1,1,1,1,0,1,0,1,1
22.126675062,1,1,1,1,1,1,1,1,1,0,1,1,1,1
22.126691500,1,1,1,1,1,1,1,1,1,0,1,0,1,1
22.126692062,1,1,1,1,1,1,1,1,1,0,1,1,1,1
22.126708250,1,1,1,1,1,1,1,1,1,0,1,0,1,1
22.126708812,1,1,1,1,1,1,1,1,1,0,1,1,1,1
22.126725063,1,1,1,1,1,1,1,1,1,0,1,0,1,1
22.126725625,1,1,1,1,1,1,1,1,1,0,1,1,1,1
22.126741875,1,1,1,1,1,1,1,1,1,0,1,0,1,1
22.126742437,1,1,1,1,1,1,1,1,1,0,1,1,1,1
22.126758688,1,1,1,1,1,1,1,1,1,0,1,0,1,1
22.126759250,1,1,1,1,1,1,1,1,1,0,1,1,1,1
22.126775500,1,1,1,1,1,1,1,1,1,0,1,0,1,1
22.126776000,1,1,1,1,1,1,1,1,1,0,1,1,1,1
22.126792250,1,1,1,1,1,1,1,1,1,0,1,0,1,1
22.126792812,1,1,1,1,1,1,1,1,1,0,1,1,1,1
22.126809063,1,1,1,1,1,1,1,1,1,0,1,0,1,1
22.126809625,1,1,1,1,1,1,1,1,1,0,1,1,1,1
22.126825875,1,1,1,1,1,1,1,1,1,0,1,0,1,1
22.126826438,1,1,1,1,1,1,1,1,1,0,1,1,1,1
22.126842688,1,1,1,1,1,1,1,1,1,0,1,0,1,1
22.126843250,1,1,1,1,1,1,1,1,1,0,1,1,1,1
22.126860063,1,1,1,1,1,1,1,1,1,0,1,0,1,1
22.126860625,1,1,1,1,1,1,1,1,1,0,1,1,1,1
22.126877063,1,1,1,1,1,1,1,1,1,0,1,0,1,1
22.126877625,1,1,1,1,1,1,1,1,1,0,1,1,1,1
22.126893875,1,1,1,1,1,1,1,1,1,0,1,0,1,1
22.126894437,1,1,1,1,1,1,1,1,1,0,1,1,1,1
22.126910688,1,1,1,1,1,1,1,1,1,0,1,0,1,1
22.126911187,1,1,1,1,1,1,1,1,1,0,1,1,1,1
22.126927438,1,1,1,1,1,1,1,1,1,0,1,0,1,1
22.126928000,1,1,1,1,1,1,1,1,1,0,1,1,1,1
22.126944250,1,1,1,1,1,1,1,1,1,0,1,0,1,1
22.126944812,1,1,1,1,1,1,1,1,1,0,1,1,1,1
22.126961063,1,1,1,1,1,1,1,1,1,0,1,0,1,1
22.126961625,1,1,1,1,1,1,1,1,1,0,1,1,1,1
22.126977875,1,1,1,1,1,1,1,1,1,0,1,0,1,1
22.126978438,1,1,1,1,1,1,1,1,1,0,1,1,1,1
22.126994625,1,1,1,1,1,1,1,1,1,0,1,0,1,1
22.126995188,1,1,1,1,1,1,1,1,1,0,1,1,1,1
22.127011437,1,1,1,1,1,1,1,1,1,0,1,0,1,1
22.127012000,1,1,1,1,1,1,1,1,1,0,1,1,1,1
22.127028250,1,1,1,1,1,1,1,1,1,0,1,0,1,1
22.127028813,1,1,1,1,1,1,1,1,1,0,1,1,1,1
22.127045625,1,1,1,1,1,1,1,1,1,0,1,0,1,1
22.127046187,1,1,1,1,1,1,1,1,1,0,1,1,1,1
22.127062625,1,1,1,1,1,1,1,1,1,0,1,0,1,1
22.127063187,1,1,1,1,1,1,1,1,1,0,1,1,1,1
22.127079438,1,1,1,1,1,1,1,1,1,0,1,0,1,1
22.127080000,1,1,1,1,1,1,1,1,1,0,1,1,1,1
22.127096250,1,1,1,1,1,1,1,1,1,0,1,0,1,1
22.127096812,1,1,1,1,1,1,1,1,1,0,1,1,1,1
22.127113063,1,1,1,1,1,1,1,1,1,0,1,0,1,1
22.127113625,1,1,1,1,1,1,1,1,1,0,1,1,1,1
22.127129813,1,1,1,1,1,1,1,1,1,0,1,0,1,1
22.127130375,1,1,1,1,1,1,1,1,1,0,1,1,1,1
22.127146625,1,1,1,1,1,1,1,1,1,0,1,0,1,1
22.127147188,1,1,1,1,1,1,1,1,1,0,1,1,1,1
22.127163437,1,1,1,1,1,1,1,1,1,0,1,0,1,1
22.127164000,1,1,1,1,1,1,1,1,1,0,1,1,1,1
22.127180250,1,1,1,1,1,1,1,1,1,0,1,0,1,1
22.127180813,1,1,1,1,1,1,1,1,1,0,1,1,1,1
22.127197000,1,1,1,1,1,1,1,1,1,0,1,0,1,1
22.127197563,1,1,1,1,1,1,1,1,1,0,1,1,1,1
22.127213812,1,1,1,1,1,1,1,1,1,0,1,0,1,1
22.127214375,1,1,1,1,1,1,1,1,1,0,1,1,1,1
22.127231250,1,1,1,1,1,1,1,1,1,0,1,0,1,1
22.127231812,1,1,1,1,1,1,1,1,1,0,1,1,1,1
22.127248250,1,1,1,1,1,1,1,1,1,0,1,0,1,1
22.127248812,1,1,1,1,1,1,1,1,1,0,1,1,1,1
22.127265000,1,1,1,1,1,1,1,1,1,0,1,0,1,1
22.127265562,1,1,1,1,1,1,1,1,1,0,1,1,1,1
22.127281813,1,1,1,1,1,1,1,1,1,0,1,0,1,1
22.127282375,1,1,1,1,1,1,1,1,1,0,1,1,1,1
22.127298625,1,1,1,1,1,1,1,1,1,0,1,0,1,1
22.127299188,1,1,1,1,1,1,1,1,1,0,1,1,1,1
22.127315437,1,1,1,1,1,1,1,1,1,0,1,0,1,1
22.127316000,1,1,1,1,1,1,1,1,1,0,1,1,1,1
22.127332187,1,1,1,1,1,1,1,1,1,0,1,0,1,1
22.127332750,1,1,1,1,1,1,1,1,1,0,1,1,1,1
22.127349000,1,1,1,1,1,1,1,1,1,0,1,0,1,1
22.127349563,1,1,1,1,1,1,1,1,1,0,1,1,1,1
22.127365812,1,1,1,1,1,1,1,1,1,0,1,0,1,1
22.127366375,1,1,1,1,1,1,1,1,1,0,1,1,1,1
22.127382625,1,1,1,1,1,1,1,1,1,0,1,0,1,1
22.127383188,1,1,1,1,1,1,1,1,1,0,1,1,1,1
22.127399437,1,1,1,1,1,1,1,1,1,0,1,0,1,1
22.127399938,1,1,1,1,1,1,1,1,1,0,1,1,1,1
22.127416813,1,1,1,1,1,1,1,1,1,0,1,0,1,1
22.127417375,1,1,1,1,1,1,1,1,1,0,1,1,1,1
22.127433813,1,1,1,1,1,1,1,1,1,0,1,0,1,1
22.127434375,1,1,1,1,1,1,1,1,1,0,1,1,1,1
22.127450625,1,1,1,1,1,1,1,1,1,0,1,0,1,1
22.127451188,1,1,1,1,1,1,1,1,1,0,1,1,1,1
22.127467375,1,1,1,1,1,1,1,1,1,0,1,0,1,1
22.127467938,1,1,1,1,1,1,1,1,1,0,1,1,1,1
22.127484187,1,1,1,1,1,1,1,1,1,0,1,0,1,1
22.127484750,1,1,1,1,1,1,1,1,1,0,1,1,1,1
22.127501000,1,1,1,1,1,1,1,1,1,0,1,0,1,1
22.127501563,1,1,1,1,1,1,1,1,1,0,1,1,1,1
22.127517812,1,1,1,1,1,1,1,1,1,0,1,0,1,1
22.127518375,1,1,1,1,1,1,1,1,1,0,1,1,1,1
22.127534625,1,1,1,1,1,1,1,1,1,0,1,0,1,1
22.127535188,1,1,1,1,1,1,1,1,1,0,1,1,1,1
22.127551375,1,1,1,1,1,1,1,1,1,0,1,0,1,1
22.127551938,1,1,1,1,1,1,1,1,1,0,1,1,1,1
22.127568187,1,1,1,1,1,1,1,1,1,0,1,0,1,1
22.127568750,1,1,1,1,1,1,1,1,1,0,1,1,1,1
22.127585000,1,1,1,1,1,1,1,1,1,0,1,0,1,1
22.127585562,1,1,1,1,1,1,1,1,1,0,1,1,1,1
22.127602375,1,1,1,1,1,1,1,1,1,0,1,0,1,1
22.127602938,1,1,1,1,1,1,1,1,1,0,1,1,1,1
22.127619375,1,1,1,1,1,1,1,1,1,0,1,0,1,1
22.127619938,1,1,1,1,1,1,1,1,1,0,1,1,1,1
22.127636187,1,1,1,1,1,1,1,1,1,0,1,0,1,1
22.127636750,1,1,1,1,1,1,1,1,1,0,1,1,1,1
22.127653000,1,1,1,1,1,1,1,1,1,0,1,0,1,1
22.127653563,1,1,1,1,1,1,1,1,1,0,1,1,1,1
22.127669812,1,1,1,1,1,1,1,1,1,0,1,0,1,1
22.127670313,1,1,1,1,1,1,1,1,1,0,1,1,1,1
22.127686562,1,1,1,1,1,1,1,1,1,0,1,0,1,1
22.127687125,1,1,1,1,1,1,1,1,1,0,1,1,1,1
22.127703375,1,1,1,1,1,1,1,1,1,0,1,0,1,1
22.127703938,1,1,1,1,1,1,1,1,1,0,1,1,1,1
22.127720187,1,1,1,1,1,1,1,1,1,0,1,0,1,1
22.127720750,1,1,1,1,1,1,1,1,1,0,1,1,1,1
22.127737000,1,1,1,1,1,1,1,1,1,0,1,0,1,1
22.127737562,1,1,1,1,1,1,1,1,1,0,1,1,1,1
22.127753750,1,1,1,1,1,1,1,1,1,0,1,0,1,1
22.127754312,1,1,1,1,1,1,1,1,1,0,1,1,1,1
22.127770563,1,1,1,1,1,1,1,1,1,0,1,0,1,1
22.127771125,1,1,1,1,1,1,1,1,1,0,1,1,1,1
22.127788000,1,1,1,1,1,1,1,1,1,0,1,0,1,1
22.127788500,1,1,1,1,1,1,1,1,1,0,1,1,1,1
22.127805000,1,1,1,1,1,1,1,1,1,0,1,0,1,1
22.127805500,1,1,1,1,1,1,1,1,1,0,1,1,1,1
22.127821750,1,1,1,1,1,1,1,1,1,0,1,0,1,1
22.127822313,1,1,1,1,1,1,1,1,1,0,1,1,1,1
22.127838562,1,1,1,1,1,1,1,1,1,0,1,0,1,1
22.127839125,1,1,1,1,1,1,1,1,1,0,1,1,1,1
22.127855375,1,1,1,1,1,1,1,1,1,0,1,0,1,1
22.127855938,1,1,1,1,1,1,1,1,1,0,1,1,1,1
22.127872187,1,1,1,1,1,1,1,1,1,0,1,0,1,1
22.127872750,1,1,1,1,1,1,1,1,1,0,1,1,1,1
22.127888937,1,1,1,1,1,1,1,1,1,0,1,0,1,1
22.127889500,1,1,1,1,1,1,1,1,1,0,1,1,1,1
22.127905750,1,1,1,1,1,1,1,1,1,0,1,0,1,1
22.127906312,1,1,1,1,1,1,1,1,1,0,1,1,1,1
22.127922563,1,1,1,1,1,1,1,1,1,0,1,0,1,1
22.127923125,1,1,1,1,1,1,1,1,1,0,1,1,1,1
22.127939375,1,1,1,1,1,1,1,1,1,0,1,0,1,1
22.127939937,1,1,1,1,1,1,1,1,1,0,1,1,1,1
22.127956188,1,1,1,1,1,1,1,1,1,0,1,0,1,1
22.127956687,1,1,1,1,1,1,1,1,1,0,1,1,1,1
22.127973562,1,1,1,1,1,1,1,1,1,0,1,0,1,1
22.127974125,1,1,1,1,1,1,1,1,1,0,1,1,1,1
22.127990562,1,1,1,1,1,1,1,1,1,0,1,0,1,1
22.127991125,1,1,1,1,1,1,1,1,1,0,1,1,1,1
22.128007375,1,1,1,1,1,1,1,1,1,0,1,0,1,1
22.128007938,1,1,1,1,1,1,1,1,1,0,1,1,1,1
22.128024125,1,1,1,1,1,1,1,1,1,0,1,0,1,1
22.128024688,1,1,1,1,1,1,1,1,1,0,1,1,1,1
22.128040937,1,1,1,1,1,1,1,1,1,0,1,0,1,1
22.128041500,1,1,1,1,1,1,1,1,1,0,1,1,1,1
22.128057750,1,1,1,1,1,1,1,1,1,0,1,0,1,1
22.128058312,1,1,1,1,1,1,1,1,1,0,1,1,1,1
22.128074563,1,1,1,1,1,1,1,1,1,0,1,0,1,1
22.128075125,1,1,1,1,1,1,1,1,1,0,1,1,1,1
22.128091375,1,1,1,1,1,1,1,1,1,0,1,0,1,1
22.128091875,1,1,1,1,1,1,1,1,1,0,1,1,1,1
22.128108125,1,1,1,1,1,1,1,1,1,0,1,0,1,1
22.128108687,1,1,1,1,1,1,1,1,1,0,1,1,1,1
22.128124938,1,1,1,1,1,1,1,1,1,0,1,0,1,1
22.128125500,1,1,1,1,1,1,1,1,1,0,1,1,1,1
22.128141750,1,1,1,1,1,1,1,1,1,0,1,0,1,1
22.128142312,1,1,1,1,1,1,1,1,1,0,1,1,1,1
22.128159125,1,1,1,1,1,1,1,1,1,0,1,0,1,1
22.128159687,1,1,1,1,1,1,1,1,1,0,1,1,1,1
22.128176125,1,1,1,1,1,1,1,1,1,0,1,0,1,1
22.128176688,1,1,1,1,1,1,1,1,1,0,1,1,1,1
22.128192937,1,1,1,1,1,1,1,1,1,0,1,0,1,1
22.128193500,1,1,1,1,1,1,1,1,1,0,1,1,1,1
22.128209750,1,1,1,1,1,1,1,1,1,0,1,0,1,1
22.128210312,1,1,1,1,1,1,1,1,1,0,1,1,1,1
22.128226563,1,1,1,1,1,1,1,1,1,0,1,0,1,1
22.128227062,1,1,1,1,1,1,1,1,1,0,1,1,1,1
22.128243313,1,1,1,1,1,1,1,1,1,0,1,0,1,1
22.128243875,1,1,1,1,1,1,1,1,1,0,1,1,1,1
22.128260125,1,1,1,1,1,1,1,1,1,0,1,0,1,1
22.128260687,1,1,1,1,1,1,1,1,1,0,1,1,1,1
22.128276938,1,1,1,1,1,1,1,1,1,0,1,0,1,1
22.128277500,1,1,1,1,1,1,1,1,1,0,1,1,1,1
22.128293750,1,1,1,1,1,1,1,1,1,0,1,0,1,1
22.128294312,1,1,1,1,1,1,1,1,1,0,1,1,1,1
22.128310500,1,1,1,1,1,1,1,1,1,0,1,0,1,1
22.128311062,1,1,1,1,1,1,1,1,1,0,1,1,1,1
22.128327313,1,1,1,1,1,1,1,1,1,0,1,0,1,1
22.128327875,1,1,1,1,1,1,1,1,1,0,1,1,1,1
22.128344750,1,1,1,1,1,1,1,1,1,0,1,0,1,1
22.128345250,1,1,1,1,1,1,1,1,1,0,1,1,1,1
22.128361750,1,1,1,1,1,1,1,1,1,0,1,0,1,1
22.128362250,1,1,1,1,1,1,1,1,1,0,1,1,1,1
22.128378500,1,1,1,1,1,1,1,1,1,0,1,0,1,1
22.128379062,1,1,1,1,1,1,1,1,1,0,1,1,1,1
22.128395313,1,1,1,1,1,1,1,1,1,0,1,0,1,1
22.128395875,1,1,1,1,1,1,1,1,1,0,1,1,1,1
22.128412125,1,1,1,1,1,1,1,1,1,0,1,0,1,1
22.128412687,1,1,1,1,1,1,1,1,1,0,1,1,1,1
22.128428938,1,1,1,1,1,1,1,1,1,0,1,0,1,1
22.128429500,1,1,1,1,1,1,1,1,1,0,1,1,1,1
22.128445688,1,1,1,1,1,1,1,1,1,0,1,0,1,1
22.128446250,1,1,1,1,1,1,1,1,1,0,1,1,1,1
22.128462500,1,1,1,1,1,1,1,1,1,0,1,0,1,1
22.128463062,1,1,1,1,1,1,1,1,1,0,1,1,1,1
22.128479312,1,1,1,1,1,1,1,1,1,0,1,0,1,1
22.128479875,1,1,1,1,1,1,1,1,1,0,1,1,1,1
22.128496125,1,1,1,1,1,1,1,1,1,0,1,0,1,1
22.128496688,1,1,1,1,1,1,1,1,1,0,1,1,1,1
22.128512875,1,1,1,1,1,1,1,1,1,0,1,0,1,1
22.128513438,1,1,1,1,1,1,1,1,1,0,1,1,1,1
22.128530313,1,1,1,1,1,1,1,1,1,0,1,0,1,1
22.128530875,1,1,1,1,1,1,1,1,1,0,1,1,1,1
22.128547313,1,1,1,1,1,1,1,1,1,0,1,0,1,1
22.128547875,1,1,1,1,1,1,1,1,1,0,1,1,1,1
22.128564125,1,1,1,1,1,1,1,1,1,0,1,0,1,1
22.128564687,1,1,1,1,1,1,1,1,1,0,1,1,1,1
22.128580875,1,1,1,1,1,1,1,1,1,0,1,0,1,1
22.128581437,1,1,1,1,1,1,1,1,1,0,1,1,1,1
22.128597688,1,1,1,1,1,1,1,1,1,0,1,0,1,1
22.128598250,1,1,1,1,1,1,1,1,1,0,1,1,1,1
22.128614500,1,1,1,1,1,1,1,1,1,0,1,0,1,1
22.128615062,1,1,1,1,1,1,1,1,1,0,1,1,1,1
22.128631313,1,1,1,1,1,1,1,1,1,0,1,0,1,1
22.128631875,1,1,1,1,1,1,1,1,1,0,1,1,1,1
22.128648063,1,1,1,1,1,1,1,1,1,0,1,0,1,1
22.128648625,1,1,1,1,1,1,1,1,1,0,1,1,1,1
22.128664875,1,1,1,1,1,1,1,1,1,0,1,0,1,1
22.128665438,1,1,1,1,1,1,1,1,1,0,1,1,1,1
22.128681687,1,1,1,1,1,1,1,1,1,0,1,0,1,1
22.128682250,1,1,1,1,1,1,1,1,1,0,1,1,1,1
22.128698500,1,1,1,1,1,1,1,1,1,0,1,0,1,1
22.128699063,1,1,1,1,1,1,1,1,1,0,1,1,1,1
22.128715875,1,1,1,1,1,1,1,1,1,0,1,0,1,1
22.128716437,1,1,1,1,1,1,1,1,1,0,1,1,1,1
22.128732875,1,1,1,1,1,1,1,1,1,0,1,0,1,1
22.128733437,1,1,1,1,1,1,1,1,1,0,1,1,1,1
22.128749688,1,1,1,1,1,1,1,1,1,0,1,0,1,1
22.128750250,1,1,1,1,1,1,1,1,1,0,1,1,1,1
22.128766500,1,1,1,1,1,1,1,1,1,0,1,0,1,1
22.128767062,1,1,1,1,1,1,1,1,1,0,1,1,1,1
22.128783250,1,1,1,1,1,1,1,1,1,0,1,0,1,1
22.128783813,1,1,1,1,1,1,1,1,1,0,1,1,1,1
22.128800063,1,1,1,1,1,1,1,1,1,0,1,0,1,1
22.128800625,1,1,1,1,1,1,1,1,1,0,1,1,1,1
22.128816875,1,1,1,1,1,1,1,1,1,0,1,0,1,1
22.128817438,1,1,1,1,1,1,1,1,1,0,1,1,1,1
22.128833687,1,1,1,1,1,1,1,1,1,0,1,0,1,1
22.128834250,1,1,1,1,1,1,1,1,1,0,1,1,1,1
22.128850500,1,1,1,1,1,1,1,1,1,0,1,0,1,1
22.128851063,1,1,1,1,1,1,1,1,1,0,1,1,1,1
22.128867250,1,1,1,1,1,1,1,1,1,0,1,0,1,1
22.128867813,1,1,1,1,1,1,1,1,1,0,1,1,1,1
22.128884062,1,1,1,1,1,1,1,1,1,0,1,0,1,1
22.128884625,1,1,1,1,1,1,1,1,1,0,1,1,1,1
22.128901500,1,1,1,1,1,1,1,1,1,0,1,0,1,1
22.128902000,1,1,1,1,1,1,1,1,1,0,1,1,1,1
22.128918438,1,1,1,1,1,1,1,1,1,0,1,0,1,1
22.128919000,1,1,1,1,1,1,1,1,1,0,1,1,1,1
22.128935250,1,1,1,1,1,1,1,1,1,0,1,0,1,1
22.128935812,1,1,1,1,1,1,1,1,1,0,1,1,1,1
22.128952063,1,1,1,1,1,1,1,1,1,0,1,0,1,1
22.128952625,1,1,1,1,1,1,1,1,1,0,1,1,1,1
22.128968875,1,1,1,1,1,1,1,1,1,0,1,0,1,1
22.128969438,1,1,1,1,1,1,1,1,1,0,1,1,1,1
22.128985687,1,1,1,1,1,1,1,1,1,0,1,0,1,1
22.128986250,1,1,1,1,1,1,1,1,1,0,1,1,1,1
22.129002437,1,1,1,1,1,1,1,1,1,0,1,0,1,1
22.129003000,1,1,1,1,1,1,1,1,1,0,1,1,1,1
22.129019250,1,1,1,1,1,1,1,1,1,0,1,0,1,1
22.129019813,1,1,1,1,1,1,1,1,1,0,1,1,1,1
22.129036062,1,1,1,1,1,1,1,1,1,0,1,0,1,1
22.129036625,1,1,1,1,1,1,1,1,1,0,1,1,1,1
22.129052875,1,1,1,1,1,1,1,1,1,0,1,0,1,1
22.129053438,1,1,1,1,1,1,1,1,1,0,1,1,1,1
22.129069625,1,1,1,1,1,1,1,1,1,0,1,0,1,1
22.129070188,1,1,1,1,1,1,1,1,1,0,1,1,1,1
22.129087062,1,1,1,1,1,1,1,1,1,0,1,0,1,1
22.129087625,1,1,1,1,1,1,1,1,1,0,1,1,1,1
22.129104063,1,1,1,1,1,1,1,1,1,0,1,0,1,1
22.129104625,1,1,1,1,1,1,1,1,1,0,1,1,1,1
22.129120875,1,1,1,1,1,1,1,1,1,0,1,0,1,1
22.129121438,1,1,1,1,1,1,1,1,1,0,1,1,1,1
22.129137625,1,1,1,1,1,1,1,1,1,0,1,0,1,1
22.129138188,1,1,1,1,1,1,1,1,1,0,1,1,1,1
22.129154437,1,1,1,1,1,1,1,1,1,0,1,0,1,1
22.129155000,1,1,1,1,1,1,1,1,1,0,1,1,1,1
22.129171250,1,1,1,1,1,1,1,1,1,0,1,0,1,1
22.129171813,1,1,1,1,1,1,1,1,1,0,1,1,1,1
22.129188062,1,1,1,1,1,1,1,1,1,0,1,0,1,1
22.129188625,1,1,1,1,1,1,1,1,1,0,1,1,1,1
22.129204812,1,1,1,1,1,1,1,1,1,0,1,0,1,1
22.129205375,1,1,1,1,1,1,1,1,1,0,1,1,1,1
22.129221625,1,1,1,1,1,1,1,1,1,0,1,0,1,1
22.129222188,1,1,1,1,1,1,1,1,1,0,1,1,1,1
22.129238437,1,1,1,1,1,1,1,1,1,0,1,0,1,1
22.129239000,1,1,1,1,1,1,1,1,1,0,1,1,1,1
22.129255250,1,1,1,1,1,1,1,1,1,0,1,0,1,1
22.129255812,1,1,1,1,1,1,1,1,1,0,1,1,1,1
22.129272625,1,1,1,1,1,1,1,1,1,0,1,0,1,1
22.129273187,1,1,1,1,1,1,1,1,1,0,1,1,1,1
22.129289625,1,1,1,1,1,1,1,1,1,0,1,0,1,1
22.129290188,1,1,1,1,1,1,1,1,1,0,1,1,1,1
22.129306437,1,1,1,1,1,1,1,1,1,0,1,0,1,1
22.129307000,1,1,1,1,1,1,1,1,1,0,1,1,1,1
22.129323250,1,1,1,1,1,1,1,1,1,0,1,0,1,1
22.129323813,1,1,1,1,1,1,1,1,1,0,1,1,1,1
22.129340000,1,1,1,1,1,1,1,1,1,0,1,0,1,1
22.129340563,1,1,1,1,1,1,1,1,1,0,1,1,1,1
22.129356812,1,1,1,1,1,1,1,1,1,0,1,0,1,1
22.129357375,1,1,1,1,1,1,1,1,1,0,1,1,1,1
22.129373625,1,1,1,1,1,1,1,1,1,0,1,0,1,1
22.129374188,1,1,1,1,1,1,1,1,1,0,1,1,1,1
22.129390437,1,1,1,1,1,1,1,1,1,0,1,0,1,1
22.129391000,1,1,1,1,1,1,1,1,1,0,1,1,1,1
22.129407250,1,1,1,1,1,1,1,1,1,0,1,0,1,1
22.129407750,1,1,1,1,1,1,1,1,1,0,1,1,1,1
22.129424000,1,1,1,1,1,1,1,1,1,0,1,0,1,1
22.129424562,1,1,1,1,1,1,1,1,1,0,1,1,1,1
22.129440813,1,1,1,1,1,1,1,1,1,0,1,0,1,1
22.129441375,1,1,1,1,1,1,1,1,1,0,1,1,1,1
22.129458187,1,1,1,1,1,1,1,1,1,0,1,0,1,1
22.129458750,1,1,1,1,1,1,1,1,1,0,1,1,1,1
22.129475187,1,1,1,1,1,1,1,1,1,0,1,0,1,1
22.129475750,1,1,1,1,1,1,1,1,1,0,1,1,1,1
22.129492000,1,1,1,1,1,1,1,1,1,0,1,0,1,1
22.129492563,1,1,1,1,1,1,1,1,1,0,1,1,1,1
22.129508812,1,1,1,1,1,1,1,1,1,0,1,0,1,1
22.129509375,1,1,1,1,1,1,1,1,1,0,1,1,1,1
22.129525625,1,1,1,1,1,1,1,1,1,0,1,0,1,1
22.129526188,1,1,1,1,1,1,1,1,1,0,1,1,1,1
22.129542437,1,1,1,1,1,1,1,1,1,0,1,0,1,1
22.129542937,1,1,1,1,1,1,1,1,1,0,1,1,1,1
22.129559187,1,1,1,1,1,1,1,1,1,0,1,0,1,1
22.129559750,1,1,1,1,1,1,1,1,1,0,1,1,1,1
22.129576000,1,1,1,1,1,1,1,1,1,0,1,0,1,1
22.129576562,1,1,1,1,1,1,1,1,1,0,1,1,1,1
22.129592813,1,1,1,1,1,1,1,1,1,0,1,0,1,1
22.129593375,1,1,1,1,1,1,1,1,1,0,1,1,1,1
22.129609625,1,1,1,1,1,1,1,1,1,0,1,0,1,1
22.129610187,1,1,1,1,1,1,1,1,1,0,1,1,1,1
22.129626375,1,1,1,1,1,1,1,1,1,0,1,0,1,1
22.129626937,1,1,1,1,1,1,1,1,1,0,1,1,1,1
22.129643812,1,1,1,1,1,1,1,1,1,0,1,0,1,1
22.129644375,1,1,1,1,1,1,1,1,1,0,1,1,1,1
22.129660812,1,1,1,1,1,1,1,1,1,0,1,0,1,1
22.129661375,1,1,1,1,1,1,1,1,1,0,1,1,1,1
22.129677625,1,1,1,1,1,1,1,1,1,0,1,0,1,1
22.129678125,1,1,1,1,1,1,1,1,1,0,1,1,1,1
22.129694375,1,1,1,1,1,1,1,1,1,0,1,0,1,1
22.129694937,1,1,1,1,1,1,1,1,1,0,1,1,1,1
22.129711187,1,1,1,1,1,1,1,1,1,0,1,0,1,1
22.129711750,1,1,1,1,1,1,1,1,1,0,1,1,1,1
22.129728000,1,1,1,1,1,1,1,1,1,0,1,0,1,1
22.129728562,1,1,1,1,1,1,1,1,1,0,1,1,1,1
22.129744813,1,1,1,1,1,1,1,1,1,0,1,0,1,1
22.129745375,1,1,1,1,1,1,1,1,1,0,1,1,1,1
22.129761563,1,1,1,1,1,1,1,1,1,0,1,0,1,1
22.129762125,1,1,1,1,1,1,1,1,1,0,1,1,1,1
22.129778375,1,1,1,1,1,1,1,1,1,0,1,0,1,1
22.129778937,1,1,1,1,1,1,1,1,1,0,1,1,1,1
22.129795188,1,1,1,1,1,1,1,1,1,0,1,0,1,1
22.129795750,1,1,1,1,1,1,1,1,1,0,1,1,1,1
22.129812000,1,1,1,1,1,1,1,1,1,0,1,0,1,1
22.129812562,1,1,1,1,1,1,1,1,1,0,1,1,1,1
22.129829375,1,1,1,1,1,1,1,1,1,0,1,0,1,1
22.129829937,1,1,1,1,1,1,1,1,1,0,1,1,1,1
22.129846375,1,1,1,1,1,1,1,1,1,0,1,0,1,1
22.129846938,1,1,1,1,1,1,1,1,1,0,1,1,1,1
22.129863187,1,1,1,1,1,1,1,1,1,0,1,0,1,1
22.129863750,1,1,1,1,1,1,1,1,1,0,1,1,1,1
22.129880000,1,1,1,1,1,1,1,1,1,0,1,0,1,1
22.129880562,1,1,1,1,1,1,1,1,1,0,1,1,1,1
22.129896750,1,1,1,1,1,1,1,1,1,0,1,0,1,1
22.129897312,1,1,1,1,1,1,1,1,1,0,1,1,1,1
22.129913563,1,1,1,1,1,1,1,1,1,0,1,0,1,1
22.129914125,1,1,1,1,1,1,1,1,1,0,1,1,1,1
22.129930375,1,1,1,1,1,1,1,1,1,0,1,0,1,1
22.129930937,1,1,1,1,1,1,1,1,1,0,1,1,1,1
22.129947188,1,1,1,1,1,1,1,1,1,0,1,0,1,1
22.129947750,1,1,1,1,1,1,1,1,1,0,1,1,1,1
22.129964000,1,1,1,1,1,1,1,1,1,0,1,0,1,1
22.129964500,1,1,1,1,1,1,1,1,1,0,1,1,1,1
22.129980750,1,1,1,1,1,1,1,1,1,0,1,0,1,1
22.129981313,1,1,1,1,1,1,1,1,1,0,1,1,1,1
22.129997563,1,1,1,1,1,1,1,1,1,0,1,0,1,1
22.129998125,1,1,1,1,1,1,1,1,1,0,1,1,1,1
22.130014938,1,1,1,1,1,1,1,1,1,0,1,0,1,1
22.130015500,1,1,1,1,1,1,1,1,1,0,1,1,1,1
22.130031938,1,1,1,1,1,1,1,1,1,0,1,0,1,1
22.130032500,1,1,1,1,1,1,1,1,1,0,1,1,1,1
22.130048750,1,1,1,1,1,1,1,1,1,0,1,0,1,1
22.130049312,1,1,1,1,1,1,1,1,1,0,1,1,1,1
22.130065563,1,1,1,1,1,1,1,1,1,0,1,0,1,1
22.130066125,1,1,1,1,1,1,1,1,1,0,1,1,1,1
22.130082375,1,1,1,1,1,1,1,1,1,0,1,0,1,1
22.130082937,1,1,1,1,1,1,1,1,1,0,1,1,1,1
22.130099188,1,1,1,1,1,1,1,1,1,0,1,0,1,1
22.130099687,1,1,1,1,1,1,1,1,1,0,1,1,1,1
22.130115938,1,1,1,1,1,1,1,1,1,0,1,0,1,1
22.130116500,1,1,1,1,1,1,1,1,1,0,1,1,1,1
22.130132750,1,1,1,1,1,1,1,1,1,0,1,0,1,1
22.130133312,1,1,1,1,1,1,1,1,1,0,1,1,1,1
22.130149563,1,1,1,1,1,1,1,1,1,0,1,0,1,1
22.130150125,1,1,1,1,1,1,1,1,1,0,1,1,1,1
22.130166375,1,1,1,1,1,1,1,1,1,0,1,0,1,1
22.130166938,1,1,1,1,1,1,1,1,1,0,1,1,1,1
22.130183125,1,1,1,1,1,1,1,1,1,0,1,0,1,1
22.130183688,1,1,1,1,1,1,1,1,1,0,1,1,1,1
22.130200563,1,1,1,1,1,1,1,1,1,0,1,0,1,1
22.130201125,1,1,1,1,1,1,1,1,1,0,1,1,1,1
22.130217563,1,1,1,1,1,1,1,1,1,0,1,0,1,1
22.130218125,1,1,1,1,1,1,1,1,1,0,1,1,1,1
22.130234375,1,1,1,1,1,1,1,1,1,0,1,0,1,1
22.130234875,1,1,1,1,1,1,1,1,1,0,1,1,1,1
22.130251125,1,1,1,1,1,1,1,1,1,0,1,0,1,1
22.130251687,1,1,1,1,1,1,1,1,1,0,1,1,1,1
22.130267938,1,1,1,1,1,1,1,1,1,0,1,0,1,1
22.130268500,1,1,1,1,1,1,1,1,1,0,1,1,1,1
22.130284750,1,1,1,1,1,1,1,1,1,0,1,0,1,1
22.130285312,1,1,1,1,1,1,1,1,1,0,1,1,1,1
22.130301563,1,1,1,1,1,1,1,1,1,0,1,0,1,1
22.130302125,1,1,1,1,1,1,1,1,1,0,1,1,1,1
22.130318312,1,1,1,1,1,1,1,1,1,0,1,0,1,1
22.130318875,1,1,1,1,1,1,1,1,1,0,1,1,1,1
22.130335125,1,1,1,1,1,1,1,1,1,0,1,0,1,1
22.130335688,1,1,1,1,1,1,1,1,1,0,1,1,1,1
22.130351937,1,1,1,1,1,1,1,1,1,0,1,0,1,1
22.130352500,1,1,1,1,1,1,1,1,1,0,1,1,1,1
22.130368750,1,1,1,1,1,1,1,1,1,0,1,0,1,1
22.130369313,1,1,1,1,1,1,1,1,1,0,1,1,1,1
22.130386125,1,1,1,1,1,1,1,1,1,0,1,0,1,1
22.130386687,1,1,1,1,1,1,1,1,1,0,1,1,1,1
22.130403125,1,1,1,1,1,1,1,1,1,0,1,0,1,1
22.130403687,1,1,1,1,1,1,1,1,1,0,1,1,1,1
22.130419938,1,1,1,1,1,1,1,1,1,0,1,0,1,1
22.130420500,1,1,1,1,1,1,1,1,1,0,1,1,1,1
22.130436750,1,1,1,1,1,1,1,1,1,0,1,0,1,1
22.130437312,1,1,1,1,1,1,1,1,1,0,1,1,1,1
22.130453500,1,1,1,1,1,1,1,1,1,0,1,0,1,1
22.130454063,1,1,1,1,1,1,1,1,1,0,1,1,1,1
22.130470313,1,1,1,1,1,1,1,1,1,0,1,0,1,1
22.130470875,1,1,1,1,1,1,1,1,1,0,1,1,1,1
22.130487125,1,1,1,1,1,1,1,1,1,0,1,0,1,1
22.130487688,1,1,1,1,1,1,1,1,1,0,1,1,1,1
22.130503937,1,1,1,1,1,1,1,1,1,0,1,0,1,1
22.130504500,1,1,1,1,1,1,1,1,1,0,1,1,1,1
22.130520687,1,1,1,1,1,1,1,1,1,0,1,0,1,1
22.130521250,1,1,1,1,1,1,1,1,1,0,1,1,1,1
22.130537500,1,1,1,1,1,1,1,1,1,0,1,0,1,1
22.130538063,1,1,1,1,1,1,1,1,1,0,1,1,1,1
22.130554312,1,1,1,1,1,1,1,1,1,0,1,0,1,1
22.130554875,1,1,1,1,1,1,1,1,1,0,1,1,1,1
22.130571688,1,1,1,1,1,1,1,1,1,0,1,0,1,1
22.130572250,1,1,1,1,1,1,1,1,1,0,1,1,1,1
22.130588688,1,1,1,1,1,1,1,1,1,0,1,0,1,1
22.130589250,1,1,1,1,1,1,1,1,1,0,1,1,1,1
22.130605500,1,1,1,1,1,1,1,1,1,0,1,0,1,1
22.130606063,1,1,1,1,1,1,1,1,1,0,1,1,1,1
22.130622313,1,1,1,1,1,1,1,1,1,0,1,0,1,1
22.130622875,1,1,1,1,1,1,1,1,1,0,1,1,1,1
22.130639125,1,1,1,1,1,1,1,1,1,0,1,0,1,1
22.130639688,1,1,1,1,1,1,1,1,1,0,1,1,1,1
22.130655875,1,1,1,1,1,1,1,1,1,0,1,0,1,1
22.130656438,1,1,1,1,1,1,1,1,1,0,1,1,1,1
22.130672687,1,1,1,1,1,1,1,1,1,0,1,0,1,1
22.130673250,1,1,1,1,1,1,1,1,1,0,1,1,1,1
22.130689500,1,1,1,1,1,1,1,1,1,0,1,0,1,1
22.130690063,1,1,1,1,1,1,1,1,1,0,1,1,1,1
22.130706312,1,1,1,1,1,1,1,1,1,0,1,0,1,1
22.130706875,1,1,1,1,1,1,1,1,1,0,1,1,1,1
22.130723125,1,1,1,1,1,1,1,1,1,0,1,0,1,1
22.130723625,1,1,1,1,1,1,1,1,1,0,1,1,1,1
22.130739875,1,1,1,1,1,1,1,1,1,0,1,0,1,1
22.130740437,1,1,1,1,1,1,1,1,1,0,1,1,1,1
22.130757312,1,1,1,1,1,1,1,1,1,0,1,0,1,1
22.130757875,1,1,1,1,1,1,1,1,1,0,1,1,1,1
22.130774313,1,1,1,1,1,1,1,1,1,0,1,0,1,1
22.130774875,1,1,1,1,1,1,1,1,1,0,1,1,1,1
22.130791062,1,1,1,1,1,1,1,1,1,0,1,0,1,1
22.130791625,1,1,1,1,1,1,1,1,1,0,1,1,1,1
22.130807875,1,1,1,1,1,1,1,1,1,0,1,0,1,1
22.130808438,1,1,1,1,1,1,1,1,1,0,1,1,1,1
22.130824687,1,1,1,1,1,1,1,1,1,0,1,0,1,1
22.130825250,1,1,1,1,1,1,1,1,1,0,1,1,1,1
22.130841500,1,1,1,1,1,1,1,1,1,0,1,0,1,1
22.130842063,1,1,1,1,1,1,1,1,1,0,1,1,1,1
22.130858312,1,1,1,1,1,1,1,1,1,0,1,0,1,1
22.130858875,1,1,1,1,1,1,1,1,1,0,1,1,1,1
22.130875062,1,1,1,1,1,1,1,1,1,0,1,0,1,1
22.130875625,1,1,1,1,1,1,1,1,1,0,1,1,1,1
22.130891875,1,1,1,1,1,1,1,1,1,0,1,0,1,1
22.130892437,1,1,1,1,1,1,1,1,1,0,1,1,1,1
22.130908687,1,1,1,1,1,1,1,1,1,0,1,0,1,1
22.130909250,1,1,1,1,1,1,1,1,1,0,1,1,1,1
22.130925500,1,1,1,1,1,1,1,1,1,0,1,0,1,1
22.130926062,1,1,1,1,1,1,1,1,1,0,1,1,1,1
22.130942875,1,1,1,1,1,1,1,1,1,0,1,0,1,1
22.130943438,1,1,1,1,1,1,1,1,1,0,1,1,1,1
22.130959875,1,1,1,1,1,1,1,1,1,0,1,0,1,1
22.130960438,1,1,1,1,1,1,1,1,1,0,1,1,1,1
22.130976687,1,1,1,1,1,1,1,1,1,0,1,0,1,1
22.130977250,1,1,1,1,1,1,1,1,1,0,1,1,1,1
22.130993500,1,1,1,1,1,1,1,1,1,0,1,0,1,1
22.130994000,1,1,1,1,1,1,1,1,1,0,1,1,1,1
22.131010250,1,1,1,1,1,1,1,1,1,0,1,0,1,1
22.131010813,1,1,1,1,1,1,1,1,1,0,1,1,1,1
22.131027063,1,1,1,1,1,1,1,1,1,0,1,0,1,1
22.131027625,1,1,1,1,1,1,1,1,1,0,1,1,1,1
22.131043875,1,1,1,1,1,1,1,1,1,0,1,0,1,1
22.131044438,1,1,1,1,1,1,1,1,1,0,1,1,1,1
22.131060687,1,1,1,1,1,1,1,1,1,0,1,0,1,1
22.131061250,1,1,1,1,1,1,1,1,1,0,1,1,1,1
22.131077438,1,1,1,1,1,1,1,1,1,0,1,0,1,1
22.131078000,1,1,1,1,1,1,1,1,1,0,1,1,1,1
22.131094250,1,1,1,1,1,1,1,1,1,0,1,0,1,1
22.131094812,1,1,1,1,1,1,1,1,1,0,1,1,1,1
22.131111063,1,1,1,1,1,1,1,1,1,0,1,0,1,1
22.131111625,1,1,1,1,1,1,1,1,1,0,1,1,1,1
22.131128437,1,1,1,1,1,1,1,1,1,0,1,0,1,1
22.131129000,1,1,1,1,1,1,1,1,1,0,1,1,1,1
22.131145437,1,1,1,1,1,1,1,1,1,0,1,0,1,1
22.131146000,1,1,1,1,1,1,1,1,1,0,1,1,1,1
22.131162250,1,1,1,1,1,1,1,1,1,0,1,0,1,1
22.131162813,1,1,1,1,1,1,1,1,1,0,1,1,1,1
22.131179062,1,1,1,1,1,1,1,1,1,0,1,0,1,1
22.131179625,1,1,1,1,1,1,1,1,1,0,1,1,1,1
22.131195875,1,1,1,1,1,1,1,1,1,0,1,0,1,1
22.131196438,1,1,1,1,1,1,1,1,1,0,1,1,1,1
22.131212625,1,1,1,1,1,1,1,1,1,0,1,0,1,1
22.131213187,1,1,1,1,1,1,1,1,1,0,1,1,1,1
22.131229438,1,1,1,1,1,1,1,1,1,0,1,0,1,1
22.131230000,1,1,1,1,1,1,1,1,1,0,1,1,1,1
22.131246250,1,1,1,1,1,1,1,1,1,0,1,0,1,1
22.131246812,1,1,1,1,1,1,1,1,1,0,1,1,1,1
22.131263063,1,1,1,1,1,1,1,1,1,0,1,0,1,1
22.131263625,1,1,1,1,1,1,1,1,1,0,1,1,1,1
22.131279875,1,1,1,1,1,1,1,1,1,0,1,0,1,1
22.131280375,1,1,1,1,1,1,1,1,1,0,1,1,1,1
22.131296625,1,1,1,1,1,1,1,1,1,0,1,0,1,1
22.131297187,1,1,1,1,1,1,1,1,1,0,1,1,1,1
22.131314062,1,1,1,1,1,1,1,1,1,0,1,0,1,1
22.131314625,1,1,1,1,1,1,1,1,1,0,1,1,1,1
22.131331062,1,1,1,1,1,1,1,1,1,0,1,0,1,1
22.131331563,1,1,1,1,1,1,1,1,1,0,1,1,1,1
22.131347812,1,1,1,1,1,1,1,1,1,0,1,0,1,1
22.131348375,1,1,1,1,1,1,1,1,1,0,1,1,1,1
22.131364625,1,1,1,1,1,1,1,1,1,0,1,0,1,1
22.131365187,1,1,1,1,1,1,1,1,1,0,1,1,1,1
22.131381437,1,1,1,1,1,1,1,1,1,0,1,0,1,1
22.131382000,1,1,1,1,1,1,1,1,1,0,1,1,1,1
22.131398250,1,1,1,1,1,1,1,1,1,0,1,0,1,1
22.131398812,1,1,1,1,1,1,1,1,1,0,1,1,1,1
22.131415063,1,1,1,1,1,1,1,1,1,0,1,0,1,1
22.131415562,1,1,1,1,1,1,1,1,1,0,1,1,1,1
22.131431813,1,1,1,1,1,1,1,1,1,0,1,0,1,1
22.131432375,1,1,1,1,1,1,1,1,1,0,1,1,1,1
22.131448625,1,1,1,1,1,1,1,1,1,0,1,0,1,1
22.131449187,1,1,1,1,1,1,1,1,1,0,1,1,1,1
22.131465438,1,1,1,1,1,1,1,1,1,0,1,0,1,1
22.131466000,1,1,1,1,1,1,1,1,1,0,1,1,1,1
22.131482250,1,1,1,1,1,1,1,1,1,0,1,0,1,1
22.131482812,1,1,1,1,1,1,1,1,1,0,1,1,1,1
22.131499625,1,1,1,1,1,1,1,1,1,0,1,0,1,1
22.131500187,1,1,1,1,1,1,1,1,1,0,1,1,1,1
22.131516625,1,1,1,1,1,1,1,1,1,0,1,0,1,1
22.131517187,1,1,1,1,1,1,1,1,1,0,1,1,1,1
22.131533437,1,1,1,1,1,1,1,1,1,0,1,0,1,1
22.131534000,1,1,1,1,1,1,1,1,1,0,1,1,1,1
22.131550250,1,1,1,1,1,1,1,1,1,0,1,0,1,1
22.131550812,1,1,1,1,1,1,1,1,1,0,1,1,1,1
22.131567000,1,1,1,1,1,1,1,1,1,0,1,0,1,1
22.131567562,1,1,1,1,1,1,1,1,1,0,1,1,1,1
22.131583813,1,1,1,1,1,1,1,1,1,0,1,0,1,1
22.131584375,1,1,1,1,1,1,1,1,1,0,1,1,1,1
22.131600625,1,1,1,1,1,1,1,1,1,0,1,0,1,1
22.131601187,1,1,1,1,1,1,1,1,1,0,1,1,1,1
22.131617438,1,1,1,1,1,1,1,1,1,0,1,0,1,1
22.131618000,1,1,1,1,1,1,1,1,1,0,1,1,1,1
22.131634188,1,1,1,1,1,1,1,1,1,0,1,0,1,1
22.131634750,1,1,1,1,1,1,1,1,1,0,1,1,1,1
22.131651000,1,1,1,1,1,1,1,1,1,0,1,0,1,1
22.131651563,1,1,1,1,1,1,1,1,1,0,1,1,1,1
22.131667813,1,1,1,1,1,1,1,1,1,0,1,0,1,1
22.131668375,1,1,1,1,1,1,1,1,1,0,1,1,1,1
22.131685188,1,1,1,1,1,1,1,1,1,0,1,0,1,1
22.131685750,1,1,1,1,1,1,1,1,1,0,1,1,1,1
22.131702188,1,1,1,1,1,1,1,1,1,0,1,0,1,1
22.131702750,1,1,1,1,1,1,1,1,1,0,1,1,1,1
22.131719000,1,1,1,1,1,1,1,1,1,0,1,0,1,1
22.131719562,1,1,1,1,1,1,1,1,1,0,1,1,1,1
22.131735813,1,1,1,1,1,1,1,1,1,0,1,0,1,1
22.131736375,1,1,1,1,1,1,1,1,1,0,1,1,1,1
22.131752625,1,1,1,1,1,1,1,1,1,0,1,0,1,1
22.131753187,1,1,1,1,1,1,1,1,1,0,1,1,1,1
22.131769375,1,1,1,1,1,1,1,1,1,0,1,0,1,1
22.131769937,1,1,1,1,1,1,1,1,1,0,1,1,1,1
22.131786188,1,1,1,1,1,1,1,1,1,0,1,0,1,1
22.131786750,1,1,1,1,1,1,1,1,1,0,1,1,1,1
22.131803000,1,1,1,1,1,1,1,1,1,0,1,0,1,1
22.131803563,1,1,1,1,1,1,1,1,1,0,1,1,1,1
22.131819813,1,1,1,1,1,1,1,1,1,0,1,0,1,1
22.131820375,1,1,1,1,1,1,1,1,1,0,1,1,1,1
22.131836562,1,1,1,1,1,1,1,1,1,0,1,0,1,1
22.131837125,1,1,1,1,1,1,1,1,1,0,1,1,1,1
22.131853375,1,1,1,1,1,1,1,1,1,0,1,0,1,1
22.131853938,1,1,1,1,1,1,1,1,1,0,1,1,1,1
22.131870813,1,1,1,1,1,1,1,1,1,0,1,0,1,1
22.131871375,1,1,1,1,1,1,1,1,1,0,1,1,1,1
22.131887813,1,1,1,1,1,1,1,1,1,0,1,0,1,1
22.131888375,1,1,1,1,1,1,1,1,1,0,1,1,1,1
22.131904563,1,1,1,1,1,1,1,1,1,0,1,0,1,1
22.131905125,1,1,1,1,1,1,1,1,1,0,1,1,1,1
22.131921375,1,1,1,1,1,1,1,1,1,0,1,0,1,1
22.131921937,1,1,1,1,1,1,1,1,1,0,1,1,1,1
22.131938188,1,1,1,1,1,1,1,1,1,0,1,0,1,1
22.131938750,1,1,1,1,1,1,1,1,1,0,1,1,1,1
22.131955000,1,1,1,1,1,1,1,1,1,0,1,0,1,1
22.131955562,1,1,1,1,1,1,1,1,1,0,1,1,1,1
22.131971750,1,1,1,1,1,1,1,1,1,0,1,0,1,1
22.131972313,1,1,1,1,1,1,1,1,1,0,1,1,1,1
22.131988562,1,1,1,1,1,1,1,1,1,0,1,0,1,1
22.131989125,1,1,1,1,1,1,1,1,1,0,1,1,1,1
22.132005375,1,1,1,1,1,1,1,1,1,0,1,0,1,1
22.132005938,1,1,1,1,1,1,1,1,1,0,1,1,1,1
22.132022187,1,1,1,1,1,1,1,1,1,0,1,0,1,1
22.132022750,1,1,1,1,1,1,1,1,1,0,1,1,1,1
22.132039000,1,1,1,1,1,1,1,1,1,0,1,0,1,1
22.132039563,1,1,1,1,1,1,1,1,1,0,1,1,1,1
22.132056375,1,1,1,1,1,1,1,1,1,0,1,0,1,1
22.132056937,1,1,1,1,1,1,1,1,1,0,1,1,1,1
22.132073375,1,1,1,1,1,1,1,1,1,0,1,0,1,1
22.132073937,1,1,1,1,1,1,1,1,1,0,1,1,1,1
22.132090188,1,1,1,1,1,1,1,1,1,0,1,0,1,1
22.132090750,1,1,1,1,1,1,1,1,1,0,1,1,1,1
22.132106938,1,1,1,1,1,1,1,1,1,0,1,0,1,1
22.132107500,1,1,1,1,1,1,1,1,1,0,1,1,1,1
22.132123750,1,1,1,1,1,1,1,1,1,0,1,0,1,1
22.132124313,1,1,1,1,1,1,1,1,1,0,1,1,1,1
22.132140562,1,1,1,1,1,1,1,1,1,0,1,0,1,1
22.132141125,1,1,1,1,1,1,1,1,1,0,1,1,1,1
22.132157375,1,1,1,1,1,1,1,1,1,0,1,0,1,1
22.132157938,1,1,1,1,1,1,1,1,1,0,1,1,1,1
22.132174187,1,1,1,1,1,1,1,1,1,0,1,0,1,1
22.132174688,1,1,1,1,1,1,1,1,1,0,1,1,1,1
22.132190937,1,1,1,1,1,1,1,1,1,0,1,0,1,1
22.132191500,1,1,1,1,1,1,1,1,1,0,1,1,1,1
22.132207750,1,1,1,1,1,1,1,1,1,0,1,0,1,1
22.132208313,1,1,1,1,1,1,1,1,1,0,1,1,1,1
22.132224562,1,1,1,1,1,1,1,1,1,0,1,0,1,1
22.132225125,1,1,1,1,1,1,1,1,1,0,1,1,1,1
22.132241938,1,1,1,1,1,1,1,1,1,0,1,0,1,1
22.132242500,1,1,1,1,1,1,1,1,1,0,1,1,1,1
22.132258938,1,1,1,1,1,1,1,1,1,0,1,0,1,1
22.132259500,1,1,1,1,1,1,1,1,1,0,1,1,1,1
22.132275750,1,1,1,1,1,1,1,1,1,0,1,0,1,1
22.132276313,1,1,1,1,1,1,1,1,1,0,1,1,1,1
22.132292563,1,1,1,1,1,1,1,1,1,0,1,0,1,1
22.132293125,1,1,1,1,1,1,1,1,1,0,1,1,1,1
22.132309375,1,1,1,1,1,1,1,1,1,0,1,0,1,1
22.132309938,1,1,1,1,1,1,1,1,1,0,1,1,1,1
22.132326125,1,1,1,1,1,1,1,1,1,0,1,0,1,1
22.132326688,1,1,1,1,1,1,1,1,1,0,1,1,1,1
22.132342937,1,1,1,1,1,1,1,1,1,0,1,0,1,1
22.132343500,1,1,1,1,1,1,1,1,1,0,1,1,1,1
22.132359750,1,1,1,1,1,1,1,1,1,0,1,0,1,1
22.132360313,1,1,1,1,1,1,1,1,1,0,1,1,1,1
22.132376562,1,1,1,1,1,1,1,1,1,0,1,0,1,1
22.132377125,1,1,1,1,1,1,1,1,1,0,1,1,1,1
22.132393312,1,1,1,1,1,1,1,1,1,0,1,0,1,1
22.132393875,1,1,1,1,1,1,1,1,1,0,1,1,1,1
22.132410125,1,1,1,1,1,1,1,1,1,0,1,0,1,1
22.132410687,1,1,1,1,1,1,1,1,1,0,1,1,1,1
22.132427562,1,1,1,1,1,1,1,1,1,0,1,0,1,1
22.132428125,1,1,1,1,1,1,1,1,1,0,1,1,1,1
22.132444563,1,1,1,1,1,1,1,1,1,0,1,0,1,1
22.132445125,1,1,1,1,1,1,1,1,1,0,1,1,1,1
22.132461312,1,1,1,1,1,1,1,1,1,0,1,0,1,1
22.132461875,1,1,1,1,1,1,1,1,1,0,1,1,1,1
22.132478125,1,1,1,1,1,1,1,1,1,0,1,0,1,1
22.132478688,1,1,1,1,1,1,1,1,1,0,1,1,1,1
22.132494937,1,1,1,1,1,1,1,1,1,0,1,0,1,1
22.132495500,1,1,1,1,1,1,1,1,1,0,1,1,1,1
22.132511750,1,1,1,1,1,1,1,1,1,0,1,0,1,1
22.132512313,1,1,1,1,1,1,1,1,1,0,1,1,1,1
22.132528500,1,1,1,1,1,1,1,1,1,0,1,0,1,1
22.132529063,1,1,1,1,1,1,1,1,1,0,1,1,1,1
22.132545312,1,1,1,1,1,1,1,1,1,0,1,0,1,1
22.132545875,1,1,1,1,1,1,1,1,1,0,1,1,1,1
22.132562125,1,1,1,1,1,1,1,1,1,0,1,0,1,1
22.132562687,1,1,1,1,1,1,1,1,1,0,1,1,1,1
22.132578937,1,1,1,1,1,1,1,1,1,0,1,0,1,1
22.132579500,1,1,1,1,1,1,1,1,1,0,1,1,1,1
22.132595750,1,1,1,1,1,1,1,1,1,0,1,0,1,1
22.132596250,1,1,1,1,1,1,1,1,1,0,1,1,1,1
22.132613125,1,1,1,1,1,1,1,1,1,0,1,0,1,1
22.132613688,1,1,1,1,1,1,1,1,1,0,1,1,1,1
22.132630125,1,1,1,1,1,1,1,1,1,0,1,0,1,1
22.132630688,1,1,1,1,1,1,1,1,1,0,1,1,1,1
22.132646937,1,1,1,1,1,1,1,1,1,0,1,0,1,1
22.132647500,1,1,1,1,1,1,1,1,1,0,1,1,1,1
22.132663687,1,1,1,1,1,1,1,1,1,0,1,0,1,1
22.132664250,1,1,1,1,1,1,1,1,1,0,1,1,1,1
22.132680500,1,1,1,1,1,1,1,1,1,0,1,0,1,1
22.132681063,1,1,1,1,1,1,1,1,1,0,1,1,1,1
22.132697312,1,1,1,1,1,1,1,1,1,0,1,0,1,1
22.132697875,1,1,1,1,1,1,1,1,1,0,1,1,1,1
22.132714125,1,1,1,1,1,1,1,1,1,0,1,0,1,1
22.132714687,1,1,1,1,1,1,1,1,1,0,1,1,1,1
22.132730937,1,1,1,1,1,1,1,1,1,0,1,0,1,1
22.132731437,1,1,1,1,1,1,1,1,1,0,1,1,1,1
22.132747688,1,1,1,1,1,1,1,1,1,0,1,0,1,1
22.132748250,1,1,1,1,1,1,1,1,1,0,1,1,1,1
22.132764500,1,1,1,1,1,1,1,1,1,0,1,0,1,1
22.132765062,1,1,1,1,1,1,1,1,1,0,1,1,1,1
22.132781313,1,1,1,1,1,1,1,1,1,0,1,0,1,1
22.132781875,1,1,1,1,1,1,1,1,1,0,1,1,1,1
22.132798687,1,1,1,1,1,1,1,1,1,0,1,0,1,1
22.132799250,1,1,1,1,1,1,1,1,1,0,1,1,1,1
22.132815687,1,1,1,1,1,1,1,1,1,0,1,0,1,1
22.132816250,1,1,1,1,1,1,1,1,1,0,1,1,1,1
22.132832500,1,1,1,1,1,1,1,1,1,0,1,0,1,1
22.132833063,1,1,1,1,1,1,1,1,1,0,1,1,1,1
22.132849312,1,1,1,1,1,1,1,1,1,0,1,0,1,1
22.132849875,1,1,1,1,1,1,1,1,1,0,1,1,1,1
22.132866125,1,1,1,1,1,1,1,1,1,0,1,0,1,1
22.132866688,1,1,1,1,1,1,1,1,1,0,1,1,1,1
22.132882875,1,1,1,1,1,1,1,1,1,0,1,0,1,1
22.132883437,1,1,1,1,1,1,1,1,1,0,1,1,1,1
22.132899688,1,1,1,1,1,1,1,1,1,0,1,0,1,1
22.132900250,1,1,1,1,1,1,1,1,1,0,1,1,1,1
22.132916500,1,1,1,1,1,1,1,1,1,0,1,0,1,1
22.132917062,1,1,1,1,1,1,1,1,1,0,1,1,1,1
22.132933313,1,1,1,1,1,1,1,1,1,0,1,0,1,1
22.132933875,1,1,1,1,1,1,1,1,1,0,1,1,1,1
22.132950063,1,1,1,1,1,1,1,1,1,0,1,0,1,1
22.132950625,1,1,1,1,1,1,1,1,1,0,1,1,1,1
22.132966875,1,1,1,1,1,1,1,1,1,0,1,0,1,1
22.132967437,1,1,1,1,1,1,1,1,1,0,1,1,1,1
22.132984312,1,1,1,1,1,1,1,1,1,0,1,0,1,1
22.132984812,1,1,1,1,1,1,1,1,1,0,1,1,1,1
22.133001312,1,1,1,1,1,1,1,1,1,0,1,0,1,1
22.133001813,1,1,1,1,1,1,1,1,1,0,1,1,1,1
22.133018062,1,1,1,1,1,1,1,1,1,0,1,0,1,1
22.133018625,1,1,1,1,1,1,1,1,1,0,1,1,1,1
22.133034875,1,1,1,1,1,1,1,1,1,0,1,0,1,1
22.133035437,1,1,1,1,1,1,1,1,1,0,1,1,1,1
22.133051688,1,1,1,1,1,1,1,1,1,0,1,0,1,1
22.133052250,1,1,1,1,1,1,1,1,1,0,1,1,1,1
22.133068500,1,1,1,1,1,1,1,1,1,0,1,0,1,1
22.133069062,1,1,1,1,1,1,1,1,1,0,1,1,1,1
22.133085250,1,1,1,1,1,1,1,1,1,0,1,0,1,1
22.133085812,1,1,1,1,1,1,1,1,1,0,1,1,1,1
22.133102063,1,1,1,1,1,1,1,1,1,0,1,0,1,1
22.133102625,1,1,1,1,1,1,1,1,1,0,1,1,1,1
22.133118875,1,1,1,1,1,1,1,1,1,0,1,0,1,1
22.133119437,1,1,1,1,1,1,1,1,1,0,1,1,1,1
22.133135688,1,1,1,1,1,1,1,1,1,0,1,0,1,1
22.133136250,1,1,1,1,1,1,1,1,1,0,1,1,1,1
22.133152500,1,1,1,1,1,1,1,1,1,0,1,0,1,1
22.133153000,1,1,1,1,1,1,1,1,1,0,1,1,1,1
22.133169875,1,1,1,1,1,1,1,1,1,0,1,0,1,1
22.133170437,1,1,1,1,1,1,1,1,1,0,1,1,1,1
22.133186875,1,1,1,1,1,1,1,1,1,0,1,0,1,1
22.133187437,1,1,1,1,1,1,1,1,1,0,1,1,1,1
22.133203688,1,1,1,1,1,1,1,1,1,0,1,0,1,1
22.133204250,1,1,1,1,1,1,1,1,1,0,1,1,1,1
22.133220438,1,1,1,1,1,1,1,1,1,0,1,0,1,1
22.133221000,1,1,1,1,1,1,1,1,1,0,1,1,1,1
22.133237250,1,1,1,1,1,1,1,1,1,0,1,0,1,1
22.133237812,1,1,1,1,1,1,1,1,1,0,1,1,1,1
22.133254063,1,1,1,1,1,1,1,1,1,0,1,0,1,1
22.133254625,1,1,1,1,1,1,1,1,1,0,1,1,1,1
22.133270875,1,1,1,1,1,1,1,1,1,0,1,0,1,1
22.133271437,1,1,1,1,1,1,1,1,1,0,1,1,1,1
22.133287688,1,1,1,1,1,1,1,1,1,0,1,0,1,1
22.133288187,1,1,1,1,1,1,1,1,1,0,1,1,1,1
22.133304438,1,1,1,1,1,1,1,1,1,0,1,0,1,1
22.133305000,1,1,1,1,1,1,1,1,1,0,1,1,1,1
22.133321250,1,1,1,1,1,1,1,1,1,0,1,0,1,1
22.133321813,1,1,1,1,1,1,1,1,1,0,1,1,1,1
22.133338062,1,1,1,1,1,1,1,1,1,0,1,0,1,1
22.133338625,1,1,1,1,1,1,1,1,1,0,1,1,1,1
22.133355438,1,1,1,1,1,1,1,1,1,0,1,0,1,1
22.133356000,1,1,1,1,1,1,1,1,1,0,1,1,1,1
22.133372438,1,1,1,1,1,1,1,1,1,0,1,0,1,1
22.133373000,1,1,1,1,1,1,1,1,1,0,1,1,1,1
22.133389250,1,1,1,1,1,1,1,1,1,0,1,0,1,1
22.133389812,1,1,1,1,1,1,1,1,1,0,1,1,1,1
22.133406063,1,1,1,1,1,1,1,1,1,0,1,0,1,1
22.133406625,1,1,1,1,1,1,1,1,1,0,1,1,1,1
22.133422875,1,1,1,1,1,1,1,1,1,0,1,0,1,1
22.133423375,1,1,1,1,1,1,1,1,1,0,1,1,1,1
22.133439625,1,1,1,1,1,1,1,1,1,0,1,0,1,1
22.133440187,1,1,1,1,1,1,1,1,1,0,1,1,1,1
22.133456438,1,1,1,1,1,1,1,1,1,0,1,0,1,1
22.133457000,1,1,1,1,1,1,1,1,1,0,1,1,1,1
22.133473250,1,1,1,1,1,1,1,1,1,0,1,0,1,1
22.133473813,1,1,1,1,1,1,1,1,1,0,1,1,1,1
22.133490063,1,1,1,1,1,1,1,1,1,0,1,0,1,1
22.133490625,1,1,1,1,1,1,1,1,1,0,1,1,1,1
22.133506812,1,1,1,1,1,1,1,1,1,0,1,0,1,1
22.133507375,1,1,1,1,1,1,1,1,1,0,1,1,1,1
22.133523625,1,1,1,1,1,1,1,1,1,0,1,0,1,1
22.133524188,1,1,1,1,1,1,1,1,1,0,1,1,1,1
22.133541063,1,1,1,1,1,1,1,1,1,0,1,0,1,1
22.133541562,1,1,1,1,1,1,1,1,1,0,1,1,1,1
22.133558063,1,1,1,1,1,1,1,1,1,0,1,0,1,1
22.133558562,1,1,1,1,1,1,1,1,1,0,1,1,1,1
22.133574813,1,1,1,1,1,1,1,1,1,0,1,0,1,1
22.133575375,1,1,1,1,1,1,1,1,1,0,1,1,1,1
22.133591625,1,1,1,1,1,1,1,1,1,0,1,0,1,1
22.133592187,1,1,1,1,1,1,1,1,1,0,1,1,1,1
22.133608438,1,1,1,1,1,1,1,1,1,0,1,0,1,1
22.133609000,1,1,1,1,1,1,1,1,1,0,1,1,1,1
22.133625250,1,1,1,1,1,1,1,1,1,0,1,0,1,1
22.133625750,1,1,1,1,1,1,1,1,1,0,1,1,1,1
22.133642000,1,1,1,1,1,1,1,1,1,0,1,0,1,1
22.133642625,1,1,1,1,1,1,1,1,1,0,1,1,1,1
22.133658812,1,1,1,1,1,1,1,1,1,0,1,0,1,1
22.133659375,1,1,1,1,1,1,1,1,1,0,1,1,1,1
22.133675625,1,1,1,1,1,1,1,1,1,0,1,0,1,1
22.133676188,1,1,1,1,1,1,1,1,1,0,1,1,1,1
22.133692437,1,1,1,1,1,1,1,1,1,0,1,0,1,1
22.133693000,1,1,1,1,1,1,1,1,1,0,1,1,1,1
22.133709187,1,1,1,1,1,1,1,1,1,0,1,0,1,1
22.133709750,1,1,1,1,1,1,1,1,1,0,1,1,1,1
22.133726625,1,1,1,1,1,1,1,1,1,0,1,0,1,1
22.133727187,1,1,1,1,1,1,1,1,1,0,1,1,1,1
22.133743625,1,1,1,1,1,1,1,1,1,0,1,0,1,1
22.133744187,1,1,1,1,1,1,1,1,1,0,1,1,1,1
22.133760438,1,1,1,1,1,1,1,1,1,0,1,0,1,1
22.133761000,1,1,1,1,1,1,1,1,1,0,1,1,1,1
22.133777188,1,1,1,1,1,1,1,1,1,0,1,0,1,1
22.133777750,1,1,1,1,1,1,1,1,1,0,1,1,1,1
22.133794000,1,1,1,1,1,1,1,1,1,0,1,0,1,1
22.133794563,1,1,1,1,1,1,1,1,1,0,1,1,1,1
22.133810812,1,1,1,1,1,1,1,1,1,0,1,0,1,1
22.133811375,1,1,1,1,1,1,1,1,1,0,1,1,1,1
22.133827625,1,1,1,1,1,1,1,1,1,0,1,0,1,1
22.133828188,1,1,1,1,1,1,1,1,1,0,1,1,1,1
22.133844375,1,1,1,1,1,1,1,1,1,0,1,0,1,1
22.133844938,1,1,1,1,1,1,1,1,1,0,1,1,1,1
22.133861187,1,1,1,1,1,1,1,1,1,0,1,0,1,1
22.133861750,1,1,1,1,1,1,1,1,1,0,1,1,1,1
22.133878000,1,1,1,1,1,1,1,1,1,0,1,0,1,1
22.133878563,1,1,1,1,1,1,1,1,1,0,1,1,1,1
22.133894812,1,1,1,1,1,1,1,1,1,0,1,0,1,1
22.133895375,1,1,1,1,1,1,1,1,1,0,1,1,1,1
22.133912187,1,1,1,1,1,1,1,1,1,0,1,0,1,1
22.133912750,1,1,1,1,1,1,1,1,1,0,1,1,1,1
22.133929188,1,1,1,1,1,1,1,1,1,0,1,0,1,1
22.133929750,1,1,1,1,1,1,1,1,1,0,1,1,1,1
22.133946000,1,1,1,1,1,1,1,1,1,0,1,0,1,1
22.133946563,1,1,1,1,1,1,1,1,1,0,1,1,1,1
22.134126563,1,1,1,1,1,1,1,1,1,0,1,0,1,1
22.134127062,1,1,1,1,1,1,1,1,1,0,1,1,1,1
22.134143375,1,1,1,1,1,1,1,1,1,0,1,0,1,1
22.134143937,1,1,1,1,1,1,1,1,1,0,1,1,1,1
22.134160750,1,1,1,1,1,1,1,1,1,0,1,0,1,1
22.134161313,1,1,1,1,1,1,1,1,1,0,1,1,1,1
22.134177750,1,1,1,1,1,1,1,1,1,0,1,0,1,1
22.134178313,1,1,1,1,1,1,1,1,1,0,1,1,1,1
22.134194750,1,1,1,1,1,1,1,1,1,0,1,0,1,1
22.134195313,1,1,1,1,1,1,1,1,1,0,1,1,1,1
22.134211562,1,1,1,1,1,1,1,1,1,0,1,0,1,1
22.134212125,1,1,1,1,1,1,1,1,1,0,1,1,1,1
22.134228375,1,1,1,1,1,1,1,1,1,0,1,0,1,1
22.134228938,1,1,1,1,1,1,1,1,1,0,1,1,1,1
22.134245187,1,1,1,1,1,1,1,1,1,0,1,0,1,1
22.134245750,1,1,1,1,1,1,1,1,1,0,1,1,1,1
22.134261937,1,1,1,1,1,1,1,1,1,0,1,0,1,1
22.134262500,1,1,1,1,1,1,1,1,1,0,1,1,1,1
22.134279187,1,1,1,1,1,1,1,1,1,0,1,0,1,1
22.134279750,1,1,1,1,1,1,1,1,1,0,1,1,1,1
22.134296187,1,1,1,1,1,1,1,1,1,0,1,0,1,1
22.134296750,1,1,1,1,1,1,1,1,1,0,1,1,1,1
22.134312937,1,1,1,1,1,1,1,1,1,0,1,0,1,1
22.134313500,1,1,1,1,1,1,1,1,1,0,1,1,1,1
22.134329750,1,1,1,1,1,1,1,1,1,0,1,0,1,1
22.134330313,1,1,1,1,1,1,1,1,1,0,1,1,1,1
22.134347375,1,1,1,1,1,1,1,1,1,0,1,0,1,1
22.134347875,1,1,1,1,1,1,1,1,1,0,1,1,1,1
22.134364375,1,1,1,1,1,1,1,1,1,0,1,0,1,1
22.134364875,1,1,1,1,1,1,1,1,1,0,1,1,1,1
22.134381125,1,1,1,1,1,1,1,1,1,0,1,0,1,1
22.134381687,1,1,1,1,1,1,1,1,1,0,1,1,1,1
22.134398562,1,1,1,1,1,1,1,1,1,0,1,0,1,1
22.134399125,1,1,1,1,1,1,1,1,1,0,1,1,1,1
22.134415562,1,1,1,1,1,1,1,1,1,0,1,0,1,1
22.134416125,1,1,1,1,1,1,1,1,1,0,1,1,1,1
22.134432750,1,1,1,1,1,1,1,1,1,0,1,0,1,1
22.134433313,1,1,1,1,1,1,1,1,1,0,1,1,1,1
22.134449562,1,1,1,1,1,1,1,1,1,0,1,0,1,1
22.134450125,1,1,1,1,1,1,1,1,1,0,1,1,1,1
22.134466750,1,1,1,1,1,1,1,1,1,0,1,0,1,1
22.134467312,1,1,1,1,1,1,1,1,1,0,1,1,1,1
22.134483938,1,1,1,1,1,1,1,1,1,0,1,0,1,1
22.134484500,1,1,1,1,1,1,1,1,1,0,1,1,1,1
22.134500750,1,1,1,1,1,1,1,1,1,0,1,0,1,1
22.134501312,1,1,1,1,1,1,1,1,1,0,1,1,1,1
22.134517938,1,1,1,1,1,1,1,1,1,0,1,0,1,1
22.134518500,1,1,1,1,1,1,1,1,1,0,1,1,1,1
22.134535125,1,1,1,1,1,1,1,1,1,0,1,0,1,1
22.134535688,1,1,1,1,1,1,1,1,1,0,1,1,1,1
22.134552125,1,1,1,1,1,1,1,1,1,0,1,0,1,1
22.134552750,1,1,1,1,1,1,1,1,1,0,1,1,1,1
22.134568937,1,1,1,1,1,1,1,1,1,0,1,0,1,1
22.134569500,1,1,1,1,1,1,1,1,1,0,1,1,1,1
22.134586313,1,1,1,1,1,1,1,1,1,0,1,0,1,1
22.134586875,1,1,1,1,1,1,1,1,1,0,1,1,1,1
22.134603312,1,1,1,1,1,1,1,1,1,0,1,0,1,1
22.134603875,1,1,1,1,1,1,1,1,1,0,1,1,1,1
22.134620313,1,1,1,1,1,1,1,1,1,0,1,0,1,1
22.134620875,1,1,1,1,1,1,1,1,1,0,1,1,1,1
22.134637125,1,1,1,1,1,1,1,1,1,0,1,0,1,1
22.134637687,1,1,1,1,1,1,1,1,1,0,1,1,1,1
22.134654500,1,1,1,1,1,1,1,1,1,0,1,0,1,1
22.134655062,1,1,1,1,1,1,1,1,1,0,1,1,1,1
22.134671500,1,1,1,1,1,1,1,1,1,0,1,0,1,1
22.134672063,1,1,1,1,1,1,1,1,1,0,1,1,1,1
22.134688312,1,1,1,1,1,1,1,1,1,0,1,0,1,1
22.134688875,1,1,1,1,1,1,1,1,1,0,1,1,1,1
22.134705125,1,1,1,1,1,1,1,1,1,0,1,0,1,1
22.134705687,1,1,1,1,1,1,1,1,1,0,1,1,1,1
22.134721938,1,1,1,1,1,1,1,1,1,0,1,0,1,1
22.134722500,1,1,1,1,1,1,1,1,1,0,1,1,1,1
22.134738750,1,1,1,1,1,1,1,1,1,0,1,0,1,1
22.134739312,1,1,1,1,1,1,1,1,1,0,1,1,1,1
22.134755500,1,1,1,1,1,1,1,1,1,0,1,0,1,1
22.134756062,1,1,1,1,1,1,1,1,1,0,1,1,1,1
22.134772313,1,1,1,1,1,1,1,1,1,0,1,0,1,1
22.134772875,1,1,1,1,1,1,1,1,1,0,1,1,1,1
22.134789125,1,1,1,1,1,1,1,1,1,0,1,0,1,1
22.134789687,1,1,1,1,1,1,1,1,1,0,1,1,1,1
22.134805938,1,1,1,1,1,1,1,1,1,0,1,0,1,1
22.134806500,1,1,1,1,1,1,1,1,1,0,1,1,1,1
22.134822688,1,1,1,1,1,1,1,1,1,0,1,0,1,1
22.134823250,1,1,1,1,1,1,1,1,1,0,1,1,1,1
22.134840125,1,1,1,1,1,1,1,1,1,0,1,0,1,1
22.134840687,1,1,1,1,1,1,1,1,1,0,1,1,1,1
22.134857125,1,1,1,1,1,1,1,1,1,0,1,0,1,1
22.134857687,1,1,1,1,1,1,1,1,1,0,1,1,1,1
22.134873938,1,1,1,1,1,1,1,1,1,0,1,0,1,1
22.134874437,1,1,1,1,1,1,1,1,1,0,1,1,1,1
22.134890688,1,1,1,1,1,1,1,1,1,0,1,0,1,1
22.134891250,1,1,1,1,1,1,1,1,1,0,1,1,1,1
22.134907500,1,1,1,1,1,1,1,1,1,0,1,0,1,1
22.134908062,1,1,1,1,1,1,1,1,1,0,1,1,1,1
22.134924313,1,1,1,1,1,1,1,1,1,0,1,0,1,1
22.134924875,1,1,1,1,1,1,1,1,1,0,1,1,1,1
22.134941125,1,1,1,1,1,1,1,1,1,0,1,0,1,1
22.134941687,1,1,1,1,1,1,1,1,1,0,1,1,1,1
22.134957875,1,1,1,1,1,1,1,1,1,0,1,0,1,1
22.134958437,1,1,1,1,1,1,1,1,1,0,1,1,1,1
22.134974688,1,1,1,1,1,1,1,1,1,0,1,0,1,1
22.134975250,1,1,1,1,1,1,1,1,1,0,1,1,1,1
22.134991500,1,1,1,1,1,1,1,1,1,0,1,0,1,1
22.134992063,1,1,1,1,1,1,1,1,1,0,1,1,1,1
22.135008312,1,1,1,1,1,1,1,1,1,0,1,0,1,1
22.135008875,1,1,1,1,1,1,1,1,1,0,1,1,1,1
22.135025688,1,1,1,1,1,1,1,1,1,0,1,0,1,1
22.135026250,1,1,1,1,1,1,1,1,1,0,1,1,1,1
22.135042688,1,1,1,1,1,1,1,1,1,0,1,0,1,1
22.135043250,1,1,1,1,1,1,1,1,1,0,1,1,1,1
22.135059500,1,1,1,1,1,1,1,1,1,0,1,0,1,1
22.135060062,1,1,1,1,1,1,1,1,1,0,1,1,1,1
22.135076313,1,1,1,1,1,1,1,1,1,0,1,0,1,1
22.135076875,1,1,1,1,1,1,1,1,1,0,1,1,1,1
22.135093063,1,1,1,1,1,1,1,1,1,0,1,0,1,1
22.135093625,1,1,1,1,1,1,1,1,1,0,1,1,1,1
22.135109875,1,1,1,1,1,1,1,1,1,0,1,0,1,1
22.135110437,1,1,1,1,1,1,1,1,1,0,1,1,1,1
22.135126688,1,1,1,1,1,1,1,1,1,0,1,0,1,1
22.135127250,1,1,1,1,1,1,1,1,1,0,1,1,1,1
22.135143500,1,1,1,1,1,1,1,1,1,0,1,0,1,1
22.135144063,1,1,1,1,1,1,1,1,1,0,1,1,1,1
22.135160312,1,1,1,1,1,1,1,1,1,0,1,0,1,1
22.135160813,1,1,1,1,1,1,1,1,1,0,1,1,1,1
22.135177062,1,1,1,1,1,1,1,1,1,0,1,0,1,1
22.135177625,1,1,1,1,1,1,1,1,1,0,1,1,1,1
22.135193875,1,1,1,1,1,1,1,1,1,0,1,0,1,1
22.135194438,1,1,1,1,1,1,1,1,1,0,1,1,1,1
22.135211250,1,1,1,1,1,1,1,1,1,0,1,0,1,1
22.135211812,1,1,1,1,1,1,1,1,1,0,1,1,1,1
22.135228250,1,1,1,1,1,1,1,1,1,0,1,0,1,1
22.135228812,1,1,1,1,1,1,1,1,1,0,1,1,1,1
22.135245063,1,1,1,1,1,1,1,1,1,0,1,0,1,1
22.135245625,1,1,1,1,1,1,1,1,1,0,1,1,1,1
22.135261875,1,1,1,1,1,1,1,1,1,0,1,0,1,1
22.135262437,1,1,1,1,1,1,1,1,1,0,1,1,1,1
22.135278688,1,1,1,1,1,1,1,1,1,0,1,0,1,1
22.135279250,1,1,1,1,1,1,1,1,1,0,1,1,1,1
22.135295500,1,1,1,1,1,1,1,1,1,0,1,0,1,1
22.135296000,1,1,1,1,1,1,1,1,1,0,1,1,1,1
22.135312250,1,1,1,1,1,1,1,1,1,0,1,0,1,1
22.135312813,1,1,1,1,1,1,1,1,1,0,1,1,1,1
22.135329062,1,1,1,1,1,1,1,1,1,0,1,0,1,1
22.135329625,1,1,1,1,1,1,1,1,1,0,1,1,1,1
22.135345875,1,1,1,1,1,1,1,1,1,0,1,0,1,1
22.135346438,1,1,1,1,1,1,1,1,1,0,1,1,1,1
22.135362687,1,1,1,1,1,1,1,1,1,0,1,0,1,1
22.135363250,1,1,1,1,1,1,1,1,1,0,1,1,1,1
22.135379437,1,1,1,1,1,1,1,1,1,0,1,0,1,1
22.135380000,1,1,1,1,1,1,1,1,1,0,1,1,1,1
22.135396875,1,1,1,1,1,1,1,1,1,0,1,0,1,1
22.135397437,1,1,1,1,1,1,1,1,1,0,1,1,1,1
22.135413875,1,1,1,1,1,1,1,1,1,0,1,0,1,1
22.135414437,1,1,1,1,1,1,1,1,1,0,1,1,1,1
22.135430688,1,1,1,1,1,1,1,1,1,0,1,0,1,1
22.135431188,1,1,1,1,1,1,1,1,1,0,1,1,1,1
22.135447438,1,1,1,1,1,1,1,1,1,0,1,0,1,1
22.135448000,1,1,1,1,1,1,1,1,1,0,1,1,1,1
22.135464250,1,1,1,1,1,1,1,1,1,0,1,0,1,1
22.135464813,1,1,1,1,1,1,1,1,1,0,1,1,1,1
22.135481062,1,1,1,1,1,1,1,1,1,0,1,0,1,1
22.135481625,1,1,1,1,1,1,1,1,1,0,1,1,1,1
22.135497875,1,1,1,1,1,1,1,1,1,0,1,0,1,1
22.135498438,1,1,1,1,1,1,1,1,1,0,1,1,1,1
22.135514625,1,1,1,1,1,1,1,1,1,0,1,0,1,1
22.135515188,1,1,1,1,1,1,1,1,1,0,1,1,1,1
22.135531437,1,1,1,1,1,1,1,1,1,0,1,0,1,1
22.135532000,1,1,1,1,1,1,1,1,1,0,1,1,1,1
22.135548250,1,1,1,1,1,1,1,1,1,0,1,0,1,1
22.135548813,1,1,1,1,1,1,1,1,1,0,1,1,1,1
22.135565062,1,1,1,1,1,1,1,1,1,0,1,0,1,1
22.135565625,1,1,1,1,1,1,1,1,1,0,1,1,1,1
22.135582437,1,1,1,1,1,1,1,1,1,0,1,0,1,1
22.135583000,1,1,1,1,1,1,1,1,1,0,1,1,1,1
22.135599438,1,1,1,1,1,1,1,1,1,0,1,0,1,1
22.135600000,1,1,1,1,1,1,1,1,1,0,1,1,1,1
22.135616250,1,1,1,1,1,1,1,1,1,0,1,0,1,1
22.135616813,1,1,1,1,1,1,1,1,1,0,1,1,1,1
22.135633062,1,1,1,1,1,1,1,1,1,0,1,0,1,1
22.135633625,1,1,1,1,1,1,1,1,1,0,1,1,1,1
22.135649812,1,1,1,1,1,1,1,1,1,0,1,0,1,1
22.135650375,1,1,1,1,1,1,1,1,1,0,1,1,1,1
22.135666625,1,1,1,1,1,1,1,1,1,0,1,0,1,1
22.135667187,1,1,1,1,1,1,1,1,1,0,1,1,1,1
22.135683437,1,1,1,1,1,1,1,1,1,0,1,0,1,1
22.135684000,1,1,1,1,1,1,1,1,1,0,1,1,1,1
22.135700250,1,1,1,1,1,1,1,1,1,0,1,0,1,1
22.135700813,1,1,1,1,1,1,1,1,1,0,1,1,1,1
22.135717000,1,1,1,1,1,1,1,1,1,0,1,0,1,1
22.135717563,1,1,1,1,1,1,1,1,1,0,1,1,1,1
22.135733812,1,1,1,1,1,1,1,1,1,0,1,0,1,1
22.135734375,1,1,1,1,1,1,1,1,1,0,1,1,1,1
22.135750625,1,1,1,1,1,1,1,1,1,0,1,0,1,1
22.135751187,1,1,1,1,1,1,1,1,1,0,1,1,1,1
22.135768000,1,1,1,1,1,1,1,1,1,0,1,0,1,1
22.135768563,1,1,1,1,1,1,1,1,1,0,1,1,1,1
22.135785000,1,1,1,1,1,1,1,1,1,0,1,0,1,1
22.135785563,1,1,1,1,1,1,1,1,1,0,1,1,1,1
22.135801812,1,1,1,1,1,1,1,1,1,0,1,0,1,1
22.135802375,1,1,1,1,1,1,1,1,1,0,1,1,1,1
22.135818625,1,1,1,1,1,1,1,1,1,0,1,0,1,1
22.135819188,1,1,1,1,1,1,1,1,1,0,1,1,1,1
22.135835437,1,1,1,1,1,1,1,1,1,0,1,0,1,1
22.135836000,1,1,1,1,1,1,1,1,1,0,1,1,1,1
22.135852187,1,1,1,1,1,1,1,1,1,0,1,0,1,1
22.135852750,1,1,1,1,1,1,1,1,1,0,1,1,1,1
22.135869000,1,1,1,1,1,1,1,1,1,0,1,0,1,1
22.135869563,1,1,1,1,1,1,1,1,1,0,1,1,1,1
22.135885812,1,1,1,1,1,1,1,1,1,0,1,0,1,1
22.135886375,1,1,1,1,1,1,1,1,1,0,1,1,1,1
22.135902625,1,1,1,1,1,1,1,1,1,0,1,0,1,1
22.135903187,1,1,1,1,1,1,1,1,1,0,1,1,1,1
22.135919438,1,1,1,1,1,1,1,1,1,0,1,0,1,1
22.135920000,1,1,1,1,1,1,1,1,1,0,1,1,1,1
22.135936188,1,1,1,1,1,1,1,1,1,0,1,0,1,1
22.135936750,1,1,1,1,1,1,1,1,1,0,1,1,1,1
22.135953625,1,1,1,1,1,1,1,1,1,0,1,0,1,1
22.135954188,1,1,1,1,1,1,1,1,1,0,1,1,1,1
22.135970625,1,1,1,1,1,1,1,1,1,0,1,0,1,1
22.135971188,1,1,1,1,1,1,1,1,1,0,1,1,1,1
22.135987375,1,1,1,1,1,1,1,1,1,0,1,0,1,1
22.135987938,1,1,1,1,1,1,1,1,1,0,1,1,1,1
22.136004187,1,1,1,1,1,1,1,1,1,0,1,0,1,1
22.136004750,1,1,1,1,1,1,1,1,1,0,1,1,1,1
22.136021000,1,1,1,1,1,1,1,1,1,0,1,0,1,1
22.136021563,1,1,1,1,1,1,1,1,1,0,1,1,1,1
22.136037812,1,1,1,1,1,1,1,1,1,0,1,0,1,1
22.136038375,1,1,1,1,1,1,1,1,1,0,1,1,1,1
22.136054625,1,1,1,1,1,1,1,1,1,0,1,0,1,1
22.136055125,1,1,1,1,1,1,1,1,1,0,1,1,1,1
22.136071375,1,1,1,1,1,1,1,1,1,0,1,0,1,1
22.136071937,1,1,1,1,1,1,1,1,1,0,1,1,1,1
22.136088188,1,1,1,1,1,1,1,1,1,0,1,0,1,1
22.136088750,1,1,1,1,1,1,1,1,1,0,1,1,1,1
22.136105000,1,1,1,1,1,1,1,1,1,0,1,0,1,1
22.136105562,1,1,1,1,1,1,1,1,1,0,1,1,1,1
22.136121813,1,1,1,1,1,1,1,1,1,0,1,0,1,1
22.136122375,1,1,1,1,1,1,1,1,1,0,1,1,1,1
22.136139187,1,1,1,1,1,1,1,1,1,0,1,0,1,1
22.136139750,1,1,1,1,1,1,1,1,1,0,1,1,1,1
22.136156187,1,1,1,1,1,1,1,1,1,0,1,0,1,1
22.136156750,1,1,1,1,1,1,1,1,1,0,1,1,1,1
22.136173000,1,1,1,1,1,1,1,1,1,0,1,0,1,1
22.136173563,1,1,1,1,1,1,1,1,1,0,1,1,1,1
22.136189812,1,1,1,1,1,1,1,1,1,0,1,0,1,1
22.136190312,1,1,1,1,1,1,1,1,1,0,1,1,1,1
22.136206562,1,1,1,1,1,1,1,1,1,0,1,0,1,1
22.136207125,1,1,1,1,1,1,1,1,1,0,1,1,1,1
22.136223375,1,1,1,1,1,1,1,1,1,0,1,0,1,1
22.136223937,1,1,1,1,1,1,1,1,1,0,1,1,1,1
22.136240188,1,1,1,1,1,1,1,1,1,0,1,0,1,1
22.136240750,1,1,1,1,1,1,1,1,1,0,1,1,1,1
22.136257000,1,1,1,1,1,1,1,1,1,0,1,0,1,1
22.136257562,1,1,1,1,1,1,1,1,1,0,1,1,1,1
22.136273750,1,1,1,1,1,1,1,1,1,0,1,0,1,1
22.136274312,1,1,1,1,1,1,1,1,1,0,1,1,1,1
22.136290563,1,1,1,1,1,1,1,1,1,0,1,0,1,1
22.136291125,1,1,1,1,1,1,1,1,1,0,1,1,1,1
22.136307375,1,1,1,1,1,1,1,1,1,0,1,0,1,1
22.136307937,1,1,1,1,1,1,1,1,1,0,1,1,1,1
22.136324750,1,1,1,1,1,1,1,1,1,0,1,0,1,1
22.136325312,1,1,1,1,1,1,1,1,1,0,1,1,1,1
22.136341750,1,1,1,1,1,1,1,1,1,0,1,0,1,1
22.136342312,1,1,1,1,1,1,1,1,1,0,1,1,1,1
22.136358562,1,1,1,1,1,1,1,1,1,0,1,0,1,1
22.136359125,1,1,1,1,1,1,1,1,1,0,1,1,1,1
22.136375375,1,1,1,1,1,1,1,1,1,0,1,0,1,1
22.136375937,1,1,1,1,1,1,1,1,1,0,1,1,1,1
22.136392188,1,1,1,1,1,1,1,1,1,0,1,0,1,1
22.136392750,1,1,1,1,1,1,1,1,1,0,1,1,1,1
22.136408938,1,1,1,1,1,1,1,1,1,0,1,0,1,1
22.136409500,1,1,1,1,1,1,1,1,1,0,1,1,1,1
22.136425750,1,1,1,1,1,1,1,1,1,0,1,0,1,1
22.136426312,1,1,1,1,1,1,1,1,1,0,1,1,1,1
22.136442563,1,1,1,1,1,1,1,1,1,0,1,0,1,1
22.136443125,1,1,1,1,1,1,1,1,1,0,1,1,1,1
22.136459375,1,1,1,1,1,1,1,1,1,0,1,0,1,1
22.136459937,1,1,1,1,1,1,1,1,1,0,1,1,1,1
22.136476188,1,1,1,1,1,1,1,1,1,0,1,0,1,1
22.136476688,1,1,1,1,1,1,1,1,1,0,1,1,1,1
22.136492938,1,1,1,1,1,1,1,1,1,0,1,0,1,1
22.136493500,1,1,1,1,1,1,1,1,1,0,1,1,1,1
22.136510375,1,1,1,1,1,1,1,1,1,0,1,0,1,1
22.136510937,1,1,1,1,1,1,1,1,1,0,1,1,1,1
22.136527375,1,1,1,1,1,1,1,1,1,0,1,0,1,1
22.136527937,1,1,1,1,1,1,1,1,1,0,1,1,1,1
22.136544125,1,1,1,1,1,1,1,1,1,0,1,0,1,1
22.136544687,1,1,1,1,1,1,1,1,1,0,1,1,1,1
22.136560938,1,1,1,1,1,1,1,1,1,0,1,0,1,1
22.136561500,1,1,1,1,1,1,1,1,1,0,1,1,1,1
22.136577750,1,1,1,1,1,1,1,1,1,0,1,0,1,1
22.136578312,1,1,1,1,1,1,1,1,1,0,1,1,1,1
22.136594563,1,1,1,1,1,1,1,1,1,0,1,0,1,1
22.136595125,1,1,1,1,1,1,1,1,1,0,1,1,1,1
22.136611375,1,1,1,1,1,1,1,1,1,0,1,0,1,1
22.136611875,1,1,1,1,1,1,1,1,1,0,1,1,1,1
22.136628125,1,1,1,1,1,1,1,1,1,0,1,0,1,1
22.136628688,1,1,1,1,1,1,1,1,1,0,1,1,1,1
22.136644938,1,1,1,1,1,1,1,1,1,0,1,0,1,1
22.136645500,1,1,1,1,1,1,1,1,1,0,1,1,1,1
22.136661750,1,1,1,1,1,1,1,1,1,0,1,0,1,1
22.136662313,1,1,1,1,1,1,1,1,1,0,1,1,1,1
22.136678562,1,1,1,1,1,1,1,1,1,0,1,0,1,1
22.136679125,1,1,1,1,1,1,1,1,1,0,1,1,1,1
22.136695938,1,1,1,1,1,1,1,1,1,0,1,0,1,1
22.136696500,1,1,1,1,1,1,1,1,1,0,1,1,1,1
22.136712938,1,1,1,1,1,1,1,1,1,0,1,0,1,1
22.136713500,1,1,1,1,1,1,1,1,1,0,1,1,1,1
22.136729750,1,1,1,1,1,1,1,1,1,0,1,0,1,1
22.136730312,1,1,1,1,1,1,1,1,1,0,1,1,1,1
22.136746563,1,1,1,1,1,1,1,1,1,0,1,0,1,1
22.136747062,1,1,1,1,1,1,1,1,1,0,1,1,1,1
22.136763313,1,1,1,1,1,1,1,1,1,0,1,0,1,1
22.136763875,1,1,1,1,1,1,1,1,1,0,1,1,1,1
22.136780125,1,1,1,1,1,1,1,1,1,0,1,0,1,1
22.136780687,1,1,1,1,1,1,1,1,1,0,1,1,1,1
22.136796938,1,1,1,1,1,1,1,1,1,0,1,0,1,1
22.136797500,1,1,1,1,1,1,1,1,1,0,1,1,1,1
22.136813750,1,1,1,1,1,1,1,1,1,0,1,0,1,1
22.136814313,1,1,1,1,1,1,1,1,1,0,1,1,1,1
22.136830500,1,1,1,1,1,1,1,1,1,0,1,0,1,1
22.136831063,1,1,1,1,1,1,1,1,1,0,1,1,1,1
22.136847312,1,1,1,1,1,1,1,1,1,0,1,0,1,1
22.136847875,1,1,1,1,1,1,1,1,1,0,1,1,1,1
22.136864125,1,1,1,1,1,1,1,1,1,0,1,0,1,1
22.136864688,1,1,1,1,1,1,1,1,1,0,1,1,1,1
22.136881500,1,1,1,1,1,1,1,1,1,0,1,0,1,1
22.136882062,1,1,1,1,1,1,1,1,1,0,1,1,1,1
22.136898500,1,1,1,1,1,1,1,1,1,0,1,0,1,1
22.136899062,1,1,1,1,1,1,1,1,1,0,1,1,1,1
22.136915313,1,1,1,1,1,1,1,1,1,0,1,0,1,1
22.136915875,1,1,1,1,1,1,1,1,1,0,1,1,1,1
22.136932125,1,1,1,1,1,1,1,1,1,0,1,0,1,1
22.136932687,1,1,1,1,1,1,1,1,1,0,1,1,1,1
22.136948938,1,1,1,1,1,1,1,1,1,0,1,0,1,1
22.136949500,1,1,1,1,1,1,1,1,1,0,1,1,1,1
22.136965688,1,1,1,1,1,1,1,1,1,0,1,0,1,1
22.136966250,1,1,1,1,1,1,1,1,1,0,1,1,1,1
22.136982500,1,1,1,1,1,1,1,1,1,0,1,0,1,1
22.136983063,1,1,1,1,1,1,1,1,1,0,1,1,1,1
22.136999312,1,1,1,1,1,1,1,1,1,0,1,0,1,1
22.136999875,1,1,1,1,1,1,1,1,1,0,1,1,1,1
22.137016125,1,1,1,1,1,1,1,1,1,0,1,0,1,1
22.137016688,1,1,1,1,1,1,1,1,1,0,1,1,1,1
22.137032875,1,1,1,1,1,1,1,1,1,0,1,0,1,1
22.137033438,1,1,1,1,1,1,1,1,1,0,1,1,1,1
22.137049687,1,1,1,1,1,1,1,1,1,0,1,0,1,1
22.137050250,1,1,1,1,1,1,1,1,1,0,1,1,1,1
22.137067125,1,1,1,1,1,1,1,1,1,0,1,0,1,1
22.137067688,1,1,1,1,1,1,1,1,1,0,1,1,1,1
22.137084125,1,1,1,1,1,1,1,1,1,0,1,0,1,1
22.137084687,1,1,1,1,1,1,1,1,1,0,1,1,1,1
22.137100875,1,1,1,1,1,1,1,1,1,0,1,0,1,1
22.137101438,1,1,1,1,1,1,1,1,1,0,1,1,1,1
22.137117688,1,1,1,1,1,1,1,1,1,0,1,0,1,1
22.137118250,1,1,1,1,1,1,1,1,1,0,1,1,1,1
22.137134500,1,1,1,1,1,1,1,1,1,0,1,0,1,1
22.137135063,1,1,1,1,1,1,1,1,1,0,1,1,1,1
22.137151312,1,1,1,1,1,1,1,1,1,0,1,0,1,1
22.137151875,1,1,1,1,1,1,1,1,1,0,1,1,1,1
22.137168062,1,1,1,1,1,1,1,1,1,0,1,0,1,1
22.137168625,1,1,1,1,1,1,1,1,1,0,1,1,1,1
22.137184875,1,1,1,1,1,1,1,1,1,0,1,0,1,1
22.137185438,1,1,1,1,1,1,1,1,1,0,1,1,1,1
22.137201687,1,1,1,1,1,1,1,1,1,0,1,0,1,1
22.137202250,1,1,1,1,1,1,1,1,1,0,1,1,1,1
22.137218500,1,1,1,1,1,1,1,1,1,0,1,0,1,1
22.137219063,1,1,1,1,1,1,1,1,1,0,1,1,1,1
22.137235312,1,1,1,1,1,1,1,1,1,0,1,0,1,1
22.137235875,1,1,1,1,1,1,1,1,1,0,1,1,1,1
22.137252687,1,1,1,1,1,1,1,1,1,0,1,0,1,1
22.137253250,1,1,1,1,1,1,1,1,1,0,1,1,1,1
22.137269688,1,1,1,1,1,1,1,1,1,0,1,0,1,1
22.137270250,1,1,1,1,1,1,1,1,1,0,1,1,1,1
22.137286500,1,1,1,1,1,1,1,1,1,0,1,0,1,1
22.137287063,1,1,1,1,1,1,1,1,1,0,1,1,1,1
22.137303250,1,1,1,1,1,1,1,1,1,0,1,0,1,1
22.137303813,1,1,1,1,1,1,1,1,1,0,1,1,1,1
22.137320062,1,1,1,1,1,1,1,1,1,0,1,0,1,1
22.137320625,1,1,1,1,1,1,1,1,1,0,1,1,1,1
22.137336875,1,1,1,1,1,1,1,1,1,0,1,0,1,1
22.137337438,1,1,1,1,1,1,1,1,1,0,1,1,1,1
22.137353687,1,1,1,1,1,1,1,1,1,0,1,0,1,1
22.137354250,1,1,1,1,1,1,1,1,1,0,1,1,1,1
22.137370500,1,1,1,1,1,1,1,1,1,0,1,0,1,1
22.137371063,1,1,1,1,1,1,1,1,1,0,1,1,1,1
22.137387250,1,1,1,1,1,1,1,1,1,0,1,0,1,1
22.137387812,1,1,1,1,1,1,1,1,1,0,1,1,1,1
22.137404062,1,1,1,1,1,1,1,1,1,0,1,0,1,1
22.137404625,1,1,1,1,1,1,1,1,1,0,1,1,1,1
22.137420875,1,1,1,1,1,1,1,1,1,0,1,0,1,1
22.137421437,1,1,1,1,1,1,1,1,1,0,1,1,1,1
22.137438250,1,1,1,1,1,1,1,1,1,0,1,0,1,1
22.137438813,1,1,1,1,1,1,1,1,1,0,1,1,1,1
22.137455250,1,1,1,1,1,1,1,1,1,0,1,0,1,1
22.137455813,1,1,1,1,1,1,1,1,1,0,1,1,1,1
22.137472062,1,1,1,1,1,1,1,1,1,0,1,0,1,1
22.137472625,1,1,1,1,1,1,1,1,1,0,1,1,1,1
22.137488875,1,1,1,1,1,1,1,1,1,0,1,0,1,1
22.137489438,1,1,1,1,1,1,1,1,1,0,1,1,1,1
22.137505688,1,1,1,1,1,1,1,1,1,0,1,0,1,1
22.137506250,1,1,1,1,1,1,1,1,1,0,1,1,1,1
22.137522437,1,1,1,1,1,1,1,1,1,0,1,0,1,1
22.137523000,1,1,1,1,1,1,1,1,1,0,1,1,1,1
22.137539250,1,1,1,1,1,1,1,1,1,0,1,0,1,1
22.137539812,1,1,1,1,1,1,1,1,1,0,1,1,1,1
22.137556062,1,1,1,1,1,1,1,1,1,0,1,0,1,1
22.137556625,1,1,1,1,1,1,1,1,1,0,1,1,1,1
22.137572875,1,1,1,1,1,1,1,1,1,0,1,0,1,1
22.137573437,1,1,1,1,1,1,1,1,1,0,1,1,1,1
22.137589625,1,1,1,1,1,1,1,1,1,0,1,0,1,1
22.137590187,1,1,1,1,1,1,1,1,1,0,1,1,1,1
22.137606438,1,1,1,1,1,1,1,1,1,0,1,0,1,1
22.137607000,1,1,1,1,1,1,1,1,1,0,1,1,1,1
22.137623875,1,1,1,1,1,1,1,1,1,0,1,0,1,1
22.137624438,1,1,1,1,1,1,1,1,1,0,1,1,1,1
22.137640875,1,1,1,1,1,1,1,1,1,0,1,0,1,1
22.137641375,1,1,1,1,1,1,1,1,1,0,1,1,1,1
22.137657625,1,1,1,1,1,1,1,1,1,0,1,0,1,1
22.137658188,1,1,1,1,1,1,1,1,1,0,1,1,1,1
22.137674437,1,1,1,1,1,1,1,1,1,0,1,0,1,1
22.137675000,1,1,1,1,1,1,1,1,1,0,1,1,1,1
22.137691250,1,1,1,1,1,1,1,1,1,0,1,0,1,1
22.137691813,1,1,1,1,1,1,1,1,1,0,1,1,1,1
22.137708062,1,1,1,1,1,1,1,1,1,0,1,0,1,1
22.137708625,1,1,1,1,1,1,1,1,1,0,1,1,1,1
22.137724813,1,1,1,1,1,1,1,1,1,0,1,0,1,1
22.137725375,1,1,1,1,1,1,1,1,1,0,1,1,1,1
22.137741625,1,1,1,1,1,1,1,1,1,0,1,0,1,1
22.137742187,1,1,1,1,1,1,1,1,1,0,1,1,1,1
22.137758438,1,1,1,1,1,1,1,1,1,0,1,0,1,1
22.137759000,1,1,1,1,1,1,1,1,1,0,1,1,1,1
22.137775250,1,1,1,1,1,1,1,1,1,0,1,0,1,1
22.137775812,1,1,1,1,1,1,1,1,1,0,1,1,1,1
22.137792063,1,1,1,1,1,1,1,1,1,0,1,0,1,1
22.137792562,1,1,1,1,1,1,1,1,1,0,1,1,1,1
22.137809437,1,1,1,1,1,1,1,1,1,0,1,0,1,1
22.137810000,1,1,1,1,1,1,1,1,1,0,1,1,1,1
22.137826437,1,1,1,1,1,1,1,1,1,0,1,0,1,1
22.137827000,1,1,1,1,1,1,1,1,1,0,1,1,1,1
22.137843250,1,1,1,1,1,1,1,1,1,0,1,0,1,1
22.137843813,1,1,1,1,1,1,1,1,1,0,1,1,1,1
22.137860000,1,1,1,1,1,1,1,1,1,0,1,0,1,1
22.137860562,1,1,1,1,1,1,1,1,1,0,1,1,1,1
22.137876813,1,1,1,1,1,1,1,1,1,0,1,0,1,1
22.137877375,1,1,1,1,1,1,1,1,1,0,1,1,1,1
22.137893625,1,1,1,1,1,1,1,1,1,0,1,0,1,1
22.137894187,1,1,1,1,1,1,1,1,1,0,1,1,1,1
22.137910438,1,1,1,1,1,1,1,1,1,0,1,0,1,1
22.137911000,1,1,1,1,1,1,1,1,1,0,1,1,1,1
22.137927250,1,1,1,1,1,1,1,1,1,0,1,0,1,1
22.137927750,1,1,1,1,1,1,1,1,1,0,1,1,1,1
22.137944000,1,1,1,1,1,1,1,1,1,0,1,0,1,1
22.137944562,1,1,1,1,1,1,1,1,1,0,1,1,1,1
22.137960813,1,1,1,1,1,1,1,1,1,0,1,0,1,1
22.137961375,1,1,1,1,1,1,1,1,1,0,1,1,1,1
22.137977625,1,1,1,1,1,1,1,1,1,0,1,0,1,1
22.137978187,1,1,1,1,1,1,1,1,1,0,1,1,1,1
22.137995000,1,1,1,1,1,1,1,1,1,0,1,0,1,1
22.137995562,1,1,1,1,1,1,1,1,1,0,1,1,1,1
22.138012000,1,1,1,1,1,1,1,1,1,0,1,0,1,1
22.138012562,1,1,1,1,1,1,1,1,1,0,1,1,1,1
22.138028812,1,1,1,1,1,1,1,1,1,0,1,0,1,1
22.138029375,1,1,1,1,1,1,1,1,1,0,1,1,1,1
22.138045625,1,1,1,1,1,1,1,1,1,0,1,0,1,1
22.138046187,1,1,1,1,1,1,1,1,1,0,1,1,1,1
22.138062438,1,1,1,1,1,1,1,1,1,0,1,0,1,1
22.138062937,1,1,1,1,1,1,1,1,1,0,1,1,1,1
22.138079188,1,1,1,1,1,1,1,1,1,0,1,0,1,1
22.138079750,1,1,1,1,1,1,1,1,1,0,1,1,1,1
22.138096000,1,1,1,1,1,1,1,1,1,0,1,0,1,1
22.138096562,1,1,1,1,1,1,1,1,1,0,1,1,1,1
22.138112813,1,1,1,1,1,1,1,1,1,0,1,0,1,1
22.138113375,1,1,1,1,1,1,1,1,1,0,1,1,1,1
22.138129625,1,1,1,1,1,1,1,1,1,0,1,0,1,1
22.138130187,1,1,1,1,1,1,1,1,1,0,1,1,1,1
22.138146375,1,1,1,1,1,1,1,1,1,0,1,0,1,1
22.138146938,1,1,1,1,1,1,1,1,1,0,1,1,1,1
22.138163187,1,1,1,1,1,1,1,1,1,0,1,0,1,1
22.138163750,1,1,1,1,1,1,1,1,1,0,1,1,1,1
22.138180625,1,1,1,1,1,1,1,1,1,0,1,0,1,1
22.138181125,1,1,1,1,1,1,1,1,1,0,1,1,1,1
22.138197625,1,1,1,1,1,1,1,1,1,0,1,0,1,1
22.138198125,1,1,1,1,1,1,1,1,1,0,1,1,1,1
22.138214375,1,1,1,1,1,1,1,1,1,0,1,0,1,1
22.138214938,1,1,1,1,1,1,1,1,1,0,1,1,1,1
22.138231188,1,1,1,1,1,1,1,1,1,0,1,0,1,1
22.138231750,1,1,1,1,1,1,1,1,1,0,1,1,1,1
22.138248000,1,1,1,1,1,1,1,1,1,0,1,0,1,1
22.138248562,1,1,1,1,1,1,1,1,1,0,1,1,1,1
22.138264813,1,1,1,1,1,1,1,1,1,0,1,0,1,1
22.138265375,1,1,1,1,1,1,1,1,1,0,1,1,1,1
22.138281563,1,1,1,1,1,1,1,1,1,0,1,0,1,1
22.138282125,1,1,1,1,1,1,1,1,1,0,1,1,1,1
22.138298375,1,1,1,1,1,1,1,1,1,0,1,0,1,1
22.138298938,1,1,1,1,1,1,1,1,1,0,1,1,1,1
22.138315188,1,1,1,1,1,1,1,1,1,0,1,0,1,1
22.138315750,1,1,1,1,1,1,1,1,1,0,1,1,1,1
22.138332000,1,1,1,1,1,1,1,1,1,0,1,0,1,1
22.138332563,1,1,1,1,1,1,1,1,1,0,1,1,1,1
22.138348813,1,1,1,1,1,1,1,1,1,0,1,0,1,1
22.138349313,1,1,1,1,1,1,1,1,1,0,1,1,1,1
22.138366188,1,1,1,1,1,1,1,1,1,0,1,0,1,1
22.138366750,1,1,1,1,1,1,1,1,1,0,1,1,1,1
22.138383188,1,1,1,1,1,1,1,1,1,0,1,0,1,1
22.138383750,1,1,1,1,1,1,1,1,1,0,1,1,1,1
22.138400000,1,1,1,1,1,1,1,1,1,0,1,0,1,1
22.138400562,1,1,1,1,1,1,1,1,1,0,1,1,1,1
22.138416750,1,1,1,1,1,1,1,1,1,0,1,0,1,1
22.138417312,1,1,1,1,1,1,1,1,1,0,1,1,1,1
22.138433563,1,1,1,1,1,1,1,1,1,0,1,0,1,1
22.138434125,1,1,1,1,1,1,1,1,1,0,1,1,1,1
22.138450375,1,1,1,1,1,1,1,1,1,0,1,0,1,1
22.138450938,1,1,1,1,1,1,1,1,1,0,1,1,1,1
22.138467188,1,1,1,1,1,1,1,1,1,0,1,0,1,1
22.138467750,1,1,1,1,1,1,1,1,1,0,1,1,1,1
22.138484000,1,1,1,1,1,1,1,1,1,0,1,0,1,1
22.138484500,1,1,1,1,1,1,1,1,1,0,1,1,1,1
22.138500750,1,1,1,1,1,1,1,1,1,0,1,0,1,1
22.138501313,1,1,1,1,1,1,1,1,1,0,1,1,1,1
22.138517562,1,1,1,1,1,1,1,1,1,0,1,0,1,1
22.138518125,1,1,1,1,1,1,1,1,1,0,1,1,1,1
22.138534375,1,1,1,1,1,1,1,1,1,0,1,0,1,1
22.138534938,1,1,1,1,1,1,1,1,1,0,1,1,1,1
22.138551750,1,1,1,1,1,1,1,1,1,0,1,0,1,1
22.138552312,1,1,1,1,1,1,1,1,1,0,1,1,1,1
22.138568750,1,1,1,1,1,1,1,1,1,0,1,0,1,1
22.138569312,1,1,1,1,1,1,1,1,1,0,1,1,1,1
22.138585563,1,1,1,1,1,1,1,1,1,0,1,0,1,1
22.138586125,1,1,1,1,1,1,1,1,1,0,1,1,1,1
22.138602375,1,1,1,1,1,1,1,1,1,0,1,0,1,1
22.138602937,1,1,1,1,1,1,1,1,1,0,1,1,1,1
22.138619188,1,1,1,1,1,1,1,1,1,0,1,0,1,1
22.138619688,1,1,1,1,1,1,1,1,1,0,1,1,1,1
22.138635937,1,1,1,1,1,1,1,1,1,0,1,0,1,1
22.138636500,1,1,1,1,1,1,1,1,1,0,1,1,1,1
22.138652750,1,1,1,1,1,1,1,1,1,0,1,0,1,1
22.138653313,1,1,1,1,1,1,1,1,1,0,1,1,1,1
22.138669562,1,1,1,1,1,1,1,1,1,0,1,0,1,1
22.138670125,1,1,1,1,1,1,1,1,1,0,1,1,1,1
22.138686375,1,1,1,1,1,1,1,1,1,0,1,0,1,1
22.138686938,1,1,1,1,1,1,1,1,1,0,1,1,1,1
22.138703125,1,1,1,1,1,1,1,1,1,0,1,0,1,1
22.138703688,1,1,1,1,1,1,1,1,1,0,1,1,1,1
22.138719937,1,1,1,1,1,1,1,1,1,0,1,0,1,1
22.138720500,1,1,1,1,1,1,1,1,1,0,1,1,1,1
22.138737375,1,1,1,1,1,1,1,1,1,0,1,0,1,1
22.138737875,1,1,1,1,1,1,1,1,1,0,1,1,1,1
22.138754313,1,1,1,1,1,1,1,1,1,0,1,0,1,1
22.138754875,1,1,1,1,1,1,1,1,1,0,1,1,1,1
22.138771125,1,1,1,1,1,1,1,1,1,0,1,0,1,1
22.138771688,1,1,1,1,1,1,1,1,1,0,1,1,1,1
22.138787937,1,1,1,1,1,1,1,1,1,0,1,0,1,1
22.138788500,1,1,1,1,1,1,1,1,1,0,1,1,1,1
22.138804750,1,1,1,1,1,1,1,1,1,0,1,0,1,1
22.138805313,1,1,1,1,1,1,1,1,1,0,1,1,1,1
22.138821562,1,1,1,1,1,1,1,1,1,0,1,0,1,1
22.138822125,1,1,1,1,1,1,1,1,1,0,1,1,1,1
22.138838312,1,1,1,1,1,1,1,1,1,0,1,0,1,1
22.138838875,1,1,1,1,1,1,1,1,1,0,1,1,1,1
22.138855125,1,1,1,1,1,1,1,1,1,0,1,0,1,1
22.138855688,1,1,1,1,1,1,1,1,1,0,1,1,1,1
22.138871937,1,1,1,1,1,1,1,1,1,0,1,0,1,1
22.138872500,1,1,1,1,1,1,1,1,1,0,1,1,1,1
22.138888750,1,1,1,1,1,1,1,1,1,0,1,0,1,1
22.138889313,1,1,1,1,1,1,1,1,1,0,1,1,1,1
22.138905500,1,1,1,1,1,1,1,1,1,0,1,0,1,1
22.138906062,1,1,1,1,1,1,1,1,1,0,1,1,1,1
22.138922937,1,1,1,1,1,1,1,1,1,0,1,0,1,1
22.138923500,1,1,1,1,1,1,1,1,1,0,1,1,1,1
22.138939938,1,1,1,1,1,1,1,1,1,0,1,0,1,1
22.138940500,1,1,1,1,1,1,1,1,1,0,1,1,1,1
22.138956750,1,1,1,1,1,1,1,1,1,0,1,0,1,1
22.138957313,1,1,1,1,1,1,1,1,1,0,1,1,1,1
22.138973500,1,1,1,1,1,1,1,1,1,0,1,0,1,1
22.138974063,1,1,1,1,1,1,1,1,1,0,1,1,1,1
22.138990312,1,1,1,1,1,1,1,1,1,0,1,0,1,1
22.138990875,1,1,1,1,1,1,1,1,1,0,1,1,1,1
22.139007125,1,1,1,1,1,1,1,1,1,0,1,0,1,1
22.139007688,1,1,1,1,1,1,1,1,1,0,1,1,1,1
22.139023937,1,1,1,1,1,1,1,1,1,0,1,0,1,1
22.139024500,1,1,1,1,1,1,1,1,1,0,1,1,1,1
22.139040687,1,1,1,1,1,1,1,1,1,0,1,0,1,1
22.139041250,1,1,1,1,1,1,1,1,1,0,1,1,1,1
22.139057500,1,1,1,1,1,1,1,1,1,0,1,0,1,1
22.139058063,1,1,1,1,1,1,1,1,1,0,1,1,1,1
22.139074313,1,1,1,1,1,1,1,1,1,0,1,0,1,1
22.139074875,1,1,1,1,1,1,1,1,1,0,1,1,1,1
22.139091125,1,1,1,1,1,1,1,1,1,0,1,0,1,1
22.139091687,1,1,1,1,1,1,1,1,1,0,1,1,1,1
22.139108500,1,1,1,1,1,1,1,1,1,0,1,0,1,1
22.139109063,1,1,1,1,1,1,1,1,1,0,1,1,1,1
22.139125500,1,1,1,1,1,1,1,1,1,0,1,0,1,1
22.139126063,1,1,1,1,1,1,1,1,1,0,1,1,1,1
22.139142312,1,1,1,1,1,1,1,1,1,0,1,0,1,1
22.139142875,1,1,1,1,1,1,1,1,1,0,1,1,1,1
22.139159125,1,1,1,1,1,1,1,1,1,0,1,0,1,1
22.139159688,1,1,1,1,1,1,1,1,1,0,1,1,1,1
22.139175875,1,1,1,1,1,1,1,1,1,0,1,0,1,1
22.139176438,1,1,1,1,1,1,1,1,1,0,1,1,1,1
22.139192687,1,1,1,1,1,1,1,1,1,0,1,0,1,1
22.139193250,1,1,1,1,1,1,1,1,1,0,1,1,1,1
22.139209500,1,1,1,1,1,1,1,1,1,0,1,0,1,1
22.139210062,1,1,1,1,1,1,1,1,1,0,1,1,1,1
22.139226312,1,1,1,1,1,1,1,1,1,0,1,0,1,1
22.139226875,1,1,1,1,1,1,1,1,1,0,1,1,1,1
22.139243125,1,1,1,1,1,1,1,1,1,0,1,0,1,1
22.139243625,1,1,1,1,1,1,1,1,1,0,1,1,1,1
22.139259875,1,1,1,1,1,1,1,1,1,0,1,0,1,1
22.139260437,1,1,1,1,1,1,1,1,1,0,1,1,1,1
22.139276688,1,1,1,1,1,1,1,1,1,0,1,0,1,1
22.139277250,1,1,1,1,1,1,1,1,1,0,1,1,1,1
22.139294062,1,1,1,1,1,1,1,1,1,0,1,0,1,1
22.139294625,1,1,1,1,1,1,1,1,1,0,1,1,1,1
22.139311062,1,1,1,1,1,1,1,1,1,0,1,0,1,1
22.139311625,1,1,1,1,1,1,1,1,1,0,1,1,1,1
22.139327875,1,1,1,1,1,1,1,1,1,0,1,0,1,1
22.139328438,1,1,1,1,1,1,1,1,1,0,1,1,1,1
22.139344687,1,1,1,1,1,1,1,1,1,0,1,0,1,1
22.139345250,1,1,1,1,1,1,1,1,1,0,1,1,1,1
22.139361500,1,1,1,1,1,1,1,1,1,0,1,0,1,1
22.139362062,1,1,1,1,1,1,1,1,1,0,1,1,1,1
22.139378312,1,1,1,1,1,1,1,1,1,0,1,0,1,1
22.139378812,1,1,1,1,1,1,1,1,1,0,1,1,1,1
22.139395063,1,1,1,1,1,1,1,1,1,0,1,0,1,1
22.139395625,1,1,1,1,1,1,1,1,1,0,1,1,1,1
22.139411875,1,1,1,1,1,1,1,1,1,0,1,0,1,1
22.139412437,1,1,1,1,1,1,1,1,1,0,1,1,1,1
22.139428688,1,1,1,1,1,1,1,1,1,0,1,0,1,1
22.139429250,1,1,1,1,1,1,1,1,1,0,1,1,1,1
22.139445500,1,1,1,1,1,1,1,1,1,0,1,0,1,1
22.139446062,1,1,1,1,1,1,1,1,1,0,1,1,1,1
22.139462250,1,1,1,1,1,1,1,1,1,0,1,0,1,1
22.139462812,1,1,1,1,1,1,1,1,1,0,1,1,1,1
22.139479687,1,1,1,1,1,1,1,1,1,0,1,0,1,1
22.139480250,1,1,1,1,1,1,1,1,1,0,1,1,1,1
22.139496687,1,1,1,1,1,1,1,1,1,0,1,0,1,1
22.139497250,1,1,1,1,1,1,1,1,1,0,1,1,1,1
22.139513500,1,1,1,1,1,1,1,1,1,0,1,0,1,1
22.139514000,1,1,1,1,1,1,1,1,1,0,1,1,1,1
22.139530250,1,1,1,1,1,1,1,1,1,0,1,0,1,1
22.139530812,1,1,1,1,1,1,1,1,1,0,1,1,1,1
22.139547063,1,1,1,1,1,1,1,1,1,0,1,0,1,1
22.139547625,1,1,1,1,1,1,1,1,1,0,1,1,1,1
22.139563875,1,1,1,1,1,1,1,1,1,0,1,0,1,1
22.139564437,1,1,1,1,1,1,1,1,1,0,1,1,1,1
22.139580688,1,1,1,1,1,1,1,1,1,0,1,0,1,1
22.139581250,1,1,1,1,1,1,1,1,1,0,1,1,1,1
22.139597438,1,1,1,1,1,1,1,1,1,0,1,0,1,1
22.139598000,1,1,1,1,1,1,1,1,1,0,1,1,1,1
22.139614250,1,1,1,1,1,1,1,1,1,0,1,0,1,1
22.139614812,1,1,1,1,1,1,1,1,1,0,1,1,1,1
22.139631063,1,1,1,1,1,1,1,1,1,0,1,0,1,1
22.139631625,1,1,1,1,1,1,1,1,1,0,1,1,1,1
22.139647875,1,1,1,1,1,1,1,1,1,0,1,0,1,1
22.139648438,1,1,1,1,1,1,1,1,1,0,1,1,1,1
22.139665250,1,1,1,1,1,1,1,1,1,0,1,0,1,1
22.139665812,1,1,1,1,1,1,1,1,1,0,1,1,1,1
22.139682250,1,1,1,1,1,1,1,1,1,0,1,0,1,1
22.139682812,1,1,1,1,1,1,1,1,1,0,1,1,1,1
22.139699063,1,1,1,1,1,1,1,1,1,0,1,0,1,1
22.139699625,1,1,1,1,1,1,1,1,1,0,1,1,1,1
22.139715875,1,1,1,1,1,1,1,1,1,0,1,0,1,1
22.139716437,1,1,1,1,1,1,1,1,1,0,1,1,1,1
22.139732625,1,1,1,1,1,1,1,1,1,0,1,0,1,1
22.139733187,1,1,1,1,1,1,1,1,1,0,1,1,1,1
22.139749438,1,1,1,1,1,1,1,1,1,0,1,0,1,1
22.139750000,1,1,1,1,1,1,1,1,1,0,1,1,1,1
22.139766250,1,1,1,1,1,1,1,1,1,0,1,0,1,1
22.139766812,1,1,1,1,1,1,1,1,1,0,1,1,1,1
22.139783063,1,1,1,1,1,1,1,1,1,0,1,0,1,1
22.139783625,1,1,1,1,1,1,1,1,1,0,1,1,1,1
22.139799875,1,1,1,1,1,1,1,1,1,0,1,0,1,1
22.139800375,1,1,1,1,1,1,1,1,1,0,1,1,1,1
22.139816625,1,1,1,1,1,1,1,1,1,0,1,0,1,1
22.139817188,1,1,1,1,1,1,1,1,1,0,1,1,1,1
22.139833437,1,1,1,1,1,1,1,1,1,0,1,0,1,1
22.139834000,1,1,1,1,1,1,1,1,1,0,1,1,1,1
22.139850813,1,1,1,1,1,1,1,1,1,0,1,0,1,1
22.139851375,1,1,1,1,1,1,1,1,1,0,1,1,1,1
22.139867813,1,1,1,1,1,1,1,1,1,0,1,0,1,1
22.139868375,1,1,1,1,1,1,1,1,1,0,1,1,1,1
22.139884625,1,1,1,1,1,1,1,1,1,0,1,0,1,1
22.139885187,1,1,1,1,1,1,1,1,1,0,1,1,1,1
22.139901438,1,1,1,1,1,1,1,1,1,0,1,0,1,1
22.139902000,1,1,1,1,1,1,1,1,1,0,1,1,1,1
22.139918250,1,1,1,1,1,1,1,1,1,0,1,0,1,1
22.139918812,1,1,1,1,1,1,1,1,1,0,1,1,1,1
22.139935063,1,1,1,1,1,1,1,1,1,0,1,0,1,1
22.139935562,1,1,1,1,1,1,1,1,1,0,1,1,1,1
22.139951813,1,1,1,1,1,1,1,1,1,0,1,0,1,1
22.139952375,1,1,1,1,1,1,1,1,1,0,1,1,1,1
22.139968625,1,1,1,1,1,1,1,1,1,0,1,0,1,1
22.139969188,1,1,1,1,1,1,1,1,1,0,1,1,1,1
22.139985437,1,1,1,1,1,1,1,1,1,0,1,0,1,1
22.139986000,1,1,1,1,1,1,1,1,1,0,1,1,1,1
22.140002250,1,1,1,1,1,1,1,1,1,0,1,0,1,1
22.140002813,1,1,1,1,1,1,1,1,1,0,1,1,1,1
22.140019000,1,1,1,1,1,1,1,1,1,0,1,0,1,1
22.140019563,1,1,1,1,1,1,1,1,1,0,1,1,1,1
22.140036438,1,1,1,1,1,1,1,1,1,0,1,0,1,1
22.140037000,1,1,1,1,1,1,1,1,1,0,1,1,1,1
22.140053437,1,1,1,1,1,1,1,1,1,0,1,0,1,1
22.140054000,1,1,1,1,1,1,1,1,1,0,1,1,1,1
22.140070250,1,1,1,1,1,1,1,1,1,0,1,0,1,1
22.140070750,1,1,1,1,1,1,1,1,1,0,1,1,1,1
22.140087000,1,1,1,1,1,1,1,1,1,0,1,0,1,1
22.140087562,1,1,1,1,1,1,1,1,1,0,1,1,1,1
22.140103813,1,1,1,1,1,1,1,1,1,0,1,0,1,1
22.140104375,1,1,1,1,1,1,1,1,1,0,1,1,1,1
22.140120625,1,1,1,1,1,1,1,1,1,0,1,0,1,1
22.140121188,1,1,1,1,1,1,1,1,1,0,1,1,1,1
22.140137438,1,1,1,1,1,1,1,1,1,0,1,0,1,1
22.140138000,1,1,1,1,1,1,1,1,1,0,1,1,1,1
22.140154187,1,1,1,1,1,1,1,1,1,0,1,0,1,1
22.140154750,1,1,1,1,1,1,1,1,1,0,1,1,1,1
22.140171000,1,1,1,1,1,1,1,1,1,0,1,0,1,1
22.140171563,1,1,1,1,1,1,1,1,1,0,1,1,1,1
22.140187812,1,1,1,1,1,1,1,1,1,0,1,0,1,1
22.140188375,1,1,1,1,1,1,1,1,1,0,1,1,1,1
22.140204625,1,1,1,1,1,1,1,1,1,0,1,0,1,1
22.140205188,1,1,1,1,1,1,1,1,1,0,1,1,1,1
22.140222000,1,1,1,1,1,1,1,1,1,0,1,0,1,1
22.140222562,1,1,1,1,1,1,1,1,1,0,1,1,1,1
22.140239000,1,1,1,1,1,1,1,1,1,0,1,0,1,1
22.140239562,1,1,1,1,1,1,1,1,1,0,1,1,1,1
22.140255813,1,1,1,1,1,1,1,1,1,0,1,0,1,1
22.140256375,1,1,1,1,1,1,1,1,1,0,1,1,1,1
22.140272625,1,1,1,1,1,1,1,1,1,0,1,0,1,1
22.140273188,1,1,1,1,1,1,1,1,1,0,1,1,1,1
22.140289375,1,1,1,1,1,1,1,1,1,0,1,0,1,1
22.140289938,1,1,1,1,1,1,1,1,1,0,1,1,1,1
22.140306187,1,1,1,1,1,1,1,1,1,0,1,0,1,1
22.140306750,1,1,1,1,1,1,1,1,1,0,1,1,1,1
22.140323000,1,1,1,1,1,1,1,1,1,0,1,0,1,1
22.140323563,1,1,1,1,1,1,1,1,1,0,1,1,1,1
22.140339812,1,1,1,1,1,1,1,1,1,0,1,0,1,1
22.140340375,1,1,1,1,1,1,1,1,1,0,1,1,1,1
22.140356562,1,1,1,1,1,1,1,1,1,0,1,0,1,1
22.140357125,1,1,1,1,1,1,1,1,1,0,1,1,1,1
22.140373375,1,1,1,1,1,1,1,1,1,0,1,0,1,1
22.140373938,1,1,1,1,1,1,1,1,1,0,1,1,1,1
22.140390187,1,1,1,1,1,1,1,1,1,0,1,0,1,1
22.140390750,1,1,1,1,1,1,1,1,1,0,1,1,1,1
22.140407562,1,1,1,1,1,1,1,1,1,0,1,0,1,1
22.140408125,1,1,1,1,1,1,1,1,1,0,1,1,1,1
22.140424563,1,1,1,1,1,1,1,1,1,0,1,0,1,1
22.140425125,1,1,1,1,1,1,1,1,1,0,1,1,1,1
22.140441375,1,1,1,1,1,1,1,1,1,0,1,0,1,1
22.140441938,1,1,1,1,1,1,1,1,1,0,1,1,1,1
22.140458187,1,1,1,1,1,1,1,1,1,0,1,0,1,1
22.140458750,1,1,1,1,1,1,1,1,1,0,1,1,1,1
22.140475000,1,1,1,1,1,1,1,1,1,0,1,0,1,1
22.140475563,1,1,1,1,1,1,1,1,1,0,1,1,1,1
22.140491750,1,1,1,1,1,1,1,1,1,0,1,0,1,1
22.140492313,1,1,1,1,1,1,1,1,1,0,1,1,1,1
22.140508562,1,1,1,1,1,1,1,1,1,0,1,0,1,1
22.140509125,1,1,1,1,1,1,1,1,1,0,1,1,1,1
22.140525375,1,1,1,1,1,1,1,1,1,0,1,0,1,1
22.140525938,1,1,1,1,1,1,1,1,1,0,1,1,1,1
22.140542187,1,1,1,1,1,1,1,1,1,0,1,0,1,1
22.140542750,1,1,1,1,1,1,1,1,1,0,1,1,1,1
22.140559000,1,1,1,1,1,1,1,1,1,0,1,0,1,1
22.140559562,1,1,1,1,1,1,1,1,1,0,1,1,1,1
22.140575750,1,1,1,1,1,1,1,1,1,0,1,0,1,1
22.140576312,1,1,1,1,1,1,1,1,1,0,1,1,1,1
22.140593187,1,1,1,1,1,1,1,1,1,0,1,0,1,1
22.140593750,1,1,1,1,1,1,1,1,1,0,1,1,1,1
22.140610187,1,1,1,1,1,1,1,1,1,0,1,0,1,1
22.140610750,1,1,1,1,1,1,1,1,1,0,1,1,1,1
22.140626937,1,1,1,1,1,1,1,1,1,0,1,0,1,1
22.140627500,1,1,1,1,1,1,1,1,1,0,1,1,1,1
22.140643750,1,1,1,1,1,1,1,1,1,0,1,0,1,1
22.140644313,1,1,1,1,1,1,1,1,1,0,1,1,1,1
22.140660562,1,1,1,1,1,1,1,1,1,0,1,0,1,1
22.140661125,1,1,1,1,1,1,1,1,1,0,1,1,1,1
22.140677375,1,1,1,1,1,1,1,1,1,0,1,0,1,1
22.140677938,1,1,1,1,1,1,1,1,1,0,1,1,1,1
22.140694187,1,1,1,1,1,1,1,1,1,0,1,0,1,1
22.140694688,1,1,1,1,1,1,1,1,1,0,1,1,1,1
22.140710937,1,1,1,1,1,1,1,1,1,0,1,0,1,1
22.140711500,1,1,1,1,1,1,1,1,1,0,1,1,1,1
22.140727750,1,1,1,1,1,1,1,1,1,0,1,0,1,1
22.140728312,1,1,1,1,1,1,1,1,1,0,1,1,1,1
22.140744563,1,1,1,1,1,1,1,1,1,0,1,0,1,1
22.140745125,1,1,1,1,1,1,1,1,1,0,1,1,1,1
22.140761375,1,1,1,1,1,1,1,1,1,0,1,0,1,1
22.140761937,1,1,1,1,1,1,1,1,1,0,1,1,1,1
22.140778750,1,1,1,1,1,1,1,1,1,0,1,0,1,1
22.140779313,1,1,1,1,1,1,1,1,1,0,1,1,1,1
22.140795750,1,1,1,1,1,1,1,1,1,0,1,0,1,1
22.140796313,1,1,1,1,1,1,1,1,1,0,1,1,1,1
22.140812562,1,1,1,1,1,1,1,1,1,0,1,0,1,1
22.140813125,1,1,1,1,1,1,1,1,1,0,1,1,1,1
22.140829375,1,1,1,1,1,1,1,1,1,0,1,0,1,1
22.140829938,1,1,1,1,1,1,1,1,1,0,1,1,1,1
22.140846125,1,1,1,1,1,1,1,1,1,0,1,0,1,1
22.140846688,1,1,1,1,1,1,1,1,1,0,1,1,1,1
22.140862937,1,1,1,1,1,1,1,1,1,0,1,0,1,1
22.140863500,1,1,1,1,1,1,1,1,1,0,1,1,1,1
22.140879750,1,1,1,1,1,1,1,1,1,0,1,0,1,1
22.140880312,1,1,1,1,1,1,1,1,1,0,1,1,1,1
22.140896562,1,1,1,1,1,1,1,1,1,0,1,0,1,1
22.140897125,1,1,1,1,1,1,1,1,1,0,1,1,1,1
22.140913313,1,1,1,1,1,1,1,1,1,0,1,0,1,1
22.140913875,1,1,1,1,1,1,1,1,1,0,1,1,1,1
22.140930125,1,1,1,1,1,1,1,1,1,0,1,0,1,1
22.140930687,1,1,1,1,1,1,1,1,1,0,1,1,1,1
22.140946938,1,1,1,1,1,1,1,1,1,0,1,0,1,1
22.140947500,1,1,1,1,1,1,1,1,1,0,1,1,1,1
22.140964312,1,1,1,1,1,1,1,1,1,0,1,0,1,1
22.140964875,1,1,1,1,1,1,1,1,1,0,1,1,1,1
22.140981312,1,1,1,1,1,1,1,1,1,0,1,0,1,1
22.140981875,1,1,1,1,1,1,1,1,1,0,1,1,1,1
22.140998125,1,1,1,1,1,1,1,1,1,0,1,0,1,1
22.140998688,1,1,1,1,1,1,1,1,1,0,1,1,1,1
22.141014937,1,1,1,1,1,1,1,1,1,0,1,0,1,1
22.141015500,1,1,1,1,1,1,1,1,1,0,1,1,1,1
22.141031750,1,1,1,1,1,1,1,1,1,0,1,0,1,1
22.141032312,1,1,1,1,1,1,1,1,1,0,1,1,1,1
22.141048500,1,1,1,1,1,1,1,1,1,0,1,0,1,1
22.141049062,1,1,1,1,1,1,1,1,1,0,1,1,1,1
22.141065313,1,1,1,1,1,1,1,1,1,0,1,0,1,1
22.141065875,1,1,1,1,1,1,1,1,1,0,1,1,1,1
22.141082125,1,1,1,1,1,1,1,1,1,0,1,0,1,1
22.141082687,1,1,1,1,1,1,1,1,1,0,1,1,1,1
22.141098938,1,1,1,1,1,1,1,1,1,0,1,0,1,1
22.141099500,1,1,1,1,1,1,1,1,1,0,1,1,1,1
22.141115750,1,1,1,1,1,1,1,1,1,0,1,0,1,1
22.141116250,1,1,1,1,1,1,1,1,1,0,1,1,1,1
22.141132500,1,1,1,1,1,1,1,1,1,0,1,0,1,1
22.141133062,1,1,1,1,1,1,1,1,1,0,1,1,1,1
22.141149937,1,1,1,1,1,1,1,1,1,0,1,0,1,1
22.141150500,1,1,1,1,1,1,1,1,1,0,1,1,1,1
22.141166937,1,1,1,1,1,1,1,1,1,0,1,0,1,1
22.141167500,1,1,1,1,1,1,1,1,1,0,1,1,1,1
22.141183687,1,1,1,1,1,1,1,1,1,0,1,0,1,1
22.141184250,1,1,1,1,1,1,1,1,1,0,1,1,1,1
22.141200500,1,1,1,1,1,1,1,1,1,0,1,0,1,1
22.141201062,1,1,1,1,1,1,1,1,1,0,1,1,1,1
22.141217313,1,1,1,1,1,1,1,1,1,0,1,0,1,1
22.141217875,1,1,1,1,1,1,1,1,1,0,1,1,1,1
22.141234125,1,1,1,1,1,1,1,1,1,0,1,0,1,1
22.141234687,1,1,1,1,1,1,1,1,1,0,1,1,1,1
22.141250938,1,1,1,1,1,1,1,1,1,0,1,0,1,1
22.141251437,1,1,1,1,1,1,1,1,1,0,1,1,1,1
22.141267688,1,1,1,1,1,1,1,1,1,0,1,0,1,1
22.141268250,1,1,1,1,1,1,1,1,1,0,1,1,1,1
22.141284500,1,1,1,1,1,1,1,1,1,0,1,0,1,1
22.141285062,1,1,1,1,1,1,1,1,1,0,1,1,1,1
22.141301313,1,1,1,1,1,1,1,1,1,0,1,0,1,1
22.141301875,1,1,1,1,1,1,1,1,1,0,1,1,1,1
22.141318125,1,1,1,1,1,1,1,1,1,0,1,0,1,1
22.141318688,1,1,1,1,1,1,1,1,1,0,1,1,1,1
22.141335500,1,1,1,1,1,1,1,1,1,0,1,0,1,1
22.141336062,1,1,1,1,1,1,1,1,1,0,1,1,1,1
22.141352500,1,1,1,1,1,1,1,1,1,0,1,0,1,1
22.141353062,1,1,1,1,1,1,1,1,1,0,1,1,1,1
22.141369313,1,1,1,1,1,1,1,1,1,0,1,0,1,1
22.141369875,1,1,1,1,1,1,1,1,1,0,1,1,1,1
22.141386125,1,1,1,1,1,1,1,1,1,0,1,0,1,1
22.141386625,1,1,1,1,1,1,1,1,1,0,1,1,1,1
22.141402875,1,1,1,1,1,1,1,1,1,0,1,0,1,1
22.141403437,1,1,1,1,1,1,1,1,1,0,1,1,1,1
22.141419688,1,1,1,1,1,1,1,1,1,0,1,0,1,1
22.141420250,1,1,1,1,1,1,1,1,1,0,1,1,1,1
22.141436500,1,1,1,1,1,1,1,1,1,0,1,0,1,1
22.141437062,1,1,1,1,1,1,1,1,1,0,1,1,1,1
22.141453313,1,1,1,1,1,1,1,1,1,0,1,0,1,1
22.141453875,1,1,1,1,1,1,1,1,1,0,1,1,1,1
22.141470063,1,1,1,1,1,1,1,1,1,0,1,0,1,1
22.141470625,1,1,1,1,1,1,1,1,1,0,1,1,1,1
22.141486875,1,1,1,1,1,1,1,1,1,0,1,0,1,1
22.141487438,1,1,1,1,1,1,1,1,1,0,1,1,1,1
22.141503687,1,1,1,1,1,1,1,1,1,0,1,0,1,1
22.141504250,1,1,1,1,1,1,1,1,1,0,1,1,1,1
22.141521063,1,1,1,1,1,1,1,1,1,0,1,0,1,1
22.141521625,1,1,1,1,1,1,1,1,1,0,1,1,1,1
22.141538063,1,1,1,1,1,1,1,1,1,0,1,0,1,1
22.141538625,1,1,1,1,1,1,1,1,1,0,1,1,1,1
22.141554875,1,1,1,1,1,1,1,1,1,0,1,0,1,1
22.141555437,1,1,1,1,1,1,1,1,1,0,1,1,1,1
22.141571688,1,1,1,1,1,1,1,1,1,0,1,0,1,1
22.141572250,1,1,1,1,1,1,1,1,1,0,1,1,1,1
22.141588500,1,1,1,1,1,1,1,1,1,0,1,0,1,1
22.141589062,1,1,1,1,1,1,1,1,1,0,1,1,1,1
22.141605250,1,1,1,1,1,1,1,1,1,0,1,0,1,1
22.141605812,1,1,1,1,1,1,1,1,1,0,1,1,1,1
22.141622063,1,1,1,1,1,1,1,1,1,0,1,0,1,1
22.141622625,1,1,1,1,1,1,1,1,1,0,1,1,1,1
22.141638875,1,1,1,1,1,1,1,1,1,0,1,0,1,1
22.141639438,1,1,1,1,1,1,1,1,1,0,1,1,1,1
22.141655687,1,1,1,1,1,1,1,1,1,0,1,0,1,1
22.141656250,1,1,1,1,1,1,1,1,1,0,1,1,1,1
22.141672500,1,1,1,1,1,1,1,1,1,0,1,0,1,1
22.141673000,1,1,1,1,1,1,1,1,1,0,1,1,1,1
22.141689250,1,1,1,1,1,1,1,1,1,0,1,0,1,1
22.141689813,1,1,1,1,1,1,1,1,1,0,1,1,1,1
22.141706688,1,1,1,1,1,1,1,1,1,0,1,0,1,1
22.141707250,1,1,1,1,1,1,1,1,1,0,1,1,1,1
22.141723688,1,1,1,1,1,1,1,1,1,0,1,0,1,1
22.141724250,1,1,1,1,1,1,1,1,1,0,1,1,1,1
22.141740438,1,1,1,1,1,1,1,1,1,0,1,0,1,1
22.141741062,1,1,1,1,1,1,1,1,1,0,1,1,1,1
22.141757250,1,1,1,1,1,1,1,1,1,0,1,0,1,1
22.141757812,1,1,1,1,1,1,1,1,1,0,1,1,1,1
22.141774063,1,1,1,1,1,1,1,1,1,0,1,0,1,1
22.141774625,1,1,1,1,1,1,1,1,1,0,1,1,1,1
22.141790875,1,1,1,1,1,1,1,1,1,0,1,0,1,1
22.141791438,1,1,1,1,1,1,1,1,1,0,1,1,1,1
22.141807687,1,1,1,1,1,1,1,1,1,0,1,0,1,1
22.141808188,1,1,1,1,1,1,1,1,1,0,1,1,1,1
22.141824437,1,1,1,1,1,1,1,1,1,0,1,0,1,1
22.141825000,1,1,1,1,1,1,1,1,1,0,1,1,1,1
22.141841250,1,1,1,1,1,1,1,1,1,0,1,0,1,1
22.141841813,1,1,1,1,1,1,1,1,1,0,1,1,1,1
22.141858062,1,1,1,1,1,1,1,1,1,0,1,0,1,1
22.141858625,1,1,1,1,1,1,1,1,1,0,1,1,1,1
22.141874875,1,1,1,1,1,1,1,1,1,0,1,0,1,1
22.141875438,1,1,1,1,1,1,1,1,1,0,1,1,1,1
22.141892250,1,1,1,1,1,1,1,1,1,0,1,0,1,1
22.141892813,1,1,1,1,1,1,1,1,1,0,1,1,1,1
22.141909250,1,1,1,1,1,1,1,1,1,0,1,0,1,1
22.141909812,1,1,1,1,1,1,1,1,1,0,1,1,1,1
22.141926063,1,1,1,1,1,1,1,1,1,0,1,0,1,1
22.141926625,1,1,1,1,1,1,1,1,1,0,1,1,1,1
22.141942875,1,1,1,1,1,1,1,1,1,0,1,0,1,1
22.141943375,1,1,1,1,1,1,1,1,1,0,1,1,1,1
22.141959625,1,1,1,1,1,1,1,1,1,0,1,0,1,1
22.141960188,1,1,1,1,1,1,1,1,1,0,1,1,1,1
22.141976437,1,1,1,1,1,1,1,1,1,0,1,0,1,1
22.141977000,1,1,1,1,1,1,1,1,1,0,1,1,1,1
22.141993250,1,1,1,1,1,1,1,1,1,0,1,0,1,1
22.141993813,1,1,1,1,1,1,1,1,1,0,1,1,1,1
22.142010062,1,1,1,1,1,1,1,1,1,0,1,0,1,1
22.142010625,1,1,1,1,1,1,1,1,1,0,1,1,1,1
22.142026812,1,1,1,1,1,1,1,1,1,0,1,0,1,1
22.142027375,1,1,1,1,1,1,1,1,1,0,1,1,1,1
22.142043625,1,1,1,1,1,1,1,1,1,0,1,0,1,1
22.142044188,1,1,1,1,1,1,1,1,1,0,1,1,1,1
22.142060437,1,1,1,1,1,1,1,1,1,0,1,0,1,1
22.142061000,1,1,1,1,1,1,1,1,1,0,1,1,1,1
22.142077812,1,1,1,1,1,1,1,1,1,0,1,0,1,1
22.142078375,1,1,1,1,1,1,1,1,1,0,1,1,1,1
22.142638188,1,1,1,1,1,1,1,1,1,0,0,1,1,1
22.142638375,1,1,1,1,1,1,1,1,1,1,0,1,1,1
22.142640625,1,0,0,1,1,1,0,1,1,1,0,1,1,1
22.142665562,0,0,0,0,0,1,0,1,1,1,0,1,1,1
22.142698688,0,0,0,0,0,1,0,1,1,0,0,1,1,1
22.142698813,0,0,0,0,0,1,0,1,1,0,0,1,0,1
22.142707125,0,0,0,0,0,1,0,1,1,0,0,0,0,1
22.142759500,0,0,0,0,0,1,0,1,1,1,0,0,0,1
22.142759687,0,0,0,0,0,1,0,1,1,1,0,0,1,1
22.142763875,0,0,0,0,0,1,0,1,1,0,0,0,1,1
22.142765750,0,0,0,0,0,1,0,1,1,0,0,1,1,1
49.743872000,0,0,0,0,0,1,0,1,1,0,0,1,1,1
