Time [s],Channel 0,Channel 1,Channel 2,Channel 3,Channel 4,Channel 5,Channel 6,Channel 7,SRQ,NDAC,ATN,NRFD,DAV,EOI
0.000000000,1,1,1,1,1,1,1,1,1,0,1,1,1,1
2.546469563,1,1,1,1,1,1,1,1,1,1,1,1,1,1
2.702284688,0,0,0,0,0,0,0,0,0,0,1,0,0,0
2.702284750,1,1,1,1,1,1,1,1,1,1,1,1,1,1
2.702295813,1,1,0,0,1,1,0,0,0,1,0,1,1,1
2.702295875,1,1,1,1,1,1,1,1,1,1,0,1,1,1
2.702295938,1,1,1,1,1,1,1,1,1,1,1,1,1,1
2.702304563,1,1,1,1,1,1,1,1,1,1,0,1,1,1
2.702305125,1,1,1,1,1,1,1,1,1,1,1,1,1,1
2.702305187,1,1,1,1,1,1,1,1,1,1,0,1,1,1
2.702319625,1,1,1,1,1,1,1,1,1,1,1,1,1,1
2.944764312,1,1,1,1,1,1,1,0,1,1,1,1,1,1
2.944764437,1,1,1,1,1,1,1,1,1,1,1,1,1,1
2.944765125,1,1,1,1,1,1,1,0,1,1,1,1,1,1
2.944765187,1,1,1,1,1,1,1,1,1,1,1,1,1,1
2.944766062,1,1,1,1,1,1,1,0,1,1,1,1,1,1
2.944767375,1,1,1,1,1,0,1,0,1,1,1,1,1,1
2.944768187,1,1,1,1,1,0,0,0,1,1,1,1,1,1
2.944769875,1,1,1,1,0,0,0,0,1,1,1,1,1,1
2.944770937,0,1,1,1,0,0,0,0,1,1,1,1,1,1
2.944771000,1,1,1,1,0,0,0,0,1,1,1,1,1,1
2.944771125,0,1,1,1,0,0,0,0,1,1,1,1,1,1
2.944771625,0,1,1,0,0,0,0,0,1,1,1,1,1,1
2.944772438,0,1,0,0,0,0,0,0,1,1,1,1,1,1
2.944773000,0,0,0,0,0,0,0,0,1,1,1,1,1,1
2.944786312,0,0,0,0,0,0,0,0,0,0,0,0,0,0
2.944786375,0,0,0,0,0,0,0,0,1,1,1,1,1,1
2.944786437,0,0,0,0,0,0,0,0,0,0,1,1,0,1
2.944786500,0,0,0,0,0,0,0,0,1,1,1,1,1,1
2.944786937,0,0,0,0,0,0,0,0,1,0,1,1,1,1
2.944787000,0,0,0,0,0,0,0,0,1,1,1,1,1,1
2.944787063,0,0,0,0,0,0,0,0,1,0,1,1,1,1
2.944787187,0,0,0,0,0,0,0,0,1,0,1,1,1,0
2.944787250,0,0,0,0,0,0,0,0,1,0,1,0,1,0
2.944787312,0,0,0,0,0,0,0,0,1,0,1,1,1,1
2.944787375,0,0,0,0,0,0,0,0,0,0,0,0,0,0
2.944787438,0,0,0,0,0,0,0,0,1,0,1,1,1,1
2.944787500,0,0,0,0,0,0,0,0,1,0,1,1,1,0
2.944787563,0,0,0,0,0,0,0,0,1,0,1,0,0,0
2.944787625,0,0,0,0,0,0,0,0,0,0,0,0,0,0
2.944787687,0,0,0,0,0,0,0,0,1,0,0,0,0,0
2.944787750,0,0,0,0,0,0,0,0,0,0,0,0,0,0
2.949871375,0,0,0,0,0,0,0,0,1,0,0,0,0,0
2.949871438,0,0,0,0,0,0,0,0,0,0,0,0,0,0
2.949904375,0,0,0,0,0,0,0,0,1,0,0,0,0,0
2.949904562,0,0,0,0,0,0,0,0,0,0,0,0,0,0
2.949904750,0,0,0,0,0,0,0,0,1,0,0,0,0,0
2.949904875,0,0,0,0,0,0,0,0,0,0,0,0,0,0
2.949905125,0,0,0,0,0,0,0,0,1,0,0,0,0,0
2.949905250,0,0,0,0,0,0,0,0,0,0,0,0,0,0
2.949905438,0,0,0,0,0,0,0,0,1,0,0,0,0,0
2.949905500,0,0,0,0,0,0,0,0,0,0,0,0,0,0
2.949905812,0,0,0,0,0,0,0,0,1,0,0,0,0,0
2.949905875,0,0,0,0,0,0,0,0,0,0,0,0,0,0
2.949919625,0,0,0,0,0,0,0,0,1,0,0,0,0,0
2.949919687,0,0,0,0,0,0,0,0,0,0,0,0,0,0
2.949920937,0,0,0,0,0,0,0,0,1,0,0,0,0,0
2.949921063,0,0,0,0,0,0,0,0,0,0,0,0,0,0
2.949921250,0,0,0,0,0,0,0,0,1,0,0,0,0,0
2.949921375,0,0,0,0,0,0,0,0,0,0,0,0,0,0
2.949921625,0,0,0,0,0,0,0,0,1,0,0,0,0,0
2.949921750,0,0,0,0,0,0,0,0,0,0,0,0,0,0
2.949921938,0,0,0,0,0,0,0,0,1,0,0,0,0,0
2.949922063,0,0,0,0,0,0,0,0,0,0,0,0,0,0
2.949922313,0,0,0,0,0,0,0,0,1,0,0,0,0,0
2.949922375,0,0,0,0,0,0,0,0,0,0,0,0,0,0
2.949936125,0,0,0,0,0,0,0,0,1,0,0,0,0,0
2.949936188,0,0,0,0,0,0,0,0,0,0,0,0,0,0
2.949937438,0,0,0,0,0,0,0,0,1,0,0,0,0,0
2.949937625,0,0,0,0,0,0,0,0,0,0,0,0,0,0
2.949937812,0,0,0,0,0,0,0,0,1,0,0,0,0,0
2.949937875,0,0,0,0,0,0,0,0,0,0,0,0,0,0
2.949938125,0,0,0,0,0,0,0,0,1,0,0,0,0,0
2.949938250,0,0,0,0,0,0,0,0,0,0,0,0,0,0
2.949938500,0,0,0,0,0,0,0,0,1,0,0,0,0,0
2.949938562,0,0,0,0,0,0,0,0,0,0,0,0,0,0
2.949938813,0,0,0,0,0,0,0,0,1,0,0,0,0,0
2.949938875,0,0,0,0,0,0,0,0,0,0,0,0,0,0
2.949953938,0,0,0,0,0,0,0,0,1,0,0,0,0,0
2.949954125,0,0,0,0,0,0,0,0,0,0,0,0,0,0
2.949954313,0,0,0,0,0,0,0,0,1,0,0,0,0,0
2.949954438,0,0,0,0,0,0,0,0,0,0,0,0,0,0
2.949954625,0,0,0,0,0,0,0,0,1,0,0,0,0,0
2.949954813,0,0,0,0,0,0,0,0,0,0,0,0,0,0
2.949955000,0,0,0,0,0,0,0,0,1,0,0,0,0,0
2.949955062,0,0,0,0,0,0,0,0,0,0,0,0,0,0
2.949955313,0,0,0,0,0,0,0,0,1,0,0,0,0,0
2.949955437,0,0,0,0,0,0,0,0,0,0,0,0,0,0
2.949969187,0,0,0,0,0,0,0,0,1,0,0,0,0,0
2.949969250,0,0,0,0,0,0,0,0,0,0,0,0,0,0
2.949970500,0,0,0,0,0,0,0,0,1,0,0,0,0,0
2.949970688,0,0,0,0,0,0,0,0,0,0,0,0,0,0
2.949970875,0,0,0,0,0,0,0,0,1,0,0,0,0,0
2.949971000,0,0,0,0,0,0,0,0,0,0,0,0,0,0
2.949971188,0,0,0,0,0,0,0,0,1,0,0,0,0,0
2.949971313,0,0,0,0,0,0,0,0,0,0,0,0,0,0
2.949971563,0,0,0,0,0,0,0,0,1,0,0,0,0,0
2.949971625,0,0,0,0,0,0,0,0,0,0,0,0,0,0
2.949971875,0,0,0,0,0,0,0,0,1,0,0,0,0,0
2.949971937,0,0,0,0,0,0,0,0,0,0,0,0,0,0
2.949985813,0,0,0,0,0,0,0,0,1,0,0,0,0,0
2.949985875,0,0,0,0,0,0,0,0,0,0,0,0,0,0
2.949987125,0,0,0,0,0,0,0,0,1,0,0,0,0,0
2.949987250,0,0,0,0,0,0,0,0,0,0,0,0,0,0
2.949987500,0,0,0,0,0,0,0,0,1,0,0,0,0,0
2.949987563,0,0,0,0,0,0,0,0,0,0,0,0,0,0
2.949987812,0,0,0,0,0,0,0,0,1,0,0,0,0,0
2.949987937,0,0,0,0,0,0,0,0,0,0,0,0,0,0
2.949988125,0,0,0,0,0,0,0,0,1,0,0,0,0,0
2.949988250,0,0,0,0,0,0,0,0,0,0,0,0,0,0
2.949988500,0,0,0,0,0,0,0,0,1,0,0,0,0,0
2.949988563,0,0,0,0,0,0,0,0,0,0,0,0,0,0
2.950002437,0,0,0,0,0,0,0,0,1,0,0,0,0,0
2.950002500,0,0,0,0,0,0,0,0,0,0,0,0,0,0
2.950003750,0,0,0,0,0,0,0,0,1,0,0,0,0,0
2.950003875,0,0,0,0,0,0,0,0,0,0,0,0,0,0
2.950004063,0,0,0,0,0,0,0,0,1,0,0,0,0,0
2.950004187,0,0,0,0,0,0,0,0,0,0,0,0,0,0
2.950004438,0,0,0,0,0,0,0,0,1,0,0,0,0,0
2.950004563,0,0,0,0,0,0,0,0,0,0,0,0,0,0
2.950004750,0,0,0,0,0,0,0,0,1,0,0,0,0,0
2.950004875,0,0,0,0,0,0,0,0,0,0,0,0,0,0
2.950005125,0,0,0,0,0,0,0,0,1,0,0,0,0,0
2.950005187,0,0,0,0,0,0,0,0,0,0,0,0,0,0
2.950019063,0,0,0,0,0,0,0,0,1,0,0,0,0,0
2.950019125,0,0,0,0,0,0,0,0,0,0,0,0,0,0
2.950020375,0,0,0,0,0,0,0,0,1,0,0,0,0,0
2.950020500,0,0,0,0,0,0,0,0,0,0,0,0,0,0
2.950020687,0,0,0,0,0,0,0,0,1,0,0,0,0,0
2.950020813,0,0,0,0,0,0,0,0,0,0,0,0,0,0
2.950021062,0,0,0,0,0,0,0,0,1,0,0,0,0,0
2.950021187,0,0,0,0,0,0,0,0,0,0,0,0,0,0
2.950021375,0,0,0,0,0,0,0,0,1,0,0,0,0,0
2.950021500,0,0,0,0,0,0,0,0,0,0,0,0,0,0
2.950021750,0,0,0,0,0,0,0,0,1,0,0,0,0,0
2.950021813,0,0,0,0,0,0,0,0,0,0,0,0,0,0
2.950035687,0,0,0,0,0,0,0,0,1,0,0,0,0,0
2.950035750,0,0,0,0,0,0,0,0,0,0,0,0,0,0
2.950037000,0,0,0,0,0,0,0,0,1,0,0,0,0,0
2.950037125,0,0,0,0,0,0,0,0,0,0,0,0,0,0
2.950037313,0,0,0,0,0,0,0,0,1,0,0,0,0,0
2.950037437,0,0,0,0,0,0,0,0,0,0,0,0,0,0
2.950037688,0,0,0,0,0,0,0,0,1,0,0,0,0,0
2.950037813,0,0,0,0,0,0,0,0,0,0,0,0,0,0
2.950038000,0,0,0,0,0,0,0,0,1,0,0,0,0,0
2.950038125,0,0,0,0,0,0,0,0,0,0,0,0,0,0
2.950038375,0,0,0,0,0,0,0,0,1,0,0,0,0,0
2.950038437,0,0,0,0,0,0,0,0,0,0,0,0,0,0
2.950052312,0,0,0,0,0,0,0,0,1,0,0,0,0,0
2.950052375,0,0,0,0,0,0,0,0,0,0,0,0,0,0
2.950053625,0,0,0,0,0,0,0,0,1,0,0,0,0,0
2.950053750,0,0,0,0,0,0,0,0,0,0,0,0,0,0
2.950053937,0,0,0,0,0,0,0,0,1,0,0,0,0,0
2.950054063,0,0,0,0,0,0,0,0,0,0,0,0,0,0
2.950054312,0,0,0,0,0,0,0,0,1,0,0,0,0,0
2.950054437,0,0,0,0,0,0,0,0,0,0,0,0,0,0
2.950054625,0,0,0,0,0,0,0,0,1,0,0,0,0,0
2.950054750,0,0,0,0,0,0,0,0,0,0,0,0,0,0
2.950055000,0,0,0,0,0,0,0,0,1,0,0,0,0,0
2.950055063,0,0,0,0,0,0,0,0,0,0,0,0,0,0
2.950068938,0,0,0,0,0,0,0,0,1,0,0,0,0,0
2.950069000,0,0,0,0,0,0,0,0,0,0,0,0,0,0
2.950070250,0,0,0,0,0,0,0,0,1,0,0,0,0,0
2.950070437,0,0,0,0,0,0,0,0,0,0,0,0,0,0
2.950070625,0,0,0,0,0,0,0,0,1,0,0,0,0,0
2.950070750,0,0,0,0,0,0,0,0,0,0,0,0,0,0
2.950070938,0,0,0,0,0,0,0,0,1,0,0,0,0,0
2.950071063,0,0,0,0,0,0,0,0,0,0,0,0,0,0
2.950071312,0,0,0,0,0,0,0,0,1,0,0,0,0,0
2.950071375,0,0,0,0,0,0,0,0,0,0,0,0,0,0
2.950071625,0,0,0,0,0,0,0,0,1,0,0,0,0,0
2.950071687,0,0,0,0,0,0,0,0,0,0,0,0,0,0
2.950085562,0,0,0,0,0,0,0,0,1,0,0,0,0,0
2.950085625,0,0,0,0,0,0,0,0,0,0,0,0,0,0
2.950086875,0,0,0,0,0,0,0,0,1,0,0,0,0,0
2.950087000,0,0,0,0,0,0,0,0,0,0,0,0,0,0
2.950087250,0,0,0,0,0,0,0,0,1,0,0,0,0,0
2.950087313,0,0,0,0,0,0,0,0,0,0,0,0,0,0
2.950087562,0,0,0,0,0,0,0,0,1,0,0,0,0,0
2.950087687,0,0,0,0,0,0,0,0,0,0,0,0,0,0
2.950087938,0,0,0,0,0,0,0,0,1,0,0,0,0,0
2.950088000,0,0,0,0,0,0,0,0,0,0,0,0,0,0
2.950088250,0,0,0,0,0,0,0,0,1,0,0,0,0,0
2.950088313,0,0,0,0,0,0,0,0,0,0,0,0,0,0
2.950102250,0,0,0,0,0,0,0,0,1,0,0,0,0,0
2.950102312,0,0,0,0,0,0,0,0,0,0,0,0,0,0
2.950103500,0,0,0,0,0,0,0,0,1,0,0,0,0,0
2.950103687,0,0,0,0,0,0,0,0,0,0,0,0,0,0
2.950103875,0,0,0,0,0,0,0,0,1,0,0,0,0,0
2.950104000,0,0,0,0,0,0,0,0,0,0,0,0,0,0
2.950104188,0,0,0,0,0,0,0,0,1,0,0,0,0,0
2.950104375,0,0,0,0,0,0,0,0,0,0,0,0,0,0
2.950104562,0,0,0,0,0,0,0,0,1,0,0,0,0,0
2.950104688,0,0,0,0,0,0,0,0,0,0,0,0,0,0
2.950104937,0,0,0,0,0,0,0,0,1,0,0,0,0,0
2.950105000,0,0,0,0,0,0,0,0,0,0,0,0,0,0
2.950105250,0,0,0,0,0,0,0,0,1,0,0,0,0,0
2.950105312,0,0,0,0,0,0,0,0,0,0,0,0,0,0
2.950119000,0,0,0,0,0,0,0,0,1,0,0,0,0,0
2.950119062,0,0,0,0,0,0,0,0,0,0,0,0,0,0
2.950120250,0,0,0,0,0,0,0,0,1,1,0,0,0,0
2.950120313,0,0,0,0,0,0,0,0,1,0,0,0,0,0
2.950120375,0,0,0,0,0,0,0,0,1,1,0,0,0,0
2.950120437,0,0,0,0,0,0,0,0,0,0,0,0,0,0
2.950120625,0,0,0,0,0,0,0,0,1,1,0,0,0,0
2.950120688,0,0,0,0,0,0,0,0,1,0,0,0,0,0
2.950120750,0,0,0,0,0,0,0,0,0,0,0,0,0,0
2.950120937,0,0,0,0,0,0,0,0,1,1,0,0,0,0
2.950121063,0,0,0,0,0,0,0,0,0,0,0,0,0,0
2.950121312,0,0,0,0,0,0,0,0,1,0,0,0,0,0
2.950121375,0,0,0,0,0,0,0,0,0,0,0,0,0,0
2.950121625,0,0,0,0,0,0,0,0,1,0,0,0,0,0
2.950121750,0,0,0,0,0,0,0,0,0,0,0,0,0,0
2.950122000,0,0,0,0,0,0,0,0,1,0,0,0,0,0
2.950122063,0,0,0,0,0,0,0,0,0,0,0,0,0,0
2.950135687,0,0,0,0,0,0,0,0,1,0,0,0,0,0
2.950135750,0,0,0,0,0,0,0,0,0,0,0,0,0,0
2.950137000,0,0,0,0,0,0,0,0,1,1,0,0,0,0
2.950137125,0,0,0,0,0,0,0,0,0,0,0,0,0,0
2.950137312,0,0,0,0,0,0,0,0,1,1,0,0,0,0
2.950137438,0,0,0,0,0,0,0,0,0,0,0,0,0,0
2.950137687,0,0,0,0,0,0,0,0,1,1,0,0,0,0
2.950137812,0,0,0,0,0,0,0,0,0,0,0,0,0,0
2.950138000,0,0,0,0,0,0,0,0,1,1,0,0,0,0
2.950138063,0,0,0,0,0,0,0,0,1,0,0,0,0,0
2.950138125,0,0,0,0,0,0,0,0,0,0,0,0,0,0
2.950138375,0,0,0,0,0,0,0,0,1,1,0,0,0,0
2.950138438,0,0,0,0,0,0,0,0,0,0,0,0,0,0
2.950152437,0,0,0,0,0,0,0,0,1,0,0,0,0,0
2.950152500,0,0,0,0,0,0,0,0,0,0,0,0,0,0
2.950153687,0,0,0,0,0,0,0,0,1,1,0,0,0,0
2.950153875,0,0,0,0,0,0,0,0,0,0,0,0,0,0
2.950154062,0,0,0,0,0,0,0,0,1,1,0,0,0,0
2.950154187,0,0,0,0,0,0,0,0,0,0,0,0,0,0
2.950154375,0,0,0,0,0,0,0,0,1,1,0,0,0,0
2.950154562,0,0,0,0,0,0,0,0,0,0,0,0,0,0
2.950154750,0,0,0,0,0,0,0,0,1,1,0,0,0,0
2.950154813,0,0,0,0,0,0,0,0,0,0,0,0,0,0
2.950155062,0,0,0,0,0,0,0,0,1,0,0,0,0,0
2.950155125,0,0,0,0,0,0,0,0,1,1,0,0,0,0
2.950155188,0,0,0,0,0,0,0,0,0,0,0,0,0,0
2.950155437,0,0,0,0,0,0,0,0,1,0,0,0,0,0
2.950155500,0,0,0,0,0,0,0,0,0,0,0,0,0,0
2.950169125,0,0,0,0,0,0,0,0,1,0,0,0,0,0
2.950169187,0,0,0,0,0,0,0,0,0,0,0,0,0,0
2.950170438,0,0,0,0,0,0,0,0,1,1,0,0,0,0
2.950170562,0,0,0,0,0,0,0,0,0,0,0,0,0,0
2.950170813,0,0,0,0,0,0,0,0,1,1,0,0,0,0
2.950170875,0,0,0,0,0,0,0,0,1,0,0,0,0,0
2.950170938,0,0,0,0,0,0,0,0,0,0,0,0,0,0
2.950171125,0,0,0,0,0,0,0,0,1,1,0,0,0,0
2.950171250,0,0,0,0,0,0,0,0,0,0,0,0,0,0
2.950171437,0,0,0,0,0,0,0,0,1,0,0,0,0,0
2.950171500,0,0,0,0,0,0,0,0,1,1,0,0,0,0
2.950171563,0,0,0,0,0,0,0,0,0,0,0,0,0,0
2.950171812,0,0,0,0,0,0,0,0,1,1,0,0,0,0
2.950171875,0,0,0,0,0,0,0,0,0,0,0,0,0,0
2.950172188,0,0,0,0,0,0,0,0,1,0,0,0,0,0
2.950172250,0,0,0,0,0,0,0,0,0,0,0,0,0,0
2.950185875,0,0,0,0,0,0,0,0,1,1,0,0,0,0
2.950185937,0,0,0,0,0,0,0,0,0,0,0,0,0,0
2.950187125,0,0,0,0,0,0,0,0,1,1,0,0,0,0
2.950187313,0,0,0,0,0,0,0,0,0,0,0,0,0,0
2.950187500,0,0,0,0,0,0,0,0,1,1,0,0,0,0
2.950187625,0,0,0,0,0,0,0,0,0,0,0,0,0,0
2.950187812,0,0,0,0,0,0,0,0,1,1,0,0,0,0
2.950188000,0,0,0,0,0,0,0,0,0,0,0,0,0,0
2.950188187,0,0,0,0,0,0,0,0,1,1,0,0,0,0
2.950188250,0,0,0,0,0,0,0,0,1,0,0,0,0,0
2.950188312,0,0,0,0,0,0,0,0,0,0,0,0,0,0
2.950188563,0,0,0,0,0,0,0,0,1,1,0,0,0,0
2.950188625,0,0,0,0,0,0,0,0,0,0,0,0,0,0
2.950188875,0,0,0,0,0,0,0,0,1,0,0,0,0,0
2.950188938,0,0,0,0,0,0,0,0,0,0,0,0,0,0
2.950202562,0,0,0,0,0,0,0,0,1,0,0,0,0,0
2.950202688,0,0,0,0,0,0,0,0,0,0,0,0,0,0
2.950203875,0,0,0,0,0,0,0,0,1,1,0,0,0,0
2.950204063,0,0,0,0,0,0,0,0,0,0,0,0,0,0
2.950204250,0,0,0,0,0,0,0,0,1,1,0,0,0,0
2.950204375,0,0,0,0,0,0,0,0,0,0,0,0,0,0
2.950204563,0,0,0,0,0,0,0,0,1,1,0,0,0,0
2.950204688,0,0,0,0,0,0,0,0,0,0,0,0,0,0
2.950204938,0,0,0,0,0,0,0,0,1,1,0,0,0,0
2.950205000,0,0,0,0,0,0,0,0,0,0,0,0,0,0
2.950205250,0,0,0,0,0,0,0,0,1,1,0,0,0,0
2.950205313,0,0,0,0,0,0,0,0,1,0,0,0,0,0
2.950205375,0,0,0,0,0,0,0,0,0,0,0,0,0,0
2.950205625,0,0,0,0,0,0,0,0,1,0,0,0,0,0
2.950205688,0,0,0,0,0,0,0,0,0,0,0,0,0,0
2.950219312,0,0,0,0,0,0,0,0,1,1,0,0,0,0
2.950219375,0,0,0,0,0,0,0,0,0,0,0,0,0,0
2.950220625,0,0,0,0,0,0,0,0,1,1,0,0,0,0
2.950220750,0,0,0,0,0,0,0,0,0,0,0,0,0,0
2.950220938,0,0,0,0,0,0,0,0,1,1,0,0,0,0
2.950221062,0,0,0,0,0,0,0,0,0,0,0,0,0,0
2.950221313,0,0,0,0,0,0,0,0,1,1,0,0,0,0
2.950221438,0,0,0,0,0,0,0,0,0,0,0,0,0,0
2.950221625,0,0,0,0,0,0,0,0,1,1,0,0,0,0
2.950221750,0,0,0,0,0,0,0,0,0,0,0,0,0,0
2.950222000,0,0,0,0,0,0,0,0,1,1,0,0,0,0
2.950222062,0,0,0,0,0,0,0,0,0,0,0,0,0,0
2.950236063,0,0,0,0,0,0,0,0,1,1,0,0,0,0
2.950236125,0,0,0,0,0,0,0,0,0,0,0,0,0,0
2.950237313,0,0,0,0,0,0,0,0,1,1,0,0,0,0
2.950237500,0,0,0,0,0,0,0,0,0,0,0,0,0,0
2.950237688,0,0,0,0,0,0,0,0,1,1,0,0,0,0
2.950237813,0,0,0,0,0,0,0,0,0,0,0,0,0,0
2.950238000,0,0,0,0,0,0,0,0,1,1,0,0,0,0
2.950238188,0,0,0,0,0,0,0,0,0,0,0,0,0,0
2.950238375,0,0,0,0,0,0,0,0,1,1,0,0,0,0
2.950238438,0,0,0,0,0,0,0,0,1,0,0,0,0,0
2.950238500,0,0,0,0,0,0,0,0,0,0,0,0,0,0
2.950238688,0,0,0,0,0,0,0,0,1,0,0,0,0,0
2.950238750,0,0,0,0,0,0,0,0,1,1,0,0,0,0
2.950238812,0,0,0,0,0,0,0,0,0,0,0,0,0,0
2.950239063,0,0,0,0,0,0,0,0,1,0,0,0,0,0
2.950239125,0,0,0,0,0,0,0,0,0,0,0,0,0,0
2.950252750,0,0,0,0,0,0,0,0,1,1,0,0,0,0
2.950252813,0,0,0,0,0,0,0,0,0,0,0,0,0,0
2.950254062,0,0,0,0,0,0,0,0,1,1,0,0,0,0
2.950254188,0,0,0,0,0,0,0,0,1,0,0,0,0,0
2.950254250,0,0,0,0,0,0,0,0,0,0,0,0,0,0
2.950254437,0,0,0,0,0,0,0,0,1,1,0,0,0,0
2.950254563,0,0,0,0,0,0,0,0,0,0,0,0,0,0
2.950254750,0,0,0,0,0,0,0,0,1,1,0,0,0,0
2.950254875,0,0,0,0,0,0,0,0,0,0,0,0,0,0
2.950255063,0,0,0,0,0,0,0,0,1,0,0,0,0,0
2.950255125,0,0,0,0,0,0,0,0,1,1,0,0,0,0
2.950255187,0,0,0,0,0,0,0,0,0,0,0,0,0,0
2.950255438,0,0,0,0,0,0,0,0,1,1,0,0,0,0
2.950255500,0,0,0,0,0,0,0,0,0,0,0,0,0,0
2.950269500,0,0,0,0,0,0,0,0,1,0,0,0,0,0
2.950269562,0,0,0,0,0,0,0,0,0,0,0,0,0,0
2.950270750,0,0,0,0,0,0,0,0,1,1,0,0,0,0
2.950270938,0,0,0,0,0,0,0,0,0,0,0,0,0,0
2.950271125,0,0,0,0,0,0,0,0,1,1,0,0,0,0
2.950271250,0,0,0,0,0,0,0,0,0,0,0,0,0,0
2.950271438,0,0,0,0,0,0,0,0,1,1,0,0,0,0
2.950271625,0,0,0,0,0,0,0,0,0,0,0,0,0,0
2.950271813,0,0,0,0,0,0,0,0,1,1,0,0,0,0
2.950271875,0,0,0,0,0,0,0,0,0,0,0,0,0,0
2.950272125,0,0,0,0,0,0,0,0,1,0,0,0,0,0
2.950272250,0,0,0,0,0,0,0,0,0,0,0,0,0,0
2.950286188,0,0,0,0,0,0,0,0,1,1,0,0,0,0
2.950286250,0,0,0,0,0,0,0,0,0,0,0,0,0,0
2.950287500,0,0,0,0,0,0,0,0,1,1,0,0,0,0
2.950287625,0,0,0,0,0,0,0,0,0,0,0,0,0,0
2.950287813,0,0,0,0,0,0,0,0,1,0,0,0,0,0
2.950287938,0,0,0,0,0,0,0,0,0,0,0,0,0,0
2.950288187,0,0,0,0,0,0,0,0,1,1,0,0,0,0
2.950288313,0,0,0,0,0,0,0,0,0,0,0,0,0,0
2.950288500,0,0,0,0,0,0,0,0,1,0,0,0,0,0
2.950288562,0,0,0,0,0,0,0,0,0,0,0,0,0,0
2.950302938,0,0,0,0,0,0,0,0,1,1,0,0,0,0
2.950303000,0,0,0,0,0,0,0,0,0,0,0,0,0,0
2.950304188,0,0,0,0,0,0,0,0,1,1,0,0,0,0
2.950304250,0,0,0,0,0,0,0,0,0,0,0,0,0,0
2.950304313,0,0,0,0,0,0,0,0,1,1,0,0,0,0
2.950304375,0,0,0,0,0,0,0,0,0,0,0,0,0,0
2.950304562,0,0,0,0,0,0,0,0,1,1,0,0,0,0
2.950304625,0,0,0,0,0,0,0,0,0,0,0,0,0,0
2.950304875,0,0,0,0,0,0,0,0,1,1,0,0,0,0
2.950304937,0,0,0,0,0,0,0,0,1,0,0,0,0,0
2.950305063,0,0,0,0,0,0,0,0,0,0,0,0,0,0
2.950319625,0,0,0,0,0,0,0,0,1,0,0,0,0,0
2.950319687,0,0,0,0,0,0,0,0,0,0,0,0,0,0
2.950320937,0,0,0,0,0,0,0,0,1,1,0,0,0,0
2.950321000,0,0,0,0,0,0,0,0,0,0,0,0,0,0
2.950321063,0,0,0,0,0,0,0,0,1,0,0,0,0,0
2.950321125,0,0,0,0,0,0,0,0,0,0,0,0,0,0
2.950321375,0,0,0,0,0,0,0,0,1,0,0,0,0,0
2.950321437,0,0,0,0,0,0,0,0,0,0,0,0,0,0
2.950321687,0,0,0,0,0,0,0,0,1,1,0,0,0,0
2.950321750,0,0,0,0,0,0,0,0,0,0,0,0,0,0
2.950336375,0,0,0,0,0,0,0,0,1,1,0,0,0,0
2.950336437,0,0,0,0,0,0,0,0,0,0,0,0,0,0
2.950337625,0,0,0,0,0,0,0,0,1,1,0,0,0,0
2.950337687,0,0,0,0,0,0,0,0,0,0,0,0,0,0
2.950337750,0,0,0,0,0,0,0,0,1,1,0,0,0,0
2.950337812,0,0,0,0,0,0,0,0,0,0,0,0,0,0
2.950338000,0,0,0,0,0,0,0,0,1,0,0,0,0,0
2.950338063,0,0,0,0,0,0,0,0,0,0,0,0,0,0
2.950338313,0,0,0,0,0,0,0,0,1,1,0,0,0,0
2.950338375,0,0,0,0,0,0,0,0,0,0,0,0,0,0
2.950338438,0,0,0,0,0,0,0,0,1,0,0,0,0,0
2.950338500,0,0,0,0,0,0,0,0,0,0,0,0,0,0
2.950353063,0,0,0,0,0,0,0,0,1,0,0,0,0,0
2.950353125,0,0,0,0,0,0,0,0,0,0,0,0,0,0
2.950354375,0,0,0,0,0,0,0,0,1,1,0,0,0,0
2.950354438,0,0,0,0,0,0,0,0,0,0,0,0,0,0
2.950354813,0,0,0,0,0,0,0,0,1,1,0,0,0,0
2.950354875,0,0,0,0,0,0,0,0,0,0,0,0,0,0
2.950355000,0,0,0,0,0,0,0,0,1,0,0,0,0,0
2.950355062,0,0,0,0,0,0,0,0,0,0,0,0,0,0
2.950355125,0,0,0,0,0,0,0,0,1,1,0,0,0,0
2.950355188,0,0,0,0,0,0,0,0,0,0,0,0,0,0
2.950369750,0,0,0,0,0,0,0,0,1,0,0,0,0,0
2.950369812,0,0,0,0,0,0,0,0,1,1,0,0,0,0
2.950369875,0,0,0,0,0,0,0,0,0,0,0,0,0,0
2.950371062,0,0,0,0,0,0,0,0,1,1,0,0,0,0
2.950371125,0,0,0,0,0,0,0,0,0,0,0,0,0,0
2.950371188,0,0,0,0,0,0,0,0,1,1,0,0,0,0
2.950371250,0,0,0,0,0,0,0,0,0,0,0,0,0,0
2.950371437,0,0,0,0,0,0,0,0,1,1,0,0,0,0
2.950371562,0,0,0,0,0,0,0,0,0,0,0,0,0,0
2.950371812,0,0,0,0,0,0,0,0,1,0,0,0,0,0
2.950371875,0,0,0,0,0,0,0,0,0,0,0,0,0,0
2.950386375,0,0,0,0,0,0,0,0,1,0,0,0,0,0
2.950386500,0,0,0,0,0,0,0,0,0,0,0,0,0,0
2.950387688,0,0,0,0,0,0,0,0,1,1,0,0,0,0
2.950387750,0,0,0,0,0,0,0,0,0,0,0,0,0,0
2.950387812,0,0,0,0,0,0,0,0,1,1,0,0,0,0
2.950387875,0,0,0,0,0,0,0,0,0,0,0,0,0,0
2.950387937,0,0,0,0,0,0,0,0,1,0,0,0,0,0
2.950388000,0,0,0,0,0,0,0,0,0,0,0,0,0,0
2.950388063,0,0,0,0,0,0,0,0,1,1,0,0,0,0
2.950388125,0,0,0,0,0,0,0,0,1,0,0,0,0,0
2.950388188,0,0,0,0,0,0,0,0,0,0,0,0,0,0
2.950388438,0,0,0,0,0,0,0,0,1,0,0,0,0,0
2.950388500,0,0,0,0,0,0,0,0,0,0,0,0,0,0
2.950403000,0,0,0,0,0,0,0,0,1,0,0,0,0,0
2.950403062,0,0,0,0,0,0,0,0,1,1,0,0,0,0
2.950403125,0,0,0,0,0,0,0,0,0,0,0,0,0,0
2.950404312,0,0,0,0,0,0,0,0,1,1,0,0,0,0
2.950404375,0,0,0,0,0,0,0,0,0,0,0,0,0,0
2.950404438,0,0,0,0,0,0,0,0,1,1,0,0,0,0
2.950404500,0,0,0,0,0,0,0,0,0,0,0,0,0,0
2.950404563,0,0,0,0,0,0,0,0,1,0,0,0,0,0
2.950404625,0,0,0,0,0,0,0,0,0,0,0,0,0,0
2.950404687,0,0,0,0,0,0,0,0,1,1,0,0,0,0
2.950404750,0,0,0,0,0,0,0,0,1,0,0,0,0,0
2.950404812,0,0,0,0,0,0,0,0,0,0,0,0,0,0
2.950404938,0,0,0,0,0,0,0,0,1,1,0,0,0,0
2.950405000,0,0,0,0,0,0,0,0,0,0,0,0,0,0
2.950419688,0,0,0,0,0,0,0,0,1,1,0,0,0,0
2.950419750,0,0,0,0,0,0,0,0,0,0,0,0,0,0
2.950420938,0,0,0,0,0,0,0,0,1,1,0,0,0,0
2.950421000,0,0,0,0,0,0,0,0,0,0,0,0,0,0
2.950421062,0,0,0,0,0,0,0,0,1,1,0,0,0,0
2.950421125,0,0,0,0,0,0,0,0,0,0,0,0,0,0
2.950421187,0,0,0,0,0,0,0,0,1,0,0,0,0,0
2.950421250,0,0,0,0,0,0,0,0,0,0,0,0,0,0
2.950421313,0,0,0,0,0,0,0,0,1,1,0,0,0,0
2.950421375,0,0,0,0,0,0,0,0,1,0,0,0,0,0
2.950421438,0,0,0,0,0,0,0,0,0,0,0,0,0,0
2.950421562,0,0,0,0,0,0,0,0,1,1,0,0,0,0
2.950421625,0,0,0,0,0,0,0,0,0,0,0,0,0,0
2.950421688,0,0,0,0,0,0,0,0,1,0,0,0,0,0
2.950421750,0,0,0,0,0,0,0,0,0,0,0,0,0,0
2.950436312,0,0,0,0,0,0,0,0,1,1,0,0,0,0
2.950436375,0,0,0,0,0,0,0,0,0,0,0,0,0,0
2.950437562,0,0,0,0,0,0,0,0,1,1,0,0,0,0
2.950437625,0,0,0,0,0,0,0,0,0,0,0,0,0,0
2.950437688,0,0,0,0,0,0,0,0,1,1,0,0,0,0
2.950437750,0,0,0,0,0,0,0,0,0,0,0,0,0,0
2.950437813,0,0,0,0,0,0,0,0,1,0,0,0,0,0
2.950437875,0,0,0,0,0,0,0,0,0,0,0,0,0,0
2.950437937,0,0,0,0,0,0,0,0,1,1,0,0,0,0
2.950438000,0,0,0,0,0,0,0,0,1,0,0,0,0,0
2.950438062,0,0,0,0,0,0,0,0,0,0,0,0,0,0
2.950438188,0,0,0,0,0,0,0,0,1,1,0,0,0,0
2.950438250,0,0,0,0,0,0,0,0,0,0,0,0,0,0
2.950452938,0,0,0,0,0,0,0,0,1,1,0,0,0,0
2.950453000,0,0,0,0,0,0,0,0,0,0,0,0,0,0
2.950454188,0,0,0,0,0,0,0,0,1,1,0,0,0,0
2.950454250,0,0,0,0,0,0,0,0,0,0,0,0,0,0
2.950454313,0,0,0,0,0,0,0,0,1,1,0,0,0,0
2.950454375,0,0,0,0,0,0,0,0,0,0,0,0,0,0
2.950454563,0,0,0,0,0,0,0,0,1,1,0,0,0,0
2.950454625,0,0,0,0,0,0,0,0,1,0,0,0,0,0
2.950454688,0,0,0,0,0,0,0,0,0,0,0,0,0,0
2.950454812,0,0,0,0,0,0,0,0,1,0,0,0,0,0
2.950454875,0,0,0,0,0,0,0,0,0,0,0,0,0,0
2.950469562,0,0,0,0,0,0,0,0,1,1,0,0,0,0
2.950469625,0,0,0,0,0,0,0,0,0,0,0,0,0,0
2.950470812,0,0,0,0,0,0,0,0,1,1,0,0,0,0
2.950470875,0,0,0,0,0,0,0,0,0,0,0,0,0,0
2.950471187,0,0,0,0,0,0,0,0,1,0,0,0,0,0
2.950471312,0,0,0,0,0,0,0,0,0,0,0,0,0,0
2.950471375,0,0,0,0,0,0,0,0,1,0,0,0,0,0
2.950471438,0,0,0,0,0,0,0,0,0,0,0,0,0,0
2.950485875,0,0,0,0,0,0,0,0,1,0,0,0,0,0
2.950485937,0,0,0,0,0,0,0,0,0,0,0,0,0,0
2.950486188,0,0,0,0,0,0,0,0,1,1,0,0,0,0
2.950486250,0,0,0,0,0,0,0,0,0,0,0,0,0,0
2.950487375,0,0,0,0,0,0,0,0,1,1,0,0,0,0
2.950487438,0,0,0,0,0,0,0,0,1,0,0,0,0,0
2.950487500,0,0,0,0,0,0,0,0,0,0,0,0,0,0
2.950488000,0,0,0,0,0,0,0,0,1,1,0,0,0,0
2.950488062,0,0,0,0,0,0,0,0,0,0,0,0,0,0
2.950502750,0,0,0,0,0,0,0,0,1,0,0,0,0,0
2.950502812,0,0,0,0,0,0,0,0,0,0,0,0,0,0
2.950504000,0,0,0,0,0,0,0,0,1,1,0,0,0,0
2.950504062,0,0,0,0,0,0,0,0,0,0,0,0,0,0
2.950504125,0,0,0,0,0,0,0,0,1,1,0,0,0,0
2.950504187,0,0,0,0,0,0,0,0,0,0,0,0,0,0
2.950504250,0,0,0,0,0,0,0,0,1,0,0,0,0,0
2.950504313,0,0,0,0,0,0,0,0,0,0,0,0,0,0
2.950504375,0,0,0,0,0,0,0,0,1,1,0,0,0,0
2.950504437,0,0,0,0,0,0,0,0,0,0,0,0,0,0
2.950504625,0,0,0,0,0,0,0,0,1,0,0,0,0,0
2.950504688,0,0,0,0,0,0,0,0,0,0,0,0,0,0
2.950504813,0,0,0,0,0,0,0,0,1,0,0,0,0,0
2.950504875,0,0,0,0,0,0,0,0,0,0,0,0,0,0
2.950505062,0,0,0,0,0,0,0,0,1,0,0,0,0,0
2.950505125,0,0,0,0,0,0,0,0,0,0,0,0,0,0
2.950519000,0,0,0,0,0,0,0,0,1,0,0,0,0,0
2.950519063,0,0,0,0,0,0,0,0,0,0,0,0,0,0
2.950519312,0,0,0,0,0,0,0,0,1,0,0,0,0,0
2.950519375,0,0,0,0,0,0,0,0,0,0,0,0,0,0
2.950520562,0,0,0,0,0,0,0,0,1,1,0,0,0,0
2.950520625,0,0,0,0,0,0,0,0,0,0,0,0,0,0
2.950520688,0,0,0,0,0,0,0,0,1,1,0,0,0,0
2.950520750,0,0,0,0,0,0,0,0,0,0,0,0,0,0
2.950520813,0,0,0,0,0,0,0,0,1,0,0,0,0,0
2.950520875,0,0,0,0,0,0,0,0,0,0,0,0,0,0
2.950520937,0,0,0,0,0,0,0,0,1,0,0,0,0,0
2.950521000,0,0,0,0,0,0,0,0,0,0,0,0,0,0
2.950521125,0,0,0,0,0,0,0,0,1,1,0,0,0,0
2.950521188,0,0,0,0,0,0,0,0,0,0,0,0,0,0
2.950535562,0,0,0,0,0,0,0,0,1,0,0,0,0,0
2.950535625,0,0,0,0,0,0,0,0,0,0,0,0,0,0
2.950537063,0,0,0,0,0,0,0,0,1,1,0,0,0,0
2.950537125,0,0,0,0,0,0,0,0,0,0,0,0,0,0
2.950537188,0,0,0,0,0,0,0,0,1,0,0,0,0,0
2.950537250,0,0,0,0,0,0,0,0,0,0,0,0,0,0
2.950552375,0,0,0,0,0,0,0,0,1,0,0,0,0,0
2.950552437,0,0,0,0,0,0,0,0,0,0,0,0,0,0
2.950553625,0,0,0,0,0,0,0,0,1,1,0,0,0,0
2.950553687,0,0,0,0,0,0,0,0,0,0,0,0,0,0
2.950553750,0,0,0,0,0,0,0,0,1,1,0,0,0,0
2.950553812,0,0,0,0,0,0,0,0,0,0,0,0,0,0
2.950553875,0,0,0,0,0,0,0,0,1,1,0,0,0,0
2.950553938,0,0,0,0,0,0,0,0,0,0,0,0,0,0
2.950554000,0,0,0,0,0,0,0,0,1,0,0,0,0,0
2.950554063,0,0,0,0,0,0,0,0,0,0,0,0,0,0
2.950554187,0,0,0,0,0,0,0,0,1,0,0,0,0,0
2.950554250,0,0,0,0,0,0,0,0,0,0,0,0,0,0
2.950570125,0,0,0,0,0,0,0,0,1,1,0,0,0,0
2.950570187,0,0,0,0,0,0,0,0,0,0,0,0,0,0
2.950570313,0,0,0,0,0,0,0,0,1,0,0,0,0,0
2.950570375,0,0,0,0,0,0,0,0,0,0,0,0,0,0
2.950570438,0,0,0,0,0,0,0,0,1,0,0,0,0,0
2.950570500,0,0,0,0,0,0,0,0,0,0,0,0,0,0
2.950570750,0,0,0,0,0,0,0,0,1,0,0,0,0,0
2.950570813,0,0,0,0,0,0,0,0,0,0,0,0,0,0
2.950586687,0,0,0,0,0,0,0,0,1,1,0,0,0,0
2.950586750,0,0,0,0,0,0,0,0,0,0,0,0,0,0
2.950586813,0,0,0,0,0,0,0,0,1,1,0,0,0,0
2.950586875,0,0,0,0,0,0,0,0,0,0,0,0,0,0
2.950603250,0,0,0,0,0,0,0,0,1,0,0,0,0,0
2.950603313,0,0,0,0,0,0,0,0,0,0,0,0,0,0
2.950603375,0,0,0,0,0,0,0,0,1,0,0,0,0,0
2.950603437,0,0,0,0,0,0,0,0,0,0,0,0,0,0
2.950603500,0,0,0,0,0,0,0,0,1,0,0,0,0,0
2.950603562,0,0,0,0,0,0,0,0,0,0,0,0,0,0
2.950636438,0,0,0,0,0,0,0,0,1,0,0,0,0,0
2.950636500,0,0,0,0,0,0,0,0,0,0,0,0,0,0
2.950636563,0,0,0,0,0,0,0,0,1,0,0,0,0,0
2.950636625,0,0,0,0,0,0,0,0,0,0,0,0,0,0
2.950652750,0,0,0,0,0,0,0,0,1,0,0,0,0,0
2.950652812,0,0,0,0,0,0,0,0,0,0,0,0,0,0
2.950652875,0,0,0,0,0,0,0,0,1,0,0,0,0,0
2.950652938,0,0,0,0,0,0,0,0,0,0,0,0,0,0
2.950669313,0,0,0,0,0,0,0,0,1,0,0,0,0,0
2.950669375,0,0,0,0,0,0,0,0,0,0,0,0,0,0
2.950685625,0,0,0,0,0,0,0,0,1,0,0,0,0,0
2.950685688,0,0,0,0,0,0,0,0,0,0,0,0,0,0
2.950685750,0,0,0,0,0,0,0,0,1,0,0,0,0,0
2.950685813,0,0,0,0,0,0,0,0,0,0,0,0,0,0
2.950702063,0,0,0,0,0,0,0,0,1,0,0,0,0,0
2.950702125,0,0,0,0,0,0,0,0,0,0,0,0,0,0
2.950702188,0,0,0,0,0,0,0,0,1,0,0,0,0,0
2.950702250,0,0,0,0,0,0,0,0,0,0,0,0,0,0
2.950702312,0,0,0,0,0,0,0,0,1,0,0,0,0,0
2.950702375,0,0,0,0,0,0,0,0,0,0,0,0,0,0
2.950718500,0,0,0,0,0,0,0,0,1,0,0,0,0,0
2.950718563,0,0,0,0,0,0,0,0,0,0,0,0,0,0
2.950718625,0,0,0,0,0,0,0,0,1,1,0,0,0,0
2.950718688,0,0,0,0,0,0,0,0,0,0,0,0,0,0
2.950718750,0,0,0,0,0,0,0,0,1,0,0,0,0,0
2.950718812,0,0,0,0,0,0,0,0,0,0,0,0,0,0
2.950734938,0,0,0,0,0,0,0,0,1,0,0,0,0,0
2.950735000,0,0,0,0,0,0,0,0,0,0,0,0,0,0
2.950735063,0,0,0,0,0,0,0,0,1,1,0,0,0,0
2.950735125,0,0,0,0,0,0,0,0,0,0,0,0,0,0
2.950735187,0,0,0,0,0,0,0,0,1,1,0,0,0,0
2.950735250,0,0,0,0,0,0,0,0,0,0,0,0,0,0
2.950767750,0,0,0,0,0,0,0,0,1,0,0,0,0,0
2.950767813,0,0,0,0,0,0,0,0,0,0,0,0,0,0
2.950784125,0,0,0,0,0,0,0,0,1,0,0,0,0,0
2.950784188,0,0,0,0,0,0,0,0,0,0,0,0,0,0
2.950784250,0,0,0,0,0,0,0,0,1,1,0,0,0,0
2.950784313,0,0,0,0,0,0,0,0,0,0,0,0,0,0
2.950784375,0,0,0,0,0,0,0,0,1,0,0,0,0,0
2.950784437,0,0,0,0,0,0,0,0,0,0,0,0,0,0
2.950784500,0,0,0,0,0,0,0,0,1,0,0,0,0,0
2.950784562,0,0,0,0,0,0,0,0,0,0,0,0,0,0
2.950800437,0,0,0,0,0,0,0,0,1,1,0,0,0,0
2.950800500,0,0,0,0,0,0,0,0,0,0,0,0,0,0
2.950800563,0,0,0,0,0,0,0,0,1,1,0,0,0,0
2.950800625,0,0,0,0,0,0,0,0,0,0,0,0,0,0
2.950816937,0,0,0,0,0,0,0,0,1,0,0,0,0,0
2.950817000,0,0,0,0,0,0,0,0,0,0,0,0,0,0
2.950817063,0,0,0,0,0,0,0,0,1,1,0,0,0,0
2.950817125,0,0,0,0,0,0,0,0,0,0,0,0,0,0
2.950817188,0,0,0,0,0,0,0,0,1,0,0,0,0,0
2.950817250,0,0,0,0,0,0,0,0,0,0,0,0,0,0
2.950824312,0,0,0,0,0,0,0,0,1,0,0,0,0,0
2.950824375,0,0,0,0,0,0,0,0,0,0,0,0,0,0
2.950833125,0,0,0,0,0,0,0,0,1,1,0,0,0,0
2.950833187,0,0,0,0,0,0,0,0,0,0,0,0,0,0
2.950833250,0,0,0,0,0,0,0,0,1,1,0,0,0,0
2.950833312,0,0,0,0,0,0,0,0,0,0,0,0,0,0
2.950833375,0,0,0,0,0,0,0,0,1,1,0,0,0,0
2.950833438,0,0,0,0,0,0,0,0,0,0,0,0,0,0
2.950833687,0,0,0,0,0,0,0,0,1,0,0,0,0,0
2.950833750,0,0,0,0,0,0,0,0,0,0,0,0,0,0
2.950849625,0,0,0,0,0,0,0,0,1,0,0,0,0,0
2.950849687,0,0,0,0,0,0,0,0,0,0,0,0,0,0
2.950849750,0,0,0,0,0,0,0,0,1,0,0,0,0,0
2.950849813,0,0,0,0,0,0,0,0,0,0,0,0,0,0
2.950849875,0,0,0,0,0,0,0,0,1,0,0,0,0,0
2.950849938,0,0,0,0,0,0,0,0,0,0,0,0,0,0
2.950856750,0,0,0,0,0,0,0,0,1,1,0,0,0,0
2.950856813,0,0,0,0,0,0,0,0,0,0,0,0,0,0
2.950865813,0,0,0,0,0,0,0,0,1,1,0,0,0,0
2.950865875,0,0,0,0,0,0,0,0,0,0,0,0,0,0
2.950865938,0,0,0,0,0,0,0,0,1,1,0,0,0,0
2.950866000,0,0,0,0,0,0,0,0,0,0,0,0,0,0
2.950866062,0,0,0,0,0,0,0,0,1,1,0,0,0,0
2.950866125,0,0,0,0,0,0,0,0,0,0,0,0,0,0
2.950866375,0,0,0,0,0,0,0,0,1,1,0,0,0,0
2.950866438,0,0,0,0,0,0,0,0,0,0,0,0,0,0
2.950876875,0,0,0,0,0,0,0,0,1,0,0,0,0,0
2.950876937,0,0,0,0,0,0,0,0,1,1,0,0,0,0
2.950877000,0,0,0,0,0,0,0,0,0,0,0,0,0,0
2.950882187,0,0,0,0,0,0,0,0,1,1,0,0,0,0
2.950882250,0,0,0,0,0,0,0,0,0,0,0,0,0,0
2.950882313,0,0,0,0,0,0,0,0,1,1,0,0,0,0
2.950882375,0,0,0,0,0,0,0,0,0,0,0,0,0,0
2.950882437,0,0,0,0,0,0,0,0,1,1,0,0,0,0
2.950882500,0,0,0,0,0,0,0,0,0,0,0,0,0,0
2.950882562,0,0,0,0,0,0,0,0,1,0,0,0,0,0
2.950882625,0,0,0,0,0,0,0,0,0,0,0,0,0,0
2.950882750,0,0,0,0,0,0,0,0,1,1,0,0,0,0
2.950882813,0,0,0,0,0,0,0,0,0,0,0,0,0,0
2.950894687,0,0,0,0,0,0,0,0,1,0,0,0,0,0
2.950894750,0,0,0,0,0,0,0,0,0,0,0,0,0,0
2.950897250,0,0,0,0,0,0,0,0,1,1,0,0,0,0
2.950897312,0,0,0,0,0,0,0,0,0,0,0,0,0,0
2.950898500,0,0,0,0,0,0,0,0,1,1,0,0,0,0
2.950898562,0,0,0,0,0,0,0,0,0,0,0,0,0,0
2.950898625,0,0,0,0,0,0,0,0,1,1,0,0,0,0
2.950898688,0,0,0,0,0,0,0,0,0,0,0,0,0,0
2.950898750,0,0,0,0,0,0,0,0,1,1,0,0,0,0
2.950898813,0,0,0,0,0,0,0,0,0,0,0,0,0,0
2.950898938,0,0,0,0,0,0,0,0,1,1,0,0,0,0
2.950899000,0,0,0,0,0,0,0,0,0,0,0,0,0,0
2.950899063,0,0,0,0,0,0,0,0,1,1,0,0,0,0
2.950899125,0,0,0,0,0,0,0,0,0,0,0,0,0,0
2.950899188,0,0,0,0,0,0,0,0,1,0,0,0,0,0
2.950899250,0,0,0,0,0,0,0,0,0,0,0,0,0,0
2.950899563,0,0,0,0,0,0,0,0,1,0,0,0,0,0
2.950899625,0,0,0,0,0,0,0,0,0,0,0,0,0,0
2.950899688,0,0,0,0,0,0,0,0,1,0,0,0,0,0
2.950899750,0,0,0,0,0,0,0,0,0,0,0,0,0,0
2.950902188,0,0,0,0,0,0,0,0,1,0,0,0,0,0
2.950902375,0,0,0,0,0,0,0,0,1,1,0,0,0,0
2.950902437,0,0,0,0,0,0,0,0,1,0,0,0,0,0
2.950902500,0,0,0,0,0,0,0,0,0,0,0,0,0,0
2.950904187,0,0,0,0,0,0,0,0,1,0,0,0,0,0
2.950904250,0,0,0,0,0,0,0,0,0,0,0,0,0,0
2.950904875,0,0,0,0,0,0,0,0,1,0,0,0,0,0
2.950904937,0,0,0,0,0,0,0,0,0,0,0,0,0,0
2.950910375,0,0,0,0,0,0,0,0,1,0,0,0,0,0
2.950910438,0,0,0,0,0,0,0,0,0,0,0,0,0,0
2.950913375,0,0,0,0,0,0,0,0,1,1,0,0,0,0
2.950913438,0,0,0,0,0,0,0,0,0,0,0,0,0,0
2.950914750,0,0,0,0,0,0,0,0,1,1,0,0,0,0
2.950914813,0,0,0,0,0,0,0,0,0,0,0,0,0,0
2.950915188,0,0,0,0,0,0,0,0,1,1,0,0,0,0
2.950915250,0,0,0,0,0,0,0,0,0,0,0,0,0,0
2.950915312,0,0,0,0,0,0,0,0,1,0,0,0,0,0
2.950915375,0,0,0,0,0,0,0,0,0,0,0,0,0,0
2.950915500,0,0,0,0,0,0,0,0,1,0,0,0,0,0
2.950915563,0,0,0,0,0,0,0,0,0,0,0,0,0,0
2.950917500,0,0,0,0,0,0,0,0,1,1,0,0,0,0
2.950917562,0,0,0,0,0,0,0,0,0,0,0,0,0,0
2.950925125,0,0,0,0,0,0,0,0,1,0,0,0,0,0
2.950925188,0,0,0,0,0,0,0,0,0,0,0,0,0,0
2.950925375,0,0,0,0,0,0,0,0,1,1,0,0,0,0
2.950925438,0,0,0,0,0,0,0,0,0,0,0,0,0,0
2.950925625,0,0,0,0,0,0,0,0,1,0,0,0,0,0
2.950925687,0,0,0,0,0,0,0,0,0,0,0,0,0,0
2.950927062,0,0,0,0,0,0,0,0,1,0,0,0,0,0
2.950927125,0,0,0,0,0,0,0,0,0,0,0,0,0,0
2.950927688,0,0,0,0,0,0,0,0,1,1,0,0,0,0
2.950927750,0,0,0,0,0,0,0,0,0,0,0,0,0,0
2.950927875,0,0,0,0,0,0,0,0,1,0,0,0,0,0
2.950927937,0,0,0,0,0,0,0,0,0,0,0,0,0,0
2.950929125,0,0,0,0,0,0,0,0,1,0,0,0,0,0
2.950929187,0,0,0,0,0,0,0,0,0,0,0,0,0,0
2.950929625,0,0,0,0,0,0,0,0,1,0,0,0,0,0
2.950929687,0,0,0,0,0,0,0,0,0,0,0,0,0,0
2.950929750,0,0,0,0,0,0,0,0,1,0,0,0,0,0
2.950929813,0,0,0,0,0,0,0,0,0,0,0,0,0,0
2.950929875,0,0,0,0,0,0,0,0,1,0,0,0,0,0
2.950929938,0,0,0,0,0,0,0,0,0,0,0,0,0,0
2.950930188,0,0,0,0,0,0,0,0,1,0,0,0,0,0
2.950930250,0,0,0,0,0,0,0,0,0,0,0,0,0,0
2.950930375,0,0,0,0,0,0,0,0,1,1,0,0,0,0
2.950930437,0,0,0,0,0,0,0,0,0,0,0,0,0,0
2.950930500,0,0,0,0,0,0,0,0,1,1,0,0,0,0
2.950930562,0,0,0,0,0,0,0,0,0,0,0,0,0,0
2.950930875,0,0,0,0,0,0,0,0,1,0,0,0,0,0
2.950930937,0,0,0,0,0,0,0,0,0,0,0,0,0,0
2.950931000,0,0,0,0,0,0,0,0,1,0,0,0,0,0
2.950931063,0,0,0,0,0,0,0,0,1,1,0,0,0,0
2.950931125,0,0,0,0,0,0,0,0,0,0,0,0,0,0
2.950931188,0,0,0,0,0,0,0,0,1,1,0,0,0,0
2.950931250,0,0,0,0,0,0,0,0,0,0,0,0,0,0
2.950931312,0,0,0,0,0,0,0,0,1,1,0,0,0,0
2.950931375,0,0,0,0,0,0,0,0,0,0,0,0,0,0
2.950931437,0,0,0,0,0,0,0,0,1,1,0,0,0,0
2.950931500,0,0,0,0,0,0,0,0,0,0,0,0,0,0
2.950931625,0,0,0,0,0,0,0,0,1,1,0,0,0,0
2.950931687,0,0,0,0,0,0,0,0,0,0,0,0,0,0
2.950931750,0,0,0,0,0,0,0,0,1,1,0,0,0,0
2.950931812,0,0,0,0,0,0,0,0,0,0,0,0,0,0
2.950931938,0,0,0,0,0,0,0,0,1,0,0,0,0,0
2.950932000,0,0,0,0,0,0,0,0,0,0,0,0,0,0
2.950932063,0,0,0,0,0,0,0,0,1,0,0,0,0,0
2.950932125,0,0,0,0,0,0,0,0,0,0,0,0,0,0
2.950932250,0,0,0,0,0,0,0,0,1,0,0,0,0,0
2.950932312,0,0,0,0,0,0,0,0,0,0,0,0,0,0
2.950932375,0,0,0,0,0,0,0,0,1,1,0,0,0,0
2.950932438,0,0,0,0,0,0,0,0,0,0,0,0,0,0
2.950932562,0,0,0,0,0,0,0,0,1,0,0,0,0,0
2.950932625,0,0,0,0,0,0,0,0,0,0,0,0,0,0
2.950932687,0,0,0,0,0,0,0,0,1,0,0,0,0,0
2.950932750,0,0,0,0,0,0,0,0,0,0,0,0,0,0
2.950932875,0,0,0,0,0,0,0,0,1,0,0,0,0,0
2.950933000,0,0,0,0,0,0,0,0,0,0,0,0,0,0
2.950933437,0,0,0,0,0,0,0,0,1,0,0,0,0,0
2.950933562,0,0,0,0,0,0,0,0,0,0,0,0,0,0
2.950933625,0,0,0,0,0,0,0,0,1,0,0,0,0,0
2.950933688,0,0,0,0,0,0,0,0,0,0,0,0,0,0
2.950933875,0,0,0,0,0,0,0,0,1,0,0,0,0,0
2.950933937,0,0,0,0,0,0,0,0,0,0,0,0,0,0
2.950934063,0,0,0,0,0,0,0,0,1,0,0,0,0,0
2.950934188,0,0,0,0,0,0,0,0,0,0,0,0,0,0
2.950934250,0,0,0,0,0,0,0,0,1,0,0,0,0,0
2.950934312,0,0,0,0,0,0,0,0,0,0,0,0,0,0
2.950934625,0,0,0,0,0,0,0,0,1,0,0,0,0,0
2.950934750,0,0,0,0,0,0,0,0,0,0,0,0,0,0
2.950934812,0,0,0,0,0,0,0,0,1,0,0,0,0,0
2.950935000,0,0,0,0,0,0,0,0,0,0,0,0,0,0
2.950935375,0,0,0,0,0,0,0,0,1,1,0,0,0,0
2.950935438,0,0,0,0,0,0,0,0,1,0,0,0,0,0
2.950935563,0,0,0,0,0,0,0,0,0,0,0,0,0,0
2.950935625,0,0,0,0,0,0,0,0,1,1,0,0,0,0
2.950935687,0,0,0,0,0,0,0,0,0,0,0,0,0,0
2.950935875,0,0,0,0,0,0,0,0,1,0,0,0,0,0
2.950936000,0,0,0,0,0,0,0,0,0,0,0,0,0,0
2.950936062,0,0,0,0,0,0,0,0,1,0,0,0,0,0
2.950936250,0,0,0,0,0,0,0,0,0,0,0,0,0,0
2.950936375,0,0,0,0,0,0,0,0,1,0,0,0,0,0
2.950936438,0,0,0,0,0,0,0,0,0,0,0,0,0,0
2.950936500,0,0,0,0,0,0,0,0,1,0,0,0,0,0
2.950936562,0,0,0,0,0,0,0,0,0,0,0,0,0,0
2.950936688,0,0,0,0,0,0,0,0,1,0,0,0,0,0
2.950936750,0,0,0,0,0,0,0,0,0,0,0,0,0,0
2.950936813,0,0,0,0,0,0,0,0,1,0,0,0,0,0
2.950936875,0,0,0,0,0,0,0,0,0,0,0,0,0,0
2.950937250,0,0,0,0,0,0,0,0,1,0,0,0,0,0
2.950937312,0,0,0,0,0,0,0,0,0,0,0,0,0,0
2.950937375,0,0,0,0,0,0,0,0,1,0,0,0,0,0
2.950937437,0,0,0,0,0,0,0,0,0,0,0,0,0,0
2.950937688,0,0,0,0,0,0,0,0,1,0,0,0,0,0
2.950937812,0,0,0,0,0,0,0,0,0,0,0,0,0,0
2.950937875,0,0,0,0,0,0,0,0,1,1,0,0,0,0
2.950937937,0,0,0,0,0,0,0,0,1,0,0,0,0,0
2.950938000,0,0,0,0,0,0,0,0,0,0,0,0,0,0
2.950938063,0,0,0,0,0,0,0,0,1,1,0,0,0,0
2.950938125,0,0,0,0,0,0,0,0,1,0,0,0,0,0
2.950938250,0,0,0,0,0,0,0,0,0,0,0,0,0,0
2.950938312,0,0,0,0,0,0,0,0,1,0,0,0,0,0
2.950938375,0,0,0,0,0,0,0,0,0,0,0,0,0,0
2.950938438,0,0,0,0,0,0,0,0,1,0,0,0,0,0
2.950938500,0,0,0,0,0,0,0,0,0,0,0,0,0,0
2.950938625,0,0,0,0,0,0,0,0,1,0,0,0,0,0
2.950938687,0,0,0,0,0,0,0,0,0,0,0,0,0,0
2.950938813,0,0,0,0,0,0,0,0,1,0,0,0,0,0
2.950939000,0,0,0,0,0,0,0,0,0,0,0,0,0,0
2.950939187,0,0,0,0,0,0,0,0,1,0,0,0,0,0
2.950939250,0,0,0,0,0,0,0,0,1,1,0,0,0,0
2.950939313,0,0,0,0,0,0,0,0,0,0,0,0,0,0
2.950939438,0,0,0,0,0,0,0,0,1,0,0,0,0,0
2.950939562,0,0,0,0,0,0,0,0,0,0,0,0,0,0
2.950939625,0,0,0,0,0,0,0,0,1,0,0,0,0,0
2.950939688,0,0,0,0,0,0,0,0,0,0,0,0,0,0
2.950939750,0,0,0,0,0,0,0,0,1,0,0,0,0,0
2.950939875,0,0,0,0,0,0,0,0,0,0,0,0,0,0
2.950939937,0,0,0,0,0,0,0,0,1,0,0,0,0,0
2.950940000,0,0,0,0,0,0,0,0,0,0,0,0,0,0
2.950940125,0,0,0,0,0,0,0,0,1,0,0,0,0,0
2.950940250,0,0,0,0,0,0,0,0,0,0,0,0,0,0
2.950940313,0,0,0,0,0,0,0,0,1,0,0,0,0,0
2.950940375,0,0,0,0,0,0,0,0,0,0,0,0,0,0
2.950940625,0,0,0,0,0,0,0,0,1,0,0,0,0,0
2.950940812,0,0,0,0,0,0,0,0,0,0,0,0,0,0
2.950940875,0,0,0,0,0,0,0,0,1,0,0,0,0,0
2.950940937,0,0,0,0,0,0,0,0,0,0,0,0,0,0
2.950941125,0,0,0,0,0,0,0,0,1,0,0,0,0,0
2.950941250,0,0,0,0,0,0,0,0,0,0,0,0,0,0
2.950941438,0,0,0,0,0,0,0,0,1,0,0,0,0,0
2.950941563,0,0,0,0,0,0,0,0,0,0,0,0,0,0
2.950941625,0,0,0,0,0,0,0,0,1,0,0,0,0,0
2.950941687,0,0,0,0,0,0,0,0,0,0,0,0,0,0
2.950941812,0,0,0,0,0,0,0,0,0,1,0,0,0,0
2.950941875,0,0,0,0,0,0,0,0,0,0,0,0,0,0
2.950941938,0,0,0,0,0,0,0,0,1,0,0,0,0,0
2.950942000,0,0,0,0,0,0,0,0,0,0,0,0,0,0
2.950942062,0,0,0,0,0,0,0,0,1,0,0,0,0,0
2.950942187,0,0,0,0,0,0,0,0,0,0,0,0,0,0
2.950942375,0,0,0,0,0,0,0,0,1,0,0,0,0,0
2.950942500,0,0,0,0,0,0,0,0,0,0,0,0,0,0
2.950942562,0,0,0,0,0,0,0,0,1,0,0,0,0,0
2.950942813,0,0,0,0,0,0,0,0,0,0,0,0,0,0
2.950942875,0,0,0,0,0,0,0,0,1,0,0,0,0,0
2.950942937,0,0,0,0,0,0,0,0,0,0,0,0,0,0
2.950943062,0,0,0,0,0,0,0,0,1,0,0,0,0,0
2.950943188,0,0,0,0,0,0,0,0,0,0,0,0,0,0
2.950943250,0,0,0,0,0,0,0,0,1,0,0,0,0,0
2.950943313,0,0,0,0,0,0,0,0,0,0,0,0,0,0
2.950943375,0,0,0,0,0,0,0,0,1,0,0,0,0,0
2.950943500,0,0,0,0,0,0,0,0,0,0,0,0,0,0
2.950943688,0,0,0,0,0,0,0,0,1,1,0,0,0,0
2.950943875,0,0,0,0,0,0,0,0,0,0,0,0,0,0
2.950944000,0,0,0,0,0,0,0,0,1,0,0,0,0,0
2.950944312,0,0,0,0,0,0,0,0,1,1,0,0,0,0
2.950944625,0,0,0,0,0,0,0,0,0,0,0,0,0,0
2.950945250,0,0,0,0,0,0,0,0,1,0,0,0,0,0
2.950945313,0,0,0,0,0,0,0,0,0,0,0,0,0,0
2.950945687,0,0,0,0,0,0,0,0,1,1,0,0,0,0
2.950945750,0,0,0,0,0,0,0,0,0,0,0,0,0,0
2.950945875,0,0,0,0,0,0,0,0,1,0,0,0,0,0
2.950945937,0,0,0,0,0,0,0,0,0,0,0,0,0,0
2.950946000,0,0,0,0,0,0,0,0,1,0,0,0,0,0
2.950946062,0,0,0,0,0,0,0,0,0,0,0,0,0,0
2.950946125,0,0,0,0,0,0,0,0,1,0,0,0,0,0
2.950946188,0,0,0,0,0,0,0,0,0,0,0,0,0,0
2.950946313,0,0,0,0,0,0,0,0,1,0,0,0,0,0
2.950946375,0,0,0,0,0,0,0,0,0,0,0,0,0,0
2.950946437,0,0,0,0,0,0,0,0,1,0,0,0,0,0
2.950946500,0,0,0,0,0,0,0,0,0,0,0,0,0,0
2.950946562,0,0,0,0,0,0,0,0,1,0,0,0,0,0
2.950946625,0,0,0,0,0,0,0,0,0,0,0,0,0,0
2.950947312,0,0,0,0,0,0,0,0,1,1,0,0,0,0
2.950947375,0,0,0,0,0,0,0,0,0,0,0,0,0,0
2.950947437,0,0,0,0,0,0,0,0,1,1,0,0,0,0
2.950947500,0,0,0,0,0,0,0,0,0,0,0,0,0,0
2.950947563,0,0,0,0,0,0,0,0,1,1,0,0,0,0
2.950947625,0,0,0,0,0,0,0,0,0,0,0,0,0,0
2.950947688,0,0,0,0,0,0,0,0,1,1,0,0,0,0
2.950947750,0,0,0,0,0,0,0,0,1,0,0,0,0,0
2.950947812,0,0,0,0,0,0,0,0,0,0,0,0,0,0
2.950947875,0,0,0,0,0,0,0,0,1,1,0,0,0,0
2.950947938,0,0,0,0,0,0,0,0,0,0,0,0,0,0
2.950948500,0,0,0,0,0,0,0,0,1,1,0,0,0,0
2.950948562,0,0,0,0,0,0,0,0,0,0,0,0,0,0
2.950948813,0,0,0,0,0,0,0,0,1,1,0,0,0,0
2.950948875,0,0,0,0,0,0,0,0,0,0,0,0,0,0
2.950949125,0,0,0,0,0,0,0,0,1,0,0,0,0,0
2.950949188,0,0,0,0,0,0,0,0,0,0,0,0,0,0
2.950950812,0,0,0,0,0,0,0,0,1,0,0,0,0,0
2.950950938,0,0,0,0,0,0,0,0,0,0,0,0,0,0
2.950952375,0,0,0,0,0,0,0,0,1,0,0,0,0,0
2.950952688,0,0,0,0,0,0,0,0,0,0,0,0,0,0
2.950953375,0,0,0,0,0,0,0,0,1,0,0,0,0,0
2.950953500,0,0,0,0,0,0,0,0,0,0,0,0,0,0
2.950953563,0,0,0,0,0,0,0,0,1,0,0,0,0,0
2.950953625,0,0,0,0,0,0,0,0,0,0,0,0,0,0
2.950954125,0,0,0,0,0,0,0,0,1,0,0,0,0,0
2.950954187,0,0,0,0,0,0,0,0,0,0,0,0,0,0
2.950954875,0,0,0,0,0,0,0,0,1,0,0,0,0,0
2.950954938,0,0,0,0,0,0,0,0,0,0,0,0,0,0
2.950955625,0,0,0,0,0,0,0,0,1,1,0,0,0,0
2.950955688,0,0,0,0,0,0,0,0,0,0,0,0,0,0
2.950955750,0,0,0,0,0,0,0,0,1,0,0,0,0,0
2.950955813,0,0,0,0,0,0,0,0,0,0,0,0,0,0
2.950956000,0,0,0,0,0,0,0,0,1,0,0,0,0,0
2.950956062,0,0,0,0,0,0,0,0,0,0,0,0,0,0
2.950956125,0,0,0,0,0,0,0,0,1,0,0,0,0,0
2.950956188,0,0,0,0,0,0,0,0,0,0,0,0,0,0
2.950956312,0,0,0,0,0,0,0,0,1,1,0,0,0,0
2.950956375,0,0,0,0,0,0,0,0,0,0,0,0,0,0
2.950956563,0,0,0,0,0,0,0,0,1,0,0,0,0,0
2.950956625,0,0,0,0,0,0,0,0,0,0,0,0,0,0
2.950956875,0,0,0,0,0,0,0,0,1,0,0,0,0,0
2.950956937,0,0,0,0,0,0,0,0,0,0,0,0,0,0
2.950957000,0,0,0,0,0,0,0,0,1,0,0,0,0,0
2.950957063,0,0,0,0,0,0,0,0,0,0,0,0,0,0
2.950957438,0,0,0,0,0,0,0,0,1,0,0,0,0,0
2.950957500,0,0,0,0,0,0,0,0,0,0,0,0,0,0
2.950957563,0,0,0,0,0,0,0,0,1,0,0,0,0,0
2.950957625,0,0,0,0,0,0,0,0,0,0,0,0,0,0
2.950957938,0,0,0,0,0,0,0,0,1,0,0,0,0,0
2.950958000,0,0,0,0,0,0,0,0,0,0,0,0,0,0
2.950958313,0,0,0,0,0,0,0,0,1,1,0,0,0,0
2.950958375,0,0,0,0,0,0,0,0,0,0,0,0,0,0
2.950958688,0,0,0,0,0,0,0,0,1,0,0,0,0,0
2.950958750,0,0,0,0,0,0,0,0,0,0,0,0,0,0
2.950958875,0,0,0,0,0,0,0,0,1,0,0,0,0,0
2.950958938,0,0,0,0,0,0,0,0,0,0,0,0,0,0
2.950959313,0,0,0,0,0,0,0,0,1,0,0,0,0,0
2.950959375,0,0,0,0,0,0,0,0,0,0,0,0,0,0
2.950959563,0,0,0,0,0,0,0,0,1,0,0,0,0,0
2.950959625,0,0,0,0,0,0,0,0,0,0,0,0,0,0
2.950959937,0,0,0,0,0,0,0,0,1,0,0,0,0,0
2.950960000,0,0,0,0,0,0,0,0,0,0,0,0,0,0
2.950960188,0,0,0,0,0,0,0,0,1,0,0,0,0,0
2.950960250,0,0,0,0,0,0,0,0,0,0,0,0,0,0
2.950960375,0,0,0,0,0,0,0,0,1,0,0,0,0,0
2.950960438,0,0,0,0,0,0,0,0,0,0,0,0,0,0
2.950960500,0,0,0,0,0,0,0,0,1,0,0,0,0,0
2.950960563,0,0,0,0,0,0,0,0,0,0,0,0,0,0
2.950960875,0,0,0,0,0,0,0,0,1,0,0,0,0,0
2.950960938,0,0,0,0,0,0,0,0,0,0,0,0,0,0
2.950961125,0,0,0,0,0,0,0,0,1,0,0,0,0,0
2.950961187,0,0,0,0,0,0,0,0,0,0,0,0,0,0
2.950961313,0,0,0,0,0,0,0,0,1,0,0,0,0,0
2.950961375,0,0,0,0,0,0,0,0,0,0,0,0,0,0
2.950961687,0,0,0,0,0,0,0,0,1,0,0,0,0,0
2.950961750,0,0,0,0,0,0,0,0,0,0,0,0,0,0
2.950961937,0,0,0,0,0,0,0,0,1,0,0,0,0,0
2.950962000,0,0,0,0,0,0,0,0,0,0,0,0,0,0
2.950962125,0,0,0,0,0,0,0,0,1,1,0,0,0,0
2.950962188,0,0,0,0,0,0,0,0,0,0,0,0,0,0
2.950962250,0,0,0,0,0,0,0,0,1,0,0,0,0,0
2.950962313,0,0,0,0,0,0,0,0,0,0,0,0,0,0
2.950962375,0,0,0,0,0,0,0,0,1,0,0,0,0,0
2.950962437,0,0,0,0,0,0,0,0,0,0,0,0,0,0
2.950962562,0,0,0,0,0,0,0,0,1,0,0,0,0,0
2.950962625,0,0,0,0,0,0,0,0,0,0,0,0,0,0
2.950962750,0,0,0,0,0,0,0,0,1,0,0,0,0,0
2.950962812,0,0,0,0,0,0,0,0,0,0,0,0,0,0
2.950962875,0,0,0,0,0,0,0,0,1,1,0,0,0,0
2.950962937,0,0,0,0,0,0,0,0,0,0,0,0,0,0
2.950963000,0,0,0,0,0,0,0,0,1,0,0,0,0,0
2.950963063,0,0,0,0,0,0,0,0,0,0,0,0,0,0
2.950963563,0,0,0,0,0,0,0,0,1,1,0,0,0,0
2.950963625,0,0,0,0,0,0,0,0,0,0,0,0,0,0
2.950963687,0,0,0,0,0,0,0,0,1,1,0,0,0,0
2.950963750,0,0,0,0,0,0,0,0,0,0,0,0,0,0
2.950963812,0,0,0,0,0,0,0,0,1,1,0,0,0,0
2.950963875,0,0,0,0,0,0,0,0,0,0,0,0,0,0
2.950963938,0,0,0,0,0,0,0,0,1,1,0,0,0,0
2.950964000,0,0,0,0,0,0,0,0,1,0,0,0,0,0
2.950964063,0,0,0,0,0,0,0,0,0,0,0,0,0,0
2.950964125,0,0,0,0,0,0,0,0,1,1,0,0,0,0
2.950964187,0,0,0,0,0,0,0,0,0,0,0,0,0,0
2.950964250,0,0,0,0,0,0,0,0,1,1,0,0,0,0
2.950964313,0,0,0,0,0,0,0,0,0,0,0,0,0,0
2.950964375,0,0,0,0,0,0,0,0,1,0,0,0,0,0
2.950964500,0,0,0,0,0,0,0,0,0,0,0,0,0,0
2.950964625,0,0,0,0,0,0,0,0,1,0,0,0,0,0
2.950964687,0,0,0,0,0,0,0,0,0,0,0,0,0,0
2.950964750,0,0,0,0,0,0,0,0,1,1,0,0,0,0
2.950964813,0,0,0,0,0,0,0,0,0,0,0,0,0,0
2.950964875,0,0,0,0,0,0,0,0,1,0,0,0,0,0
2.950965000,0,0,0,0,0,0,0,0,0,0,0,0,0,0
2.950965062,0,0,0,0,0,0,0,0,1,1,0,0,0,0
2.950965125,0,0,0,0,0,0,0,0,0,0,0,0,0,0
2.950965188,0,0,0,0,0,0,0,0,1,0,0,0,0,0
2.950965313,0,0,0,0,0,0,0,0,0,0,0,0,0,0
2.950965375,0,0,0,0,0,0,0,0,1,0,0,0,0,0
2.950965562,0,0,0,0,0,0,0,0,0,0,0,0,0,0
2.950965625,0,0,0,0,0,0,0,0,1,0,0,0,0,0
2.950965750,0,0,0,0,0,0,0,0,0,0,0,0,0,0
2.950965812,0,0,0,0,0,0,0,0,1,1,0,0,0,0
2.950965937,0,0,0,0,0,0,0,0,0,0,0,0,0,0
2.950966000,0,0,0,0,0,0,0,0,1,1,0,0,0,0
2.950966063,0,0,0,0,0,0,0,0,0,0,0,0,0,0
2.950966188,0,0,0,0,0,0,0,0,1,0,0,0,0,0
2.950966250,0,0,0,0,0,0,0,0,0,0,0,0,0,0
2.950966438,0,0,0,0,0,0,0,0,1,1,0,0,0,0
2.950966500,0,0,0,0,0,0,0,0,0,0,0,0,0,0
2.950966625,0,0,0,0,0,0,0,0,1,0,0,0,0,0
2.950966750,0,0,0,0,0,0,0,0,0,0,0,0,0,0
2.950966812,0,0,0,0,0,0,0,0,1,0,0,0,0,0
2.950966875,0,0,0,0,0,0,0,0,1,1,0,0,0,0
2.950966938,0,0,0,0,0,0,0,0,0,0,0,0,0,0
2.950967000,0,0,0,0,0,0,0,0,1,0,0,0,0,0
2.950967063,0,0,0,0,0,0,0,0,0,0,0,0,0,0
2.950967250,0,0,0,0,0,0,0,0,1,0,0,0,0,0
2.950967438,0,0,0,0,0,0,0,0,0,0,0,0,0,0
2.950967500,0,0,0,0,0,0,0,0,1,0,0,0,0,0
2.950967562,0,0,0,0,0,0,0,0,1,1,0,0,0,0
2.950967625,0,0,0,0,0,0,0,0,1,0,0,0,0,0
2.950967750,0,0,0,0,0,0,0,0,1,1,0,0,0,0
2.950967813,0,0,0,0,0,0,0,0,1,0,0,0,0,0
2.950967875,0,0,0,0,0,0,0,0,0,0,0,0,0,0
2.950967938,0,0,0,0,0,0,0,0,1,0,0,0,0,0
2.950968188,0,0,0,0,0,0,0,0,0,0,0,0,0,0
2.950968250,0,0,0,0,0,0,0,0,1,1,0,0,0,0
2.950968437,0,0,0,0,0,0,0,0,0,0,0,0,0,0
2.950968500,0,0,0,0,0,0,0,0,1,1,0,0,0,0
2.950968625,0,0,0,0,0,0,0,0,0,0,0,0,0,0
2.950968688,0,0,0,0,0,0,0,0,1,1,0,0,0,0
2.950968750,0,0,0,0,0,0,0,0,1,0,0,0,0,0
2.950968937,0,0,0,0,0,0,0,0,0,0,0,0,0,0
2.950969063,0,0,0,0,0,0,0,0,1,1,0,0,0,0
2.950969188,0,0,0,0,0,0,0,0,1,0,0,0,0,0
2.950969500,0,0,0,0,0,0,0,0,0,0,0,0,0,0
2.950969563,0,0,0,0,0,0,0,0,1,0,0,0,0,0
2.950969625,0,0,0,0,0,0,0,0,1,1,0,0,0,0
2.950969688,0,0,0,0,0,0,0,0,1,0,0,0,0,0
2.950969812,0,0,0,0,0,0,0,0,1,1,0,0,0,0
2.950970000,0,0,0,0,0,0,0,0,1,0,0,0,0,0
2.950970250,0,0,0,0,0,0,0,0,0,0,0,0,0,0
2.950970312,0,0,0,0,0,0,0,0,1,1,0,0,0,0
2.950970438,0,0,0,0,0,0,0,0,0,0,0,0,0,0
2.950970500,0,0,0,0,0,0,0,0,1,1,0,0,0,0
2.950970562,0,0,0,0,0,0,0,0,1,0,0,0,0,0
2.950970625,0,0,0,0,0,0,0,0,1,1,0,0,0,0
2.950970750,0,0,0,0,0,0,0,0,1,0,0,0,0,0
2.950970813,0,0,0,0,0,0,0,0,1,1,0,0,0,0
2.950970875,0,0,0,0,0,0,0,0,1,0,0,0,0,0
2.950971062,0,0,0,0,0,0,0,0,0,0,0,0,0,0
2.950971125,0,0,0,0,0,0,0,0,1,1,0,0,0,0
2.950971187,0,0,0,0,0,0,0,0,1,0,0,0,0,0
2.950971250,0,0,0,0,0,0,0,0,1,1,0,0,0,0
2.950971500,0,0,0,0,0,0,0,0,1,0,0,0,0,0
2.950971625,0,0,0,0,0,0,0,0,1,1,0,0,0,0
2.950972000,0,0,0,0,0,0,0,0,1,0,0,0,0,0
2.950972062,0,0,0,0,0,0,0,0,1,1,0,0,0,0
2.950972125,0,0,0,0,0,0,0,0,0,0,0,0,0,0
2.950972188,0,0,0,0,0,0,0,0,1,0,0,0,0,0
2.950972250,0,0,0,0,0,0,0,0,1,1,0,0,0,0
2.950972312,0,0,0,0,0,0,0,0,1,0,0,0,0,0
2.950972375,0,0,0,0,0,0,0,0,1,1,0,0,0,0
2.950972437,0,0,0,0,0,0,0,0,1,0,0,0,0,0
2.950972563,0,0,0,0,0,0,0,0,1,1,0,0,0,0
2.950972750,0,0,0,0,0,0,0,0,1,0,0,0,0,0
2.950972812,0,0,0,0,0,0,0,0,1,1,0,0,0,0
2.950972875,0,0,0,0,0,0,0,0,0,0,0,0,0,0
2.950972938,0,0,0,0,0,0,0,0,1,1,0,0,0,0
2.950973312,0,0,0,0,0,0,0,0,1,0,0,0,0,0
2.950973375,0,0,0,0,0,0,0,0,1,1,0,0,0,0
2.950973500,0,0,0,0,0,0,0,0,1,0,0,0,0,0
2.950973563,0,0,0,0,0,0,0,0,1,1,0,0,0,0
2.950973813,0,0,0,0,0,0,0,0,0,1,0,0,0,0
2.950973875,0,0,0,0,0,0,0,0,1,1,0,0,0,0
2.950974187,0,0,0,0,0,0,0,0,1,0,0,0,0,0
2.950974250,0,0,0,0,0,0,0,0,1,1,0,0,0,0
2.950974750,0,0,0,0,0,0,0,0,1,0,0,0,0,0
2.950974813,0,0,0,0,0,0,0,0,1,1,0,0,0,0
2.950975375,0,0,0,0,0,0,0,0,1,0,0,0,0,0
2.950975437,0,0,0,0,0,0,0,0,1,1,0,0,0,0
2.950975750,0,0,0,0,0,0,0,0,1,0,0,0,0,0
2.950975812,0,0,0,0,0,0,0,0,1,1,0,0,0,0
2.950976000,0,0,0,0,0,0,0,0,0,0,0,0,0,0
2.950976063,0,0,0,0,0,0,0,0,1,1,0,0,0,0
2.950976250,0,0,0,0,0,0,0,0,1,0,0,0,0,0
2.950976312,0,0,0,0,0,0,0,0,1,1,0,0,0,0
2.950977250,0,0,0,0,0,0,0,0,1,0,0,0,0,0
2.950977313,0,0,0,0,0,0,0,0,1,1,0,0,0,0
2.950977562,0,0,0,0,0,0,0,0,1,0,0,0,0,0
2.950977625,0,0,0,0,0,0,0,0,1,1,0,0,0,0
2.950978000,0,0,0,0,0,0,0,0,1,0,0,0,0,0
2.950978062,0,0,0,0,0,0,0,0,1,1,0,0,0,0
2.950978250,0,0,0,0,0,0,0,0,1,0,0,0,0,0
2.950978313,0,0,0,0,0,0,0,0,1,1,0,0,0,0
2.950978437,0,0,0,0,0,0,0,0,1,0,0,0,0,0
2.950978500,0,0,0,0,0,0,0,0,0,0,0,0,0,0
2.950978563,0,0,0,0,0,0,0,0,1,1,0,0,0,0
2.950978750,0,0,0,0,0,0,0,0,0,0,0,0,0,0
2.950978812,0,0,0,0,0,0,0,0,1,1,0,0,0,0
2.950978875,0,0,0,0,0,0,0,0,0,0,0,0,0,0
2.950978937,0,0,0,0,0,0,0,0,1,1,0,0,0,0
2.950979063,0,0,0,0,0,0,0,0,1,0,0,0,0,0
2.950979125,0,0,0,0,0,0,0,0,1,1,0,0,0,0
2.950979250,0,0,0,0,0,0,0,0,1,0,0,0,0,0
2.950979312,0,0,0,0,0,0,0,0,1,1,0,0,0,0
2.950979687,0,0,0,0,0,0,0,0,1,0,0,0,0,0
2.950979750,0,0,0,0,0,0,0,0,0,0,0,0,0,0
2.950979812,0,0,0,0,0,0,0,0,1,1,0,0,0,0
2.950979875,0,0,0,0,0,0,0,0,0,0,0,0,0,0
2.950979938,0,0,0,0,0,0,0,0,1,1,0,0,0,0
2.950980000,0,0,0,0,0,0,0,0,0,0,0,0,0,0
2.950980062,0,0,0,0,0,0,0,0,1,1,0,0,0,0
2.950980125,0,0,0,0,0,0,0,0,0,0,0,0,0,0
2.950980187,0,0,0,0,0,0,0,0,1,1,0,0,0,0
2.950980313,0,0,0,0,0,0,0,0,0,0,0,0,0,0
2.950980375,0,0,0,0,0,0,0,0,1,1,0,0,0,0
2.950980438,0,0,0,0,0,0,0,0,0,0,0,0,0,0
2.950980500,0,0,0,0,0,0,0,0,1,1,0,0,0,0
2.950980625,0,0,0,0,0,0,0,0,1,0,0,0,0,0
2.950980750,0,0,0,0,0,0,0,0,1,1,0,0,0,0
2.950980813,0,0,0,0,0,0,0,0,0,0,0,0,0,0
2.950980875,0,0,0,0,0,0,0,0,1,1,0,0,0,0
2.950980937,0,0,0,0,0,0,0,0,0,0,0,0,0,0
2.950981000,0,0,0,0,0,0,0,0,1,1,0,0,0,0
2.950981062,0,0,0,0,0,0,0,0,1,0,0,0,0,0
2.950981125,0,0,0,0,0,0,0,0,1,1,0,0,0,0
2.950981250,0,0,0,0,0,0,0,0,0,0,0,0,0,0
2.950981313,0,0,0,0,0,0,0,0,1,1,0,0,0,0
2.950981375,0,0,0,0,0,0,0,0,1,0,0,0,0,0
2.950981438,0,0,0,0,0,0,0,0,1,1,0,0,0,0
2.950982125,0,0,0,0,0,0,0,0,1,0,0,0,0,0
2.950982188,0,0,0,0,0,0,0,0,1,1,0,0,0,0
2.950982250,0,0,0,0,0,0,0,0,0,0,0,0,0,0
2.950982312,0,0,0,0,0,0,0,0,1,1,0,0,0,0
2.950982437,0,0,0,0,0,0,0,0,1,0,0,0,0,0
2.950982500,0,0,0,0,0,0,0,0,1,1,0,0,0,0
2.950982563,0,0,0,0,0,0,0,0,1,0,0,0,0,0
2.950982625,0,0,0,0,0,0,0,0,1,1,0,0,0,0
2.950983000,0,0,0,0,0,0,0,0,1,0,0,0,0,0
2.950983063,0,0,0,0,0,0,0,0,1,1,0,0,0,0
2.950983562,0,0,0,0,0,0,0,0,0,0,0,0,0,0
2.950983687,0,0,0,0,0,0,0,0,1,0,0,0,0,0
2.950983750,0,0,0,0,0,0,0,0,1,1,0,0,0,0
2.950983813,0,0,0,0,0,0,0,0,1,0,0,0,0,0
2.950983938,0,0,0,0,0,0,0,0,1,1,0,0,0,0
2.950984000,0,0,0,0,0,0,0,0,1,0,0,0,0,0
2.950984062,0,0,0,0,0,0,0,0,1,1,0,0,0,0
2.950984375,0,0,0,0,0,0,0,0,0,0,0,0,0,0
2.950984500,0,0,0,0,0,0,0,0,1,0,0,0,0,0
2.950984562,0,0,0,0,0,0,0,0,1,1,0,0,0,0
2.950985000,0,0,0,0,0,0,0,0,1,0,0,0,0,0
2.950985063,0,0,0,0,0,0,0,0,1,1,0,0,0,0
2.950985250,0,0,0,0,0,0,0,0,1,0,0,0,0,0
2.950985375,0,0,0,0,0,0,0,0,1,1,0,0,0,0
2.950985875,0,0,0,0,0,0,0,0,1,0,0,0,0,0
2.950985938,0,0,0,0,0,0,0,0,1,1,0,0,0,0
2.950986125,0,0,0,0,0,0,0,0,1,0,0,0,0,0
2.950986250,0,0,0,0,0,0,0,0,1,1,0,0,0,0
2.950986875,0,0,0,0,0,0,0,0,1,0,0,0,0,0
2.950986938,0,0,0,0,0,0,0,0,0,0,0,0,0,0
2.950987062,0,0,0,0,0,0,0,0,1,0,0,0,0,0
2.950987125,0,0,0,0,0,0,0,0,1,1,0,0,0,0
2.950987187,0,0,0,0,0,0,0,0,1,0,0,0,0,0
2.950987250,0,0,0,0,0,0,0,0,1,1,0,0,0,0
2.950987500,0,0,0,0,0,0,0,0,1,0,0,0,0,0
2.950987813,0,0,0,0,0,0,0,0,1,1,0,0,0,0
2.950988063,0,0,0,0,0,0,0,0,1,0,0,0,0,0
2.950988125,0,0,0,0,0,0,0,0,1,1,0,0,0,0
2.950988188,0,0,0,0,0,0,0,0,1,0,0,0,0,0
2.950988250,0,0,0,0,0,0,0,0,1,1,0,0,0,0
2.950988500,0,0,0,0,0,0,0,0,1,0,0,0,0,0
2.950988563,0,0,0,0,0,0,0,0,1,1,0,0,0,0
2.950988625,0,0,0,0,0,0,0,0,0,0,0,0,0,0
2.950988688,0,0,0,0,0,0,0,0,1,1,0,0,0,0
2.950988750,0,0,0,0,0,0,0,0,0,0,0,0,0,0
2.950988875,0,0,0,0,0,0,0,0,1,1,0,0,0,0
2.950989000,0,0,0,0,0,0,0,0,1,0,0,0,0,0
2.950989063,0,0,0,0,0,0,0,0,1,1,0,0,0,0
2.950989187,0,0,0,0,0,0,0,0,1,0,0,0,0,0
2.950989438,0,0,0,0,0,0,0,0,1,1,0,0,0,0
2.950989500,0,0,0,0,0,0,0,0,1,0,0,0,0,0
2.950989563,0,0,0,0,0,0,0,0,1,1,0,0,0,0
2.950989625,0,0,0,0,0,0,0,0,1,0,0,0,0,0
2.950989687,0,0,0,0,0,0,0,0,1,1,0,0,0,0
2.950989938,0,0,0,0,0,0,0,0,1,0,0,0,0,0
2.950990313,0,0,0,0,0,0,0,0,1,1,0,0,0,0
2.950990500,0,0,0,0,0,0,0,0,1,0,0,0,0,0
2.950990562,0,0,0,0,0,0,0,0,1,1,0,0,0,0
2.950990750,0,0,0,0,0,0,0,0,1,0,0,0,0,0
2.950990875,0,0,0,0,0,0,0,0,1,1,0,0,0,0
2.950991000,0,0,0,0,0,0,0,0,1,0,0,0,0,0
2.950991312,0,0,0,0,0,0,0,0,1,1,0,0,0,0
2.950991375,0,0,0,0,0,0,0,0,1,0,0,0,0,0
2.950991437,0,0,0,0,0,0,0,0,1,1,0,0,0,0
2.950991500,0,0,0,0,0,0,0,0,0,0,0,0,0,0
2.950991563,0,0,0,0,0,0,0,0,1,0,0,0,0,0
2.950991875,0,0,0,0,0,0,0,0,0,0,0,0,0,0
2.950991937,0,0,0,0,0,0,0,0,1,1,0,0,0,0
2.950992000,0,0,0,0,0,0,0,0,1,0,0,0,0,0
2.950992312,0,0,0,0,0,0,0,0,0,0,0,0,0,0
2.950992375,0,0,0,0,0,0,0,0,1,1,0,0,0,0
2.950992438,0,0,0,0,0,0,0,0,0,0,0,0,0,0
2.950992500,0,0,0,0,0,0,0,0,1,0,0,0,0,0
2.950992563,0,0,0,0,0,0,0,0,1,1,0,0,0,0
2.950992625,0,0,0,0,0,0,0,0,0,0,0,0,0,0
2.950992688,0,0,0,0,0,0,0,0,1,1,0,0,0,0
2.950992750,0,0,0,0,0,0,0,0,1,0,0,0,0,0
2.950992813,0,0,0,0,0,0,0,0,1,1,0,0,0,0
2.950992875,0,0,0,0,0,0,0,0,1,0,0,0,0,0
2.950992938,0,0,0,0,0,0,0,0,1,1,0,0,0,0
2.950993000,0,0,0,0,0,0,0,0,0,0,0,0,0,0
2.950993187,0,0,0,0,0,0,0,0,1,0,0,0,0,0
2.950993500,0,0,0,0,0,0,0,0,0,0,0,0,0,0
2.950993562,0,0,0,0,0,0,0,0,1,0,0,0,0,0
2.950993625,0,0,0,0,0,0,0,0,1,1,0,0,0,0
2.950993750,0,0,0,0,0,0,0,0,0,1,0,0,0,0
2.950993875,0,0,0,0,0,0,0,0,0,0,0,0,0,0
2.950994375,0,0,0,0,0,0,0,0,1,0,0,0,0,0
2.950994500,0,0,0,0,0,0,0,0,1,1,0,0,0,0
2.950994875,0,0,0,0,0,0,0,0,0,0,0,0,0,0
2.950994937,0,0,0,0,0,0,0,0,1,1,0,0,0,0
2.950995000,0,0,0,0,0,0,0,0,0,0,0,0,0,0
2.950995187,0,0,0,0,0,0,0,0,1,0,0,0,0,0
2.950995312,0,0,0,0,0,0,0,0,0,0,0,0,0,0
2.950995375,0,0,0,0,0,0,0,0,1,1,0,0,0,0
2.950995438,0,0,0,0,0,0,0,0,1,0,0,0,0,0
2.950995500,0,0,0,0,0,0,0,0,1,1,0,0,0,0
2.950995750,0,0,0,0,0,0,0,0,1,0,0,0,0,0
2.950995875,0,0,0,0,0,0,0,0,1,1,0,0,0,0
2.950995938,0,0,0,0,0,0,0,0,0,0,0,0,0,0
2.950996062,0,0,0,0,0,0,0,0,1,1,0,0,0,0
2.950996125,0,0,0,0,0,0,0,0,0,0,0,0,0,0
2.950996187,0,0,0,0,0,0,0,0,1,1,0,0,0,0
2.950996250,0,0,0,0,0,0,0,0,0,0,0,0,0,0
2.950996313,0,0,0,0,0,0,0,0,1,1,0,0,0,0
2.950996375,0,0,0,0,0,0,0,0,0,0,0,0,0,0
2.950996500,0,0,0,0,0,0,0,0,1,1,0,0,0,0
2.950996562,0,0,0,0,0,0,0,0,0,0,0,0,0,0
2.950996625,0,0,0,0,0,0,0,0,1,1,0,0,0,0
2.950996687,0,0,0,0,0,0,0,0,0,0,0,0,0,0
2.950996750,0,0,0,0,0,0,0,0,1,0,0,0,0,0
2.950996813,0,0,0,0,0,0,0,0,1,1,0,0,0,0
2.950996875,0,0,0,0,0,0,0,0,1,0,0,0,0,0
2.950996937,0,0,0,0,0,0,0,0,1,1,0,0,0,0
2.950997062,0,0,0,0,0,0,0,0,0,0,0,0,0,0
2.950997125,0,0,0,0,0,0,0,0,1,1,0,0,0,0
2.950997188,0,0,0,0,0,0,0,0,0,0,0,0,0,0
2.950997250,0,0,0,0,0,0,0,0,1,1,0,0,0,0
2.950997313,0,0,0,0,0,0,0,0,0,0,0,0,0,0
2.950997375,0,0,0,0,0,0,0,0,1,1,0,0,0,0
2.950997500,0,0,0,0,0,0,0,0,0,0,0,0,0,0
2.950997563,0,0,0,0,0,0,0,0,1,1,0,0,0,0
2.950997688,0,0,0,0,0,0,0,0,1,0,0,0,0,0
2.950997750,0,0,0,0,0,0,0,0,1,1,0,0,0,0
2.950997937,0,0,0,0,0,0,0,0,1,0,0,0,0,0
2.950998312,0,0,0,0,0,0,0,0,1,1,0,0,0,0
2.950998500,0,0,0,0,0,0,0,0,1,0,0,0,0,0
2.950998563,0,0,0,0,0,0,0,0,1,1,0,0,0,0
2.950998625,0,0,0,0,0,0,0,0,1,0,0,0,0,0
2.950998750,0,0,0,0,0,0,0,0,0,0,0,0,0,0
2.950998812,0,0,0,0,0,0,0,0,1,1,0,0,0,0
2.950998938,0,0,0,0,0,0,0,0,0,0,0,0,0,0
2.950999000,0,0,0,0,0,0,0,0,1,1,0,0,0,0
2.950999187,0,0,0,0,0,0,0,0,1,0,0,0,0,0
2.950999250,0,0,0,0,0,0,0,0,1,1,0,0,0,0
2.950999375,0,0,0,0,0,0,0,0,1,0,0,0,0,0
2.950999438,0,0,0,0,0,0,0,0,1,1,0,0,0,0
2.950999562,0,0,0,0,0,0,0,0,1,0,0,0,0,0
2.950999625,0,0,0,0,0,0,0,0,1,1,0,0,0,0
2.950999813,0,0,0,0,0,0,0,0,1,0,0,0,0,0
2.950999875,0,0,0,0,0,0,0,0,1,1,0,0,0,0
2.951000250,0,0,0,0,0,0,0,0,1,0,0,0,0,0
2.951000313,0,0,0,0,0,0,0,0,1,1,0,0,0,0
2.951000500,0,0,0,0,0,0,0,0,0,0,0,0,0,0
2.951000562,0,0,0,0,0,0,0,0,1,1,0,0,0,0
2.951001000,0,0,0,0,0,0,0,0,1,0,0,0,0,0
2.951001063,0,0,0,0,0,0,0,0,1,1,0,0,0,0
2.951001188,0,0,0,0,0,0,0,0,1,0,0,0,0,0
2.951001312,0,0,0,0,0,0,0,0,1,1,0,0,0,0
2.951001500,0,0,0,0,0,0,0,0,0,1,0,0,0,0
2.951001563,0,0,0,0,0,0,0,0,1,1,0,0,0,0
2.951002438,0,0,0,0,0,0,0,0,0,0,0,0,0,0
2.951002500,0,0,0,0,0,0,0,0,1,1,0,0,0,0
2.951003375,0,0,0,0,0,0,0,0,0,0,0,0,0,0
2.951003437,0,0,0,0,0,0,0,0,1,1,0,0,0,0
2.951004375,0,0,0,0,0,0,0,0,0,0,0,0,0,0
2.951004437,0,0,0,0,0,0,0,0,1,1,0,0,0,0
2.951004875,0,0,0,0,0,0,0,0,0,0,0,0,0,0
2.951004938,0,0,0,0,0,0,0,0,1,1,0,0,0,0
2.951005312,0,0,0,0,0,0,0,0,0,0,0,0,0,0
2.951005375,0,0,0,0,0,0,0,0,1,1,0,0,0,0
2.951005813,0,0,0,0,0,0,0,0,0,0,0,0,0,0
2.951005875,0,0,0,0,0,0,0,0,1,1,0,0,0,0
2.951006375,0,0,0,0,0,0,0,0,0,0,0,0,0,0
2.951006437,0,0,0,0,0,0,0,0,1,1,0,0,0,0
2.951006750,0,0,0,0,0,0,0,0,0,0,0,0,0,0
2.951006813,0,0,0,0,0,0,0,0,1,1,0,0,0,0
2.951007687,0,0,0,0,0,0,0,0,0,0,0,0,0,0
2.951007750,0,0,0,0,0,0,0,0,1,1,0,0,0,0
2.951008187,0,0,0,0,0,0,0,0,1,0,0,0,0,0
2.951008250,0,0,0,0,0,0,0,0,1,1,0,0,0,0
2.951008875,0,0,0,0,0,0,0,0,0,0,0,0,0,0
2.951009000,0,0,0,0,0,0,0,0,1,1,0,0,0,0
2.951009562,0,0,0,0,0,0,0,0,0,0,0,0,0,0
2.951009625,0,0,0,0,0,0,0,0,1,1,0,0,0,0
2.951010437,0,0,0,0,0,0,0,0,0,1,0,0,0,0
2.951010500,0,0,0,0,0,0,0,0,1,1,0,0,0,0
2.951011812,0,0,0,0,0,0,0,0,1,0,0,0,0,0
2.951011875,0,0,0,0,0,0,0,0,1,1,0,0,0,0
2.951012438,0,0,0,0,0,0,0,0,0,1,0,0,0,0
2.951012500,0,0,0,0,0,0,0,0,1,1,0,0,0,0
2.951012562,0,0,0,0,0,0,0,0,0,0,0,0,0,0
2.951012625,0,0,0,0,0,0,0,0,1,1,0,0,0,0
2.951012688,0,0,0,0,0,0,0,0,0,0,0,0,0,0
2.951012750,0,0,0,0,0,0,0,0,1,1,0,0,0,0
2.951012813,0,0,0,0,0,0,0,0,0,0,0,0,0,0
2.951012875,0,0,0,0,0,0,0,0,1,1,0,0,0,0
2.951016313,0,0,0,0,0,0,0,0,1,0,0,0,0,0
2.951016375,0,0,0,0,0,0,0,0,1,1,0,0,0,0
2.951016500,0,0,0,0,0,0,0,0,0,0,0,0,0,0
2.951016562,0,0,0,0,0,0,0,0,1,1,0,0,0,0
2.951019125,0,0,0,0,0,0,0,0,1,0,0,0,0,0
2.951019188,0,0,0,0,0,0,0,0,1,1,0,0,0,0
2.951024312,0,0,0,0,0,0,0,0,1,0,0,0,0,0
2.951024375,0,0,0,0,0,0,0,0,1,1,0,0,0,0
2.951026625,0,0,0,0,0,0,0,0,1,0,0,0,0,0
2.951026688,0,0,0,0,0,0,0,0,1,1,0,0,0,0
2.951026938,0,0,0,0,0,0,0,0,1,0,0,0,0,0
2.951027000,0,0,0,0,0,0,0,0,1,1,0,0,0,0
2.951028937,0,0,0,0,0,0,0,0,0,0,0,0,0,0
2.951029000,0,0,0,0,0,0,0,0,1,1,0,0,0,0
2.951029062,0,0,0,0,0,0,0,0,0,0,0,0,0,0
2.951029125,0,0,0,0,0,0,0,0,1,1,0,0,0,0
2.951029437,0,0,0,0,0,0,0,0,0,0,0,0,0,0
2.951029500,0,0,0,0,0,0,0,0,1,1,0,0,0,0
2.951029563,0,0,0,0,0,0,0,0,1,0,0,0,0,0
2.951029625,0,0,0,0,0,0,0,0,1,1,0,0,0,0
2.951029688,0,0,0,0,0,0,0,0,1,0,0,0,0,0
2.951029750,0,0,0,0,0,0,0,0,1,1,0,0,0,0
2.951033500,0,0,0,0,0,0,0,0,0,0,0,0,0,0
2.951033563,0,0,0,0,0,0,0,0,1,1,0,0,0,0
2.951034438,0,0,0,0,0,0,0,0,0,0,0,0,0,0
2.951034500,0,0,0,0,0,0,0,0,1,1,0,0,0,0
2.951034750,0,0,0,0,0,0,0,0,1,0,0,0,0,0
2.951034813,0,0,0,0,0,0,0,0,1,1,0,0,0,0
2.951035375,0,0,0,0,0,0,0,0,0,1,0,0,0,0
2.951035437,0,0,0,0,0,0,0,0,1,1,0,0,0,0
2.951036000,0,0,0,0,0,0,0,0,0,1,0,0,0,0
2.951036125,0,0,0,0,0,0,0,0,0,0,0,0,0,0
2.951036437,0,0,0,0,0,0,0,0,1,0,0,0,0,0
2.951036500,0,0,0,0,0,0,0,0,1,1,0,0,0,0
2.951036750,0,0,0,0,0,0,0,0,1,0,0,0,0,0
2.951036812,0,0,0,0,0,0,0,0,1,1,0,0,0,0
2.951036875,0,0,0,0,0,0,0,0,0,1,0,0,0,0
2.951036938,0,0,0,0,0,0,0,0,1,1,0,0,0,0
2.951037000,0,0,0,0,0,0,0,0,1,0,0,0,0,0
2.951037063,0,0,0,0,0,0,0,0,1,1,0,0,0,0
2.951037125,0,0,0,0,0,0,0,0,1,0,0,0,0,0
2.951037187,0,0,0,0,0,0,0,0,1,1,0,0,0,0
2.951037313,0,0,0,0,0,0,0,0,0,0,0,0,0,0
2.951037375,0,0,0,0,0,0,0,0,1,1,0,0,0,0
2.951037813,0,0,0,0,0,0,0,0,0,0,0,0,0,0
2.951037875,0,0,0,0,0,0,0,0,1,1,0,0,0,0
2.951038750,0,0,0,0,0,0,0,0,0,0,0,0,0,0
2.951038813,0,0,0,0,0,0,0,0,1,1,0,0,0,0
2.951039375,0,0,0,0,0,0,0,0,0,0,0,0,0,0
2.951039500,0,0,0,0,0,0,0,0,1,1,0,0,0,0
2.951039687,0,0,0,0,0,0,0,0,0,0,0,0,0,0
2.951039750,0,0,0,0,0,0,0,0,1,1,0,0,0,0
2.951042437,0,0,0,0,0,0,0,0,0,0,0,0,0,0
2.951042500,0,0,0,0,0,0,0,0,1,1,0,0,0,0
2.951044688,0,0,0,0,0,0,0,0,0,0,0,0,0,0
2.951044750,0,0,0,0,0,0,0,0,1,1,0,0,0,0
2.951044813,0,0,0,0,0,0,0,0,0,0,0,0,0,0
2.951044875,0,0,0,0,0,0,0,0,1,1,0,0,0,0
2.951044937,0,0,0,0,0,0,0,0,0,0,0,0,0,0
2.951045000,0,0,0,0,0,0,0,0,1,1,0,0,0,0
2.951045062,0,0,0,0,0,0,0,0,1,0,0,0,0,0
2.951045125,0,0,0,0,0,0,0,0,1,1,0,0,0,0
2.951045250,0,0,0,0,0,0,0,0,0,0,0,0,0,0
2.951045312,0,0,0,0,0,0,0,0,1,1,0,0,0,0
2.951046875,0,0,0,0,0,0,0,0,0,0,0,0,0,0
2.951046938,0,0,0,0,0,0,0,0,1,1,0,0,0,0
2.951049250,0,0,0,0,0,0,0,0,0,0,0,0,0,0
2.951049312,0,0,0,0,0,0,0,0,1,1,0,0,0,0
2.951061000,0,0,0,0,0,0,0,0,0,0,0,0,0,0
2.951061062,0,0,0,0,0,0,0,0,1,1,0,0,0,0
2.951061125,0,0,0,0,0,0,0,0,0,0,0,0,0,0
2.951061188,0,0,0,0,0,0,0,0,1,1,0,0,0,0
2.951061250,0,0,0,0,0,0,0,0,0,0,0,0,0,0
2.951061312,0,0,0,0,0,0,0,0,1,1,0,0,0,0
2.951063250,0,0,0,0,0,0,0,0,0,0,0,0,0,0
2.951063313,0,0,0,0,0,0,0,0,1,1,0,0,0,0
2.951065500,0,0,0,0,0,0,0,0,0,1,0,0,0,0
2.951065563,0,0,0,0,0,0,0,0,1,1,0,0,0,0
2.951066438,0,0,0,0,0,0,0,0,0,1,0,0,0,0
2.951066500,0,0,0,0,0,0,0,0,1,1,0,0,0,0
2.951067375,0,0,0,0,0,0,0,0,0,1,0,0,0,0
2.951067437,0,0,0,0,0,0,0,0,1,1,0,0,0,0
2.951068375,0,0,0,0,0,0,0,0,0,0,0,0,0,0
2.951068438,0,0,0,0,0,0,0,0,1,1,0,0,0,0
2.951068875,0,0,0,0,0,0,0,0,0,1,0,0,0,0
2.951068938,0,0,0,0,0,0,0,0,1,1,0,0,0,0
2.951069313,0,0,0,0,0,0,0,0,0,0,0,0,0,0
2.951069375,0,0,0,0,0,0,0,0,1,1,0,0,0,0
2.951069813,0,0,0,0,0,0,0,0,0,0,0,0,0,0
2.951069875,0,0,0,0,0,0,0,0,1,1,0,0,0,0
2.951070750,0,0,0,0,0,0,0,0,0,1,0,0,0,0
2.951070812,0,0,0,0,0,0,0,0,1,1,0,0,0,0
2.951071687,0,0,0,0,0,0,0,0,0,1,0,0,0,0
2.951071750,0,0,0,0,0,0,0,0,1,1,0,0,0,0
2.951074437,0,0,0,0,0,0,0,0,0,1,0,0,0,0
2.951074500,0,0,0,0,0,0,0,0,1,1,0,0,0,0
2.951077000,0,0,0,0,0,0,0,0,0,0,0,0,0,0
2.951077063,0,0,0,0,0,0,0,0,1,1,0,0,0,0
2.951077125,0,0,0,0,0,0,0,0,0,0,0,0,0,0
2.951077188,0,0,0,0,0,0,0,0,1,1,0,0,0,0
2.951077250,0,0,0,0,0,0,0,0,0,0,0,0,0,0
2.951077312,0,0,0,0,0,0,0,0,1,1,0,0,0,0
2.951078063,0,0,0,0,0,0,0,0,0,1,0,0,0,0
2.951078125,0,0,0,0,0,0,0,0,1,1,0,0,0,0
2.951078187,0,0,0,0,0,0,0,0,0,0,0,0,0,0
2.951078250,0,0,0,0,0,0,0,0,0,1,0,0,0,0
2.951078312,0,0,0,0,0,0,0,0,0,0,0,0,0,0
2.951078438,0,0,0,0,0,0,0,0,1,1,0,0,0,0
2.951079937,0,0,0,0,0,0,0,0,0,0,0,0,0,0
2.951080000,0,0,0,0,0,0,0,0,1,1,0,0,0,0
2.951090063,0,0,0,0,0,0,0,0,1,0,0,0,0,0
2.951090187,0,0,0,0,0,0,0,0,1,1,0,0,0,0
2.951097500,0,0,0,0,0,0,0,0,0,1,0,0,0,0
2.951097563,0,0,0,0,0,0,0,0,1,1,0,0,0,0
2.951098437,0,0,0,0,0,0,0,0,0,1,0,0,0,0
2.951098500,0,0,0,0,0,0,0,0,1,1,0,0,0,0
2.951099375,0,0,0,0,0,0,0,0,0,1,0,0,0,0
2.951099437,0,0,0,0,0,0,0,0,1,1,0,0,0,0
2.951100375,0,0,0,0,0,0,0,0,0,0,0,0,0,0
2.951100438,0,0,0,0,0,0,0,0,1,1,0,0,0,0
2.951100875,0,0,0,0,0,0,0,0,0,1,0,0,0,0
2.951100938,0,0,0,0,0,0,0,0,1,1,0,0,0,0
2.951101313,0,0,0,0,0,0,0,0,0,0,0,0,0,0
2.951101375,0,0,0,0,0,0,0,0,1,1,0,0,0,0
2.951101813,0,0,0,0,0,0,0,0,0,1,0,0,0,0
2.951101875,0,0,0,0,0,0,0,0,1,1,0,0,0,0
2.951102750,0,0,0,0,0,0,0,0,0,1,0,0,0,0
2.951102812,0,0,0,0,0,0,0,0,1,1,0,0,0,0
2.951103687,0,0,0,0,0,0,0,0,0,1,0,0,0,0
2.951103750,0,0,0,0,0,0,0,0,1,1,0,0,0,0
2.951106438,0,0,0,0,0,0,0,0,0,1,0,0,0,0
2.951106500,0,0,0,0,0,0,0,0,1,1,0,0,0,0
2.951109500,0,0,0,0,0,0,0,0,0,0,0,0,0,0
2.951109563,0,0,0,0,0,0,0,0,1,1,0,0,0,0
2.951109625,0,0,0,0,0,0,0,0,0,0,0,0,0,0
2.951109687,0,0,0,0,0,0,0,0,1,1,0,0,0,0
2.951120250,0,0,0,0,0,0,0,0,0,1,0,0,0,0
2.951120375,0,0,0,0,0,0,0,0,1,1,0,0,0,0
2.951129500,0,0,0,0,0,0,0,0,0,1,0,0,0,0
2.951129562,0,0,0,0,0,0,0,0,1,1,0,0,0,0
2.951130437,0,0,0,0,0,0,0,0,0,1,0,0,0,0
2.951130500,0,0,0,0,0,0,0,0,1,1,0,0,0,0
2.951131375,0,0,0,0,0,0,0,0,0,1,0,0,0,0
2.951131437,0,0,0,0,0,0,0,0,1,1,0,0,0,0
2.951132375,0,0,0,0,0,0,0,0,0,0,0,0,0,0
2.951132438,0,0,0,0,0,0,0,0,1,1,0,0,0,0
2.951132875,0,0,0,0,0,0,0,0,0,1,0,0,0,0
2.951132938,0,0,0,0,0,0,0,0,1,1,0,0,0,0
2.951133313,0,0,0,0,0,0,0,0,0,0,0,0,0,0
2.951133375,0,0,0,0,0,0,0,0,1,1,0,0,0,0
2.951133813,0,0,0,0,0,0,0,0,0,1,0,0,0,0
2.951133875,0,0,0,0,0,0,0,0,1,1,0,0,0,0
2.951134750,0,0,0,0,0,0,0,0,0,1,0,0,0,0
2.951134812,0,0,0,0,0,0,0,0,1,1,0,0,0,0
2.951135687,0,0,0,0,0,0,0,0,0,1,0,0,0,0
2.951135750,0,0,0,0,0,0,0,0,1,1,0,0,0,0
2.951138438,0,0,0,0,0,0,0,0,0,1,0,0,0,0
2.951138500,0,0,0,0,0,0,0,0,1,1,0,0,0,0
2.951141812,0,0,0,0,0,0,0,0,0,0,0,0,0,0
2.951141875,0,0,0,0,0,0,0,0,1,1,0,0,0,0
2.951141938,0,0,0,0,0,0,0,0,0,0,0,0,0,0
2.951142000,0,0,0,0,0,0,0,0,1,1,0,0,0,0
2.951142063,0,0,0,0,0,0,0,0,0,0,0,0,0,0
2.951142125,0,0,0,0,0,0,0,0,1,1,0,0,0,0
2.951157938,0,0,0,0,0,0,0,0,0,0,0,0,0,0
2.951158000,0,0,0,0,0,0,0,0,1,1,0,0,0,0
2.951158062,0,0,0,0,0,0,0,0,0,0,0,0,0,0
2.951158125,0,0,0,0,0,0,0,0,1,1,0,0,0,0
2.951158375,0,0,0,0,0,0,0,0,0,0,0,0,0,0
2.951158438,0,0,0,0,0,0,0,0,1,1,0,0,0,0
2.951161500,0,0,0,0,0,0,0,0,0,1,0,0,0,0
2.951161562,0,0,0,0,0,0,0,0,1,1,0,0,0,0
2.951162437,0,0,0,0,0,0,0,0,0,1,0,0,0,0
2.951162500,0,0,0,0,0,0,0,0,1,1,0,0,0,0
2.951163375,0,0,0,0,0,0,0,0,0,1,0,0,0,0
2.951163437,0,0,0,0,0,0,0,0,1,1,0,0,0,0
2.951164375,0,0,0,0,0,0,0,0,0,0,0,0,0,0
2.951164438,0,0,0,0,0,0,0,0,1,1,0,0,0,0
2.951164875,0,0,0,0,0,0,0,0,0,1,0,0,0,0
2.951164938,0,0,0,0,0,0,0,0,1,1,0,0,0,0
2.951165313,0,0,0,0,0,0,0,0,0,0,0,0,0,0
2.951165375,0,0,0,0,0,0,0,0,1,1,0,0,0,0
2.951165813,0,0,0,0,0,0,0,0,0,1,0,0,0,0
2.951165875,0,0,0,0,0,0,0,0,1,1,0,0,0,0
2.951166750,0,0,0,0,0,0,0,0,0,1,0,0,0,0
2.951166812,0,0,0,0,0,0,0,0,1,1,0,0,0,0
2.951167687,0,0,0,0,0,0,0,0,0,1,0,0,0,0
2.951167750,0,0,0,0,0,0,0,0,1,1,0,0,0,0
2.951170438,0,0,0,0,0,0,0,0,0,1,0,0,0,0
2.951170500,0,0,0,0,0,0,0,0,1,1,0,0,0,0
2.951174125,0,0,0,0,0,0,0,0,0,0,0,0,0,0
2.951174187,0,0,0,0,0,0,0,0,1,1,0,0,0,0
2.951194437,0,0,0,0,0,0,0,0,0,1,0,0,0,0
2.951194500,0,0,0,0,0,0,0,0,1,1,0,0,0,0
2.951196375,0,0,0,0,0,0,0,0,1,0,0,0,0,0
2.951196438,0,0,0,0,0,0,0,0,1,1,0,0,0,0
2.951197313,0,0,0,0,0,0,0,0,1,0,0,0,0,0
2.951197375,0,0,0,0,0,0,0,0,1,1,0,0,0,0
2.951197812,0,0,0,0,0,0,0,0,0,1,0,0,0,0
2.951197875,0,0,0,0,0,0,0,0,1,1,0,0,0,0
2.951198750,0,0,0,0,0,0,0,0,0,1,0,0,0,0
2.951198812,0,0,0,0,0,0,0,0,1,1,0,0,0,0
2.951199687,0,0,0,0,0,0,0,0,0,1,0,0,0,0
2.951199750,0,0,0,0,0,0,0,0,1,1,0,0,0,0
2.951202438,0,0,0,0,0,0,0,0,0,1,0,0,0,0
2.951202500,0,0,0,0,0,0,0,0,1,1,0,0,0,0
2.951206187,0,0,0,0,0,0,0,0,0,0,0,0,0,0
2.951206250,0,0,0,0,0,0,0,0,1,1,0,0,0,0
2.951206313,0,0,0,0,0,0,0,0,0,0,0,0,0,0
2.951206375,0,0,0,0,0,0,0,0,1,1,0,0,0,0
2.951222375,0,0,0,0,0,0,0,0,0,0,0,0,0,0
2.951222437,0,0,0,0,0,0,0,0,1,1,0,0,0,0
2.951254500,0,0,0,0,0,0,0,0,0,1,0,0,0,0
2.951254562,0,0,0,0,0,0,0,0,1,1,0,0,0,0
2.951330437,0,0,0,0,0,0,0,0,0,1,0,0,0,0
2.951330500,0,0,0,0,0,0,0,0,1,1,0,0,0,0
2.951414375,0,0,0,0,0,0,0,0,0,1,0,0,0,0
2.951414437,0,0,0,0,0,0,0,0,1,1,0,0,0,0
2.955002938,0,0,0,0,1,0,0,0,1,1,0,0,0,0
2.955050625,0,0,0,0,1,1,0,0,1,1,0,0,0,0
2.955142875,0,0,0,0,1,1,1,0,1,1,0,0,0,0
2.955298250,0,0,0,1,1,1,1,0,1,1,0,0,0,0
2.955308937,0,0,0,1,1,1,1,0,1,1,0,0,0,1
2.955396313,0,0,0,1,1,1,1,0,1,1,1,0,0,1
2.955520250,1,0,0,1,1,1,1,0,1,1,1,0,0,1
2.956015000,1,0,0,1,1,1,1,1,1,1,1,0,0,1
2.956113000,1,0,1,1,1,1,1,1,1,1,1,0,1,1
2.956122188,1,0,1,1,1,1,1,1,1,0,1,0,1,1
2.956126750,1,0,1,1,1,1,1,1,1,0,1,1,1,1
2.956236875,1,1,1,1,1,1,1,1,1,0,1,1,1,1
4.064049312,1,1,1,1,1,1,1,1,1,0,0,1,1,1
4.064181000,1,1,0,1,0,1,1,1,1,0,0,1,1,1
4.064183812,1,1,0,1,0,1,1,1,1,0,0,1,0,1
4.064249375,1,1,0,1,0,1,1,1,1,0,0,0,0,1
4.064302625,1,1,0,1,0,1,1,1,1,1,0,0,0,1
4.064302750,1,1,0,1,0,1,1,1,1,1,0,0,1,1
4.064509062,1,1,0,1,0,1,1,1,1,0,0,0,1,1
4.064511000,1,1,0,1,0,1,1,1,1,0,0,1,1,1
6.534367438,0,1,0,1,1,0,1,1,1,0,0,1,1,1
6.534370250,0,1,0,1,1,0,1,1,1,0,0,1,0,1
6.534402313,0,1,0,1,1,0,1,1,1,0,0,0,0,1
6.534461688,0,1,0,1,1,0,1,1,1,1,0,0,0,1
6.534461813,0,1,0,1,1,0,1,1,1,1,0,0,1,1
6.534670000,0,1,0,1,1,0,1,1,1,0,0,0,1,1
6.534671813,0,1,0,1,1,0,1,1,1,0,0,1,1,1
6.535609313,0,1,0,1,1,0,1,1,1,0,1,1,1,1
6.535640000,0,1,1,1,1,1,1,1,1,0,1,1,1,1
6.535643125,0,1,1,1,1,1,1,1,1,0,1,1,0,1
6.535699000,0,1,1,1,1,1,1,1,1,0,1,0,0,1
6.535739125,0,1,1,1,1,1,1,1,1,1,1,0,0,1
6.535739312,0,1,1,1,1,1,1,1,1,1,1,0,1,1
6.535740000,1,1,1,1,1,1,1,1,1,1,1,0,1,1
6.535945687,1,1,1,1,1,1,1,1,1,0,1,0,1,1
6.535947437,1,1,1,1,1,1,1,1,1,0,1,1,1,1
6.535947625,1,1,1,1,1,1,1,1,1,0,1,1,0,1
6.536184813,1,1,1,1,1,1,1,1,1,0,1,0,0,1
6.536348125,1,1,1,1,1,1,1,1,1,1,1,0,0,1
6.536348250,1,1,1,1,1,1,1,1,1,1,1,0,1,1
6.536558813,1,1,1,1,1,1,1,1,1,0,1,0,1,1
6.536560938,1,1,1,1,1,1,1,1,1,0,1,1,1,1
6.536561125,1,1,1,1,1,1,1,1,1,0,1,1,0,1
6.536924500,1,1,1,1,1,1,1,1,1,0,1,0,0,1
6.536962125,1,1,1,1,1,1,1,1,1,1,1,0,0,1
6.536962250,1,1,1,1,1,1,1,1,1,1,1,0,1,1
6.537168750,1,1,1,1,1,1,1,1,1,0,1,0,1,1
6.537170500,1,1,1,1,1,1,1,1,1,0,1,1,1,1
6.537170687,1,1,1,1,1,1,1,1,1,0,1,1,0,1
6.537506125,1,1,1,1,1,1,1,1,1,0,1,0,0,1
6.537540125,1,1,1,1,1,1,1,1,1,1,1,0,0,1
6.537540250,1,1,1,1,1,1,1,1,1,1,1,0,1,1
6.537747937,1,1,1,1,1,1,1,1,1,0,1,0,1,1
6.537749500,1,1,1,1,1,1,1,1,1,0,1,1,1,1
6.537749687,1,1,1,1,1,1,1,1,1,0,1,1,0,1
6.537957063,1,1,1,1,1,1,1,1,1,0,1,0,0,1
6.537978500,1,1,1,1,1,1,1,1,1,1,1,0,0,1
6.537978625,1,1,1,1,1,1,1,1,1,1,1,0,1,1
6.538185500,1,1,1,1,1,1,1,1,1,0,1,0,1,1
6.538186875,1,1,1,1,1,1,1,1,1,0,1,1,1,1
6.538187062,1,1,1,1,1,1,1,1,1,0,1,1,0,1
6.538460750,1,1,1,1,1,1,1,1,1,0,1,0,0,1
6.538491500,1,1,1,1,1,1,1,1,1,1,1,0,0,1
6.538491687,1,1,1,1,1,1,1,1,1,1,1,0,1,1
6.538698562,1,1,1,1,1,1,1,1,1,0,1,0,1,1
6.538699937,1,1,1,1,1,1,1,1,1,0,1,1,1,1
6.538700125,1,1,1,1,1,1,1,1,1,0,1,1,0,1
6.538906062,1,1,1,1,1,1,1,1,1,0,1,0,0,1
6.538926875,1,1,1,1,1,1,1,1,1,1,1,0,0,1
6.538927000,1,1,1,1,1,1,1,1,1,1,1,0,1,1
6.538927688,1,1,0,1,0,0,1,1,1,1,1,0,1,1
6.539133375,1,1,0,1,0,0,1,1,1,0,1,0,1,1
6.539134750,1,1,0,1,0,0,1,1,1,0,1,1,1,1
6.539134875,1,1,0,1,0,0,1,1,1,0,1,1,0,1
6.539341000,1,1,0,1,0,0,1,1,1,0,1,0,0,1
6.539358500,1,1,0,1,0,0,1,1,1,1,1,0,0,1
6.539358688,1,1,0,1,0,0,1,1,1,1,1,0,1,1
6.539359250,1,1,1,1,1,1,1,1,1,1,1,0,1,1
6.539614063,1,1,1,1,1,1,1,1,1,0,1,0,1,1
6.539616312,1,1,1,1,1,1,1,1,1,0,1,1,1,1
6.539616500,1,1,1,1,1,1,1,1,1,0,1,1,0,1
6.539824125,1,1,1,1,1,1,1,1,1,0,1,0,0,1
6.539856438,1,1,1,1,1,1,1,1,1,1,1,0,0,1
6.539856625,1,1,1,1,1,1,1,1,1,1,1,0,1,1
6.540063938,1,1,1,1,1,1,1,1,1,0,1,0,1,1
6.540065688,1,1,1,1,1,1,1,1,1,0,1,1,1,1
6.540793000,1,1,1,1,1,1,1,1,1,0,1,1,1,0
6.540795812,1,1,1,1,1,1,1,1,1,0,1,1,0,0
6.540804312,1,1,1,1,1,1,1,1,1,0,1,0,0,0
6.540808812,1,1,1,1,1,1,1,1,1,0,0,0,0,0
6.540808875,1,1,1,1,1,1,1,1,1,0,0,0,0,1
6.540809063,1,1,1,1,1,1,1,1,1,0,0,0,1,1
6.540832000,0,0,0,0,0,0,1,1,1,0,0,0,1,1
6.540847688,0,0,0,0,0,0,1,1,1,1,0,0,1,1
6.541055437,0,0,0,0,0,0,1,1,1,0,0,0,1,1
6.541058625,0,0,0,0,0,0,1,1,1,0,0,1,1,1
6.541058813,0,0,0,0,0,0,1,1,1,0,0,1,0,1
6.541267187,0,0,0,0,0,0,1,1,1,0,0,0,0,1
6.541288375,0,0,0,0,0,0,1,1,1,1,0,0,0,1
6.541288563,0,0,0,0,0,0,1,1,1,1,0,0,1,1
6.541494375,0,0,0,0,0,0,1,1,1,0,0,0,1,1
6.541495875,0,0,0,0,0,0,1,1,1,0,0,1,1,1
6.543032187,0,1,0,1,1,1,0,1,1,0,0,1,1,1
6.543035000,0,1,0,1,1,1,0,1,1,0,0,1,0,1
6.543117562,0,1,0,1,1,1,0,1,1,0,0,0,0,1
6.543156813,0,1,0,1,1,1,0,1,1,1,0,0,0,1
6.543157000,0,1,0,1,1,1,0,1,1,1,0,0,1,1
6.543363937,0,1,0,1,1,1,0,1,1,0,0,0,1,1
6.543365687,0,1,0,1,1,1,0,1,1,0,0,1,1,1
6.544286875,0,1,0,1,1,1,0,1,1,0,1,1,1,1
6.544286937,0,1,0,1,1,1,0,1,1,0,1,0,1,1
6.544287000,0,1,1,1,1,1,0,1,1,0,1,0,1,1
6.544287062,1,1,1,1,1,1,1,1,1,0,1,1,1,1
6.544435625,1,1,1,1,1,1,1,1,1,0,1,1,0,1
6.544435750,1,1,1,1,1,1,1,1,1,0,1,0,0,1
6.544437375,1,1,1,1,1,1,1,1,1,1,1,0,0,1
6.544549938,1,1,1,1,1,1,1,1,1,1,1,0,1,1
6.544550125,1,1,1,1,1,1,1,1,1,0,1,0,1,1
6.544738375,1,1,1,1,1,1,1,1,1,0,1,1,1,1
6.544809188,1,0,1,1,1,1,1,1,1,0,1,1,1,1
6.544853313,1,0,1,1,1,1,1,1,1,0,1,1,0,1
6.544853437,1,0,1,1,1,1,1,1,1,0,1,0,0,1
6.544854125,1,0,1,1,1,1,1,1,1,1,1,0,0,1
6.544967000,1,0,1,1,1,1,1,1,1,1,1,0,1,1
6.544967188,1,0,1,1,1,1,1,1,1,0,1,0,1,1
6.544967375,1,0,1,1,1,1,1,1,1,0,1,1,1,1
6.545088750,1,1,1,1,1,1,1,1,1,0,1,1,1,1
6.545090125,1,1,1,0,1,1,1,1,1,0,1,1,1,1
6.545090875,1,1,1,0,0,1,1,1,1,0,1,1,1,1
6.545091625,1,1,1,0,0,0,1,1,1,0,1,1,1,1
6.545092375,1,1,1,0,0,0,0,1,1,0,1,1,1,1
6.545093125,1,1,1,0,0,0,0,0,1,0,1,1,1,1
6.545121500,1,1,1,0,0,0,0,0,1,0,1,1,0,1
6.545121563,1,1,1,0,0,0,0,0,1,0,1,0,0,1
6.545122313,1,1,1,0,0,0,0,0,1,1,1,0,0,1
6.545234938,1,1,1,0,0,0,0,0,1,1,1,0,1,1
6.545235125,1,1,1,0,0,0,0,0,1,0,1,0,1,1
6.545235250,1,1,1,0,0,0,0,0,1,0,1,1,1,1
6.545353562,0,1,1,0,0,0,0,0,1,0,1,1,1,1
6.545356313,0,1,1,1,0,0,0,0,1,0,1,1,1,1
6.545357125,0,1,1,1,1,0,0,0,1,0,1,1,1,1
6.545357938,0,1,1,1,1,1,0,0,1,0,1,1,1,1
6.545358750,0,1,1,1,1,1,1,0,1,0,1,1,1,1
6.545359500,0,1,1,1,1,1,1,1,1,0,1,1,1,1
6.545385625,0,1,1,1,1,1,1,1,1,0,1,1,0,1
6.545385750,0,1,1,1,1,1,1,1,1,0,1,0,0,1
6.545386500,0,1,1,1,1,1,1,1,1,1,1,0,0,1
6.545498937,0,1,1,1,1,1,1,1,1,1,1,0,1,1
6.545499063,0,1,1,1,1,1,1,1,1,0,1,0,1,1
6.545499250,0,1,1,1,1,1,1,1,1,0,1,1,1,1
6.545616500,1,1,1,1,1,1,1,1,1,0,1,1,1,1
6.545619875,1,1,1,1,0,1,1,1,1,0,1,1,1,1
6.545621438,1,1,1,1,0,1,0,1,1,0,1,1,1,1
6.545622250,1,1,1,1,0,1,0,0,1,0,1,1,1,1
6.545647000,1,1,1,1,0,1,0,0,1,0,1,1,0,1
6.545647125,1,1,1,1,0,1,0,0,1,0,1,0,0,1
6.545647875,1,1,1,1,0,1,0,0,1,1,1,0,0,1
6.545883000,1,1,1,1,0,1,0,0,1,1,1,0,1,1
6.545883188,1,1,1,1,0,1,0,0,1,0,1,0,1,1
6.545883375,1,1,1,1,0,1,0,0,1,0,1,1,1,1
6.546006937,1,0,1,1,0,1,0,0,1,0,1,1,1,1
6.546009625,1,0,1,1,1,1,0,0,1,0,1,1,1,1
6.546011250,1,0,1,1,1,1,1,0,1,0,1,1,1,1
6.546012063,1,0,1,1,1,1,1,1,1,0,1,1,1,1
6.546052625,1,0,1,1,1,1,1,1,1,0,1,1,0,1
6.546052750,1,0,1,1,1,1,1,1,1,0,1,0,0,1
6.546053438,1,0,1,1,1,1,1,1,1,1,1,0,0,1
6.546167000,1,0,1,1,1,1,1,1,1,1,1,0,1,1
6.546167188,1,0,1,1,1,1,1,1,1,0,1,0,1,1
6.546167312,1,0,1,1,1,1,1,1,1,0,1,1,1,1
6.546285812,0,0,1,1,1,1,1,1,1,0,1,1,1,1
6.546287375,0,1,1,1,1,1,1,1,1,0,1,1,1,1
6.546320500,0,1,1,1,1,1,1,1,1,0,1,1,0,1
6.546320625,0,1,1,1,1,1,1,1,1,0,1,0,0,1
6.546321188,0,1,1,1,1,1,1,1,1,1,1,0,0,1
6.546433875,0,1,1,1,1,1,1,1,1,1,1,0,1,1
6.546434063,0,1,1,1,1,1,1,1,1,0,1,0,1,1
6.546434250,0,1,1,1,1,1,1,1,1,0,1,1,1,1
6.546552500,1,1,1,1,1,1,1,1,1,0,1,1,1,1
6.546556500,1,1,1,1,1,0,1,1,1,0,1,1,1,1
6.546584437,1,1,1,1,1,0,1,1,1,0,1,1,0,1
6.546584500,1,1,1,1,1,0,1,1,1,0,1,0,0,1
6.546585187,1,1,1,1,1,0,1,1,1,1,1,0,0,1
6.546696938,1,1,1,1,1,0,1,1,1,1,1,0,1,1
6.546697125,1,1,1,1,1,0,1,1,1,0,1,0,1,1
6.546697313,1,1,1,1,1,0,1,1,1,0,1,1,1,1
6.546920187,0,1,1,1,1,0,1,1,1,0,1,1,1,1
6.546925938,0,1,1,1,1,1,1,1,1,0,1,1,1,1
6.546967500,0,1,1,1,1,1,1,1,1,0,1,1,0,1
6.546967625,0,1,1,1,1,1,1,1,1,0,1,0,0,1
6.546968312,0,1,1,1,1,1,1,1,1,1,1,0,0,1
6.547080937,0,1,1,1,1,1,1,1,1,1,1,0,1,1
6.547081125,0,1,1,1,1,1,1,1,1,0,1,0,1,1
6.547081312,0,1,1,1,1,1,1,1,1,0,1,1,1,1
6.547206875,0,1,1,1,1,0,1,1,1,0,1,1,1,1
6.547234875,0,1,1,1,1,0,1,1,1,0,1,1,0,1
6.547234937,0,1,1,1,1,0,1,1,1,0,1,0,0,1
6.547235687,0,1,1,1,1,0,1,1,1,1,1,0,0,1
6.547348187,0,1,1,1,1,0,1,1,1,1,1,0,1,1
6.547348312,0,1,1,1,1,0,1,1,1,0,1,0,1,1
6.547348500,0,1,1,1,1,0,1,1,1,0,1,1,1,1
6.547471000,0,1,1,1,1,1,1,1,1,0,1,1,1,1
6.547497188,0,1,1,1,1,1,1,1,1,0,1,1,0,1
6.547497312,0,1,1,1,1,1,1,1,1,0,1,0,0,1
6.547497875,0,1,1,1,1,1,1,1,1,1,1,0,0,1
6.547610000,0,1,1,1,1,1,1,1,1,1,1,0,1,1
6.547610188,0,1,1,1,1,1,1,1,1,0,1,0,1,1
6.547610312,0,1,1,1,1,1,1,1,1,0,1,1,1,1
6.547757687,0,1,1,1,1,1,1,1,1,0,1,1,0,1
6.547757813,0,1,1,1,1,1,1,1,1,0,1,0,0,1
6.547758437,0,1,1,1,1,1,1,1,1,1,1,0,0,1
6.547983875,0,1,1,1,1,1,1,1,1,1,1,0,1,1
6.547984063,0,1,1,1,1,1,1,1,1,0,1,0,1,1
6.547984187,0,1,1,1,1,1,1,1,1,0,1,1,1,1
6.548105250,1,1,1,1,1,1,1,1,1,0,1,1,1,1
6.548150375,1,1,1,1,1,1,1,1,1,0,1,1,0,1
6.548150500,1,1,1,1,1,1,1,1,1,0,1,0,0,1
6.548151250,1,1,1,1,1,1,1,1,1,1,1,0,0,1
6.548264063,1,1,1,1,1,1,1,1,1,1,1,0,1,1
6.548264250,1,1,1,1,1,1,1,1,1,0,1,0,1,1
6.548264375,1,1,1,1,1,1,1,1,1,0,1,1,1,1
6.548415063,1,1,1,1,1,1,1,1,1,0,1,1,0,1
6.548415187,1,1,1,1,1,1,1,1,1,0,1,0,0,1
6.548415813,1,1,1,1,1,1,1,1,1,1,1,0,0,1
6.548528000,1,1,1,1,1,1,1,1,1,1,1,0,1,1
6.548528187,1,1,1,1,1,1,1,1,1,0,1,0,1,1
6.548528313,1,1,1,1,1,1,1,1,1,0,1,1,1,1
6.548648500,1,1,0,1,1,1,1,1,1,0,1,1,1,1
6.548650125,1,1,0,1,0,1,1,1,1,0,1,1,1,1
6.548650875,1,1,0,1,0,0,1,1,1,0,1,1,1,1
6.548677438,1,1,0,1,0,0,1,1,1,0,1,1,0,1
6.548677500,1,1,0,1,0,0,1,1,1,0,1,0,0,1
6.548678188,1,1,0,1,0,0,1,1,1,1,1,0,0,1
6.548790000,1,1,0,1,0,0,1,1,1,1,1,0,1,1
6.548790187,1,1,0,1,0,0,1,1,1,0,1,0,1,1
6.548790313,1,1,0,1,0,0,1,1,1,0,1,1,1,1
6.549026187,1,1,1,1,0,0,1,1,1,0,1,1,1,1
6.549026875,1,1,1,0,0,0,1,1,1,0,1,1,1,1
6.549068875,1,1,1,0,0,0,1,1,1,0,1,1,0,1
6.549069000,1,1,1,0,0,0,1,1,1,0,1,0,0,1
6.549069750,1,1,1,0,0,0,1,1,1,1,1,0,0,1
6.549183250,1,1,1,0,0,0,1,1,1,1,1,0,1,1
6.549183313,1,1,1,0,0,0,1,1,1,0,1,0,1,1
6.549183437,1,1,1,0,0,0,1,1,1,0,1,1,1,1
6.549306500,1,1,1,1,0,0,1,1,1,0,1,1,1,1
6.549308750,1,1,1,1,1,0,1,1,1,0,1,1,1,1
6.549339062,1,1,1,1,1,0,1,1,1,0,1,1,0,1
6.549339125,1,1,1,1,1,0,1,1,1,0,1,0,0,1
6.549339875,1,1,1,1,1,0,1,1,1,1,1,0,0,1
6.549452188,1,1,1,1,1,0,1,1,1,1,1,0,1,1
6.549452312,1,1,1,1,1,0,1,1,1,0,1,0,1,1
6.549452500,1,1,1,1,1,0,1,1,1,0,1,1,1,1
6.549572500,1,1,0,1,1,0,1,1,1,0,1,1,1,1
6.549574125,1,1,0,1,0,0,1,1,1,0,1,1,1,1
6.549575125,1,1,0,1,0,1,1,1,1,0,1,1,1,1
6.549575687,1,1,0,1,0,1,0,1,1,0,1,1,1,1
6.549602375,1,1,0,1,0,1,0,1,1,0,1,1,0,1
6.549602500,1,1,0,1,0,1,0,1,1,0,1,0,0,1
6.549603250,1,1,0,1,0,1,0,1,1,1,1,0,0,1
6.549715000,1,1,0,1,0,1,0,1,1,1,1,0,1,1
6.549715188,1,1,0,1,0,1,0,1,1,0,1,0,1,1
6.549715375,1,1,0,1,0,1,0,1,1,0,1,1,1,1
6.549835563,1,1,1,1,0,1,0,1,1,0,1,1,1,1
6.549864000,1,1,1,1,0,1,0,1,1,0,1,1,0,1
6.549864125,1,1,1,1,0,1,0,1,1,0,1,0,0,1
6.549864875,1,1,1,1,0,1,0,1,1,1,1,0,0,1
6.550076625,1,1,1,1,0,1,0,1,1,1,1,0,1,1
6.550076813,1,1,1,1,0,1,0,1,1,0,1,0,1,1
6.550077000,1,1,1,1,0,1,0,1,1,0,1,1,1,1
6.550199562,0,1,1,1,0,1,0,1,1,0,1,1,1,1
6.550202500,0,1,1,0,0,1,0,1,1,0,1,1,1,1
6.550203500,0,1,1,0,1,1,0,1,1,0,1,1,1,1
6.550243000,0,1,1,0,1,1,0,1,1,0,1,1,0,1
6.550243125,0,1,1,0,1,1,0,1,1,0,1,0,0,1
6.550243812,0,1,1,0,1,1,0,1,1,1,1,0,0,1
6.550357062,0,1,1,0,1,1,0,1,1,1,1,0,1,1
6.550357250,0,1,1,0,1,1,0,1,1,0,1,0,1,1
6.550357437,0,1,1,0,1,1,0,1,1,0,1,1,1,1
6.550475937,1,1,1,0,1,1,0,1,1,0,1,1,1,1
6.550478688,1,1,1,1,1,1,0,1,1,0,1,1,1,1
6.550480125,1,1,1,1,1,0,0,1,1,0,1,1,1,1
6.550481125,1,1,1,1,1,0,1,1,1,0,1,1,1,1
6.550510125,1,1,1,1,1,0,1,1,1,0,1,1,0,1
6.550510188,1,1,1,1,1,0,1,1,1,0,1,0,0,1
6.550510812,1,1,1,1,1,0,1,1,1,1,1,0,0,1
6.550623000,1,1,1,1,1,0,1,1,1,1,1,0,1,1
6.550623188,1,1,1,1,1,0,1,1,1,0,1,0,1,1
6.550623312,1,1,1,1,1,0,1,1,1,0,1,1,1,1
6.550743375,1,1,0,1,1,0,1,1,1,0,1,1,1,1
6.550746000,1,1,0,1,1,1,1,1,1,0,1,1,1,1
6.550746562,1,1,0,1,1,1,0,1,1,0,1,1,1,1
6.550773312,1,1,0,1,1,1,0,1,1,0,1,1,0,1
6.550773438,1,1,0,1,1,1,0,1,1,0,1,0,0,1
6.550774188,1,1,0,1,1,1,0,1,1,1,1,0,0,1
6.550888625,1,1,0,1,1,1,0,1,1,1,1,0,1,1
6.550888750,1,1,0,1,1,1,0,1,1,0,1,0,1,1
6.550888937,1,1,0,1,1,1,0,1,1,0,1,1,1,1
6.551149125,0,1,0,1,1,1,0,1,1,0,1,1,1,1
6.551151188,0,0,0,1,1,1,0,1,1,0,1,1,1,1
6.551152563,0,0,1,1,1,1,0,1,1,0,1,1,1,1
6.551154312,0,0,1,1,0,1,0,1,1,0,1,1,1,1
6.551203938,0,0,1,1,0,1,0,1,1,0,1,1,0,1
6.551204063,0,0,1,1,0,1,0,1,1,0,1,0,0,1
6.551204750,0,0,1,1,0,1,0,1,1,1,1,0,0,1
6.551318063,0,0,1,1,0,1,0,1,1,1,1,0,1,1
6.551318250,0,0,1,1,0,1,0,1,1,0,1,0,1,1
6.551318437,0,0,1,1,0,1,0,1,1,0,1,1,1,1
6.551439812,1,0,1,1,0,1,0,1,1,0,1,1,1,1
6.551440813,1,1,1,1,0,1,0,1,1,0,1,1,1,1
6.551443250,1,1,1,1,1,1,0,1,1,0,1,1,1,1
6.551443875,1,1,1,1,1,0,0,1,1,0,1,1,1,1
6.551444875,1,1,1,1,1,0,1,1,1,0,1,1,1,1
6.551473125,1,1,1,1,1,0,1,1,1,0,1,1,0,1
6.551473250,1,1,1,1,1,0,1,1,1,0,1,0,0,1
6.551473875,1,1,1,1,1,0,1,1,1,1,1,0,0,1
6.551586000,1,1,1,1,1,0,1,1,1,1,1,0,1,1
6.551586187,1,1,1,1,1,0,1,1,1,0,1,0,1,1
6.551586375,1,1,1,1,1,0,1,1,1,0,1,1,1,1
6.551706500,1,1,0,1,1,0,1,1,1,0,1,1,1,1
6.551709125,1,1,0,1,1,1,1,1,1,0,1,1,1,1
6.551709687,1,1,0,1,1,1,0,1,1,0,1,1,1,1
6.551736188,1,1,0,1,1,1,0,1,1,0,1,1,0,1
6.551736250,1,1,0,1,1,1,0,1,1,0,1,0,0,1
6.551736875,1,1,0,1,1,1,0,1,1,1,1,0,0,1
6.551849000,1,1,0,1,1,1,0,1,1,1,1,0,1,1
6.551849188,1,1,0,1,1,1,0,1,1,0,1,0,1,1
6.551849375,1,1,0,1,1,1,0,1,1,0,1,1,1,1
6.551997313,1,1,0,1,1,1,0,1,1,0,1,1,0,1
6.551997437,1,1,0,1,1,1,0,1,1,0,1,0,0,1
6.551998063,1,1,0,1,1,1,0,1,1,1,1,0,0,1
6.552201625,1,1,0,1,1,1,0,1,1,1,1,0,1,1
6.552201812,1,1,0,1,1,1,0,1,1,0,1,0,1,1
6.552201937,1,1,0,1,1,1,0,1,1,0,1,1,1,1
6.552326875,1,1,1,1,1,1,0,1,1,0,1,1,1,1
6.552329187,1,1,1,1,1,0,0,1,1,0,1,1,1,1
6.552330187,1,1,1,1,1,0,1,1,1,0,1,1,1,1
6.552368250,1,1,1,1,1,0,1,1,1,0,1,1,0,1
6.552368375,1,1,1,1,1,0,1,1,1,0,1,0,0,1
6.552369000,1,1,1,1,1,0,1,1,1,1,1,0,0,1
6.552482063,1,1,1,1,1,0,1,1,1,1,1,0,1,1
6.552482250,1,1,1,1,1,0,1,1,1,0,1,0,1,1
6.552482375,1,1,1,1,1,0,1,1,1,0,1,1,1,1
6.552601750,1,0,1,1,1,0,1,1,1,0,1,1,1,1
6.552602500,1,0,0,1,1,0,1,1,1,0,1,1,1,1
6.552605125,1,0,0,1,1,1,1,1,1,0,1,1,1,1
6.552605750,1,0,0,1,1,1,0,1,1,0,1,1,1,1
6.552632875,1,0,0,1,1,1,0,1,1,0,1,1,0,1
6.552633000,1,0,0,1,1,1,0,1,1,0,1,0,0,1
6.552633562,1,0,0,1,1,1,0,1,1,1,1,0,0,1
6.552746000,1,0,0,1,1,1,0,1,1,1,1,0,1,1
6.552746188,1,0,0,1,1,1,0,1,1,0,1,0,1,1
6.552746313,1,0,0,1,1,1,0,1,1,0,1,1,1,1
6.552865625,1,1,0,1,1,1,0,1,1,0,1,1,1,1
6.552867000,1,1,0,0,1,1,0,1,1,0,1,1,1,1
6.552895625,1,1,0,0,1,1,0,1,1,0,1,1,0,1
6.552895750,1,1,0,0,1,1,0,1,1,0,1,0,0,1
6.552896375,1,1,0,0,1,1,0,1,1,1,1,0,0,1
6.553009000,1,1,0,0,1,1,0,1,1,1,1,0,1,1
6.553009187,1,1,0,0,1,1,0,1,1,0,1,0,1,1
6.553009313,1,1,0,0,1,1,0,1,1,0,1,1,1,1
6.553244813,0,1,0,0,1,1,0,1,1,0,1,1,1,1
6.553246375,0,0,0,0,1,1,0,1,1,0,1,1,1,1
6.553289438,0,0,0,0,1,1,0,1,1,0,1,1,0,1
6.553289562,0,0,0,0,1,1,0,1,1,0,1,0,0,1
6.553290312,0,0,0,0,1,1,0,1,1,1,1,0,0,1
6.553403063,0,0,0,0,1,1,0,1,1,1,1,0,1,1
6.553403250,0,0,0,0,1,1,0,1,1,0,1,0,1,1
6.553403438,0,0,0,0,1,1,0,1,1,0,1,1,1,1
6.553524187,1,0,0,0,1,1,0,1,1,0,1,1,1,1
6.553525188,1,1,0,0,1,1,0,1,1,0,1,1,1,1
6.553526000,1,1,1,0,1,1,0,1,1,0,1,1,1,1
6.553526813,1,1,1,1,1,1,0,1,1,0,1,1,1,1
6.553527375,1,1,1,1,0,1,0,1,1,0,1,1,1,1
6.553559062,1,1,1,1,0,1,0,1,1,0,1,1,0,1
6.553559125,1,1,1,1,0,1,0,1,1,0,1,0,0,1
6.553559875,1,1,1,1,0,1,0,1,1,1,1,0,0,1
6.553672125,1,1,1,1,0,1,0,1,1,1,1,0,1,1
6.553672312,1,1,1,1,0,1,0,1,1,0,1,0,1,1
6.553672438,1,1,1,1,0,1,0,1,1,0,1,1,1,1
6.553822313,1,1,1,1,0,1,0,1,1,0,1,1,0,1
6.553822375,1,1,1,1,0,1,0,1,1,0,1,0,0,1
6.553823063,1,1,1,1,0,1,0,1,1,1,1,0,0,1
6.553935062,1,1,1,1,0,1,0,1,1,1,1,0,1,1
6.553935250,1,1,1,1,0,1,0,1,1,0,1,0,1,1
6.553935375,1,1,1,1,0,1,0,1,1,0,1,1,1,1
6.554053625,0,1,1,1,0,1,0,1,1,0,1,1,1,1
6.554056187,0,1,1,0,0,1,0,1,1,0,1,1,1,1
6.554086250,0,1,1,0,0,1,0,1,1,0,1,1,0,1
6.554086375,0,1,1,0,0,1,0,1,1,0,1,0,0,1
6.554087062,0,1,1,0,0,1,0,1,1,1,1,0,0,1
6.554301312,0,1,1,0,0,1,0,1,1,1,1,0,1,1
6.554301438,0,1,1,0,0,1,0,1,1,0,1,0,1,1
6.554301625,0,1,1,0,0,1,0,1,1,0,1,1,1,1
6.554423000,1,1,1,0,0,1,0,1,1,0,1,1,1,1
6.554426625,1,1,1,1,0,1,0,1,1,0,1,1,1,1
6.554427438,1,1,1,1,1,1,0,1,1,0,1,1,1,1
6.554428063,1,1,1,1,1,0,0,1,1,0,1,1,1,1
6.554429125,1,1,1,1,1,0,1,1,1,0,1,1,1,1
6.554466125,1,1,1,1,1,0,1,1,1,0,1,1,0,1
6.554466188,1,1,1,1,1,0,1,1,1,0,1,0,0,1
6.554466813,1,1,1,1,1,0,1,1,1,1,1,0,0,1
6.554579000,1,1,1,1,1,0,1,1,1,1,1,0,1,1
6.554579187,1,1,1,1,1,0,1,1,1,0,1,0,1,1
6.554579312,1,1,1,1,1,0,1,1,1,0,1,1,1,1
6.554730812,1,1,1,1,1,0,1,1,1,0,1,1,0,1
6.554730937,1,1,1,1,1,0,1,1,1,0,1,0,0,1
6.554731562,1,1,1,1,1,0,1,1,1,1,1,0,0,1
6.554843125,1,1,1,1,1,0,1,1,1,1,1,0,1,1
6.554843313,1,1,1,1,1,0,1,1,1,0,1,0,1,1
6.554843437,1,1,1,1,1,0,1,1,1,0,1,1,1,1
6.554991500,1,1,1,1,1,0,1,1,1,0,1,1,0,1
6.554991625,1,1,1,1,1,0,1,1,1,0,1,0,0,1
6.554992375,1,1,1,1,1,0,1,1,1,1,1,0,0,1
6.555104125,1,1,1,1,1,0,1,1,1,1,1,0,1,1
6.555104313,1,1,1,1,1,0,1,1,1,0,1,0,1,1
6.555104437,1,1,1,1,1,0,1,1,1,0,1,1,1,1
6.555384375,1,1,1,1,1,0,1,1,1,0,1,1,0,1
6.555384500,1,1,1,1,1,0,1,1,1,0,1,0,0,1
6.555385125,1,1,1,1,1,0,1,1,1,1,1,0,0,1
6.555498125,1,1,1,1,1,0,1,1,1,1,1,0,1,1
6.555498250,1,1,1,1,1,0,1,1,1,0,1,0,1,1
6.555498437,1,1,1,1,1,0,1,1,1,0,1,1,1,1
6.555618625,0,1,1,1,1,0,1,1,1,0,1,1,1,1
6.555619563,0,0,1,1,1,0,1,1,1,0,1,1,1,1
6.555622000,0,0,1,1,0,0,1,1,1,0,1,1,1,1
6.555652750,0,0,1,1,0,0,1,1,1,0,1,1,0,1
6.555652875,0,0,1,1,0,0,1,1,1,0,1,0,0,1
6.555653500,0,0,1,1,0,0,1,1,1,1,1,0,0,1
6.555765187,0,0,1,1,0,0,1,1,1,1,1,0,1,1
6.555765375,0,0,1,1,0,0,1,1,1,0,1,0,1,1
6.555765500,0,0,1,1,0,0,1,1,1,0,1,1,1,1
6.555884000,1,0,1,1,0,0,1,1,1,0,1,1,1,1
6.555885000,1,1,1,1,0,0,1,1,1,0,1,1,1,1
6.555916750,1,1,1,1,0,0,1,1,1,0,1,1,0,1
6.555916875,1,1,1,1,0,0,1,1,1,0,1,0,0,1
6.555917625,1,1,1,1,0,0,1,1,1,1,1,0,0,1
6.556030125,1,1,1,1,0,0,1,1,1,1,1,0,1,1
6.556030312,1,1,1,1,0,0,1,1,1,0,1,0,1,1
6.556030437,1,1,1,1,0,0,1,1,1,0,1,1,1,1
6.556178812,1,1,1,1,0,0,1,1,1,0,1,1,0,1
6.556178938,1,1,1,1,0,0,1,1,1,0,1,0,0,1
6.556179625,1,1,1,1,0,0,1,1,1,1,1,0,0,1
6.556408187,1,1,1,1,0,0,1,1,1,1,1,0,1,1
6.556408375,1,1,1,1,0,0,1,1,1,0,1,0,1,1
6.556408500,1,1,1,1,0,0,1,1,1,0,1,1,1,1
6.556533000,1,0,1,1,0,0,1,1,1,0,1,1,1,1
6.556580937,1,0,1,1,0,0,1,1,1,0,1,1,0,1
6.556581063,1,0,1,1,0,0,1,1,1,0,1,0,0,1
6.556581813,1,0,1,1,0,0,1,1,1,1,1,0,0,1
6.556695187,1,0,1,1,0,0,1,1,1,1,1,0,1,1
6.556695375,1,0,1,1,0,0,1,1,1,0,1,0,1,1
6.556695500,1,0,1,1,0,0,1,1,1,0,1,1,1,1
6.556896812,0,0,1,1,0,0,1,1,1,0,1,1,1,1
6.556944625,0,0,1,1,0,0,1,1,1,0,1,1,0,1
6.556944750,0,0,1,1,0,0,1,1,1,0,1,0,0,1
6.556945375,0,0,1,1,0,0,1,1,1,1,1,0,0,1
6.557059813,0,0,1,1,0,0,1,1,1,1,1,0,1,1
6.557060000,0,0,1,1,0,0,1,1,1,0,1,0,1,1
6.557060125,0,0,1,1,0,0,1,1,1,0,1,1,1,1
6.557184438,0,0,0,1,0,0,1,1,1,0,1,1,1,1
6.557213687,0,0,0,1,0,0,1,1,1,0,1,1,0,1
6.557213813,0,0,0,1,0,0,1,1,1,0,1,0,0,1
6.557214500,0,0,0,1,0,0,1,1,1,1,1,0,0,1
6.557326125,0,0,0,1,0,0,1,1,1,1,1,0,1,1
6.557326313,0,0,0,1,0,0,1,1,1,0,1,0,1,1
6.557326500,0,0,0,1,0,0,1,1,1,0,1,1,1,1
6.557575313,0,1,0,1,0,0,1,1,1,0,1,1,1,1
6.557576938,0,1,0,0,0,0,1,1,1,0,1,1,1,1
6.557577875,0,1,0,0,1,0,1,1,1,0,1,1,1,1
6.557616875,0,1,0,0,1,0,1,1,1,0,1,1,0,1
6.557616937,0,1,0,0,1,0,1,1,1,0,1,0,0,1
6.557617687,0,1,0,0,1,0,1,1,1,1,1,0,0,1
6.557730187,0,1,0,0,1,0,1,1,1,1,1,0,1,1
6.557730313,0,1,0,0,1,0,1,1,1,0,1,0,1,1
6.557730500,0,1,0,0,1,0,1,1,1,0,1,1,1,1
6.557849000,1,1,0,0,1,0,1,1,1,0,1,1,1,1
6.557850875,1,1,1,0,1,0,1,1,1,0,1,1,1,1
6.557851688,1,1,1,1,1,0,1,1,1,0,1,1,1,1
6.557852312,1,1,1,1,0,0,1,1,1,0,1,1,1,1
6.557880250,1,1,1,1,0,0,1,1,1,0,1,1,0,1
6.557880375,1,1,1,1,0,0,1,1,1,0,1,0,0,1
6.557881062,1,1,1,1,0,0,1,1,1,1,1,0,0,1
6.557993125,1,1,1,1,0,0,1,1,1,1,1,0,1,1
6.557993312,1,1,1,1,0,0,1,1,1,0,1,0,1,1
6.557993500,1,1,1,1,0,0,1,1,1,0,1,1,1,1
6.558141500,1,1,1,1,0,0,1,1,1,0,1,1,0,1
6.558141625,1,1,1,1,0,0,1,1,1,0,1,0,0,1
6.558142250,1,1,1,1,0,0,1,1,1,1,1,0,0,1
6.558254125,1,1,1,1,0,0,1,1,1,1,1,0,1,1
6.558254312,1,1,1,1,0,0,1,1,1,0,1,0,1,1
6.558254500,1,1,1,1,0,0,1,1,1,0,1,1,1,1
6.558375250,1,1,1,1,1,0,1,1,1,0,1,1,1,1
6.558376062,1,1,1,1,1,1,1,1,1,0,1,1,1,1
6.558537750,1,1,1,1,1,1,1,1,1,0,1,1,0,1
6.558537875,1,1,1,1,1,1,1,1,1,0,1,0,0,1
6.558538625,1,1,1,1,1,1,1,1,1,1,1,0,0,1
6.558654188,1,1,1,1,1,1,1,1,1,1,1,0,1,1
6.558654375,1,1,1,1,1,1,1,1,1,0,1,0,1,1
6.558654500,1,1,1,1,1,1,1,1,1,0,1,1,1,1
6.558776000,1,0,1,1,1,1,1,1,1,0,1,1,1,1
6.558862687,1,0,1,1,1,1,1,1,1,0,1,1,0,1
6.558862750,1,0,1,1,1,1,1,1,1,0,1,0,0,1
6.558863375,1,0,1,1,1,1,1,1,1,1,1,0,0,1
6.558977625,1,0,1,1,1,1,1,1,1,1,1,0,1,1
6.558977813,1,0,1,1,1,1,1,1,1,0,1,0,1,1
6.558978000,1,0,1,1,1,1,1,1,1,0,1,1,1,1
6.559098188,0,0,1,1,1,1,1,1,1,0,1,1,1,1
6.559099563,0,1,1,1,1,1,1,1,1,0,1,1,1,1
6.559101187,0,1,1,0,1,1,1,1,1,0,1,1,1,1
6.559137500,0,1,1,0,1,1,1,1,1,0,1,1,0,1
6.559137625,0,1,1,0,1,1,1,1,1,0,1,0,0,1
6.559138313,0,1,1,0,1,1,1,1,1,1,1,0,0,1
6.559251125,0,1,1,0,1,1,1,1,1,1,1,0,1,1
6.559251312,0,1,1,0,1,1,1,1,1,0,1,0,1,1
6.559251500,0,1,1,0,1,1,1,1,1,0,1,1,1,1
6.559370000,1,1,1,0,1,1,1,1,1,0,1,1,1,1
6.559372687,1,1,1,1,1,1,1,1,1,0,1,1,1,1
6.559403438,1,1,1,1,1,1,1,1,1,0,1,1,0,1
6.559403563,1,1,1,1,1,1,1,1,1,0,1,0,0,1
6.559404125,1,1,1,1,1,1,1,1,1,1,1,0,0,1
6.559580000,1,1,1,1,1,1,1,1,1,1,1,0,1,1
6.559580125,1,1,1,1,1,1,1,1,1,0,1,0,1,1
6.559580312,1,1,1,1,1,1,1,1,1,0,1,1,1,1
6.559702687,1,0,1,1,1,1,1,1,1,0,1,1,1,1
6.559745312,1,0,1,1,1,1,1,1,1,0,1,1,0,1
6.559745438,1,0,1,1,1,1,1,1,1,0,1,0,0,1
6.559746063,1,0,1,1,1,1,1,1,1,1,1,0,0,1
6.559859313,1,0,1,1,1,1,1,1,1,1,1,0,1,1
6.559859500,1,0,1,1,1,1,1,1,1,0,1,0,1,1
6.559859625,1,0,1,1,1,1,1,1,1,0,1,1,1,1
6.559978750,1,1,1,1,1,1,1,1,1,0,1,1,1,1
6.559984313,1,1,1,1,1,1,1,1,1,0,1,1,1,0
6.560010437,1,1,1,1,1,1,1,1,1,0,1,1,0,0
6.560010500,1,1,1,1,1,1,1,1,1,0,1,0,0,0
6.560011250,1,1,1,1,1,1,1,1,1,1,1,0,0,0
6.560123250,1,1,1,1,1,1,1,1,1,1,1,0,1,0
6.560123437,1,1,1,1,1,1,1,1,1,0,1,0,1,0
6.560123625,1,1,1,1,1,1,1,1,1,0,1,1,1,0
6.560123875,1,1,1,1,1,1,1,1,1,0,1,1,1,1
6.560391500,1,1,1,1,1,1,1,1,1,0,0,1,1,1
6.560391688,1,1,1,1,1,1,1,1,1,1,0,1,1,1
6.560393937,0,1,0,1,1,1,0,1,1,1,0,1,1,1
6.560418875,1,1,1,1,0,1,0,1,1,1,0,1,1,1
6.560418937,0,0,0,0,0,1,0,1,1,1,0,1,1,1
6.560454938,0,0,0,0,0,1,0,1,1,0,0,1,1,1
6.560455062,0,0,0,0,0,1,0,1,1,0,0,1,0,1
6.560625000,0,0,0,0,0,1,0,1,1,0,0,0,0,1
6.560656813,0,0,0,0,0,1,0,1,1,1,0,0,0,1
6.560657000,0,0,0,0,0,1,0,1,1,1,0,0,1,1
6.560864187,0,0,0,0,0,1,0,1,1,0,0,0,1,1
6.560865875,0,0,0,0,0,1,0,1,1,0,0,1,1,1
6.563311750,0,1,0,1,1,1,1,1,1,0,0,1,1,1
6.563311813,0,1,0,1,1,0,1,1,1,0,0,1,1,1
6.563314625,0,1,0,1,1,0,1,1,1,0,0,1,0,1
6.563339688,0,1,0,1,1,0,1,1,1,0,0,0,0,1
6.563383750,0,1,0,1,1,0,1,1,1,1,0,0,0,1
6.563383938,0,1,0,1,1,0,1,1,1,1,0,0,1,1
6.563591375,0,1,0,1,1,0,1,1,1,0,0,0,1,1
6.563593062,0,1,0,1,1,0,1,1,1,0,0,1,1,1
6.565619062,1,1,1,1,1,1,1,1,1,0,0,1,1,1
6.565619188,1,1,1,1,1,1,1,1,1,0,1,1,1,1
6.565625875,1,1,1,1,1,1,1,1,1,0,0,1,1,1
6.565626000,0,1,0,1,1,0,1,1,1,0,0,1,1,1
6.565757500,1,1,1,1,1,1,1,1,1,0,0,1,1,1
6.565757562,1,1,0,1,0,1,1,1,1,0,0,1,1,1
6.565760375,1,1,0,1,0,1,1,1,1,0,0,1,0,1
6.565834750,1,1,0,1,0,1,1,1,1,0,0,0,0,1
6.565871562,1,1,0,1,0,1,1,1,1,1,0,0,0,1
6.565871750,1,1,0,1,0,1,1,1,1,1,0,0,1,1
6.566079000,1,1,0,1,0,1,1,1,1,0,0,0,1,1
6.566080625,1,1,0,1,0,1,1,1,1,0,0,1,1,1
7.108791812,1,0,0,1,1,1,1,1,1,0,0,1,1,1
7.108791875,1,0,0,1,1,0,1,1,1,0,0,1,1,1
7.108794687,1,0,0,1,1,0,1,1,1,0,0,1,0,1
7.108866437,1,0,0,1,1,0,1,1,1,0,0,0,0,1
7.109445812,1,0,0,1,1,0,1,1,1,1,0,0,0,1
7.109446000,1,0,0,1,1,0,1,1,1,1,1,0,1,1
7.109446688,0,1,1,1,1,1,1,1,1,1,1,0,1,1
7.109658375,0,1,1,1,1,1,1,1,1,0,1,0,1,1
7.109661688,0,1,1,1,1,1,1,1,1,0,1,1,1,1
7.109661812,0,1,1,1,1,1,1,1,1,0,1,1,0,1
7.109868438,0,1,1,1,1,1,1,1,1,0,1,0,0,1
7.109901188,0,1,1,1,1,1,1,1,1,1,1,0,0,1
7.109901312,0,1,1,1,1,1,1,1,1,1,1,0,1,1
7.109902000,1,1,1,1,1,1,1,1,1,1,1,0,1,1
7.110107688,1,1,1,1,1,1,1,1,1,0,1,0,1,1
7.110109187,1,1,1,1,1,1,1,1,1,0,1,1,1,1
7.110109375,1,1,1,1,1,1,1,1,1,0,1,1,0,1
7.110443938,1,1,1,1,1,1,1,1,1,0,1,0,0,1
7.110477688,1,1,1,1,1,1,1,1,1,1,1,0,0,1
7.110477875,1,1,1,1,1,1,1,1,1,1,1,0,1,1
7.110685250,1,1,1,1,1,1,1,1,1,0,1,0,1,1
7.110686937,1,1,1,1,1,1,1,1,1,0,1,1,1,1
7.110687125,1,1,1,1,1,1,1,1,1,0,1,1,0,1
7.110895688,1,1,1,1,1,1,1,1,1,0,1,0,0,1
7.110921750,1,1,1,1,1,1,1,1,1,1,1,0,0,1
7.110921875,1,1,1,1,1,1,1,1,1,1,1,0,1,1
7.111130375,1,1,1,1,1,1,1,1,1,0,1,0,1,1
7.111132062,1,1,1,1,1,1,1,1,1,0,1,1,1,1
7.111132250,1,1,1,1,1,1,1,1,1,0,1,1,0,1
7.111392063,1,1,1,1,1,1,1,1,1,0,1,0,0,1
7.111424687,1,1,1,1,1,1,1,1,1,1,1,0,0,1
7.111424875,1,1,1,1,1,1,1,1,1,1,1,0,1,1
7.111633500,1,1,1,1,1,1,1,1,1,0,1,0,1,1
7.111634937,1,1,1,1,1,1,1,1,1,0,1,1,1,1
7.111635125,1,1,1,1,1,1,1,1,1,0,1,1,0,1
7.111843500,1,1,1,1,1,1,1,1,1,0,1,0,0,1
7.111863562,1,1,1,1,1,1,1,1,1,1,1,0,0,1
7.111863750,1,1,1,1,1,1,1,1,1,1,1,0,1,1
7.112069625,1,1,1,1,1,1,1,1,1,0,1,0,1,1
7.112071125,1,1,1,1,1,1,1,1,1,0,1,1,1,1
7.112071250,1,1,1,1,1,1,1,1,1,0,1,1,0,1
7.112277563,1,1,1,1,1,1,1,1,1,0,1,0,0,1
7.112295375,1,1,1,1,1,1,1,1,1,1,1,0,0,1
7.112295500,1,1,1,1,1,1,1,1,1,1,1,0,1,1
7.112565938,1,1,1,1,1,1,1,1,1,0,1,0,1,1
7.112568562,1,1,1,1,1,1,1,1,1,0,1,1,1,1
7.112568750,1,1,1,1,1,1,1,1,1,0,1,1,0,1
7.112775688,1,1,1,1,1,1,1,1,1,0,1,0,0,1
7.112808250,1,1,1,1,1,1,1,1,1,1,1,0,0,1
7.112808438,1,1,1,1,1,1,1,1,1,1,1,0,1,1
7.112809125,1,1,0,1,0,1,1,1,1,1,1,0,1,1
7.112809187,1,1,0,1,0,0,1,1,1,1,1,0,1,1
7.113014750,1,1,0,1,0,0,1,1,1,0,1,0,1,1
7.113016062,1,1,0,1,0,0,1,1,1,0,1,1,1,1
7.113016250,1,1,0,1,0,0,1,1,1,0,1,1,0,1
7.113222375,1,1,0,1,0,0,1,1,1,0,1,0,0,1
7.113241187,1,1,0,1,0,0,1,1,1,1,1,0,0,1
7.113241375,1,1,0,1,0,0,1,1,1,1,1,0,1,1
7.113242063,1,1,1,1,1,0,1,1,1,1,1,0,1,1
7.113242125,1,1,1,1,1,1,1,1,1,1,1,0,1,1
7.113510437,1,1,1,1,1,1,1,1,1,0,1,0,1,1
7.113513000,1,1,1,1,1,1,1,1,1,0,1,1,1,1
7.113513187,1,1,1,1,1,1,1,1,1,0,1,1,0,1
7.113721500,1,1,1,1,1,1,1,1,1,0,1,0,0,1
7.113751938,1,1,1,1,1,1,1,1,1,1,1,0,0,1
7.113752125,1,1,1,1,1,1,1,1,1,1,1,0,1,1
7.113958750,1,1,1,1,1,1,1,1,1,0,1,0,1,1
7.113960188,1,1,1,1,1,1,1,1,1,0,1,1,1,1
7.114673625,1,1,1,1,1,1,1,1,1,0,1,1,1,0
7.114676500,1,1,1,1,1,1,1,1,1,0,1,1,0,0
7.114689250,1,1,1,1,1,1,1,1,1,0,0,1,0,0
7.114689313,1,1,1,1,1,1,1,1,1,0,0,1,0,1
7.114689500,1,1,1,1,1,1,1,1,1,0,0,1,1,1
7.114712500,1,1,1,1,0,0,1,1,1,0,0,1,1,1
7.114712563,0,0,0,0,0,0,1,1,1,0,0,1,1,1
7.114715313,0,0,0,0,0,0,1,1,1,0,0,1,0,1
7.114764625,0,0,0,0,0,0,1,1,1,0,0,0,0,1
7.114794125,0,0,0,0,0,0,1,1,1,1,0,0,0,1
7.114794250,0,0,0,0,0,0,1,1,1,1,0,0,1,1
7.114999563,0,0,0,0,0,0,1,1,1,0,0,0,1,1
7.115001063,0,0,0,0,0,0,1,1,1,0,0,1,1,1
7.116914813,1,0,0,1,1,1,0,1,1,0,0,1,1,1
7.116917687,1,0,0,1,1,1,0,1,1,0,0,1,0,1
7.116952438,1,0,0,1,1,1,0,1,1,0,0,0,0,1
7.116996125,1,0,0,1,1,1,0,1,1,1,0,0,0,1
7.116996250,1,0,0,1,1,1,0,1,1,1,0,0,1,1
7.117203812,1,0,0,1,1,1,0,1,1,0,0,0,1,1
7.117206063,1,0,0,1,1,1,0,1,1,0,0,1,1,1
7.118169563,1,1,1,1,1,1,1,1,1,0,1,0,1,1
7.118169750,1,1,1,1,1,1,1,1,1,0,1,1,1,1
12.210774125,1,1,1,1,1,1,1,1,1,0,1,0,1,1
12.210775000,1,1,1,1,1,1,1,1,1,0,1,1,1,1
12.211195125,1,1,1,1,1,1,1,1,1,0,1,0,1,1
12.211195937,1,1,1,1,1,1,1,1,1,0,1,1,1,1
12.211199125,1,1,1,1,1,1,1,1,1,0,1,0,1,1
12.211199937,1,1,1,1,1,1,1,1,1,0,1,1,1,1
12.211203125,1,1,1,1,1,1,1,1,1,0,1,0,1,1
12.211203938,1,1,1,1,1,1,1,1,1,0,1,1,1,1
12.211207062,1,1,1,1,1,1,1,1,1,0,1,0,1,1
12.211207937,1,1,1,1,1,1,1,1,1,0,1,1,1,1
12.211211063,1,1,1,1,1,1,1,1,1,0,1,0,1,1
12.211211937,1,1,1,1,1,1,1,1,1,0,1,1,1,1
12.211215063,1,1,1,1,1,1,1,1,1,0,1,0,1,1
12.211215938,1,1,1,1,1,1,1,1,1,0,1,1,1,1
12.211219062,1,1,1,1,1,1,1,1,1,0,1,0,1,1
12.211219937,1,1,1,1,1,1,1,1,1,0,1,1,1,1
12.211223063,1,1,1,1,1,1,1,1,1,0,1,0,1,1
12.211223937,1,1,1,1,1,1,1,1,1,0,1,1,1,1
12.211227063,1,1,1,1,1,1,1,1,1,0,1,0,1,1
12.211227938,1,1,1,1,1,1,1,1,1,0,1,1,1,1
12.211231062,1,1,1,1,1,1,1,1,1,0,1,0,1,1
12.211231937,1,1,1,1,1,1,1,1,1,0,1,1,1,1
12.211235312,1,1,1,1,1,1,1,1,1,0,1,0,1,1
12.211236125,1,1,1,1,1,1,1,1,1,0,1,1,1,1
12.211239500,1,1,1,1,1,1,1,1,1,0,1,0,1,1
12.211240312,1,1,1,1,1,1,1,1,1,0,1,1,1,1
12.211243687,1,1,1,1,1,1,1,1,1,0,1,0,1,1
12.211244562,1,1,1,1,1,1,1,1,1,0,1,1,1,1
12.211248062,1,1,1,1,1,1,1,1,1,0,1,0,1,1
12.211248938,1,1,1,1,1,1,1,1,1,0,1,1,1,1
12.211252312,1,1,1,1,1,1,1,1,1,0,1,0,1,1
12.211253125,1,1,1,1,1,1,1,1,1,0,1,1,1,1
12.211256312,1,1,1,1,1,1,1,1,1,0,1,0,1,1
12.211257125,1,1,1,1,1,1,1,1,1,0,1,1,1,1
12.211260313,1,1,1,1,1,1,1,1,1,0,1,0,1,1
12.211261125,1,1,1,1,1,1,1,1,1,0,1,1,1,1
12.211264313,1,1,1,1,1,1,1,1,1,0,1,0,1,1
12.211265125,1,1,1,1,1,1,1,1,1,0,1,1,1,1
12.211268312,1,1,1,1,1,1,1,1,1,0,1,0,1,1
12.211269125,1,1,1,1,1,1,1,1,1,0,1,1,1,1
12.211272313,1,1,1,1,1,1,1,1,1,0,1,0,1,1
12.211273125,1,1,1,1,1,1,1,1,1,0,1,1,1,1
12.211276313,1,1,1,1,1,1,1,1,1,0,1,0,1,1
12.211277125,1,1,1,1,1,1,1,1,1,0,1,1,1,1
12.211280312,1,1,1,1,1,1,1,1,1,0,1,0,1,1
12.211281125,1,1,1,1,1,1,1,1,1,0,1,1,1,1
12.211284313,1,1,1,1,1,1,1,1,1,0,1,0,1,1
12.211285125,1,1,1,1,1,1,1,1,1,0,1,1,1,1
12.211288500,1,1,1,1,1,1,1,1,1,0,1,0,1,1
12.211289312,1,1,1,1,1,1,1,1,1,0,1,1,1,1
12.211292875,1,1,1,1,1,1,1,1,1,0,1,0,1,1
12.211293750,1,1,1,1,1,1,1,1,1,0,1,1,1,1
12.211297062,1,1,1,1,1,1,1,1,1,0,1,0,1,1
12.211297937,1,1,1,1,1,1,1,1,1,0,1,1,1,1
12.211301312,1,1,1,1,1,1,1,1,1,0,1,0,1,1
12.211302125,1,1,1,1,1,1,1,1,1,0,1,1,1,1
12.211305687,1,1,1,1,1,1,1,1,1,0,1,0,1,1
12.211306563,1,1,1,1,1,1,1,1,1,0,1,1,1,1
12.211309875,1,1,1,1,1,1,1,1,1,0,1,0,1,1
12.211310750,1,1,1,1,1,1,1,1,1,0,1,1,1,1
12.211314062,1,1,1,1,1,1,1,1,1,0,1,0,1,1
12.211314937,1,1,1,1,1,1,1,1,1,0,1,1,1,1
12.211318063,1,1,1,1,1,1,1,1,1,0,1,0,1,1
12.211318937,1,1,1,1,1,1,1,1,1,0,1,1,1,1
12.211322063,1,1,1,1,1,1,1,1,1,0,1,0,1,1
12.211322938,1,1,1,1,1,1,1,1,1,0,1,1,1,1
12.211326062,1,1,1,1,1,1,1,1,1,0,1,0,1,1
12.211326938,1,1,1,1,1,1,1,1,1,0,1,1,1,1
12.211330063,1,1,1,1,1,1,1,1,1,0,1,0,1,1
12.211330937,1,1,1,1,1,1,1,1,1,0,1,1,1,1
12.211334063,1,1,1,1,1,1,1,1,1,0,1,0,1,1
12.211334938,1,1,1,1,1,1,1,1,1,0,1,1,1,1
12.211338062,1,1,1,1,1,1,1,1,1,0,1,0,1,1
12.211338938,1,1,1,1,1,1,1,1,1,0,1,1,1,1
12.211342062,1,1,1,1,1,1,1,1,1,0,1,0,1,1
12.211342937,1,1,1,1,1,1,1,1,1,0,1,1,1,1
12.211346063,1,1,1,1,1,1,1,1,1,0,1,0,1,1
12.211346938,1,1,1,1,1,1,1,1,1,0,1,1,1,1
12.211350500,1,1,1,1,1,1,1,1,1,0,1,0,1,1
12.211351312,1,1,1,1,1,1,1,1,1,0,1,1,1,1
12.211354688,1,1,1,1,1,1,1,1,1,0,1,0,1,1
12.211355500,1,1,1,1,1,1,1,1,1,0,1,1,1,1
12.211358875,1,1,1,1,1,1,1,1,1,0,1,0,1,1
12.211359750,1,1,1,1,1,1,1,1,1,0,1,1,1,1
12.211363250,1,1,1,1,1,1,1,1,1,0,1,0,1,1
12.211364125,1,1,1,1,1,1,1,1,1,0,1,1,1,1
12.211367500,1,1,1,1,1,1,1,1,1,0,1,0,1,1
12.211368312,1,1,1,1,1,1,1,1,1,0,1,1,1,1
12.211371687,1,1,1,1,1,1,1,1,1,0,1,0,1,1
12.211372500,1,1,1,1,1,1,1,1,1,0,1,1,1,1
12.211376062,1,1,1,1,1,1,1,1,1,0,1,0,1,1
12.211376938,1,1,1,1,1,1,1,1,1,0,1,1,1,1
12.211380062,1,1,1,1,1,1,1,1,1,0,1,0,1,1
12.211380937,1,1,1,1,1,1,1,1,1,0,1,1,1,1
12.211384063,1,1,1,1,1,1,1,1,1,0,1,0,1,1
12.211384938,1,1,1,1,1,1,1,1,1,0,1,1,1,1
12.211388062,1,1,1,1,1,1,1,1,1,0,1,0,1,1
12.211388938,1,1,1,1,1,1,1,1,1,0,1,1,1,1
12.211392062,1,1,1,1,1,1,1,1,1,0,1,0,1,1
12.211392937,1,1,1,1,1,1,1,1,1,0,1,1,1,1
12.211396063,1,1,1,1,1,1,1,1,1,0,1,0,1,1
12.211396937,1,1,1,1,1,1,1,1,1,0,1,1,1,1
12.211400062,1,1,1,1,1,1,1,1,1,0,1,0,1,1
12.211400938,1,1,1,1,1,1,1,1,1,0,1,1,1,1
12.211421562,1,1,1,1,1,1,1,1,1,0,1,0,1,1
12.211422125,1,1,1,1,1,1,1,1,1,0,1,1,1,1
12.211438562,1,1,1,1,1,1,1,1,1,0,1,0,1,1
12.211439125,1,1,1,1,1,1,1,1,1,0,1,1,1,1
12.211455375,1,1,1,1,1,1,1,1,1,0,1,0,1,1
12.211455938,1,1,1,1,1,1,1,1,1,0,1,1,1,1
12.211472750,1,1,1,1,1,1,1,1,1,0,1,0,1,1
12.211473313,1,1,1,1,1,1,1,1,1,0,1,1,1,1
12.211489750,1,1,1,1,1,1,1,1,1,0,1,0,1,1
12.211490313,1,1,1,1,1,1,1,1,1,0,1,1,1,1
12.211506563,1,1,1,1,1,1,1,1,1,0,1,0,1,1
12.211507125,1,1,1,1,1,1,1,1,1,0,1,1,1,1
12.211523375,1,1,1,1,1,1,1,1,1,0,1,0,1,1
12.211523938,1,1,1,1,1,1,1,1,1,0,1,1,1,1
12.211540188,1,1,1,1,1,1,1,1,1,0,1,0,1,1
12.211540687,1,1,1,1,1,1,1,1,1,0,1,1,1,1
12.211556937,1,1,1,1,1,1,1,1,1,0,1,0,1,1
12.211557500,1,1,1,1,1,1,1,1,1,0,1,1,1,1
12.211574188,1,1,1,1,1,1,1,1,1,0,1,0,1,1
12.211574688,1,1,1,1,1,1,1,1,1,0,1,1,1,1
12.211590938,1,1,1,1,1,1,1,1,1,0,1,0,1,1
12.211591500,1,1,1,1,1,1,1,1,1,0,1,1,1,1
12.211608187,1,1,1,1,1,1,1,1,1,0,1,0,1,1
12.211608688,1,1,1,1,1,1,1,1,1,0,1,1,1,1
12.211625375,1,1,1,1,1,1,1,1,1,0,1,0,1,1
12.211625937,1,1,1,1,1,1,1,1,1,0,1,1,1,1
12.211642125,1,1,1,1,1,1,1,1,1,0,1,0,1,1
12.211642687,1,1,1,1,1,1,1,1,1,0,1,1,1,1
12.211659375,1,1,1,1,1,1,1,1,1,0,1,0,1,1
12.211659938,1,1,1,1,1,1,1,1,1,0,1,1,1,1
12.211676562,1,1,1,1,1,1,1,1,1,0,1,0,1,1
12.211677125,1,1,1,1,1,1,1,1,1,0,1,1,1,1
12.211693563,1,1,1,1,1,1,1,1,1,0,1,0,1,1
12.211694125,1,1,1,1,1,1,1,1,1,0,1,1,1,1
12.211710375,1,1,1,1,1,1,1,1,1,0,1,0,1,1
12.211710875,1,1,1,1,1,1,1,1,1,0,1,1,1,1
12.211727750,1,1,1,1,1,1,1,1,1,0,1,0,1,1
12.211728313,1,1,1,1,1,1,1,1,1,0,1,1,1,1
12.211744750,1,1,1,1,1,1,1,1,1,0,1,0,1,1
12.211745312,1,1,1,1,1,1,1,1,1,0,1,1,1,1
12.211761750,1,1,1,1,1,1,1,1,1,0,1,0,1,1
12.211762312,1,1,1,1,1,1,1,1,1,0,1,1,1,1
12.211778562,1,1,1,1,1,1,1,1,1,0,1,0,1,1
12.211779125,1,1,1,1,1,1,1,1,1,0,1,1,1,1
12.211795312,1,1,1,1,1,1,1,1,1,0,1,0,1,1
12.211795875,1,1,1,1,1,1,1,1,1,0,1,1,1,1
12.211812125,1,1,1,1,1,1,1,1,1,0,1,0,1,1
12.211812688,1,1,1,1,1,1,1,1,1,0,1,1,1,1
12.211828937,1,1,1,1,1,1,1,1,1,0,1,0,1,1
12.211829500,1,1,1,1,1,1,1,1,1,0,1,1,1,1
12.211846125,1,1,1,1,1,1,1,1,1,0,1,0,1,1
12.211846687,1,1,1,1,1,1,1,1,1,0,1,1,1,1
12.211863125,1,1,1,1,1,1,1,1,1,0,1,0,1,1
12.211863687,1,1,1,1,1,1,1,1,1,0,1,1,1,1
12.211879937,1,1,1,1,1,1,1,1,1,0,1,0,1,1
12.211880500,1,1,1,1,1,1,1,1,1,0,1,1,1,1
12.211897312,1,1,1,1,1,1,1,1,1,0,1,0,1,1
12.211897875,1,1,1,1,1,1,1,1,1,0,1,1,1,1
12.211914312,1,1,1,1,1,1,1,1,1,0,1,0,1,1
12.211914875,1,1,1,1,1,1,1,1,1,0,1,1,1,1
12.211931313,1,1,1,1,1,1,1,1,1,0,1,0,1,1
12.211931875,1,1,1,1,1,1,1,1,1,0,1,1,1,1
12.211948125,1,1,1,1,1,1,1,1,1,0,1,0,1,1
12.211948687,1,1,1,1,1,1,1,1,1,0,1,1,1,1
12.211965500,1,1,1,1,1,1,1,1,1,0,1,0,1,1
12.211966063,1,1,1,1,1,1,1,1,1,0,1,1,1,1
12.211982500,1,1,1,1,1,1,1,1,1,0,1,0,1,1
12.211983062,1,1,1,1,1,1,1,1,1,0,1,1,1,1
12.211999750,1,1,1,1,1,1,1,1,1,0,1,0,1,1
12.212000250,1,1,1,1,1,1,1,1,1,0,1,1,1,1
12.212016500,1,1,1,1,1,1,1,1,1,0,1,0,1,1
12.212017062,1,1,1,1,1,1,1,1,1,0,1,1,1,1
12.212033687,1,1,1,1,1,1,1,1,1,0,1,0,1,1
12.212034250,1,1,1,1,1,1,1,1,1,0,1,1,1,1
12.212050938,1,1,1,1,1,1,1,1,1,0,1,0,1,1
12.212051437,1,1,1,1,1,1,1,1,1,0,1,1,1,1
12.212067687,1,1,1,1,1,1,1,1,1,0,1,0,1,1
12.212068250,1,1,1,1,1,1,1,1,1,0,1,1,1,1
12.212084938,1,1,1,1,1,1,1,1,1,0,1,0,1,1
12.212085438,1,1,1,1,1,1,1,1,1,0,1,1,1,1
12.212102125,1,1,1,1,1,1,1,1,1,0,1,0,1,1
12.212102687,1,1,1,1,1,1,1,1,1,0,1,1,1,1
12.212119125,1,1,1,1,1,1,1,1,1,0,1,0,1,1
12.212119687,1,1,1,1,1,1,1,1,1,0,1,1,1,1
12.212135875,1,1,1,1,1,1,1,1,1,0,1,0,1,1
12.212136437,1,1,1,1,1,1,1,1,1,0,1,1,1,1
12.212153312,1,1,1,1,1,1,1,1,1,0,1,0,1,1
12.212153875,1,1,1,1,1,1,1,1,1,0,1,1,1,1
12.212170312,1,1,1,1,1,1,1,1,1,0,1,0,1,1
12.212170875,1,1,1,1,1,1,1,1,1,0,1,1,1,1
12.212187125,1,1,1,1,1,1,1,1,1,0,1,0,1,1
12.212187625,1,1,1,1,1,1,1,1,1,0,1,1,1,1
12.212203875,1,1,1,1,1,1,1,1,1,0,1,0,1,1
12.212204438,1,1,1,1,1,1,1,1,1,0,1,1,1,1
12.212221500,1,1,1,1,1,1,1,1,1,0,1,0,1,1
12.212222063,1,1,1,1,1,1,1,1,1,0,1,1,1,1
12.212238500,1,1,1,1,1,1,1,1,1,0,1,0,1,1
12.212239063,1,1,1,1,1,1,1,1,1,0,1,1,1,1
12.212255312,1,1,1,1,1,1,1,1,1,0,1,0,1,1
12.212255875,1,1,1,1,1,1,1,1,1,0,1,1,1,1
12.212272688,1,1,1,1,1,1,1,1,1,0,1,0,1,1
12.212273250,1,1,1,1,1,1,1,1,1,0,1,1,1,1
12.212289688,1,1,1,1,1,1,1,1,1,0,1,0,1,1
12.212290250,1,1,1,1,1,1,1,1,1,0,1,1,1,1
12.212306875,1,1,1,1,1,1,1,1,1,0,1,0,1,1
12.212307437,1,1,1,1,1,1,1,1,1,0,1,1,1,1
12.212323687,1,1,1,1,1,1,1,1,1,0,1,0,1,1
12.212324250,1,1,1,1,1,1,1,1,1,0,1,1,1,1
12.212340875,1,1,1,1,1,1,1,1,1,0,1,0,1,1
12.212341437,1,1,1,1,1,1,1,1,1,0,1,1,1,1
12.212358062,1,1,1,1,1,1,1,1,1,0,1,0,1,1
12.212358625,1,1,1,1,1,1,1,1,1,0,1,1,1,1
12.212374875,1,1,1,1,1,1,1,1,1,0,1,0,1,1
12.212375438,1,1,1,1,1,1,1,1,1,0,1,1,1,1
12.212392062,1,1,1,1,1,1,1,1,1,0,1,0,1,1
12.212392625,1,1,1,1,1,1,1,1,1,0,1,1,1,1
12.212409250,1,1,1,1,1,1,1,1,1,0,1,0,1,1
12.212409813,1,1,1,1,1,1,1,1,1,0,1,1,1,1
12.212426250,1,1,1,1,1,1,1,1,1,0,1,0,1,1
12.212426813,1,1,1,1,1,1,1,1,1,0,1,1,1,1
12.212443063,1,1,1,1,1,1,1,1,1,0,1,0,1,1
12.212443625,1,1,1,1,1,1,1,1,1,0,1,1,1,1
12.212460500,1,1,1,1,1,1,1,1,1,0,1,0,1,1
12.212461000,1,1,1,1,1,1,1,1,1,0,1,1,1,1
12.212477500,1,1,1,1,1,1,1,1,1,0,1,0,1,1
12.212478000,1,1,1,1,1,1,1,1,1,0,1,1,1,1
12.212494500,1,1,1,1,1,1,1,1,1,0,1,0,1,1
12.212495000,1,1,1,1,1,1,1,1,1,0,1,1,1,1
12.212511250,1,1,1,1,1,1,1,1,1,0,1,0,1,1
12.212511813,1,1,1,1,1,1,1,1,1,0,1,1,1,1
12.212528688,1,1,1,1,1,1,1,1,1,0,1,0,1,1
12.212529250,1,1,1,1,1,1,1,1,1,0,1,1,1,1
12.212545688,1,1,1,1,1,1,1,1,1,0,1,0,1,1
12.212546187,1,1,1,1,1,1,1,1,1,0,1,1,1,1
12.212562438,1,1,1,1,1,1,1,1,1,0,1,0,1,1
12.212563000,1,1,1,1,1,1,1,1,1,0,1,1,1,1
12.212579250,1,1,1,1,1,1,1,1,1,0,1,0,1,1
12.212579812,1,1,1,1,1,1,1,1,1,0,1,1,1,1
12.212596062,1,1,1,1,1,1,1,1,1,0,1,0,1,1
12.212596625,1,1,1,1,1,1,1,1,1,0,1,1,1,1
12.212612875,1,1,1,1,1,1,1,1,1,0,1,0,1,1
12.212613437,1,1,1,1,1,1,1,1,1,0,1,1,1,1
12.212629687,1,1,1,1,1,1,1,1,1,0,1,0,1,1
12.212630188,1,1,1,1,1,1,1,1,1,0,1,1,1,1
12.212646438,1,1,1,1,1,1,1,1,1,0,1,0,1,1
12.212647000,1,1,1,1,1,1,1,1,1,0,1,1,1,1
12.212663250,1,1,1,1,1,1,1,1,1,0,1,0,1,1
12.212663813,1,1,1,1,1,1,1,1,1,0,1,1,1,1
12.212680063,1,1,1,1,1,1,1,1,1,0,1,0,1,1
12.212680625,1,1,1,1,1,1,1,1,1,0,1,1,1,1
12.212696875,1,1,1,1,1,1,1,1,1,0,1,0,1,1
12.212697375,1,1,1,1,1,1,1,1,1,0,1,1,1,1
12.212714250,1,1,1,1,1,1,1,1,1,0,1,0,1,1
12.212714812,1,1,1,1,1,1,1,1,1,0,1,1,1,1
12.212731250,1,1,1,1,1,1,1,1,1,0,1,0,1,1
12.212731812,1,1,1,1,1,1,1,1,1,0,1,1,1,1
12.212748062,1,1,1,1,1,1,1,1,1,0,1,0,1,1
12.212748625,1,1,1,1,1,1,1,1,1,0,1,1,1,1
12.212764812,1,1,1,1,1,1,1,1,1,0,1,0,1,1
12.212765375,1,1,1,1,1,1,1,1,1,0,1,1,1,1
12.212781625,1,1,1,1,1,1,1,1,1,0,1,0,1,1
12.212782188,1,1,1,1,1,1,1,1,1,0,1,1,1,1
12.212798438,1,1,1,1,1,1,1,1,1,0,1,0,1,1
12.212799000,1,1,1,1,1,1,1,1,1,0,1,1,1,1
12.212815250,1,1,1,1,1,1,1,1,1,0,1,0,1,1
12.212815813,1,1,1,1,1,1,1,1,1,0,1,1,1,1
12.212832063,1,1,1,1,1,1,1,1,1,0,1,0,1,1
12.212832562,1,1,1,1,1,1,1,1,1,0,1,1,1,1
12.212848813,1,1,1,1,1,1,1,1,1,0,1,0,1,1
12.212849375,1,1,1,1,1,1,1,1,1,0,1,1,1,1
12.212865625,1,1,1,1,1,1,1,1,1,0,1,0,1,1
12.212866187,1,1,1,1,1,1,1,1,1,0,1,1,1,1
12.212882437,1,1,1,1,1,1,1,1,1,0,1,0,1,1
12.212883000,1,1,1,1,1,1,1,1,1,0,1,1,1,1
12.212899812,1,1,1,1,1,1,1,1,1,0,1,0,1,1
12.212900375,1,1,1,1,1,1,1,1,1,0,1,1,1,1
12.212916812,1,1,1,1,1,1,1,1,1,0,1,0,1,1
12.212917375,1,1,1,1,1,1,1,1,1,0,1,1,1,1
12.212933625,1,1,1,1,1,1,1,1,1,0,1,0,1,1
12.212934188,1,1,1,1,1,1,1,1,1,0,1,1,1,1
12.212950437,1,1,1,1,1,1,1,1,1,0,1,0,1,1
12.212951000,1,1,1,1,1,1,1,1,1,0,1,1,1,1
12.212967250,1,1,1,1,1,1,1,1,1,0,1,0,1,1
12.212967750,1,1,1,1,1,1,1,1,1,0,1,1,1,1
12.212984000,1,1,1,1,1,1,1,1,1,0,1,0,1,1
12.212984563,1,1,1,1,1,1,1,1,1,0,1,1,1,1
12.213000813,1,1,1,1,1,1,1,1,1,0,1,0,1,1
12.213001375,1,1,1,1,1,1,1,1,1,0,1,1,1,1
12.213017625,1,1,1,1,1,1,1,1,1,0,1,0,1,1
12.213018187,1,1,1,1,1,1,1,1,1,0,1,1,1,1
12.213034437,1,1,1,1,1,1,1,1,1,0,1,0,1,1
12.213035000,1,1,1,1,1,1,1,1,1,0,1,1,1,1
12.213051187,1,1,1,1,1,1,1,1,1,0,1,0,1,1
12.213051750,1,1,1,1,1,1,1,1,1,0,1,1,1,1
12.213068000,1,1,1,1,1,1,1,1,1,0,1,0,1,1
12.213068563,1,1,1,1,1,1,1,1,1,0,1,1,1,1
12.213085438,1,1,1,1,1,1,1,1,1,0,1,0,1,1
12.213085938,1,1,1,1,1,1,1,1,1,0,1,1,1,1
12.213102437,1,1,1,1,1,1,1,1,1,0,1,0,1,1
12.213102938,1,1,1,1,1,1,1,1,1,0,1,1,1,1
12.213119188,1,1,1,1,1,1,1,1,1,0,1,0,1,1
12.213119750,1,1,1,1,1,1,1,1,1,0,1,1,1,1
12.213136000,1,1,1,1,1,1,1,1,1,0,1,0,1,1
12.213136563,1,1,1,1,1,1,1,1,1,0,1,1,1,1
12.213152813,1,1,1,1,1,1,1,1,1,0,1,0,1,1
12.213153375,1,1,1,1,1,1,1,1,1,0,1,1,1,1
12.213169625,1,1,1,1,1,1,1,1,1,0,1,0,1,1
12.213170125,1,1,1,1,1,1,1,1,1,0,1,1,1,1
12.213186375,1,1,1,1,1,1,1,1,1,0,1,0,1,1
12.213186937,1,1,1,1,1,1,1,1,1,0,1,1,1,1
12.213203187,1,1,1,1,1,1,1,1,1,0,1,0,1,1
12.213203750,1,1,1,1,1,1,1,1,1,0,1,1,1,1
12.213220000,1,1,1,1,1,1,1,1,1,0,1,0,1,1
12.213220563,1,1,1,1,1,1,1,1,1,0,1,1,1,1
12.213236812,1,1,1,1,1,1,1,1,1,0,1,0,1,1
12.213237375,1,1,1,1,1,1,1,1,1,0,1,1,1,1
12.213253625,1,1,1,1,1,1,1,1,1,0,1,0,1,1
12.213254125,1,1,1,1,1,1,1,1,1,0,1,1,1,1
12.213271000,1,1,1,1,1,1,1,1,1,0,1,0,1,1
12.213271562,1,1,1,1,1,1,1,1,1,0,1,1,1,1
12.213288000,1,1,1,1,1,1,1,1,1,0,1,0,1,1
12.213288563,1,1,1,1,1,1,1,1,1,0,1,1,1,1
12.213304813,1,1,1,1,1,1,1,1,1,0,1,0,1,1
12.213305375,1,1,1,1,1,1,1,1,1,0,1,1,1,1
12.213321562,1,1,1,1,1,1,1,1,1,0,1,0,1,1
12.213322125,1,1,1,1,1,1,1,1,1,0,1,1,1,1
12.213338375,1,1,1,1,1,1,1,1,1,0,1,0,1,1
12.213338937,1,1,1,1,1,1,1,1,1,0,1,1,1,1
12.213355187,1,1,1,1,1,1,1,1,1,0,1,0,1,1
12.213355750,1,1,1,1,1,1,1,1,1,0,1,1,1,1
12.213372000,1,1,1,1,1,1,1,1,1,0,1,0,1,1
12.213372563,1,1,1,1,1,1,1,1,1,0,1,1,1,1
12.213388750,1,1,1,1,1,1,1,1,1,0,1,0,1,1
12.213389313,1,1,1,1,1,1,1,1,1,0,1,1,1,1
12.213405563,1,1,1,1,1,1,1,1,1,0,1,0,1,1
12.213406125,1,1,1,1,1,1,1,1,1,0,1,1,1,1
12.213422375,1,1,1,1,1,1,1,1,1,0,1,0,1,1
12.213422938,1,1,1,1,1,1,1,1,1,0,1,1,1,1
12.213439188,1,1,1,1,1,1,1,1,1,0,1,0,1,1
12.213439750,1,1,1,1,1,1,1,1,1,0,1,1,1,1
12.213456562,1,1,1,1,1,1,1,1,1,0,1,0,1,1
12.213457125,1,1,1,1,1,1,1,1,1,0,1,1,1,1
12.213473563,1,1,1,1,1,1,1,1,1,0,1,0,1,1
12.213474125,1,1,1,1,1,1,1,1,1,0,1,1,1,1
12.213490375,1,1,1,1,1,1,1,1,1,0,1,0,1,1
12.213490937,1,1,1,1,1,1,1,1,1,0,1,1,1,1
12.213507187,1,1,1,1,1,1,1,1,1,0,1,0,1,1
12.213507750,1,1,1,1,1,1,1,1,1,0,1,1,1,1
12.213523937,1,1,1,1,1,1,1,1,1,0,1,0,1,1
12.213524500,1,1,1,1,1,1,1,1,1,0,1,1,1,1
12.213540750,1,1,1,1,1,1,1,1,1,0,1,0,1,1
12.213541313,1,1,1,1,1,1,1,1,1,0,1,1,1,1
12.213557563,1,1,1,1,1,1,1,1,1,0,1,0,1,1
12.213558125,1,1,1,1,1,1,1,1,1,0,1,1,1,1
12.213574375,1,1,1,1,1,1,1,1,1,0,1,0,1,1
12.213574938,1,1,1,1,1,1,1,1,1,0,1,1,1,1
12.213591188,1,1,1,1,1,1,1,1,1,0,1,0,1,1
12.213591687,1,1,1,1,1,1,1,1,1,0,1,1,1,1
12.213607938,1,1,1,1,1,1,1,1,1,0,1,0,1,1
12.213608500,1,1,1,1,1,1,1,1,1,0,1,1,1,1
12.213624750,1,1,1,1,1,1,1,1,1,0,1,0,1,1
12.213625312,1,1,1,1,1,1,1,1,1,0,1,1,1,1
12.213642187,1,1,1,1,1,1,1,1,1,0,1,0,1,1
12.213642688,1,1,1,1,1,1,1,1,1,0,1,1,1,1
12.213659125,1,1,1,1,1,1,1,1,1,0,1,0,1,1
12.213659687,1,1,1,1,1,1,1,1,1,0,1,1,1,1
12.213675937,1,1,1,1,1,1,1,1,1,0,1,0,1,1
12.213676500,1,1,1,1,1,1,1,1,1,0,1,1,1,1
12.213692750,1,1,1,1,1,1,1,1,1,0,1,0,1,1
12.213693313,1,1,1,1,1,1,1,1,1,0,1,1,1,1
12.213709563,1,1,1,1,1,1,1,1,1,0,1,0,1,1
12.213710125,1,1,1,1,1,1,1,1,1,0,1,1,1,1
12.213726375,1,1,1,1,1,1,1,1,1,0,1,0,1,1
12.213726875,1,1,1,1,1,1,1,1,1,0,1,1,1,1
12.213743125,1,1,1,1,1,1,1,1,1,0,1,0,1,1
12.213743687,1,1,1,1,1,1,1,1,1,0,1,1,1,1
12.213759938,1,1,1,1,1,1,1,1,1,0,1,0,1,1
12.213760500,1,1,1,1,1,1,1,1,1,0,1,1,1,1
12.213776750,1,1,1,1,1,1,1,1,1,0,1,0,1,1
12.213777312,1,1,1,1,1,1,1,1,1,0,1,1,1,1
12.213793562,1,1,1,1,1,1,1,1,1,0,1,0,1,1
12.213794125,1,1,1,1,1,1,1,1,1,0,1,1,1,1
12.213810312,1,1,1,1,1,1,1,1,1,0,1,0,1,1
12.213810875,1,1,1,1,1,1,1,1,1,0,1,1,1,1
12.213827750,1,1,1,1,1,1,1,1,1,0,1,0,1,1
12.213828313,1,1,1,1,1,1,1,1,1,0,1,1,1,1
12.213844750,1,1,1,1,1,1,1,1,1,0,1,0,1,1
12.213845313,1,1,1,1,1,1,1,1,1,0,1,1,1,1
12.213861562,1,1,1,1,1,1,1,1,1,0,1,0,1,1
12.213862063,1,1,1,1,1,1,1,1,1,0,1,1,1,1
12.213878313,1,1,1,1,1,1,1,1,1,0,1,0,1,1
12.213878875,1,1,1,1,1,1,1,1,1,0,1,1,1,1
12.213895125,1,1,1,1,1,1,1,1,1,0,1,0,1,1
12.213895688,1,1,1,1,1,1,1,1,1,0,1,1,1,1
12.213911938,1,1,1,1,1,1,1,1,1,0,1,0,1,1
12.213912500,1,1,1,1,1,1,1,1,1,0,1,1,1,1
12.213928750,1,1,1,1,1,1,1,1,1,0,1,0,1,1
12.213929313,1,1,1,1,1,1,1,1,1,0,1,1,1,1
12.213945500,1,1,1,1,1,1,1,1,1,0,1,0,1,1
12.213946062,1,1,1,1,1,1,1,1,1,0,1,1,1,1
12.213962312,1,1,1,1,1,1,1,1,1,0,1,0,1,1
12.213962875,1,1,1,1,1,1,1,1,1,0,1,1,1,1
12.213979125,1,1,1,1,1,1,1,1,1,0,1,0,1,1
12.213979687,1,1,1,1,1,1,1,1,1,0,1,1,1,1
12.213995938,1,1,1,1,1,1,1,1,1,0,1,0,1,1
12.213996500,1,1,1,1,1,1,1,1,1,0,1,1,1,1
12.214013313,1,1,1,1,1,1,1,1,1,0,1,0,1,1
12.214013875,1,1,1,1,1,1,1,1,1,0,1,1,1,1
12.214030313,1,1,1,1,1,1,1,1,1,0,1,0,1,1
12.214030875,1,1,1,1,1,1,1,1,1,0,1,1,1,1
12.214047125,1,1,1,1,1,1,1,1,1,0,1,0,1,1
12.214047688,1,1,1,1,1,1,1,1,1,0,1,1,1,1
12.214063938,1,1,1,1,1,1,1,1,1,0,1,0,1,1
12.214064437,1,1,1,1,1,1,1,1,1,0,1,1,1,1
12.214080687,1,1,1,1,1,1,1,1,1,0,1,0,1,1
12.214081250,1,1,1,1,1,1,1,1,1,0,1,1,1,1
12.214097500,1,1,1,1,1,1,1,1,1,0,1,0,1,1
12.214098062,1,1,1,1,1,1,1,1,1,0,1,1,1,1
12.214114312,1,1,1,1,1,1,1,1,1,0,1,0,1,1
12.214114875,1,1,1,1,1,1,1,1,1,0,1,1,1,1
12.214131125,1,1,1,1,1,1,1,1,1,0,1,0,1,1
12.214131688,1,1,1,1,1,1,1,1,1,0,1,1,1,1
12.214147875,1,1,1,1,1,1,1,1,1,0,1,0,1,1
12.214148438,1,1,1,1,1,1,1,1,1,0,1,1,1,1
12.214164688,1,1,1,1,1,1,1,1,1,0,1,0,1,1
12.214165250,1,1,1,1,1,1,1,1,1,0,1,1,1,1
12.214181500,1,1,1,1,1,1,1,1,1,0,1,0,1,1
12.214182063,1,1,1,1,1,1,1,1,1,0,1,1,1,1
12.214198875,1,1,1,1,1,1,1,1,1,0,1,0,1,1
12.214199437,1,1,1,1,1,1,1,1,1,0,1,1,1,1
12.214215875,1,1,1,1,1,1,1,1,1,0,1,0,1,1
12.214216437,1,1,1,1,1,1,1,1,1,0,1,1,1,1
12.214232687,1,1,1,1,1,1,1,1,1,0,1,0,1,1
12.214233250,1,1,1,1,1,1,1,1,1,0,1,1,1,1
12.214249500,1,1,1,1,1,1,1,1,1,0,1,0,1,1
12.214250062,1,1,1,1,1,1,1,1,1,0,1,1,1,1
12.214266312,1,1,1,1,1,1,1,1,1,0,1,0,1,1
12.214266875,1,1,1,1,1,1,1,1,1,0,1,1,1,1
12.214283062,1,1,1,1,1,1,1,1,1,0,1,0,1,1
12.214283625,1,1,1,1,1,1,1,1,1,0,1,1,1,1
12.214299875,1,1,1,1,1,1,1,1,1,0,1,0,1,1
12.214300438,1,1,1,1,1,1,1,1,1,0,1,1,1,1
12.214316688,1,1,1,1,1,1,1,1,1,0,1,0,1,1
12.214317250,1,1,1,1,1,1,1,1,1,0,1,1,1,1
12.214333500,1,1,1,1,1,1,1,1,1,0,1,0,1,1
12.214334063,1,1,1,1,1,1,1,1,1,0,1,1,1,1
12.214350313,1,1,1,1,1,1,1,1,1,0,1,0,1,1
12.214350812,1,1,1,1,1,1,1,1,1,0,1,1,1,1
12.214367062,1,1,1,1,1,1,1,1,1,0,1,0,1,1
12.214367625,1,1,1,1,1,1,1,1,1,0,1,1,1,1
12.214384500,1,1,1,1,1,1,1,1,1,0,1,0,1,1
12.214385062,1,1,1,1,1,1,1,1,1,0,1,1,1,1
12.214401500,1,1,1,1,1,1,1,1,1,0,1,0,1,1
12.214402062,1,1,1,1,1,1,1,1,1,0,1,1,1,1
12.214418250,1,1,1,1,1,1,1,1,1,0,1,0,1,1
12.214418812,1,1,1,1,1,1,1,1,1,0,1,1,1,1
12.214435062,1,1,1,1,1,1,1,1,1,0,1,0,1,1
12.214435625,1,1,1,1,1,1,1,1,1,0,1,1,1,1
12.214451875,1,1,1,1,1,1,1,1,1,0,1,0,1,1
12.214452438,1,1,1,1,1,1,1,1,1,0,1,1,1,1
12.214468688,1,1,1,1,1,1,1,1,1,0,1,0,1,1
12.214469250,1,1,1,1,1,1,1,1,1,0,1,1,1,1
12.214485500,1,1,1,1,1,1,1,1,1,0,1,0,1,1
12.214486000,1,1,1,1,1,1,1,1,1,0,1,1,1,1
12.214502250,1,1,1,1,1,1,1,1,1,0,1,0,1,1
12.214502812,1,1,1,1,1,1,1,1,1,0,1,1,1,1
12.214519063,1,1,1,1,1,1,1,1,1,0,1,0,1,1
12.214519625,1,1,1,1,1,1,1,1,1,0,1,1,1,1
12.214535875,1,1,1,1,1,1,1,1,1,0,1,0,1,1
12.214536437,1,1,1,1,1,1,1,1,1,0,1,1,1,1
12.214552687,1,1,1,1,1,1,1,1,1,0,1,0,1,1
12.214553250,1,1,1,1,1,1,1,1,1,0,1,1,1,1
12.214570062,1,1,1,1,1,1,1,1,1,0,1,0,1,1
12.214570625,1,1,1,1,1,1,1,1,1,0,1,1,1,1
12.214587062,1,1,1,1,1,1,1,1,1,0,1,0,1,1
12.214587625,1,1,1,1,1,1,1,1,1,0,1,1,1,1
12.214603875,1,1,1,1,1,1,1,1,1,0,1,0,1,1
12.214604438,1,1,1,1,1,1,1,1,1,0,1,1,1,1
12.214620688,1,1,1,1,1,1,1,1,1,0,1,0,1,1
12.214621188,1,1,1,1,1,1,1,1,1,0,1,1,1,1
12.214637438,1,1,1,1,1,1,1,1,1,0,1,0,1,1
12.214638000,1,1,1,1,1,1,1,1,1,0,1,1,1,1
12.214654250,1,1,1,1,1,1,1,1,1,0,1,0,1,1
12.214654812,1,1,1,1,1,1,1,1,1,0,1,1,1,1
12.214671063,1,1,1,1,1,1,1,1,1,0,1,0,1,1
12.214671625,1,1,1,1,1,1,1,1,1,0,1,1,1,1
12.214687875,1,1,1,1,1,1,1,1,1,0,1,0,1,1
12.214688437,1,1,1,1,1,1,1,1,1,0,1,1,1,1
12.214704625,1,1,1,1,1,1,1,1,1,0,1,0,1,1
12.214705187,1,1,1,1,1,1,1,1,1,0,1,1,1,1
12.214721437,1,1,1,1,1,1,1,1,1,0,1,0,1,1
12.214722000,1,1,1,1,1,1,1,1,1,0,1,1,1,1
12.214738250,1,1,1,1,1,1,1,1,1,0,1,0,1,1
12.214738813,1,1,1,1,1,1,1,1,1,0,1,1,1,1
12.214755625,1,1,1,1,1,1,1,1,1,0,1,0,1,1
12.214756188,1,1,1,1,1,1,1,1,1,0,1,1,1,1
12.214772625,1,1,1,1,1,1,1,1,1,0,1,0,1,1
12.214773188,1,1,1,1,1,1,1,1,1,0,1,1,1,1
12.214789438,1,1,1,1,1,1,1,1,1,0,1,0,1,1
12.214790000,1,1,1,1,1,1,1,1,1,0,1,1,1,1
12.214806250,1,1,1,1,1,1,1,1,1,0,1,0,1,1
12.214806813,1,1,1,1,1,1,1,1,1,0,1,1,1,1
12.214823063,1,1,1,1,1,1,1,1,1,0,1,0,1,1
12.214823562,1,1,1,1,1,1,1,1,1,0,1,1,1,1
12.214839812,1,1,1,1,1,1,1,1,1,0,1,0,1,1
12.214840375,1,1,1,1,1,1,1,1,1,0,1,1,1,1
12.214856625,1,1,1,1,1,1,1,1,1,0,1,0,1,1
12.214857187,1,1,1,1,1,1,1,1,1,0,1,1,1,1
12.214873437,1,1,1,1,1,1,1,1,1,0,1,0,1,1
12.214874000,1,1,1,1,1,1,1,1,1,0,1,1,1,1
12.214890250,1,1,1,1,1,1,1,1,1,0,1,0,1,1
12.214890813,1,1,1,1,1,1,1,1,1,0,1,1,1,1
12.214907000,1,1,1,1,1,1,1,1,1,0,1,0,1,1
12.214907563,1,1,1,1,1,1,1,1,1,0,1,1,1,1
12.214923813,1,1,1,1,1,1,1,1,1,0,1,0,1,1
12.214924375,1,1,1,1,1,1,1,1,1,0,1,1,1,1
12.214941250,1,1,1,1,1,1,1,1,1,0,1,0,1,1
12.214941750,1,1,1,1,1,1,1,1,1,0,1,1,1,1
12.214958250,1,1,1,1,1,1,1,1,1,0,1,0,1,1
12.214958750,1,1,1,1,1,1,1,1,1,0,1,1,1,1
12.214975000,1,1,1,1,1,1,1,1,1,0,1,0,1,1
12.214975562,1,1,1,1,1,1,1,1,1,0,1,1,1,1
12.214991812,1,1,1,1,1,1,1,1,1,0,1,0,1,1
12.214992375,1,1,1,1,1,1,1,1,1,0,1,1,1,1
12.215008625,1,1,1,1,1,1,1,1,1,0,1,0,1,1
12.215009187,1,1,1,1,1,1,1,1,1,0,1,1,1,1
12.215025437,1,1,1,1,1,1,1,1,1,0,1,0,1,1
12.215026000,1,1,1,1,1,1,1,1,1,0,1,1,1,1
12.215042187,1,1,1,1,1,1,1,1,1,0,1,0,1,1
12.215042750,1,1,1,1,1,1,1,1,1,0,1,1,1,1
12.215059000,1,1,1,1,1,1,1,1,1,0,1,0,1,1
12.215059563,1,1,1,1,1,1,1,1,1,0,1,1,1,1
12.215075813,1,1,1,1,1,1,1,1,1,0,1,0,1,1
12.215076375,1,1,1,1,1,1,1,1,1,0,1,1,1,1
12.215092625,1,1,1,1,1,1,1,1,1,0,1,0,1,1
12.215093188,1,1,1,1,1,1,1,1,1,0,1,1,1,1
12.215109438,1,1,1,1,1,1,1,1,1,0,1,0,1,1
12.215109937,1,1,1,1,1,1,1,1,1,0,1,1,1,1
12.215126812,1,1,1,1,1,1,1,1,1,0,1,0,1,1
12.215127375,1,1,1,1,1,1,1,1,1,0,1,1,1,1
12.215143812,1,1,1,1,1,1,1,1,1,0,1,0,1,1
12.215144375,1,1,1,1,1,1,1,1,1,0,1,1,1,1
12.215160625,1,1,1,1,1,1,1,1,1,0,1,0,1,1
12.215161187,1,1,1,1,1,1,1,1,1,0,1,1,1,1
12.215177375,1,1,1,1,1,1,1,1,1,0,1,0,1,1
12.215177938,1,1,1,1,1,1,1,1,1,0,1,1,1,1
12.215194187,1,1,1,1,1,1,1,1,1,0,1,0,1,1
12.215194750,1,1,1,1,1,1,1,1,1,0,1,1,1,1
12.215211000,1,1,1,1,1,1,1,1,1,0,1,0,1,1
12.215211563,1,1,1,1,1,1,1,1,1,0,1,1,1,1
12.215227813,1,1,1,1,1,1,1,1,1,0,1,0,1,1
12.215228375,1,1,1,1,1,1,1,1,1,0,1,1,1,1
12.215244625,1,1,1,1,1,1,1,1,1,0,1,0,1,1
12.215245125,1,1,1,1,1,1,1,1,1,0,1,1,1,1
12.215261375,1,1,1,1,1,1,1,1,1,0,1,0,1,1
12.215261937,1,1,1,1,1,1,1,1,1,0,1,1,1,1
12.215278188,1,1,1,1,1,1,1,1,1,0,1,0,1,1
12.215278750,1,1,1,1,1,1,1,1,1,0,1,1,1,1
12.215295000,1,1,1,1,1,1,1,1,1,0,1,0,1,1
12.215295562,1,1,1,1,1,1,1,1,1,0,1,1,1,1
12.215312375,1,1,1,1,1,1,1,1,1,0,1,0,1,1
12.215312938,1,1,1,1,1,1,1,1,1,0,1,1,1,1
12.215329375,1,1,1,1,1,1,1,1,1,0,1,0,1,1
12.215329937,1,1,1,1,1,1,1,1,1,0,1,1,1,1
12.215346187,1,1,1,1,1,1,1,1,1,0,1,0,1,1
12.215346750,1,1,1,1,1,1,1,1,1,0,1,1,1,1
12.215363000,1,1,1,1,1,1,1,1,1,0,1,0,1,1
12.215363563,1,1,1,1,1,1,1,1,1,0,1,1,1,1
12.215379813,1,1,1,1,1,1,1,1,1,0,1,0,1,1
12.215380313,1,1,1,1,1,1,1,1,1,0,1,1,1,1
12.215396563,1,1,1,1,1,1,1,1,1,0,1,0,1,1
12.215397125,1,1,1,1,1,1,1,1,1,0,1,1,1,1
12.215413375,1,1,1,1,1,1,1,1,1,0,1,0,1,1
12.215413937,1,1,1,1,1,1,1,1,1,0,1,1,1,1
12.215430188,1,1,1,1,1,1,1,1,1,0,1,0,1,1
12.215430750,1,1,1,1,1,1,1,1,1,0,1,1,1,1
12.215447000,1,1,1,1,1,1,1,1,1,0,1,0,1,1
12.215447500,1,1,1,1,1,1,1,1,1,0,1,1,1,1
12.215463750,1,1,1,1,1,1,1,1,1,0,1,0,1,1
12.215464312,1,1,1,1,1,1,1,1,1,0,1,1,1,1
12.215480562,1,1,1,1,1,1,1,1,1,0,1,0,1,1
12.215481125,1,1,1,1,1,1,1,1,1,0,1,1,1,1
12.215498000,1,1,1,1,1,1,1,1,1,0,1,0,1,1
12.215498500,1,1,1,1,1,1,1,1,1,0,1,1,1,1
12.215515000,1,1,1,1,1,1,1,1,1,0,1,0,1,1
12.215515500,1,1,1,1,1,1,1,1,1,0,1,1,1,1
12.215531750,1,1,1,1,1,1,1,1,1,0,1,0,1,1
12.215532313,1,1,1,1,1,1,1,1,1,0,1,1,1,1
12.215548563,1,1,1,1,1,1,1,1,1,0,1,0,1,1
12.215549125,1,1,1,1,1,1,1,1,1,0,1,1,1,1
12.215565375,1,1,1,1,1,1,1,1,1,0,1,0,1,1
12.215565937,1,1,1,1,1,1,1,1,1,0,1,1,1,1
12.215582188,1,1,1,1,1,1,1,1,1,0,1,0,1,1
12.215582750,1,1,1,1,1,1,1,1,1,0,1,1,1,1
12.215598937,1,1,1,1,1,1,1,1,1,0,1,0,1,1
12.215599500,1,1,1,1,1,1,1,1,1,0,1,1,1,1
12.215615750,1,1,1,1,1,1,1,1,1,0,1,0,1,1
12.215616312,1,1,1,1,1,1,1,1,1,0,1,1,1,1
12.215632562,1,1,1,1,1,1,1,1,1,0,1,0,1,1
12.215633125,1,1,1,1,1,1,1,1,1,0,1,1,1,1
12.215649375,1,1,1,1,1,1,1,1,1,0,1,0,1,1
12.215649938,1,1,1,1,1,1,1,1,1,0,1,1,1,1
12.215666125,1,1,1,1,1,1,1,1,1,0,1,0,1,1
12.215666688,1,1,1,1,1,1,1,1,1,0,1,1,1,1
12.215683563,1,1,1,1,1,1,1,1,1,0,1,0,1,1
12.215684125,1,1,1,1,1,1,1,1,1,0,1,1,1,1
12.215700563,1,1,1,1,1,1,1,1,1,0,1,0,1,1
12.215701063,1,1,1,1,1,1,1,1,1,0,1,1,1,1
12.215717375,1,1,1,1,1,1,1,1,1,0,1,0,1,1
12.215717875,1,1,1,1,1,1,1,1,1,0,1,1,1,1
12.215734125,1,1,1,1,1,1,1,1,1,0,1,0,1,1
12.215734687,1,1,1,1,1,1,1,1,1,0,1,1,1,1
12.215750937,1,1,1,1,1,1,1,1,1,0,1,0,1,1
12.215751500,1,1,1,1,1,1,1,1,1,0,1,1,1,1
12.215767750,1,1,1,1,1,1,1,1,1,0,1,0,1,1
12.215768312,1,1,1,1,1,1,1,1,1,0,1,1,1,1
12.215784562,1,1,1,1,1,1,1,1,1,0,1,0,1,1
12.215785125,1,1,1,1,1,1,1,1,1,0,1,1,1,1
12.215801313,1,1,1,1,1,1,1,1,1,0,1,0,1,1
12.215801875,1,1,1,1,1,1,1,1,1,0,1,1,1,1
12.215818125,1,1,1,1,1,1,1,1,1,0,1,0,1,1
12.215818688,1,1,1,1,1,1,1,1,1,0,1,1,1,1
12.215834938,1,1,1,1,1,1,1,1,1,0,1,0,1,1
12.215835500,1,1,1,1,1,1,1,1,1,0,1,1,1,1
12.215851750,1,1,1,1,1,1,1,1,1,0,1,0,1,1
12.215852312,1,1,1,1,1,1,1,1,1,0,1,1,1,1
12.215869125,1,1,1,1,1,1,1,1,1,0,1,0,1,1
12.215869687,1,1,1,1,1,1,1,1,1,0,1,1,1,1
12.215886125,1,1,1,1,1,1,1,1,1,0,1,0,1,1
12.215886687,1,1,1,1,1,1,1,1,1,0,1,1,1,1
12.215902937,1,1,1,1,1,1,1,1,1,0,1,0,1,1
12.215903500,1,1,1,1,1,1,1,1,1,0,1,1,1,1
12.215919750,1,1,1,1,1,1,1,1,1,0,1,0,1,1
12.215920312,1,1,1,1,1,1,1,1,1,0,1,1,1,1
12.215936500,1,1,1,1,1,1,1,1,1,0,1,0,1,1
12.215937063,1,1,1,1,1,1,1,1,1,0,1,1,1,1
12.215953312,1,1,1,1,1,1,1,1,1,0,1,0,1,1
12.215953875,1,1,1,1,1,1,1,1,1,0,1,1,1,1
12.215970125,1,1,1,1,1,1,1,1,1,0,1,0,1,1
12.215970688,1,1,1,1,1,1,1,1,1,0,1,1,1,1
12.215986938,1,1,1,1,1,1,1,1,1,0,1,0,1,1
12.215987500,1,1,1,1,1,1,1,1,1,0,1,1,1,1
12.216003750,1,1,1,1,1,1,1,1,1,0,1,0,1,1
12.216004250,1,1,1,1,1,1,1,1,1,0,1,1,1,1
12.216020500,1,1,1,1,1,1,1,1,1,0,1,0,1,1
12.216021062,1,1,1,1,1,1,1,1,1,0,1,1,1,1
12.216037312,1,1,1,1,1,1,1,1,1,0,1,0,1,1
12.216037875,1,1,1,1,1,1,1,1,1,0,1,1,1,1
12.216054687,1,1,1,1,1,1,1,1,1,0,1,0,1,1
12.216055250,1,1,1,1,1,1,1,1,1,0,1,1,1,1
12.216071687,1,1,1,1,1,1,1,1,1,0,1,0,1,1
12.216072250,1,1,1,1,1,1,1,1,1,0,1,1,1,1
12.216088500,1,1,1,1,1,1,1,1,1,0,1,0,1,1
12.216089063,1,1,1,1,1,1,1,1,1,0,1,1,1,1
12.216105312,1,1,1,1,1,1,1,1,1,0,1,0,1,1
12.216105875,1,1,1,1,1,1,1,1,1,0,1,1,1,1
12.216122125,1,1,1,1,1,1,1,1,1,0,1,0,1,1
12.216122688,1,1,1,1,1,1,1,1,1,0,1,1,1,1
12.216138938,1,1,1,1,1,1,1,1,1,0,1,0,1,1
12.216139438,1,1,1,1,1,1,1,1,1,0,1,1,1,1
12.216155688,1,1,1,1,1,1,1,1,1,0,1,0,1,1
12.216156250,1,1,1,1,1,1,1,1,1,0,1,1,1,1
12.216172500,1,1,1,1,1,1,1,1,1,0,1,0,1,1
12.216173062,1,1,1,1,1,1,1,1,1,0,1,1,1,1
12.216189312,1,1,1,1,1,1,1,1,1,0,1,0,1,1
12.216189875,1,1,1,1,1,1,1,1,1,0,1,1,1,1
12.216206125,1,1,1,1,1,1,1,1,1,0,1,0,1,1
12.216206625,1,1,1,1,1,1,1,1,1,0,1,1,1,1
12.216222875,1,1,1,1,1,1,1,1,1,0,1,0,1,1
12.216223438,1,1,1,1,1,1,1,1,1,0,1,1,1,1
12.216240313,1,1,1,1,1,1,1,1,1,0,1,0,1,1
12.216240875,1,1,1,1,1,1,1,1,1,0,1,1,1,1
12.216257312,1,1,1,1,1,1,1,1,1,0,1,0,1,1
12.216257875,1,1,1,1,1,1,1,1,1,0,1,1,1,1
12.216274125,1,1,1,1,1,1,1,1,1,0,1,0,1,1
12.216274625,1,1,1,1,1,1,1,1,1,0,1,1,1,1
12.216290875,1,1,1,1,1,1,1,1,1,0,1,0,1,1
12.216291438,1,1,1,1,1,1,1,1,1,0,1,1,1,1
12.216307688,1,1,1,1,1,1,1,1,1,0,1,0,1,1
12.216308250,1,1,1,1,1,1,1,1,1,0,1,1,1,1
12.216324500,1,1,1,1,1,1,1,1,1,0,1,0,1,1
12.216325062,1,1,1,1,1,1,1,1,1,0,1,1,1,1
12.216341313,1,1,1,1,1,1,1,1,1,0,1,0,1,1
12.216341812,1,1,1,1,1,1,1,1,1,0,1,1,1,1
12.216358062,1,1,1,1,1,1,1,1,1,0,1,0,1,1
12.216358625,1,1,1,1,1,1,1,1,1,0,1,1,1,1
12.216374875,1,1,1,1,1,1,1,1,1,0,1,0,1,1
12.216375437,1,1,1,1,1,1,1,1,1,0,1,1,1,1
12.216391687,1,1,1,1,1,1,1,1,1,0,1,0,1,1
12.216392250,1,1,1,1,1,1,1,1,1,0,1,1,1,1
12.216408500,1,1,1,1,1,1,1,1,1,0,1,0,1,1
12.216409063,1,1,1,1,1,1,1,1,1,0,1,1,1,1
12.216425875,1,1,1,1,1,1,1,1,1,0,1,0,1,1
12.216426437,1,1,1,1,1,1,1,1,1,0,1,1,1,1
12.216442875,1,1,1,1,1,1,1,1,1,0,1,0,1,1
12.216443438,1,1,1,1,1,1,1,1,1,0,1,1,1,1
12.216459688,1,1,1,1,1,1,1,1,1,0,1,0,1,1
12.216460250,1,1,1,1,1,1,1,1,1,0,1,1,1,1
12.216476500,1,1,1,1,1,1,1,1,1,0,1,0,1,1
12.216477000,1,1,1,1,1,1,1,1,1,0,1,1,1,1
12.216493250,1,1,1,1,1,1,1,1,1,0,1,0,1,1
12.216493812,1,1,1,1,1,1,1,1,1,0,1,1,1,1
12.216510062,1,1,1,1,1,1,1,1,1,0,1,0,1,1
12.216510625,1,1,1,1,1,1,1,1,1,0,1,1,1,1
12.216526875,1,1,1,1,1,1,1,1,1,0,1,0,1,1
12.216527438,1,1,1,1,1,1,1,1,1,0,1,1,1,1
12.216543687,1,1,1,1,1,1,1,1,1,0,1,0,1,1
12.216544250,1,1,1,1,1,1,1,1,1,0,1,1,1,1
12.216560438,1,1,1,1,1,1,1,1,1,0,1,0,1,1
12.216561000,1,1,1,1,1,1,1,1,1,0,1,1,1,1
12.216577250,1,1,1,1,1,1,1,1,1,0,1,0,1,1
12.216577813,1,1,1,1,1,1,1,1,1,0,1,1,1,1
12.216594063,1,1,1,1,1,1,1,1,1,0,1,0,1,1
12.216594625,1,1,1,1,1,1,1,1,1,0,1,1,1,1
12.216611437,1,1,1,1,1,1,1,1,1,0,1,0,1,1
12.216612000,1,1,1,1,1,1,1,1,1,0,1,1,1,1
12.216628438,1,1,1,1,1,1,1,1,1,0,1,0,1,1
12.216629000,1,1,1,1,1,1,1,1,1,0,1,1,1,1
12.216645250,1,1,1,1,1,1,1,1,1,0,1,0,1,1
12.216645812,1,1,1,1,1,1,1,1,1,0,1,1,1,1
12.216662062,1,1,1,1,1,1,1,1,1,0,1,0,1,1
12.216662625,1,1,1,1,1,1,1,1,1,0,1,1,1,1
12.216678875,1,1,1,1,1,1,1,1,1,0,1,0,1,1
12.216679437,1,1,1,1,1,1,1,1,1,0,1,1,1,1
12.216695625,1,1,1,1,1,1,1,1,1,0,1,0,1,1
12.216696188,1,1,1,1,1,1,1,1,1,0,1,1,1,1
12.216712438,1,1,1,1,1,1,1,1,1,0,1,0,1,1
12.216713000,1,1,1,1,1,1,1,1,1,0,1,1,1,1
12.216729250,1,1,1,1,1,1,1,1,1,0,1,0,1,1
12.216729813,1,1,1,1,1,1,1,1,1,0,1,1,1,1
12.216746063,1,1,1,1,1,1,1,1,1,0,1,0,1,1
12.216746625,1,1,1,1,1,1,1,1,1,0,1,1,1,1
12.216762875,1,1,1,1,1,1,1,1,1,0,1,0,1,1
12.216763375,1,1,1,1,1,1,1,1,1,0,1,1,1,1
12.216779625,1,1,1,1,1,1,1,1,1,0,1,0,1,1
12.216780187,1,1,1,1,1,1,1,1,1,0,1,1,1,1
12.216797062,1,1,1,1,1,1,1,1,1,0,1,0,1,1
12.216797625,1,1,1,1,1,1,1,1,1,0,1,1,1,1
12.216814062,1,1,1,1,1,1,1,1,1,0,1,0,1,1
12.216814562,1,1,1,1,1,1,1,1,1,0,1,1,1,1
12.216830812,1,1,1,1,1,1,1,1,1,0,1,0,1,1
12.216831437,1,1,1,1,1,1,1,1,1,0,1,1,1,1
12.216847625,1,1,1,1,1,1,1,1,1,0,1,0,1,1
12.216848250,1,1,1,1,1,1,1,1,1,0,1,1,1,1
12.216864437,1,1,1,1,1,1,1,1,1,0,1,0,1,1
12.216865000,1,1,1,1,1,1,1,1,1,0,1,1,1,1
12.216881250,1,1,1,1,1,1,1,1,1,0,1,0,1,1
12.216881813,1,1,1,1,1,1,1,1,1,0,1,1,1,1
12.216898063,1,1,1,1,1,1,1,1,1,0,1,0,1,1
12.216898563,1,1,1,1,1,1,1,1,1,0,1,1,1,1
12.216914813,1,1,1,1,1,1,1,1,1,0,1,0,1,1
12.216915375,1,1,1,1,1,1,1,1,1,0,1,1,1,1
12.216931625,1,1,1,1,1,1,1,1,1,0,1,0,1,1
12.216932187,1,1,1,1,1,1,1,1,1,0,1,1,1,1
12.216948437,1,1,1,1,1,1,1,1,1,0,1,0,1,1
12.216949000,1,1,1,1,1,1,1,1,1,0,1,1,1,1
12.216965250,1,1,1,1,1,1,1,1,1,0,1,0,1,1
12.216965750,1,1,1,1,1,1,1,1,1,0,1,1,1,1
12.216982625,1,1,1,1,1,1,1,1,1,0,1,0,1,1
12.216983188,1,1,1,1,1,1,1,1,1,0,1,1,1,1
12.216999625,1,1,1,1,1,1,1,1,1,0,1,0,1,1
12.217000188,1,1,1,1,1,1,1,1,1,0,1,1,1,1
12.217016437,1,1,1,1,1,1,1,1,1,0,1,0,1,1
12.217017000,1,1,1,1,1,1,1,1,1,0,1,1,1,1
12.217033250,1,1,1,1,1,1,1,1,1,0,1,0,1,1
12.217033750,1,1,1,1,1,1,1,1,1,0,1,1,1,1
12.217050000,1,1,1,1,1,1,1,1,1,0,1,0,1,1
12.217050563,1,1,1,1,1,1,1,1,1,0,1,1,1,1
12.217066813,1,1,1,1,1,1,1,1,1,0,1,0,1,1
12.217067375,1,1,1,1,1,1,1,1,1,0,1,1,1,1
12.217083625,1,1,1,1,1,1,1,1,1,0,1,0,1,1
12.217084187,1,1,1,1,1,1,1,1,1,0,1,1,1,1
12.217100437,1,1,1,1,1,1,1,1,1,0,1,0,1,1
12.217101000,1,1,1,1,1,1,1,1,1,0,1,1,1,1
12.217117187,1,1,1,1,1,1,1,1,1,0,1,0,1,1
12.217117750,1,1,1,1,1,1,1,1,1,0,1,1,1,1
12.217134000,1,1,1,1,1,1,1,1,1,0,1,0,1,1
12.217134563,1,1,1,1,1,1,1,1,1,0,1,1,1,1
12.217150812,1,1,1,1,1,1,1,1,1,0,1,0,1,1
12.217151313,1,1,1,1,1,1,1,1,1,0,1,1,1,1
12.217168188,1,1,1,1,1,1,1,1,1,0,1,0,1,1
12.217168750,1,1,1,1,1,1,1,1,1,0,1,1,1,1
12.217185188,1,1,1,1,1,1,1,1,1,0,1,0,1,1
12.217185750,1,1,1,1,1,1,1,1,1,0,1,1,1,1
12.217202000,1,1,1,1,1,1,1,1,1,0,1,0,1,1
12.217202563,1,1,1,1,1,1,1,1,1,0,1,1,1,1
12.217218813,1,1,1,1,1,1,1,1,1,0,1,0,1,1
12.217219375,1,1,1,1,1,1,1,1,1,0,1,1,1,1
12.217235625,1,1,1,1,1,1,1,1,1,0,1,0,1,1
12.217236125,1,1,1,1,1,1,1,1,1,0,1,1,1,1
12.217252375,1,1,1,1,1,1,1,1,1,0,1,0,1,1
12.217252937,1,1,1,1,1,1,1,1,1,0,1,1,1,1
12.217269187,1,1,1,1,1,1,1,1,1,0,1,0,1,1
12.217269750,1,1,1,1,1,1,1,1,1,0,1,1,1,1
12.217286000,1,1,1,1,1,1,1,1,1,0,1,0,1,1
12.217286563,1,1,1,1,1,1,1,1,1,0,1,1,1,1
12.217302812,1,1,1,1,1,1,1,1,1,0,1,0,1,1
12.217303375,1,1,1,1,1,1,1,1,1,0,1,1,1,1
12.217319563,1,1,1,1,1,1,1,1,1,0,1,0,1,1
12.217320125,1,1,1,1,1,1,1,1,1,0,1,1,1,1
12.217336375,1,1,1,1,1,1,1,1,1,0,1,0,1,1
12.217336938,1,1,1,1,1,1,1,1,1,0,1,1,1,1
12.217353813,1,1,1,1,1,1,1,1,1,0,1,0,1,1
12.217354312,1,1,1,1,1,1,1,1,1,0,1,1,1,1
12.217370813,1,1,1,1,1,1,1,1,1,0,1,0,1,1
12.217371312,1,1,1,1,1,1,1,1,1,0,1,1,1,1
12.217387563,1,1,1,1,1,1,1,1,1,0,1,0,1,1
12.217388125,1,1,1,1,1,1,1,1,1,0,1,1,1,1
12.217404375,1,1,1,1,1,1,1,1,1,0,1,0,1,1
12.217404937,1,1,1,1,1,1,1,1,1,0,1,1,1,1
12.217421187,1,1,1,1,1,1,1,1,1,0,1,0,1,1
12.217421750,1,1,1,1,1,1,1,1,1,0,1,1,1,1
12.217438000,1,1,1,1,1,1,1,1,1,0,1,0,1,1
12.217438562,1,1,1,1,1,1,1,1,1,0,1,1,1,1
12.217454750,1,1,1,1,1,1,1,1,1,0,1,0,1,1
12.217455313,1,1,1,1,1,1,1,1,1,0,1,1,1,1
12.217471563,1,1,1,1,1,1,1,1,1,0,1,0,1,1
12.217472125,1,1,1,1,1,1,1,1,1,0,1,1,1,1
12.217488375,1,1,1,1,1,1,1,1,1,0,1,0,1,1
12.217488938,1,1,1,1,1,1,1,1,1,0,1,1,1,1
12.217505188,1,1,1,1,1,1,1,1,1,0,1,0,1,1
12.217505750,1,1,1,1,1,1,1,1,1,0,1,1,1,1
12.217522000,1,1,1,1,1,1,1,1,1,0,1,0,1,1
12.217522500,1,1,1,1,1,1,1,1,1,0,1,1,1,1
12.217539375,1,1,1,1,1,1,1,1,1,0,1,0,1,1
12.217539937,1,1,1,1,1,1,1,1,1,0,1,1,1,1
12.217556375,1,1,1,1,1,1,1,1,1,0,1,0,1,1
12.217556937,1,1,1,1,1,1,1,1,1,0,1,1,1,1
12.217573187,1,1,1,1,1,1,1,1,1,0,1,0,1,1
12.217573750,1,1,1,1,1,1,1,1,1,0,1,1,1,1
12.217589937,1,1,1,1,1,1,1,1,1,0,1,0,1,1
12.217590500,1,1,1,1,1,1,1,1,1,0,1,1,1,1
12.217606750,1,1,1,1,1,1,1,1,1,0,1,0,1,1
12.217607250,1,1,1,1,1,1,1,1,1,0,1,1,1,1
12.217607313,1,1,1,1,1,1,1,1,1,0,1,0,1,1
12.217607375,1,1,1,1,1,1,1,1,1,0,1,1,1,1
12.217623563,1,1,1,1,1,1,1,1,1,0,1,0,1,1
12.217624125,1,1,1,1,1,1,1,1,1,0,1,1,1,1
12.217640375,1,1,1,1,1,1,1,1,1,0,1,0,1,1
12.217640938,1,1,1,1,1,1,1,1,1,0,1,1,1,1
12.217657188,1,1,1,1,1,1,1,1,1,0,1,0,1,1
12.217657750,1,1,1,1,1,1,1,1,1,0,1,1,1,1
12.217673938,1,1,1,1,1,1,1,1,1,0,1,0,1,1
12.217674500,1,1,1,1,1,1,1,1,1,0,1,1,1,1
12.217690750,1,1,1,1,1,1,1,1,1,0,1,0,1,1
12.217691312,1,1,1,1,1,1,1,1,1,0,1,1,1,1
12.217707562,1,1,1,1,1,1,1,1,1,0,1,0,1,1
12.217708125,1,1,1,1,1,1,1,1,1,0,1,1,1,1
12.217724937,1,1,1,1,1,1,1,1,1,0,1,0,1,1
12.217725500,1,1,1,1,1,1,1,1,1,0,1,1,1,1
12.217741937,1,1,1,1,1,1,1,1,1,0,1,0,1,1
12.217742500,1,1,1,1,1,1,1,1,1,0,1,1,1,1
12.217758750,1,1,1,1,1,1,1,1,1,0,1,0,1,1
12.217759313,1,1,1,1,1,1,1,1,1,0,1,1,1,1
12.217775562,1,1,1,1,1,1,1,1,1,0,1,0,1,1
12.217776125,1,1,1,1,1,1,1,1,1,0,1,1,1,1
12.217792375,1,1,1,1,1,1,1,1,1,0,1,0,1,1
12.217792875,1,1,1,1,1,1,1,1,1,0,1,1,1,1
12.217809125,1,1,1,1,1,1,1,1,1,0,1,0,1,1
12.217809688,1,1,1,1,1,1,1,1,1,0,1,1,1,1
12.217825937,1,1,1,1,1,1,1,1,1,0,1,0,1,1
12.217826500,1,1,1,1,1,1,1,1,1,0,1,1,1,1
12.217842750,1,1,1,1,1,1,1,1,1,0,1,0,1,1
12.217843312,1,1,1,1,1,1,1,1,1,0,1,1,1,1
12.217859562,1,1,1,1,1,1,1,1,1,0,1,0,1,1
12.217860062,1,1,1,1,1,1,1,1,1,0,1,1,1,1
12.217876312,1,1,1,1,1,1,1,1,1,0,1,0,1,1
12.217876875,1,1,1,1,1,1,1,1,1,0,1,1,1,1
12.217893125,1,1,1,1,1,1,1,1,1,0,1,0,1,1
12.217893688,1,1,1,1,1,1,1,1,1,0,1,1,1,1
12.217910562,1,1,1,1,1,1,1,1,1,0,1,0,1,1
12.217911063,1,1,1,1,1,1,1,1,1,0,1,1,1,1
12.217927562,1,1,1,1,1,1,1,1,1,0,1,0,1,1
12.217928063,1,1,1,1,1,1,1,1,1,0,1,1,1,1
12.217944313,1,1,1,1,1,1,1,1,1,0,1,0,1,1
12.217944875,1,1,1,1,1,1,1,1,1,0,1,1,1,1
12.217961125,1,1,1,1,1,1,1,1,1,0,1,0,1,1
12.217961688,1,1,1,1,1,1,1,1,1,0,1,1,1,1
12.217977938,1,1,1,1,1,1,1,1,1,0,1,0,1,1
12.217978500,1,1,1,1,1,1,1,1,1,0,1,1,1,1
12.217994750,1,1,1,1,1,1,1,1,1,0,1,0,1,1
12.217995250,1,1,1,1,1,1,1,1,1,0,1,1,1,1
12.218011500,1,1,1,1,1,1,1,1,1,0,1,0,1,1
12.218012062,1,1,1,1,1,1,1,1,1,0,1,1,1,1
12.218028312,1,1,1,1,1,1,1,1,1,0,1,0,1,1
12.218028875,1,1,1,1,1,1,1,1,1,0,1,1,1,1
12.218045125,1,1,1,1,1,1,1,1,1,0,1,0,1,1
12.218045688,1,1,1,1,1,1,1,1,1,0,1,1,1,1
12.218061937,1,1,1,1,1,1,1,1,1,0,1,0,1,1
12.218062500,1,1,1,1,1,1,1,1,1,0,1,1,1,1
12.218078688,1,1,1,1,1,1,1,1,1,0,1,0,1,1
12.218079250,1,1,1,1,1,1,1,1,1,0,1,1,1,1
12.218096125,1,1,1,1,1,1,1,1,1,0,1,0,1,1
12.218096687,1,1,1,1,1,1,1,1,1,0,1,1,1,1
12.218113125,1,1,1,1,1,1,1,1,1,0,1,0,1,1
12.218113688,1,1,1,1,1,1,1,1,1,0,1,1,1,1
12.218129938,1,1,1,1,1,1,1,1,1,0,1,0,1,1
12.218130437,1,1,1,1,1,1,1,1,1,0,1,1,1,1
12.218146688,1,1,1,1,1,1,1,1,1,0,1,0,1,1
12.218147250,1,1,1,1,1,1,1,1,1,0,1,1,1,1
12.218163500,1,1,1,1,1,1,1,1,1,0,1,0,1,1
12.218164062,1,1,1,1,1,1,1,1,1,0,1,1,1,1
12.218180312,1,1,1,1,1,1,1,1,1,0,1,0,1,1
12.218180875,1,1,1,1,1,1,1,1,1,0,1,1,1,1
12.218197125,1,1,1,1,1,1,1,1,1,0,1,0,1,1
12.218197688,1,1,1,1,1,1,1,1,1,0,1,1,1,1
12.218213875,1,1,1,1,1,1,1,1,1,0,1,0,1,1
12.218214438,1,1,1,1,1,1,1,1,1,0,1,1,1,1
12.218230688,1,1,1,1,1,1,1,1,1,0,1,0,1,1
12.218231250,1,1,1,1,1,1,1,1,1,0,1,1,1,1
12.218247500,1,1,1,1,1,1,1,1,1,0,1,0,1,1
12.218248063,1,1,1,1,1,1,1,1,1,0,1,1,1,1
12.218264313,1,1,1,1,1,1,1,1,1,0,1,0,1,1
12.218264875,1,1,1,1,1,1,1,1,1,0,1,1,1,1
12.218281687,1,1,1,1,1,1,1,1,1,0,1,0,1,1
12.218282250,1,1,1,1,1,1,1,1,1,0,1,1,1,1
12.218298688,1,1,1,1,1,1,1,1,1,0,1,0,1,1
12.218299250,1,1,1,1,1,1,1,1,1,0,1,1,1,1
12.218315500,1,1,1,1,1,1,1,1,1,0,1,0,1,1
12.218316062,1,1,1,1,1,1,1,1,1,0,1,1,1,1
12.218332312,1,1,1,1,1,1,1,1,1,0,1,0,1,1
12.218332875,1,1,1,1,1,1,1,1,1,0,1,1,1,1
12.218349062,1,1,1,1,1,1,1,1,1,0,1,0,1,1
12.218349625,1,1,1,1,1,1,1,1,1,0,1,1,1,1
12.218365875,1,1,1,1,1,1,1,1,1,0,1,0,1,1
12.218366438,1,1,1,1,1,1,1,1,1,0,1,1,1,1
12.218382688,1,1,1,1,1,1,1,1,1,0,1,0,1,1
12.218383250,1,1,1,1,1,1,1,1,1,0,1,1,1,1
12.218399500,1,1,1,1,1,1,1,1,1,0,1,0,1,1
12.218400063,1,1,1,1,1,1,1,1,1,0,1,1,1,1
12.218416313,1,1,1,1,1,1,1,1,1,0,1,0,1,1
12.218416812,1,1,1,1,1,1,1,1,1,0,1,1,1,1
12.218433063,1,1,1,1,1,1,1,1,1,0,1,0,1,1
12.218433625,1,1,1,1,1,1,1,1,1,0,1,1,1,1
12.218449875,1,1,1,1,1,1,1,1,1,0,1,0,1,1
12.218450437,1,1,1,1,1,1,1,1,1,0,1,1,1,1
12.218467250,1,1,1,1,1,1,1,1,1,0,1,0,1,1
12.218467813,1,1,1,1,1,1,1,1,1,0,1,1,1,1
12.218484250,1,1,1,1,1,1,1,1,1,0,1,0,1,1
12.218484812,1,1,1,1,1,1,1,1,1,0,1,1,1,1
12.218501062,1,1,1,1,1,1,1,1,1,0,1,0,1,1
12.218501625,1,1,1,1,1,1,1,1,1,0,1,1,1,1
12.218517875,1,1,1,1,1,1,1,1,1,0,1,0,1,1
12.218518438,1,1,1,1,1,1,1,1,1,0,1,1,1,1
12.218534688,1,1,1,1,1,1,1,1,1,0,1,0,1,1
12.218535250,1,1,1,1,1,1,1,1,1,0,1,1,1,1
12.218551500,1,1,1,1,1,1,1,1,1,0,1,0,1,1
12.218552000,1,1,1,1,1,1,1,1,1,0,1,1,1,1
12.218568250,1,1,1,1,1,1,1,1,1,0,1,0,1,1
12.218568812,1,1,1,1,1,1,1,1,1,0,1,1,1,1
12.218585063,1,1,1,1,1,1,1,1,1,0,1,0,1,1
12.218585625,1,1,1,1,1,1,1,1,1,0,1,1,1,1
12.218601875,1,1,1,1,1,1,1,1,1,0,1,0,1,1
12.218602437,1,1,1,1,1,1,1,1,1,0,1,1,1,1
12.218618687,1,1,1,1,1,1,1,1,1,0,1,0,1,1
12.218619250,1,1,1,1,1,1,1,1,1,0,1,1,1,1
12.218635437,1,1,1,1,1,1,1,1,1,0,1,0,1,1
12.218636000,1,1,1,1,1,1,1,1,1,0,1,1,1,1
12.218652875,1,1,1,1,1,1,1,1,1,0,1,0,1,1
12.218653438,1,1,1,1,1,1,1,1,1,0,1,1,1,1
12.218669875,1,1,1,1,1,1,1,1,1,0,1,0,1,1
12.218670438,1,1,1,1,1,1,1,1,1,0,1,1,1,1
12.218686625,1,1,1,1,1,1,1,1,1,0,1,0,1,1
12.218687188,1,1,1,1,1,1,1,1,1,0,1,1,1,1
12.218703438,1,1,1,1,1,1,1,1,1,0,1,0,1,1
12.218704000,1,1,1,1,1,1,1,1,1,0,1,1,1,1
12.218720250,1,1,1,1,1,1,1,1,1,0,1,0,1,1
12.218720813,1,1,1,1,1,1,1,1,1,0,1,1,1,1
12.218737063,1,1,1,1,1,1,1,1,1,0,1,0,1,1
12.218737625,1,1,1,1,1,1,1,1,1,0,1,1,1,1
12.218753875,1,1,1,1,1,1,1,1,1,0,1,0,1,1
12.218754375,1,1,1,1,1,1,1,1,1,0,1,1,1,1
12.218770625,1,1,1,1,1,1,1,1,1,0,1,0,1,1
12.218771187,1,1,1,1,1,1,1,1,1,0,1,1,1,1
12.218787437,1,1,1,1,1,1,1,1,1,0,1,0,1,1
12.218788000,1,1,1,1,1,1,1,1,1,0,1,1,1,1
12.218804250,1,1,1,1,1,1,1,1,1,0,1,0,1,1
12.218804813,1,1,1,1,1,1,1,1,1,0,1,1,1,1
12.218821062,1,1,1,1,1,1,1,1,1,0,1,0,1,1
12.218821625,1,1,1,1,1,1,1,1,1,0,1,1,1,1
12.218838438,1,1,1,1,1,1,1,1,1,0,1,0,1,1
12.218839000,1,1,1,1,1,1,1,1,1,0,1,1,1,1
12.218855438,1,1,1,1,1,1,1,1,1,0,1,0,1,1
12.218856000,1,1,1,1,1,1,1,1,1,0,1,1,1,1
12.218872250,1,1,1,1,1,1,1,1,1,0,1,0,1,1
12.218872813,1,1,1,1,1,1,1,1,1,0,1,1,1,1
12.218889063,1,1,1,1,1,1,1,1,1,0,1,0,1,1
12.218889562,1,1,1,1,1,1,1,1,1,0,1,1,1,1
12.218905812,1,1,1,1,1,1,1,1,1,0,1,0,1,1
12.218906375,1,1,1,1,1,1,1,1,1,0,1,1,1,1
12.218922625,1,1,1,1,1,1,1,1,1,0,1,0,1,1
12.218923187,1,1,1,1,1,1,1,1,1,0,1,1,1,1
12.218939437,1,1,1,1,1,1,1,1,1,0,1,0,1,1
12.218940000,1,1,1,1,1,1,1,1,1,0,1,1,1,1
12.218956250,1,1,1,1,1,1,1,1,1,0,1,0,1,1
12.218956813,1,1,1,1,1,1,1,1,1,0,1,1,1,1
12.218973000,1,1,1,1,1,1,1,1,1,0,1,0,1,1
12.218973563,1,1,1,1,1,1,1,1,1,0,1,1,1,1
12.218989813,1,1,1,1,1,1,1,1,1,0,1,0,1,1
12.218990375,1,1,1,1,1,1,1,1,1,0,1,1,1,1
12.219006625,1,1,1,1,1,1,1,1,1,0,1,0,1,1
12.219007188,1,1,1,1,1,1,1,1,1,0,1,1,1,1
12.219024000,1,1,1,1,1,1,1,1,1,0,1,0,1,1
12.219024562,1,1,1,1,1,1,1,1,1,0,1,1,1,1
12.219041000,1,1,1,1,1,1,1,1,1,0,1,0,1,1
12.219041562,1,1,1,1,1,1,1,1,1,0,1,1,1,1
12.219057812,1,1,1,1,1,1,1,1,1,0,1,0,1,1
12.219058375,1,1,1,1,1,1,1,1,1,0,1,1,1,1
12.219074625,1,1,1,1,1,1,1,1,1,0,1,0,1,1
12.219075187,1,1,1,1,1,1,1,1,1,0,1,1,1,1
12.219091437,1,1,1,1,1,1,1,1,1,0,1,0,1,1
12.219092000,1,1,1,1,1,1,1,1,1,0,1,1,1,1
12.219108187,1,1,1,1,1,1,1,1,1,0,1,0,1,1
12.219108750,1,1,1,1,1,1,1,1,1,0,1,1,1,1
12.219125000,1,1,1,1,1,1,1,1,1,0,1,0,1,1
12.219125563,1,1,1,1,1,1,1,1,1,0,1,1,1,1
12.219141813,1,1,1,1,1,1,1,1,1,0,1,0,1,1
12.219142375,1,1,1,1,1,1,1,1,1,0,1,1,1,1
12.219158625,1,1,1,1,1,1,1,1,1,0,1,0,1,1
12.219159188,1,1,1,1,1,1,1,1,1,0,1,1,1,1
12.219175438,1,1,1,1,1,1,1,1,1,0,1,0,1,1
12.219175937,1,1,1,1,1,1,1,1,1,0,1,1,1,1
12.219192187,1,1,1,1,1,1,1,1,1,0,1,0,1,1
12.219192750,1,1,1,1,1,1,1,1,1,0,1,1,1,1
12.219209625,1,1,1,1,1,1,1,1,1,0,1,0,1,1
12.219210187,1,1,1,1,1,1,1,1,1,0,1,1,1,1
12.219226625,1,1,1,1,1,1,1,1,1,0,1,0,1,1
12.219227187,1,1,1,1,1,1,1,1,1,0,1,1,1,1
12.219243375,1,1,1,1,1,1,1,1,1,0,1,0,1,1
12.219243937,1,1,1,1,1,1,1,1,1,0,1,1,1,1
12.219260187,1,1,1,1,1,1,1,1,1,0,1,0,1,1
12.219260750,1,1,1,1,1,1,1,1,1,0,1,1,1,1
12.219277000,1,1,1,1,1,1,1,1,1,0,1,0,1,1
12.219277563,1,1,1,1,1,1,1,1,1,0,1,1,1,1
12.219293813,1,1,1,1,1,1,1,1,1,0,1,0,1,1
12.219294375,1,1,1,1,1,1,1,1,1,0,1,1,1,1
12.219310625,1,1,1,1,1,1,1,1,1,0,1,0,1,1
12.219311125,1,1,1,1,1,1,1,1,1,0,1,1,1,1
12.219327375,1,1,1,1,1,1,1,1,1,0,1,0,1,1
12.219327937,1,1,1,1,1,1,1,1,1,0,1,1,1,1
12.219344188,1,1,1,1,1,1,1,1,1,0,1,0,1,1
12.219344750,1,1,1,1,1,1,1,1,1,0,1,1,1,1
12.219361000,1,1,1,1,1,1,1,1,1,0,1,0,1,1
12.219361562,1,1,1,1,1,1,1,1,1,0,1,1,1,1
12.219377812,1,1,1,1,1,1,1,1,1,0,1,0,1,1
12.219378312,1,1,1,1,1,1,1,1,1,0,1,1,1,1
12.219395187,1,1,1,1,1,1,1,1,1,0,1,0,1,1
12.219395750,1,1,1,1,1,1,1,1,1,0,1,1,1,1
12.219412187,1,1,1,1,1,1,1,1,1,0,1,0,1,1
12.219412750,1,1,1,1,1,1,1,1,1,0,1,1,1,1
12.219429000,1,1,1,1,1,1,1,1,1,0,1,0,1,1
12.219429563,1,1,1,1,1,1,1,1,1,0,1,1,1,1
12.219445750,1,1,1,1,1,1,1,1,1,0,1,0,1,1
12.219446313,1,1,1,1,1,1,1,1,1,0,1,1,1,1
12.219462563,1,1,1,1,1,1,1,1,1,0,1,0,1,1
12.219463125,1,1,1,1,1,1,1,1,1,0,1,1,1,1
12.219479375,1,1,1,1,1,1,1,1,1,0,1,0,1,1
12.219479937,1,1,1,1,1,1,1,1,1,0,1,1,1,1
12.219496188,1,1,1,1,1,1,1,1,1,0,1,0,1,1
12.219496750,1,1,1,1,1,1,1,1,1,0,1,1,1,1
12.219513000,1,1,1,1,1,1,1,1,1,0,1,0,1,1
12.219513500,1,1,1,1,1,1,1,1,1,0,1,1,1,1
12.219529750,1,1,1,1,1,1,1,1,1,0,1,0,1,1
12.219530312,1,1,1,1,1,1,1,1,1,0,1,1,1,1
12.219546562,1,1,1,1,1,1,1,1,1,0,1,0,1,1
12.219547125,1,1,1,1,1,1,1,1,1,0,1,1,1,1
12.219563375,1,1,1,1,1,1,1,1,1,0,1,0,1,1
12.219563938,1,1,1,1,1,1,1,1,1,0,1,1,1,1
12.219580750,1,1,1,1,1,1,1,1,1,0,1,0,1,1
12.219581313,1,1,1,1,1,1,1,1,1,0,1,1,1,1
12.219597750,1,1,1,1,1,1,1,1,1,0,1,0,1,1
12.219598313,1,1,1,1,1,1,1,1,1,0,1,1,1,1
12.219614563,1,1,1,1,1,1,1,1,1,0,1,0,1,1
12.219615125,1,1,1,1,1,1,1,1,1,0,1,1,1,1
12.219631375,1,1,1,1,1,1,1,1,1,0,1,0,1,1
12.219631938,1,1,1,1,1,1,1,1,1,0,1,1,1,1
12.219648188,1,1,1,1,1,1,1,1,1,0,1,0,1,1
12.219648687,1,1,1,1,1,1,1,1,1,0,1,1,1,1
12.219664937,1,1,1,1,1,1,1,1,1,0,1,0,1,1
12.219665500,1,1,1,1,1,1,1,1,1,0,1,1,1,1
12.219681750,1,1,1,1,1,1,1,1,1,0,1,0,1,1
12.219682312,1,1,1,1,1,1,1,1,1,0,1,1,1,1
12.219698562,1,1,1,1,1,1,1,1,1,0,1,0,1,1
12.219699125,1,1,1,1,1,1,1,1,1,0,1,1,1,1
12.219715375,1,1,1,1,1,1,1,1,1,0,1,0,1,1
12.219715938,1,1,1,1,1,1,1,1,1,0,1,1,1,1
12.219732125,1,1,1,1,1,1,1,1,1,0,1,0,1,1
12.219732688,1,1,1,1,1,1,1,1,1,0,1,1,1,1
12.219748938,1,1,1,1,1,1,1,1,1,0,1,0,1,1
12.219749500,1,1,1,1,1,1,1,1,1,0,1,1,1,1
12.219766375,1,1,1,1,1,1,1,1,1,0,1,0,1,1
12.219766875,1,1,1,1,1,1,1,1,1,0,1,1,1,1
12.219783375,1,1,1,1,1,1,1,1,1,0,1,0,1,1
12.219783875,1,1,1,1,1,1,1,1,1,0,1,1,1,1
12.219800125,1,1,1,1,1,1,1,1,1,0,1,0,1,1
12.219800687,1,1,1,1,1,1,1,1,1,0,1,1,1,1
12.219816937,1,1,1,1,1,1,1,1,1,0,1,0,1,1
12.219817500,1,1,1,1,1,1,1,1,1,0,1,1,1,1
12.219833750,1,1,1,1,1,1,1,1,1,0,1,0,1,1
12.219834312,1,1,1,1,1,1,1,1,1,0,1,1,1,1
12.219850562,1,1,1,1,1,1,1,1,1,0,1,0,1,1
12.219851125,1,1,1,1,1,1,1,1,1,0,1,1,1,1
12.219867312,1,1,1,1,1,1,1,1,1,0,1,0,1,1
12.219867875,1,1,1,1,1,1,1,1,1,0,1,1,1,1
12.219884125,1,1,1,1,1,1,1,1,1,0,1,0,1,1
12.219884688,1,1,1,1,1,1,1,1,1,0,1,1,1,1
12.219900938,1,1,1,1,1,1,1,1,1,0,1,0,1,1
12.219901500,1,1,1,1,1,1,1,1,1,0,1,1,1,1
12.219917750,1,1,1,1,1,1,1,1,1,0,1,0,1,1
12.219918313,1,1,1,1,1,1,1,1,1,0,1,1,1,1
12.219934563,1,1,1,1,1,1,1,1,1,0,1,0,1,1
12.219935062,1,1,1,1,1,1,1,1,1,0,1,1,1,1
12.219951937,1,1,1,1,1,1,1,1,1,0,1,0,1,1
12.219952500,1,1,1,1,1,1,1,1,1,0,1,1,1,1
12.219968937,1,1,1,1,1,1,1,1,1,0,1,0,1,1
12.219969500,1,1,1,1,1,1,1,1,1,0,1,1,1,1
12.219985750,1,1,1,1,1,1,1,1,1,0,1,0,1,1
12.219986312,1,1,1,1,1,1,1,1,1,0,1,1,1,1
12.220002500,1,1,1,1,1,1,1,1,1,0,1,0,1,1
12.220003063,1,1,1,1,1,1,1,1,1,0,1,1,1,1
12.220019312,1,1,1,1,1,1,1,1,1,0,1,0,1,1
12.220019875,1,1,1,1,1,1,1,1,1,0,1,1,1,1
12.220036125,1,1,1,1,1,1,1,1,1,0,1,0,1,1
12.220036688,1,1,1,1,1,1,1,1,1,0,1,1,1,1
12.220052938,1,1,1,1,1,1,1,1,1,0,1,0,1,1
12.220053500,1,1,1,1,1,1,1,1,1,0,1,1,1,1
12.220069750,1,1,1,1,1,1,1,1,1,0,1,0,1,1
12.220070250,1,1,1,1,1,1,1,1,1,0,1,1,1,1
12.220086500,1,1,1,1,1,1,1,1,1,0,1,0,1,1
12.220087062,1,1,1,1,1,1,1,1,1,0,1,1,1,1
12.220103312,1,1,1,1,1,1,1,1,1,0,1,0,1,1
12.220103875,1,1,1,1,1,1,1,1,1,0,1,1,1,1
12.220120125,1,1,1,1,1,1,1,1,1,0,1,0,1,1
12.220120687,1,1,1,1,1,1,1,1,1,0,1,1,1,1
12.220137500,1,1,1,1,1,1,1,1,1,0,1,0,1,1
12.220138063,1,1,1,1,1,1,1,1,1,0,1,1,1,1
12.220154500,1,1,1,1,1,1,1,1,1,0,1,0,1,1
12.220155062,1,1,1,1,1,1,1,1,1,0,1,1,1,1
12.220171312,1,1,1,1,1,1,1,1,1,0,1,0,1,1
12.220171875,1,1,1,1,1,1,1,1,1,0,1,1,1,1
12.220188125,1,1,1,1,1,1,1,1,1,0,1,0,1,1
12.220188688,1,1,1,1,1,1,1,1,1,0,1,1,1,1
12.220204875,1,1,1,1,1,1,1,1,1,0,1,0,1,1
12.220205438,1,1,1,1,1,1,1,1,1,0,1,1,1,1
12.220221688,1,1,1,1,1,1,1,1,1,0,1,0,1,1
12.220222250,1,1,1,1,1,1,1,1,1,0,1,1,1,1
12.220238500,1,1,1,1,1,1,1,1,1,0,1,0,1,1
12.220239062,1,1,1,1,1,1,1,1,1,0,1,1,1,1
12.220255313,1,1,1,1,1,1,1,1,1,0,1,0,1,1
12.220255875,1,1,1,1,1,1,1,1,1,0,1,1,1,1
12.220272125,1,1,1,1,1,1,1,1,1,0,1,0,1,1
12.220272625,1,1,1,1,1,1,1,1,1,0,1,1,1,1
12.220288875,1,1,1,1,1,1,1,1,1,0,1,0,1,1
12.220289437,1,1,1,1,1,1,1,1,1,0,1,1,1,1
12.220305687,1,1,1,1,1,1,1,1,1,0,1,0,1,1
12.220306250,1,1,1,1,1,1,1,1,1,0,1,1,1,1
12.220323125,1,1,1,1,1,1,1,1,1,0,1,0,1,1
12.220323625,1,1,1,1,1,1,1,1,1,0,1,1,1,1
12.220340063,1,1,1,1,1,1,1,1,1,0,1,0,1,1
12.220340625,1,1,1,1,1,1,1,1,1,0,1,1,1,1
12.220356875,1,1,1,1,1,1,1,1,1,0,1,0,1,1
12.220357438,1,1,1,1,1,1,1,1,1,0,1,1,1,1
12.220373687,1,1,1,1,1,1,1,1,1,0,1,0,1,1
12.220374250,1,1,1,1,1,1,1,1,1,0,1,1,1,1
12.220390500,1,1,1,1,1,1,1,1,1,0,1,0,1,1
12.220391062,1,1,1,1,1,1,1,1,1,0,1,1,1,1
12.220407313,1,1,1,1,1,1,1,1,1,0,1,0,1,1
12.220407812,1,1,1,1,1,1,1,1,1,0,1,1,1,1
12.220424062,1,1,1,1,1,1,1,1,1,0,1,0,1,1
12.220424625,1,1,1,1,1,1,1,1,1,0,1,1,1,1
12.220440875,1,1,1,1,1,1,1,1,1,0,1,0,1,1
12.220441437,1,1,1,1,1,1,1,1,1,0,1,1,1,1
12.220457687,1,1,1,1,1,1,1,1,1,0,1,0,1,1
12.220458250,1,1,1,1,1,1,1,1,1,0,1,1,1,1
12.220474500,1,1,1,1,1,1,1,1,1,0,1,0,1,1
12.220475063,1,1,1,1,1,1,1,1,1,0,1,1,1,1
12.220491250,1,1,1,1,1,1,1,1,1,0,1,0,1,1
12.220491813,1,1,1,1,1,1,1,1,1,0,1,1,1,1
12.220508688,1,1,1,1,1,1,1,1,1,0,1,0,1,1
12.220509250,1,1,1,1,1,1,1,1,1,0,1,1,1,1
12.220525688,1,1,1,1,1,1,1,1,1,0,1,0,1,1
12.220526250,1,1,1,1,1,1,1,1,1,0,1,1,1,1
12.220542500,1,1,1,1,1,1,1,1,1,0,1,0,1,1
12.220543000,1,1,1,1,1,1,1,1,1,0,1,1,1,1
12.220559250,1,1,1,1,1,1,1,1,1,0,1,0,1,1
12.220559812,1,1,1,1,1,1,1,1,1,0,1,1,1,1
12.220576062,1,1,1,1,1,1,1,1,1,0,1,0,1,1
12.220576625,1,1,1,1,1,1,1,1,1,0,1,1,1,1
12.220592875,1,1,1,1,1,1,1,1,1,0,1,0,1,1
12.220593437,1,1,1,1,1,1,1,1,1,0,1,1,1,1
12.220609687,1,1,1,1,1,1,1,1,1,0,1,0,1,1
12.220610250,1,1,1,1,1,1,1,1,1,0,1,1,1,1
12.220626437,1,1,1,1,1,1,1,1,1,0,1,0,1,1
12.220627000,1,1,1,1,1,1,1,1,1,0,1,1,1,1
12.220643250,1,1,1,1,1,1,1,1,1,0,1,0,1,1
12.220643813,1,1,1,1,1,1,1,1,1,0,1,1,1,1
12.220660063,1,1,1,1,1,1,1,1,1,0,1,0,1,1
12.220660625,1,1,1,1,1,1,1,1,1,0,1,1,1,1
12.220676875,1,1,1,1,1,1,1,1,1,0,1,0,1,1
12.220677437,1,1,1,1,1,1,1,1,1,0,1,1,1,1
12.220694250,1,1,1,1,1,1,1,1,1,0,1,0,1,1
12.220694812,1,1,1,1,1,1,1,1,1,0,1,1,1,1
12.220711250,1,1,1,1,1,1,1,1,1,0,1,0,1,1
12.220711812,1,1,1,1,1,1,1,1,1,0,1,1,1,1
12.220728062,1,1,1,1,1,1,1,1,1,0,1,0,1,1
12.220728625,1,1,1,1,1,1,1,1,1,0,1,1,1,1
12.220744875,1,1,1,1,1,1,1,1,1,0,1,0,1,1
12.220745375,1,1,1,1,1,1,1,1,1,0,1,1,1,1
12.220761625,1,1,1,1,1,1,1,1,1,0,1,0,1,1
12.220762188,1,1,1,1,1,1,1,1,1,0,1,1,1,1
12.220778437,1,1,1,1,1,1,1,1,1,0,1,0,1,1
12.220779000,1,1,1,1,1,1,1,1,1,0,1,1,1,1
12.220795250,1,1,1,1,1,1,1,1,1,0,1,0,1,1
12.220795813,1,1,1,1,1,1,1,1,1,0,1,1,1,1
12.220812063,1,1,1,1,1,1,1,1,1,0,1,0,1,1
12.220812625,1,1,1,1,1,1,1,1,1,0,1,1,1,1
12.220828875,1,1,1,1,1,1,1,1,1,0,1,0,1,1
12.220829375,1,1,1,1,1,1,1,1,1,0,1,1,1,1
12.220845625,1,1,1,1,1,1,1,1,1,0,1,0,1,1
12.220846187,1,1,1,1,1,1,1,1,1,0,1,1,1,1
12.220862437,1,1,1,1,1,1,1,1,1,0,1,0,1,1
12.220863000,1,1,1,1,1,1,1,1,1,0,1,1,1,1
12.220879812,1,1,1,1,1,1,1,1,1,0,1,0,1,1
12.220880375,1,1,1,1,1,1,1,1,1,0,1,1,1,1
12.220896812,1,1,1,1,1,1,1,1,1,0,1,0,1,1
12.220897375,1,1,1,1,1,1,1,1,1,0,1,1,1,1
12.220913625,1,1,1,1,1,1,1,1,1,0,1,0,1,1
12.220914188,1,1,1,1,1,1,1,1,1,0,1,1,1,1
12.220930437,1,1,1,1,1,1,1,1,1,0,1,0,1,1
12.220931000,1,1,1,1,1,1,1,1,1,0,1,1,1,1
12.220947250,1,1,1,1,1,1,1,1,1,0,1,0,1,1
12.220947813,1,1,1,1,1,1,1,1,1,0,1,1,1,1
12.220964000,1,1,1,1,1,1,1,1,1,0,1,0,1,1
12.220964563,1,1,1,1,1,1,1,1,1,0,1,1,1,1
12.220980813,1,1,1,1,1,1,1,1,1,0,1,0,1,1
12.220981375,1,1,1,1,1,1,1,1,1,0,1,1,1,1
12.220997625,1,1,1,1,1,1,1,1,1,0,1,0,1,1
12.220998187,1,1,1,1,1,1,1,1,1,0,1,1,1,1
12.221014437,1,1,1,1,1,1,1,1,1,0,1,0,1,1
12.221015000,1,1,1,1,1,1,1,1,1,0,1,1,1,1
12.221031250,1,1,1,1,1,1,1,1,1,0,1,0,1,1
12.221031750,1,1,1,1,1,1,1,1,1,0,1,1,1,1
12.221048000,1,1,1,1,1,1,1,1,1,0,1,0,1,1
12.221048563,1,1,1,1,1,1,1,1,1,0,1,1,1,1
12.221065438,1,1,1,1,1,1,1,1,1,0,1,0,1,1
12.221066000,1,1,1,1,1,1,1,1,1,0,1,1,1,1
12.221082437,1,1,1,1,1,1,1,1,1,0,1,0,1,1
12.221083000,1,1,1,1,1,1,1,1,1,0,1,1,1,1
12.221099188,1,1,1,1,1,1,1,1,1,0,1,0,1,1
12.221099750,1,1,1,1,1,1,1,1,1,0,1,1,1,1
12.221116000,1,1,1,1,1,1,1,1,1,0,1,0,1,1
12.221116563,1,1,1,1,1,1,1,1,1,0,1,1,1,1
12.221132813,1,1,1,1,1,1,1,1,1,0,1,0,1,1
12.221133375,1,1,1,1,1,1,1,1,1,0,1,1,1,1
12.221149625,1,1,1,1,1,1,1,1,1,0,1,0,1,1
12.221150187,1,1,1,1,1,1,1,1,1,0,1,1,1,1
12.221166438,1,1,1,1,1,1,1,1,1,0,1,0,1,1
12.221166937,1,1,1,1,1,1,1,1,1,0,1,1,1,1
12.221183187,1,1,1,1,1,1,1,1,1,0,1,0,1,1
12.221183750,1,1,1,1,1,1,1,1,1,0,1,1,1,1
12.221200000,1,1,1,1,1,1,1,1,1,0,1,0,1,1
12.221200562,1,1,1,1,1,1,1,1,1,0,1,1,1,1
12.221216812,1,1,1,1,1,1,1,1,1,0,1,0,1,1
12.221217375,1,1,1,1,1,1,1,1,1,0,1,1,1,1
12.221233625,1,1,1,1,1,1,1,1,1,0,1,0,1,1
12.221234125,1,1,1,1,1,1,1,1,1,0,1,1,1,1
12.221251000,1,1,1,1,1,1,1,1,1,0,1,0,1,1
12.221251563,1,1,1,1,1,1,1,1,1,0,1,1,1,1
12.221268000,1,1,1,1,1,1,1,1,1,0,1,0,1,1
12.221268563,1,1,1,1,1,1,1,1,1,0,1,1,1,1
12.221284813,1,1,1,1,1,1,1,1,1,0,1,0,1,1
12.221285375,1,1,1,1,1,1,1,1,1,0,1,1,1,1
12.221301625,1,1,1,1,1,1,1,1,1,0,1,0,1,1
12.221302125,1,1,1,1,1,1,1,1,1,0,1,1,1,1
12.221318375,1,1,1,1,1,1,1,1,1,0,1,0,1,1
12.221318937,1,1,1,1,1,1,1,1,1,0,1,1,1,1
12.221335187,1,1,1,1,1,1,1,1,1,0,1,0,1,1
12.221335750,1,1,1,1,1,1,1,1,1,0,1,1,1,1
12.221352000,1,1,1,1,1,1,1,1,1,0,1,0,1,1
12.221352562,1,1,1,1,1,1,1,1,1,0,1,1,1,1
12.221368812,1,1,1,1,1,1,1,1,1,0,1,0,1,1
12.221369375,1,1,1,1,1,1,1,1,1,0,1,1,1,1
12.221385563,1,1,1,1,1,1,1,1,1,0,1,0,1,1
12.221386125,1,1,1,1,1,1,1,1,1,0,1,1,1,1
12.221402375,1,1,1,1,1,1,1,1,1,0,1,0,1,1
12.221402938,1,1,1,1,1,1,1,1,1,0,1,1,1,1
12.221419188,1,1,1,1,1,1,1,1,1,0,1,0,1,1
12.221419750,1,1,1,1,1,1,1,1,1,0,1,1,1,1
12.221436562,1,1,1,1,1,1,1,1,1,0,1,0,1,1
12.221437125,1,1,1,1,1,1,1,1,1,0,1,1,1,1
12.221453563,1,1,1,1,1,1,1,1,1,0,1,0,1,1
12.221454125,1,1,1,1,1,1,1,1,1,0,1,1,1,1
12.221470375,1,1,1,1,1,1,1,1,1,0,1,0,1,1
12.221470937,1,1,1,1,1,1,1,1,1,0,1,1,1,1
12.221487187,1,1,1,1,1,1,1,1,1,0,1,0,1,1
12.221487750,1,1,1,1,1,1,1,1,1,0,1,1,1,1
12.221504000,1,1,1,1,1,1,1,1,1,0,1,0,1,1
12.221504500,1,1,1,1,1,1,1,1,1,0,1,1,1,1
12.221520750,1,1,1,1,1,1,1,1,1,0,1,0,1,1
12.221521313,1,1,1,1,1,1,1,1,1,0,1,1,1,1
12.221537563,1,1,1,1,1,1,1,1,1,0,1,0,1,1
12.221538125,1,1,1,1,1,1,1,1,1,0,1,1,1,1
12.221554375,1,1,1,1,1,1,1,1,1,0,1,0,1,1
12.221554938,1,1,1,1,1,1,1,1,1,0,1,1,1,1
12.221571188,1,1,1,1,1,1,1,1,1,0,1,0,1,1
12.221571750,1,1,1,1,1,1,1,1,1,0,1,1,1,1
12.221587938,1,1,1,1,1,1,1,1,1,0,1,0,1,1
12.221588500,1,1,1,1,1,1,1,1,1,0,1,1,1,1
12.221604750,1,1,1,1,1,1,1,1,1,0,1,0,1,1
12.221605312,1,1,1,1,1,1,1,1,1,0,1,1,1,1
12.221622187,1,1,1,1,1,1,1,1,1,0,1,0,1,1
12.221622750,1,1,1,1,1,1,1,1,1,0,1,1,1,1
12.221639187,1,1,1,1,1,1,1,1,1,0,1,0,1,1
12.221639687,1,1,1,1,1,1,1,1,1,0,1,1,1,1
12.221655937,1,1,1,1,1,1,1,1,1,0,1,0,1,1
12.221656500,1,1,1,1,1,1,1,1,1,0,1,1,1,1
12.221672750,1,1,1,1,1,1,1,1,1,0,1,0,1,1
12.221673313,1,1,1,1,1,1,1,1,1,0,1,1,1,1
12.221689562,1,1,1,1,1,1,1,1,1,0,1,0,1,1
12.221690125,1,1,1,1,1,1,1,1,1,0,1,1,1,1
12.221706375,1,1,1,1,1,1,1,1,1,0,1,0,1,1
12.221706938,1,1,1,1,1,1,1,1,1,0,1,1,1,1
12.221723125,1,1,1,1,1,1,1,1,1,0,1,0,1,1
12.221723688,1,1,1,1,1,1,1,1,1,0,1,1,1,1
12.221739938,1,1,1,1,1,1,1,1,1,0,1,0,1,1
12.221740500,1,1,1,1,1,1,1,1,1,0,1,1,1,1
12.221756750,1,1,1,1,1,1,1,1,1,0,1,0,1,1
12.221757312,1,1,1,1,1,1,1,1,1,0,1,1,1,1
12.221773562,1,1,1,1,1,1,1,1,1,0,1,0,1,1
12.221774125,1,1,1,1,1,1,1,1,1,0,1,1,1,1
12.221790375,1,1,1,1,1,1,1,1,1,0,1,0,1,1
12.221790875,1,1,1,1,1,1,1,1,1,0,1,1,1,1
12.221807750,1,1,1,1,1,1,1,1,1,0,1,0,1,1
12.221808313,1,1,1,1,1,1,1,1,1,0,1,1,1,1
12.221824750,1,1,1,1,1,1,1,1,1,0,1,0,1,1
12.221825313,1,1,1,1,1,1,1,1,1,0,1,1,1,1
12.221841562,1,1,1,1,1,1,1,1,1,0,1,0,1,1
12.221842125,1,1,1,1,1,1,1,1,1,0,1,1,1,1
12.221858313,1,1,1,1,1,1,1,1,1,0,1,0,1,1
12.221858875,1,1,1,1,1,1,1,1,1,0,1,1,1,1
12.221875125,1,1,1,1,1,1,1,1,1,0,1,0,1,1
12.221875688,1,1,1,1,1,1,1,1,1,0,1,1,1,1
12.221891938,1,1,1,1,1,1,1,1,1,0,1,0,1,1
12.221892500,1,1,1,1,1,1,1,1,1,0,1,1,1,1
12.221908750,1,1,1,1,1,1,1,1,1,0,1,0,1,1
12.221909312,1,1,1,1,1,1,1,1,1,0,1,1,1,1
12.221925562,1,1,1,1,1,1,1,1,1,0,1,0,1,1
12.221926062,1,1,1,1,1,1,1,1,1,0,1,1,1,1
12.221942312,1,1,1,1,1,1,1,1,1,0,1,0,1,1
12.221942875,1,1,1,1,1,1,1,1,1,0,1,1,1,1
12.221959125,1,1,1,1,1,1,1,1,1,0,1,0,1,1
12.221959688,1,1,1,1,1,1,1,1,1,0,1,1,1,1
12.221975937,1,1,1,1,1,1,1,1,1,0,1,0,1,1
12.221976500,1,1,1,1,1,1,1,1,1,0,1,1,1,1
12.221993313,1,1,1,1,1,1,1,1,1,0,1,0,1,1
12.221993875,1,1,1,1,1,1,1,1,1,0,1,1,1,1
12.222010313,1,1,1,1,1,1,1,1,1,0,1,0,1,1
12.222010875,1,1,1,1,1,1,1,1,1,0,1,1,1,1
12.222027125,1,1,1,1,1,1,1,1,1,0,1,0,1,1
12.222027688,1,1,1,1,1,1,1,1,1,0,1,1,1,1
12.222043938,1,1,1,1,1,1,1,1,1,0,1,0,1,1
12.222044500,1,1,1,1,1,1,1,1,1,0,1,1,1,1
12.222060750,1,1,1,1,1,1,1,1,1,0,1,0,1,1
12.222061250,1,1,1,1,1,1,1,1,1,0,1,1,1,1
12.222077500,1,1,1,1,1,1,1,1,1,0,1,0,1,1
12.222078062,1,1,1,1,1,1,1,1,1,0,1,1,1,1
12.222094312,1,1,1,1,1,1,1,1,1,0,1,0,1,1
12.222094875,1,1,1,1,1,1,1,1,1,0,1,1,1,1
12.222111125,1,1,1,1,1,1,1,1,1,0,1,0,1,1
12.222111687,1,1,1,1,1,1,1,1,1,0,1,1,1,1
12.222127937,1,1,1,1,1,1,1,1,1,0,1,0,1,1
12.222128438,1,1,1,1,1,1,1,1,1,0,1,1,1,1
12.222144688,1,1,1,1,1,1,1,1,1,0,1,0,1,1
12.222145250,1,1,1,1,1,1,1,1,1,0,1,1,1,1
12.222161500,1,1,1,1,1,1,1,1,1,0,1,0,1,1
12.222162063,1,1,1,1,1,1,1,1,1,0,1,1,1,1
12.222178938,1,1,1,1,1,1,1,1,1,0,1,0,1,1
12.222179437,1,1,1,1,1,1,1,1,1,0,1,1,1,1
12.222195938,1,1,1,1,1,1,1,1,1,0,1,0,1,1
12.222196437,1,1,1,1,1,1,1,1,1,0,1,1,1,1
12.222212688,1,1,1,1,1,1,1,1,1,0,1,0,1,1
12.222213250,1,1,1,1,1,1,1,1,1,0,1,1,1,1
12.222229500,1,1,1,1,1,1,1,1,1,0,1,0,1,1
12.222230062,1,1,1,1,1,1,1,1,1,0,1,1,1,1
12.222246312,1,1,1,1,1,1,1,1,1,0,1,0,1,1
12.222246875,1,1,1,1,1,1,1,1,1,0,1,1,1,1
12.222263125,1,1,1,1,1,1,1,1,1,0,1,0,1,1
12.222263625,1,1,1,1,1,1,1,1,1,0,1,1,1,1
12.222279875,1,1,1,1,1,1,1,1,1,0,1,0,1,1
12.222280438,1,1,1,1,1,1,1,1,1,0,1,1,1,1
12.222296688,1,1,1,1,1,1,1,1,1,0,1,0,1,1
12.222297250,1,1,1,1,1,1,1,1,1,0,1,1,1,1
12.222313500,1,1,1,1,1,1,1,1,1,0,1,0,1,1
12.222314063,1,1,1,1,1,1,1,1,1,0,1,1,1,1
12.222330313,1,1,1,1,1,1,1,1,1,0,1,0,1,1
12.222330875,1,1,1,1,1,1,1,1,1,0,1,1,1,1
12.222347063,1,1,1,1,1,1,1,1,1,0,1,0,1,1
12.222347625,1,1,1,1,1,1,1,1,1,0,1,1,1,1
12.222364500,1,1,1,1,1,1,1,1,1,0,1,0,1,1
12.222365062,1,1,1,1,1,1,1,1,1,0,1,1,1,1
12.222381500,1,1,1,1,1,1,1,1,1,0,1,0,1,1
12.222382062,1,1,1,1,1,1,1,1,1,0,1,1,1,1
12.222398312,1,1,1,1,1,1,1,1,1,0,1,0,1,1
12.222398812,1,1,1,1,1,1,1,1,1,0,1,1,1,1
12.222415062,1,1,1,1,1,1,1,1,1,0,1,0,1,1
12.222415625,1,1,1,1,1,1,1,1,1,0,1,1,1,1
12.222431875,1,1,1,1,1,1,1,1,1,0,1,0,1,1
12.222432438,1,1,1,1,1,1,1,1,1,0,1,1,1,1
12.222448688,1,1,1,1,1,1,1,1,1,0,1,0,1,1
12.222449250,1,1,1,1,1,1,1,1,1,0,1,1,1,1
12.222465500,1,1,1,1,1,1,1,1,1,0,1,0,1,1
12.222466063,1,1,1,1,1,1,1,1,1,0,1,1,1,1
12.222482250,1,1,1,1,1,1,1,1,1,0,1,0,1,1
12.222482812,1,1,1,1,1,1,1,1,1,0,1,1,1,1
12.222499063,1,1,1,1,1,1,1,1,1,0,1,0,1,1
12.222499625,1,1,1,1,1,1,1,1,1,0,1,1,1,1
12.222515875,1,1,1,1,1,1,1,1,1,0,1,0,1,1
12.222516438,1,1,1,1,1,1,1,1,1,0,1,1,1,1
12.222532687,1,1,1,1,1,1,1,1,1,0,1,0,1,1
12.222533250,1,1,1,1,1,1,1,1,1,0,1,1,1,1
12.222550062,1,1,1,1,1,1,1,1,1,0,1,0,1,1
12.222550625,1,1,1,1,1,1,1,1,1,0,1,1,1,1
12.222567062,1,1,1,1,1,1,1,1,1,0,1,0,1,1
12.222567625,1,1,1,1,1,1,1,1,1,0,1,1,1,1
12.222583875,1,1,1,1,1,1,1,1,1,0,1,0,1,1
12.222584438,1,1,1,1,1,1,1,1,1,0,1,1,1,1
12.222600687,1,1,1,1,1,1,1,1,1,0,1,0,1,1
12.222601250,1,1,1,1,1,1,1,1,1,0,1,1,1,1
12.222617438,1,1,1,1,1,1,1,1,1,0,1,0,1,1
12.222618000,1,1,1,1,1,1,1,1,1,0,1,1,1,1
12.222634250,1,1,1,1,1,1,1,1,1,0,1,0,1,1
12.222634813,1,1,1,1,1,1,1,1,1,0,1,1,1,1
12.222651063,1,1,1,1,1,1,1,1,1,0,1,0,1,1
12.222651625,1,1,1,1,1,1,1,1,1,0,1,1,1,1
12.222667875,1,1,1,1,1,1,1,1,1,0,1,0,1,1
12.222668437,1,1,1,1,1,1,1,1,1,0,1,1,1,1
12.222684687,1,1,1,1,1,1,1,1,1,0,1,0,1,1
12.222685187,1,1,1,1,1,1,1,1,1,0,1,1,1,1
12.222701437,1,1,1,1,1,1,1,1,1,0,1,0,1,1
12.222702000,1,1,1,1,1,1,1,1,1,0,1,1,1,1
12.222718250,1,1,1,1,1,1,1,1,1,0,1,0,1,1
12.222718813,1,1,1,1,1,1,1,1,1,0,1,1,1,1
12.222735625,1,1,1,1,1,1,1,1,1,0,1,0,1,1
12.222736188,1,1,1,1,1,1,1,1,1,0,1,1,1,1
12.222752625,1,1,1,1,1,1,1,1,1,0,1,0,1,1
12.222753188,1,1,1,1,1,1,1,1,1,0,1,1,1,1
12.222769438,1,1,1,1,1,1,1,1,1,0,1,0,1,1
12.222770000,1,1,1,1,1,1,1,1,1,0,1,1,1,1
12.222786250,1,1,1,1,1,1,1,1,1,0,1,0,1,1
12.222786813,1,1,1,1,1,1,1,1,1,0,1,1,1,1
12.222803063,1,1,1,1,1,1,1,1,1,0,1,0,1,1
12.222803625,1,1,1,1,1,1,1,1,1,0,1,1,1,1
12.222819875,1,1,1,1,1,1,1,1,1,0,1,0,1,1
12.222820375,1,1,1,1,1,1,1,1,1,0,1,1,1,1
12.222836625,1,1,1,1,1,1,1,1,1,0,1,0,1,1
12.222837187,1,1,1,1,1,1,1,1,1,0,1,1,1,1
12.222853437,1,1,1,1,1,1,1,1,1,0,1,0,1,1
12.222854000,1,1,1,1,1,1,1,1,1,0,1,1,1,1
12.222870250,1,1,1,1,1,1,1,1,1,0,1,0,1,1
12.222870813,1,1,1,1,1,1,1,1,1,0,1,1,1,1
12.222887062,1,1,1,1,1,1,1,1,1,0,1,0,1,1
12.222887625,1,1,1,1,1,1,1,1,1,0,1,1,1,1
12.222903813,1,1,1,1,1,1,1,1,1,0,1,0,1,1
12.222904375,1,1,1,1,1,1,1,1,1,0,1,1,1,1
12.222921250,1,1,1,1,1,1,1,1,1,0,1,0,1,1
12.222921812,1,1,1,1,1,1,1,1,1,0,1,1,1,1
12.222938250,1,1,1,1,1,1,1,1,1,0,1,0,1,1
12.222938813,1,1,1,1,1,1,1,1,1,0,1,1,1,1
12.222955063,1,1,1,1,1,1,1,1,1,0,1,0,1,1
12.222955562,1,1,1,1,1,1,1,1,1,0,1,1,1,1
12.222971813,1,1,1,1,1,1,1,1,1,0,1,0,1,1
12.222972375,1,1,1,1,1,1,1,1,1,0,1,1,1,1
12.222988625,1,1,1,1,1,1,1,1,1,0,1,0,1,1
12.222989187,1,1,1,1,1,1,1,1,1,0,1,1,1,1
12.223005437,1,1,1,1,1,1,1,1,1,0,1,0,1,1
12.223006000,1,1,1,1,1,1,1,1,1,0,1,1,1,1
12.223022250,1,1,1,1,1,1,1,1,1,0,1,0,1,1
12.223022813,1,1,1,1,1,1,1,1,1,0,1,1,1,1
12.223039000,1,1,1,1,1,1,1,1,1,0,1,0,1,1
12.223039563,1,1,1,1,1,1,1,1,1,0,1,1,1,1
12.223055813,1,1,1,1,1,1,1,1,1,0,1,0,1,1
12.223056375,1,1,1,1,1,1,1,1,1,0,1,1,1,1
12.223072625,1,1,1,1,1,1,1,1,1,0,1,0,1,1
12.223073188,1,1,1,1,1,1,1,1,1,0,1,1,1,1
12.223089438,1,1,1,1,1,1,1,1,1,0,1,0,1,1
12.223090000,1,1,1,1,1,1,1,1,1,0,1,1,1,1
12.223106812,1,1,1,1,1,1,1,1,1,0,1,0,1,1
12.223107375,1,1,1,1,1,1,1,1,1,0,1,1,1,1
12.223123813,1,1,1,1,1,1,1,1,1,0,1,0,1,1
12.223124375,1,1,1,1,1,1,1,1,1,0,1,1,1,1
12.223140625,1,1,1,1,1,1,1,1,1,0,1,0,1,1
12.223141187,1,1,1,1,1,1,1,1,1,0,1,1,1,1
12.223157437,1,1,1,1,1,1,1,1,1,0,1,0,1,1
12.223157937,1,1,1,1,1,1,1,1,1,0,1,1,1,1
12.223174187,1,1,1,1,1,1,1,1,1,0,1,0,1,1
12.223174750,1,1,1,1,1,1,1,1,1,0,1,1,1,1
12.223191000,1,1,1,1,1,1,1,1,1,0,1,0,1,1
12.223191563,1,1,1,1,1,1,1,1,1,0,1,1,1,1
12.223207813,1,1,1,1,1,1,1,1,1,0,1,0,1,1
12.223208375,1,1,1,1,1,1,1,1,1,0,1,1,1,1
12.223224625,1,1,1,1,1,1,1,1,1,0,1,0,1,1
12.223225188,1,1,1,1,1,1,1,1,1,0,1,1,1,1
12.223241375,1,1,1,1,1,1,1,1,1,0,1,0,1,1
12.223241937,1,1,1,1,1,1,1,1,1,0,1,1,1,1
12.223258188,1,1,1,1,1,1,1,1,1,0,1,0,1,1
12.223258750,1,1,1,1,1,1,1,1,1,0,1,1,1,1
12.223275000,1,1,1,1,1,1,1,1,1,0,1,0,1,1
12.223275562,1,1,1,1,1,1,1,1,1,0,1,1,1,1
12.223292375,1,1,1,1,1,1,1,1,1,0,1,0,1,1
12.223292938,1,1,1,1,1,1,1,1,1,0,1,1,1,1
12.223309375,1,1,1,1,1,1,1,1,1,0,1,0,1,1
12.223309937,1,1,1,1,1,1,1,1,1,0,1,1,1,1
12.223326187,1,1,1,1,1,1,1,1,1,0,1,0,1,1
12.223326750,1,1,1,1,1,1,1,1,1,0,1,1,1,1
12.223343000,1,1,1,1,1,1,1,1,1,0,1,0,1,1
12.223343563,1,1,1,1,1,1,1,1,1,0,1,1,1,1
12.223359813,1,1,1,1,1,1,1,1,1,0,1,0,1,1
12.223360375,1,1,1,1,1,1,1,1,1,0,1,1,1,1
12.223376563,1,1,1,1,1,1,1,1,1,0,1,0,1,1
12.223377125,1,1,1,1,1,1,1,1,1,0,1,1,1,1
12.223393375,1,1,1,1,1,1,1,1,1,0,1,0,1,1
12.223393937,1,1,1,1,1,1,1,1,1,0,1,1,1,1
12.223410188,1,1,1,1,1,1,1,1,1,0,1,0,1,1
12.223410750,1,1,1,1,1,1,1,1,1,0,1,1,1,1
12.223427000,1,1,1,1,1,1,1,1,1,0,1,0,1,1
12.223427562,1,1,1,1,1,1,1,1,1,0,1,1,1,1
12.223443812,1,1,1,1,1,1,1,1,1,0,1,0,1,1
12.223444312,1,1,1,1,1,1,1,1,1,0,1,1,1,1
12.223460562,1,1,1,1,1,1,1,1,1,0,1,0,1,1
12.223461125,1,1,1,1,1,1,1,1,1,0,1,1,1,1
12.223478000,1,1,1,1,1,1,1,1,1,0,1,0,1,1
12.223478563,1,1,1,1,1,1,1,1,1,0,1,1,1,1
12.223495000,1,1,1,1,1,1,1,1,1,0,1,0,1,1
12.223495563,1,1,1,1,1,1,1,1,1,0,1,1,1,1
12.223511750,1,1,1,1,1,1,1,1,1,0,1,0,1,1
12.223512313,1,1,1,1,1,1,1,1,1,0,1,1,1,1
12.223528563,1,1,1,1,1,1,1,1,1,0,1,0,1,1
12.223529125,1,1,1,1,1,1,1,1,1,0,1,1,1,1
12.223545375,1,1,1,1,1,1,1,1,1,0,1,0,1,1
12.223545938,1,1,1,1,1,1,1,1,1,0,1,1,1,1
12.223562188,1,1,1,1,1,1,1,1,1,0,1,0,1,1
12.223562750,1,1,1,1,1,1,1,1,1,0,1,1,1,1
12.223579000,1,1,1,1,1,1,1,1,1,0,1,0,1,1
12.223579500,1,1,1,1,1,1,1,1,1,0,1,1,1,1
12.223595750,1,1,1,1,1,1,1,1,1,0,1,0,1,1
12.223596312,1,1,1,1,1,1,1,1,1,0,1,1,1,1
12.223612562,1,1,1,1,1,1,1,1,1,0,1,0,1,1
12.223613125,1,1,1,1,1,1,1,1,1,0,1,1,1,1
12.223629375,1,1,1,1,1,1,1,1,1,0,1,0,1,1
12.223629938,1,1,1,1,1,1,1,1,1,0,1,1,1,1
12.223646187,1,1,1,1,1,1,1,1,1,0,1,0,1,1
12.223646750,1,1,1,1,1,1,1,1,1,0,1,1,1,1
12.223663563,1,1,1,1,1,1,1,1,1,0,1,0,1,1
12.223664125,1,1,1,1,1,1,1,1,1,0,1,1,1,1
12.223680563,1,1,1,1,1,1,1,1,1,0,1,0,1,1
12.223681125,1,1,1,1,1,1,1,1,1,0,1,1,1,1
12.223697375,1,1,1,1,1,1,1,1,1,0,1,0,1,1
12.223697938,1,1,1,1,1,1,1,1,1,0,1,1,1,1
12.223714188,1,1,1,1,1,1,1,1,1,0,1,0,1,1
12.223714687,1,1,1,1,1,1,1,1,1,0,1,1,1,1
12.223730937,1,1,1,1,1,1,1,1,1,0,1,0,1,1
12.223731500,1,1,1,1,1,1,1,1,1,0,1,1,1,1
12.223747750,1,1,1,1,1,1,1,1,1,0,1,0,1,1
12.223748312,1,1,1,1,1,1,1,1,1,0,1,1,1,1
12.223764562,1,1,1,1,1,1,1,1,1,0,1,0,1,1
12.223765125,1,1,1,1,1,1,1,1,1,0,1,1,1,1
12.223781375,1,1,1,1,1,1,1,1,1,0,1,0,1,1
12.223781938,1,1,1,1,1,1,1,1,1,0,1,1,1,1
12.223798125,1,1,1,1,1,1,1,1,1,0,1,0,1,1
12.223798688,1,1,1,1,1,1,1,1,1,0,1,1,1,1
12.223814937,1,1,1,1,1,1,1,1,1,0,1,0,1,1
12.223815500,1,1,1,1,1,1,1,1,1,0,1,1,1,1
12.223831750,1,1,1,1,1,1,1,1,1,0,1,0,1,1
12.223832313,1,1,1,1,1,1,1,1,1,0,1,1,1,1
12.223849125,1,1,1,1,1,1,1,1,1,0,1,0,1,1
12.223849687,1,1,1,1,1,1,1,1,1,0,1,1,1,1
12.223866125,1,1,1,1,1,1,1,1,1,0,1,0,1,1
12.223866687,1,1,1,1,1,1,1,1,1,0,1,1,1,1
12.223882938,1,1,1,1,1,1,1,1,1,0,1,0,1,1
12.223883500,1,1,1,1,1,1,1,1,1,0,1,1,1,1
12.223899750,1,1,1,1,1,1,1,1,1,0,1,0,1,1
12.223900312,1,1,1,1,1,1,1,1,1,0,1,1,1,1
12.223916562,1,1,1,1,1,1,1,1,1,0,1,0,1,1
12.223917062,1,1,1,1,1,1,1,1,1,0,1,1,1,1
12.223933312,1,1,1,1,1,1,1,1,1,0,1,0,1,1
12.223933875,1,1,1,1,1,1,1,1,1,0,1,1,1,1
12.223950125,1,1,1,1,1,1,1,1,1,0,1,0,1,1
12.223950688,1,1,1,1,1,1,1,1,1,0,1,1,1,1
12.223966938,1,1,1,1,1,1,1,1,1,0,1,0,1,1
12.223967500,1,1,1,1,1,1,1,1,1,0,1,1,1,1
12.223983750,1,1,1,1,1,1,1,1,1,0,1,0,1,1
12.223984313,1,1,1,1,1,1,1,1,1,0,1,1,1,1
12.224000500,1,1,1,1,1,1,1,1,1,0,1,0,1,1
12.224001062,1,1,1,1,1,1,1,1,1,0,1,1,1,1
12.224017312,1,1,1,1,1,1,1,1,1,0,1,0,1,1
12.224017875,1,1,1,1,1,1,1,1,1,0,1,1,1,1
12.224034750,1,1,1,1,1,1,1,1,1,0,1,0,1,1
12.224035250,1,1,1,1,1,1,1,1,1,0,1,1,1,1
12.224051750,1,1,1,1,1,1,1,1,1,0,1,0,1,1
12.224052250,1,1,1,1,1,1,1,1,1,0,1,1,1,1
12.224068500,1,1,1,1,1,1,1,1,1,0,1,0,1,1
12.224069062,1,1,1,1,1,1,1,1,1,0,1,1,1,1
12.224085312,1,1,1,1,1,1,1,1,1,0,1,0,1,1
12.224085875,1,1,1,1,1,1,1,1,1,0,1,1,1,1
12.224102125,1,1,1,1,1,1,1,1,1,0,1,0,1,1
12.224102688,1,1,1,1,1,1,1,1,1,0,1,1,1,1
12.224118938,1,1,1,1,1,1,1,1,1,0,1,0,1,1
12.224119500,1,1,1,1,1,1,1,1,1,0,1,1,1,1
12.224135688,1,1,1,1,1,1,1,1,1,0,1,0,1,1
12.224136250,1,1,1,1,1,1,1,1,1,0,1,1,1,1
12.224152500,1,1,1,1,1,1,1,1,1,0,1,0,1,1
12.224153062,1,1,1,1,1,1,1,1,1,0,1,1,1,1
12.224169313,1,1,1,1,1,1,1,1,1,0,1,0,1,1
12.224169875,1,1,1,1,1,1,1,1,1,0,1,1,1,1
12.224186125,1,1,1,1,1,1,1,1,1,0,1,0,1,1
12.224186687,1,1,1,1,1,1,1,1,1,0,1,1,1,1
12.224202937,1,1,1,1,1,1,1,1,1,0,1,0,1,1
12.224203437,1,1,1,1,1,1,1,1,1,0,1,1,1,1
12.224220312,1,1,1,1,1,1,1,1,1,0,1,0,1,1
12.224220875,1,1,1,1,1,1,1,1,1,0,1,1,1,1
12.224237312,1,1,1,1,1,1,1,1,1,0,1,0,1,1
12.224237875,1,1,1,1,1,1,1,1,1,0,1,1,1,1
12.224254125,1,1,1,1,1,1,1,1,1,0,1,0,1,1
12.224254688,1,1,1,1,1,1,1,1,1,0,1,1,1,1
12.224270875,1,1,1,1,1,1,1,1,1,0,1,0,1,1
12.224271438,1,1,1,1,1,1,1,1,1,0,1,1,1,1
12.224287688,1,1,1,1,1,1,1,1,1,0,1,0,1,1
12.224288250,1,1,1,1,1,1,1,1,1,0,1,1,1,1
12.224304500,1,1,1,1,1,1,1,1,1,0,1,0,1,1
12.224305062,1,1,1,1,1,1,1,1,1,0,1,1,1,1
12.224321313,1,1,1,1,1,1,1,1,1,0,1,0,1,1
12.224321875,1,1,1,1,1,1,1,1,1,0,1,1,1,1
12.224338125,1,1,1,1,1,1,1,1,1,0,1,0,1,1
12.224338625,1,1,1,1,1,1,1,1,1,0,1,1,1,1
12.224354875,1,1,1,1,1,1,1,1,1,0,1,0,1,1
12.224355437,1,1,1,1,1,1,1,1,1,0,1,1,1,1
12.224371687,1,1,1,1,1,1,1,1,1,0,1,0,1,1
12.224372250,1,1,1,1,1,1,1,1,1,0,1,1,1,1
12.224388500,1,1,1,1,1,1,1,1,1,0,1,0,1,1
12.224389063,1,1,1,1,1,1,1,1,1,0,1,1,1,1
12.224405875,1,1,1,1,1,1,1,1,1,0,1,0,1,1
12.224406438,1,1,1,1,1,1,1,1,1,0,1,1,1,1
12.224422875,1,1,1,1,1,1,1,1,1,0,1,0,1,1
12.224423438,1,1,1,1,1,1,1,1,1,0,1,1,1,1
12.224439688,1,1,1,1,1,1,1,1,1,0,1,0,1,1
12.224440250,1,1,1,1,1,1,1,1,1,0,1,1,1,1
12.224456500,1,1,1,1,1,1,1,1,1,0,1,0,1,1
12.224457063,1,1,1,1,1,1,1,1,1,0,1,1,1,1
12.224473313,1,1,1,1,1,1,1,1,1,0,1,0,1,1
12.224473812,1,1,1,1,1,1,1,1,1,0,1,1,1,1
12.224490062,1,1,1,1,1,1,1,1,1,0,1,0,1,1
12.224490625,1,1,1,1,1,1,1,1,1,0,1,1,1,1
12.224506875,1,1,1,1,1,1,1,1,1,0,1,0,1,1
12.224507437,1,1,1,1,1,1,1,1,1,0,1,1,1,1
12.224523687,1,1,1,1,1,1,1,1,1,0,1,0,1,1
12.224524250,1,1,1,1,1,1,1,1,1,0,1,1,1,1
12.224540500,1,1,1,1,1,1,1,1,1,0,1,0,1,1
12.224541063,1,1,1,1,1,1,1,1,1,0,1,1,1,1
12.224557250,1,1,1,1,1,1,1,1,1,0,1,0,1,1
12.224557813,1,1,1,1,1,1,1,1,1,0,1,1,1,1
12.224574063,1,1,1,1,1,1,1,1,1,0,1,0,1,1
12.224574625,1,1,1,1,1,1,1,1,1,0,1,1,1,1
12.224591500,1,1,1,1,1,1,1,1,1,0,1,0,1,1
12.224592000,1,1,1,1,1,1,1,1,1,0,1,1,1,1
12.224608500,1,1,1,1,1,1,1,1,1,0,1,0,1,1
12.224609000,1,1,1,1,1,1,1,1,1,0,1,1,1,1
12.224625250,1,1,1,1,1,1,1,1,1,0,1,0,1,1
12.224625812,1,1,1,1,1,1,1,1,1,0,1,1,1,1
12.224642062,1,1,1,1,1,1,1,1,1,0,1,0,1,1
12.224642625,1,1,1,1,1,1,1,1,1,0,1,1,1,1
12.224658875,1,1,1,1,1,1,1,1,1,0,1,0,1,1
12.224659437,1,1,1,1,1,1,1,1,1,0,1,1,1,1
12.224675687,1,1,1,1,1,1,1,1,1,0,1,0,1,1
12.224676188,1,1,1,1,1,1,1,1,1,0,1,1,1,1
12.224692437,1,1,1,1,1,1,1,1,1,0,1,0,1,1
12.224693000,1,1,1,1,1,1,1,1,1,0,1,1,1,1
12.224709250,1,1,1,1,1,1,1,1,1,0,1,0,1,1
12.224709813,1,1,1,1,1,1,1,1,1,0,1,1,1,1
12.224726063,1,1,1,1,1,1,1,1,1,0,1,0,1,1
12.224726625,1,1,1,1,1,1,1,1,1,0,1,1,1,1
12.224742875,1,1,1,1,1,1,1,1,1,0,1,0,1,1
12.224743438,1,1,1,1,1,1,1,1,1,0,1,1,1,1
12.224759625,1,1,1,1,1,1,1,1,1,0,1,0,1,1
12.224760187,1,1,1,1,1,1,1,1,1,0,1,1,1,1
12.224777062,1,1,1,1,1,1,1,1,1,0,1,0,1,1
12.224777625,1,1,1,1,1,1,1,1,1,0,1,1,1,1
12.224794062,1,1,1,1,1,1,1,1,1,0,1,0,1,1
12.224794625,1,1,1,1,1,1,1,1,1,0,1,1,1,1
12.224810875,1,1,1,1,1,1,1,1,1,0,1,0,1,1
12.224811375,1,1,1,1,1,1,1,1,1,0,1,1,1,1
12.224827625,1,1,1,1,1,1,1,1,1,0,1,0,1,1
12.224828187,1,1,1,1,1,1,1,1,1,0,1,1,1,1
12.224844437,1,1,1,1,1,1,1,1,1,0,1,0,1,1
12.224845000,1,1,1,1,1,1,1,1,1,0,1,1,1,1
12.224861250,1,1,1,1,1,1,1,1,1,0,1,0,1,1
12.224861813,1,1,1,1,1,1,1,1,1,0,1,1,1,1
12.224878063,1,1,1,1,1,1,1,1,1,0,1,0,1,1
12.224878625,1,1,1,1,1,1,1,1,1,0,1,1,1,1
12.224894813,1,1,1,1,1,1,1,1,1,0,1,0,1,1
12.224895375,1,1,1,1,1,1,1,1,1,0,1,1,1,1
12.224911625,1,1,1,1,1,1,1,1,1,0,1,0,1,1
12.224912187,1,1,1,1,1,1,1,1,1,0,1,1,1,1
12.224928437,1,1,1,1,1,1,1,1,1,0,1,0,1,1
12.224929000,1,1,1,1,1,1,1,1,1,0,1,1,1,1
12.224945250,1,1,1,1,1,1,1,1,1,0,1,0,1,1
12.224945812,1,1,1,1,1,1,1,1,1,0,1,1,1,1
12.224962625,1,1,1,1,1,1,1,1,1,0,1,0,1,1
12.224963188,1,1,1,1,1,1,1,1,1,0,1,1,1,1
12.224979625,1,1,1,1,1,1,1,1,1,0,1,0,1,1
12.224980187,1,1,1,1,1,1,1,1,1,0,1,1,1,1
12.224996437,1,1,1,1,1,1,1,1,1,0,1,0,1,1
12.224997000,1,1,1,1,1,1,1,1,1,0,1,1,1,1
12.225013250,1,1,1,1,1,1,1,1,1,0,1,0,1,1
12.225013812,1,1,1,1,1,1,1,1,1,0,1,1,1,1
12.225030000,1,1,1,1,1,1,1,1,1,0,1,0,1,1
12.225030563,1,1,1,1,1,1,1,1,1,0,1,1,1,1
12.225046813,1,1,1,1,1,1,1,1,1,0,1,0,1,1
12.225047375,1,1,1,1,1,1,1,1,1,0,1,1,1,1
12.225063625,1,1,1,1,1,1,1,1,1,0,1,0,1,1
12.225064187,1,1,1,1,1,1,1,1,1,0,1,1,1,1
12.225243188,1,1,1,1,1,1,1,1,1,0,1,0,1,1
12.225243750,1,1,1,1,1,1,1,1,1,0,1,1,1,1
12.225260000,1,1,1,1,1,1,1,1,1,0,1,0,1,1
12.225260563,1,1,1,1,1,1,1,1,1,0,1,1,1,1
12.225277187,1,1,1,1,1,1,1,1,1,0,1,0,1,1
12.225277750,1,1,1,1,1,1,1,1,1,0,1,1,1,1
12.225294375,1,1,1,1,1,1,1,1,1,0,1,0,1,1
12.225294937,1,1,1,1,1,1,1,1,1,0,1,1,1,1
12.225311187,1,1,1,1,1,1,1,1,1,0,1,0,1,1
12.225311750,1,1,1,1,1,1,1,1,1,0,1,1,1,1
12.225328000,1,1,1,1,1,1,1,1,1,0,1,0,1,1
12.225328562,1,1,1,1,1,1,1,1,1,0,1,1,1,1
12.225344812,1,1,1,1,1,1,1,1,1,0,1,0,1,1
12.225345375,1,1,1,1,1,1,1,1,1,0,1,1,1,1
12.225361625,1,1,1,1,1,1,1,1,1,0,1,0,1,1
12.225362125,1,1,1,1,1,1,1,1,1,0,1,1,1,1
12.225378375,1,1,1,1,1,1,1,1,1,0,1,0,1,1
12.225378938,1,1,1,1,1,1,1,1,1,0,1,1,1,1
12.225395562,1,1,1,1,1,1,1,1,1,0,1,0,1,1
12.225396125,1,1,1,1,1,1,1,1,1,0,1,1,1,1
12.225412813,1,1,1,1,1,1,1,1,1,0,1,0,1,1
12.225413375,1,1,1,1,1,1,1,1,1,0,1,1,1,1
12.225429563,1,1,1,1,1,1,1,1,1,0,1,0,1,1
12.225430125,1,1,1,1,1,1,1,1,1,0,1,1,1,1
12.225446812,1,1,1,1,1,1,1,1,1,0,1,0,1,1
12.225447313,1,1,1,1,1,1,1,1,1,0,1,1,1,1
12.225464000,1,1,1,1,1,1,1,1,1,0,1,0,1,1
12.225464562,1,1,1,1,1,1,1,1,1,0,1,1,1,1
12.225481000,1,1,1,1,1,1,1,1,1,0,1,0,1,1
12.225481563,1,1,1,1,1,1,1,1,1,0,1,1,1,1
12.225497813,1,1,1,1,1,1,1,1,1,0,1,0,1,1
12.225498375,1,1,1,1,1,1,1,1,1,0,1,1,1,1
12.225515187,1,1,1,1,1,1,1,1,1,0,1,0,1,1
12.225515750,1,1,1,1,1,1,1,1,1,0,1,1,1,1
12.225532188,1,1,1,1,1,1,1,1,1,0,1,0,1,1
12.225532750,1,1,1,1,1,1,1,1,1,0,1,1,1,1
12.225549000,1,1,1,1,1,1,1,1,1,0,1,0,1,1
12.225549500,1,1,1,1,1,1,1,1,1,0,1,1,1,1
12.225565750,1,1,1,1,1,1,1,1,1,0,1,0,1,1
12.225566312,1,1,1,1,1,1,1,1,1,0,1,1,1,1
12.225583375,1,1,1,1,1,1,1,1,1,0,1,0,1,1
12.225583937,1,1,1,1,1,1,1,1,1,0,1,1,1,1
12.225600375,1,1,1,1,1,1,1,1,1,0,1,0,1,1
12.225600937,1,1,1,1,1,1,1,1,1,0,1,1,1,1
12.225617187,1,1,1,1,1,1,1,1,1,0,1,0,1,1
12.225617750,1,1,1,1,1,1,1,1,1,0,1,1,1,1
12.225634562,1,1,1,1,1,1,1,1,1,0,1,0,1,1
12.225635125,1,1,1,1,1,1,1,1,1,0,1,1,1,1
12.225651562,1,1,1,1,1,1,1,1,1,0,1,0,1,1
12.225652125,1,1,1,1,1,1,1,1,1,0,1,1,1,1
12.225668750,1,1,1,1,1,1,1,1,1,0,1,0,1,1
12.225669313,1,1,1,1,1,1,1,1,1,0,1,1,1,1
12.225685563,1,1,1,1,1,1,1,1,1,0,1,0,1,1
12.225686125,1,1,1,1,1,1,1,1,1,0,1,1,1,1
12.225702750,1,1,1,1,1,1,1,1,1,0,1,0,1,1
12.225703313,1,1,1,1,1,1,1,1,1,0,1,1,1,1
12.225719937,1,1,1,1,1,1,1,1,1,0,1,0,1,1
12.225720500,1,1,1,1,1,1,1,1,1,0,1,1,1,1
12.225736750,1,1,1,1,1,1,1,1,1,0,1,0,1,1
12.225737312,1,1,1,1,1,1,1,1,1,0,1,1,1,1
12.225753938,1,1,1,1,1,1,1,1,1,0,1,0,1,1
12.225754500,1,1,1,1,1,1,1,1,1,0,1,1,1,1
12.225771125,1,1,1,1,1,1,1,1,1,0,1,0,1,1
12.225771687,1,1,1,1,1,1,1,1,1,0,1,1,1,1
12.225788125,1,1,1,1,1,1,1,1,1,0,1,0,1,1
12.225788687,1,1,1,1,1,1,1,1,1,0,1,1,1,1
12.225804937,1,1,1,1,1,1,1,1,1,0,1,0,1,1
12.225805500,1,1,1,1,1,1,1,1,1,0,1,1,1,1
12.225822375,1,1,1,1,1,1,1,1,1,0,1,0,1,1
12.225822875,1,1,1,1,1,1,1,1,1,0,1,1,1,1
12.225839375,1,1,1,1,1,1,1,1,1,0,1,0,1,1
12.225839875,1,1,1,1,1,1,1,1,1,0,1,1,1,1
12.225856375,1,1,1,1,1,1,1,1,1,0,1,0,1,1
12.225856875,1,1,1,1,1,1,1,1,1,0,1,1,1,1
12.225873125,1,1,1,1,1,1,1,1,1,0,1,0,1,1
12.225873688,1,1,1,1,1,1,1,1,1,0,1,1,1,1
12.225890563,1,1,1,1,1,1,1,1,1,0,1,0,1,1
12.225891125,1,1,1,1,1,1,1,1,1,0,1,1,1,1
12.225907562,1,1,1,1,1,1,1,1,1,0,1,0,1,1
12.225908125,1,1,1,1,1,1,1,1,1,0,1,1,1,1
12.225924313,1,1,1,1,1,1,1,1,1,0,1,0,1,1
12.225924875,1,1,1,1,1,1,1,1,1,0,1,1,1,1
12.225941125,1,1,1,1,1,1,1,1,1,0,1,0,1,1
12.225941688,1,1,1,1,1,1,1,1,1,0,1,1,1,1
12.225957938,1,1,1,1,1,1,1,1,1,0,1,0,1,1
12.225958500,1,1,1,1,1,1,1,1,1,0,1,1,1,1
12.225974750,1,1,1,1,1,1,1,1,1,0,1,0,1,1
12.225975312,1,1,1,1,1,1,1,1,1,0,1,1,1,1
12.225991563,1,1,1,1,1,1,1,1,1,0,1,0,1,1
12.225992062,1,1,1,1,1,1,1,1,1,0,1,1,1,1
12.226008312,1,1,1,1,1,1,1,1,1,0,1,0,1,1
12.226008875,1,1,1,1,1,1,1,1,1,0,1,1,1,1
12.226025125,1,1,1,1,1,1,1,1,1,0,1,0,1,1
12.226025687,1,1,1,1,1,1,1,1,1,0,1,1,1,1
12.226041937,1,1,1,1,1,1,1,1,1,0,1,0,1,1
12.226042500,1,1,1,1,1,1,1,1,1,0,1,1,1,1
12.226058750,1,1,1,1,1,1,1,1,1,0,1,0,1,1
12.226059250,1,1,1,1,1,1,1,1,1,0,1,1,1,1
12.226076125,1,1,1,1,1,1,1,1,1,0,1,0,1,1
12.226076688,1,1,1,1,1,1,1,1,1,0,1,1,1,1
12.226093125,1,1,1,1,1,1,1,1,1,0,1,0,1,1
12.226093688,1,1,1,1,1,1,1,1,1,0,1,1,1,1
12.226109938,1,1,1,1,1,1,1,1,1,0,1,0,1,1
12.226110500,1,1,1,1,1,1,1,1,1,0,1,1,1,1
12.226126750,1,1,1,1,1,1,1,1,1,0,1,0,1,1
12.226127250,1,1,1,1,1,1,1,1,1,0,1,1,1,1
12.226143500,1,1,1,1,1,1,1,1,1,0,1,0,1,1
12.226144062,1,1,1,1,1,1,1,1,1,0,1,1,1,1
12.226160312,1,1,1,1,1,1,1,1,1,0,1,0,1,1
12.226160875,1,1,1,1,1,1,1,1,1,0,1,1,1,1
12.226177125,1,1,1,1,1,1,1,1,1,0,1,0,1,1
12.226177687,1,1,1,1,1,1,1,1,1,0,1,1,1,1
12.226193937,1,1,1,1,1,1,1,1,1,0,1,0,1,1
12.226194438,1,1,1,1,1,1,1,1,1,0,1,1,1,1
12.226210688,1,1,1,1,1,1,1,1,1,0,1,0,1,1
12.226211250,1,1,1,1,1,1,1,1,1,0,1,1,1,1
12.226227500,1,1,1,1,1,1,1,1,1,0,1,0,1,1
12.226228063,1,1,1,1,1,1,1,1,1,0,1,1,1,1
12.226244313,1,1,1,1,1,1,1,1,1,0,1,0,1,1
12.226244875,1,1,1,1,1,1,1,1,1,0,1,1,1,1
12.226261687,1,1,1,1,1,1,1,1,1,0,1,0,1,1
12.226262250,1,1,1,1,1,1,1,1,1,0,1,1,1,1
12.226278688,1,1,1,1,1,1,1,1,1,0,1,0,1,1
12.226279250,1,1,1,1,1,1,1,1,1,0,1,1,1,1
12.226295500,1,1,1,1,1,1,1,1,1,0,1,0,1,1
12.226296062,1,1,1,1,1,1,1,1,1,0,1,1,1,1
12.226312312,1,1,1,1,1,1,1,1,1,0,1,0,1,1
12.226312875,1,1,1,1,1,1,1,1,1,0,1,1,1,1
12.226329125,1,1,1,1,1,1,1,1,1,0,1,0,1,1
12.226329625,1,1,1,1,1,1,1,1,1,0,1,1,1,1
12.226345875,1,1,1,1,1,1,1,1,1,0,1,0,1,1
12.226346438,1,1,1,1,1,1,1,1,1,0,1,1,1,1
12.226362688,1,1,1,1,1,1,1,1,1,0,1,0,1,1
12.226363250,1,1,1,1,1,1,1,1,1,0,1,1,1,1
12.226379500,1,1,1,1,1,1,1,1,1,0,1,0,1,1
12.226380063,1,1,1,1,1,1,1,1,1,0,1,1,1,1
12.226396313,1,1,1,1,1,1,1,1,1,0,1,0,1,1
12.226396875,1,1,1,1,1,1,1,1,1,0,1,1,1,1
12.226413062,1,1,1,1,1,1,1,1,1,0,1,0,1,1
12.226413625,1,1,1,1,1,1,1,1,1,0,1,1,1,1
12.226429875,1,1,1,1,1,1,1,1,1,0,1,0,1,1
12.226430437,1,1,1,1,1,1,1,1,1,0,1,1,1,1
12.226447313,1,1,1,1,1,1,1,1,1,0,1,0,1,1
12.226447813,1,1,1,1,1,1,1,1,1,0,1,1,1,1
12.226464312,1,1,1,1,1,1,1,1,1,0,1,0,1,1
12.226464812,1,1,1,1,1,1,1,1,1,0,1,1,1,1
12.226481062,1,1,1,1,1,1,1,1,1,0,1,0,1,1
12.226481625,1,1,1,1,1,1,1,1,1,0,1,1,1,1
12.226497875,1,1,1,1,1,1,1,1,1,0,1,0,1,1
12.226498438,1,1,1,1,1,1,1,1,1,0,1,1,1,1
12.226514687,1,1,1,1,1,1,1,1,1,0,1,0,1,1
12.226515250,1,1,1,1,1,1,1,1,1,0,1,1,1,1
12.226531500,1,1,1,1,1,1,1,1,1,0,1,0,1,1
12.226532063,1,1,1,1,1,1,1,1,1,0,1,1,1,1
12.226548250,1,1,1,1,1,1,1,1,1,0,1,0,1,1
12.226548813,1,1,1,1,1,1,1,1,1,0,1,1,1,1
12.226565063,1,1,1,1,1,1,1,1,1,0,1,0,1,1
12.226565625,1,1,1,1,1,1,1,1,1,0,1,1,1,1
12.226581875,1,1,1,1,1,1,1,1,1,0,1,0,1,1
12.226582437,1,1,1,1,1,1,1,1,1,0,1,1,1,1
12.226598687,1,1,1,1,1,1,1,1,1,0,1,0,1,1
12.226599250,1,1,1,1,1,1,1,1,1,0,1,1,1,1
12.226615500,1,1,1,1,1,1,1,1,1,0,1,0,1,1
12.226616000,1,1,1,1,1,1,1,1,1,0,1,1,1,1
12.226632875,1,1,1,1,1,1,1,1,1,0,1,0,1,1
12.226633438,1,1,1,1,1,1,1,1,1,0,1,1,1,1
12.226649875,1,1,1,1,1,1,1,1,1,0,1,0,1,1
12.226650438,1,1,1,1,1,1,1,1,1,0,1,1,1,1
12.226666687,1,1,1,1,1,1,1,1,1,0,1,0,1,1
12.226667250,1,1,1,1,1,1,1,1,1,0,1,1,1,1
12.226683438,1,1,1,1,1,1,1,1,1,0,1,0,1,1
12.226684000,1,1,1,1,1,1,1,1,1,0,1,1,1,1
12.226700250,1,1,1,1,1,1,1,1,1,0,1,0,1,1
12.226700813,1,1,1,1,1,1,1,1,1,0,1,1,1,1
12.226717063,1,1,1,1,1,1,1,1,1,0,1,0,1,1
12.226717625,1,1,1,1,1,1,1,1,1,0,1,1,1,1
12.226733875,1,1,1,1,1,1,1,1,1,0,1,0,1,1
12.226734437,1,1,1,1,1,1,1,1,1,0,1,1,1,1
12.226750687,1,1,1,1,1,1,1,1,1,0,1,0,1,1
12.226751187,1,1,1,1,1,1,1,1,1,0,1,1,1,1
12.226767437,1,1,1,1,1,1,1,1,1,0,1,0,1,1
12.226768000,1,1,1,1,1,1,1,1,1,0,1,1,1,1
12.226784250,1,1,1,1,1,1,1,1,1,0,1,0,1,1
12.226784813,1,1,1,1,1,1,1,1,1,0,1,1,1,1
12.226801062,1,1,1,1,1,1,1,1,1,0,1,0,1,1
12.226801625,1,1,1,1,1,1,1,1,1,0,1,1,1,1
12.226818438,1,1,1,1,1,1,1,1,1,0,1,0,1,1
12.226819000,1,1,1,1,1,1,1,1,1,0,1,1,1,1
12.226835438,1,1,1,1,1,1,1,1,1,0,1,0,1,1
12.226836000,1,1,1,1,1,1,1,1,1,0,1,1,1,1
12.226852250,1,1,1,1,1,1,1,1,1,0,1,0,1,1
12.226852813,1,1,1,1,1,1,1,1,1,0,1,1,1,1
12.226869063,1,1,1,1,1,1,1,1,1,0,1,0,1,1
12.226869625,1,1,1,1,1,1,1,1,1,0,1,1,1,1
12.226885875,1,1,1,1,1,1,1,1,1,0,1,0,1,1
12.226886375,1,1,1,1,1,1,1,1,1,0,1,1,1,1
12.226902625,1,1,1,1,1,1,1,1,1,0,1,0,1,1
12.226903187,1,1,1,1,1,1,1,1,1,0,1,1,1,1
12.226919437,1,1,1,1,1,1,1,1,1,0,1,0,1,1
12.226920000,1,1,1,1,1,1,1,1,1,0,1,1,1,1
12.226936250,1,1,1,1,1,1,1,1,1,0,1,0,1,1
12.226936812,1,1,1,1,1,1,1,1,1,0,1,1,1,1
12.226953062,1,1,1,1,1,1,1,1,1,0,1,0,1,1
12.226953563,1,1,1,1,1,1,1,1,1,0,1,1,1,1
12.226969813,1,1,1,1,1,1,1,1,1,0,1,0,1,1
12.226970375,1,1,1,1,1,1,1,1,1,0,1,1,1,1
12.226986625,1,1,1,1,1,1,1,1,1,0,1,0,1,1
12.226987188,1,1,1,1,1,1,1,1,1,0,1,1,1,1
12.227004063,1,1,1,1,1,1,1,1,1,0,1,0,1,1
12.227004562,1,1,1,1,1,1,1,1,1,0,1,1,1,1
12.227021000,1,1,1,1,1,1,1,1,1,0,1,0,1,1
12.227021562,1,1,1,1,1,1,1,1,1,0,1,1,1,1
12.227037813,1,1,1,1,1,1,1,1,1,0,1,0,1,1
12.227038375,1,1,1,1,1,1,1,1,1,0,1,1,1,1
12.227054625,1,1,1,1,1,1,1,1,1,0,1,0,1,1
12.227055187,1,1,1,1,1,1,1,1,1,0,1,1,1,1
12.227071437,1,1,1,1,1,1,1,1,1,0,1,0,1,1
12.227072000,1,1,1,1,1,1,1,1,1,0,1,1,1,1
12.227088250,1,1,1,1,1,1,1,1,1,0,1,0,1,1
12.227088750,1,1,1,1,1,1,1,1,1,0,1,1,1,1
12.227105000,1,1,1,1,1,1,1,1,1,0,1,0,1,1
12.227105563,1,1,1,1,1,1,1,1,1,0,1,1,1,1
12.227121813,1,1,1,1,1,1,1,1,1,0,1,0,1,1
12.227122375,1,1,1,1,1,1,1,1,1,0,1,1,1,1
12.227138625,1,1,1,1,1,1,1,1,1,0,1,0,1,1
12.227139188,1,1,1,1,1,1,1,1,1,0,1,1,1,1
12.227155438,1,1,1,1,1,1,1,1,1,0,1,0,1,1
12.227156000,1,1,1,1,1,1,1,1,1,0,1,1,1,1
12.227172188,1,1,1,1,1,1,1,1,1,0,1,0,1,1
12.227172812,1,1,1,1,1,1,1,1,1,0,1,1,1,1
12.227189625,1,1,1,1,1,1,1,1,1,0,1,0,1,1
12.227190187,1,1,1,1,1,1,1,1,1,0,1,1,1,1
12.227206625,1,1,1,1,1,1,1,1,1,0,1,0,1,1
12.227207187,1,1,1,1,1,1,1,1,1,0,1,1,1,1
12.227223437,1,1,1,1,1,1,1,1,1,0,1,0,1,1
12.227223937,1,1,1,1,1,1,1,1,1,0,1,1,1,1
12.227240187,1,1,1,1,1,1,1,1,1,0,1,0,1,1
12.227240750,1,1,1,1,1,1,1,1,1,0,1,1,1,1
12.227257000,1,1,1,1,1,1,1,1,1,0,1,0,1,1
12.227257563,1,1,1,1,1,1,1,1,1,0,1,1,1,1
12.227273813,1,1,1,1,1,1,1,1,1,0,1,0,1,1
12.227274375,1,1,1,1,1,1,1,1,1,0,1,1,1,1
12.227290625,1,1,1,1,1,1,1,1,1,0,1,0,1,1
12.227291188,1,1,1,1,1,1,1,1,1,0,1,1,1,1
12.227307375,1,1,1,1,1,1,1,1,1,0,1,0,1,1
12.227307937,1,1,1,1,1,1,1,1,1,0,1,1,1,1
12.227324188,1,1,1,1,1,1,1,1,1,0,1,0,1,1
12.227324750,1,1,1,1,1,1,1,1,1,0,1,1,1,1
12.227341000,1,1,1,1,1,1,1,1,1,0,1,0,1,1
12.227341562,1,1,1,1,1,1,1,1,1,0,1,1,1,1
12.227357812,1,1,1,1,1,1,1,1,1,0,1,0,1,1
12.227358375,1,1,1,1,1,1,1,1,1,0,1,1,1,1
12.227375187,1,1,1,1,1,1,1,1,1,0,1,0,1,1
12.227375750,1,1,1,1,1,1,1,1,1,0,1,1,1,1
12.227392187,1,1,1,1,1,1,1,1,1,0,1,0,1,1
12.227392750,1,1,1,1,1,1,1,1,1,0,1,1,1,1
12.227409000,1,1,1,1,1,1,1,1,1,0,1,0,1,1
12.227409563,1,1,1,1,1,1,1,1,1,0,1,1,1,1
12.227425812,1,1,1,1,1,1,1,1,1,0,1,0,1,1
12.227426375,1,1,1,1,1,1,1,1,1,0,1,1,1,1
12.227442563,1,1,1,1,1,1,1,1,1,0,1,0,1,1
12.227443188,1,1,1,1,1,1,1,1,1,0,1,1,1,1
12.227459375,1,1,1,1,1,1,1,1,1,0,1,0,1,1
12.227459938,1,1,1,1,1,1,1,1,1,0,1,1,1,1
12.227476188,1,1,1,1,1,1,1,1,1,0,1,0,1,1
12.227476750,1,1,1,1,1,1,1,1,1,0,1,1,1,1
12.227493000,1,1,1,1,1,1,1,1,1,0,1,0,1,1
12.227493562,1,1,1,1,1,1,1,1,1,0,1,1,1,1
12.227509812,1,1,1,1,1,1,1,1,1,0,1,0,1,1
12.227510312,1,1,1,1,1,1,1,1,1,0,1,1,1,1
12.227526562,1,1,1,1,1,1,1,1,1,0,1,0,1,1
12.227527125,1,1,1,1,1,1,1,1,1,0,1,1,1,1
12.227543375,1,1,1,1,1,1,1,1,1,0,1,0,1,1
12.227543938,1,1,1,1,1,1,1,1,1,0,1,1,1,1
12.227560750,1,1,1,1,1,1,1,1,1,0,1,0,1,1
12.227561313,1,1,1,1,1,1,1,1,1,0,1,1,1,1
12.227577750,1,1,1,1,1,1,1,1,1,0,1,0,1,1
12.227578313,1,1,1,1,1,1,1,1,1,0,1,1,1,1
12.227594563,1,1,1,1,1,1,1,1,1,0,1,0,1,1
12.227595125,1,1,1,1,1,1,1,1,1,0,1,1,1,1
12.227611375,1,1,1,1,1,1,1,1,1,0,1,0,1,1
12.227611938,1,1,1,1,1,1,1,1,1,0,1,1,1,1
12.227628188,1,1,1,1,1,1,1,1,1,0,1,0,1,1
12.227628750,1,1,1,1,1,1,1,1,1,0,1,1,1,1
12.227645000,1,1,1,1,1,1,1,1,1,0,1,0,1,1
12.227645500,1,1,1,1,1,1,1,1,1,0,1,1,1,1
12.227661750,1,1,1,1,1,1,1,1,1,0,1,0,1,1
12.227662375,1,1,1,1,1,1,1,1,1,0,1,1,1,1
12.227678562,1,1,1,1,1,1,1,1,1,0,1,0,1,1
12.227679125,1,1,1,1,1,1,1,1,1,0,1,1,1,1
12.227695375,1,1,1,1,1,1,1,1,1,0,1,0,1,1
12.227695938,1,1,1,1,1,1,1,1,1,0,1,1,1,1
12.227712187,1,1,1,1,1,1,1,1,1,0,1,0,1,1
12.227712688,1,1,1,1,1,1,1,1,1,0,1,1,1,1
12.227728938,1,1,1,1,1,1,1,1,1,0,1,0,1,1
12.227729500,1,1,1,1,1,1,1,1,1,0,1,1,1,1
12.227746375,1,1,1,1,1,1,1,1,1,0,1,0,1,1
12.227746937,1,1,1,1,1,1,1,1,1,0,1,1,1,1
12.227763375,1,1,1,1,1,1,1,1,1,0,1,0,1,1
12.227763938,1,1,1,1,1,1,1,1,1,0,1,1,1,1
12.227780125,1,1,1,1,1,1,1,1,1,0,1,0,1,1
12.227780687,1,1,1,1,1,1,1,1,1,0,1,1,1,1
12.227796938,1,1,1,1,1,1,1,1,1,0,1,0,1,1
12.227797500,1,1,1,1,1,1,1,1,1,0,1,1,1,1
12.227813750,1,1,1,1,1,1,1,1,1,0,1,0,1,1
12.227814312,1,1,1,1,1,1,1,1,1,0,1,1,1,1
12.227830562,1,1,1,1,1,1,1,1,1,0,1,0,1,1
12.227831125,1,1,1,1,1,1,1,1,1,0,1,1,1,1
12.227847375,1,1,1,1,1,1,1,1,1,0,1,0,1,1
12.227847875,1,1,1,1,1,1,1,1,1,0,1,1,1,1
12.227864125,1,1,1,1,1,1,1,1,1,0,1,0,1,1
12.227864688,1,1,1,1,1,1,1,1,1,0,1,1,1,1
12.227880938,1,1,1,1,1,1,1,1,1,0,1,0,1,1
12.227881500,1,1,1,1,1,1,1,1,1,0,1,1,1,1
12.227897750,1,1,1,1,1,1,1,1,1,0,1,0,1,1
12.227898313,1,1,1,1,1,1,1,1,1,0,1,1,1,1
12.227914563,1,1,1,1,1,1,1,1,1,0,1,0,1,1
12.227915125,1,1,1,1,1,1,1,1,1,0,1,1,1,1
12.227931937,1,1,1,1,1,1,1,1,1,0,1,0,1,1
12.227932500,1,1,1,1,1,1,1,1,1,0,1,1,1,1
12.227948938,1,1,1,1,1,1,1,1,1,0,1,0,1,1
12.227949500,1,1,1,1,1,1,1,1,1,0,1,1,1,1
12.227965750,1,1,1,1,1,1,1,1,1,0,1,0,1,1
12.227966312,1,1,1,1,1,1,1,1,1,0,1,1,1,1
12.227982562,1,1,1,1,1,1,1,1,1,0,1,0,1,1
12.227983062,1,1,1,1,1,1,1,1,1,0,1,1,1,1
12.227999312,1,1,1,1,1,1,1,1,1,0,1,0,1,1
12.227999875,1,1,1,1,1,1,1,1,1,0,1,1,1,1
12.228016125,1,1,1,1,1,1,1,1,1,0,1,0,1,1
12.228016688,1,1,1,1,1,1,1,1,1,0,1,1,1,1
12.228032938,1,1,1,1,1,1,1,1,1,0,1,0,1,1
12.228033500,1,1,1,1,1,1,1,1,1,0,1,1,1,1
12.228049750,1,1,1,1,1,1,1,1,1,0,1,0,1,1
12.228050313,1,1,1,1,1,1,1,1,1,0,1,1,1,1
12.228066500,1,1,1,1,1,1,1,1,1,0,1,0,1,1
12.228067062,1,1,1,1,1,1,1,1,1,0,1,1,1,1
12.228083313,1,1,1,1,1,1,1,1,1,0,1,0,1,1
12.228083875,1,1,1,1,1,1,1,1,1,0,1,1,1,1
12.228100125,1,1,1,1,1,1,1,1,1,0,1,0,1,1
12.228100687,1,1,1,1,1,1,1,1,1,0,1,1,1,1
12.228117500,1,1,1,1,1,1,1,1,1,0,1,0,1,1
12.228118063,1,1,1,1,1,1,1,1,1,0,1,1,1,1
12.228134500,1,1,1,1,1,1,1,1,1,0,1,0,1,1
12.228135062,1,1,1,1,1,1,1,1,1,0,1,1,1,1
12.228151312,1,1,1,1,1,1,1,1,1,0,1,0,1,1
12.228151875,1,1,1,1,1,1,1,1,1,0,1,1,1,1
12.228168125,1,1,1,1,1,1,1,1,1,0,1,0,1,1
12.228168688,1,1,1,1,1,1,1,1,1,0,1,1,1,1
12.228184938,1,1,1,1,1,1,1,1,1,0,1,0,1,1
12.228185500,1,1,1,1,1,1,1,1,1,0,1,1,1,1
12.228201688,1,1,1,1,1,1,1,1,1,0,1,0,1,1
12.228202250,1,1,1,1,1,1,1,1,1,0,1,1,1,1
12.228218500,1,1,1,1,1,1,1,1,1,0,1,0,1,1
12.228219062,1,1,1,1,1,1,1,1,1,0,1,1,1,1
12.228235313,1,1,1,1,1,1,1,1,1,0,1,0,1,1
12.228235875,1,1,1,1,1,1,1,1,1,0,1,1,1,1
12.228252125,1,1,1,1,1,1,1,1,1,0,1,0,1,1
12.228252625,1,1,1,1,1,1,1,1,1,0,1,1,1,1
12.228268937,1,1,1,1,1,1,1,1,1,0,1,0,1,1
12.228269437,1,1,1,1,1,1,1,1,1,0,1,1,1,1
12.228285687,1,1,1,1,1,1,1,1,1,0,1,0,1,1
12.228286250,1,1,1,1,1,1,1,1,1,0,1,1,1,1
12.228303125,1,1,1,1,1,1,1,1,1,0,1,0,1,1
12.228303688,1,1,1,1,1,1,1,1,1,0,1,1,1,1
12.228320125,1,1,1,1,1,1,1,1,1,0,1,0,1,1
12.228320625,1,1,1,1,1,1,1,1,1,0,1,1,1,1
12.228336875,1,1,1,1,1,1,1,1,1,0,1,0,1,1
12.228337438,1,1,1,1,1,1,1,1,1,0,1,1,1,1
12.228353688,1,1,1,1,1,1,1,1,1,0,1,0,1,1
12.228354250,1,1,1,1,1,1,1,1,1,0,1,1,1,1
12.228370500,1,1,1,1,1,1,1,1,1,0,1,0,1,1
12.228371063,1,1,1,1,1,1,1,1,1,0,1,1,1,1
12.228387313,1,1,1,1,1,1,1,1,1,0,1,0,1,1
12.228387875,1,1,1,1,1,1,1,1,1,0,1,1,1,1
12.228404062,1,1,1,1,1,1,1,1,1,0,1,0,1,1
12.228404625,1,1,1,1,1,1,1,1,1,0,1,1,1,1
12.228420875,1,1,1,1,1,1,1,1,1,0,1,0,1,1
12.228421437,1,1,1,1,1,1,1,1,1,0,1,1,1,1
12.228437687,1,1,1,1,1,1,1,1,1,0,1,0,1,1
12.228438250,1,1,1,1,1,1,1,1,1,0,1,1,1,1
12.228454500,1,1,1,1,1,1,1,1,1,0,1,0,1,1
12.228455063,1,1,1,1,1,1,1,1,1,0,1,1,1,1
12.228471312,1,1,1,1,1,1,1,1,1,0,1,0,1,1
12.228471813,1,1,1,1,1,1,1,1,1,0,1,1,1,1
12.228488688,1,1,1,1,1,1,1,1,1,0,1,0,1,1
12.228489250,1,1,1,1,1,1,1,1,1,0,1,1,1,1
12.228505688,1,1,1,1,1,1,1,1,1,0,1,0,1,1
12.228506250,1,1,1,1,1,1,1,1,1,0,1,1,1,1
12.228522500,1,1,1,1,1,1,1,1,1,0,1,0,1,1
12.228523063,1,1,1,1,1,1,1,1,1,0,1,1,1,1
12.228539250,1,1,1,1,1,1,1,1,1,0,1,0,1,1
12.228539812,1,1,1,1,1,1,1,1,1,0,1,1,1,1
12.228556062,1,1,1,1,1,1,1,1,1,0,1,0,1,1
12.228556625,1,1,1,1,1,1,1,1,1,0,1,1,1,1
12.228572875,1,1,1,1,1,1,1,1,1,0,1,0,1,1
12.228573437,1,1,1,1,1,1,1,1,1,0,1,1,1,1
12.228589687,1,1,1,1,1,1,1,1,1,0,1,0,1,1
12.228590250,1,1,1,1,1,1,1,1,1,0,1,1,1,1
12.228606500,1,1,1,1,1,1,1,1,1,0,1,0,1,1
12.228607000,1,1,1,1,1,1,1,1,1,0,1,1,1,1
12.228623250,1,1,1,1,1,1,1,1,1,0,1,0,1,1
12.228623813,1,1,1,1,1,1,1,1,1,0,1,1,1,1
12.228640063,1,1,1,1,1,1,1,1,1,0,1,0,1,1
12.228640625,1,1,1,1,1,1,1,1,1,0,1,1,1,1
12.228656875,1,1,1,1,1,1,1,1,1,0,1,0,1,1
12.228657438,1,1,1,1,1,1,1,1,1,0,1,1,1,1
12.228674250,1,1,1,1,1,1,1,1,1,0,1,0,1,1
12.228674812,1,1,1,1,1,1,1,1,1,0,1,1,1,1
12.228691250,1,1,1,1,1,1,1,1,1,0,1,0,1,1
12.228691812,1,1,1,1,1,1,1,1,1,0,1,1,1,1
12.228708063,1,1,1,1,1,1,1,1,1,0,1,0,1,1
12.228708625,1,1,1,1,1,1,1,1,1,0,1,1,1,1
12.228724875,1,1,1,1,1,1,1,1,1,0,1,0,1,1
12.228725437,1,1,1,1,1,1,1,1,1,0,1,1,1,1
12.228741687,1,1,1,1,1,1,1,1,1,0,1,0,1,1
12.228742187,1,1,1,1,1,1,1,1,1,0,1,1,1,1
12.228758437,1,1,1,1,1,1,1,1,1,0,1,0,1,1
12.228759000,1,1,1,1,1,1,1,1,1,0,1,1,1,1
12.228775250,1,1,1,1,1,1,1,1,1,0,1,0,1,1
12.228775813,1,1,1,1,1,1,1,1,1,0,1,1,1,1
12.228792063,1,1,1,1,1,1,1,1,1,0,1,0,1,1
12.228792625,1,1,1,1,1,1,1,1,1,0,1,1,1,1
12.228808875,1,1,1,1,1,1,1,1,1,0,1,0,1,1
12.228809438,1,1,1,1,1,1,1,1,1,0,1,1,1,1
12.228825625,1,1,1,1,1,1,1,1,1,0,1,0,1,1
12.228826187,1,1,1,1,1,1,1,1,1,0,1,1,1,1
12.228842438,1,1,1,1,1,1,1,1,1,0,1,0,1,1
12.228843000,1,1,1,1,1,1,1,1,1,0,1,1,1,1
12.228859875,1,1,1,1,1,1,1,1,1,0,1,0,1,1
12.228860375,1,1,1,1,1,1,1,1,1,0,1,1,1,1
12.228876875,1,1,1,1,1,1,1,1,1,0,1,0,1,1
12.228877375,1,1,1,1,1,1,1,1,1,0,1,1,1,1
12.228893625,1,1,1,1,1,1,1,1,1,0,1,0,1,1
12.228894187,1,1,1,1,1,1,1,1,1,0,1,1,1,1
12.228910438,1,1,1,1,1,1,1,1,1,0,1,0,1,1
12.228911000,1,1,1,1,1,1,1,1,1,0,1,1,1,1
12.228927250,1,1,1,1,1,1,1,1,1,0,1,0,1,1
12.228927813,1,1,1,1,1,1,1,1,1,0,1,1,1,1
12.228944063,1,1,1,1,1,1,1,1,1,0,1,0,1,1
12.228944625,1,1,1,1,1,1,1,1,1,0,1,1,1,1
12.228960813,1,1,1,1,1,1,1,1,1,0,1,0,1,1
12.228961375,1,1,1,1,1,1,1,1,1,0,1,1,1,1
12.228977625,1,1,1,1,1,1,1,1,1,0,1,0,1,1
12.228978187,1,1,1,1,1,1,1,1,1,0,1,1,1,1
12.228994438,1,1,1,1,1,1,1,1,1,0,1,0,1,1
12.228995000,1,1,1,1,1,1,1,1,1,0,1,1,1,1
12.229011250,1,1,1,1,1,1,1,1,1,0,1,0,1,1
12.229011812,1,1,1,1,1,1,1,1,1,0,1,1,1,1
12.229028062,1,1,1,1,1,1,1,1,1,0,1,0,1,1
12.229028562,1,1,1,1,1,1,1,1,1,0,1,1,1,1
12.229045438,1,1,1,1,1,1,1,1,1,0,1,0,1,1
12.229046000,1,1,1,1,1,1,1,1,1,0,1,1,1,1
12.229062437,1,1,1,1,1,1,1,1,1,0,1,0,1,1
12.229063000,1,1,1,1,1,1,1,1,1,0,1,1,1,1
12.229079250,1,1,1,1,1,1,1,1,1,0,1,0,1,1
12.229079813,1,1,1,1,1,1,1,1,1,0,1,1,1,1
12.229096000,1,1,1,1,1,1,1,1,1,0,1,0,1,1
12.229096563,1,1,1,1,1,1,1,1,1,0,1,1,1,1
12.229112813,1,1,1,1,1,1,1,1,1,0,1,0,1,1
12.229113375,1,1,1,1,1,1,1,1,1,0,1,1,1,1
12.229129625,1,1,1,1,1,1,1,1,1,0,1,0,1,1
12.229130187,1,1,1,1,1,1,1,1,1,0,1,1,1,1
12.229146438,1,1,1,1,1,1,1,1,1,0,1,0,1,1
12.229147000,1,1,1,1,1,1,1,1,1,0,1,1,1,1
12.229163187,1,1,1,1,1,1,1,1,1,0,1,0,1,1
12.229163750,1,1,1,1,1,1,1,1,1,0,1,1,1,1
12.229180000,1,1,1,1,1,1,1,1,1,0,1,0,1,1
12.229180562,1,1,1,1,1,1,1,1,1,0,1,1,1,1
12.229196812,1,1,1,1,1,1,1,1,1,0,1,0,1,1
12.229197375,1,1,1,1,1,1,1,1,1,0,1,1,1,1
12.229213625,1,1,1,1,1,1,1,1,1,0,1,0,1,1
12.229214188,1,1,1,1,1,1,1,1,1,0,1,1,1,1
12.229231000,1,1,1,1,1,1,1,1,1,0,1,0,1,1
12.229231563,1,1,1,1,1,1,1,1,1,0,1,1,1,1
12.229248000,1,1,1,1,1,1,1,1,1,0,1,0,1,1
12.229248563,1,1,1,1,1,1,1,1,1,0,1,1,1,1
12.229264813,1,1,1,1,1,1,1,1,1,0,1,0,1,1
12.229265375,1,1,1,1,1,1,1,1,1,0,1,1,1,1
12.229281625,1,1,1,1,1,1,1,1,1,0,1,0,1,1
12.229282188,1,1,1,1,1,1,1,1,1,0,1,1,1,1
12.229298375,1,1,1,1,1,1,1,1,1,0,1,0,1,1
12.229298937,1,1,1,1,1,1,1,1,1,0,1,1,1,1
12.229315187,1,1,1,1,1,1,1,1,1,0,1,0,1,1
12.229315750,1,1,1,1,1,1,1,1,1,0,1,1,1,1
12.229332000,1,1,1,1,1,1,1,1,1,0,1,0,1,1
12.229332562,1,1,1,1,1,1,1,1,1,0,1,1,1,1
12.229348812,1,1,1,1,1,1,1,1,1,0,1,0,1,1
12.229349375,1,1,1,1,1,1,1,1,1,0,1,1,1,1
12.229365625,1,1,1,1,1,1,1,1,1,0,1,0,1,1
12.229366125,1,1,1,1,1,1,1,1,1,0,1,1,1,1
12.229382375,1,1,1,1,1,1,1,1,1,0,1,0,1,1
12.229382938,1,1,1,1,1,1,1,1,1,0,1,1,1,1
12.229399188,1,1,1,1,1,1,1,1,1,0,1,0,1,1
12.229399750,1,1,1,1,1,1,1,1,1,0,1,1,1,1
12.229416563,1,1,1,1,1,1,1,1,1,0,1,0,1,1
12.229417125,1,1,1,1,1,1,1,1,1,0,1,1,1,1
12.229433563,1,1,1,1,1,1,1,1,1,0,1,0,1,1
12.229434125,1,1,1,1,1,1,1,1,1,0,1,1,1,1
12.229450375,1,1,1,1,1,1,1,1,1,0,1,0,1,1
12.229450937,1,1,1,1,1,1,1,1,1,0,1,1,1,1
12.229467187,1,1,1,1,1,1,1,1,1,0,1,0,1,1
12.229467750,1,1,1,1,1,1,1,1,1,0,1,1,1,1
12.229484000,1,1,1,1,1,1,1,1,1,0,1,0,1,1
12.229484562,1,1,1,1,1,1,1,1,1,0,1,1,1,1
12.229500812,1,1,1,1,1,1,1,1,1,0,1,0,1,1
12.229501313,1,1,1,1,1,1,1,1,1,0,1,1,1,1
12.229517562,1,1,1,1,1,1,1,1,1,0,1,0,1,1
12.229518125,1,1,1,1,1,1,1,1,1,0,1,1,1,1
12.229534375,1,1,1,1,1,1,1,1,1,0,1,0,1,1
12.229534938,1,1,1,1,1,1,1,1,1,0,1,1,1,1
12.229551188,1,1,1,1,1,1,1,1,1,0,1,0,1,1
12.229551750,1,1,1,1,1,1,1,1,1,0,1,1,1,1
12.229568000,1,1,1,1,1,1,1,1,1,0,1,0,1,1
12.229568563,1,1,1,1,1,1,1,1,1,0,1,1,1,1
12.229584750,1,1,1,1,1,1,1,1,1,0,1,0,1,1
12.229585312,1,1,1,1,1,1,1,1,1,0,1,1,1,1
12.229602187,1,1,1,1,1,1,1,1,1,0,1,0,1,1
12.229602750,1,1,1,1,1,1,1,1,1,0,1,1,1,1
12.229619188,1,1,1,1,1,1,1,1,1,0,1,0,1,1
12.229619750,1,1,1,1,1,1,1,1,1,0,1,1,1,1
12.229636000,1,1,1,1,1,1,1,1,1,0,1,0,1,1
12.229636500,1,1,1,1,1,1,1,1,1,0,1,1,1,1
12.229652750,1,1,1,1,1,1,1,1,1,0,1,0,1,1
12.229653312,1,1,1,1,1,1,1,1,1,0,1,1,1,1
12.229669562,1,1,1,1,1,1,1,1,1,0,1,0,1,1
12.229670125,1,1,1,1,1,1,1,1,1,0,1,1,1,1
12.229686375,1,1,1,1,1,1,1,1,1,0,1,0,1,1
12.229686938,1,1,1,1,1,1,1,1,1,0,1,1,1,1
12.229703188,1,1,1,1,1,1,1,1,1,0,1,0,1,1
12.229703750,1,1,1,1,1,1,1,1,1,0,1,1,1,1
12.229719938,1,1,1,1,1,1,1,1,1,0,1,0,1,1
12.229720500,1,1,1,1,1,1,1,1,1,0,1,1,1,1
12.229736750,1,1,1,1,1,1,1,1,1,0,1,0,1,1
12.229737312,1,1,1,1,1,1,1,1,1,0,1,1,1,1
12.229753562,1,1,1,1,1,1,1,1,1,0,1,0,1,1
12.229754125,1,1,1,1,1,1,1,1,1,0,1,1,1,1
12.229770375,1,1,1,1,1,1,1,1,1,0,1,0,1,1
12.229770937,1,1,1,1,1,1,1,1,1,0,1,1,1,1
12.229787750,1,1,1,1,1,1,1,1,1,0,1,0,1,1
12.229788313,1,1,1,1,1,1,1,1,1,0,1,1,1,1
12.229804750,1,1,1,1,1,1,1,1,1,0,1,0,1,1
12.229805312,1,1,1,1,1,1,1,1,1,0,1,1,1,1
12.229821562,1,1,1,1,1,1,1,1,1,0,1,0,1,1
12.229822125,1,1,1,1,1,1,1,1,1,0,1,1,1,1
12.229838375,1,1,1,1,1,1,1,1,1,0,1,0,1,1
12.229838938,1,1,1,1,1,1,1,1,1,0,1,1,1,1
12.229855125,1,1,1,1,1,1,1,1,1,0,1,0,1,1
12.229855688,1,1,1,1,1,1,1,1,1,0,1,1,1,1
12.229871938,1,1,1,1,1,1,1,1,1,0,1,0,1,1
12.229872500,1,1,1,1,1,1,1,1,1,0,1,1,1,1
12.229888750,1,1,1,1,1,1,1,1,1,0,1,0,1,1
12.229889312,1,1,1,1,1,1,1,1,1,0,1,1,1,1
12.229905563,1,1,1,1,1,1,1,1,1,0,1,0,1,1
12.229906125,1,1,1,1,1,1,1,1,1,0,1,1,1,1
12.229922312,1,1,1,1,1,1,1,1,1,0,1,0,1,1
12.229922875,1,1,1,1,1,1,1,1,1,0,1,1,1,1
12.229939125,1,1,1,1,1,1,1,1,1,0,1,0,1,1
12.229939687,1,1,1,1,1,1,1,1,1,0,1,1,1,1
12.229955937,1,1,1,1,1,1,1,1,1,0,1,0,1,1
12.229956500,1,1,1,1,1,1,1,1,1,0,1,1,1,1
12.229973313,1,1,1,1,1,1,1,1,1,0,1,0,1,1
12.229973875,1,1,1,1,1,1,1,1,1,0,1,1,1,1
12.229990313,1,1,1,1,1,1,1,1,1,0,1,0,1,1
12.229990875,1,1,1,1,1,1,1,1,1,0,1,1,1,1
12.230007125,1,1,1,1,1,1,1,1,1,0,1,0,1,1
12.230007688,1,1,1,1,1,1,1,1,1,0,1,1,1,1
12.230023938,1,1,1,1,1,1,1,1,1,0,1,0,1,1
12.230024500,1,1,1,1,1,1,1,1,1,0,1,1,1,1
12.230040750,1,1,1,1,1,1,1,1,1,0,1,0,1,1
12.230041312,1,1,1,1,1,1,1,1,1,0,1,1,1,1
12.230057500,1,1,1,1,1,1,1,1,1,0,1,0,1,1
12.230058062,1,1,1,1,1,1,1,1,1,0,1,1,1,1
12.230074312,1,1,1,1,1,1,1,1,1,0,1,0,1,1
12.230074875,1,1,1,1,1,1,1,1,1,0,1,1,1,1
12.230091125,1,1,1,1,1,1,1,1,1,0,1,0,1,1
12.230091687,1,1,1,1,1,1,1,1,1,0,1,1,1,1
12.230107937,1,1,1,1,1,1,1,1,1,0,1,0,1,1
12.230108500,1,1,1,1,1,1,1,1,1,0,1,1,1,1
12.230124750,1,1,1,1,1,1,1,1,1,0,1,0,1,1
12.230125250,1,1,1,1,1,1,1,1,1,0,1,1,1,1
12.230141500,1,1,1,1,1,1,1,1,1,0,1,0,1,1
12.230142063,1,1,1,1,1,1,1,1,1,0,1,1,1,1
12.230158938,1,1,1,1,1,1,1,1,1,0,1,0,1,1
12.230159500,1,1,1,1,1,1,1,1,1,0,1,1,1,1
12.230175938,1,1,1,1,1,1,1,1,1,0,1,0,1,1
12.230176500,1,1,1,1,1,1,1,1,1,0,1,1,1,1
12.230192688,1,1,1,1,1,1,1,1,1,0,1,0,1,1
12.230193250,1,1,1,1,1,1,1,1,1,0,1,1,1,1
12.230209500,1,1,1,1,1,1,1,1,1,0,1,0,1,1
12.230210062,1,1,1,1,1,1,1,1,1,0,1,1,1,1
12.230226312,1,1,1,1,1,1,1,1,1,0,1,0,1,1
12.230226875,1,1,1,1,1,1,1,1,1,0,1,1,1,1
12.230243125,1,1,1,1,1,1,1,1,1,0,1,0,1,1
12.230243687,1,1,1,1,1,1,1,1,1,0,1,1,1,1
12.230259937,1,1,1,1,1,1,1,1,1,0,1,0,1,1
12.230260438,1,1,1,1,1,1,1,1,1,0,1,1,1,1
12.230276687,1,1,1,1,1,1,1,1,1,0,1,0,1,1
12.230277250,1,1,1,1,1,1,1,1,1,0,1,1,1,1
12.230293500,1,1,1,1,1,1,1,1,1,0,1,0,1,1
12.230294063,1,1,1,1,1,1,1,1,1,0,1,1,1,1
12.230310313,1,1,1,1,1,1,1,1,1,0,1,0,1,1
12.230310875,1,1,1,1,1,1,1,1,1,0,1,1,1,1
12.230327125,1,1,1,1,1,1,1,1,1,0,1,0,1,1
12.230327688,1,1,1,1,1,1,1,1,1,0,1,1,1,1
12.230344500,1,1,1,1,1,1,1,1,1,0,1,0,1,1
12.230345062,1,1,1,1,1,1,1,1,1,0,1,1,1,1
12.230361500,1,1,1,1,1,1,1,1,1,0,1,0,1,1
12.230362062,1,1,1,1,1,1,1,1,1,0,1,1,1,1
12.230378312,1,1,1,1,1,1,1,1,1,0,1,0,1,1
12.230378875,1,1,1,1,1,1,1,1,1,0,1,1,1,1
12.230395125,1,1,1,1,1,1,1,1,1,0,1,0,1,1
12.230395625,1,1,1,1,1,1,1,1,1,0,1,1,1,1
12.230411875,1,1,1,1,1,1,1,1,1,0,1,0,1,1
12.230412438,1,1,1,1,1,1,1,1,1,0,1,1,1,1
12.230428687,1,1,1,1,1,1,1,1,1,0,1,0,1,1
12.230429250,1,1,1,1,1,1,1,1,1,0,1,1,1,1
12.230445500,1,1,1,1,1,1,1,1,1,0,1,0,1,1
12.230446063,1,1,1,1,1,1,1,1,1,0,1,1,1,1
12.230462313,1,1,1,1,1,1,1,1,1,0,1,0,1,1
12.230462875,1,1,1,1,1,1,1,1,1,0,1,1,1,1
12.230479063,1,1,1,1,1,1,1,1,1,0,1,0,1,1
12.230479625,1,1,1,1,1,1,1,1,1,0,1,1,1,1
12.230495875,1,1,1,1,1,1,1,1,1,0,1,0,1,1
12.230496437,1,1,1,1,1,1,1,1,1,0,1,1,1,1
12.230512687,1,1,1,1,1,1,1,1,1,0,1,0,1,1
12.230513250,1,1,1,1,1,1,1,1,1,0,1,1,1,1
12.230530062,1,1,1,1,1,1,1,1,1,0,1,0,1,1
12.230530625,1,1,1,1,1,1,1,1,1,0,1,1,1,1
12.230547062,1,1,1,1,1,1,1,1,1,0,1,0,1,1
12.230547625,1,1,1,1,1,1,1,1,1,0,1,1,1,1
12.230563875,1,1,1,1,1,1,1,1,1,0,1,0,1,1
12.230564437,1,1,1,1,1,1,1,1,1,0,1,1,1,1
12.230580687,1,1,1,1,1,1,1,1,1,0,1,0,1,1
12.230581250,1,1,1,1,1,1,1,1,1,0,1,1,1,1
12.230597500,1,1,1,1,1,1,1,1,1,0,1,0,1,1
12.230598000,1,1,1,1,1,1,1,1,1,0,1,1,1,1
12.230614250,1,1,1,1,1,1,1,1,1,0,1,0,1,1
12.230614813,1,1,1,1,1,1,1,1,1,0,1,1,1,1
12.230631063,1,1,1,1,1,1,1,1,1,0,1,0,1,1
12.230631625,1,1,1,1,1,1,1,1,1,0,1,1,1,1
12.230647875,1,1,1,1,1,1,1,1,1,0,1,0,1,1
12.230648437,1,1,1,1,1,1,1,1,1,0,1,1,1,1
12.230664687,1,1,1,1,1,1,1,1,1,0,1,0,1,1
12.230665250,1,1,1,1,1,1,1,1,1,0,1,1,1,1
12.230681437,1,1,1,1,1,1,1,1,1,0,1,0,1,1
12.230682000,1,1,1,1,1,1,1,1,1,0,1,1,1,1
12.230698250,1,1,1,1,1,1,1,1,1,0,1,0,1,1
12.230698813,1,1,1,1,1,1,1,1,1,0,1,1,1,1
12.230715688,1,1,1,1,1,1,1,1,1,0,1,0,1,1
12.230716250,1,1,1,1,1,1,1,1,1,0,1,1,1,1
12.230732687,1,1,1,1,1,1,1,1,1,0,1,0,1,1
12.230733188,1,1,1,1,1,1,1,1,1,0,1,1,1,1
12.230749438,1,1,1,1,1,1,1,1,1,0,1,0,1,1
12.230750000,1,1,1,1,1,1,1,1,1,0,1,1,1,1
12.230766250,1,1,1,1,1,1,1,1,1,0,1,0,1,1
12.230766813,1,1,1,1,1,1,1,1,1,0,1,1,1,1
12.230783063,1,1,1,1,1,1,1,1,1,0,1,0,1,1
12.230783625,1,1,1,1,1,1,1,1,1,0,1,1,1,1
12.230799875,1,1,1,1,1,1,1,1,1,0,1,0,1,1
12.230800437,1,1,1,1,1,1,1,1,1,0,1,1,1,1
12.230816625,1,1,1,1,1,1,1,1,1,0,1,0,1,1
12.230817187,1,1,1,1,1,1,1,1,1,0,1,1,1,1
12.230833437,1,1,1,1,1,1,1,1,1,0,1,0,1,1
12.230834000,1,1,1,1,1,1,1,1,1,0,1,1,1,1
12.230850250,1,1,1,1,1,1,1,1,1,0,1,0,1,1
12.230850812,1,1,1,1,1,1,1,1,1,0,1,1,1,1
12.230867062,1,1,1,1,1,1,1,1,1,0,1,0,1,1
12.230867625,1,1,1,1,1,1,1,1,1,0,1,1,1,1
12.230883875,1,1,1,1,1,1,1,1,1,0,1,0,1,1
12.230884375,1,1,1,1,1,1,1,1,1,0,1,1,1,1
12.230901250,1,1,1,1,1,1,1,1,1,0,1,0,1,1
12.230901813,1,1,1,1,1,1,1,1,1,0,1,1,1,1
12.230918250,1,1,1,1,1,1,1,1,1,0,1,0,1,1
12.230918813,1,1,1,1,1,1,1,1,1,0,1,1,1,1
12.230935063,1,1,1,1,1,1,1,1,1,0,1,0,1,1
12.230935625,1,1,1,1,1,1,1,1,1,0,1,1,1,1
12.230951813,1,1,1,1,1,1,1,1,1,0,1,0,1,1
12.230952375,1,1,1,1,1,1,1,1,1,0,1,1,1,1
12.230968625,1,1,1,1,1,1,1,1,1,0,1,0,1,1
12.230969187,1,1,1,1,1,1,1,1,1,0,1,1,1,1
12.230985437,1,1,1,1,1,1,1,1,1,0,1,0,1,1
12.230986000,1,1,1,1,1,1,1,1,1,0,1,1,1,1
12.231002250,1,1,1,1,1,1,1,1,1,0,1,0,1,1
12.231002812,1,1,1,1,1,1,1,1,1,0,1,1,1,1
12.231563375,1,1,1,1,1,1,1,1,1,0,0,1,1,1
12.231563562,1,1,1,1,1,1,1,1,1,1,0,1,1,1
12.231565812,1,0,0,1,1,1,0,1,1,1,0,1,1,1
12.231591313,1,1,1,1,1,1,1,1,1,1,0,1,1,1
12.231591375,0,0,0,0,0,1,0,1,1,1,0,1,1,1
12.231601375,0,0,0,0,0,1,0,1,1,0,0,1,1,1
12.231601500,0,0,0,0,0,1,0,1,1,0,0,1,0,1
12.231711312,0,0,0,0,0,1,0,1,1,0,0,0,0,1
12.231763625,0,0,0,0,0,1,0,1,1,1,0,0,0,1
12.231763813,0,0,0,0,0,1,0,1,1,1,0,0,1,1
12.231971125,0,0,0,0,0,1,0,1,1,0,0,0,1,1
12.231972813,0,0,0,0,0,1,0,1,1,0,0,1,1,1
14.661125438,1,1,1,1,1,1,1,1,1,0,0,1,1,1
14.661125563,1,1,1,1,1,1,1,1,1,0,1,1,1,1
14.661132250,1,1,1,1,1,1,1,1,1,0,0,1,1,1
14.661132375,0,0,0,0,0,1,0,1,1,0,0,1,1,1
14.661263875,1,1,0,1,0,1,1,1,1,0,0,1,1,1
14.661266750,1,1,0,1,0,1,1,1,1,0,0,1,0,1
14.661299375,1,1,0,1,0,1,1,1,1,0,0,0,0,1
14.661357750,1,1,0,1,0,1,1,1,1,1,0,0,0,1
14.661357938,1,1,0,1,0,1,1,1,1,1,0,0,1,1
14.661565062,1,1,0,1,0,1,1,1,1,0,0,0,1,1
14.661566562,1,1,0,1,0,1,1,1,1,0,0,1,1,1
16.298517375,0,1,0,1,1,0,1,1,1,0,0,1,1,1
16.298520250,0,1,0,1,1,0,1,1,1,0,0,1,0,1
16.298621812,0,1,0,1,1,0,1,1,1,0,0,0,0,1
16.298675437,0,1,0,1,1,0,1,1,1,1,0,0,0,1
16.298675625,0,1,0,1,1,0,1,1,1,1,0,0,1,1
16.298951375,0,1,0,1,1,0,1,1,1,0,0,0,1,1
16.298954188,0,1,0,1,1,0,1,1,1,0,0,1,1,1
16.299691875,0,1,0,1,1,0,1,1,1,0,1,1,1,1
16.299722187,0,1,1,1,1,1,1,1,1,0,1,1,1,1
16.299725313,0,1,1,1,1,1,1,1,1,0,1,1,0,1
16.299807500,0,1,1,1,1,1,1,1,1,0,1,0,0,1
16.299832125,0,1,1,1,1,1,1,1,1,1,1,0,0,1
16.299832313,0,1,1,1,1,1,1,1,1,1,1,0,1,1
16.299832937,1,1,1,1,1,1,1,1,1,1,1,0,1,1
16.300105062,1,1,1,1,1,1,1,1,1,0,1,0,1,1
16.300107437,1,1,1,1,1,1,1,1,1,0,1,1,1,1
16.300107625,1,1,1,1,1,1,1,1,1,0,1,1,0,1
16.300318188,1,1,1,1,1,1,1,1,1,0,1,0,0,1
16.300349562,1,1,1,1,1,1,1,1,1,1,1,0,0,1
16.300349687,1,1,1,1,1,1,1,1,1,1,1,0,1,1
16.300555813,1,1,1,1,1,1,1,1,1,0,1,0,1,1
16.300557250,1,1,1,1,1,1,1,1,1,0,1,1,1,1
16.300557438,1,1,1,1,1,1,1,1,1,0,1,1,0,1
16.300764812,1,1,1,1,1,1,1,1,1,0,1,0,0,1
16.300783813,1,1,1,1,1,1,1,1,1,1,1,0,0,1
16.300783938,1,1,1,1,1,1,1,1,1,1,1,0,1,1
16.301053375,1,1,1,1,1,1,1,1,1,0,1,0,1,1
16.301055500,1,1,1,1,1,1,1,1,1,0,1,1,1,1
16.301055687,1,1,1,1,1,1,1,1,1,0,1,1,0,1
16.301263813,1,1,1,1,1,1,1,1,1,0,1,0,0,1
16.301294250,1,1,1,1,1,1,1,1,1,1,1,0,0,1
16.301294375,1,1,1,1,1,1,1,1,1,1,1,0,1,1
16.301501125,1,1,1,1,1,1,1,1,1,0,1,0,1,1
16.301502500,1,1,1,1,1,1,1,1,1,0,1,1,1,1
16.301502688,1,1,1,1,1,1,1,1,1,0,1,1,0,1
16.301708687,1,1,1,1,1,1,1,1,1,0,1,0,0,1
16.301729563,1,1,1,1,1,1,1,1,1,1,1,0,0,1
16.301729687,1,1,1,1,1,1,1,1,1,1,1,0,1,1
16.301934750,1,1,1,1,1,1,1,1,1,0,1,0,1,1
16.301936188,1,1,1,1,1,1,1,1,1,0,1,1,1,1
16.301936375,1,1,1,1,1,1,1,1,1,0,1,1,0,1
16.302202188,1,1,1,1,1,1,1,1,1,0,1,0,0,1
16.302233375,1,1,1,1,1,1,1,1,1,1,1,0,0,1
16.302233562,1,1,1,1,1,1,1,1,1,1,1,0,1,1
16.302442563,1,1,1,1,1,1,1,1,1,0,1,0,1,1
16.302444250,1,1,1,1,1,1,1,1,1,0,1,1,1,1
16.302444375,1,1,1,1,1,1,1,1,1,0,1,1,0,1
16.302651562,1,1,1,1,1,1,1,1,1,0,1,0,0,1
16.302670750,1,1,1,1,1,1,1,1,1,1,1,0,0,1
16.302670875,1,1,1,1,1,1,1,1,1,1,1,0,1,1
16.302671500,1,1,0,1,0,0,1,1,1,1,1,0,1,1
16.302875875,1,1,0,1,0,0,1,1,1,0,1,0,1,1
16.302877187,1,1,0,1,0,0,1,1,1,0,1,1,1,1
16.302877375,1,1,0,1,0,0,1,1,1,0,1,1,0,1
16.303213000,1,1,0,1,0,0,1,1,1,0,1,0,0,1
16.303250500,1,1,0,1,0,0,1,1,1,1,1,0,0,1
16.303250688,1,1,0,1,0,0,1,1,1,1,1,0,1,1
16.303251437,1,1,1,1,1,1,1,1,1,1,1,0,1,1
16.303459500,1,1,1,1,1,1,1,1,1,0,1,0,1,1
16.303461375,1,1,1,1,1,1,1,1,1,0,1,1,1,1
16.303461563,1,1,1,1,1,1,1,1,1,0,1,1,0,1
16.303670687,1,1,1,1,1,1,1,1,1,0,1,0,0,1
16.303692812,1,1,1,1,1,1,1,1,1,1,1,0,0,1
16.303692937,1,1,1,1,1,1,1,1,1,1,1,0,1,1
16.303897938,1,1,1,1,1,1,1,1,1,0,1,0,1,1
16.303899188,1,1,1,1,1,1,1,1,1,0,1,1,1,1
16.304337187,1,1,1,1,1,1,1,1,1,0,1,1,1,0
16.304340062,1,1,1,1,1,1,1,1,1,0,1,1,0,0
16.304353187,1,1,1,1,1,1,1,1,1,0,0,1,0,0
16.304353250,1,1,1,1,1,1,1,1,1,0,0,1,0,1
16.304353438,1,1,1,1,1,1,1,1,1,0,0,1,1,1
16.304377375,0,0,1,1,0,1,1,1,1,0,0,1,1,1
16.304377438,1,1,1,1,1,1,1,1,1,0,0,1,1,1
16.304377500,0,0,0,0,0,0,1,1,1,0,0,1,1,1
16.304380250,0,0,0,0,0,0,1,1,1,0,0,1,0,1
16.304471813,0,0,0,0,0,0,1,1,1,0,0,0,0,1
16.304501063,0,0,0,0,0,0,1,1,1,1,0,0,0,1
16.304501188,0,0,0,0,0,0,1,1,1,1,0,0,1,1
16.304706938,0,0,0,0,0,0,1,1,1,0,0,0,1,1
16.304708563,0,0,0,0,0,0,1,1,1,0,0,1,1,1
16.306393187,0,1,0,1,1,1,0,1,1,0,0,1,1,1
16.306396062,0,1,0,1,1,1,0,1,1,0,0,1,0,1
16.306444187,0,1,0,1,1,1,0,1,1,0,0,0,0,1
16.306480125,0,1,0,1,1,1,0,1,1,1,0,0,0,1
16.306480312,0,1,0,1,1,1,0,1,1,1,0,0,1,1
16.306719875,0,1,0,1,1,1,0,1,1,0,0,0,1,1
16.306721813,0,1,0,1,1,1,0,1,1,0,0,1,1,1
16.307228125,0,1,0,1,1,1,0,1,1,0,1,1,1,1
16.307228188,1,1,1,1,1,1,1,1,1,0,1,0,1,1
16.307228375,1,1,1,1,1,1,1,1,1,0,1,1,1,1
21.411806625,1,1,1,1,1,1,1,1,1,0,1,0,1,1
21.411807500,1,1,1,1,1,1,1,1,1,0,1,1,1,1
21.412225000,1,1,1,1,1,1,1,1,1,0,1,0,1,1
21.412225813,1,1,1,1,1,1,1,1,1,0,1,1,1,1
21.412229000,1,1,1,1,1,1,1,1,1,0,1,0,1,1
21.412229813,1,1,1,1,1,1,1,1,1,0,1,1,1,1
21.412233000,1,1,1,1,1,1,1,1,1,0,1,0,1,1
21.412233812,1,1,1,1,1,1,1,1,1,0,1,1,1,1
21.412237000,1,1,1,1,1,1,1,1,1,0,1,0,1,1
21.412237812,1,1,1,1,1,1,1,1,1,0,1,1,1,1
21.412241000,1,1,1,1,1,1,1,1,1,0,1,0,1,1
21.412241812,1,1,1,1,1,1,1,1,1,0,1,1,1,1
21.412245188,1,1,1,1,1,1,1,1,1,0,1,0,1,1
21.412246000,1,1,1,1,1,1,1,1,1,0,1,1,1,1
21.412249375,1,1,1,1,1,1,1,1,1,0,1,0,1,1
21.412250250,1,1,1,1,1,1,1,1,1,0,1,1,1,1
21.412253750,1,1,1,1,1,1,1,1,1,0,1,0,1,1
21.412254625,1,1,1,1,1,1,1,1,1,0,1,1,1,1
21.412258000,1,1,1,1,1,1,1,1,1,0,1,0,1,1
21.412258812,1,1,1,1,1,1,1,1,1,0,1,1,1,1
21.412262188,1,1,1,1,1,1,1,1,1,0,1,0,1,1
21.412263000,1,1,1,1,1,1,1,1,1,0,1,1,1,1
21.412266563,1,1,1,1,1,1,1,1,1,0,1,0,1,1
21.412267437,1,1,1,1,1,1,1,1,1,0,1,1,1,1
21.412270750,1,1,1,1,1,1,1,1,1,0,1,0,1,1
21.412271625,1,1,1,1,1,1,1,1,1,0,1,1,1,1
21.412274750,1,1,1,1,1,1,1,1,1,0,1,0,1,1
21.412275625,1,1,1,1,1,1,1,1,1,0,1,1,1,1
21.412278750,1,1,1,1,1,1,1,1,1,0,1,0,1,1
21.412279625,1,1,1,1,1,1,1,1,1,0,1,1,1,1
21.412282750,1,1,1,1,1,1,1,1,1,0,1,0,1,1
21.412283625,1,1,1,1,1,1,1,1,1,0,1,1,1,1
21.412286750,1,1,1,1,1,1,1,1,1,0,1,0,1,1
21.412287625,1,1,1,1,1,1,1,1,1,0,1,1,1,1
21.412290750,1,1,1,1,1,1,1,1,1,0,1,0,1,1
21.412291625,1,1,1,1,1,1,1,1,1,0,1,1,1,1
21.412294750,1,1,1,1,1,1,1,1,1,0,1,0,1,1
21.412295625,1,1,1,1,1,1,1,1,1,0,1,1,1,1
21.412298750,1,1,1,1,1,1,1,1,1,0,1,0,1,1
21.412299625,1,1,1,1,1,1,1,1,1,0,1,1,1,1
21.412302750,1,1,1,1,1,1,1,1,1,0,1,0,1,1
21.412303625,1,1,1,1,1,1,1,1,1,0,1,1,1,1
21.412307000,1,1,1,1,1,1,1,1,1,0,1,0,1,1
21.412307812,1,1,1,1,1,1,1,1,1,0,1,1,1,1
21.412311375,1,1,1,1,1,1,1,1,1,0,1,0,1,1
21.412312250,1,1,1,1,1,1,1,1,1,0,1,1,1,1
21.412315563,1,1,1,1,1,1,1,1,1,0,1,0,1,1
21.412316437,1,1,1,1,1,1,1,1,1,0,1,1,1,1
21.412319750,1,1,1,1,1,1,1,1,1,0,1,0,1,1
21.412320625,1,1,1,1,1,1,1,1,1,0,1,1,1,1
21.412324188,1,1,1,1,1,1,1,1,1,0,1,0,1,1
21.412325000,1,1,1,1,1,1,1,1,1,0,1,1,1,1
21.412328375,1,1,1,1,1,1,1,1,1,0,1,0,1,1
21.412329187,1,1,1,1,1,1,1,1,1,0,1,1,1,1
21.412332563,1,1,1,1,1,1,1,1,1,0,1,0,1,1
21.412333437,1,1,1,1,1,1,1,1,1,0,1,1,1,1
21.412336562,1,1,1,1,1,1,1,1,1,0,1,0,1,1
21.412337437,1,1,1,1,1,1,1,1,1,0,1,1,1,1
21.412340562,1,1,1,1,1,1,1,1,1,0,1,0,1,1
21.412341438,1,1,1,1,1,1,1,1,1,0,1,1,1,1
21.412344562,1,1,1,1,1,1,1,1,1,0,1,0,1,1
21.412345438,1,1,1,1,1,1,1,1,1,0,1,1,1,1
21.412348563,1,1,1,1,1,1,1,1,1,0,1,0,1,1
21.412349438,1,1,1,1,1,1,1,1,1,0,1,1,1,1
21.412352563,1,1,1,1,1,1,1,1,1,0,1,0,1,1
21.412353437,1,1,1,1,1,1,1,1,1,0,1,1,1,1
21.412356563,1,1,1,1,1,1,1,1,1,0,1,0,1,1
21.412357437,1,1,1,1,1,1,1,1,1,0,1,1,1,1
21.412360563,1,1,1,1,1,1,1,1,1,0,1,0,1,1
21.412361437,1,1,1,1,1,1,1,1,1,0,1,1,1,1
21.412364562,1,1,1,1,1,1,1,1,1,0,1,0,1,1
21.412365438,1,1,1,1,1,1,1,1,1,0,1,1,1,1
21.412368937,1,1,1,1,1,1,1,1,1,0,1,0,1,1
21.412369812,1,1,1,1,1,1,1,1,1,0,1,1,1,1
21.412373187,1,1,1,1,1,1,1,1,1,0,1,0,1,1
21.412374000,1,1,1,1,1,1,1,1,1,0,1,1,1,1
21.412377375,1,1,1,1,1,1,1,1,1,0,1,0,1,1
21.412378187,1,1,1,1,1,1,1,1,1,0,1,1,1,1
21.412381750,1,1,1,1,1,1,1,1,1,0,1,0,1,1
21.412382625,1,1,1,1,1,1,1,1,1,0,1,1,1,1
21.412385938,1,1,1,1,1,1,1,1,1,0,1,0,1,1
21.412386812,1,1,1,1,1,1,1,1,1,0,1,1,1,1
21.412390188,1,1,1,1,1,1,1,1,1,0,1,0,1,1
21.412391000,1,1,1,1,1,1,1,1,1,0,1,1,1,1
21.412394563,1,1,1,1,1,1,1,1,1,0,1,0,1,1
21.412395437,1,1,1,1,1,1,1,1,1,0,1,1,1,1
21.412398563,1,1,1,1,1,1,1,1,1,0,1,0,1,1
21.412399437,1,1,1,1,1,1,1,1,1,0,1,1,1,1
21.412402562,1,1,1,1,1,1,1,1,1,0,1,0,1,1
21.412403438,1,1,1,1,1,1,1,1,1,0,1,1,1,1
21.412406562,1,1,1,1,1,1,1,1,1,0,1,0,1,1
21.412407438,1,1,1,1,1,1,1,1,1,0,1,1,1,1
21.412410562,1,1,1,1,1,1,1,1,1,0,1,0,1,1
21.412411438,1,1,1,1,1,1,1,1,1,0,1,1,1,1
21.412414563,1,1,1,1,1,1,1,1,1,0,1,0,1,1
21.412415375,1,1,1,1,1,1,1,1,1,0,1,1,1,1
21.412418563,1,1,1,1,1,1,1,1,1,0,1,0,1,1
21.412419437,1,1,1,1,1,1,1,1,1,0,1,1,1,1
21.412422563,1,1,1,1,1,1,1,1,1,0,1,0,1,1
21.412423437,1,1,1,1,1,1,1,1,1,0,1,1,1,1
21.412426562,1,1,1,1,1,1,1,1,1,0,1,0,1,1
21.412427437,1,1,1,1,1,1,1,1,1,0,1,1,1,1
21.412430750,1,1,1,1,1,1,1,1,1,0,1,0,1,1
21.412431625,1,1,1,1,1,1,1,1,1,0,1,1,1,1
21.412451875,1,1,1,1,1,1,1,1,1,0,1,0,1,1
21.412452438,1,1,1,1,1,1,1,1,1,0,1,1,1,1
21.412468875,1,1,1,1,1,1,1,1,1,0,1,0,1,1
21.412469438,1,1,1,1,1,1,1,1,1,0,1,1,1,1
21.412485687,1,1,1,1,1,1,1,1,1,0,1,0,1,1
21.412486188,1,1,1,1,1,1,1,1,1,0,1,1,1,1
21.412503063,1,1,1,1,1,1,1,1,1,0,1,0,1,1
21.412503625,1,1,1,1,1,1,1,1,1,0,1,1,1,1
21.412520063,1,1,1,1,1,1,1,1,1,0,1,0,1,1
21.412520625,1,1,1,1,1,1,1,1,1,0,1,1,1,1
21.412536875,1,1,1,1,1,1,1,1,1,0,1,0,1,1
21.412537437,1,1,1,1,1,1,1,1,1,0,1,1,1,1
21.412554250,1,1,1,1,1,1,1,1,1,0,1,0,1,1
21.412554813,1,1,1,1,1,1,1,1,1,0,1,1,1,1
21.412571250,1,1,1,1,1,1,1,1,1,0,1,0,1,1
21.412571813,1,1,1,1,1,1,1,1,1,0,1,1,1,1
21.412588250,1,1,1,1,1,1,1,1,1,0,1,0,1,1
21.412588813,1,1,1,1,1,1,1,1,1,0,1,1,1,1
21.412605062,1,1,1,1,1,1,1,1,1,0,1,0,1,1
21.412605625,1,1,1,1,1,1,1,1,1,0,1,1,1,1
21.412621812,1,1,1,1,1,1,1,1,1,0,1,0,1,1
21.412622375,1,1,1,1,1,1,1,1,1,0,1,1,1,1
21.412638625,1,1,1,1,1,1,1,1,1,0,1,0,1,1
21.412639188,1,1,1,1,1,1,1,1,1,0,1,1,1,1
21.412655437,1,1,1,1,1,1,1,1,1,0,1,0,1,1
21.412656000,1,1,1,1,1,1,1,1,1,0,1,1,1,1
21.412672625,1,1,1,1,1,1,1,1,1,0,1,0,1,1
21.412673188,1,1,1,1,1,1,1,1,1,0,1,1,1,1
21.412689625,1,1,1,1,1,1,1,1,1,0,1,0,1,1
21.412690188,1,1,1,1,1,1,1,1,1,0,1,1,1,1
21.412706625,1,1,1,1,1,1,1,1,1,0,1,0,1,1
21.412707188,1,1,1,1,1,1,1,1,1,0,1,1,1,1
21.412723437,1,1,1,1,1,1,1,1,1,0,1,0,1,1
21.412724000,1,1,1,1,1,1,1,1,1,0,1,1,1,1
21.412740813,1,1,1,1,1,1,1,1,1,0,1,0,1,1
21.412741375,1,1,1,1,1,1,1,1,1,0,1,1,1,1
21.412757813,1,1,1,1,1,1,1,1,1,0,1,0,1,1
21.412758375,1,1,1,1,1,1,1,1,1,0,1,1,1,1
21.412774625,1,1,1,1,1,1,1,1,1,0,1,0,1,1
21.412775187,1,1,1,1,1,1,1,1,1,0,1,1,1,1
21.412791438,1,1,1,1,1,1,1,1,1,0,1,0,1,1
21.412792000,1,1,1,1,1,1,1,1,1,0,1,1,1,1
21.412808250,1,1,1,1,1,1,1,1,1,0,1,0,1,1
21.412808812,1,1,1,1,1,1,1,1,1,0,1,1,1,1
21.412825000,1,1,1,1,1,1,1,1,1,0,1,0,1,1
21.412825562,1,1,1,1,1,1,1,1,1,0,1,1,1,1
21.412841813,1,1,1,1,1,1,1,1,1,0,1,0,1,1
21.412842375,1,1,1,1,1,1,1,1,1,0,1,1,1,1
21.412858625,1,1,1,1,1,1,1,1,1,0,1,0,1,1
21.412859188,1,1,1,1,1,1,1,1,1,0,1,1,1,1
21.412875437,1,1,1,1,1,1,1,1,1,0,1,0,1,1
21.412876000,1,1,1,1,1,1,1,1,1,0,1,1,1,1
21.412892187,1,1,1,1,1,1,1,1,1,0,1,0,1,1
21.412892750,1,1,1,1,1,1,1,1,1,0,1,1,1,1
21.412909000,1,1,1,1,1,1,1,1,1,0,1,0,1,1
21.412909563,1,1,1,1,1,1,1,1,1,0,1,1,1,1
21.412926438,1,1,1,1,1,1,1,1,1,0,1,0,1,1
21.412927000,1,1,1,1,1,1,1,1,1,0,1,1,1,1
21.412943438,1,1,1,1,1,1,1,1,1,0,1,0,1,1
21.412943937,1,1,1,1,1,1,1,1,1,0,1,1,1,1
21.412960188,1,1,1,1,1,1,1,1,1,0,1,0,1,1
21.412960750,1,1,1,1,1,1,1,1,1,0,1,1,1,1
21.412977000,1,1,1,1,1,1,1,1,1,0,1,0,1,1
21.412977563,1,1,1,1,1,1,1,1,1,0,1,1,1,1
21.412993813,1,1,1,1,1,1,1,1,1,0,1,0,1,1
21.412994375,1,1,1,1,1,1,1,1,1,0,1,1,1,1
21.413010625,1,1,1,1,1,1,1,1,1,0,1,0,1,1
21.413011188,1,1,1,1,1,1,1,1,1,0,1,1,1,1
21.413027375,1,1,1,1,1,1,1,1,1,0,1,0,1,1
21.413027938,1,1,1,1,1,1,1,1,1,0,1,1,1,1
21.413044187,1,1,1,1,1,1,1,1,1,0,1,0,1,1
21.413044750,1,1,1,1,1,1,1,1,1,0,1,1,1,1
21.413061000,1,1,1,1,1,1,1,1,1,0,1,0,1,1
21.413061563,1,1,1,1,1,1,1,1,1,0,1,1,1,1
21.413077812,1,1,1,1,1,1,1,1,1,0,1,0,1,1
21.413078313,1,1,1,1,1,1,1,1,1,0,1,1,1,1
21.413094625,1,1,1,1,1,1,1,1,1,0,1,0,1,1
21.413095125,1,1,1,1,1,1,1,1,1,0,1,1,1,1
21.413112000,1,1,1,1,1,1,1,1,1,0,1,0,1,1
21.413112563,1,1,1,1,1,1,1,1,1,0,1,1,1,1
21.413129000,1,1,1,1,1,1,1,1,1,0,1,0,1,1
21.413129562,1,1,1,1,1,1,1,1,1,0,1,1,1,1
21.413145813,1,1,1,1,1,1,1,1,1,0,1,0,1,1
21.413146375,1,1,1,1,1,1,1,1,1,0,1,1,1,1
21.413162562,1,1,1,1,1,1,1,1,1,0,1,0,1,1
21.413163125,1,1,1,1,1,1,1,1,1,0,1,1,1,1
21.413179375,1,1,1,1,1,1,1,1,1,0,1,0,1,1
21.413179938,1,1,1,1,1,1,1,1,1,0,1,1,1,1
21.413196187,1,1,1,1,1,1,1,1,1,0,1,0,1,1
21.413196750,1,1,1,1,1,1,1,1,1,0,1,1,1,1
21.413213000,1,1,1,1,1,1,1,1,1,0,1,0,1,1
21.413213563,1,1,1,1,1,1,1,1,1,0,1,1,1,1
21.413229812,1,1,1,1,1,1,1,1,1,0,1,0,1,1
21.413230313,1,1,1,1,1,1,1,1,1,0,1,1,1,1
21.413246562,1,1,1,1,1,1,1,1,1,0,1,0,1,1
21.413247125,1,1,1,1,1,1,1,1,1,0,1,1,1,1
21.413263375,1,1,1,1,1,1,1,1,1,0,1,0,1,1
21.413263937,1,1,1,1,1,1,1,1,1,0,1,1,1,1
21.413280187,1,1,1,1,1,1,1,1,1,0,1,0,1,1
21.413280750,1,1,1,1,1,1,1,1,1,0,1,1,1,1
21.413297562,1,1,1,1,1,1,1,1,1,0,1,0,1,1
21.413298125,1,1,1,1,1,1,1,1,1,0,1,1,1,1
21.413314562,1,1,1,1,1,1,1,1,1,0,1,0,1,1
21.413315125,1,1,1,1,1,1,1,1,1,0,1,1,1,1
21.413331375,1,1,1,1,1,1,1,1,1,0,1,0,1,1
21.413331938,1,1,1,1,1,1,1,1,1,0,1,1,1,1
21.413348187,1,1,1,1,1,1,1,1,1,0,1,0,1,1
21.413348750,1,1,1,1,1,1,1,1,1,0,1,1,1,1
21.413365000,1,1,1,1,1,1,1,1,1,0,1,0,1,1
21.413365500,1,1,1,1,1,1,1,1,1,0,1,1,1,1
21.413381750,1,1,1,1,1,1,1,1,1,0,1,0,1,1
21.413382313,1,1,1,1,1,1,1,1,1,0,1,1,1,1
21.413398562,1,1,1,1,1,1,1,1,1,0,1,0,1,1
21.413399125,1,1,1,1,1,1,1,1,1,0,1,1,1,1
21.413415375,1,1,1,1,1,1,1,1,1,0,1,0,1,1
21.413415938,1,1,1,1,1,1,1,1,1,0,1,1,1,1
21.413432187,1,1,1,1,1,1,1,1,1,0,1,0,1,1
21.413432750,1,1,1,1,1,1,1,1,1,0,1,1,1,1
21.413448938,1,1,1,1,1,1,1,1,1,0,1,0,1,1
21.413449500,1,1,1,1,1,1,1,1,1,0,1,1,1,1
21.413465750,1,1,1,1,1,1,1,1,1,0,1,0,1,1
21.413466312,1,1,1,1,1,1,1,1,1,0,1,1,1,1
21.413483187,1,1,1,1,1,1,1,1,1,0,1,0,1,1
21.413483688,1,1,1,1,1,1,1,1,1,0,1,1,1,1
21.413500187,1,1,1,1,1,1,1,1,1,0,1,0,1,1
21.413500688,1,1,1,1,1,1,1,1,1,0,1,1,1,1
21.413516937,1,1,1,1,1,1,1,1,1,0,1,0,1,1
21.413517500,1,1,1,1,1,1,1,1,1,0,1,1,1,1
21.413533750,1,1,1,1,1,1,1,1,1,0,1,0,1,1
21.413534313,1,1,1,1,1,1,1,1,1,0,1,1,1,1
21.413550562,1,1,1,1,1,1,1,1,1,0,1,0,1,1
21.413551125,1,1,1,1,1,1,1,1,1,0,1,1,1,1
21.413567375,1,1,1,1,1,1,1,1,1,0,1,0,1,1
21.413567875,1,1,1,1,1,1,1,1,1,0,1,1,1,1
21.413584125,1,1,1,1,1,1,1,1,1,0,1,0,1,1
21.413584687,1,1,1,1,1,1,1,1,1,0,1,1,1,1
21.413600938,1,1,1,1,1,1,1,1,1,0,1,0,1,1
21.413601500,1,1,1,1,1,1,1,1,1,0,1,1,1,1
21.413617750,1,1,1,1,1,1,1,1,1,0,1,0,1,1
21.413618312,1,1,1,1,1,1,1,1,1,0,1,1,1,1
21.413634563,1,1,1,1,1,1,1,1,1,0,1,0,1,1
21.413635125,1,1,1,1,1,1,1,1,1,0,1,1,1,1
21.413651313,1,1,1,1,1,1,1,1,1,0,1,0,1,1
21.413651875,1,1,1,1,1,1,1,1,1,0,1,1,1,1
21.413668750,1,1,1,1,1,1,1,1,1,0,1,0,1,1
21.413669313,1,1,1,1,1,1,1,1,1,0,1,1,1,1
21.413685750,1,1,1,1,1,1,1,1,1,0,1,0,1,1
21.413686313,1,1,1,1,1,1,1,1,1,0,1,1,1,1
21.413702562,1,1,1,1,1,1,1,1,1,0,1,0,1,1
21.413703063,1,1,1,1,1,1,1,1,1,0,1,1,1,1
21.413719312,1,1,1,1,1,1,1,1,1,0,1,0,1,1
21.413719875,1,1,1,1,1,1,1,1,1,0,1,1,1,1
21.413736125,1,1,1,1,1,1,1,1,1,0,1,0,1,1
21.413736687,1,1,1,1,1,1,1,1,1,0,1,1,1,1
21.413752937,1,1,1,1,1,1,1,1,1,0,1,0,1,1
21.413753500,1,1,1,1,1,1,1,1,1,0,1,1,1,1
21.413769750,1,1,1,1,1,1,1,1,1,0,1,0,1,1
21.413770312,1,1,1,1,1,1,1,1,1,0,1,1,1,1
21.413786500,1,1,1,1,1,1,1,1,1,0,1,0,1,1
21.413787062,1,1,1,1,1,1,1,1,1,0,1,1,1,1
21.413803313,1,1,1,1,1,1,1,1,1,0,1,0,1,1
21.413803875,1,1,1,1,1,1,1,1,1,0,1,1,1,1
21.413820125,1,1,1,1,1,1,1,1,1,0,1,0,1,1
21.413820687,1,1,1,1,1,1,1,1,1,0,1,1,1,1
21.413836938,1,1,1,1,1,1,1,1,1,0,1,0,1,1
21.413837500,1,1,1,1,1,1,1,1,1,0,1,1,1,1
21.413854312,1,1,1,1,1,1,1,1,1,0,1,0,1,1
21.413854875,1,1,1,1,1,1,1,1,1,0,1,1,1,1
21.413871312,1,1,1,1,1,1,1,1,1,0,1,0,1,1
21.413871875,1,1,1,1,1,1,1,1,1,0,1,1,1,1
21.413888125,1,1,1,1,1,1,1,1,1,0,1,0,1,1
21.413888687,1,1,1,1,1,1,1,1,1,0,1,1,1,1
21.413904937,1,1,1,1,1,1,1,1,1,0,1,0,1,1
21.413905500,1,1,1,1,1,1,1,1,1,0,1,1,1,1
21.413921688,1,1,1,1,1,1,1,1,1,0,1,0,1,1
21.413922250,1,1,1,1,1,1,1,1,1,0,1,1,1,1
21.413938500,1,1,1,1,1,1,1,1,1,0,1,0,1,1
21.413939062,1,1,1,1,1,1,1,1,1,0,1,1,1,1
21.413955313,1,1,1,1,1,1,1,1,1,0,1,0,1,1
21.413955875,1,1,1,1,1,1,1,1,1,0,1,1,1,1
21.413972125,1,1,1,1,1,1,1,1,1,0,1,0,1,1
21.413972687,1,1,1,1,1,1,1,1,1,0,1,1,1,1
21.413988938,1,1,1,1,1,1,1,1,1,0,1,0,1,1
21.413989437,1,1,1,1,1,1,1,1,1,0,1,1,1,1
21.414005688,1,1,1,1,1,1,1,1,1,0,1,0,1,1
21.414006250,1,1,1,1,1,1,1,1,1,0,1,1,1,1
21.414022500,1,1,1,1,1,1,1,1,1,0,1,0,1,1
21.414023063,1,1,1,1,1,1,1,1,1,0,1,1,1,1
21.414039875,1,1,1,1,1,1,1,1,1,0,1,0,1,1
21.414040437,1,1,1,1,1,1,1,1,1,0,1,1,1,1
21.414056875,1,1,1,1,1,1,1,1,1,0,1,0,1,1
21.414057437,1,1,1,1,1,1,1,1,1,0,1,1,1,1
21.414073688,1,1,1,1,1,1,1,1,1,0,1,0,1,1
21.414074250,1,1,1,1,1,1,1,1,1,0,1,1,1,1
21.414090500,1,1,1,1,1,1,1,1,1,0,1,0,1,1
21.414091062,1,1,1,1,1,1,1,1,1,0,1,1,1,1
21.414107313,1,1,1,1,1,1,1,1,1,0,1,0,1,1
21.414107875,1,1,1,1,1,1,1,1,1,0,1,1,1,1
21.414124125,1,1,1,1,1,1,1,1,1,0,1,0,1,1
21.414124625,1,1,1,1,1,1,1,1,1,0,1,1,1,1
21.414140875,1,1,1,1,1,1,1,1,1,0,1,0,1,1
21.414141437,1,1,1,1,1,1,1,1,1,0,1,1,1,1
21.414157688,1,1,1,1,1,1,1,1,1,0,1,0,1,1
21.414158250,1,1,1,1,1,1,1,1,1,0,1,1,1,1
21.414174500,1,1,1,1,1,1,1,1,1,0,1,0,1,1
21.414175000,1,1,1,1,1,1,1,1,1,0,1,1,1,1
21.414191313,1,1,1,1,1,1,1,1,1,0,1,0,1,1
21.414191813,1,1,1,1,1,1,1,1,1,0,1,1,1,1
21.414208062,1,1,1,1,1,1,1,1,1,0,1,0,1,1
21.414208625,1,1,1,1,1,1,1,1,1,0,1,1,1,1
21.414225500,1,1,1,1,1,1,1,1,1,0,1,0,1,1
21.414226062,1,1,1,1,1,1,1,1,1,0,1,1,1,1
21.414242500,1,1,1,1,1,1,1,1,1,0,1,0,1,1
21.414243062,1,1,1,1,1,1,1,1,1,0,1,1,1,1
21.414259313,1,1,1,1,1,1,1,1,1,0,1,0,1,1
21.414259812,1,1,1,1,1,1,1,1,1,0,1,1,1,1
21.414276063,1,1,1,1,1,1,1,1,1,0,1,0,1,1
21.414276625,1,1,1,1,1,1,1,1,1,0,1,1,1,1
21.414292875,1,1,1,1,1,1,1,1,1,0,1,0,1,1
21.414293437,1,1,1,1,1,1,1,1,1,0,1,1,1,1
21.414309688,1,1,1,1,1,1,1,1,1,0,1,0,1,1
21.414310250,1,1,1,1,1,1,1,1,1,0,1,1,1,1
21.414326500,1,1,1,1,1,1,1,1,1,0,1,0,1,1
21.414327000,1,1,1,1,1,1,1,1,1,0,1,1,1,1
21.414343250,1,1,1,1,1,1,1,1,1,0,1,0,1,1
21.414343813,1,1,1,1,1,1,1,1,1,0,1,1,1,1
21.414360062,1,1,1,1,1,1,1,1,1,0,1,0,1,1
21.414360625,1,1,1,1,1,1,1,1,1,0,1,1,1,1
21.414376875,1,1,1,1,1,1,1,1,1,0,1,0,1,1
21.414377438,1,1,1,1,1,1,1,1,1,0,1,1,1,1
21.414393687,1,1,1,1,1,1,1,1,1,0,1,0,1,1
21.414394250,1,1,1,1,1,1,1,1,1,0,1,1,1,1
21.414411063,1,1,1,1,1,1,1,1,1,0,1,0,1,1
21.414411625,1,1,1,1,1,1,1,1,1,0,1,1,1,1
21.414428063,1,1,1,1,1,1,1,1,1,0,1,0,1,1
21.414428625,1,1,1,1,1,1,1,1,1,0,1,1,1,1
21.414444875,1,1,1,1,1,1,1,1,1,0,1,0,1,1
21.414445437,1,1,1,1,1,1,1,1,1,0,1,1,1,1
21.414461688,1,1,1,1,1,1,1,1,1,0,1,0,1,1
21.414462187,1,1,1,1,1,1,1,1,1,0,1,1,1,1
21.414478438,1,1,1,1,1,1,1,1,1,0,1,0,1,1
21.414479000,1,1,1,1,1,1,1,1,1,0,1,1,1,1
21.414495250,1,1,1,1,1,1,1,1,1,0,1,0,1,1
21.414495813,1,1,1,1,1,1,1,1,1,0,1,1,1,1
21.414512062,1,1,1,1,1,1,1,1,1,0,1,0,1,1
21.414512625,1,1,1,1,1,1,1,1,1,0,1,1,1,1
21.414528875,1,1,1,1,1,1,1,1,1,0,1,0,1,1
21.414529438,1,1,1,1,1,1,1,1,1,0,1,1,1,1
21.414545625,1,1,1,1,1,1,1,1,1,0,1,0,1,1
21.414546250,1,1,1,1,1,1,1,1,1,0,1,1,1,1
21.414562437,1,1,1,1,1,1,1,1,1,0,1,0,1,1
21.414563000,1,1,1,1,1,1,1,1,1,0,1,1,1,1
21.414579250,1,1,1,1,1,1,1,1,1,0,1,0,1,1
21.414579813,1,1,1,1,1,1,1,1,1,0,1,1,1,1
21.414596625,1,1,1,1,1,1,1,1,1,0,1,0,1,1
21.414597188,1,1,1,1,1,1,1,1,1,0,1,1,1,1
21.414613625,1,1,1,1,1,1,1,1,1,0,1,0,1,1
21.414614250,1,1,1,1,1,1,1,1,1,0,1,1,1,1
21.414630438,1,1,1,1,1,1,1,1,1,0,1,0,1,1
21.414631000,1,1,1,1,1,1,1,1,1,0,1,1,1,1
21.414647250,1,1,1,1,1,1,1,1,1,0,1,0,1,1
21.414647813,1,1,1,1,1,1,1,1,1,0,1,1,1,1
21.414664063,1,1,1,1,1,1,1,1,1,0,1,0,1,1
21.414664625,1,1,1,1,1,1,1,1,1,0,1,1,1,1
21.414680812,1,1,1,1,1,1,1,1,1,0,1,0,1,1
21.414681375,1,1,1,1,1,1,1,1,1,0,1,1,1,1
21.414697625,1,1,1,1,1,1,1,1,1,0,1,0,1,1
21.414698188,1,1,1,1,1,1,1,1,1,0,1,1,1,1
21.414714437,1,1,1,1,1,1,1,1,1,0,1,0,1,1
21.414715000,1,1,1,1,1,1,1,1,1,0,1,1,1,1
21.414731250,1,1,1,1,1,1,1,1,1,0,1,0,1,1
21.414731813,1,1,1,1,1,1,1,1,1,0,1,1,1,1
21.414748062,1,1,1,1,1,1,1,1,1,0,1,0,1,1
21.414748563,1,1,1,1,1,1,1,1,1,0,1,1,1,1
21.414764813,1,1,1,1,1,1,1,1,1,0,1,0,1,1
21.414765375,1,1,1,1,1,1,1,1,1,0,1,1,1,1
21.414782250,1,1,1,1,1,1,1,1,1,0,1,0,1,1
21.414782813,1,1,1,1,1,1,1,1,1,0,1,1,1,1
21.414799250,1,1,1,1,1,1,1,1,1,0,1,0,1,1
21.414799813,1,1,1,1,1,1,1,1,1,0,1,1,1,1
21.414816000,1,1,1,1,1,1,1,1,1,0,1,0,1,1
21.414816563,1,1,1,1,1,1,1,1,1,0,1,1,1,1
21.414832812,1,1,1,1,1,1,1,1,1,0,1,0,1,1
21.414833375,1,1,1,1,1,1,1,1,1,0,1,1,1,1
21.414849625,1,1,1,1,1,1,1,1,1,0,1,0,1,1
21.414850188,1,1,1,1,1,1,1,1,1,0,1,1,1,1
21.414866437,1,1,1,1,1,1,1,1,1,0,1,0,1,1
21.414867000,1,1,1,1,1,1,1,1,1,0,1,1,1,1
21.414883250,1,1,1,1,1,1,1,1,1,0,1,0,1,1
21.414883750,1,1,1,1,1,1,1,1,1,0,1,1,1,1
21.414900000,1,1,1,1,1,1,1,1,1,0,1,0,1,1
21.414900563,1,1,1,1,1,1,1,1,1,0,1,1,1,1
21.414916812,1,1,1,1,1,1,1,1,1,0,1,0,1,1
21.414917375,1,1,1,1,1,1,1,1,1,0,1,1,1,1
21.414933625,1,1,1,1,1,1,1,1,1,0,1,0,1,1
21.414934187,1,1,1,1,1,1,1,1,1,0,1,1,1,1
21.414950437,1,1,1,1,1,1,1,1,1,0,1,0,1,1
21.414950937,1,1,1,1,1,1,1,1,1,0,1,1,1,1
21.414967812,1,1,1,1,1,1,1,1,1,0,1,0,1,1
21.414968375,1,1,1,1,1,1,1,1,1,0,1,1,1,1
21.414984812,1,1,1,1,1,1,1,1,1,0,1,0,1,1
21.414985375,1,1,1,1,1,1,1,1,1,0,1,1,1,1
21.415001625,1,1,1,1,1,1,1,1,1,0,1,0,1,1
21.415002188,1,1,1,1,1,1,1,1,1,0,1,1,1,1
21.415018437,1,1,1,1,1,1,1,1,1,0,1,0,1,1
21.415018938,1,1,1,1,1,1,1,1,1,0,1,1,1,1
21.415035187,1,1,1,1,1,1,1,1,1,0,1,0,1,1
21.415035750,1,1,1,1,1,1,1,1,1,0,1,1,1,1
21.415052000,1,1,1,1,1,1,1,1,1,0,1,0,1,1
21.415052563,1,1,1,1,1,1,1,1,1,0,1,1,1,1
21.415068812,1,1,1,1,1,1,1,1,1,0,1,0,1,1
21.415069375,1,1,1,1,1,1,1,1,1,0,1,1,1,1
21.415085625,1,1,1,1,1,1,1,1,1,0,1,0,1,1
21.415086187,1,1,1,1,1,1,1,1,1,0,1,1,1,1
21.415102375,1,1,1,1,1,1,1,1,1,0,1,0,1,1
21.415102937,1,1,1,1,1,1,1,1,1,0,1,1,1,1
21.415119188,1,1,1,1,1,1,1,1,1,0,1,0,1,1
21.415119750,1,1,1,1,1,1,1,1,1,0,1,1,1,1
21.415136000,1,1,1,1,1,1,1,1,1,0,1,0,1,1
21.415136562,1,1,1,1,1,1,1,1,1,0,1,1,1,1
21.415153375,1,1,1,1,1,1,1,1,1,0,1,0,1,1
21.415153938,1,1,1,1,1,1,1,1,1,0,1,1,1,1
21.415170375,1,1,1,1,1,1,1,1,1,0,1,0,1,1
21.415170938,1,1,1,1,1,1,1,1,1,0,1,1,1,1
21.415187187,1,1,1,1,1,1,1,1,1,0,1,0,1,1
21.415187750,1,1,1,1,1,1,1,1,1,0,1,1,1,1
21.415204000,1,1,1,1,1,1,1,1,1,0,1,0,1,1
21.415204563,1,1,1,1,1,1,1,1,1,0,1,1,1,1
21.415220812,1,1,1,1,1,1,1,1,1,0,1,0,1,1
21.415221313,1,1,1,1,1,1,1,1,1,0,1,1,1,1
21.415237562,1,1,1,1,1,1,1,1,1,0,1,0,1,1
21.415238125,1,1,1,1,1,1,1,1,1,0,1,1,1,1
21.415254375,1,1,1,1,1,1,1,1,1,0,1,0,1,1
21.415254937,1,1,1,1,1,1,1,1,1,0,1,1,1,1
21.415271188,1,1,1,1,1,1,1,1,1,0,1,0,1,1
21.415271750,1,1,1,1,1,1,1,1,1,0,1,1,1,1
21.415288000,1,1,1,1,1,1,1,1,1,0,1,0,1,1
21.415288562,1,1,1,1,1,1,1,1,1,0,1,1,1,1
21.415304750,1,1,1,1,1,1,1,1,1,0,1,0,1,1
21.415305312,1,1,1,1,1,1,1,1,1,0,1,1,1,1
21.415321563,1,1,1,1,1,1,1,1,1,0,1,0,1,1
21.415322125,1,1,1,1,1,1,1,1,1,0,1,1,1,1
21.415339000,1,1,1,1,1,1,1,1,1,0,1,0,1,1
21.415339563,1,1,1,1,1,1,1,1,1,0,1,1,1,1
21.415356000,1,1,1,1,1,1,1,1,1,0,1,0,1,1
21.415356500,1,1,1,1,1,1,1,1,1,0,1,1,1,1
21.415372750,1,1,1,1,1,1,1,1,1,0,1,0,1,1
21.415373313,1,1,1,1,1,1,1,1,1,0,1,1,1,1
21.415389562,1,1,1,1,1,1,1,1,1,0,1,0,1,1
21.415390125,1,1,1,1,1,1,1,1,1,0,1,1,1,1
21.415406375,1,1,1,1,1,1,1,1,1,0,1,0,1,1
21.415406937,1,1,1,1,1,1,1,1,1,0,1,1,1,1
21.415423188,1,1,1,1,1,1,1,1,1,0,1,0,1,1
21.415423750,1,1,1,1,1,1,1,1,1,0,1,1,1,1
21.415439938,1,1,1,1,1,1,1,1,1,0,1,0,1,1
21.415440500,1,1,1,1,1,1,1,1,1,0,1,1,1,1
21.415456750,1,1,1,1,1,1,1,1,1,0,1,0,1,1
21.415457312,1,1,1,1,1,1,1,1,1,0,1,1,1,1
21.415473563,1,1,1,1,1,1,1,1,1,0,1,0,1,1
21.415474125,1,1,1,1,1,1,1,1,1,0,1,1,1,1
21.415490375,1,1,1,1,1,1,1,1,1,0,1,0,1,1
21.415490875,1,1,1,1,1,1,1,1,1,0,1,1,1,1
21.415490937,1,1,1,1,1,1,1,1,1,0,1,0,1,1
21.415491000,1,1,1,1,1,1,1,1,1,0,1,1,1,1
21.415507188,1,1,1,1,1,1,1,1,1,0,1,0,1,1
21.415507750,1,1,1,1,1,1,1,1,1,0,1,1,1,1
21.415524562,1,1,1,1,1,1,1,1,1,0,1,0,1,1
21.415525062,1,1,1,1,1,1,1,1,1,0,1,1,1,1
21.415541562,1,1,1,1,1,1,1,1,1,0,1,0,1,1
21.415542125,1,1,1,1,1,1,1,1,1,0,1,1,1,1
21.415558375,1,1,1,1,1,1,1,1,1,0,1,0,1,1
21.415558875,1,1,1,1,1,1,1,1,1,0,1,1,1,1
21.415575125,1,1,1,1,1,1,1,1,1,0,1,0,1,1
21.415575687,1,1,1,1,1,1,1,1,1,0,1,1,1,1
21.415591938,1,1,1,1,1,1,1,1,1,0,1,0,1,1
21.415592500,1,1,1,1,1,1,1,1,1,0,1,1,1,1
21.415608750,1,1,1,1,1,1,1,1,1,0,1,0,1,1
21.415609312,1,1,1,1,1,1,1,1,1,0,1,1,1,1
21.415625563,1,1,1,1,1,1,1,1,1,0,1,0,1,1
21.415626125,1,1,1,1,1,1,1,1,1,0,1,1,1,1
21.415642375,1,1,1,1,1,1,1,1,1,0,1,0,1,1
21.415642875,1,1,1,1,1,1,1,1,1,0,1,1,1,1
21.415659125,1,1,1,1,1,1,1,1,1,0,1,0,1,1
21.415659687,1,1,1,1,1,1,1,1,1,0,1,1,1,1
21.415675938,1,1,1,1,1,1,1,1,1,0,1,0,1,1
21.415676500,1,1,1,1,1,1,1,1,1,0,1,1,1,1
21.415692750,1,1,1,1,1,1,1,1,1,0,1,0,1,1
21.415693313,1,1,1,1,1,1,1,1,1,0,1,1,1,1
21.415710125,1,1,1,1,1,1,1,1,1,0,1,0,1,1
21.415710687,1,1,1,1,1,1,1,1,1,0,1,1,1,1
21.415727125,1,1,1,1,1,1,1,1,1,0,1,0,1,1
21.415727687,1,1,1,1,1,1,1,1,1,0,1,1,1,1
21.415743938,1,1,1,1,1,1,1,1,1,0,1,0,1,1
21.415744500,1,1,1,1,1,1,1,1,1,0,1,1,1,1
21.415760750,1,1,1,1,1,1,1,1,1,0,1,0,1,1
21.415761312,1,1,1,1,1,1,1,1,1,0,1,1,1,1
21.415777563,1,1,1,1,1,1,1,1,1,0,1,0,1,1
21.415778062,1,1,1,1,1,1,1,1,1,0,1,1,1,1
21.415794313,1,1,1,1,1,1,1,1,1,0,1,0,1,1
21.415794875,1,1,1,1,1,1,1,1,1,0,1,1,1,1
21.415811125,1,1,1,1,1,1,1,1,1,0,1,0,1,1
21.415811687,1,1,1,1,1,1,1,1,1,0,1,1,1,1
21.415827938,1,1,1,1,1,1,1,1,1,0,1,0,1,1
21.415828500,1,1,1,1,1,1,1,1,1,0,1,1,1,1
21.415844750,1,1,1,1,1,1,1,1,1,0,1,0,1,1
21.415845313,1,1,1,1,1,1,1,1,1,0,1,1,1,1
21.415861500,1,1,1,1,1,1,1,1,1,0,1,0,1,1
21.415862063,1,1,1,1,1,1,1,1,1,0,1,1,1,1
21.415878312,1,1,1,1,1,1,1,1,1,0,1,0,1,1
21.415878875,1,1,1,1,1,1,1,1,1,0,1,1,1,1
21.415895750,1,1,1,1,1,1,1,1,1,0,1,0,1,1
21.415896250,1,1,1,1,1,1,1,1,1,0,1,1,1,1
21.415912750,1,1,1,1,1,1,1,1,1,0,1,0,1,1
21.415913313,1,1,1,1,1,1,1,1,1,0,1,1,1,1
21.415929500,1,1,1,1,1,1,1,1,1,0,1,0,1,1
21.415930062,1,1,1,1,1,1,1,1,1,0,1,1,1,1
21.415946313,1,1,1,1,1,1,1,1,1,0,1,0,1,1
21.415946875,1,1,1,1,1,1,1,1,1,0,1,1,1,1
21.415963125,1,1,1,1,1,1,1,1,1,0,1,0,1,1
21.415963625,1,1,1,1,1,1,1,1,1,0,1,1,1,1
21.415979938,1,1,1,1,1,1,1,1,1,0,1,0,1,1
21.415980438,1,1,1,1,1,1,1,1,1,0,1,1,1,1
21.415996688,1,1,1,1,1,1,1,1,1,0,1,0,1,1
21.415997250,1,1,1,1,1,1,1,1,1,0,1,1,1,1
21.416013500,1,1,1,1,1,1,1,1,1,0,1,0,1,1
21.416014063,1,1,1,1,1,1,1,1,1,0,1,1,1,1
21.416030312,1,1,1,1,1,1,1,1,1,0,1,0,1,1
21.416030875,1,1,1,1,1,1,1,1,1,0,1,1,1,1
21.416047125,1,1,1,1,1,1,1,1,1,0,1,0,1,1
21.416047688,1,1,1,1,1,1,1,1,1,0,1,1,1,1
21.416063875,1,1,1,1,1,1,1,1,1,0,1,0,1,1
21.416064438,1,1,1,1,1,1,1,1,1,0,1,1,1,1
21.416081313,1,1,1,1,1,1,1,1,1,0,1,0,1,1
21.416081875,1,1,1,1,1,1,1,1,1,0,1,1,1,1
21.416098313,1,1,1,1,1,1,1,1,1,0,1,0,1,1
21.416098875,1,1,1,1,1,1,1,1,1,0,1,1,1,1
21.416115125,1,1,1,1,1,1,1,1,1,0,1,0,1,1
21.416115625,1,1,1,1,1,1,1,1,1,0,1,1,1,1
21.416131875,1,1,1,1,1,1,1,1,1,0,1,0,1,1
21.416132437,1,1,1,1,1,1,1,1,1,0,1,1,1,1
21.416148688,1,1,1,1,1,1,1,1,1,0,1,0,1,1
21.416149250,1,1,1,1,1,1,1,1,1,0,1,1,1,1
21.416165500,1,1,1,1,1,1,1,1,1,0,1,0,1,1
21.416166063,1,1,1,1,1,1,1,1,1,0,1,1,1,1
21.416182312,1,1,1,1,1,1,1,1,1,0,1,0,1,1
21.416182875,1,1,1,1,1,1,1,1,1,0,1,1,1,1
21.416199062,1,1,1,1,1,1,1,1,1,0,1,0,1,1
21.416199625,1,1,1,1,1,1,1,1,1,0,1,1,1,1
21.416215875,1,1,1,1,1,1,1,1,1,0,1,0,1,1
21.416216438,1,1,1,1,1,1,1,1,1,0,1,1,1,1
21.416232687,1,1,1,1,1,1,1,1,1,0,1,0,1,1
21.416233250,1,1,1,1,1,1,1,1,1,0,1,1,1,1
21.416249500,1,1,1,1,1,1,1,1,1,0,1,0,1,1
21.416250063,1,1,1,1,1,1,1,1,1,0,1,1,1,1
21.416266875,1,1,1,1,1,1,1,1,1,0,1,0,1,1
21.416267438,1,1,1,1,1,1,1,1,1,0,1,1,1,1
21.416283875,1,1,1,1,1,1,1,1,1,0,1,0,1,1
21.416284437,1,1,1,1,1,1,1,1,1,0,1,1,1,1
21.416300688,1,1,1,1,1,1,1,1,1,0,1,0,1,1
21.416301250,1,1,1,1,1,1,1,1,1,0,1,1,1,1
21.416317500,1,1,1,1,1,1,1,1,1,0,1,0,1,1
21.416318063,1,1,1,1,1,1,1,1,1,0,1,1,1,1
21.416334250,1,1,1,1,1,1,1,1,1,0,1,0,1,1
21.416334813,1,1,1,1,1,1,1,1,1,0,1,1,1,1
21.416351062,1,1,1,1,1,1,1,1,1,0,1,0,1,1
21.416351625,1,1,1,1,1,1,1,1,1,0,1,1,1,1
21.416367875,1,1,1,1,1,1,1,1,1,0,1,0,1,1
21.416368438,1,1,1,1,1,1,1,1,1,0,1,1,1,1
21.416384687,1,1,1,1,1,1,1,1,1,0,1,0,1,1
21.416385250,1,1,1,1,1,1,1,1,1,0,1,1,1,1
21.416401500,1,1,1,1,1,1,1,1,1,0,1,0,1,1
21.416402000,1,1,1,1,1,1,1,1,1,0,1,1,1,1
21.416418250,1,1,1,1,1,1,1,1,1,0,1,0,1,1
21.416418813,1,1,1,1,1,1,1,1,1,0,1,1,1,1
21.416435062,1,1,1,1,1,1,1,1,1,0,1,0,1,1
21.416435625,1,1,1,1,1,1,1,1,1,0,1,1,1,1
21.416452437,1,1,1,1,1,1,1,1,1,0,1,0,1,1
21.416453000,1,1,1,1,1,1,1,1,1,0,1,1,1,1
21.416469438,1,1,1,1,1,1,1,1,1,0,1,0,1,1
21.416470000,1,1,1,1,1,1,1,1,1,0,1,1,1,1
21.416486250,1,1,1,1,1,1,1,1,1,0,1,0,1,1
21.416486813,1,1,1,1,1,1,1,1,1,0,1,1,1,1
21.416503062,1,1,1,1,1,1,1,1,1,0,1,0,1,1
21.416503625,1,1,1,1,1,1,1,1,1,0,1,1,1,1
21.416519875,1,1,1,1,1,1,1,1,1,0,1,0,1,1
21.416520438,1,1,1,1,1,1,1,1,1,0,1,1,1,1
21.416536687,1,1,1,1,1,1,1,1,1,0,1,0,1,1
21.416537188,1,1,1,1,1,1,1,1,1,0,1,1,1,1
21.416553437,1,1,1,1,1,1,1,1,1,0,1,0,1,1
21.416554000,1,1,1,1,1,1,1,1,1,0,1,1,1,1
21.416570250,1,1,1,1,1,1,1,1,1,0,1,0,1,1
21.416570813,1,1,1,1,1,1,1,1,1,0,1,1,1,1
21.416587062,1,1,1,1,1,1,1,1,1,0,1,0,1,1
21.416587625,1,1,1,1,1,1,1,1,1,0,1,1,1,1
21.416603875,1,1,1,1,1,1,1,1,1,0,1,0,1,1
21.416604437,1,1,1,1,1,1,1,1,1,0,1,1,1,1
21.416620625,1,1,1,1,1,1,1,1,1,0,1,0,1,1
21.416621187,1,1,1,1,1,1,1,1,1,0,1,1,1,1
21.416638062,1,1,1,1,1,1,1,1,1,0,1,0,1,1
21.416638625,1,1,1,1,1,1,1,1,1,0,1,1,1,1
21.416655062,1,1,1,1,1,1,1,1,1,0,1,0,1,1
21.416655625,1,1,1,1,1,1,1,1,1,0,1,1,1,1
21.416671875,1,1,1,1,1,1,1,1,1,0,1,0,1,1
21.416672375,1,1,1,1,1,1,1,1,1,0,1,1,1,1
21.416688625,1,1,1,1,1,1,1,1,1,0,1,0,1,1
21.416689188,1,1,1,1,1,1,1,1,1,0,1,1,1,1
21.416705437,1,1,1,1,1,1,1,1,1,0,1,0,1,1
21.416706000,1,1,1,1,1,1,1,1,1,0,1,1,1,1
21.416722250,1,1,1,1,1,1,1,1,1,0,1,0,1,1
21.416722813,1,1,1,1,1,1,1,1,1,0,1,1,1,1
21.416739062,1,1,1,1,1,1,1,1,1,0,1,0,1,1
21.416739625,1,1,1,1,1,1,1,1,1,0,1,1,1,1
21.416755812,1,1,1,1,1,1,1,1,1,0,1,0,1,1
21.416756375,1,1,1,1,1,1,1,1,1,0,1,1,1,1
21.416772625,1,1,1,1,1,1,1,1,1,0,1,0,1,1
21.416773187,1,1,1,1,1,1,1,1,1,0,1,1,1,1
21.416789438,1,1,1,1,1,1,1,1,1,0,1,0,1,1
21.416790000,1,1,1,1,1,1,1,1,1,0,1,1,1,1
21.416806250,1,1,1,1,1,1,1,1,1,0,1,0,1,1
21.416806812,1,1,1,1,1,1,1,1,1,0,1,1,1,1
21.416823625,1,1,1,1,1,1,1,1,1,0,1,0,1,1
21.416824188,1,1,1,1,1,1,1,1,1,0,1,1,1,1
21.416840625,1,1,1,1,1,1,1,1,1,0,1,0,1,1
21.416841188,1,1,1,1,1,1,1,1,1,0,1,1,1,1
21.416857437,1,1,1,1,1,1,1,1,1,0,1,0,1,1
21.416858000,1,1,1,1,1,1,1,1,1,0,1,1,1,1
21.416874250,1,1,1,1,1,1,1,1,1,0,1,0,1,1
21.416874750,1,1,1,1,1,1,1,1,1,0,1,1,1,1
21.416891000,1,1,1,1,1,1,1,1,1,0,1,0,1,1
21.416891562,1,1,1,1,1,1,1,1,1,0,1,1,1,1
21.416907812,1,1,1,1,1,1,1,1,1,0,1,0,1,1
21.416908375,1,1,1,1,1,1,1,1,1,0,1,1,1,1
21.416924625,1,1,1,1,1,1,1,1,1,0,1,0,1,1
21.416925187,1,1,1,1,1,1,1,1,1,0,1,1,1,1
21.416941438,1,1,1,1,1,1,1,1,1,0,1,0,1,1
21.416942000,1,1,1,1,1,1,1,1,1,0,1,1,1,1
21.416958188,1,1,1,1,1,1,1,1,1,0,1,0,1,1
21.416958750,1,1,1,1,1,1,1,1,1,0,1,1,1,1
21.416975000,1,1,1,1,1,1,1,1,1,0,1,0,1,1
21.416975562,1,1,1,1,1,1,1,1,1,0,1,1,1,1
21.416991813,1,1,1,1,1,1,1,1,1,0,1,0,1,1
21.416992375,1,1,1,1,1,1,1,1,1,0,1,1,1,1
21.417009187,1,1,1,1,1,1,1,1,1,0,1,0,1,1
21.417009750,1,1,1,1,1,1,1,1,1,0,1,1,1,1
21.417026187,1,1,1,1,1,1,1,1,1,0,1,0,1,1
21.417026750,1,1,1,1,1,1,1,1,1,0,1,1,1,1
21.417043000,1,1,1,1,1,1,1,1,1,0,1,0,1,1
21.417043563,1,1,1,1,1,1,1,1,1,0,1,1,1,1
21.417059812,1,1,1,1,1,1,1,1,1,0,1,0,1,1
21.417060375,1,1,1,1,1,1,1,1,1,0,1,1,1,1
21.417076625,1,1,1,1,1,1,1,1,1,0,1,0,1,1
21.417077187,1,1,1,1,1,1,1,1,1,0,1,1,1,1
21.417093375,1,1,1,1,1,1,1,1,1,0,1,0,1,1
21.417093937,1,1,1,1,1,1,1,1,1,0,1,1,1,1
21.417110188,1,1,1,1,1,1,1,1,1,0,1,0,1,1
21.417110750,1,1,1,1,1,1,1,1,1,0,1,1,1,1
21.417127000,1,1,1,1,1,1,1,1,1,0,1,0,1,1
21.417127562,1,1,1,1,1,1,1,1,1,0,1,1,1,1
21.417143813,1,1,1,1,1,1,1,1,1,0,1,0,1,1
21.417144375,1,1,1,1,1,1,1,1,1,0,1,1,1,1
21.417160625,1,1,1,1,1,1,1,1,1,0,1,0,1,1
21.417161125,1,1,1,1,1,1,1,1,1,0,1,1,1,1
21.417177375,1,1,1,1,1,1,1,1,1,0,1,0,1,1
21.417177937,1,1,1,1,1,1,1,1,1,0,1,1,1,1
21.417194813,1,1,1,1,1,1,1,1,1,0,1,0,1,1
21.417195375,1,1,1,1,1,1,1,1,1,0,1,1,1,1
21.417211812,1,1,1,1,1,1,1,1,1,0,1,0,1,1
21.417212375,1,1,1,1,1,1,1,1,1,0,1,1,1,1
21.417228563,1,1,1,1,1,1,1,1,1,0,1,0,1,1
21.417229125,1,1,1,1,1,1,1,1,1,0,1,1,1,1
21.417245375,1,1,1,1,1,1,1,1,1,0,1,0,1,1
21.417245937,1,1,1,1,1,1,1,1,1,0,1,1,1,1
21.417262188,1,1,1,1,1,1,1,1,1,0,1,0,1,1
21.417262750,1,1,1,1,1,1,1,1,1,0,1,1,1,1
21.417279000,1,1,1,1,1,1,1,1,1,0,1,0,1,1
21.417279562,1,1,1,1,1,1,1,1,1,0,1,1,1,1
21.417295813,1,1,1,1,1,1,1,1,1,0,1,0,1,1
21.417296312,1,1,1,1,1,1,1,1,1,0,1,1,1,1
21.417312563,1,1,1,1,1,1,1,1,1,0,1,0,1,1
21.417313125,1,1,1,1,1,1,1,1,1,0,1,1,1,1
21.417329375,1,1,1,1,1,1,1,1,1,0,1,0,1,1
21.417329937,1,1,1,1,1,1,1,1,1,0,1,1,1,1
21.417346188,1,1,1,1,1,1,1,1,1,0,1,0,1,1
21.417346750,1,1,1,1,1,1,1,1,1,0,1,1,1,1
21.417363000,1,1,1,1,1,1,1,1,1,0,1,0,1,1
21.417363500,1,1,1,1,1,1,1,1,1,0,1,1,1,1
21.417380375,1,1,1,1,1,1,1,1,1,0,1,0,1,1
21.417380937,1,1,1,1,1,1,1,1,1,0,1,1,1,1
21.417397375,1,1,1,1,1,1,1,1,1,0,1,0,1,1
21.417397937,1,1,1,1,1,1,1,1,1,0,1,1,1,1
21.417414188,1,1,1,1,1,1,1,1,1,0,1,0,1,1
21.417414750,1,1,1,1,1,1,1,1,1,0,1,1,1,1
21.417431000,1,1,1,1,1,1,1,1,1,0,1,0,1,1
21.417431500,1,1,1,1,1,1,1,1,1,0,1,1,1,1
21.417447750,1,1,1,1,1,1,1,1,1,0,1,0,1,1
21.417448312,1,1,1,1,1,1,1,1,1,0,1,1,1,1
21.417464563,1,1,1,1,1,1,1,1,1,0,1,0,1,1
21.417465125,1,1,1,1,1,1,1,1,1,0,1,1,1,1
21.417481375,1,1,1,1,1,1,1,1,1,0,1,0,1,1
21.417481937,1,1,1,1,1,1,1,1,1,0,1,1,1,1
21.417498188,1,1,1,1,1,1,1,1,1,0,1,0,1,1
21.417498750,1,1,1,1,1,1,1,1,1,0,1,1,1,1
21.417514937,1,1,1,1,1,1,1,1,1,0,1,0,1,1
21.417515500,1,1,1,1,1,1,1,1,1,0,1,1,1,1
21.417531750,1,1,1,1,1,1,1,1,1,0,1,0,1,1
21.417532313,1,1,1,1,1,1,1,1,1,0,1,1,1,1
21.417548562,1,1,1,1,1,1,1,1,1,0,1,0,1,1
21.417549125,1,1,1,1,1,1,1,1,1,0,1,1,1,1
21.417565938,1,1,1,1,1,1,1,1,1,0,1,0,1,1
21.417566500,1,1,1,1,1,1,1,1,1,0,1,1,1,1
21.417582938,1,1,1,1,1,1,1,1,1,0,1,0,1,1
21.417583500,1,1,1,1,1,1,1,1,1,0,1,1,1,1
21.417599750,1,1,1,1,1,1,1,1,1,0,1,0,1,1
21.417600312,1,1,1,1,1,1,1,1,1,0,1,1,1,1
21.417616563,1,1,1,1,1,1,1,1,1,0,1,0,1,1
21.417617125,1,1,1,1,1,1,1,1,1,0,1,1,1,1
21.417633375,1,1,1,1,1,1,1,1,1,0,1,0,1,1
21.417633875,1,1,1,1,1,1,1,1,1,0,1,1,1,1
21.417650125,1,1,1,1,1,1,1,1,1,0,1,0,1,1
21.417650688,1,1,1,1,1,1,1,1,1,0,1,1,1,1
21.417666938,1,1,1,1,1,1,1,1,1,0,1,0,1,1
21.417667500,1,1,1,1,1,1,1,1,1,0,1,1,1,1
21.417683750,1,1,1,1,1,1,1,1,1,0,1,0,1,1
21.417684313,1,1,1,1,1,1,1,1,1,0,1,1,1,1
21.417700562,1,1,1,1,1,1,1,1,1,0,1,0,1,1
21.417701125,1,1,1,1,1,1,1,1,1,0,1,1,1,1
21.417717312,1,1,1,1,1,1,1,1,1,0,1,0,1,1
21.417717875,1,1,1,1,1,1,1,1,1,0,1,1,1,1
21.417734125,1,1,1,1,1,1,1,1,1,0,1,0,1,1
21.417734688,1,1,1,1,1,1,1,1,1,0,1,1,1,1
21.417751563,1,1,1,1,1,1,1,1,1,0,1,0,1,1
21.417752125,1,1,1,1,1,1,1,1,1,0,1,1,1,1
21.417768563,1,1,1,1,1,1,1,1,1,0,1,0,1,1
21.417769062,1,1,1,1,1,1,1,1,1,0,1,1,1,1
21.417785313,1,1,1,1,1,1,1,1,1,0,1,0,1,1
21.417785875,1,1,1,1,1,1,1,1,1,0,1,1,1,1
21.417802125,1,1,1,1,1,1,1,1,1,0,1,0,1,1
21.417802688,1,1,1,1,1,1,1,1,1,0,1,1,1,1
21.417818938,1,1,1,1,1,1,1,1,1,0,1,0,1,1
21.417819500,1,1,1,1,1,1,1,1,1,0,1,1,1,1
21.417835750,1,1,1,1,1,1,1,1,1,0,1,0,1,1
21.417836313,1,1,1,1,1,1,1,1,1,0,1,1,1,1
21.417852500,1,1,1,1,1,1,1,1,1,0,1,0,1,1
21.417853063,1,1,1,1,1,1,1,1,1,0,1,1,1,1
21.417869312,1,1,1,1,1,1,1,1,1,0,1,0,1,1
21.417869875,1,1,1,1,1,1,1,1,1,0,1,1,1,1
21.417886125,1,1,1,1,1,1,1,1,1,0,1,0,1,1
21.417886688,1,1,1,1,1,1,1,1,1,0,1,1,1,1
21.417902937,1,1,1,1,1,1,1,1,1,0,1,0,1,1
21.417903500,1,1,1,1,1,1,1,1,1,0,1,1,1,1
21.417919750,1,1,1,1,1,1,1,1,1,0,1,0,1,1
21.417920250,1,1,1,1,1,1,1,1,1,0,1,1,1,1
21.417937125,1,1,1,1,1,1,1,1,1,0,1,0,1,1
21.417937688,1,1,1,1,1,1,1,1,1,0,1,1,1,1
21.417954125,1,1,1,1,1,1,1,1,1,0,1,0,1,1
21.417954687,1,1,1,1,1,1,1,1,1,0,1,1,1,1
21.417970938,1,1,1,1,1,1,1,1,1,0,1,0,1,1
21.417971500,1,1,1,1,1,1,1,1,1,0,1,1,1,1
21.417987687,1,1,1,1,1,1,1,1,1,0,1,0,1,1
21.417988250,1,1,1,1,1,1,1,1,1,0,1,1,1,1
21.418004500,1,1,1,1,1,1,1,1,1,0,1,0,1,1
21.418005063,1,1,1,1,1,1,1,1,1,0,1,1,1,1
21.418021312,1,1,1,1,1,1,1,1,1,0,1,0,1,1
21.418021875,1,1,1,1,1,1,1,1,1,0,1,1,1,1
21.418038125,1,1,1,1,1,1,1,1,1,0,1,0,1,1
21.418038688,1,1,1,1,1,1,1,1,1,0,1,1,1,1
21.418054937,1,1,1,1,1,1,1,1,1,0,1,0,1,1
21.418055438,1,1,1,1,1,1,1,1,1,0,1,1,1,1
21.418071687,1,1,1,1,1,1,1,1,1,0,1,0,1,1
21.418072250,1,1,1,1,1,1,1,1,1,0,1,1,1,1
21.418088500,1,1,1,1,1,1,1,1,1,0,1,0,1,1
21.418089063,1,1,1,1,1,1,1,1,1,0,1,1,1,1
21.418105312,1,1,1,1,1,1,1,1,1,0,1,0,1,1
21.418105875,1,1,1,1,1,1,1,1,1,0,1,1,1,1
21.418122687,1,1,1,1,1,1,1,1,1,0,1,0,1,1
21.418123250,1,1,1,1,1,1,1,1,1,0,1,1,1,1
21.418139687,1,1,1,1,1,1,1,1,1,0,1,0,1,1
21.418140250,1,1,1,1,1,1,1,1,1,0,1,1,1,1
21.418156500,1,1,1,1,1,1,1,1,1,0,1,0,1,1
21.418157063,1,1,1,1,1,1,1,1,1,0,1,1,1,1
21.418173312,1,1,1,1,1,1,1,1,1,0,1,0,1,1
21.418173875,1,1,1,1,1,1,1,1,1,0,1,1,1,1
21.418190125,1,1,1,1,1,1,1,1,1,0,1,0,1,1
21.418190625,1,1,1,1,1,1,1,1,1,0,1,1,1,1
21.418206875,1,1,1,1,1,1,1,1,1,0,1,0,1,1
21.418207438,1,1,1,1,1,1,1,1,1,0,1,1,1,1
21.418223687,1,1,1,1,1,1,1,1,1,0,1,0,1,1
21.418224250,1,1,1,1,1,1,1,1,1,0,1,1,1,1
21.418240500,1,1,1,1,1,1,1,1,1,0,1,0,1,1
21.418241063,1,1,1,1,1,1,1,1,1,0,1,1,1,1
21.418257312,1,1,1,1,1,1,1,1,1,0,1,0,1,1
21.418257875,1,1,1,1,1,1,1,1,1,0,1,1,1,1
21.418274063,1,1,1,1,1,1,1,1,1,0,1,0,1,1
21.418274625,1,1,1,1,1,1,1,1,1,0,1,1,1,1
21.418290875,1,1,1,1,1,1,1,1,1,0,1,0,1,1
21.418291437,1,1,1,1,1,1,1,1,1,0,1,1,1,1
21.418308312,1,1,1,1,1,1,1,1,1,0,1,0,1,1
21.418308813,1,1,1,1,1,1,1,1,1,0,1,1,1,1
21.418325312,1,1,1,1,1,1,1,1,1,0,1,0,1,1
21.418325813,1,1,1,1,1,1,1,1,1,0,1,1,1,1
21.418342062,1,1,1,1,1,1,1,1,1,0,1,0,1,1
21.418342625,1,1,1,1,1,1,1,1,1,0,1,1,1,1
21.418358875,1,1,1,1,1,1,1,1,1,0,1,0,1,1
21.418359438,1,1,1,1,1,1,1,1,1,0,1,1,1,1
21.418375687,1,1,1,1,1,1,1,1,1,0,1,0,1,1
21.418376250,1,1,1,1,1,1,1,1,1,0,1,1,1,1
21.418392500,1,1,1,1,1,1,1,1,1,0,1,0,1,1
21.418393063,1,1,1,1,1,1,1,1,1,0,1,1,1,1
21.418409250,1,1,1,1,1,1,1,1,1,0,1,0,1,1
21.418409812,1,1,1,1,1,1,1,1,1,0,1,1,1,1
21.418426063,1,1,1,1,1,1,1,1,1,0,1,0,1,1
21.418426625,1,1,1,1,1,1,1,1,1,0,1,1,1,1
21.418442875,1,1,1,1,1,1,1,1,1,0,1,0,1,1
21.418443437,1,1,1,1,1,1,1,1,1,0,1,1,1,1
21.418459688,1,1,1,1,1,1,1,1,1,0,1,0,1,1
21.418460250,1,1,1,1,1,1,1,1,1,0,1,1,1,1
21.418476438,1,1,1,1,1,1,1,1,1,0,1,0,1,1
21.418477000,1,1,1,1,1,1,1,1,1,0,1,1,1,1
21.418493875,1,1,1,1,1,1,1,1,1,0,1,0,1,1
21.418494438,1,1,1,1,1,1,1,1,1,0,1,1,1,1
21.418510875,1,1,1,1,1,1,1,1,1,0,1,0,1,1
21.418511438,1,1,1,1,1,1,1,1,1,0,1,1,1,1
21.418527687,1,1,1,1,1,1,1,1,1,0,1,0,1,1
21.418528250,1,1,1,1,1,1,1,1,1,0,1,1,1,1
21.418544437,1,1,1,1,1,1,1,1,1,0,1,0,1,1
21.418545000,1,1,1,1,1,1,1,1,1,0,1,1,1,1
21.418561250,1,1,1,1,1,1,1,1,1,0,1,0,1,1
21.418561812,1,1,1,1,1,1,1,1,1,0,1,1,1,1
21.418578062,1,1,1,1,1,1,1,1,1,0,1,0,1,1
21.418578625,1,1,1,1,1,1,1,1,1,0,1,1,1,1
21.418594875,1,1,1,1,1,1,1,1,1,0,1,0,1,1
21.418595437,1,1,1,1,1,1,1,1,1,0,1,1,1,1
21.418611625,1,1,1,1,1,1,1,1,1,0,1,0,1,1
21.418612187,1,1,1,1,1,1,1,1,1,0,1,1,1,1
21.418628438,1,1,1,1,1,1,1,1,1,0,1,0,1,1
21.418629000,1,1,1,1,1,1,1,1,1,0,1,1,1,1
21.418645250,1,1,1,1,1,1,1,1,1,0,1,0,1,1
21.418645812,1,1,1,1,1,1,1,1,1,0,1,1,1,1
21.418662063,1,1,1,1,1,1,1,1,1,0,1,0,1,1
21.418662625,1,1,1,1,1,1,1,1,1,0,1,1,1,1
21.418679437,1,1,1,1,1,1,1,1,1,0,1,0,1,1
21.418680000,1,1,1,1,1,1,1,1,1,0,1,1,1,1
21.418696437,1,1,1,1,1,1,1,1,1,0,1,0,1,1
21.418697000,1,1,1,1,1,1,1,1,1,0,1,1,1,1
21.418713250,1,1,1,1,1,1,1,1,1,0,1,0,1,1
21.418713812,1,1,1,1,1,1,1,1,1,0,1,1,1,1
21.418730062,1,1,1,1,1,1,1,1,1,0,1,0,1,1
21.418730625,1,1,1,1,1,1,1,1,1,0,1,1,1,1
21.418746813,1,1,1,1,1,1,1,1,1,0,1,0,1,1
21.418747375,1,1,1,1,1,1,1,1,1,0,1,1,1,1
21.418763625,1,1,1,1,1,1,1,1,1,0,1,0,1,1
21.418764187,1,1,1,1,1,1,1,1,1,0,1,1,1,1
21.418780438,1,1,1,1,1,1,1,1,1,0,1,0,1,1
21.418781000,1,1,1,1,1,1,1,1,1,0,1,1,1,1
21.418797250,1,1,1,1,1,1,1,1,1,0,1,0,1,1
21.418797812,1,1,1,1,1,1,1,1,1,0,1,1,1,1
21.418814063,1,1,1,1,1,1,1,1,1,0,1,0,1,1
21.418814562,1,1,1,1,1,1,1,1,1,0,1,1,1,1
21.418830813,1,1,1,1,1,1,1,1,1,0,1,0,1,1
21.418831375,1,1,1,1,1,1,1,1,1,0,1,1,1,1
21.418847625,1,1,1,1,1,1,1,1,1,0,1,0,1,1
21.418848188,1,1,1,1,1,1,1,1,1,0,1,1,1,1
21.418865000,1,1,1,1,1,1,1,1,1,0,1,0,1,1
21.418865562,1,1,1,1,1,1,1,1,1,0,1,1,1,1
21.418882000,1,1,1,1,1,1,1,1,1,0,1,0,1,1
21.418882562,1,1,1,1,1,1,1,1,1,0,1,1,1,1
21.418898813,1,1,1,1,1,1,1,1,1,0,1,0,1,1
21.418899375,1,1,1,1,1,1,1,1,1,0,1,1,1,1
21.418915625,1,1,1,1,1,1,1,1,1,0,1,0,1,1
21.418916187,1,1,1,1,1,1,1,1,1,0,1,1,1,1
21.418932438,1,1,1,1,1,1,1,1,1,0,1,0,1,1
21.418933000,1,1,1,1,1,1,1,1,1,0,1,1,1,1
21.418949250,1,1,1,1,1,1,1,1,1,0,1,0,1,1
21.418949750,1,1,1,1,1,1,1,1,1,0,1,1,1,1
21.418966000,1,1,1,1,1,1,1,1,1,0,1,0,1,1
21.418966562,1,1,1,1,1,1,1,1,1,0,1,1,1,1
21.418982813,1,1,1,1,1,1,1,1,1,0,1,0,1,1
21.418983375,1,1,1,1,1,1,1,1,1,0,1,1,1,1
21.418999625,1,1,1,1,1,1,1,1,1,0,1,0,1,1
21.419000188,1,1,1,1,1,1,1,1,1,0,1,1,1,1
21.419016438,1,1,1,1,1,1,1,1,1,0,1,0,1,1
21.419017000,1,1,1,1,1,1,1,1,1,0,1,1,1,1
21.419033187,1,1,1,1,1,1,1,1,1,0,1,0,1,1
21.419033750,1,1,1,1,1,1,1,1,1,0,1,1,1,1
21.419050625,1,1,1,1,1,1,1,1,1,0,1,0,1,1
21.419051187,1,1,1,1,1,1,1,1,1,0,1,1,1,1
21.419067625,1,1,1,1,1,1,1,1,1,0,1,0,1,1
21.419068187,1,1,1,1,1,1,1,1,1,0,1,1,1,1
21.419084438,1,1,1,1,1,1,1,1,1,0,1,0,1,1
21.419084937,1,1,1,1,1,1,1,1,1,0,1,1,1,1
21.419101188,1,1,1,1,1,1,1,1,1,0,1,0,1,1
21.419101750,1,1,1,1,1,1,1,1,1,0,1,1,1,1
21.419118000,1,1,1,1,1,1,1,1,1,0,1,0,1,1
21.419118562,1,1,1,1,1,1,1,1,1,0,1,1,1,1
21.419134813,1,1,1,1,1,1,1,1,1,0,1,0,1,1
21.419135375,1,1,1,1,1,1,1,1,1,0,1,1,1,1
21.419151625,1,1,1,1,1,1,1,1,1,0,1,0,1,1
21.419152187,1,1,1,1,1,1,1,1,1,0,1,1,1,1
21.419168375,1,1,1,1,1,1,1,1,1,0,1,0,1,1
21.419168938,1,1,1,1,1,1,1,1,1,0,1,1,1,1
21.419185187,1,1,1,1,1,1,1,1,1,0,1,0,1,1
21.419185750,1,1,1,1,1,1,1,1,1,0,1,1,1,1
21.419202000,1,1,1,1,1,1,1,1,1,0,1,0,1,1
21.419202563,1,1,1,1,1,1,1,1,1,0,1,1,1,1
21.419218812,1,1,1,1,1,1,1,1,1,0,1,0,1,1
21.419219375,1,1,1,1,1,1,1,1,1,0,1,1,1,1
21.419236188,1,1,1,1,1,1,1,1,1,0,1,0,1,1
21.419236750,1,1,1,1,1,1,1,1,1,0,1,1,1,1
21.419253188,1,1,1,1,1,1,1,1,1,0,1,0,1,1
21.419253750,1,1,1,1,1,1,1,1,1,0,1,1,1,1
21.419270000,1,1,1,1,1,1,1,1,1,0,1,0,1,1
21.419270562,1,1,1,1,1,1,1,1,1,0,1,1,1,1
21.419286813,1,1,1,1,1,1,1,1,1,0,1,0,1,1
21.419287312,1,1,1,1,1,1,1,1,1,0,1,1,1,1
21.419303563,1,1,1,1,1,1,1,1,1,0,1,0,1,1
21.419304125,1,1,1,1,1,1,1,1,1,0,1,1,1,1
21.419320375,1,1,1,1,1,1,1,1,1,0,1,0,1,1
21.419320938,1,1,1,1,1,1,1,1,1,0,1,1,1,1
21.419337187,1,1,1,1,1,1,1,1,1,0,1,0,1,1
21.419337750,1,1,1,1,1,1,1,1,1,0,1,1,1,1
21.419354000,1,1,1,1,1,1,1,1,1,0,1,0,1,1
21.419354563,1,1,1,1,1,1,1,1,1,0,1,1,1,1
21.419370750,1,1,1,1,1,1,1,1,1,0,1,0,1,1
21.419371313,1,1,1,1,1,1,1,1,1,0,1,1,1,1
21.419387562,1,1,1,1,1,1,1,1,1,0,1,0,1,1
21.419388125,1,1,1,1,1,1,1,1,1,0,1,1,1,1
21.419404375,1,1,1,1,1,1,1,1,1,0,1,0,1,1
21.419404937,1,1,1,1,1,1,1,1,1,0,1,1,1,1
21.419421750,1,1,1,1,1,1,1,1,1,0,1,0,1,1
21.419422313,1,1,1,1,1,1,1,1,1,0,1,1,1,1
21.419438750,1,1,1,1,1,1,1,1,1,0,1,0,1,1
21.419439312,1,1,1,1,1,1,1,1,1,0,1,1,1,1
21.419455563,1,1,1,1,1,1,1,1,1,0,1,0,1,1
21.419456125,1,1,1,1,1,1,1,1,1,0,1,1,1,1
21.419472375,1,1,1,1,1,1,1,1,1,0,1,0,1,1
21.419472938,1,1,1,1,1,1,1,1,1,0,1,1,1,1
21.419489188,1,1,1,1,1,1,1,1,1,0,1,0,1,1
21.419489750,1,1,1,1,1,1,1,1,1,0,1,1,1,1
21.419505937,1,1,1,1,1,1,1,1,1,0,1,0,1,1
21.419506500,1,1,1,1,1,1,1,1,1,0,1,1,1,1
21.419522750,1,1,1,1,1,1,1,1,1,0,1,0,1,1
21.419523313,1,1,1,1,1,1,1,1,1,0,1,1,1,1
21.419539562,1,1,1,1,1,1,1,1,1,0,1,0,1,1
21.419540125,1,1,1,1,1,1,1,1,1,0,1,1,1,1
21.419556375,1,1,1,1,1,1,1,1,1,0,1,0,1,1
21.419556938,1,1,1,1,1,1,1,1,1,0,1,1,1,1
21.419573187,1,1,1,1,1,1,1,1,1,0,1,0,1,1
21.419573688,1,1,1,1,1,1,1,1,1,0,1,1,1,1
21.419589937,1,1,1,1,1,1,1,1,1,0,1,0,1,1
21.419590500,1,1,1,1,1,1,1,1,1,0,1,1,1,1
21.419607375,1,1,1,1,1,1,1,1,1,0,1,0,1,1
21.419607938,1,1,1,1,1,1,1,1,1,0,1,1,1,1
21.419624375,1,1,1,1,1,1,1,1,1,0,1,0,1,1
21.419624938,1,1,1,1,1,1,1,1,1,0,1,1,1,1
21.419641125,1,1,1,1,1,1,1,1,1,0,1,0,1,1
21.419641688,1,1,1,1,1,1,1,1,1,0,1,1,1,1
21.419657937,1,1,1,1,1,1,1,1,1,0,1,0,1,1
21.419658500,1,1,1,1,1,1,1,1,1,0,1,1,1,1
21.419674750,1,1,1,1,1,1,1,1,1,0,1,0,1,1
21.419675313,1,1,1,1,1,1,1,1,1,0,1,1,1,1
21.419691562,1,1,1,1,1,1,1,1,1,0,1,0,1,1
21.419692125,1,1,1,1,1,1,1,1,1,0,1,1,1,1
21.419708375,1,1,1,1,1,1,1,1,1,0,1,0,1,1
21.419708875,1,1,1,1,1,1,1,1,1,0,1,1,1,1
21.419725125,1,1,1,1,1,1,1,1,1,0,1,0,1,1
21.419725688,1,1,1,1,1,1,1,1,1,0,1,1,1,1
21.419741937,1,1,1,1,1,1,1,1,1,0,1,0,1,1
21.419742500,1,1,1,1,1,1,1,1,1,0,1,1,1,1
21.419758750,1,1,1,1,1,1,1,1,1,0,1,0,1,1
21.419759312,1,1,1,1,1,1,1,1,1,0,1,1,1,1
21.419775562,1,1,1,1,1,1,1,1,1,0,1,0,1,1
21.419776125,1,1,1,1,1,1,1,1,1,0,1,1,1,1
21.419792937,1,1,1,1,1,1,1,1,1,0,1,0,1,1
21.419793500,1,1,1,1,1,1,1,1,1,0,1,1,1,1
21.419809937,1,1,1,1,1,1,1,1,1,0,1,0,1,1
21.419810500,1,1,1,1,1,1,1,1,1,0,1,1,1,1
21.419826750,1,1,1,1,1,1,1,1,1,0,1,0,1,1
21.419827313,1,1,1,1,1,1,1,1,1,0,1,1,1,1
21.419843562,1,1,1,1,1,1,1,1,1,0,1,0,1,1
21.419844063,1,1,1,1,1,1,1,1,1,0,1,1,1,1
21.419860312,1,1,1,1,1,1,1,1,1,0,1,0,1,1
21.419860875,1,1,1,1,1,1,1,1,1,0,1,1,1,1
21.419877125,1,1,1,1,1,1,1,1,1,0,1,0,1,1
21.419877688,1,1,1,1,1,1,1,1,1,0,1,1,1,1
21.419893937,1,1,1,1,1,1,1,1,1,0,1,0,1,1
21.419894500,1,1,1,1,1,1,1,1,1,0,1,1,1,1
21.419910750,1,1,1,1,1,1,1,1,1,0,1,0,1,1
21.419911312,1,1,1,1,1,1,1,1,1,0,1,1,1,1
21.419927500,1,1,1,1,1,1,1,1,1,0,1,0,1,1
21.419928062,1,1,1,1,1,1,1,1,1,0,1,1,1,1
21.419944313,1,1,1,1,1,1,1,1,1,0,1,0,1,1
21.419944875,1,1,1,1,1,1,1,1,1,0,1,1,1,1
21.419961125,1,1,1,1,1,1,1,1,1,0,1,0,1,1
21.419961687,1,1,1,1,1,1,1,1,1,0,1,1,1,1
21.419978500,1,1,1,1,1,1,1,1,1,0,1,0,1,1
21.419979063,1,1,1,1,1,1,1,1,1,0,1,1,1,1
21.419995500,1,1,1,1,1,1,1,1,1,0,1,0,1,1
21.419996063,1,1,1,1,1,1,1,1,1,0,1,1,1,1
21.420012312,1,1,1,1,1,1,1,1,1,0,1,0,1,1
21.420012875,1,1,1,1,1,1,1,1,1,0,1,1,1,1
21.420029125,1,1,1,1,1,1,1,1,1,0,1,0,1,1
21.420029688,1,1,1,1,1,1,1,1,1,0,1,1,1,1
21.420045937,1,1,1,1,1,1,1,1,1,0,1,0,1,1
21.420046500,1,1,1,1,1,1,1,1,1,0,1,1,1,1
21.420062687,1,1,1,1,1,1,1,1,1,0,1,0,1,1
21.420063250,1,1,1,1,1,1,1,1,1,0,1,1,1,1
21.420079500,1,1,1,1,1,1,1,1,1,0,1,0,1,1
21.420080062,1,1,1,1,1,1,1,1,1,0,1,1,1,1
21.420096313,1,1,1,1,1,1,1,1,1,0,1,0,1,1
21.420096875,1,1,1,1,1,1,1,1,1,0,1,1,1,1
21.420113125,1,1,1,1,1,1,1,1,1,0,1,0,1,1
21.420113687,1,1,1,1,1,1,1,1,1,0,1,1,1,1
21.420129875,1,1,1,1,1,1,1,1,1,0,1,0,1,1
21.420130437,1,1,1,1,1,1,1,1,1,0,1,1,1,1
21.420146688,1,1,1,1,1,1,1,1,1,0,1,0,1,1
21.420147250,1,1,1,1,1,1,1,1,1,0,1,1,1,1
21.420164125,1,1,1,1,1,1,1,1,1,0,1,0,1,1
21.420164688,1,1,1,1,1,1,1,1,1,0,1,1,1,1
21.420181125,1,1,1,1,1,1,1,1,1,0,1,0,1,1
21.420181625,1,1,1,1,1,1,1,1,1,0,1,1,1,1
21.420197875,1,1,1,1,1,1,1,1,1,0,1,0,1,1
21.420198438,1,1,1,1,1,1,1,1,1,0,1,1,1,1
21.420214687,1,1,1,1,1,1,1,1,1,0,1,0,1,1
21.420215250,1,1,1,1,1,1,1,1,1,0,1,1,1,1
21.420231500,1,1,1,1,1,1,1,1,1,0,1,0,1,1
21.420232062,1,1,1,1,1,1,1,1,1,0,1,1,1,1
21.420248313,1,1,1,1,1,1,1,1,1,0,1,0,1,1
21.420248875,1,1,1,1,1,1,1,1,1,0,1,1,1,1
21.420265063,1,1,1,1,1,1,1,1,1,0,1,0,1,1
21.420265625,1,1,1,1,1,1,1,1,1,0,1,1,1,1
21.420281875,1,1,1,1,1,1,1,1,1,0,1,0,1,1
21.420282437,1,1,1,1,1,1,1,1,1,0,1,1,1,1
21.420298688,1,1,1,1,1,1,1,1,1,0,1,0,1,1
21.420299250,1,1,1,1,1,1,1,1,1,0,1,1,1,1
21.420315500,1,1,1,1,1,1,1,1,1,0,1,0,1,1
21.420316062,1,1,1,1,1,1,1,1,1,0,1,1,1,1
21.420332313,1,1,1,1,1,1,1,1,1,0,1,0,1,1
21.420332812,1,1,1,1,1,1,1,1,1,0,1,1,1,1
21.420349687,1,1,1,1,1,1,1,1,1,0,1,0,1,1
21.420350250,1,1,1,1,1,1,1,1,1,0,1,1,1,1
21.420366687,1,1,1,1,1,1,1,1,1,0,1,0,1,1
21.420367250,1,1,1,1,1,1,1,1,1,0,1,1,1,1
21.420383500,1,1,1,1,1,1,1,1,1,0,1,0,1,1
21.420384062,1,1,1,1,1,1,1,1,1,0,1,1,1,1
21.420400250,1,1,1,1,1,1,1,1,1,0,1,0,1,1
21.420400812,1,1,1,1,1,1,1,1,1,0,1,1,1,1
21.420417063,1,1,1,1,1,1,1,1,1,0,1,0,1,1
21.420417625,1,1,1,1,1,1,1,1,1,0,1,1,1,1
21.420433875,1,1,1,1,1,1,1,1,1,0,1,0,1,1
21.420434437,1,1,1,1,1,1,1,1,1,0,1,1,1,1
21.420450688,1,1,1,1,1,1,1,1,1,0,1,0,1,1
21.420451250,1,1,1,1,1,1,1,1,1,0,1,1,1,1
21.420467500,1,1,1,1,1,1,1,1,1,0,1,0,1,1
21.420468000,1,1,1,1,1,1,1,1,1,0,1,1,1,1
21.420484250,1,1,1,1,1,1,1,1,1,0,1,0,1,1
21.420484812,1,1,1,1,1,1,1,1,1,0,1,1,1,1
21.420501063,1,1,1,1,1,1,1,1,1,0,1,0,1,1
21.420501625,1,1,1,1,1,1,1,1,1,0,1,1,1,1
21.420517875,1,1,1,1,1,1,1,1,1,0,1,0,1,1
21.420518438,1,1,1,1,1,1,1,1,1,0,1,1,1,1
21.420535250,1,1,1,1,1,1,1,1,1,0,1,0,1,1
21.420535812,1,1,1,1,1,1,1,1,1,0,1,1,1,1
21.420552250,1,1,1,1,1,1,1,1,1,0,1,0,1,1
21.420552812,1,1,1,1,1,1,1,1,1,0,1,1,1,1
21.420569063,1,1,1,1,1,1,1,1,1,0,1,0,1,1
21.420569625,1,1,1,1,1,1,1,1,1,0,1,1,1,1
21.420585875,1,1,1,1,1,1,1,1,1,0,1,0,1,1
21.420586437,1,1,1,1,1,1,1,1,1,0,1,1,1,1
21.420602688,1,1,1,1,1,1,1,1,1,0,1,0,1,1
21.420603187,1,1,1,1,1,1,1,1,1,0,1,1,1,1
21.420619438,1,1,1,1,1,1,1,1,1,0,1,0,1,1
21.420620000,1,1,1,1,1,1,1,1,1,0,1,1,1,1
21.420636250,1,1,1,1,1,1,1,1,1,0,1,0,1,1
21.420636812,1,1,1,1,1,1,1,1,1,0,1,1,1,1
21.420653063,1,1,1,1,1,1,1,1,1,0,1,0,1,1
21.420653625,1,1,1,1,1,1,1,1,1,0,1,1,1,1
21.420669875,1,1,1,1,1,1,1,1,1,0,1,0,1,1
21.420670438,1,1,1,1,1,1,1,1,1,0,1,1,1,1
21.420686625,1,1,1,1,1,1,1,1,1,0,1,0,1,1
21.420687188,1,1,1,1,1,1,1,1,1,0,1,1,1,1
21.420703438,1,1,1,1,1,1,1,1,1,0,1,0,1,1
21.420704000,1,1,1,1,1,1,1,1,1,0,1,1,1,1
21.420720875,1,1,1,1,1,1,1,1,1,0,1,0,1,1
21.420721375,1,1,1,1,1,1,1,1,1,0,1,1,1,1
21.420737875,1,1,1,1,1,1,1,1,1,0,1,0,1,1
21.420738375,1,1,1,1,1,1,1,1,1,0,1,1,1,1
21.420754625,1,1,1,1,1,1,1,1,1,0,1,0,1,1
21.420755187,1,1,1,1,1,1,1,1,1,0,1,1,1,1
21.420771438,1,1,1,1,1,1,1,1,1,0,1,0,1,1
21.420772000,1,1,1,1,1,1,1,1,1,0,1,1,1,1
21.420788250,1,1,1,1,1,1,1,1,1,0,1,0,1,1
21.420788812,1,1,1,1,1,1,1,1,1,0,1,1,1,1
21.420805063,1,1,1,1,1,1,1,1,1,0,1,0,1,1
21.420805625,1,1,1,1,1,1,1,1,1,0,1,1,1,1
21.420821813,1,1,1,1,1,1,1,1,1,0,1,0,1,1
21.420822375,1,1,1,1,1,1,1,1,1,0,1,1,1,1
21.420838625,1,1,1,1,1,1,1,1,1,0,1,0,1,1
21.420839188,1,1,1,1,1,1,1,1,1,0,1,1,1,1
21.420855437,1,1,1,1,1,1,1,1,1,0,1,0,1,1
21.420856000,1,1,1,1,1,1,1,1,1,0,1,1,1,1
21.420872250,1,1,1,1,1,1,1,1,1,0,1,0,1,1
21.420872813,1,1,1,1,1,1,1,1,1,0,1,1,1,1
21.420889000,1,1,1,1,1,1,1,1,1,0,1,0,1,1
21.420889563,1,1,1,1,1,1,1,1,1,0,1,1,1,1
21.420906438,1,1,1,1,1,1,1,1,1,0,1,0,1,1
21.420907000,1,1,1,1,1,1,1,1,1,0,1,1,1,1
21.420923438,1,1,1,1,1,1,1,1,1,0,1,0,1,1
21.420924000,1,1,1,1,1,1,1,1,1,0,1,1,1,1
21.420940250,1,1,1,1,1,1,1,1,1,0,1,0,1,1
21.420940750,1,1,1,1,1,1,1,1,1,0,1,1,1,1
21.420957000,1,1,1,1,1,1,1,1,1,0,1,0,1,1
21.420957562,1,1,1,1,1,1,1,1,1,0,1,1,1,1
21.420973813,1,1,1,1,1,1,1,1,1,0,1,0,1,1
21.420974375,1,1,1,1,1,1,1,1,1,0,1,1,1,1
21.420990625,1,1,1,1,1,1,1,1,1,0,1,0,1,1
21.420991188,1,1,1,1,1,1,1,1,1,0,1,1,1,1
21.421007437,1,1,1,1,1,1,1,1,1,0,1,0,1,1
21.421008000,1,1,1,1,1,1,1,1,1,0,1,1,1,1
21.421024187,1,1,1,1,1,1,1,1,1,0,1,0,1,1
21.421024750,1,1,1,1,1,1,1,1,1,0,1,1,1,1
21.421041000,1,1,1,1,1,1,1,1,1,0,1,0,1,1
21.421041563,1,1,1,1,1,1,1,1,1,0,1,1,1,1
21.421057812,1,1,1,1,1,1,1,1,1,0,1,0,1,1
21.421058375,1,1,1,1,1,1,1,1,1,0,1,1,1,1
21.421074625,1,1,1,1,1,1,1,1,1,0,1,0,1,1
21.421075188,1,1,1,1,1,1,1,1,1,0,1,1,1,1
21.421092000,1,1,1,1,1,1,1,1,1,0,1,0,1,1
21.421092563,1,1,1,1,1,1,1,1,1,0,1,1,1,1
21.421109000,1,1,1,1,1,1,1,1,1,0,1,0,1,1
21.421109562,1,1,1,1,1,1,1,1,1,0,1,1,1,1
21.421125813,1,1,1,1,1,1,1,1,1,0,1,0,1,1
21.421126375,1,1,1,1,1,1,1,1,1,0,1,1,1,1
21.421142625,1,1,1,1,1,1,1,1,1,0,1,0,1,1
21.421143188,1,1,1,1,1,1,1,1,1,0,1,1,1,1
21.421159375,1,1,1,1,1,1,1,1,1,0,1,0,1,1
21.421159938,1,1,1,1,1,1,1,1,1,0,1,1,1,1
21.421176187,1,1,1,1,1,1,1,1,1,0,1,0,1,1
21.421176750,1,1,1,1,1,1,1,1,1,0,1,1,1,1
21.421193000,1,1,1,1,1,1,1,1,1,0,1,0,1,1
21.421193563,1,1,1,1,1,1,1,1,1,0,1,1,1,1
21.421209812,1,1,1,1,1,1,1,1,1,0,1,0,1,1
21.421210375,1,1,1,1,1,1,1,1,1,0,1,1,1,1
21.421226625,1,1,1,1,1,1,1,1,1,0,1,0,1,1
21.421227125,1,1,1,1,1,1,1,1,1,0,1,1,1,1
21.421243375,1,1,1,1,1,1,1,1,1,0,1,0,1,1
21.421243938,1,1,1,1,1,1,1,1,1,0,1,1,1,1
21.421260187,1,1,1,1,1,1,1,1,1,0,1,0,1,1
21.421260750,1,1,1,1,1,1,1,1,1,0,1,1,1,1
21.421277562,1,1,1,1,1,1,1,1,1,0,1,0,1,1
21.421278125,1,1,1,1,1,1,1,1,1,0,1,1,1,1
21.421294563,1,1,1,1,1,1,1,1,1,0,1,0,1,1
21.421295125,1,1,1,1,1,1,1,1,1,0,1,1,1,1
21.421311375,1,1,1,1,1,1,1,1,1,0,1,0,1,1
21.421311938,1,1,1,1,1,1,1,1,1,0,1,1,1,1
21.421328187,1,1,1,1,1,1,1,1,1,0,1,0,1,1
21.421328750,1,1,1,1,1,1,1,1,1,0,1,1,1,1
21.421345000,1,1,1,1,1,1,1,1,1,0,1,0,1,1
21.421345563,1,1,1,1,1,1,1,1,1,0,1,1,1,1
21.421361812,1,1,1,1,1,1,1,1,1,0,1,0,1,1
21.421362313,1,1,1,1,1,1,1,1,1,0,1,1,1,1
21.421378562,1,1,1,1,1,1,1,1,1,0,1,0,1,1
21.421379125,1,1,1,1,1,1,1,1,1,0,1,1,1,1
21.421395375,1,1,1,1,1,1,1,1,1,0,1,0,1,1
21.421395938,1,1,1,1,1,1,1,1,1,0,1,1,1,1
21.421412187,1,1,1,1,1,1,1,1,1,0,1,0,1,1
21.421412750,1,1,1,1,1,1,1,1,1,0,1,1,1,1
21.421429000,1,1,1,1,1,1,1,1,1,0,1,0,1,1
21.421429562,1,1,1,1,1,1,1,1,1,0,1,1,1,1
21.421445750,1,1,1,1,1,1,1,1,1,0,1,0,1,1
21.421446312,1,1,1,1,1,1,1,1,1,0,1,1,1,1
21.421463187,1,1,1,1,1,1,1,1,1,0,1,0,1,1
21.421463750,1,1,1,1,1,1,1,1,1,0,1,1,1,1
21.421480187,1,1,1,1,1,1,1,1,1,0,1,0,1,1
21.421480750,1,1,1,1,1,1,1,1,1,0,1,1,1,1
21.421497000,1,1,1,1,1,1,1,1,1,0,1,0,1,1
21.421497500,1,1,1,1,1,1,1,1,1,0,1,1,1,1
21.421513750,1,1,1,1,1,1,1,1,1,0,1,0,1,1
21.421514313,1,1,1,1,1,1,1,1,1,0,1,1,1,1
21.421530562,1,1,1,1,1,1,1,1,1,0,1,0,1,1
21.421531125,1,1,1,1,1,1,1,1,1,0,1,1,1,1
21.421547375,1,1,1,1,1,1,1,1,1,0,1,0,1,1
21.421547938,1,1,1,1,1,1,1,1,1,0,1,1,1,1
21.421564187,1,1,1,1,1,1,1,1,1,0,1,0,1,1
21.421564750,1,1,1,1,1,1,1,1,1,0,1,1,1,1
21.421580937,1,1,1,1,1,1,1,1,1,0,1,0,1,1
21.421581500,1,1,1,1,1,1,1,1,1,0,1,1,1,1
21.421597750,1,1,1,1,1,1,1,1,1,0,1,0,1,1
21.421598312,1,1,1,1,1,1,1,1,1,0,1,1,1,1
21.421614563,1,1,1,1,1,1,1,1,1,0,1,0,1,1
21.421615125,1,1,1,1,1,1,1,1,1,0,1,1,1,1
21.421631375,1,1,1,1,1,1,1,1,1,0,1,0,1,1
21.421631937,1,1,1,1,1,1,1,1,1,0,1,1,1,1
21.421648750,1,1,1,1,1,1,1,1,1,0,1,0,1,1
21.421649313,1,1,1,1,1,1,1,1,1,0,1,1,1,1
21.421665750,1,1,1,1,1,1,1,1,1,0,1,0,1,1
21.421666313,1,1,1,1,1,1,1,1,1,0,1,1,1,1
21.421682562,1,1,1,1,1,1,1,1,1,0,1,0,1,1
21.421683125,1,1,1,1,1,1,1,1,1,0,1,1,1,1
21.421699375,1,1,1,1,1,1,1,1,1,0,1,0,1,1
21.421699938,1,1,1,1,1,1,1,1,1,0,1,1,1,1
21.421716125,1,1,1,1,1,1,1,1,1,0,1,0,1,1
21.421716687,1,1,1,1,1,1,1,1,1,0,1,1,1,1
21.421732937,1,1,1,1,1,1,1,1,1,0,1,0,1,1
21.421733500,1,1,1,1,1,1,1,1,1,0,1,1,1,1
21.421749750,1,1,1,1,1,1,1,1,1,0,1,0,1,1
21.421750312,1,1,1,1,1,1,1,1,1,0,1,1,1,1
21.421766563,1,1,1,1,1,1,1,1,1,0,1,0,1,1
21.421767125,1,1,1,1,1,1,1,1,1,0,1,1,1,1
21.421783313,1,1,1,1,1,1,1,1,1,0,1,0,1,1
21.421783875,1,1,1,1,1,1,1,1,1,0,1,1,1,1
21.421800125,1,1,1,1,1,1,1,1,1,0,1,0,1,1
21.421800687,1,1,1,1,1,1,1,1,1,0,1,1,1,1
21.421816938,1,1,1,1,1,1,1,1,1,0,1,0,1,1
21.421817500,1,1,1,1,1,1,1,1,1,0,1,1,1,1
21.421834312,1,1,1,1,1,1,1,1,1,0,1,0,1,1
21.421834875,1,1,1,1,1,1,1,1,1,0,1,1,1,1
21.421851312,1,1,1,1,1,1,1,1,1,0,1,0,1,1
21.421851875,1,1,1,1,1,1,1,1,1,0,1,1,1,1
21.421868125,1,1,1,1,1,1,1,1,1,0,1,0,1,1
21.421868688,1,1,1,1,1,1,1,1,1,0,1,1,1,1
21.421884937,1,1,1,1,1,1,1,1,1,0,1,0,1,1
21.421885500,1,1,1,1,1,1,1,1,1,0,1,1,1,1
21.421901750,1,1,1,1,1,1,1,1,1,0,1,0,1,1
21.421902312,1,1,1,1,1,1,1,1,1,0,1,1,1,1
21.421918500,1,1,1,1,1,1,1,1,1,0,1,0,1,1
21.421919062,1,1,1,1,1,1,1,1,1,0,1,1,1,1
21.421935313,1,1,1,1,1,1,1,1,1,0,1,0,1,1
21.421935875,1,1,1,1,1,1,1,1,1,0,1,1,1,1
21.421952125,1,1,1,1,1,1,1,1,1,0,1,0,1,1
21.421952688,1,1,1,1,1,1,1,1,1,0,1,1,1,1
21.421968938,1,1,1,1,1,1,1,1,1,0,1,0,1,1
21.421969500,1,1,1,1,1,1,1,1,1,0,1,1,1,1
21.421985750,1,1,1,1,1,1,1,1,1,0,1,0,1,1
21.421986250,1,1,1,1,1,1,1,1,1,0,1,1,1,1
21.422002500,1,1,1,1,1,1,1,1,1,0,1,0,1,1
21.422003062,1,1,1,1,1,1,1,1,1,0,1,1,1,1
21.422019937,1,1,1,1,1,1,1,1,1,0,1,0,1,1
21.422020500,1,1,1,1,1,1,1,1,1,0,1,1,1,1
21.422036937,1,1,1,1,1,1,1,1,1,0,1,0,1,1
21.422037500,1,1,1,1,1,1,1,1,1,0,1,1,1,1
21.422053688,1,1,1,1,1,1,1,1,1,0,1,0,1,1
21.422054250,1,1,1,1,1,1,1,1,1,0,1,1,1,1
21.422070500,1,1,1,1,1,1,1,1,1,0,1,0,1,1
21.422071062,1,1,1,1,1,1,1,1,1,0,1,1,1,1
21.422087313,1,1,1,1,1,1,1,1,1,0,1,0,1,1
21.422087875,1,1,1,1,1,1,1,1,1,0,1,1,1,1
21.422104125,1,1,1,1,1,1,1,1,1,0,1,0,1,1
21.422104687,1,1,1,1,1,1,1,1,1,0,1,1,1,1
21.422120938,1,1,1,1,1,1,1,1,1,0,1,0,1,1
21.422121437,1,1,1,1,1,1,1,1,1,0,1,1,1,1
21.422137688,1,1,1,1,1,1,1,1,1,0,1,0,1,1
21.422138250,1,1,1,1,1,1,1,1,1,0,1,1,1,1
21.422154500,1,1,1,1,1,1,1,1,1,0,1,0,1,1
21.422155062,1,1,1,1,1,1,1,1,1,0,1,1,1,1
21.422171313,1,1,1,1,1,1,1,1,1,0,1,0,1,1
21.422171875,1,1,1,1,1,1,1,1,1,0,1,1,1,1
21.422188125,1,1,1,1,1,1,1,1,1,0,1,0,1,1
21.422188688,1,1,1,1,1,1,1,1,1,0,1,1,1,1
21.422205500,1,1,1,1,1,1,1,1,1,0,1,0,1,1
21.422206062,1,1,1,1,1,1,1,1,1,0,1,1,1,1
21.422222500,1,1,1,1,1,1,1,1,1,0,1,0,1,1
21.422223062,1,1,1,1,1,1,1,1,1,0,1,1,1,1
21.422239313,1,1,1,1,1,1,1,1,1,0,1,0,1,1
21.422239875,1,1,1,1,1,1,1,1,1,0,1,1,1,1
21.422256125,1,1,1,1,1,1,1,1,1,0,1,0,1,1
21.422256625,1,1,1,1,1,1,1,1,1,0,1,1,1,1
21.422272875,1,1,1,1,1,1,1,1,1,0,1,0,1,1
21.422273437,1,1,1,1,1,1,1,1,1,0,1,1,1,1
21.422289688,1,1,1,1,1,1,1,1,1,0,1,0,1,1
21.422290250,1,1,1,1,1,1,1,1,1,0,1,1,1,1
21.422306500,1,1,1,1,1,1,1,1,1,0,1,0,1,1
21.422307062,1,1,1,1,1,1,1,1,1,0,1,1,1,1
21.422323313,1,1,1,1,1,1,1,1,1,0,1,0,1,1
21.422323875,1,1,1,1,1,1,1,1,1,0,1,1,1,1
21.422340062,1,1,1,1,1,1,1,1,1,0,1,0,1,1
21.422340625,1,1,1,1,1,1,1,1,1,0,1,1,1,1
21.422356875,1,1,1,1,1,1,1,1,1,0,1,0,1,1
21.422357438,1,1,1,1,1,1,1,1,1,0,1,1,1,1
21.422373687,1,1,1,1,1,1,1,1,1,0,1,0,1,1
21.422374250,1,1,1,1,1,1,1,1,1,0,1,1,1,1
21.422391063,1,1,1,1,1,1,1,1,1,0,1,0,1,1
21.422391625,1,1,1,1,1,1,1,1,1,0,1,1,1,1
21.422408063,1,1,1,1,1,1,1,1,1,0,1,0,1,1
21.422408625,1,1,1,1,1,1,1,1,1,0,1,1,1,1
21.422424875,1,1,1,1,1,1,1,1,1,0,1,0,1,1
21.422425437,1,1,1,1,1,1,1,1,1,0,1,1,1,1
21.422441688,1,1,1,1,1,1,1,1,1,0,1,0,1,1
21.422442250,1,1,1,1,1,1,1,1,1,0,1,1,1,1
21.422458500,1,1,1,1,1,1,1,1,1,0,1,0,1,1
21.422459062,1,1,1,1,1,1,1,1,1,0,1,1,1,1
21.422475250,1,1,1,1,1,1,1,1,1,0,1,0,1,1
21.422475813,1,1,1,1,1,1,1,1,1,0,1,1,1,1
21.422492063,1,1,1,1,1,1,1,1,1,0,1,0,1,1
21.422492625,1,1,1,1,1,1,1,1,1,0,1,1,1,1
21.422508875,1,1,1,1,1,1,1,1,1,0,1,0,1,1
21.422509438,1,1,1,1,1,1,1,1,1,0,1,1,1,1
21.422525687,1,1,1,1,1,1,1,1,1,0,1,0,1,1
21.422526250,1,1,1,1,1,1,1,1,1,0,1,1,1,1
21.422542437,1,1,1,1,1,1,1,1,1,0,1,0,1,1
21.422543000,1,1,1,1,1,1,1,1,1,0,1,1,1,1
21.422559250,1,1,1,1,1,1,1,1,1,0,1,0,1,1
21.422559813,1,1,1,1,1,1,1,1,1,0,1,1,1,1
21.422576688,1,1,1,1,1,1,1,1,1,0,1,0,1,1
21.422577250,1,1,1,1,1,1,1,1,1,0,1,1,1,1
21.422593688,1,1,1,1,1,1,1,1,1,0,1,0,1,1
21.422594250,1,1,1,1,1,1,1,1,1,0,1,1,1,1
21.422610438,1,1,1,1,1,1,1,1,1,0,1,0,1,1
21.422611000,1,1,1,1,1,1,1,1,1,0,1,1,1,1
21.422627250,1,1,1,1,1,1,1,1,1,0,1,0,1,1
21.422627813,1,1,1,1,1,1,1,1,1,0,1,1,1,1
21.422644063,1,1,1,1,1,1,1,1,1,0,1,0,1,1
21.422644625,1,1,1,1,1,1,1,1,1,0,1,1,1,1
21.422660875,1,1,1,1,1,1,1,1,1,0,1,0,1,1
21.422661438,1,1,1,1,1,1,1,1,1,0,1,1,1,1
21.422677625,1,1,1,1,1,1,1,1,1,0,1,0,1,1
21.422678188,1,1,1,1,1,1,1,1,1,0,1,1,1,1
21.422694437,1,1,1,1,1,1,1,1,1,0,1,0,1,1
21.422695000,1,1,1,1,1,1,1,1,1,0,1,1,1,1
21.422711250,1,1,1,1,1,1,1,1,1,0,1,0,1,1
21.422711813,1,1,1,1,1,1,1,1,1,0,1,1,1,1
21.422728062,1,1,1,1,1,1,1,1,1,0,1,0,1,1
21.422728625,1,1,1,1,1,1,1,1,1,0,1,1,1,1
21.422744875,1,1,1,1,1,1,1,1,1,0,1,0,1,1
21.422745375,1,1,1,1,1,1,1,1,1,0,1,1,1,1
21.422762250,1,1,1,1,1,1,1,1,1,0,1,0,1,1
21.422762813,1,1,1,1,1,1,1,1,1,0,1,1,1,1
21.422779250,1,1,1,1,1,1,1,1,1,0,1,0,1,1
21.422779812,1,1,1,1,1,1,1,1,1,0,1,1,1,1
21.422796063,1,1,1,1,1,1,1,1,1,0,1,0,1,1
21.422796625,1,1,1,1,1,1,1,1,1,0,1,1,1,1
21.422812812,1,1,1,1,1,1,1,1,1,0,1,0,1,1
21.422813375,1,1,1,1,1,1,1,1,1,0,1,1,1,1
21.422829625,1,1,1,1,1,1,1,1,1,0,1,0,1,1
21.422830188,1,1,1,1,1,1,1,1,1,0,1,1,1,1
21.422846437,1,1,1,1,1,1,1,1,1,0,1,0,1,1
21.422847000,1,1,1,1,1,1,1,1,1,0,1,1,1,1
21.422863250,1,1,1,1,1,1,1,1,1,0,1,0,1,1
21.422863813,1,1,1,1,1,1,1,1,1,0,1,1,1,1
21.422880062,1,1,1,1,1,1,1,1,1,0,1,0,1,1
21.422880563,1,1,1,1,1,1,1,1,1,0,1,1,1,1
21.422896812,1,1,1,1,1,1,1,1,1,0,1,0,1,1
21.422897375,1,1,1,1,1,1,1,1,1,0,1,1,1,1
21.422913625,1,1,1,1,1,1,1,1,1,0,1,0,1,1
21.422914188,1,1,1,1,1,1,1,1,1,0,1,1,1,1
21.422930437,1,1,1,1,1,1,1,1,1,0,1,0,1,1
21.422931000,1,1,1,1,1,1,1,1,1,0,1,1,1,1
21.422947812,1,1,1,1,1,1,1,1,1,0,1,0,1,1
21.422948375,1,1,1,1,1,1,1,1,1,0,1,1,1,1
21.422964812,1,1,1,1,1,1,1,1,1,0,1,0,1,1
21.422965375,1,1,1,1,1,1,1,1,1,0,1,1,1,1
21.422981625,1,1,1,1,1,1,1,1,1,0,1,0,1,1
21.422982188,1,1,1,1,1,1,1,1,1,0,1,1,1,1
21.422998437,1,1,1,1,1,1,1,1,1,0,1,0,1,1
21.422999000,1,1,1,1,1,1,1,1,1,0,1,1,1,1
21.423015250,1,1,1,1,1,1,1,1,1,0,1,0,1,1
21.423015750,1,1,1,1,1,1,1,1,1,0,1,1,1,1
21.423032000,1,1,1,1,1,1,1,1,1,0,1,0,1,1
21.423032563,1,1,1,1,1,1,1,1,1,0,1,1,1,1
21.423048812,1,1,1,1,1,1,1,1,1,0,1,0,1,1
21.423049375,1,1,1,1,1,1,1,1,1,0,1,1,1,1
21.423065625,1,1,1,1,1,1,1,1,1,0,1,0,1,1
21.423066188,1,1,1,1,1,1,1,1,1,0,1,1,1,1
21.423082437,1,1,1,1,1,1,1,1,1,0,1,0,1,1
21.423083000,1,1,1,1,1,1,1,1,1,0,1,1,1,1
21.423099188,1,1,1,1,1,1,1,1,1,0,1,0,1,1
21.423099750,1,1,1,1,1,1,1,1,1,0,1,1,1,1
21.423116000,1,1,1,1,1,1,1,1,1,0,1,0,1,1
21.423116562,1,1,1,1,1,1,1,1,1,0,1,1,1,1
21.423133437,1,1,1,1,1,1,1,1,1,0,1,0,1,1
21.423133938,1,1,1,1,1,1,1,1,1,0,1,1,1,1
21.423150438,1,1,1,1,1,1,1,1,1,0,1,0,1,1
21.423150938,1,1,1,1,1,1,1,1,1,0,1,1,1,1
21.423167187,1,1,1,1,1,1,1,1,1,0,1,0,1,1
21.423167750,1,1,1,1,1,1,1,1,1,0,1,1,1,1
21.423184000,1,1,1,1,1,1,1,1,1,0,1,0,1,1
21.423184563,1,1,1,1,1,1,1,1,1,0,1,1,1,1
21.423200812,1,1,1,1,1,1,1,1,1,0,1,0,1,1
21.423201375,1,1,1,1,1,1,1,1,1,0,1,1,1,1
21.423217625,1,1,1,1,1,1,1,1,1,0,1,0,1,1
21.423218188,1,1,1,1,1,1,1,1,1,0,1,1,1,1
21.423234375,1,1,1,1,1,1,1,1,1,0,1,0,1,1
21.423234937,1,1,1,1,1,1,1,1,1,0,1,1,1,1
21.423251187,1,1,1,1,1,1,1,1,1,0,1,0,1,1
21.423251750,1,1,1,1,1,1,1,1,1,0,1,1,1,1
21.423268000,1,1,1,1,1,1,1,1,1,0,1,0,1,1
21.423268562,1,1,1,1,1,1,1,1,1,0,1,1,1,1
21.423284813,1,1,1,1,1,1,1,1,1,0,1,0,1,1
21.423285375,1,1,1,1,1,1,1,1,1,0,1,1,1,1
21.423301625,1,1,1,1,1,1,1,1,1,0,1,0,1,1
21.423302125,1,1,1,1,1,1,1,1,1,0,1,1,1,1
21.423319000,1,1,1,1,1,1,1,1,1,0,1,0,1,1
21.423319563,1,1,1,1,1,1,1,1,1,0,1,1,1,1
21.423336000,1,1,1,1,1,1,1,1,1,0,1,0,1,1
21.423336563,1,1,1,1,1,1,1,1,1,0,1,1,1,1
21.423352812,1,1,1,1,1,1,1,1,1,0,1,0,1,1
21.423353375,1,1,1,1,1,1,1,1,1,0,1,1,1,1
21.423533375,1,1,1,1,1,1,1,1,1,0,1,0,1,1
21.423533938,1,1,1,1,1,1,1,1,1,0,1,1,1,1
21.423550187,1,1,1,1,1,1,1,1,1,0,1,0,1,1
21.423550750,1,1,1,1,1,1,1,1,1,0,1,1,1,1
21.423567563,1,1,1,1,1,1,1,1,1,0,1,0,1,1
21.423568125,1,1,1,1,1,1,1,1,1,0,1,1,1,1
21.423584563,1,1,1,1,1,1,1,1,1,0,1,0,1,1
21.423585125,1,1,1,1,1,1,1,1,1,0,1,1,1,1
21.423601563,1,1,1,1,1,1,1,1,1,0,1,0,1,1
21.423602125,1,1,1,1,1,1,1,1,1,0,1,1,1,1
21.423618375,1,1,1,1,1,1,1,1,1,0,1,0,1,1
21.423618937,1,1,1,1,1,1,1,1,1,0,1,1,1,1
21.423635188,1,1,1,1,1,1,1,1,1,0,1,0,1,1
21.423635687,1,1,1,1,1,1,1,1,1,0,1,1,1,1
21.423651938,1,1,1,1,1,1,1,1,1,0,1,0,1,1
21.423652500,1,1,1,1,1,1,1,1,1,0,1,1,1,1
21.423668750,1,1,1,1,1,1,1,1,1,0,1,0,1,1
21.423669312,1,1,1,1,1,1,1,1,1,0,1,1,1,1
21.423685938,1,1,1,1,1,1,1,1,1,0,1,0,1,1
21.423686500,1,1,1,1,1,1,1,1,1,0,1,1,1,1
21.423702937,1,1,1,1,1,1,1,1,1,0,1,0,1,1
21.423703500,1,1,1,1,1,1,1,1,1,0,1,1,1,1
21.423719750,1,1,1,1,1,1,1,1,1,0,1,0,1,1
21.423720312,1,1,1,1,1,1,1,1,1,0,1,1,1,1
21.423736563,1,1,1,1,1,1,1,1,1,0,1,0,1,1
21.423737125,1,1,1,1,1,1,1,1,1,0,1,1,1,1
21.423754125,1,1,1,1,1,1,1,1,1,0,1,0,1,1
21.423754688,1,1,1,1,1,1,1,1,1,0,1,1,1,1
21.423771125,1,1,1,1,1,1,1,1,1,0,1,0,1,1
21.423771688,1,1,1,1,1,1,1,1,1,0,1,1,1,1
21.423787937,1,1,1,1,1,1,1,1,1,0,1,0,1,1
21.423788500,1,1,1,1,1,1,1,1,1,0,1,1,1,1
21.423805375,1,1,1,1,1,1,1,1,1,0,1,0,1,1
21.423805875,1,1,1,1,1,1,1,1,1,0,1,1,1,1
21.423822313,1,1,1,1,1,1,1,1,1,0,1,0,1,1
21.423822875,1,1,1,1,1,1,1,1,1,0,1,1,1,1
21.423839562,1,1,1,1,1,1,1,1,1,0,1,0,1,1
21.423840125,1,1,1,1,1,1,1,1,1,0,1,1,1,1
21.423856312,1,1,1,1,1,1,1,1,1,0,1,0,1,1
21.423856875,1,1,1,1,1,1,1,1,1,0,1,1,1,1
21.423873562,1,1,1,1,1,1,1,1,1,0,1,0,1,1
21.423874125,1,1,1,1,1,1,1,1,1,0,1,1,1,1
21.423890750,1,1,1,1,1,1,1,1,1,0,1,0,1,1
21.423891313,1,1,1,1,1,1,1,1,1,0,1,1,1,1
21.423907562,1,1,1,1,1,1,1,1,1,0,1,0,1,1
21.423908063,1,1,1,1,1,1,1,1,1,0,1,1,1,1
21.423924750,1,1,1,1,1,1,1,1,1,0,1,0,1,1
21.423925312,1,1,1,1,1,1,1,1,1,0,1,1,1,1
21.423941938,1,1,1,1,1,1,1,1,1,0,1,0,1,1
21.423942500,1,1,1,1,1,1,1,1,1,0,1,1,1,1
21.423958938,1,1,1,1,1,1,1,1,1,0,1,0,1,1
21.423959500,1,1,1,1,1,1,1,1,1,0,1,1,1,1
21.423975750,1,1,1,1,1,1,1,1,1,0,1,0,1,1
21.423976312,1,1,1,1,1,1,1,1,1,0,1,1,1,1
21.423993125,1,1,1,1,1,1,1,1,1,0,1,0,1,1
21.423993688,1,1,1,1,1,1,1,1,1,0,1,1,1,1
21.424010125,1,1,1,1,1,1,1,1,1,0,1,0,1,1
21.424010688,1,1,1,1,1,1,1,1,1,0,1,1,1,1
21.424027125,1,1,1,1,1,1,1,1,1,0,1,0,1,1
21.424027688,1,1,1,1,1,1,1,1,1,0,1,1,1,1
21.424043937,1,1,1,1,1,1,1,1,1,0,1,0,1,1
21.424044500,1,1,1,1,1,1,1,1,1,0,1,1,1,1
21.424061313,1,1,1,1,1,1,1,1,1,0,1,0,1,1
21.424061875,1,1,1,1,1,1,1,1,1,0,1,1,1,1
21.424078313,1,1,1,1,1,1,1,1,1,0,1,0,1,1
21.424078875,1,1,1,1,1,1,1,1,1,0,1,1,1,1
21.424095125,1,1,1,1,1,1,1,1,1,0,1,0,1,1
21.424095687,1,1,1,1,1,1,1,1,1,0,1,1,1,1
21.424111938,1,1,1,1,1,1,1,1,1,0,1,0,1,1
21.424112500,1,1,1,1,1,1,1,1,1,0,1,1,1,1
21.424128688,1,1,1,1,1,1,1,1,1,0,1,0,1,1
21.424129250,1,1,1,1,1,1,1,1,1,0,1,1,1,1
21.424145500,1,1,1,1,1,1,1,1,1,0,1,0,1,1
21.424146063,1,1,1,1,1,1,1,1,1,0,1,1,1,1
21.424162312,1,1,1,1,1,1,1,1,1,0,1,0,1,1
21.424162875,1,1,1,1,1,1,1,1,1,0,1,1,1,1
21.424179125,1,1,1,1,1,1,1,1,1,0,1,0,1,1
21.424179688,1,1,1,1,1,1,1,1,1,0,1,1,1,1
21.424195937,1,1,1,1,1,1,1,1,1,0,1,0,1,1
21.424196438,1,1,1,1,1,1,1,1,1,0,1,1,1,1
21.424212687,1,1,1,1,1,1,1,1,1,0,1,0,1,1
21.424213250,1,1,1,1,1,1,1,1,1,0,1,1,1,1
21.424229500,1,1,1,1,1,1,1,1,1,0,1,0,1,1
21.424230063,1,1,1,1,1,1,1,1,1,0,1,1,1,1
21.424246875,1,1,1,1,1,1,1,1,1,0,1,0,1,1
21.424247438,1,1,1,1,1,1,1,1,1,0,1,1,1,1
21.424263875,1,1,1,1,1,1,1,1,1,0,1,0,1,1
21.424264437,1,1,1,1,1,1,1,1,1,0,1,1,1,1
21.424280688,1,1,1,1,1,1,1,1,1,0,1,0,1,1
21.424281250,1,1,1,1,1,1,1,1,1,0,1,1,1,1
21.424297500,1,1,1,1,1,1,1,1,1,0,1,0,1,1
21.424298063,1,1,1,1,1,1,1,1,1,0,1,1,1,1
21.424314313,1,1,1,1,1,1,1,1,1,0,1,0,1,1
21.424314875,1,1,1,1,1,1,1,1,1,0,1,1,1,1
21.424331062,1,1,1,1,1,1,1,1,1,0,1,0,1,1
21.424331625,1,1,1,1,1,1,1,1,1,0,1,1,1,1
21.424347875,1,1,1,1,1,1,1,1,1,0,1,0,1,1
21.424348438,1,1,1,1,1,1,1,1,1,0,1,1,1,1
21.424364687,1,1,1,1,1,1,1,1,1,0,1,0,1,1
21.424365250,1,1,1,1,1,1,1,1,1,0,1,1,1,1
21.424381500,1,1,1,1,1,1,1,1,1,0,1,0,1,1
21.424382063,1,1,1,1,1,1,1,1,1,0,1,1,1,1
21.424398312,1,1,1,1,1,1,1,1,1,0,1,0,1,1
21.424398813,1,1,1,1,1,1,1,1,1,0,1,1,1,1
21.424415062,1,1,1,1,1,1,1,1,1,0,1,0,1,1
21.424415625,1,1,1,1,1,1,1,1,1,0,1,1,1,1
21.424432500,1,1,1,1,1,1,1,1,1,0,1,0,1,1
21.424433063,1,1,1,1,1,1,1,1,1,0,1,1,1,1
21.424449500,1,1,1,1,1,1,1,1,1,0,1,0,1,1
21.424450063,1,1,1,1,1,1,1,1,1,0,1,1,1,1
21.424466250,1,1,1,1,1,1,1,1,1,0,1,0,1,1
21.424466813,1,1,1,1,1,1,1,1,1,0,1,1,1,1
21.424483062,1,1,1,1,1,1,1,1,1,0,1,0,1,1
21.424483625,1,1,1,1,1,1,1,1,1,0,1,1,1,1
21.424499875,1,1,1,1,1,1,1,1,1,0,1,0,1,1
21.424500437,1,1,1,1,1,1,1,1,1,0,1,1,1,1
21.424516687,1,1,1,1,1,1,1,1,1,0,1,0,1,1
21.424517250,1,1,1,1,1,1,1,1,1,0,1,1,1,1
21.424533500,1,1,1,1,1,1,1,1,1,0,1,0,1,1
21.424534063,1,1,1,1,1,1,1,1,1,0,1,1,1,1
21.424550250,1,1,1,1,1,1,1,1,1,0,1,0,1,1
21.424550813,1,1,1,1,1,1,1,1,1,0,1,1,1,1
21.424567062,1,1,1,1,1,1,1,1,1,0,1,0,1,1
21.424567625,1,1,1,1,1,1,1,1,1,0,1,1,1,1
21.424583875,1,1,1,1,1,1,1,1,1,0,1,0,1,1
21.424584437,1,1,1,1,1,1,1,1,1,0,1,1,1,1
21.424600687,1,1,1,1,1,1,1,1,1,0,1,0,1,1
21.424601250,1,1,1,1,1,1,1,1,1,0,1,1,1,1
21.424618062,1,1,1,1,1,1,1,1,1,0,1,0,1,1
21.424618625,1,1,1,1,1,1,1,1,1,0,1,1,1,1
21.424635062,1,1,1,1,1,1,1,1,1,0,1,0,1,1
21.424635625,1,1,1,1,1,1,1,1,1,0,1,1,1,1
21.424651875,1,1,1,1,1,1,1,1,1,0,1,0,1,1
21.424652438,1,1,1,1,1,1,1,1,1,0,1,1,1,1
21.424668687,1,1,1,1,1,1,1,1,1,0,1,0,1,1
21.424669188,1,1,1,1,1,1,1,1,1,0,1,1,1,1
21.424685437,1,1,1,1,1,1,1,1,1,0,1,0,1,1
21.424686000,1,1,1,1,1,1,1,1,1,0,1,1,1,1
21.424702250,1,1,1,1,1,1,1,1,1,0,1,0,1,1
21.424702813,1,1,1,1,1,1,1,1,1,0,1,1,1,1
21.424719062,1,1,1,1,1,1,1,1,1,0,1,0,1,1
21.424719563,1,1,1,1,1,1,1,1,1,0,1,1,1,1
21.424735875,1,1,1,1,1,1,1,1,1,0,1,0,1,1
21.424736437,1,1,1,1,1,1,1,1,1,0,1,1,1,1
21.424752625,1,1,1,1,1,1,1,1,1,0,1,0,1,1
21.424753187,1,1,1,1,1,1,1,1,1,0,1,1,1,1
21.424769438,1,1,1,1,1,1,1,1,1,0,1,0,1,1
21.424770000,1,1,1,1,1,1,1,1,1,0,1,1,1,1
21.424786250,1,1,1,1,1,1,1,1,1,0,1,0,1,1
21.424786812,1,1,1,1,1,1,1,1,1,0,1,1,1,1
21.424803625,1,1,1,1,1,1,1,1,1,0,1,0,1,1
21.424804188,1,1,1,1,1,1,1,1,1,0,1,1,1,1
21.424820625,1,1,1,1,1,1,1,1,1,0,1,0,1,1
21.424821188,1,1,1,1,1,1,1,1,1,0,1,1,1,1
21.424837437,1,1,1,1,1,1,1,1,1,0,1,0,1,1
21.424838000,1,1,1,1,1,1,1,1,1,0,1,1,1,1
21.424854250,1,1,1,1,1,1,1,1,1,0,1,0,1,1
21.424854813,1,1,1,1,1,1,1,1,1,0,1,1,1,1
21.424871062,1,1,1,1,1,1,1,1,1,0,1,0,1,1
21.424871625,1,1,1,1,1,1,1,1,1,0,1,1,1,1
21.424887812,1,1,1,1,1,1,1,1,1,0,1,0,1,1
21.424888375,1,1,1,1,1,1,1,1,1,0,1,1,1,1
21.424904625,1,1,1,1,1,1,1,1,1,0,1,0,1,1
21.424905187,1,1,1,1,1,1,1,1,1,0,1,1,1,1
21.424921438,1,1,1,1,1,1,1,1,1,0,1,0,1,1
21.424922000,1,1,1,1,1,1,1,1,1,0,1,1,1,1
21.424938250,1,1,1,1,1,1,1,1,1,0,1,0,1,1
21.424938750,1,1,1,1,1,1,1,1,1,0,1,1,1,1
21.424955063,1,1,1,1,1,1,1,1,1,0,1,0,1,1
21.424955562,1,1,1,1,1,1,1,1,1,0,1,1,1,1
21.424971813,1,1,1,1,1,1,1,1,1,0,1,0,1,1
21.424972375,1,1,1,1,1,1,1,1,1,0,1,1,1,1
21.424989250,1,1,1,1,1,1,1,1,1,0,1,0,1,1
21.424989813,1,1,1,1,1,1,1,1,1,0,1,1,1,1
21.425006250,1,1,1,1,1,1,1,1,1,0,1,0,1,1
21.425006813,1,1,1,1,1,1,1,1,1,0,1,1,1,1
21.425023000,1,1,1,1,1,1,1,1,1,0,1,0,1,1
21.425023563,1,1,1,1,1,1,1,1,1,0,1,1,1,1
21.425039812,1,1,1,1,1,1,1,1,1,0,1,0,1,1
21.425040375,1,1,1,1,1,1,1,1,1,0,1,1,1,1
21.425056625,1,1,1,1,1,1,1,1,1,0,1,0,1,1
21.425057187,1,1,1,1,1,1,1,1,1,0,1,1,1,1
21.425073438,1,1,1,1,1,1,1,1,1,0,1,0,1,1
21.425074000,1,1,1,1,1,1,1,1,1,0,1,1,1,1
21.425090250,1,1,1,1,1,1,1,1,1,0,1,0,1,1
21.425090750,1,1,1,1,1,1,1,1,1,0,1,1,1,1
21.425107000,1,1,1,1,1,1,1,1,1,0,1,0,1,1
21.425107562,1,1,1,1,1,1,1,1,1,0,1,1,1,1
21.425123813,1,1,1,1,1,1,1,1,1,0,1,0,1,1
21.425124437,1,1,1,1,1,1,1,1,1,0,1,1,1,1
21.425140625,1,1,1,1,1,1,1,1,1,0,1,0,1,1
21.425141187,1,1,1,1,1,1,1,1,1,0,1,1,1,1
21.425157438,1,1,1,1,1,1,1,1,1,0,1,0,1,1
21.425157937,1,1,1,1,1,1,1,1,1,0,1,1,1,1
21.425174812,1,1,1,1,1,1,1,1,1,0,1,0,1,1
21.425175375,1,1,1,1,1,1,1,1,1,0,1,1,1,1
21.425191812,1,1,1,1,1,1,1,1,1,0,1,0,1,1
21.425192375,1,1,1,1,1,1,1,1,1,0,1,1,1,1
21.425208625,1,1,1,1,1,1,1,1,1,0,1,0,1,1
21.425209187,1,1,1,1,1,1,1,1,1,0,1,1,1,1
21.425225375,1,1,1,1,1,1,1,1,1,0,1,0,1,1
21.425225937,1,1,1,1,1,1,1,1,1,0,1,1,1,1
21.425242188,1,1,1,1,1,1,1,1,1,0,1,0,1,1
21.425242750,1,1,1,1,1,1,1,1,1,0,1,1,1,1
21.425259000,1,1,1,1,1,1,1,1,1,0,1,0,1,1
21.425259562,1,1,1,1,1,1,1,1,1,0,1,1,1,1
21.425275813,1,1,1,1,1,1,1,1,1,0,1,0,1,1
21.425276375,1,1,1,1,1,1,1,1,1,0,1,1,1,1
21.425292625,1,1,1,1,1,1,1,1,1,0,1,0,1,1
21.425293187,1,1,1,1,1,1,1,1,1,0,1,1,1,1
21.425309375,1,1,1,1,1,1,1,1,1,0,1,0,1,1
21.425309937,1,1,1,1,1,1,1,1,1,0,1,1,1,1
21.425326188,1,1,1,1,1,1,1,1,1,0,1,0,1,1
21.425326750,1,1,1,1,1,1,1,1,1,0,1,1,1,1
21.425343000,1,1,1,1,1,1,1,1,1,0,1,0,1,1
21.425343562,1,1,1,1,1,1,1,1,1,0,1,1,1,1
21.425360375,1,1,1,1,1,1,1,1,1,0,1,0,1,1
21.425360937,1,1,1,1,1,1,1,1,1,0,1,1,1,1
21.425377375,1,1,1,1,1,1,1,1,1,0,1,0,1,1
21.425377937,1,1,1,1,1,1,1,1,1,0,1,1,1,1
21.425394188,1,1,1,1,1,1,1,1,1,0,1,0,1,1
21.425394750,1,1,1,1,1,1,1,1,1,0,1,1,1,1
21.425411000,1,1,1,1,1,1,1,1,1,0,1,0,1,1
21.425411562,1,1,1,1,1,1,1,1,1,0,1,1,1,1
21.425427813,1,1,1,1,1,1,1,1,1,0,1,0,1,1
21.425428312,1,1,1,1,1,1,1,1,1,0,1,1,1,1
21.425444563,1,1,1,1,1,1,1,1,1,0,1,0,1,1
21.425445187,1,1,1,1,1,1,1,1,1,0,1,1,1,1
21.425461375,1,1,1,1,1,1,1,1,1,0,1,0,1,1
21.425461937,1,1,1,1,1,1,1,1,1,0,1,1,1,1
21.425478188,1,1,1,1,1,1,1,1,1,0,1,0,1,1
21.425478750,1,1,1,1,1,1,1,1,1,0,1,1,1,1
21.425495000,1,1,1,1,1,1,1,1,1,0,1,0,1,1
21.425495563,1,1,1,1,1,1,1,1,1,0,1,1,1,1
21.425511750,1,1,1,1,1,1,1,1,1,0,1,0,1,1
21.425512313,1,1,1,1,1,1,1,1,1,0,1,1,1,1
21.425528562,1,1,1,1,1,1,1,1,1,0,1,0,1,1
21.425529125,1,1,1,1,1,1,1,1,1,0,1,1,1,1
21.425546000,1,1,1,1,1,1,1,1,1,0,1,0,1,1
21.425546500,1,1,1,1,1,1,1,1,1,0,1,1,1,1
21.425563000,1,1,1,1,1,1,1,1,1,0,1,0,1,1
21.425563500,1,1,1,1,1,1,1,1,1,0,1,1,1,1
21.425579750,1,1,1,1,1,1,1,1,1,0,1,0,1,1
21.425580312,1,1,1,1,1,1,1,1,1,0,1,1,1,1
21.425596563,1,1,1,1,1,1,1,1,1,0,1,0,1,1
21.425597125,1,1,1,1,1,1,1,1,1,0,1,1,1,1
21.425613375,1,1,1,1,1,1,1,1,1,0,1,0,1,1
21.425613875,1,1,1,1,1,1,1,1,1,0,1,1,1,1
21.425630188,1,1,1,1,1,1,1,1,1,0,1,0,1,1
21.425630750,1,1,1,1,1,1,1,1,1,0,1,1,1,1
21.425646938,1,1,1,1,1,1,1,1,1,0,1,0,1,1
21.425647500,1,1,1,1,1,1,1,1,1,0,1,1,1,1
21.425663750,1,1,1,1,1,1,1,1,1,0,1,0,1,1
21.425664313,1,1,1,1,1,1,1,1,1,0,1,1,1,1
21.425680562,1,1,1,1,1,1,1,1,1,0,1,0,1,1
21.425681125,1,1,1,1,1,1,1,1,1,0,1,1,1,1
21.425697375,1,1,1,1,1,1,1,1,1,0,1,0,1,1
21.425697938,1,1,1,1,1,1,1,1,1,0,1,1,1,1
21.425714187,1,1,1,1,1,1,1,1,1,0,1,0,1,1
21.425714688,1,1,1,1,1,1,1,1,1,0,1,1,1,1
21.425731563,1,1,1,1,1,1,1,1,1,0,1,0,1,1
21.425732125,1,1,1,1,1,1,1,1,1,0,1,1,1,1
21.425748563,1,1,1,1,1,1,1,1,1,0,1,0,1,1
21.425749125,1,1,1,1,1,1,1,1,1,0,1,1,1,1
21.425765375,1,1,1,1,1,1,1,1,1,0,1,0,1,1
21.425765937,1,1,1,1,1,1,1,1,1,0,1,1,1,1
21.425782125,1,1,1,1,1,1,1,1,1,0,1,0,1,1
21.425782687,1,1,1,1,1,1,1,1,1,0,1,1,1,1
21.425798937,1,1,1,1,1,1,1,1,1,0,1,0,1,1
21.425799438,1,1,1,1,1,1,1,1,1,0,1,1,1,1
21.425815750,1,1,1,1,1,1,1,1,1,0,1,0,1,1
21.425816313,1,1,1,1,1,1,1,1,1,0,1,1,1,1
21.425832562,1,1,1,1,1,1,1,1,1,0,1,0,1,1
21.425833125,1,1,1,1,1,1,1,1,1,0,1,1,1,1
21.425849375,1,1,1,1,1,1,1,1,1,0,1,0,1,1
21.425849875,1,1,1,1,1,1,1,1,1,0,1,1,1,1
21.425866125,1,1,1,1,1,1,1,1,1,0,1,0,1,1
21.425866688,1,1,1,1,1,1,1,1,1,0,1,1,1,1
21.425882937,1,1,1,1,1,1,1,1,1,0,1,0,1,1
21.425883500,1,1,1,1,1,1,1,1,1,0,1,1,1,1
21.425899750,1,1,1,1,1,1,1,1,1,0,1,0,1,1
21.425900313,1,1,1,1,1,1,1,1,1,0,1,1,1,1
21.425917125,1,1,1,1,1,1,1,1,1,0,1,0,1,1
21.425917688,1,1,1,1,1,1,1,1,1,0,1,1,1,1
21.425934125,1,1,1,1,1,1,1,1,1,0,1,0,1,1
21.425934687,1,1,1,1,1,1,1,1,1,0,1,1,1,1
21.425950938,1,1,1,1,1,1,1,1,1,0,1,0,1,1
21.425951500,1,1,1,1,1,1,1,1,1,0,1,1,1,1
21.425967750,1,1,1,1,1,1,1,1,1,0,1,0,1,1
21.425968313,1,1,1,1,1,1,1,1,1,0,1,1,1,1
21.425984562,1,1,1,1,1,1,1,1,1,0,1,0,1,1
21.425985063,1,1,1,1,1,1,1,1,1,0,1,1,1,1
21.426001312,1,1,1,1,1,1,1,1,1,0,1,0,1,1
21.426001938,1,1,1,1,1,1,1,1,1,0,1,1,1,1
21.426018125,1,1,1,1,1,1,1,1,1,0,1,0,1,1
21.426018688,1,1,1,1,1,1,1,1,1,0,1,1,1,1
21.426034937,1,1,1,1,1,1,1,1,1,0,1,0,1,1
21.426035500,1,1,1,1,1,1,1,1,1,0,1,1,1,1
21.426051750,1,1,1,1,1,1,1,1,1,0,1,0,1,1
21.426052313,1,1,1,1,1,1,1,1,1,0,1,1,1,1
21.426068500,1,1,1,1,1,1,1,1,1,0,1,0,1,1
21.426069063,1,1,1,1,1,1,1,1,1,0,1,1,1,1
21.426085312,1,1,1,1,1,1,1,1,1,0,1,0,1,1
21.426085875,1,1,1,1,1,1,1,1,1,0,1,1,1,1
21.426102750,1,1,1,1,1,1,1,1,1,0,1,0,1,1
21.426103250,1,1,1,1,1,1,1,1,1,0,1,1,1,1
21.426119688,1,1,1,1,1,1,1,1,1,0,1,0,1,1
21.426120250,1,1,1,1,1,1,1,1,1,0,1,1,1,1
21.426136500,1,1,1,1,1,1,1,1,1,0,1,0,1,1
21.426137063,1,1,1,1,1,1,1,1,1,0,1,1,1,1
21.426153312,1,1,1,1,1,1,1,1,1,0,1,0,1,1
21.426153875,1,1,1,1,1,1,1,1,1,0,1,1,1,1
21.426170125,1,1,1,1,1,1,1,1,1,0,1,0,1,1
21.426170688,1,1,1,1,1,1,1,1,1,0,1,1,1,1
21.426186937,1,1,1,1,1,1,1,1,1,0,1,0,1,1
21.426187438,1,1,1,1,1,1,1,1,1,0,1,1,1,1
21.426203687,1,1,1,1,1,1,1,1,1,0,1,0,1,1
21.426204250,1,1,1,1,1,1,1,1,1,0,1,1,1,1
21.426220500,1,1,1,1,1,1,1,1,1,0,1,0,1,1
21.426221063,1,1,1,1,1,1,1,1,1,0,1,1,1,1
21.426237312,1,1,1,1,1,1,1,1,1,0,1,0,1,1
21.426237875,1,1,1,1,1,1,1,1,1,0,1,1,1,1
21.426254125,1,1,1,1,1,1,1,1,1,0,1,0,1,1
21.426254687,1,1,1,1,1,1,1,1,1,0,1,1,1,1
21.426270875,1,1,1,1,1,1,1,1,1,0,1,0,1,1
21.426271437,1,1,1,1,1,1,1,1,1,0,1,1,1,1
21.426288312,1,1,1,1,1,1,1,1,1,0,1,0,1,1
21.426288875,1,1,1,1,1,1,1,1,1,0,1,1,1,1
21.426305312,1,1,1,1,1,1,1,1,1,0,1,0,1,1
21.426305875,1,1,1,1,1,1,1,1,1,0,1,1,1,1
21.426322125,1,1,1,1,1,1,1,1,1,0,1,0,1,1
21.426322625,1,1,1,1,1,1,1,1,1,0,1,1,1,1
21.426338875,1,1,1,1,1,1,1,1,1,0,1,0,1,1
21.426339438,1,1,1,1,1,1,1,1,1,0,1,1,1,1
21.426355687,1,1,1,1,1,1,1,1,1,0,1,0,1,1
21.426356250,1,1,1,1,1,1,1,1,1,0,1,1,1,1
21.426372500,1,1,1,1,1,1,1,1,1,0,1,0,1,1
21.426373063,1,1,1,1,1,1,1,1,1,0,1,1,1,1
21.426389312,1,1,1,1,1,1,1,1,1,0,1,0,1,1
21.426389875,1,1,1,1,1,1,1,1,1,0,1,1,1,1
21.426406062,1,1,1,1,1,1,1,1,1,0,1,0,1,1
21.426406625,1,1,1,1,1,1,1,1,1,0,1,1,1,1
21.426422875,1,1,1,1,1,1,1,1,1,0,1,0,1,1
21.426423437,1,1,1,1,1,1,1,1,1,0,1,1,1,1
21.426439688,1,1,1,1,1,1,1,1,1,0,1,0,1,1
21.426440250,1,1,1,1,1,1,1,1,1,0,1,1,1,1
21.426456500,1,1,1,1,1,1,1,1,1,0,1,0,1,1
21.426457062,1,1,1,1,1,1,1,1,1,0,1,1,1,1
21.426473875,1,1,1,1,1,1,1,1,1,0,1,0,1,1
21.426474438,1,1,1,1,1,1,1,1,1,0,1,1,1,1
21.426490875,1,1,1,1,1,1,1,1,1,0,1,0,1,1
21.426491438,1,1,1,1,1,1,1,1,1,0,1,1,1,1
21.426507687,1,1,1,1,1,1,1,1,1,0,1,0,1,1
21.426508250,1,1,1,1,1,1,1,1,1,0,1,1,1,1
21.426524500,1,1,1,1,1,1,1,1,1,0,1,0,1,1
21.426525063,1,1,1,1,1,1,1,1,1,0,1,1,1,1
21.426541250,1,1,1,1,1,1,1,1,1,0,1,0,1,1
21.426541812,1,1,1,1,1,1,1,1,1,0,1,1,1,1
21.426558062,1,1,1,1,1,1,1,1,1,0,1,0,1,1
21.426558625,1,1,1,1,1,1,1,1,1,0,1,1,1,1
21.426574875,1,1,1,1,1,1,1,1,1,0,1,0,1,1
21.426575437,1,1,1,1,1,1,1,1,1,0,1,1,1,1
21.426591688,1,1,1,1,1,1,1,1,1,0,1,0,1,1
21.426592250,1,1,1,1,1,1,1,1,1,0,1,1,1,1
21.426608500,1,1,1,1,1,1,1,1,1,0,1,0,1,1
21.426609000,1,1,1,1,1,1,1,1,1,0,1,1,1,1
21.426625250,1,1,1,1,1,1,1,1,1,0,1,0,1,1
21.426625812,1,1,1,1,1,1,1,1,1,0,1,1,1,1
21.426642063,1,1,1,1,1,1,1,1,1,0,1,0,1,1
21.426642625,1,1,1,1,1,1,1,1,1,0,1,1,1,1
21.426659437,1,1,1,1,1,1,1,1,1,0,1,0,1,1
21.426660000,1,1,1,1,1,1,1,1,1,0,1,1,1,1
21.426676437,1,1,1,1,1,1,1,1,1,0,1,0,1,1
21.426677000,1,1,1,1,1,1,1,1,1,0,1,1,1,1
21.426693250,1,1,1,1,1,1,1,1,1,0,1,0,1,1
21.426693813,1,1,1,1,1,1,1,1,1,0,1,1,1,1
21.426710062,1,1,1,1,1,1,1,1,1,0,1,0,1,1
21.426710625,1,1,1,1,1,1,1,1,1,0,1,1,1,1
21.426726875,1,1,1,1,1,1,1,1,1,0,1,0,1,1
21.426727437,1,1,1,1,1,1,1,1,1,0,1,1,1,1
21.426743688,1,1,1,1,1,1,1,1,1,0,1,0,1,1
21.426744187,1,1,1,1,1,1,1,1,1,0,1,1,1,1
21.426760438,1,1,1,1,1,1,1,1,1,0,1,0,1,1
21.426761000,1,1,1,1,1,1,1,1,1,0,1,1,1,1
21.426777250,1,1,1,1,1,1,1,1,1,0,1,0,1,1
21.426777812,1,1,1,1,1,1,1,1,1,0,1,1,1,1
21.426794063,1,1,1,1,1,1,1,1,1,0,1,0,1,1
21.426794625,1,1,1,1,1,1,1,1,1,0,1,1,1,1
21.426810875,1,1,1,1,1,1,1,1,1,0,1,0,1,1
21.426811437,1,1,1,1,1,1,1,1,1,0,1,1,1,1
21.426827625,1,1,1,1,1,1,1,1,1,0,1,0,1,1
21.426828187,1,1,1,1,1,1,1,1,1,0,1,1,1,1
21.426845062,1,1,1,1,1,1,1,1,1,0,1,0,1,1
21.426845625,1,1,1,1,1,1,1,1,1,0,1,1,1,1
21.426862062,1,1,1,1,1,1,1,1,1,0,1,0,1,1
21.426862625,1,1,1,1,1,1,1,1,1,0,1,1,1,1
21.426878813,1,1,1,1,1,1,1,1,1,0,1,0,1,1
21.426879375,1,1,1,1,1,1,1,1,1,0,1,1,1,1
21.426895625,1,1,1,1,1,1,1,1,1,0,1,0,1,1
21.426896187,1,1,1,1,1,1,1,1,1,0,1,1,1,1
21.426912438,1,1,1,1,1,1,1,1,1,0,1,0,1,1
21.426913000,1,1,1,1,1,1,1,1,1,0,1,1,1,1
21.426929250,1,1,1,1,1,1,1,1,1,0,1,0,1,1
21.426929812,1,1,1,1,1,1,1,1,1,0,1,1,1,1
21.426946063,1,1,1,1,1,1,1,1,1,0,1,0,1,1
21.426946562,1,1,1,1,1,1,1,1,1,0,1,1,1,1
21.426962813,1,1,1,1,1,1,1,1,1,0,1,0,1,1
21.426963375,1,1,1,1,1,1,1,1,1,0,1,1,1,1
21.426979625,1,1,1,1,1,1,1,1,1,0,1,0,1,1
21.426980187,1,1,1,1,1,1,1,1,1,0,1,1,1,1
21.426996438,1,1,1,1,1,1,1,1,1,0,1,0,1,1
21.426997000,1,1,1,1,1,1,1,1,1,0,1,1,1,1
21.427013250,1,1,1,1,1,1,1,1,1,0,1,0,1,1
21.427013813,1,1,1,1,1,1,1,1,1,0,1,1,1,1
21.427030625,1,1,1,1,1,1,1,1,1,0,1,0,1,1
21.427031187,1,1,1,1,1,1,1,1,1,0,1,1,1,1
21.427047625,1,1,1,1,1,1,1,1,1,0,1,0,1,1
21.427048187,1,1,1,1,1,1,1,1,1,0,1,1,1,1
21.427064438,1,1,1,1,1,1,1,1,1,0,1,0,1,1
21.427065000,1,1,1,1,1,1,1,1,1,0,1,1,1,1
21.427081250,1,1,1,1,1,1,1,1,1,0,1,0,1,1
21.427081750,1,1,1,1,1,1,1,1,1,0,1,1,1,1
21.427098000,1,1,1,1,1,1,1,1,1,0,1,0,1,1
21.427098562,1,1,1,1,1,1,1,1,1,0,1,1,1,1
21.427114813,1,1,1,1,1,1,1,1,1,0,1,0,1,1
21.427115375,1,1,1,1,1,1,1,1,1,0,1,1,1,1
21.427131625,1,1,1,1,1,1,1,1,1,0,1,0,1,1
21.427132187,1,1,1,1,1,1,1,1,1,0,1,1,1,1
21.427148438,1,1,1,1,1,1,1,1,1,0,1,0,1,1
21.427149000,1,1,1,1,1,1,1,1,1,0,1,1,1,1
21.427165188,1,1,1,1,1,1,1,1,1,0,1,0,1,1
21.427165750,1,1,1,1,1,1,1,1,1,0,1,1,1,1
21.427182000,1,1,1,1,1,1,1,1,1,0,1,0,1,1
21.427182563,1,1,1,1,1,1,1,1,1,0,1,1,1,1
21.427198812,1,1,1,1,1,1,1,1,1,0,1,0,1,1
21.427199375,1,1,1,1,1,1,1,1,1,0,1,1,1,1
21.427216188,1,1,1,1,1,1,1,1,1,0,1,0,1,1
21.427216750,1,1,1,1,1,1,1,1,1,0,1,1,1,1
21.427233188,1,1,1,1,1,1,1,1,1,0,1,0,1,1
21.427233750,1,1,1,1,1,1,1,1,1,0,1,1,1,1
21.427250000,1,1,1,1,1,1,1,1,1,0,1,0,1,1
21.427250562,1,1,1,1,1,1,1,1,1,0,1,1,1,1
21.427266813,1,1,1,1,1,1,1,1,1,0,1,0,1,1
21.427267375,1,1,1,1,1,1,1,1,1,0,1,1,1,1
21.427283625,1,1,1,1,1,1,1,1,1,0,1,0,1,1
21.427284187,1,1,1,1,1,1,1,1,1,0,1,1,1,1
21.427300375,1,1,1,1,1,1,1,1,1,0,1,0,1,1
21.427300938,1,1,1,1,1,1,1,1,1,0,1,1,1,1
21.427317188,1,1,1,1,1,1,1,1,1,0,1,0,1,1
21.427317750,1,1,1,1,1,1,1,1,1,0,1,1,1,1
21.427334000,1,1,1,1,1,1,1,1,1,0,1,0,1,1
21.427334563,1,1,1,1,1,1,1,1,1,0,1,1,1,1
21.427350812,1,1,1,1,1,1,1,1,1,0,1,0,1,1
21.427351375,1,1,1,1,1,1,1,1,1,0,1,1,1,1
21.427367625,1,1,1,1,1,1,1,1,1,0,1,0,1,1
21.427368125,1,1,1,1,1,1,1,1,1,0,1,1,1,1
21.427384375,1,1,1,1,1,1,1,1,1,0,1,0,1,1
21.427384938,1,1,1,1,1,1,1,1,1,0,1,1,1,1
21.427401813,1,1,1,1,1,1,1,1,1,0,1,0,1,1
21.427402375,1,1,1,1,1,1,1,1,1,0,1,1,1,1
21.427418813,1,1,1,1,1,1,1,1,1,0,1,0,1,1
21.427419375,1,1,1,1,1,1,1,1,1,0,1,1,1,1
21.427435563,1,1,1,1,1,1,1,1,1,0,1,0,1,1
21.427436125,1,1,1,1,1,1,1,1,1,0,1,1,1,1
21.427452375,1,1,1,1,1,1,1,1,1,0,1,0,1,1
21.427452938,1,1,1,1,1,1,1,1,1,0,1,1,1,1
21.427469188,1,1,1,1,1,1,1,1,1,0,1,0,1,1
21.427469750,1,1,1,1,1,1,1,1,1,0,1,1,1,1
21.427486000,1,1,1,1,1,1,1,1,1,0,1,0,1,1
21.427486563,1,1,1,1,1,1,1,1,1,0,1,1,1,1
21.427502812,1,1,1,1,1,1,1,1,1,0,1,0,1,1
21.427503313,1,1,1,1,1,1,1,1,1,0,1,1,1,1
21.427519562,1,1,1,1,1,1,1,1,1,0,1,0,1,1
21.427520125,1,1,1,1,1,1,1,1,1,0,1,1,1,1
21.427536375,1,1,1,1,1,1,1,1,1,0,1,0,1,1
21.427536938,1,1,1,1,1,1,1,1,1,0,1,1,1,1
21.427553187,1,1,1,1,1,1,1,1,1,0,1,0,1,1
21.427553750,1,1,1,1,1,1,1,1,1,0,1,1,1,1
21.427570000,1,1,1,1,1,1,1,1,1,0,1,0,1,1
21.427570500,1,1,1,1,1,1,1,1,1,0,1,1,1,1
21.427587375,1,1,1,1,1,1,1,1,1,0,1,0,1,1
21.427587938,1,1,1,1,1,1,1,1,1,0,1,1,1,1
21.427604375,1,1,1,1,1,1,1,1,1,0,1,0,1,1
21.427604937,1,1,1,1,1,1,1,1,1,0,1,1,1,1
21.427621188,1,1,1,1,1,1,1,1,1,0,1,0,1,1
21.427621750,1,1,1,1,1,1,1,1,1,0,1,1,1,1
21.427638000,1,1,1,1,1,1,1,1,1,0,1,0,1,1
21.427638500,1,1,1,1,1,1,1,1,1,0,1,1,1,1
21.427654750,1,1,1,1,1,1,1,1,1,0,1,0,1,1
21.427655313,1,1,1,1,1,1,1,1,1,0,1,1,1,1
21.427671562,1,1,1,1,1,1,1,1,1,0,1,0,1,1
21.427672125,1,1,1,1,1,1,1,1,1,0,1,1,1,1
21.427688375,1,1,1,1,1,1,1,1,1,0,1,0,1,1
21.427688938,1,1,1,1,1,1,1,1,1,0,1,1,1,1
21.427705187,1,1,1,1,1,1,1,1,1,0,1,0,1,1
21.427705750,1,1,1,1,1,1,1,1,1,0,1,1,1,1
21.427721937,1,1,1,1,1,1,1,1,1,0,1,0,1,1
21.427722500,1,1,1,1,1,1,1,1,1,0,1,1,1,1
21.427738750,1,1,1,1,1,1,1,1,1,0,1,0,1,1
21.427739313,1,1,1,1,1,1,1,1,1,0,1,1,1,1
21.427755562,1,1,1,1,1,1,1,1,1,0,1,0,1,1
21.427756125,1,1,1,1,1,1,1,1,1,0,1,1,1,1
21.427772937,1,1,1,1,1,1,1,1,1,0,1,0,1,1
21.427773500,1,1,1,1,1,1,1,1,1,0,1,1,1,1
21.427789937,1,1,1,1,1,1,1,1,1,0,1,0,1,1
21.427790500,1,1,1,1,1,1,1,1,1,0,1,1,1,1
21.427806750,1,1,1,1,1,1,1,1,1,0,1,0,1,1
21.427807313,1,1,1,1,1,1,1,1,1,0,1,1,1,1
21.427823562,1,1,1,1,1,1,1,1,1,0,1,0,1,1
21.427824125,1,1,1,1,1,1,1,1,1,0,1,1,1,1
21.427840375,1,1,1,1,1,1,1,1,1,0,1,0,1,1
21.427840875,1,1,1,1,1,1,1,1,1,0,1,1,1,1
21.427857125,1,1,1,1,1,1,1,1,1,0,1,0,1,1
21.427857688,1,1,1,1,1,1,1,1,1,0,1,1,1,1
21.427873937,1,1,1,1,1,1,1,1,1,0,1,0,1,1
21.427874500,1,1,1,1,1,1,1,1,1,0,1,1,1,1
21.427890750,1,1,1,1,1,1,1,1,1,0,1,0,1,1
21.427891313,1,1,1,1,1,1,1,1,1,0,1,1,1,1
21.427907562,1,1,1,1,1,1,1,1,1,0,1,0,1,1
21.427908125,1,1,1,1,1,1,1,1,1,0,1,1,1,1
21.427924313,1,1,1,1,1,1,1,1,1,0,1,0,1,1
21.427924875,1,1,1,1,1,1,1,1,1,0,1,1,1,1
21.427941125,1,1,1,1,1,1,1,1,1,0,1,0,1,1
21.427941687,1,1,1,1,1,1,1,1,1,0,1,1,1,1
21.427958562,1,1,1,1,1,1,1,1,1,0,1,0,1,1
21.427959125,1,1,1,1,1,1,1,1,1,0,1,1,1,1
21.427975562,1,1,1,1,1,1,1,1,1,0,1,0,1,1
21.427976063,1,1,1,1,1,1,1,1,1,0,1,1,1,1
21.427992312,1,1,1,1,1,1,1,1,1,0,1,0,1,1
21.427992875,1,1,1,1,1,1,1,1,1,0,1,1,1,1
21.428009125,1,1,1,1,1,1,1,1,1,0,1,0,1,1
21.428009688,1,1,1,1,1,1,1,1,1,0,1,1,1,1
21.428025937,1,1,1,1,1,1,1,1,1,0,1,0,1,1
21.428026500,1,1,1,1,1,1,1,1,1,0,1,1,1,1
21.428042750,1,1,1,1,1,1,1,1,1,0,1,0,1,1
21.428043313,1,1,1,1,1,1,1,1,1,0,1,1,1,1
21.428059500,1,1,1,1,1,1,1,1,1,0,1,0,1,1
21.428060062,1,1,1,1,1,1,1,1,1,0,1,1,1,1
21.428076313,1,1,1,1,1,1,1,1,1,0,1,0,1,1
21.428076875,1,1,1,1,1,1,1,1,1,0,1,1,1,1
21.428093125,1,1,1,1,1,1,1,1,1,0,1,0,1,1
21.428093687,1,1,1,1,1,1,1,1,1,0,1,1,1,1
21.428109938,1,1,1,1,1,1,1,1,1,0,1,0,1,1
21.428110500,1,1,1,1,1,1,1,1,1,0,1,1,1,1
21.428126750,1,1,1,1,1,1,1,1,1,0,1,0,1,1
21.428127250,1,1,1,1,1,1,1,1,1,0,1,1,1,1
21.428144125,1,1,1,1,1,1,1,1,1,0,1,0,1,1
21.428144688,1,1,1,1,1,1,1,1,1,0,1,1,1,1
21.428161125,1,1,1,1,1,1,1,1,1,0,1,0,1,1
21.428161688,1,1,1,1,1,1,1,1,1,0,1,1,1,1
21.428177937,1,1,1,1,1,1,1,1,1,0,1,0,1,1
21.428178500,1,1,1,1,1,1,1,1,1,0,1,1,1,1
21.428194687,1,1,1,1,1,1,1,1,1,0,1,0,1,1
21.428195250,1,1,1,1,1,1,1,1,1,0,1,1,1,1
21.428211500,1,1,1,1,1,1,1,1,1,0,1,0,1,1
21.428212062,1,1,1,1,1,1,1,1,1,0,1,1,1,1
21.428228312,1,1,1,1,1,1,1,1,1,0,1,0,1,1
21.428228875,1,1,1,1,1,1,1,1,1,0,1,1,1,1
21.428245125,1,1,1,1,1,1,1,1,1,0,1,0,1,1
21.428245687,1,1,1,1,1,1,1,1,1,0,1,1,1,1
21.428261938,1,1,1,1,1,1,1,1,1,0,1,0,1,1
21.428262437,1,1,1,1,1,1,1,1,1,0,1,1,1,1
21.428278688,1,1,1,1,1,1,1,1,1,0,1,0,1,1
21.428279250,1,1,1,1,1,1,1,1,1,0,1,1,1,1
21.428295500,1,1,1,1,1,1,1,1,1,0,1,0,1,1
21.428296062,1,1,1,1,1,1,1,1,1,0,1,1,1,1
21.428312313,1,1,1,1,1,1,1,1,1,0,1,0,1,1
21.428312875,1,1,1,1,1,1,1,1,1,0,1,1,1,1
21.428329687,1,1,1,1,1,1,1,1,1,0,1,0,1,1
21.428330250,1,1,1,1,1,1,1,1,1,0,1,1,1,1
21.428346688,1,1,1,1,1,1,1,1,1,0,1,0,1,1
21.428347250,1,1,1,1,1,1,1,1,1,0,1,1,1,1
21.428363500,1,1,1,1,1,1,1,1,1,0,1,0,1,1
21.428364062,1,1,1,1,1,1,1,1,1,0,1,1,1,1
21.428380312,1,1,1,1,1,1,1,1,1,0,1,0,1,1
21.428380875,1,1,1,1,1,1,1,1,1,0,1,1,1,1
21.428397125,1,1,1,1,1,1,1,1,1,0,1,0,1,1
21.428397625,1,1,1,1,1,1,1,1,1,0,1,1,1,1
21.428413875,1,1,1,1,1,1,1,1,1,0,1,0,1,1
21.428414437,1,1,1,1,1,1,1,1,1,0,1,1,1,1
21.428430688,1,1,1,1,1,1,1,1,1,0,1,0,1,1
21.428431250,1,1,1,1,1,1,1,1,1,0,1,1,1,1
21.428447500,1,1,1,1,1,1,1,1,1,0,1,0,1,1
21.428448062,1,1,1,1,1,1,1,1,1,0,1,1,1,1
21.428464313,1,1,1,1,1,1,1,1,1,0,1,0,1,1
21.428464812,1,1,1,1,1,1,1,1,1,0,1,1,1,1
21.428481063,1,1,1,1,1,1,1,1,1,0,1,0,1,1
21.428481625,1,1,1,1,1,1,1,1,1,0,1,1,1,1
21.428497875,1,1,1,1,1,1,1,1,1,0,1,0,1,1
21.428498438,1,1,1,1,1,1,1,1,1,0,1,1,1,1
21.428515313,1,1,1,1,1,1,1,1,1,0,1,0,1,1
21.428515812,1,1,1,1,1,1,1,1,1,0,1,1,1,1
21.428532250,1,1,1,1,1,1,1,1,1,0,1,0,1,1
21.428532812,1,1,1,1,1,1,1,1,1,0,1,1,1,1
21.428549063,1,1,1,1,1,1,1,1,1,0,1,0,1,1
21.428549625,1,1,1,1,1,1,1,1,1,0,1,1,1,1
21.428565875,1,1,1,1,1,1,1,1,1,0,1,0,1,1
21.428566437,1,1,1,1,1,1,1,1,1,0,1,1,1,1
21.428582688,1,1,1,1,1,1,1,1,1,0,1,0,1,1
21.428583250,1,1,1,1,1,1,1,1,1,0,1,1,1,1
21.428599500,1,1,1,1,1,1,1,1,1,0,1,0,1,1
21.428600000,1,1,1,1,1,1,1,1,1,0,1,1,1,1
21.428616250,1,1,1,1,1,1,1,1,1,0,1,0,1,1
21.428616812,1,1,1,1,1,1,1,1,1,0,1,1,1,1
21.428633063,1,1,1,1,1,1,1,1,1,0,1,0,1,1
21.428633625,1,1,1,1,1,1,1,1,1,0,1,1,1,1
21.428649875,1,1,1,1,1,1,1,1,1,0,1,0,1,1
21.428650437,1,1,1,1,1,1,1,1,1,0,1,1,1,1
21.428666688,1,1,1,1,1,1,1,1,1,0,1,0,1,1
21.428667250,1,1,1,1,1,1,1,1,1,0,1,1,1,1
21.428683437,1,1,1,1,1,1,1,1,1,0,1,0,1,1
21.428684000,1,1,1,1,1,1,1,1,1,0,1,1,1,1
21.428700875,1,1,1,1,1,1,1,1,1,0,1,0,1,1
21.428701437,1,1,1,1,1,1,1,1,1,0,1,1,1,1
21.428717875,1,1,1,1,1,1,1,1,1,0,1,0,1,1
21.428718437,1,1,1,1,1,1,1,1,1,0,1,1,1,1
21.428734688,1,1,1,1,1,1,1,1,1,0,1,0,1,1
21.428735187,1,1,1,1,1,1,1,1,1,0,1,1,1,1
21.428751438,1,1,1,1,1,1,1,1,1,0,1,0,1,1
21.428752000,1,1,1,1,1,1,1,1,1,0,1,1,1,1
21.428768250,1,1,1,1,1,1,1,1,1,0,1,0,1,1
21.428768812,1,1,1,1,1,1,1,1,1,0,1,1,1,1
21.428785063,1,1,1,1,1,1,1,1,1,0,1,0,1,1
21.428785625,1,1,1,1,1,1,1,1,1,0,1,1,1,1
21.428801875,1,1,1,1,1,1,1,1,1,0,1,0,1,1
21.428802437,1,1,1,1,1,1,1,1,1,0,1,1,1,1
21.428818625,1,1,1,1,1,1,1,1,1,0,1,0,1,1
21.428819188,1,1,1,1,1,1,1,1,1,0,1,1,1,1
21.428835437,1,1,1,1,1,1,1,1,1,0,1,0,1,1
21.428836000,1,1,1,1,1,1,1,1,1,0,1,1,1,1
21.428852250,1,1,1,1,1,1,1,1,1,0,1,0,1,1
21.428852813,1,1,1,1,1,1,1,1,1,0,1,1,1,1
21.428869062,1,1,1,1,1,1,1,1,1,0,1,0,1,1
21.428869625,1,1,1,1,1,1,1,1,1,0,1,1,1,1
21.428886438,1,1,1,1,1,1,1,1,1,0,1,0,1,1
21.428887000,1,1,1,1,1,1,1,1,1,0,1,1,1,1
21.428903438,1,1,1,1,1,1,1,1,1,0,1,0,1,1
21.428904000,1,1,1,1,1,1,1,1,1,0,1,1,1,1
21.428920250,1,1,1,1,1,1,1,1,1,0,1,0,1,1
21.428920812,1,1,1,1,1,1,1,1,1,0,1,1,1,1
21.428937063,1,1,1,1,1,1,1,1,1,0,1,0,1,1
21.428937625,1,1,1,1,1,1,1,1,1,0,1,1,1,1
21.428953813,1,1,1,1,1,1,1,1,1,0,1,0,1,1
21.428954375,1,1,1,1,1,1,1,1,1,0,1,1,1,1
21.428970625,1,1,1,1,1,1,1,1,1,0,1,0,1,1
21.428971188,1,1,1,1,1,1,1,1,1,0,1,1,1,1
21.428987437,1,1,1,1,1,1,1,1,1,0,1,0,1,1
21.428988000,1,1,1,1,1,1,1,1,1,0,1,1,1,1
21.429004250,1,1,1,1,1,1,1,1,1,0,1,0,1,1
21.429004813,1,1,1,1,1,1,1,1,1,0,1,1,1,1
21.429021062,1,1,1,1,1,1,1,1,1,0,1,0,1,1
21.429021563,1,1,1,1,1,1,1,1,1,0,1,1,1,1
21.429037812,1,1,1,1,1,1,1,1,1,0,1,0,1,1
21.429038375,1,1,1,1,1,1,1,1,1,0,1,1,1,1
21.429054625,1,1,1,1,1,1,1,1,1,0,1,0,1,1
21.429055188,1,1,1,1,1,1,1,1,1,0,1,1,1,1
21.429072000,1,1,1,1,1,1,1,1,1,0,1,0,1,1
21.429072563,1,1,1,1,1,1,1,1,1,0,1,1,1,1
21.429089000,1,1,1,1,1,1,1,1,1,0,1,0,1,1
21.429089562,1,1,1,1,1,1,1,1,1,0,1,1,1,1
21.429105813,1,1,1,1,1,1,1,1,1,0,1,0,1,1
21.429106375,1,1,1,1,1,1,1,1,1,0,1,1,1,1
21.429122625,1,1,1,1,1,1,1,1,1,0,1,0,1,1
21.429123188,1,1,1,1,1,1,1,1,1,0,1,1,1,1
21.429139438,1,1,1,1,1,1,1,1,1,0,1,0,1,1
21.429140000,1,1,1,1,1,1,1,1,1,0,1,1,1,1
21.429156250,1,1,1,1,1,1,1,1,1,0,1,0,1,1
21.429156750,1,1,1,1,1,1,1,1,1,0,1,1,1,1
21.429173000,1,1,1,1,1,1,1,1,1,0,1,0,1,1
21.429173563,1,1,1,1,1,1,1,1,1,0,1,1,1,1
21.429189813,1,1,1,1,1,1,1,1,1,0,1,0,1,1
21.429190375,1,1,1,1,1,1,1,1,1,0,1,1,1,1
21.429206625,1,1,1,1,1,1,1,1,1,0,1,0,1,1
21.429207188,1,1,1,1,1,1,1,1,1,0,1,1,1,1
21.429223437,1,1,1,1,1,1,1,1,1,0,1,0,1,1
21.429224000,1,1,1,1,1,1,1,1,1,0,1,1,1,1
21.429240187,1,1,1,1,1,1,1,1,1,0,1,0,1,1
21.429240750,1,1,1,1,1,1,1,1,1,0,1,1,1,1
21.429257625,1,1,1,1,1,1,1,1,1,0,1,0,1,1
21.429258188,1,1,1,1,1,1,1,1,1,0,1,1,1,1
21.429274625,1,1,1,1,1,1,1,1,1,0,1,0,1,1
21.429275188,1,1,1,1,1,1,1,1,1,0,1,1,1,1
21.429291438,1,1,1,1,1,1,1,1,1,0,1,0,1,1
21.429291938,1,1,1,1,1,1,1,1,1,0,1,1,1,1
21.429308187,1,1,1,1,1,1,1,1,1,0,1,0,1,1
21.429308750,1,1,1,1,1,1,1,1,1,0,1,1,1,1
21.429325000,1,1,1,1,1,1,1,1,1,0,1,0,1,1
21.429325563,1,1,1,1,1,1,1,1,1,0,1,1,1,1
21.429341812,1,1,1,1,1,1,1,1,1,0,1,0,1,1
21.429342375,1,1,1,1,1,1,1,1,1,0,1,1,1,1
21.429358625,1,1,1,1,1,1,1,1,1,0,1,0,1,1
21.429359125,1,1,1,1,1,1,1,1,1,0,1,1,1,1
21.429375375,1,1,1,1,1,1,1,1,1,0,1,0,1,1
21.429375938,1,1,1,1,1,1,1,1,1,0,1,1,1,1
21.429392187,1,1,1,1,1,1,1,1,1,0,1,0,1,1
21.429392750,1,1,1,1,1,1,1,1,1,0,1,1,1,1
21.429409000,1,1,1,1,1,1,1,1,1,0,1,0,1,1
21.429409562,1,1,1,1,1,1,1,1,1,0,1,1,1,1
21.429425812,1,1,1,1,1,1,1,1,1,0,1,0,1,1
21.429426375,1,1,1,1,1,1,1,1,1,0,1,1,1,1
21.429443187,1,1,1,1,1,1,1,1,1,0,1,0,1,1
21.429443750,1,1,1,1,1,1,1,1,1,0,1,1,1,1
21.429460187,1,1,1,1,1,1,1,1,1,0,1,0,1,1
21.429460750,1,1,1,1,1,1,1,1,1,0,1,1,1,1
21.429477000,1,1,1,1,1,1,1,1,1,0,1,0,1,1
21.429477563,1,1,1,1,1,1,1,1,1,0,1,1,1,1
21.429493812,1,1,1,1,1,1,1,1,1,0,1,0,1,1
21.429494313,1,1,1,1,1,1,1,1,1,0,1,1,1,1
21.429510562,1,1,1,1,1,1,1,1,1,0,1,0,1,1
21.429511125,1,1,1,1,1,1,1,1,1,0,1,1,1,1
21.429527375,1,1,1,1,1,1,1,1,1,0,1,0,1,1
21.429527938,1,1,1,1,1,1,1,1,1,0,1,1,1,1
21.429544187,1,1,1,1,1,1,1,1,1,0,1,0,1,1
21.429544750,1,1,1,1,1,1,1,1,1,0,1,1,1,1
21.429561000,1,1,1,1,1,1,1,1,1,0,1,0,1,1
21.429561563,1,1,1,1,1,1,1,1,1,0,1,1,1,1
21.429577750,1,1,1,1,1,1,1,1,1,0,1,0,1,1
21.429578312,1,1,1,1,1,1,1,1,1,0,1,1,1,1
21.429594563,1,1,1,1,1,1,1,1,1,0,1,0,1,1
21.429595125,1,1,1,1,1,1,1,1,1,0,1,1,1,1
21.429611375,1,1,1,1,1,1,1,1,1,0,1,0,1,1
21.429611937,1,1,1,1,1,1,1,1,1,0,1,1,1,1
21.429628750,1,1,1,1,1,1,1,1,1,0,1,0,1,1
21.429629313,1,1,1,1,1,1,1,1,1,0,1,1,1,1
21.429645750,1,1,1,1,1,1,1,1,1,0,1,0,1,1
21.429646313,1,1,1,1,1,1,1,1,1,0,1,1,1,1
21.429662562,1,1,1,1,1,1,1,1,1,0,1,0,1,1
21.429663125,1,1,1,1,1,1,1,1,1,0,1,1,1,1
21.429679375,1,1,1,1,1,1,1,1,1,0,1,0,1,1
21.429679938,1,1,1,1,1,1,1,1,1,0,1,1,1,1
21.429696187,1,1,1,1,1,1,1,1,1,0,1,0,1,1
21.429696750,1,1,1,1,1,1,1,1,1,0,1,1,1,1
21.429712937,1,1,1,1,1,1,1,1,1,0,1,0,1,1
21.429713500,1,1,1,1,1,1,1,1,1,0,1,1,1,1
21.429729750,1,1,1,1,1,1,1,1,1,0,1,0,1,1
21.429730312,1,1,1,1,1,1,1,1,1,0,1,1,1,1
21.429746563,1,1,1,1,1,1,1,1,1,0,1,0,1,1
21.429747125,1,1,1,1,1,1,1,1,1,0,1,1,1,1
21.429763375,1,1,1,1,1,1,1,1,1,0,1,0,1,1
21.429763937,1,1,1,1,1,1,1,1,1,0,1,1,1,1
21.429780188,1,1,1,1,1,1,1,1,1,0,1,0,1,1
21.429780687,1,1,1,1,1,1,1,1,1,0,1,1,1,1
21.429796938,1,1,1,1,1,1,1,1,1,0,1,0,1,1
21.429797500,1,1,1,1,1,1,1,1,1,0,1,1,1,1
21.429814375,1,1,1,1,1,1,1,1,1,0,1,0,1,1
21.429814938,1,1,1,1,1,1,1,1,1,0,1,1,1,1
21.429831375,1,1,1,1,1,1,1,1,1,0,1,0,1,1
21.429831938,1,1,1,1,1,1,1,1,1,0,1,1,1,1
21.429848125,1,1,1,1,1,1,1,1,1,0,1,0,1,1
21.429848688,1,1,1,1,1,1,1,1,1,0,1,1,1,1
21.429864937,1,1,1,1,1,1,1,1,1,0,1,0,1,1
21.429865500,1,1,1,1,1,1,1,1,1,0,1,1,1,1
21.429881750,1,1,1,1,1,1,1,1,1,0,1,0,1,1
21.429882312,1,1,1,1,1,1,1,1,1,0,1,1,1,1
21.429898563,1,1,1,1,1,1,1,1,1,0,1,0,1,1
21.429899125,1,1,1,1,1,1,1,1,1,0,1,1,1,1
21.429915375,1,1,1,1,1,1,1,1,1,0,1,0,1,1
21.429915875,1,1,1,1,1,1,1,1,1,0,1,1,1,1
21.429932125,1,1,1,1,1,1,1,1,1,0,1,0,1,1
21.429932687,1,1,1,1,1,1,1,1,1,0,1,1,1,1
21.429948938,1,1,1,1,1,1,1,1,1,0,1,0,1,1
21.429949500,1,1,1,1,1,1,1,1,1,0,1,1,1,1
21.429965750,1,1,1,1,1,1,1,1,1,0,1,0,1,1
21.429966312,1,1,1,1,1,1,1,1,1,0,1,1,1,1
21.429982563,1,1,1,1,1,1,1,1,1,0,1,0,1,1
21.429983125,1,1,1,1,1,1,1,1,1,0,1,1,1,1
21.429999937,1,1,1,1,1,1,1,1,1,0,1,0,1,1
21.430000500,1,1,1,1,1,1,1,1,1,0,1,1,1,1
21.430016937,1,1,1,1,1,1,1,1,1,0,1,0,1,1
21.430017500,1,1,1,1,1,1,1,1,1,0,1,1,1,1
21.430033750,1,1,1,1,1,1,1,1,1,0,1,0,1,1
21.430034312,1,1,1,1,1,1,1,1,1,0,1,1,1,1
21.430050562,1,1,1,1,1,1,1,1,1,0,1,0,1,1
21.430051062,1,1,1,1,1,1,1,1,1,0,1,1,1,1
21.430067313,1,1,1,1,1,1,1,1,1,0,1,0,1,1
21.430067875,1,1,1,1,1,1,1,1,1,0,1,1,1,1
21.430084125,1,1,1,1,1,1,1,1,1,0,1,0,1,1
21.430084687,1,1,1,1,1,1,1,1,1,0,1,1,1,1
21.430100938,1,1,1,1,1,1,1,1,1,0,1,0,1,1
21.430101500,1,1,1,1,1,1,1,1,1,0,1,1,1,1
21.430117750,1,1,1,1,1,1,1,1,1,0,1,0,1,1
21.430118312,1,1,1,1,1,1,1,1,1,0,1,1,1,1
21.430134500,1,1,1,1,1,1,1,1,1,0,1,0,1,1
21.430135062,1,1,1,1,1,1,1,1,1,0,1,1,1,1
21.430151313,1,1,1,1,1,1,1,1,1,0,1,0,1,1
21.430151875,1,1,1,1,1,1,1,1,1,0,1,1,1,1
21.430168125,1,1,1,1,1,1,1,1,1,0,1,0,1,1
21.430168688,1,1,1,1,1,1,1,1,1,0,1,1,1,1
21.430185500,1,1,1,1,1,1,1,1,1,0,1,0,1,1
21.430186062,1,1,1,1,1,1,1,1,1,0,1,1,1,1
21.430202500,1,1,1,1,1,1,1,1,1,0,1,0,1,1
21.430203062,1,1,1,1,1,1,1,1,1,0,1,1,1,1
21.430219313,1,1,1,1,1,1,1,1,1,0,1,0,1,1
21.430219875,1,1,1,1,1,1,1,1,1,0,1,1,1,1
21.430236125,1,1,1,1,1,1,1,1,1,0,1,0,1,1
21.430236687,1,1,1,1,1,1,1,1,1,0,1,1,1,1
21.430252938,1,1,1,1,1,1,1,1,1,0,1,0,1,1
21.430253437,1,1,1,1,1,1,1,1,1,0,1,1,1,1
21.430269688,1,1,1,1,1,1,1,1,1,0,1,0,1,1
21.430270250,1,1,1,1,1,1,1,1,1,0,1,1,1,1
21.430286500,1,1,1,1,1,1,1,1,1,0,1,0,1,1
21.430287062,1,1,1,1,1,1,1,1,1,0,1,1,1,1
21.430303313,1,1,1,1,1,1,1,1,1,0,1,0,1,1
21.430303875,1,1,1,1,1,1,1,1,1,0,1,1,1,1
21.430320125,1,1,1,1,1,1,1,1,1,0,1,0,1,1
21.430320688,1,1,1,1,1,1,1,1,1,0,1,1,1,1
21.430336875,1,1,1,1,1,1,1,1,1,0,1,0,1,1
21.430337438,1,1,1,1,1,1,1,1,1,0,1,1,1,1
21.430353687,1,1,1,1,1,1,1,1,1,0,1,0,1,1
21.430354250,1,1,1,1,1,1,1,1,1,0,1,1,1,1
21.430371125,1,1,1,1,1,1,1,1,1,0,1,0,1,1
21.430371687,1,1,1,1,1,1,1,1,1,0,1,1,1,1
21.430388125,1,1,1,1,1,1,1,1,1,0,1,0,1,1
21.430388625,1,1,1,1,1,1,1,1,1,0,1,1,1,1
21.430404875,1,1,1,1,1,1,1,1,1,0,1,0,1,1
21.430405437,1,1,1,1,1,1,1,1,1,0,1,1,1,1
21.430421688,1,1,1,1,1,1,1,1,1,0,1,0,1,1
21.430422250,1,1,1,1,1,1,1,1,1,0,1,1,1,1
21.430438500,1,1,1,1,1,1,1,1,1,0,1,0,1,1
21.430439063,1,1,1,1,1,1,1,1,1,0,1,1,1,1
21.430455313,1,1,1,1,1,1,1,1,1,0,1,0,1,1
21.430455875,1,1,1,1,1,1,1,1,1,0,1,1,1,1
21.430472063,1,1,1,1,1,1,1,1,1,0,1,0,1,1
21.430472625,1,1,1,1,1,1,1,1,1,0,1,1,1,1
21.430488875,1,1,1,1,1,1,1,1,1,0,1,0,1,1
21.430489438,1,1,1,1,1,1,1,1,1,0,1,1,1,1
21.430505687,1,1,1,1,1,1,1,1,1,0,1,0,1,1
21.430506250,1,1,1,1,1,1,1,1,1,0,1,1,1,1
21.430522500,1,1,1,1,1,1,1,1,1,0,1,0,1,1
21.430523063,1,1,1,1,1,1,1,1,1,0,1,1,1,1
21.430539312,1,1,1,1,1,1,1,1,1,0,1,0,1,1
21.430539812,1,1,1,1,1,1,1,1,1,0,1,1,1,1
21.430556688,1,1,1,1,1,1,1,1,1,0,1,0,1,1
21.430557250,1,1,1,1,1,1,1,1,1,0,1,1,1,1
21.430573688,1,1,1,1,1,1,1,1,1,0,1,0,1,1
21.430574250,1,1,1,1,1,1,1,1,1,0,1,1,1,1
21.430590500,1,1,1,1,1,1,1,1,1,0,1,0,1,1
21.430591062,1,1,1,1,1,1,1,1,1,0,1,1,1,1
21.430607250,1,1,1,1,1,1,1,1,1,0,1,0,1,1
21.430607812,1,1,1,1,1,1,1,1,1,0,1,1,1,1
21.430624063,1,1,1,1,1,1,1,1,1,0,1,0,1,1
21.430624625,1,1,1,1,1,1,1,1,1,0,1,1,1,1
21.430640875,1,1,1,1,1,1,1,1,1,0,1,0,1,1
21.430641438,1,1,1,1,1,1,1,1,1,0,1,1,1,1
21.430657687,1,1,1,1,1,1,1,1,1,0,1,0,1,1
21.430658250,1,1,1,1,1,1,1,1,1,0,1,1,1,1
21.430674500,1,1,1,1,1,1,1,1,1,0,1,0,1,1
21.430675000,1,1,1,1,1,1,1,1,1,0,1,1,1,1
21.430691250,1,1,1,1,1,1,1,1,1,0,1,0,1,1
21.430691813,1,1,1,1,1,1,1,1,1,0,1,1,1,1
21.430708062,1,1,1,1,1,1,1,1,1,0,1,0,1,1
21.430708625,1,1,1,1,1,1,1,1,1,0,1,1,1,1
21.430724875,1,1,1,1,1,1,1,1,1,0,1,0,1,1
21.430725438,1,1,1,1,1,1,1,1,1,0,1,1,1,1
21.430742250,1,1,1,1,1,1,1,1,1,0,1,0,1,1
21.430742813,1,1,1,1,1,1,1,1,1,0,1,1,1,1
21.430759250,1,1,1,1,1,1,1,1,1,0,1,0,1,1
21.430759812,1,1,1,1,1,1,1,1,1,0,1,1,1,1
21.430776063,1,1,1,1,1,1,1,1,1,0,1,0,1,1
21.430776625,1,1,1,1,1,1,1,1,1,0,1,1,1,1
21.430792875,1,1,1,1,1,1,1,1,1,0,1,0,1,1
21.430793438,1,1,1,1,1,1,1,1,1,0,1,1,1,1
21.430809687,1,1,1,1,1,1,1,1,1,0,1,0,1,1
21.430810188,1,1,1,1,1,1,1,1,1,0,1,1,1,1
21.430826437,1,1,1,1,1,1,1,1,1,0,1,0,1,1
21.430827000,1,1,1,1,1,1,1,1,1,0,1,1,1,1
21.430843250,1,1,1,1,1,1,1,1,1,0,1,0,1,1
21.430843813,1,1,1,1,1,1,1,1,1,0,1,1,1,1
21.430860062,1,1,1,1,1,1,1,1,1,0,1,0,1,1
21.430860625,1,1,1,1,1,1,1,1,1,0,1,1,1,1
21.430876875,1,1,1,1,1,1,1,1,1,0,1,0,1,1
21.430877438,1,1,1,1,1,1,1,1,1,0,1,1,1,1
21.430893625,1,1,1,1,1,1,1,1,1,0,1,0,1,1
21.430894188,1,1,1,1,1,1,1,1,1,0,1,1,1,1
21.430910437,1,1,1,1,1,1,1,1,1,0,1,0,1,1
21.430911000,1,1,1,1,1,1,1,1,1,0,1,1,1,1
21.430927875,1,1,1,1,1,1,1,1,1,0,1,0,1,1
21.430928375,1,1,1,1,1,1,1,1,1,0,1,1,1,1
21.430944875,1,1,1,1,1,1,1,1,1,0,1,0,1,1
21.430945375,1,1,1,1,1,1,1,1,1,0,1,1,1,1
21.430961625,1,1,1,1,1,1,1,1,1,0,1,0,1,1
21.430962188,1,1,1,1,1,1,1,1,1,0,1,1,1,1
21.430978437,1,1,1,1,1,1,1,1,1,0,1,0,1,1
21.430979000,1,1,1,1,1,1,1,1,1,0,1,1,1,1
21.430995250,1,1,1,1,1,1,1,1,1,0,1,0,1,1
21.430995813,1,1,1,1,1,1,1,1,1,0,1,1,1,1
21.431012062,1,1,1,1,1,1,1,1,1,0,1,0,1,1
21.431012563,1,1,1,1,1,1,1,1,1,0,1,1,1,1
21.431028812,1,1,1,1,1,1,1,1,1,0,1,0,1,1
21.431029375,1,1,1,1,1,1,1,1,1,0,1,1,1,1
21.431045625,1,1,1,1,1,1,1,1,1,0,1,0,1,1
21.431046188,1,1,1,1,1,1,1,1,1,0,1,1,1,1
21.431062437,1,1,1,1,1,1,1,1,1,0,1,0,1,1
21.431063000,1,1,1,1,1,1,1,1,1,0,1,1,1,1
21.431079250,1,1,1,1,1,1,1,1,1,0,1,0,1,1
21.431079812,1,1,1,1,1,1,1,1,1,0,1,1,1,1
21.431096000,1,1,1,1,1,1,1,1,1,0,1,0,1,1
21.431096562,1,1,1,1,1,1,1,1,1,0,1,1,1,1
21.431113437,1,1,1,1,1,1,1,1,1,0,1,0,1,1
21.431114000,1,1,1,1,1,1,1,1,1,0,1,1,1,1
21.431130437,1,1,1,1,1,1,1,1,1,0,1,0,1,1
21.431131000,1,1,1,1,1,1,1,1,1,0,1,1,1,1
21.431147250,1,1,1,1,1,1,1,1,1,0,1,0,1,1
21.431147750,1,1,1,1,1,1,1,1,1,0,1,1,1,1
21.431164000,1,1,1,1,1,1,1,1,1,0,1,0,1,1
21.431164563,1,1,1,1,1,1,1,1,1,0,1,1,1,1
21.431180812,1,1,1,1,1,1,1,1,1,0,1,0,1,1
21.431181375,1,1,1,1,1,1,1,1,1,0,1,1,1,1
21.431197625,1,1,1,1,1,1,1,1,1,0,1,0,1,1
21.431198188,1,1,1,1,1,1,1,1,1,0,1,1,1,1
21.431214437,1,1,1,1,1,1,1,1,1,0,1,0,1,1
21.431215000,1,1,1,1,1,1,1,1,1,0,1,1,1,1
21.431231187,1,1,1,1,1,1,1,1,1,0,1,0,1,1
21.431231750,1,1,1,1,1,1,1,1,1,0,1,1,1,1
21.431248000,1,1,1,1,1,1,1,1,1,0,1,0,1,1
21.431248562,1,1,1,1,1,1,1,1,1,0,1,1,1,1
21.431264813,1,1,1,1,1,1,1,1,1,0,1,0,1,1
21.431265375,1,1,1,1,1,1,1,1,1,0,1,1,1,1
21.431281625,1,1,1,1,1,1,1,1,1,0,1,0,1,1
21.431282187,1,1,1,1,1,1,1,1,1,0,1,1,1,1
21.431299000,1,1,1,1,1,1,1,1,1,0,1,0,1,1
21.431299563,1,1,1,1,1,1,1,1,1,0,1,1,1,1
21.431316000,1,1,1,1,1,1,1,1,1,0,1,0,1,1
21.431316563,1,1,1,1,1,1,1,1,1,0,1,1,1,1
21.431332812,1,1,1,1,1,1,1,1,1,0,1,0,1,1
21.431333375,1,1,1,1,1,1,1,1,1,0,1,1,1,1
21.431349625,1,1,1,1,1,1,1,1,1,0,1,0,1,1
21.431350188,1,1,1,1,1,1,1,1,1,0,1,1,1,1
21.431366375,1,1,1,1,1,1,1,1,1,0,1,0,1,1
21.431366938,1,1,1,1,1,1,1,1,1,0,1,1,1,1
21.431383187,1,1,1,1,1,1,1,1,1,0,1,0,1,1
21.431383750,1,1,1,1,1,1,1,1,1,0,1,1,1,1
21.431400000,1,1,1,1,1,1,1,1,1,0,1,0,1,1
21.431400562,1,1,1,1,1,1,1,1,1,0,1,1,1,1
21.431416813,1,1,1,1,1,1,1,1,1,0,1,0,1,1
21.431417375,1,1,1,1,1,1,1,1,1,0,1,1,1,1
21.431433625,1,1,1,1,1,1,1,1,1,0,1,0,1,1
21.431434125,1,1,1,1,1,1,1,1,1,0,1,1,1,1
21.431450375,1,1,1,1,1,1,1,1,1,0,1,0,1,1
21.431450937,1,1,1,1,1,1,1,1,1,0,1,1,1,1
21.431467188,1,1,1,1,1,1,1,1,1,0,1,0,1,1
21.431467750,1,1,1,1,1,1,1,1,1,0,1,1,1,1
21.431484562,1,1,1,1,1,1,1,1,1,0,1,0,1,1
21.431485125,1,1,1,1,1,1,1,1,1,0,1,1,1,1
21.431501562,1,1,1,1,1,1,1,1,1,0,1,0,1,1
21.431502125,1,1,1,1,1,1,1,1,1,0,1,1,1,1
21.431518375,1,1,1,1,1,1,1,1,1,0,1,0,1,1
21.431518938,1,1,1,1,1,1,1,1,1,0,1,1,1,1
21.431535187,1,1,1,1,1,1,1,1,1,0,1,0,1,1
21.431535750,1,1,1,1,1,1,1,1,1,0,1,1,1,1
21.431552000,1,1,1,1,1,1,1,1,1,0,1,0,1,1
21.431552562,1,1,1,1,1,1,1,1,1,0,1,1,1,1
21.431568813,1,1,1,1,1,1,1,1,1,0,1,0,1,1
21.431569312,1,1,1,1,1,1,1,1,1,0,1,1,1,1
21.431585563,1,1,1,1,1,1,1,1,1,0,1,0,1,1
21.431586125,1,1,1,1,1,1,1,1,1,0,1,1,1,1
21.431602375,1,1,1,1,1,1,1,1,1,0,1,0,1,1
21.431602937,1,1,1,1,1,1,1,1,1,0,1,1,1,1
21.431619188,1,1,1,1,1,1,1,1,1,0,1,0,1,1
21.431619750,1,1,1,1,1,1,1,1,1,0,1,1,1,1
21.431636000,1,1,1,1,1,1,1,1,1,0,1,0,1,1
21.431636562,1,1,1,1,1,1,1,1,1,0,1,1,1,1
21.431652750,1,1,1,1,1,1,1,1,1,0,1,0,1,1
21.431653312,1,1,1,1,1,1,1,1,1,0,1,1,1,1
21.431670187,1,1,1,1,1,1,1,1,1,0,1,0,1,1
21.431670750,1,1,1,1,1,1,1,1,1,0,1,1,1,1
21.431687187,1,1,1,1,1,1,1,1,1,0,1,0,1,1
21.431687750,1,1,1,1,1,1,1,1,1,0,1,1,1,1
21.431704000,1,1,1,1,1,1,1,1,1,0,1,0,1,1
21.431704500,1,1,1,1,1,1,1,1,1,0,1,1,1,1
21.431720750,1,1,1,1,1,1,1,1,1,0,1,0,1,1
21.431721312,1,1,1,1,1,1,1,1,1,0,1,1,1,1
21.431737562,1,1,1,1,1,1,1,1,1,0,1,0,1,1
21.431738125,1,1,1,1,1,1,1,1,1,0,1,1,1,1
21.431754375,1,1,1,1,1,1,1,1,1,0,1,0,1,1
21.431754937,1,1,1,1,1,1,1,1,1,0,1,1,1,1
21.431771188,1,1,1,1,1,1,1,1,1,0,1,0,1,1
21.431771750,1,1,1,1,1,1,1,1,1,0,1,1,1,1
21.431787938,1,1,1,1,1,1,1,1,1,0,1,0,1,1
21.431788500,1,1,1,1,1,1,1,1,1,0,1,1,1,1
21.431804750,1,1,1,1,1,1,1,1,1,0,1,0,1,1
21.431805312,1,1,1,1,1,1,1,1,1,0,1,1,1,1
21.431821563,1,1,1,1,1,1,1,1,1,0,1,0,1,1
21.431822125,1,1,1,1,1,1,1,1,1,0,1,1,1,1
21.431838375,1,1,1,1,1,1,1,1,1,0,1,0,1,1
21.431838938,1,1,1,1,1,1,1,1,1,0,1,1,1,1
21.431855750,1,1,1,1,1,1,1,1,1,0,1,0,1,1
21.431856312,1,1,1,1,1,1,1,1,1,0,1,1,1,1
21.431872750,1,1,1,1,1,1,1,1,1,0,1,0,1,1
21.431873312,1,1,1,1,1,1,1,1,1,0,1,1,1,1
21.431889563,1,1,1,1,1,1,1,1,1,0,1,0,1,1
21.431890125,1,1,1,1,1,1,1,1,1,0,1,1,1,1
21.431906375,1,1,1,1,1,1,1,1,1,0,1,0,1,1
21.431906875,1,1,1,1,1,1,1,1,1,0,1,1,1,1
21.431923125,1,1,1,1,1,1,1,1,1,0,1,0,1,1
21.431923687,1,1,1,1,1,1,1,1,1,0,1,1,1,1
21.431939938,1,1,1,1,1,1,1,1,1,0,1,0,1,1
21.431940500,1,1,1,1,1,1,1,1,1,0,1,1,1,1
21.431956750,1,1,1,1,1,1,1,1,1,0,1,0,1,1
21.431957312,1,1,1,1,1,1,1,1,1,0,1,1,1,1
21.431973563,1,1,1,1,1,1,1,1,1,0,1,0,1,1
21.431974125,1,1,1,1,1,1,1,1,1,0,1,1,1,1
21.431990313,1,1,1,1,1,1,1,1,1,0,1,0,1,1
21.431990875,1,1,1,1,1,1,1,1,1,0,1,1,1,1
21.432007125,1,1,1,1,1,1,1,1,1,0,1,0,1,1
21.432007688,1,1,1,1,1,1,1,1,1,0,1,1,1,1
21.432023937,1,1,1,1,1,1,1,1,1,0,1,0,1,1
21.432024500,1,1,1,1,1,1,1,1,1,0,1,1,1,1
21.432041313,1,1,1,1,1,1,1,1,1,0,1,0,1,1
21.432041875,1,1,1,1,1,1,1,1,1,0,1,1,1,1
21.432427312,1,1,1,1,1,1,1,1,1,0,1,0,1,1
21.432427875,1,1,1,1,1,1,1,1,1,0,1,1,1,1
21.432622875,1,1,1,1,1,1,1,1,1,0,0,1,1,1
21.432623062,1,1,1,1,1,1,1,1,1,1,0,1,1,1
21.432625313,0,1,0,1,1,1,0,1,1,1,0,1,1,1
21.432650250,1,1,1,1,1,1,0,1,1,1,0,1,1,1
21.432650313,0,0,0,0,0,1,0,1,1,1,0,1,1,1
21.432666438,0,0,0,0,0,1,0,1,1,0,0,1,1,1
21.432666562,0,0,0,0,0,1,0,1,1,0,0,1,0,1
21.432873375,0,0,0,0,0,1,0,1,1,0,0,0,0,1
21.432927813,0,0,0,0,0,1,0,1,1,1,0,0,0,1
21.432928000,0,0,0,0,0,1,0,1,1,1,0,0,1,1
21.433136625,0,0,0,0,0,1,0,1,1,0,0,0,1,1
21.433138625,0,0,0,0,0,1,0,1,1,0,0,1,1,1
21.792421375,1,0,0,1,1,1,1,1,1,0,0,1,1,1
21.792421437,1,0,0,1,1,0,1,1,1,0,0,1,1,1
21.792424250,1,0,0,1,1,0,1,1,1,0,0,1,0,1
21.792491188,1,0,0,1,1,0,1,1,1,0,0,0,0,1
21.792547250,1,0,0,1,1,0,1,1,1,1,0,0,0,1
21.792547438,1,0,0,1,1,0,1,1,1,1,0,0,1,1
21.792755187,1,0,0,1,1,0,1,1,1,0,0,0,1,1
21.792756875,1,0,0,1,1,0,1,1,1,0,0,1,1,1
21.794363937,1,1,1,1,1,1,1,1,1,0,0,1,1,1
21.794364063,1,1,1,1,1,1,1,1,1,0,1,1,1,1
21.794370750,1,1,1,1,1,1,1,1,1,0,0,1,1,1
21.794370812,1,1,1,1,1,0,1,1,1,0,0,1,1,1
21.794370875,1,0,0,1,1,0,1,1,1,0,0,1,1,1
21.794503187,1,1,0,1,0,1,1,1,1,0,0,1,1,1
21.794506063,1,1,0,1,0,1,1,1,1,0,0,1,0,1
21.794572813,1,1,0,1,0,1,1,1,1,0,0,0,0,1
21.794608375,1,1,0,1,0,1,1,1,1,1,0,0,0,1
21.794608562,1,1,0,1,0,1,1,1,1,1,0,0,1,1
21.794814750,1,1,0,1,0,1,1,1,1,0,0,0,1,1
21.794816625,1,1,0,1,0,1,1,1,1,0,0,1,1,1
24.402431437,1,1,1,1,1,1,1,1,1,0,0,1,1,1
24.402431562,1,1,1,1,1,1,1,1,1,0,1,1,1,1
24.402438250,1,1,1,1,1,1,1,1,1,0,0,1,1,1
24.402438375,1,1,0,1,0,1,1,1,1,0,0,1,1,1
24.402570063,1,1,1,1,0,1,1,1,1,0,0,1,1,1
24.402570125,1,1,0,1,0,1,1,1,1,0,0,1,1,1
24.402572938,1,1,0,1,0,1,1,1,1,0,0,1,0,1
24.402657562,1,1,0,1,0,1,1,1,1,0,0,0,0,1
24.402726000,1,1,0,1,0,1,1,1,1,1,0,0,0,1
24.402726188,1,1,0,1,0,1,1,1,1,1,0,0,1,1
24.402933437,1,1,0,1,0,1,1,1,1,0,0,0,1,1
24.402935250,1,1,0,1,0,1,1,1,1,0,0,1,1,1
25.131629312,0,1,0,1,1,0,1,1,1,0,0,1,1,1
25.131632125,0,1,0,1,1,0,1,1,1,0,0,1,0,1
25.131676688,0,1,0,1,1,0,1,1,1,0,0,0,0,1
25.131732500,0,1,0,1,1,0,1,1,1,1,0,0,0,1
25.131732625,0,1,0,1,1,0,1,1,1,1,0,0,1,1
25.131940250,0,1,0,1,1,0,1,1,1,0,0,0,1,1
25.131942375,0,1,0,1,1,0,1,1,1,0,0,1,1,1
25.132867437,0,1,0,1,1,0,1,1,1,0,1,1,1,1
25.132897688,0,1,1,1,1,1,1,1,1,0,1,1,1,1
25.132900813,0,1,1,1,1,1,1,1,1,0,1,1,0,1
25.132952437,0,1,1,1,1,1,1,1,1,0,1,0,0,1
25.132988250,0,1,1,1,1,1,1,1,1,1,1,0,0,1
25.132988375,0,1,1,1,1,1,1,1,1,1,1,0,1,1
25.132989062,1,1,1,1,1,1,1,1,1,1,1,0,1,1
25.133195000,1,1,1,1,1,1,1,1,1,0,1,0,1,1
25.133196563,1,1,1,1,1,1,1,1,1,0,1,1,1,1
25.133196750,1,1,1,1,1,1,1,1,1,0,1,1,0,1
25.133405750,1,1,1,1,1,1,1,1,1,0,1,0,0,1
25.133425250,1,1,1,1,1,1,1,1,1,1,1,0,0,1
25.133425438,1,1,1,1,1,1,1,1,1,1,1,0,1,1
25.133693562,1,1,1,1,1,1,1,1,1,0,1,0,1,1
25.133695688,1,1,1,1,1,1,1,1,1,0,1,1,1,1
25.133695813,1,1,1,1,1,1,1,1,1,0,1,1,0,1
25.133901875,1,1,1,1,1,1,1,1,1,0,1,0,0,1
25.133931375,1,1,1,1,1,1,1,1,1,1,1,0,0,1
25.133931562,1,1,1,1,1,1,1,1,1,1,1,0,1,1
25.134138187,1,1,1,1,1,1,1,1,1,0,1,0,1,1
25.134139687,1,1,1,1,1,1,1,1,1,0,1,1,1,1
25.134139875,1,1,1,1,1,1,1,1,1,0,1,1,0,1
25.134346625,1,1,1,1,1,1,1,1,1,0,1,0,0,1
25.134365688,1,1,1,1,1,1,1,1,1,1,1,0,0,1
25.134365813,1,1,1,1,1,1,1,1,1,1,1,0,1,1
25.134641563,1,1,1,1,1,1,1,1,1,0,1,0,1,1
25.134643750,1,1,1,1,1,1,1,1,1,0,1,1,1,1
25.134643938,1,1,1,1,1,1,1,1,1,0,1,1,0,1
25.134851812,1,1,1,1,1,1,1,1,1,0,1,0,0,1
25.134880438,1,1,1,1,1,1,1,1,1,1,1,0,0,1
25.134880625,1,1,1,1,1,1,1,1,1,1,1,0,1,1
25.135116875,1,1,1,1,1,1,1,1,1,0,1,0,1,1
25.135118875,1,1,1,1,1,1,1,1,1,0,1,1,1,1
25.135119000,1,1,1,1,1,1,1,1,1,0,1,1,0,1
25.135327250,1,1,1,1,1,1,1,1,1,0,1,0,0,1
25.135354375,1,1,1,1,1,1,1,1,1,1,1,0,0,1
25.135354563,1,1,1,1,1,1,1,1,1,1,1,0,1,1
25.135561187,1,1,1,1,1,1,1,1,1,0,1,0,1,1
25.135563625,1,1,1,1,1,1,1,1,1,0,1,1,1,1
25.135563812,1,1,1,1,1,1,1,1,1,0,1,1,0,1
25.135902063,1,1,1,1,1,1,1,1,1,0,1,0,0,1
25.135933500,1,1,1,1,1,1,1,1,1,1,1,0,0,1
25.135933687,1,1,1,1,1,1,1,1,1,1,1,0,1,1
25.135934375,1,1,0,1,1,1,1,1,1,1,1,0,1,1
25.135934438,1,1,0,1,0,0,1,1,1,1,1,0,1,1
25.136140313,1,1,0,1,0,0,1,1,1,0,1,0,1,1
25.136141750,1,1,0,1,0,0,1,1,1,0,1,1,1,1
25.136141937,1,1,0,1,0,0,1,1,1,0,1,1,0,1
25.136347625,1,1,0,1,0,0,1,1,1,0,1,0,0,1
25.136366500,1,1,0,1,0,0,1,1,1,1,1,0,0,1
25.136366625,1,1,0,1,0,0,1,1,1,1,1,0,1,1
25.136367312,1,1,1,1,1,1,1,1,1,1,1,0,1,1
25.136572875,1,1,1,1,1,1,1,1,1,0,1,0,1,1
25.137236313,1,1,1,1,1,1,1,1,1,0,1,1,1,1
25.137236500,1,1,1,1,1,1,1,1,1,0,1,1,0,1
25.137452000,1,1,1,1,1,1,1,1,1,0,1,0,0,1
25.137505562,1,1,1,1,1,1,1,1,1,1,1,0,0,1
25.137505750,1,1,1,1,1,1,1,1,1,1,1,0,1,1
25.137712812,1,1,1,1,1,1,1,1,1,0,1,0,1,1
25.137714313,1,1,1,1,1,1,1,1,1,0,1,1,1,1
25.138218250,1,1,1,1,1,1,1,1,1,0,1,1,1,0
25.138221125,1,1,1,1,1,1,1,1,1,0,1,1,0,0
25.138233875,1,1,1,1,1,1,1,1,1,0,0,1,0,0
25.138233938,1,1,1,1,1,1,1,1,1,0,0,1,0,1
25.138234125,1,1,1,1,1,1,1,1,1,0,0,1,1,1
25.138257125,0,0,0,0,0,0,1,1,1,0,0,1,1,1
25.138259875,0,0,0,0,0,0,1,1,1,0,0,1,0,1
25.138306125,0,0,0,0,0,0,1,1,1,0,0,0,0,1
25.138339188,0,0,0,0,0,0,1,1,1,1,0,0,0,1
25.138339375,0,0,0,0,0,0,1,1,1,1,0,0,1,1
25.138546063,0,0,0,0,0,0,1,1,1,0,0,0,1,1
25.138547813,0,0,0,0,0,0,1,1,1,0,0,1,1,1
25.140458187,0,1,0,1,1,1,1,1,1,0,0,1,1,1
25.140458250,0,1,0,1,1,1,0,1,1,0,0,1,1,1
25.140461062,0,1,0,1,1,1,0,1,1,0,0,1,0,1
25.140499625,0,1,0,1,1,1,0,1,1,0,0,0,0,1
25.140532500,0,1,0,1,1,1,0,1,1,1,0,0,0,1
25.140532687,0,1,0,1,1,1,0,1,1,1,0,0,1,1
25.140738375,0,1,0,1,1,1,0,1,1,0,0,0,1,1
25.140740125,0,1,0,1,1,1,0,1,1,0,0,1,1,1
25.141711313,0,1,0,1,1,1,0,1,1,0,1,1,1,1
25.141711375,1,1,1,1,1,1,1,1,1,0,1,0,1,1
25.141711562,1,1,1,1,1,1,1,1,1,0,1,1,1,1
30.249218062,1,1,1,1,1,1,1,1,1,0,1,0,1,1
30.249218938,1,1,1,1,1,1,1,1,1,0,1,1,1,1
30.249636062,1,1,1,1,1,1,1,1,1,0,1,0,1,1
30.249636875,1,1,1,1,1,1,1,1,1,0,1,1,1,1
30.249640062,1,1,1,1,1,1,1,1,1,0,1,0,1,1
30.249640875,1,1,1,1,1,1,1,1,1,0,1,1,1,1
30.249644062,1,1,1,1,1,1,1,1,1,0,1,0,1,1
30.249644875,1,1,1,1,1,1,1,1,1,0,1,1,1,1
30.249648063,1,1,1,1,1,1,1,1,1,0,1,0,1,1
30.249648875,1,1,1,1,1,1,1,1,1,0,1,1,1,1
30.249652250,1,1,1,1,1,1,1,1,1,0,1,0,1,1
30.249653062,1,1,1,1,1,1,1,1,1,0,1,1,1,1
30.249656438,1,1,1,1,1,1,1,1,1,0,1,0,1,1
30.249657312,1,1,1,1,1,1,1,1,1,0,1,1,1,1
30.249660813,1,1,1,1,1,1,1,1,1,0,1,0,1,1
30.249661688,1,1,1,1,1,1,1,1,1,0,1,1,1,1
30.249665063,1,1,1,1,1,1,1,1,1,0,1,0,1,1
30.249665875,1,1,1,1,1,1,1,1,1,0,1,1,1,1
30.249669063,1,1,1,1,1,1,1,1,1,0,1,0,1,1
30.249669875,1,1,1,1,1,1,1,1,1,0,1,1,1,1
30.249673000,1,1,1,1,1,1,1,1,1,0,1,0,1,1
30.249673875,1,1,1,1,1,1,1,1,1,0,1,1,1,1
30.249677000,1,1,1,1,1,1,1,1,1,0,1,0,1,1
30.249677875,1,1,1,1,1,1,1,1,1,0,1,1,1,1
30.249681000,1,1,1,1,1,1,1,1,1,0,1,0,1,1
30.249681875,1,1,1,1,1,1,1,1,1,0,1,1,1,1
30.249685000,1,1,1,1,1,1,1,1,1,0,1,0,1,1
30.249685875,1,1,1,1,1,1,1,1,1,0,1,1,1,1
30.249689000,1,1,1,1,1,1,1,1,1,0,1,0,1,1
30.249689875,1,1,1,1,1,1,1,1,1,0,1,1,1,1
30.249693000,1,1,1,1,1,1,1,1,1,0,1,0,1,1
30.249693875,1,1,1,1,1,1,1,1,1,0,1,1,1,1
30.249697000,1,1,1,1,1,1,1,1,1,0,1,0,1,1
30.249697875,1,1,1,1,1,1,1,1,1,0,1,1,1,1
30.249701250,1,1,1,1,1,1,1,1,1,0,1,0,1,1
30.249702062,1,1,1,1,1,1,1,1,1,0,1,1,1,1
30.249705625,1,1,1,1,1,1,1,1,1,0,1,0,1,1
30.249706500,1,1,1,1,1,1,1,1,1,0,1,1,1,1
30.249709813,1,1,1,1,1,1,1,1,1,0,1,0,1,1
30.249710687,1,1,1,1,1,1,1,1,1,0,1,1,1,1
30.249714000,1,1,1,1,1,1,1,1,1,0,1,0,1,1
30.249714875,1,1,1,1,1,1,1,1,1,0,1,1,1,1
30.249718438,1,1,1,1,1,1,1,1,1,0,1,0,1,1
30.249719250,1,1,1,1,1,1,1,1,1,0,1,1,1,1
30.249722625,1,1,1,1,1,1,1,1,1,0,1,0,1,1
30.249723500,1,1,1,1,1,1,1,1,1,0,1,1,1,1
30.249726813,1,1,1,1,1,1,1,1,1,0,1,0,1,1
30.249727687,1,1,1,1,1,1,1,1,1,0,1,1,1,1
30.249730813,1,1,1,1,1,1,1,1,1,0,1,0,1,1
30.249731687,1,1,1,1,1,1,1,1,1,0,1,1,1,1
30.249734813,1,1,1,1,1,1,1,1,1,0,1,0,1,1
30.249735687,1,1,1,1,1,1,1,1,1,0,1,1,1,1
30.249738812,1,1,1,1,1,1,1,1,1,0,1,0,1,1
30.249739687,1,1,1,1,1,1,1,1,1,0,1,1,1,1
30.249742812,1,1,1,1,1,1,1,1,1,0,1,0,1,1
30.249743688,1,1,1,1,1,1,1,1,1,0,1,1,1,1
30.249746812,1,1,1,1,1,1,1,1,1,0,1,0,1,1
30.249747687,1,1,1,1,1,1,1,1,1,0,1,1,1,1
30.249750813,1,1,1,1,1,1,1,1,1,0,1,0,1,1
30.249751688,1,1,1,1,1,1,1,1,1,0,1,1,1,1
30.249754813,1,1,1,1,1,1,1,1,1,0,1,0,1,1
30.249755687,1,1,1,1,1,1,1,1,1,0,1,1,1,1
30.249758813,1,1,1,1,1,1,1,1,1,0,1,0,1,1
30.249759687,1,1,1,1,1,1,1,1,1,0,1,1,1,1
30.249763250,1,1,1,1,1,1,1,1,1,0,1,0,1,1
30.249764062,1,1,1,1,1,1,1,1,1,0,1,1,1,1
30.249767438,1,1,1,1,1,1,1,1,1,0,1,0,1,1
30.249768250,1,1,1,1,1,1,1,1,1,0,1,1,1,1
30.249771625,1,1,1,1,1,1,1,1,1,0,1,0,1,1
30.249772437,1,1,1,1,1,1,1,1,1,0,1,1,1,1
30.249776000,1,1,1,1,1,1,1,1,1,0,1,0,1,1
30.249776875,1,1,1,1,1,1,1,1,1,0,1,1,1,1
30.249780250,1,1,1,1,1,1,1,1,1,0,1,0,1,1
30.249781062,1,1,1,1,1,1,1,1,1,0,1,1,1,1
30.249784438,1,1,1,1,1,1,1,1,1,0,1,0,1,1
30.249785250,1,1,1,1,1,1,1,1,1,0,1,1,1,1
30.249788813,1,1,1,1,1,1,1,1,1,0,1,0,1,1
30.249789688,1,1,1,1,1,1,1,1,1,0,1,1,1,1
30.249792813,1,1,1,1,1,1,1,1,1,0,1,0,1,1
30.249793687,1,1,1,1,1,1,1,1,1,0,1,1,1,1
30.249796813,1,1,1,1,1,1,1,1,1,0,1,0,1,1
30.249797687,1,1,1,1,1,1,1,1,1,0,1,1,1,1
30.249800812,1,1,1,1,1,1,1,1,1,0,1,0,1,1
30.249801687,1,1,1,1,1,1,1,1,1,0,1,1,1,1
30.249804812,1,1,1,1,1,1,1,1,1,0,1,0,1,1
30.249805688,1,1,1,1,1,1,1,1,1,0,1,1,1,1
30.249808812,1,1,1,1,1,1,1,1,1,0,1,0,1,1
30.249809688,1,1,1,1,1,1,1,1,1,0,1,1,1,1
30.249812813,1,1,1,1,1,1,1,1,1,0,1,0,1,1
30.249813688,1,1,1,1,1,1,1,1,1,0,1,1,1,1
30.249816813,1,1,1,1,1,1,1,1,1,0,1,0,1,1
30.249817687,1,1,1,1,1,1,1,1,1,0,1,1,1,1
30.249820813,1,1,1,1,1,1,1,1,1,0,1,0,1,1
30.249821687,1,1,1,1,1,1,1,1,1,0,1,1,1,1
30.249825000,1,1,1,1,1,1,1,1,1,0,1,0,1,1
30.249825875,1,1,1,1,1,1,1,1,1,0,1,1,1,1
30.249829188,1,1,1,1,1,1,1,1,1,0,1,0,1,1
30.249830062,1,1,1,1,1,1,1,1,1,0,1,1,1,1
30.249833625,1,1,1,1,1,1,1,1,1,0,1,0,1,1
30.249834437,1,1,1,1,1,1,1,1,1,0,1,1,1,1
30.249837813,1,1,1,1,1,1,1,1,1,0,1,0,1,1
30.249838687,1,1,1,1,1,1,1,1,1,0,1,1,1,1
30.249842000,1,1,1,1,1,1,1,1,1,0,1,0,1,1
30.249842875,1,1,1,1,1,1,1,1,1,0,1,1,1,1
30.249863313,1,1,1,1,1,1,1,1,1,0,1,0,1,1
30.249863875,1,1,1,1,1,1,1,1,1,0,1,1,1,1
30.249880125,1,1,1,1,1,1,1,1,1,0,1,0,1,1
30.249880687,1,1,1,1,1,1,1,1,1,0,1,1,1,1
30.249897312,1,1,1,1,1,1,1,1,1,0,1,0,1,1
30.249897875,1,1,1,1,1,1,1,1,1,0,1,1,1,1
30.249914312,1,1,1,1,1,1,1,1,1,0,1,0,1,1
30.249914875,1,1,1,1,1,1,1,1,1,0,1,1,1,1
30.249931125,1,1,1,1,1,1,1,1,1,0,1,0,1,1
30.249931687,1,1,1,1,1,1,1,1,1,0,1,1,1,1
30.249948500,1,1,1,1,1,1,1,1,1,0,1,0,1,1
30.249949063,1,1,1,1,1,1,1,1,1,0,1,1,1,1
30.249965500,1,1,1,1,1,1,1,1,1,0,1,0,1,1
30.249966063,1,1,1,1,1,1,1,1,1,0,1,1,1,1
30.249982500,1,1,1,1,1,1,1,1,1,0,1,0,1,1
30.249983063,1,1,1,1,1,1,1,1,1,0,1,1,1,1
30.249999313,1,1,1,1,1,1,1,1,1,0,1,0,1,1
30.249999875,1,1,1,1,1,1,1,1,1,0,1,1,1,1
30.250016125,1,1,1,1,1,1,1,1,1,0,1,0,1,1
30.250016688,1,1,1,1,1,1,1,1,1,0,1,1,1,1
30.250032875,1,1,1,1,1,1,1,1,1,0,1,0,1,1
30.250033438,1,1,1,1,1,1,1,1,1,0,1,1,1,1
30.250049687,1,1,1,1,1,1,1,1,1,0,1,0,1,1
30.250050250,1,1,1,1,1,1,1,1,1,0,1,1,1,1
30.250066875,1,1,1,1,1,1,1,1,1,0,1,0,1,1
30.250067438,1,1,1,1,1,1,1,1,1,0,1,1,1,1
30.250083875,1,1,1,1,1,1,1,1,1,0,1,0,1,1
30.250084437,1,1,1,1,1,1,1,1,1,0,1,1,1,1
30.250100875,1,1,1,1,1,1,1,1,1,0,1,0,1,1
30.250101437,1,1,1,1,1,1,1,1,1,0,1,1,1,1
30.250117688,1,1,1,1,1,1,1,1,1,0,1,0,1,1
30.250118250,1,1,1,1,1,1,1,1,1,0,1,1,1,1
30.250135063,1,1,1,1,1,1,1,1,1,0,1,0,1,1
30.250135625,1,1,1,1,1,1,1,1,1,0,1,1,1,1
30.250152062,1,1,1,1,1,1,1,1,1,0,1,0,1,1
30.250152625,1,1,1,1,1,1,1,1,1,0,1,1,1,1
30.250168875,1,1,1,1,1,1,1,1,1,0,1,0,1,1
30.250169437,1,1,1,1,1,1,1,1,1,0,1,1,1,1
30.250185688,1,1,1,1,1,1,1,1,1,0,1,0,1,1
30.250186250,1,1,1,1,1,1,1,1,1,0,1,1,1,1
30.250202500,1,1,1,1,1,1,1,1,1,0,1,0,1,1
30.250203062,1,1,1,1,1,1,1,1,1,0,1,1,1,1
30.250219313,1,1,1,1,1,1,1,1,1,0,1,0,1,1
30.250219812,1,1,1,1,1,1,1,1,1,0,1,1,1,1
30.250236063,1,1,1,1,1,1,1,1,1,0,1,0,1,1
30.250236625,1,1,1,1,1,1,1,1,1,0,1,1,1,1
30.250252875,1,1,1,1,1,1,1,1,1,0,1,0,1,1
30.250253437,1,1,1,1,1,1,1,1,1,0,1,1,1,1
30.250269688,1,1,1,1,1,1,1,1,1,0,1,0,1,1
30.250270250,1,1,1,1,1,1,1,1,1,0,1,1,1,1
30.250286500,1,1,1,1,1,1,1,1,1,0,1,0,1,1
30.250287000,1,1,1,1,1,1,1,1,1,0,1,1,1,1
30.250303250,1,1,1,1,1,1,1,1,1,0,1,0,1,1
30.250303813,1,1,1,1,1,1,1,1,1,0,1,1,1,1
30.250320688,1,1,1,1,1,1,1,1,1,0,1,0,1,1
30.250321250,1,1,1,1,1,1,1,1,1,0,1,1,1,1
30.250337688,1,1,1,1,1,1,1,1,1,0,1,0,1,1
30.250338250,1,1,1,1,1,1,1,1,1,0,1,1,1,1
30.250354438,1,1,1,1,1,1,1,1,1,0,1,0,1,1
30.250355000,1,1,1,1,1,1,1,1,1,0,1,1,1,1
30.250371250,1,1,1,1,1,1,1,1,1,0,1,0,1,1
30.250371812,1,1,1,1,1,1,1,1,1,0,1,1,1,1
30.250388063,1,1,1,1,1,1,1,1,1,0,1,0,1,1
30.250388625,1,1,1,1,1,1,1,1,1,0,1,1,1,1
30.250404875,1,1,1,1,1,1,1,1,1,0,1,0,1,1
30.250405437,1,1,1,1,1,1,1,1,1,0,1,1,1,1
30.250421688,1,1,1,1,1,1,1,1,1,0,1,0,1,1
30.250422250,1,1,1,1,1,1,1,1,1,0,1,1,1,1
30.250438438,1,1,1,1,1,1,1,1,1,0,1,0,1,1
30.250439000,1,1,1,1,1,1,1,1,1,0,1,1,1,1
30.250455250,1,1,1,1,1,1,1,1,1,0,1,0,1,1
30.250455813,1,1,1,1,1,1,1,1,1,0,1,1,1,1
30.250472062,1,1,1,1,1,1,1,1,1,0,1,0,1,1
30.250472625,1,1,1,1,1,1,1,1,1,0,1,1,1,1
30.250488875,1,1,1,1,1,1,1,1,1,0,1,0,1,1
30.250489438,1,1,1,1,1,1,1,1,1,0,1,1,1,1
30.250506250,1,1,1,1,1,1,1,1,1,0,1,0,1,1
30.250506812,1,1,1,1,1,1,1,1,1,0,1,1,1,1
30.250523250,1,1,1,1,1,1,1,1,1,0,1,0,1,1
30.250523812,1,1,1,1,1,1,1,1,1,0,1,1,1,1
30.250540063,1,1,1,1,1,1,1,1,1,0,1,0,1,1
30.250540625,1,1,1,1,1,1,1,1,1,0,1,1,1,1
30.250556875,1,1,1,1,1,1,1,1,1,0,1,0,1,1
30.250557375,1,1,1,1,1,1,1,1,1,0,1,1,1,1
30.250573625,1,1,1,1,1,1,1,1,1,0,1,0,1,1
30.250574187,1,1,1,1,1,1,1,1,1,0,1,1,1,1
30.250590438,1,1,1,1,1,1,1,1,1,0,1,0,1,1
30.250591000,1,1,1,1,1,1,1,1,1,0,1,1,1,1
30.250607250,1,1,1,1,1,1,1,1,1,0,1,0,1,1
30.250607813,1,1,1,1,1,1,1,1,1,0,1,1,1,1
30.250624062,1,1,1,1,1,1,1,1,1,0,1,0,1,1
30.250624625,1,1,1,1,1,1,1,1,1,0,1,1,1,1
30.250640812,1,1,1,1,1,1,1,1,1,0,1,0,1,1
30.250641375,1,1,1,1,1,1,1,1,1,0,1,1,1,1
30.250657625,1,1,1,1,1,1,1,1,1,0,1,0,1,1
30.250658188,1,1,1,1,1,1,1,1,1,0,1,1,1,1
30.250674437,1,1,1,1,1,1,1,1,1,0,1,0,1,1
30.250675000,1,1,1,1,1,1,1,1,1,0,1,1,1,1
30.250691813,1,1,1,1,1,1,1,1,1,0,1,0,1,1
30.250692375,1,1,1,1,1,1,1,1,1,0,1,1,1,1
30.250708813,1,1,1,1,1,1,1,1,1,0,1,0,1,1
30.250709375,1,1,1,1,1,1,1,1,1,0,1,1,1,1
30.250725625,1,1,1,1,1,1,1,1,1,0,1,0,1,1
30.250726187,1,1,1,1,1,1,1,1,1,0,1,1,1,1
30.250742438,1,1,1,1,1,1,1,1,1,0,1,0,1,1
30.250743000,1,1,1,1,1,1,1,1,1,0,1,1,1,1
30.250759250,1,1,1,1,1,1,1,1,1,0,1,0,1,1
30.250759813,1,1,1,1,1,1,1,1,1,0,1,1,1,1
30.250776000,1,1,1,1,1,1,1,1,1,0,1,0,1,1
30.250776563,1,1,1,1,1,1,1,1,1,0,1,1,1,1
30.250792812,1,1,1,1,1,1,1,1,1,0,1,0,1,1
30.250793375,1,1,1,1,1,1,1,1,1,0,1,1,1,1
30.250809625,1,1,1,1,1,1,1,1,1,0,1,0,1,1
30.250810188,1,1,1,1,1,1,1,1,1,0,1,1,1,1
30.250826437,1,1,1,1,1,1,1,1,1,0,1,0,1,1
30.250827000,1,1,1,1,1,1,1,1,1,0,1,1,1,1
30.250843250,1,1,1,1,1,1,1,1,1,0,1,0,1,1
30.250843750,1,1,1,1,1,1,1,1,1,0,1,1,1,1
30.250860000,1,1,1,1,1,1,1,1,1,0,1,0,1,1
30.250860563,1,1,1,1,1,1,1,1,1,0,1,1,1,1
30.250877438,1,1,1,1,1,1,1,1,1,0,1,0,1,1
30.250878000,1,1,1,1,1,1,1,1,1,0,1,1,1,1
30.250894438,1,1,1,1,1,1,1,1,1,0,1,0,1,1
30.250895000,1,1,1,1,1,1,1,1,1,0,1,1,1,1
30.250911188,1,1,1,1,1,1,1,1,1,0,1,0,1,1
30.250911750,1,1,1,1,1,1,1,1,1,0,1,1,1,1
30.250928000,1,1,1,1,1,1,1,1,1,0,1,0,1,1
30.250928563,1,1,1,1,1,1,1,1,1,0,1,1,1,1
30.250944812,1,1,1,1,1,1,1,1,1,0,1,0,1,1
30.250945375,1,1,1,1,1,1,1,1,1,0,1,1,1,1
30.250961625,1,1,1,1,1,1,1,1,1,0,1,0,1,1
30.250962188,1,1,1,1,1,1,1,1,1,0,1,1,1,1
30.250978375,1,1,1,1,1,1,1,1,1,0,1,0,1,1
30.250979000,1,1,1,1,1,1,1,1,1,0,1,1,1,1
30.251243187,1,1,1,1,1,1,1,1,1,0,1,0,1,1
30.251243750,1,1,1,1,1,1,1,1,1,0,1,1,1,1
30.251260375,1,1,1,1,1,1,1,1,1,0,1,0,1,1
30.251260937,1,1,1,1,1,1,1,1,1,0,1,1,1,1
30.251277375,1,1,1,1,1,1,1,1,1,0,1,0,1,1
30.251277937,1,1,1,1,1,1,1,1,1,0,1,1,1,1
30.251294188,1,1,1,1,1,1,1,1,1,0,1,0,1,1
30.251294750,1,1,1,1,1,1,1,1,1,0,1,1,1,1
30.251311562,1,1,1,1,1,1,1,1,1,0,1,0,1,1
30.251312125,1,1,1,1,1,1,1,1,1,0,1,1,1,1
30.251328562,1,1,1,1,1,1,1,1,1,0,1,0,1,1
30.251329125,1,1,1,1,1,1,1,1,1,0,1,1,1,1
30.251345562,1,1,1,1,1,1,1,1,1,0,1,0,1,1
30.251346125,1,1,1,1,1,1,1,1,1,0,1,1,1,1
30.251362375,1,1,1,1,1,1,1,1,1,0,1,0,1,1
30.251362938,1,1,1,1,1,1,1,1,1,0,1,1,1,1
30.251379187,1,1,1,1,1,1,1,1,1,0,1,0,1,1
30.251379750,1,1,1,1,1,1,1,1,1,0,1,1,1,1
30.251395937,1,1,1,1,1,1,1,1,1,0,1,0,1,1
30.251396500,1,1,1,1,1,1,1,1,1,0,1,1,1,1
30.251412750,1,1,1,1,1,1,1,1,1,0,1,0,1,1
30.251413312,1,1,1,1,1,1,1,1,1,0,1,1,1,1
30.251429937,1,1,1,1,1,1,1,1,1,0,1,0,1,1
30.251430500,1,1,1,1,1,1,1,1,1,0,1,1,1,1
30.251446937,1,1,1,1,1,1,1,1,1,0,1,0,1,1
30.251447500,1,1,1,1,1,1,1,1,1,0,1,1,1,1
30.251463750,1,1,1,1,1,1,1,1,1,0,1,0,1,1
30.251464313,1,1,1,1,1,1,1,1,1,0,1,1,1,1
30.251480562,1,1,1,1,1,1,1,1,1,0,1,0,1,1
30.251481125,1,1,1,1,1,1,1,1,1,0,1,1,1,1
30.251498125,1,1,1,1,1,1,1,1,1,0,1,0,1,1
30.251498687,1,1,1,1,1,1,1,1,1,0,1,1,1,1
30.251515125,1,1,1,1,1,1,1,1,1,0,1,0,1,1
30.251515687,1,1,1,1,1,1,1,1,1,0,1,1,1,1
30.251531938,1,1,1,1,1,1,1,1,1,0,1,0,1,1
30.251532500,1,1,1,1,1,1,1,1,1,0,1,1,1,1
30.251549375,1,1,1,1,1,1,1,1,1,0,1,0,1,1
30.251549937,1,1,1,1,1,1,1,1,1,0,1,1,1,1
30.251566375,1,1,1,1,1,1,1,1,1,0,1,0,1,1
30.251566875,1,1,1,1,1,1,1,1,1,0,1,1,1,1
30.251583562,1,1,1,1,1,1,1,1,1,0,1,0,1,1
30.251584125,1,1,1,1,1,1,1,1,1,0,1,1,1,1
30.251600375,1,1,1,1,1,1,1,1,1,0,1,0,1,1
30.251600875,1,1,1,1,1,1,1,1,1,0,1,1,1,1
30.251617563,1,1,1,1,1,1,1,1,1,0,1,0,1,1
30.251618125,1,1,1,1,1,1,1,1,1,0,1,1,1,1
30.251634750,1,1,1,1,1,1,1,1,1,0,1,0,1,1
30.251635312,1,1,1,1,1,1,1,1,1,0,1,1,1,1
30.251651563,1,1,1,1,1,1,1,1,1,0,1,0,1,1
30.251652125,1,1,1,1,1,1,1,1,1,0,1,1,1,1
30.251668750,1,1,1,1,1,1,1,1,1,0,1,0,1,1
30.251669312,1,1,1,1,1,1,1,1,1,0,1,1,1,1
30.251685937,1,1,1,1,1,1,1,1,1,0,1,0,1,1
30.251686500,1,1,1,1,1,1,1,1,1,0,1,1,1,1
30.251702937,1,1,1,1,1,1,1,1,1,0,1,0,1,1
30.251703500,1,1,1,1,1,1,1,1,1,0,1,1,1,1
30.251719750,1,1,1,1,1,1,1,1,1,0,1,0,1,1
30.251720313,1,1,1,1,1,1,1,1,1,0,1,1,1,1
30.251737125,1,1,1,1,1,1,1,1,1,0,1,0,1,1
30.251737688,1,1,1,1,1,1,1,1,1,0,1,1,1,1
30.251754125,1,1,1,1,1,1,1,1,1,0,1,0,1,1
30.251754688,1,1,1,1,1,1,1,1,1,0,1,1,1,1
30.251771125,1,1,1,1,1,1,1,1,1,0,1,0,1,1
30.251771687,1,1,1,1,1,1,1,1,1,0,1,1,1,1
30.251787938,1,1,1,1,1,1,1,1,1,0,1,0,1,1
30.251788500,1,1,1,1,1,1,1,1,1,0,1,1,1,1
30.251805313,1,1,1,1,1,1,1,1,1,0,1,0,1,1
30.251805875,1,1,1,1,1,1,1,1,1,0,1,1,1,1
30.251822312,1,1,1,1,1,1,1,1,1,0,1,0,1,1
30.251822875,1,1,1,1,1,1,1,1,1,0,1,1,1,1
30.251839125,1,1,1,1,1,1,1,1,1,0,1,0,1,1
30.251839687,1,1,1,1,1,1,1,1,1,0,1,1,1,1
30.251855938,1,1,1,1,1,1,1,1,1,0,1,0,1,1
30.251856500,1,1,1,1,1,1,1,1,1,0,1,1,1,1
30.251872688,1,1,1,1,1,1,1,1,1,0,1,0,1,1
30.251873250,1,1,1,1,1,1,1,1,1,0,1,1,1,1
30.251889500,1,1,1,1,1,1,1,1,1,0,1,0,1,1
30.251890062,1,1,1,1,1,1,1,1,1,0,1,1,1,1
30.251906313,1,1,1,1,1,1,1,1,1,0,1,0,1,1
30.251906875,1,1,1,1,1,1,1,1,1,0,1,1,1,1
30.251923125,1,1,1,1,1,1,1,1,1,0,1,0,1,1
30.251923687,1,1,1,1,1,1,1,1,1,0,1,1,1,1
30.251939938,1,1,1,1,1,1,1,1,1,0,1,0,1,1
30.251940438,1,1,1,1,1,1,1,1,1,0,1,1,1,1
30.251956688,1,1,1,1,1,1,1,1,1,0,1,0,1,1
30.251957250,1,1,1,1,1,1,1,1,1,0,1,1,1,1
30.251973500,1,1,1,1,1,1,1,1,1,0,1,0,1,1
30.251974063,1,1,1,1,1,1,1,1,1,0,1,1,1,1
30.251990875,1,1,1,1,1,1,1,1,1,0,1,0,1,1
30.251991437,1,1,1,1,1,1,1,1,1,0,1,1,1,1
30.252007875,1,1,1,1,1,1,1,1,1,0,1,0,1,1
30.252008437,1,1,1,1,1,1,1,1,1,0,1,1,1,1
30.252024688,1,1,1,1,1,1,1,1,1,0,1,0,1,1
30.252025250,1,1,1,1,1,1,1,1,1,0,1,1,1,1
30.252041500,1,1,1,1,1,1,1,1,1,0,1,0,1,1
30.252042062,1,1,1,1,1,1,1,1,1,0,1,1,1,1
30.252058313,1,1,1,1,1,1,1,1,1,0,1,0,1,1
30.252058875,1,1,1,1,1,1,1,1,1,0,1,1,1,1
30.252075125,1,1,1,1,1,1,1,1,1,0,1,0,1,1
30.252075625,1,1,1,1,1,1,1,1,1,0,1,1,1,1
30.252091875,1,1,1,1,1,1,1,1,1,0,1,0,1,1
30.252092437,1,1,1,1,1,1,1,1,1,0,1,1,1,1
30.252108688,1,1,1,1,1,1,1,1,1,0,1,0,1,1
30.252109250,1,1,1,1,1,1,1,1,1,0,1,1,1,1
30.252125500,1,1,1,1,1,1,1,1,1,0,1,0,1,1
30.252126063,1,1,1,1,1,1,1,1,1,0,1,1,1,1
30.252142312,1,1,1,1,1,1,1,1,1,0,1,0,1,1
30.252142875,1,1,1,1,1,1,1,1,1,0,1,1,1,1
30.252159062,1,1,1,1,1,1,1,1,1,0,1,0,1,1
30.252159625,1,1,1,1,1,1,1,1,1,0,1,1,1,1
30.252176500,1,1,1,1,1,1,1,1,1,0,1,0,1,1
30.252177062,1,1,1,1,1,1,1,1,1,0,1,1,1,1
30.252193500,1,1,1,1,1,1,1,1,1,0,1,0,1,1
30.252194062,1,1,1,1,1,1,1,1,1,0,1,1,1,1
30.252210313,1,1,1,1,1,1,1,1,1,0,1,0,1,1
30.252210813,1,1,1,1,1,1,1,1,1,0,1,1,1,1
30.252227063,1,1,1,1,1,1,1,1,1,0,1,0,1,1
30.252227625,1,1,1,1,1,1,1,1,1,0,1,1,1,1
30.252243875,1,1,1,1,1,1,1,1,1,0,1,0,1,1
30.252244437,1,1,1,1,1,1,1,1,1,0,1,1,1,1
30.252260688,1,1,1,1,1,1,1,1,1,0,1,0,1,1
30.252261250,1,1,1,1,1,1,1,1,1,0,1,1,1,1
30.252277500,1,1,1,1,1,1,1,1,1,0,1,0,1,1
30.252278063,1,1,1,1,1,1,1,1,1,0,1,1,1,1
30.252294250,1,1,1,1,1,1,1,1,1,0,1,0,1,1
30.252294813,1,1,1,1,1,1,1,1,1,0,1,1,1,1
30.252311062,1,1,1,1,1,1,1,1,1,0,1,0,1,1
30.252311625,1,1,1,1,1,1,1,1,1,0,1,1,1,1
30.252327875,1,1,1,1,1,1,1,1,1,0,1,0,1,1
30.252328438,1,1,1,1,1,1,1,1,1,0,1,1,1,1
30.252344688,1,1,1,1,1,1,1,1,1,0,1,0,1,1
30.252345250,1,1,1,1,1,1,1,1,1,0,1,1,1,1
30.252362063,1,1,1,1,1,1,1,1,1,0,1,0,1,1
30.252362625,1,1,1,1,1,1,1,1,1,0,1,1,1,1
30.252379063,1,1,1,1,1,1,1,1,1,0,1,0,1,1
30.252379625,1,1,1,1,1,1,1,1,1,0,1,1,1,1
30.252395875,1,1,1,1,1,1,1,1,1,0,1,0,1,1
30.252396437,1,1,1,1,1,1,1,1,1,0,1,1,1,1
30.252412688,1,1,1,1,1,1,1,1,1,0,1,0,1,1
30.252413250,1,1,1,1,1,1,1,1,1,0,1,1,1,1
30.252429437,1,1,1,1,1,1,1,1,1,0,1,0,1,1
30.252430000,1,1,1,1,1,1,1,1,1,0,1,1,1,1
30.252446250,1,1,1,1,1,1,1,1,1,0,1,0,1,1
30.252446813,1,1,1,1,1,1,1,1,1,0,1,1,1,1
30.252463062,1,1,1,1,1,1,1,1,1,0,1,0,1,1
30.252463625,1,1,1,1,1,1,1,1,1,0,1,1,1,1
30.252479875,1,1,1,1,1,1,1,1,1,0,1,0,1,1
30.252480438,1,1,1,1,1,1,1,1,1,0,1,1,1,1
30.252496625,1,1,1,1,1,1,1,1,1,0,1,0,1,1
30.252497188,1,1,1,1,1,1,1,1,1,0,1,1,1,1
30.252513437,1,1,1,1,1,1,1,1,1,0,1,0,1,1
30.252514000,1,1,1,1,1,1,1,1,1,0,1,1,1,1
30.252530250,1,1,1,1,1,1,1,1,1,0,1,0,1,1
30.252530813,1,1,1,1,1,1,1,1,1,0,1,1,1,1
30.252547625,1,1,1,1,1,1,1,1,1,0,1,0,1,1
30.252548188,1,1,1,1,1,1,1,1,1,0,1,1,1,1
30.252564625,1,1,1,1,1,1,1,1,1,0,1,0,1,1
30.252565188,1,1,1,1,1,1,1,1,1,0,1,1,1,1
30.252581438,1,1,1,1,1,1,1,1,1,0,1,0,1,1
30.252582000,1,1,1,1,1,1,1,1,1,0,1,1,1,1
30.252598250,1,1,1,1,1,1,1,1,1,0,1,0,1,1
30.252598813,1,1,1,1,1,1,1,1,1,0,1,1,1,1
30.252615062,1,1,1,1,1,1,1,1,1,0,1,0,1,1
30.252615625,1,1,1,1,1,1,1,1,1,0,1,1,1,1
30.252631812,1,1,1,1,1,1,1,1,1,0,1,0,1,1
30.252632375,1,1,1,1,1,1,1,1,1,0,1,1,1,1
30.252648625,1,1,1,1,1,1,1,1,1,0,1,0,1,1
30.252649188,1,1,1,1,1,1,1,1,1,0,1,1,1,1
30.252665437,1,1,1,1,1,1,1,1,1,0,1,0,1,1
30.252666000,1,1,1,1,1,1,1,1,1,0,1,1,1,1
30.252682250,1,1,1,1,1,1,1,1,1,0,1,0,1,1
30.252682813,1,1,1,1,1,1,1,1,1,0,1,1,1,1
30.252699062,1,1,1,1,1,1,1,1,1,0,1,0,1,1
30.252699562,1,1,1,1,1,1,1,1,1,0,1,1,1,1
30.252715812,1,1,1,1,1,1,1,1,1,0,1,0,1,1
30.252716375,1,1,1,1,1,1,1,1,1,0,1,1,1,1
30.252733250,1,1,1,1,1,1,1,1,1,0,1,0,1,1
30.252733813,1,1,1,1,1,1,1,1,1,0,1,1,1,1
30.252750250,1,1,1,1,1,1,1,1,1,0,1,0,1,1
30.252750813,1,1,1,1,1,1,1,1,1,0,1,1,1,1
30.252767000,1,1,1,1,1,1,1,1,1,0,1,0,1,1
30.252767625,1,1,1,1,1,1,1,1,1,0,1,1,1,1
30.252783812,1,1,1,1,1,1,1,1,1,0,1,0,1,1
30.252784375,1,1,1,1,1,1,1,1,1,0,1,1,1,1
30.252800625,1,1,1,1,1,1,1,1,1,0,1,0,1,1
30.252801188,1,1,1,1,1,1,1,1,1,0,1,1,1,1
30.252817437,1,1,1,1,1,1,1,1,1,0,1,0,1,1
30.252818000,1,1,1,1,1,1,1,1,1,0,1,1,1,1
30.252834250,1,1,1,1,1,1,1,1,1,0,1,0,1,1
30.252834750,1,1,1,1,1,1,1,1,1,0,1,1,1,1
30.252851000,1,1,1,1,1,1,1,1,1,0,1,0,1,1
30.252851500,1,1,1,1,1,1,1,1,1,0,1,1,1,1
30.252867812,1,1,1,1,1,1,1,1,1,0,1,0,1,1
30.252868375,1,1,1,1,1,1,1,1,1,0,1,1,1,1
30.252884625,1,1,1,1,1,1,1,1,1,0,1,0,1,1
30.252885187,1,1,1,1,1,1,1,1,1,0,1,1,1,1
30.252901438,1,1,1,1,1,1,1,1,1,0,1,0,1,1
30.252902000,1,1,1,1,1,1,1,1,1,0,1,1,1,1
30.252918812,1,1,1,1,1,1,1,1,1,0,1,0,1,1
30.252919375,1,1,1,1,1,1,1,1,1,0,1,1,1,1
30.252935812,1,1,1,1,1,1,1,1,1,0,1,0,1,1
30.252936375,1,1,1,1,1,1,1,1,1,0,1,1,1,1
30.252952625,1,1,1,1,1,1,1,1,1,0,1,0,1,1
30.252953188,1,1,1,1,1,1,1,1,1,0,1,1,1,1
30.252969437,1,1,1,1,1,1,1,1,1,0,1,0,1,1
30.252969938,1,1,1,1,1,1,1,1,1,0,1,1,1,1
30.252986187,1,1,1,1,1,1,1,1,1,0,1,0,1,1
30.252986750,1,1,1,1,1,1,1,1,1,0,1,1,1,1
30.253003000,1,1,1,1,1,1,1,1,1,0,1,0,1,1
30.253003562,1,1,1,1,1,1,1,1,1,0,1,1,1,1
30.253019812,1,1,1,1,1,1,1,1,1,0,1,0,1,1
30.253020375,1,1,1,1,1,1,1,1,1,0,1,1,1,1
30.253036625,1,1,1,1,1,1,1,1,1,0,1,0,1,1
30.253037187,1,1,1,1,1,1,1,1,1,0,1,1,1,1
30.253053375,1,1,1,1,1,1,1,1,1,0,1,0,1,1
30.253053938,1,1,1,1,1,1,1,1,1,0,1,1,1,1
30.253070188,1,1,1,1,1,1,1,1,1,0,1,0,1,1
30.253070750,1,1,1,1,1,1,1,1,1,0,1,1,1,1
30.253087000,1,1,1,1,1,1,1,1,1,0,1,0,1,1
30.253087562,1,1,1,1,1,1,1,1,1,0,1,1,1,1
30.253104375,1,1,1,1,1,1,1,1,1,0,1,0,1,1
30.253104938,1,1,1,1,1,1,1,1,1,0,1,1,1,1
30.253121375,1,1,1,1,1,1,1,1,1,0,1,0,1,1
30.253121938,1,1,1,1,1,1,1,1,1,0,1,1,1,1
30.253138187,1,1,1,1,1,1,1,1,1,0,1,0,1,1
30.253138750,1,1,1,1,1,1,1,1,1,0,1,1,1,1
30.253155000,1,1,1,1,1,1,1,1,1,0,1,0,1,1
30.253155563,1,1,1,1,1,1,1,1,1,0,1,1,1,1
30.253171812,1,1,1,1,1,1,1,1,1,0,1,0,1,1
30.253172312,1,1,1,1,1,1,1,1,1,0,1,1,1,1
30.253188563,1,1,1,1,1,1,1,1,1,0,1,0,1,1
30.253189125,1,1,1,1,1,1,1,1,1,0,1,1,1,1
30.253205375,1,1,1,1,1,1,1,1,1,0,1,0,1,1
30.253205937,1,1,1,1,1,1,1,1,1,0,1,1,1,1
30.253222188,1,1,1,1,1,1,1,1,1,0,1,0,1,1
30.253222750,1,1,1,1,1,1,1,1,1,0,1,1,1,1
30.253239000,1,1,1,1,1,1,1,1,1,0,1,0,1,1
30.253239562,1,1,1,1,1,1,1,1,1,0,1,1,1,1
30.253255750,1,1,1,1,1,1,1,1,1,0,1,0,1,1
30.253256312,1,1,1,1,1,1,1,1,1,0,1,1,1,1
30.253272563,1,1,1,1,1,1,1,1,1,0,1,0,1,1
30.253273187,1,1,1,1,1,1,1,1,1,0,1,1,1,1
30.253290000,1,1,1,1,1,1,1,1,1,0,1,0,1,1
30.253290500,1,1,1,1,1,1,1,1,1,0,1,1,1,1
30.253307000,1,1,1,1,1,1,1,1,1,0,1,0,1,1
30.253307500,1,1,1,1,1,1,1,1,1,0,1,1,1,1
30.253323750,1,1,1,1,1,1,1,1,1,0,1,0,1,1
30.253324312,1,1,1,1,1,1,1,1,1,0,1,1,1,1
30.253340563,1,1,1,1,1,1,1,1,1,0,1,0,1,1
30.253341125,1,1,1,1,1,1,1,1,1,0,1,1,1,1
30.253357375,1,1,1,1,1,1,1,1,1,0,1,0,1,1
30.253357937,1,1,1,1,1,1,1,1,1,0,1,1,1,1
30.253374188,1,1,1,1,1,1,1,1,1,0,1,0,1,1
30.253374750,1,1,1,1,1,1,1,1,1,0,1,1,1,1
30.253390938,1,1,1,1,1,1,1,1,1,0,1,0,1,1
30.253391500,1,1,1,1,1,1,1,1,1,0,1,1,1,1
30.253407750,1,1,1,1,1,1,1,1,1,0,1,0,1,1
30.253408312,1,1,1,1,1,1,1,1,1,0,1,1,1,1
30.253424563,1,1,1,1,1,1,1,1,1,0,1,0,1,1
30.253425125,1,1,1,1,1,1,1,1,1,0,1,1,1,1
30.253441375,1,1,1,1,1,1,1,1,1,0,1,0,1,1
30.253441937,1,1,1,1,1,1,1,1,1,0,1,1,1,1
30.253458188,1,1,1,1,1,1,1,1,1,0,1,0,1,1
30.253458688,1,1,1,1,1,1,1,1,1,0,1,1,1,1
30.253475563,1,1,1,1,1,1,1,1,1,0,1,0,1,1
30.253476125,1,1,1,1,1,1,1,1,1,0,1,1,1,1
30.253492562,1,1,1,1,1,1,1,1,1,0,1,0,1,1
30.253493125,1,1,1,1,1,1,1,1,1,0,1,1,1,1
30.253509375,1,1,1,1,1,1,1,1,1,0,1,0,1,1
30.253509937,1,1,1,1,1,1,1,1,1,0,1,1,1,1
30.253526125,1,1,1,1,1,1,1,1,1,0,1,0,1,1
30.253526687,1,1,1,1,1,1,1,1,1,0,1,1,1,1
30.253542938,1,1,1,1,1,1,1,1,1,0,1,0,1,1
30.253543500,1,1,1,1,1,1,1,1,1,0,1,1,1,1
30.253559750,1,1,1,1,1,1,1,1,1,0,1,0,1,1
30.253560312,1,1,1,1,1,1,1,1,1,0,1,1,1,1
30.253576563,1,1,1,1,1,1,1,1,1,0,1,0,1,1
30.253577125,1,1,1,1,1,1,1,1,1,0,1,1,1,1
30.253593375,1,1,1,1,1,1,1,1,1,0,1,0,1,1
30.253593938,1,1,1,1,1,1,1,1,1,0,1,1,1,1
30.253610125,1,1,1,1,1,1,1,1,1,0,1,0,1,1
30.253610625,1,1,1,1,1,1,1,1,1,0,1,1,1,1
30.253626938,1,1,1,1,1,1,1,1,1,0,1,0,1,1
30.253627500,1,1,1,1,1,1,1,1,1,0,1,1,1,1
30.253643750,1,1,1,1,1,1,1,1,1,0,1,0,1,1
30.253644313,1,1,1,1,1,1,1,1,1,0,1,1,1,1
30.253661125,1,1,1,1,1,1,1,1,1,0,1,0,1,1
30.253661687,1,1,1,1,1,1,1,1,1,0,1,1,1,1
30.253678125,1,1,1,1,1,1,1,1,1,0,1,0,1,1
30.253678687,1,1,1,1,1,1,1,1,1,0,1,1,1,1
30.253694938,1,1,1,1,1,1,1,1,1,0,1,0,1,1
30.253695500,1,1,1,1,1,1,1,1,1,0,1,1,1,1
30.253711750,1,1,1,1,1,1,1,1,1,0,1,0,1,1
30.253712312,1,1,1,1,1,1,1,1,1,0,1,1,1,1
30.253728563,1,1,1,1,1,1,1,1,1,0,1,0,1,1
30.253729062,1,1,1,1,1,1,1,1,1,0,1,1,1,1
30.253745313,1,1,1,1,1,1,1,1,1,0,1,0,1,1
30.253745875,1,1,1,1,1,1,1,1,1,0,1,1,1,1
30.253762125,1,1,1,1,1,1,1,1,1,0,1,0,1,1
30.253762688,1,1,1,1,1,1,1,1,1,0,1,1,1,1
30.253778938,1,1,1,1,1,1,1,1,1,0,1,0,1,1
30.253779500,1,1,1,1,1,1,1,1,1,0,1,1,1,1
30.253795750,1,1,1,1,1,1,1,1,1,0,1,0,1,1
30.253796250,1,1,1,1,1,1,1,1,1,0,1,1,1,1
30.253812500,1,1,1,1,1,1,1,1,1,0,1,0,1,1
30.253813063,1,1,1,1,1,1,1,1,1,0,1,1,1,1
30.253829312,1,1,1,1,1,1,1,1,1,0,1,0,1,1
30.253829875,1,1,1,1,1,1,1,1,1,0,1,1,1,1
30.253846750,1,1,1,1,1,1,1,1,1,0,1,0,1,1
30.253847375,1,1,1,1,1,1,1,1,1,0,1,1,1,1
30.253863688,1,1,1,1,1,1,1,1,1,0,1,0,1,1
30.253864250,1,1,1,1,1,1,1,1,1,0,1,1,1,1
30.253880500,1,1,1,1,1,1,1,1,1,0,1,0,1,1
30.253881062,1,1,1,1,1,1,1,1,1,0,1,1,1,1
30.253897313,1,1,1,1,1,1,1,1,1,0,1,0,1,1
30.253897875,1,1,1,1,1,1,1,1,1,0,1,1,1,1
30.253914125,1,1,1,1,1,1,1,1,1,0,1,0,1,1
30.253914688,1,1,1,1,1,1,1,1,1,0,1,1,1,1
30.253930938,1,1,1,1,1,1,1,1,1,0,1,0,1,1
30.253931438,1,1,1,1,1,1,1,1,1,0,1,1,1,1
30.253947687,1,1,1,1,1,1,1,1,1,0,1,0,1,1
30.253948250,1,1,1,1,1,1,1,1,1,0,1,1,1,1
30.253964500,1,1,1,1,1,1,1,1,1,0,1,0,1,1
30.253965063,1,1,1,1,1,1,1,1,1,0,1,1,1,1
30.253981312,1,1,1,1,1,1,1,1,1,0,1,0,1,1
30.253981875,1,1,1,1,1,1,1,1,1,0,1,1,1,1
30.253998125,1,1,1,1,1,1,1,1,1,0,1,0,1,1
30.253998688,1,1,1,1,1,1,1,1,1,0,1,1,1,1
30.254014875,1,1,1,1,1,1,1,1,1,0,1,0,1,1
30.254015438,1,1,1,1,1,1,1,1,1,0,1,1,1,1
30.254032313,1,1,1,1,1,1,1,1,1,0,1,0,1,1
30.254032875,1,1,1,1,1,1,1,1,1,0,1,1,1,1
30.254049312,1,1,1,1,1,1,1,1,1,0,1,0,1,1
30.254049875,1,1,1,1,1,1,1,1,1,0,1,1,1,1
30.254066125,1,1,1,1,1,1,1,1,1,0,1,0,1,1
30.254066687,1,1,1,1,1,1,1,1,1,0,1,1,1,1
30.254082875,1,1,1,1,1,1,1,1,1,0,1,0,1,1
30.254083438,1,1,1,1,1,1,1,1,1,0,1,1,1,1
30.254099687,1,1,1,1,1,1,1,1,1,0,1,0,1,1
30.254100250,1,1,1,1,1,1,1,1,1,0,1,1,1,1
30.254116500,1,1,1,1,1,1,1,1,1,0,1,0,1,1
30.254117063,1,1,1,1,1,1,1,1,1,0,1,1,1,1
30.254133312,1,1,1,1,1,1,1,1,1,0,1,0,1,1
30.254133875,1,1,1,1,1,1,1,1,1,0,1,1,1,1
30.254150062,1,1,1,1,1,1,1,1,1,0,1,0,1,1
30.254150625,1,1,1,1,1,1,1,1,1,0,1,1,1,1
30.254166875,1,1,1,1,1,1,1,1,1,0,1,0,1,1
30.254167438,1,1,1,1,1,1,1,1,1,0,1,1,1,1
30.254183687,1,1,1,1,1,1,1,1,1,0,1,0,1,1
30.254184250,1,1,1,1,1,1,1,1,1,0,1,1,1,1
30.254200500,1,1,1,1,1,1,1,1,1,0,1,0,1,1
30.254201063,1,1,1,1,1,1,1,1,1,0,1,1,1,1
30.254217875,1,1,1,1,1,1,1,1,1,0,1,0,1,1
30.254218438,1,1,1,1,1,1,1,1,1,0,1,1,1,1
30.254234875,1,1,1,1,1,1,1,1,1,0,1,0,1,1
30.254235438,1,1,1,1,1,1,1,1,1,0,1,1,1,1
30.254251687,1,1,1,1,1,1,1,1,1,0,1,0,1,1
30.254252250,1,1,1,1,1,1,1,1,1,0,1,1,1,1
30.254268500,1,1,1,1,1,1,1,1,1,0,1,0,1,1
30.254269063,1,1,1,1,1,1,1,1,1,0,1,1,1,1
30.254285250,1,1,1,1,1,1,1,1,1,0,1,0,1,1
30.254285813,1,1,1,1,1,1,1,1,1,0,1,1,1,1
30.254302062,1,1,1,1,1,1,1,1,1,0,1,0,1,1
30.254302625,1,1,1,1,1,1,1,1,1,0,1,1,1,1
30.254318875,1,1,1,1,1,1,1,1,1,0,1,0,1,1
30.254319438,1,1,1,1,1,1,1,1,1,0,1,1,1,1
30.254335687,1,1,1,1,1,1,1,1,1,0,1,0,1,1
30.254336250,1,1,1,1,1,1,1,1,1,0,1,1,1,1
30.254352500,1,1,1,1,1,1,1,1,1,0,1,0,1,1
30.254353000,1,1,1,1,1,1,1,1,1,0,1,1,1,1
30.254369250,1,1,1,1,1,1,1,1,1,0,1,0,1,1
30.254369812,1,1,1,1,1,1,1,1,1,0,1,1,1,1
30.254386063,1,1,1,1,1,1,1,1,1,0,1,0,1,1
30.254386625,1,1,1,1,1,1,1,1,1,0,1,1,1,1
30.254403437,1,1,1,1,1,1,1,1,1,0,1,0,1,1
30.254404000,1,1,1,1,1,1,1,1,1,0,1,1,1,1
30.254420437,1,1,1,1,1,1,1,1,1,0,1,0,1,1
30.254421000,1,1,1,1,1,1,1,1,1,0,1,1,1,1
30.254437250,1,1,1,1,1,1,1,1,1,0,1,0,1,1
30.254437813,1,1,1,1,1,1,1,1,1,0,1,1,1,1
30.254454062,1,1,1,1,1,1,1,1,1,0,1,0,1,1
30.254454625,1,1,1,1,1,1,1,1,1,0,1,1,1,1
30.254470875,1,1,1,1,1,1,1,1,1,0,1,0,1,1
30.254471438,1,1,1,1,1,1,1,1,1,0,1,1,1,1
30.254487687,1,1,1,1,1,1,1,1,1,0,1,0,1,1
30.254488188,1,1,1,1,1,1,1,1,1,0,1,1,1,1
30.254504437,1,1,1,1,1,1,1,1,1,0,1,0,1,1
30.254505000,1,1,1,1,1,1,1,1,1,0,1,1,1,1
30.254521250,1,1,1,1,1,1,1,1,1,0,1,0,1,1
30.254521812,1,1,1,1,1,1,1,1,1,0,1,1,1,1
30.254538062,1,1,1,1,1,1,1,1,1,0,1,0,1,1
30.254538625,1,1,1,1,1,1,1,1,1,0,1,1,1,1
30.254554875,1,1,1,1,1,1,1,1,1,0,1,0,1,1
30.254555437,1,1,1,1,1,1,1,1,1,0,1,1,1,1
30.254571625,1,1,1,1,1,1,1,1,1,0,1,0,1,1
30.254572187,1,1,1,1,1,1,1,1,1,0,1,1,1,1
30.254589062,1,1,1,1,1,1,1,1,1,0,1,0,1,1
30.254589625,1,1,1,1,1,1,1,1,1,0,1,1,1,1
30.254606062,1,1,1,1,1,1,1,1,1,0,1,0,1,1
30.254606625,1,1,1,1,1,1,1,1,1,0,1,1,1,1
30.254622875,1,1,1,1,1,1,1,1,1,0,1,0,1,1
30.254623375,1,1,1,1,1,1,1,1,1,0,1,1,1,1
30.254639625,1,1,1,1,1,1,1,1,1,0,1,0,1,1
30.254640188,1,1,1,1,1,1,1,1,1,0,1,1,1,1
30.254656437,1,1,1,1,1,1,1,1,1,0,1,0,1,1
30.254657000,1,1,1,1,1,1,1,1,1,0,1,1,1,1
30.254673250,1,1,1,1,1,1,1,1,1,0,1,0,1,1
30.254673812,1,1,1,1,1,1,1,1,1,0,1,1,1,1
30.254690062,1,1,1,1,1,1,1,1,1,0,1,0,1,1
30.254690625,1,1,1,1,1,1,1,1,1,0,1,1,1,1
30.254706813,1,1,1,1,1,1,1,1,1,0,1,0,1,1
30.254707375,1,1,1,1,1,1,1,1,1,0,1,1,1,1
30.254723625,1,1,1,1,1,1,1,1,1,0,1,0,1,1
30.254724187,1,1,1,1,1,1,1,1,1,0,1,1,1,1
30.254740438,1,1,1,1,1,1,1,1,1,0,1,0,1,1
30.254741000,1,1,1,1,1,1,1,1,1,0,1,1,1,1
30.254757250,1,1,1,1,1,1,1,1,1,0,1,0,1,1
30.254757812,1,1,1,1,1,1,1,1,1,0,1,1,1,1
30.254774625,1,1,1,1,1,1,1,1,1,0,1,0,1,1
30.254775188,1,1,1,1,1,1,1,1,1,0,1,1,1,1
30.254791625,1,1,1,1,1,1,1,1,1,0,1,0,1,1
30.254792188,1,1,1,1,1,1,1,1,1,0,1,1,1,1
30.254808437,1,1,1,1,1,1,1,1,1,0,1,0,1,1
30.254809000,1,1,1,1,1,1,1,1,1,0,1,1,1,1
30.254825250,1,1,1,1,1,1,1,1,1,0,1,0,1,1
30.254825812,1,1,1,1,1,1,1,1,1,0,1,1,1,1
30.254842000,1,1,1,1,1,1,1,1,1,0,1,0,1,1
30.254842562,1,1,1,1,1,1,1,1,1,0,1,1,1,1
30.254858813,1,1,1,1,1,1,1,1,1,0,1,0,1,1
30.254859375,1,1,1,1,1,1,1,1,1,0,1,1,1,1
30.254875625,1,1,1,1,1,1,1,1,1,0,1,0,1,1
30.254876187,1,1,1,1,1,1,1,1,1,0,1,1,1,1
30.254892437,1,1,1,1,1,1,1,1,1,0,1,0,1,1
30.254893000,1,1,1,1,1,1,1,1,1,0,1,1,1,1
30.254909188,1,1,1,1,1,1,1,1,1,0,1,0,1,1
30.254909750,1,1,1,1,1,1,1,1,1,0,1,1,1,1
30.254926000,1,1,1,1,1,1,1,1,1,0,1,0,1,1
30.254926562,1,1,1,1,1,1,1,1,1,0,1,1,1,1
30.254942813,1,1,1,1,1,1,1,1,1,0,1,0,1,1
30.254943375,1,1,1,1,1,1,1,1,1,0,1,1,1,1
30.254960188,1,1,1,1,1,1,1,1,1,0,1,0,1,1
30.254960750,1,1,1,1,1,1,1,1,1,0,1,1,1,1
30.254977187,1,1,1,1,1,1,1,1,1,0,1,0,1,1
30.254977750,1,1,1,1,1,1,1,1,1,0,1,1,1,1
30.254994000,1,1,1,1,1,1,1,1,1,0,1,0,1,1
30.254994562,1,1,1,1,1,1,1,1,1,0,1,1,1,1
30.255010813,1,1,1,1,1,1,1,1,1,0,1,0,1,1
30.255011375,1,1,1,1,1,1,1,1,1,0,1,1,1,1
30.255027625,1,1,1,1,1,1,1,1,1,0,1,0,1,1
30.255028187,1,1,1,1,1,1,1,1,1,0,1,1,1,1
30.255044375,1,1,1,1,1,1,1,1,1,0,1,0,1,1
30.255044937,1,1,1,1,1,1,1,1,1,0,1,1,1,1
30.255061188,1,1,1,1,1,1,1,1,1,0,1,0,1,1
30.255061750,1,1,1,1,1,1,1,1,1,0,1,1,1,1
30.255078000,1,1,1,1,1,1,1,1,1,0,1,0,1,1
30.255078562,1,1,1,1,1,1,1,1,1,0,1,1,1,1
30.255094813,1,1,1,1,1,1,1,1,1,0,1,0,1,1
30.255095375,1,1,1,1,1,1,1,1,1,0,1,1,1,1
30.255111625,1,1,1,1,1,1,1,1,1,0,1,0,1,1
30.255112125,1,1,1,1,1,1,1,1,1,0,1,1,1,1
30.255128375,1,1,1,1,1,1,1,1,1,0,1,0,1,1
30.255128938,1,1,1,1,1,1,1,1,1,0,1,1,1,1
30.255145813,1,1,1,1,1,1,1,1,1,0,1,0,1,1
30.255146375,1,1,1,1,1,1,1,1,1,0,1,1,1,1
30.255162813,1,1,1,1,1,1,1,1,1,0,1,0,1,1
30.255163375,1,1,1,1,1,1,1,1,1,0,1,1,1,1
30.255179563,1,1,1,1,1,1,1,1,1,0,1,0,1,1
30.255180125,1,1,1,1,1,1,1,1,1,0,1,1,1,1
30.255196375,1,1,1,1,1,1,1,1,1,0,1,0,1,1
30.255196937,1,1,1,1,1,1,1,1,1,0,1,1,1,1
30.255213188,1,1,1,1,1,1,1,1,1,0,1,0,1,1
30.255213750,1,1,1,1,1,1,1,1,1,0,1,1,1,1
30.255230000,1,1,1,1,1,1,1,1,1,0,1,0,1,1
30.255230562,1,1,1,1,1,1,1,1,1,0,1,1,1,1
30.255246813,1,1,1,1,1,1,1,1,1,0,1,0,1,1
30.255247312,1,1,1,1,1,1,1,1,1,0,1,1,1,1
30.255263563,1,1,1,1,1,1,1,1,1,0,1,0,1,1
30.255264125,1,1,1,1,1,1,1,1,1,0,1,1,1,1
30.255280375,1,1,1,1,1,1,1,1,1,0,1,0,1,1
30.255280938,1,1,1,1,1,1,1,1,1,0,1,1,1,1
30.255297187,1,1,1,1,1,1,1,1,1,0,1,0,1,1
30.255297750,1,1,1,1,1,1,1,1,1,0,1,1,1,1
30.255314000,1,1,1,1,1,1,1,1,1,0,1,0,1,1
30.255314500,1,1,1,1,1,1,1,1,1,0,1,1,1,1
30.255331375,1,1,1,1,1,1,1,1,1,0,1,0,1,1
30.255331937,1,1,1,1,1,1,1,1,1,0,1,1,1,1
30.255348375,1,1,1,1,1,1,1,1,1,0,1,0,1,1
30.255348937,1,1,1,1,1,1,1,1,1,0,1,1,1,1
30.255365188,1,1,1,1,1,1,1,1,1,0,1,0,1,1
30.255365750,1,1,1,1,1,1,1,1,1,0,1,1,1,1
30.255382000,1,1,1,1,1,1,1,1,1,0,1,0,1,1
30.255382500,1,1,1,1,1,1,1,1,1,0,1,1,1,1
30.255398750,1,1,1,1,1,1,1,1,1,0,1,0,1,1
30.255399312,1,1,1,1,1,1,1,1,1,0,1,1,1,1
30.255415563,1,1,1,1,1,1,1,1,1,0,1,0,1,1
30.255416125,1,1,1,1,1,1,1,1,1,0,1,1,1,1
30.255432375,1,1,1,1,1,1,1,1,1,0,1,0,1,1
30.255432938,1,1,1,1,1,1,1,1,1,0,1,1,1,1
30.255449187,1,1,1,1,1,1,1,1,1,0,1,0,1,1
30.255449688,1,1,1,1,1,1,1,1,1,0,1,1,1,1
30.255465937,1,1,1,1,1,1,1,1,1,0,1,0,1,1
30.255466500,1,1,1,1,1,1,1,1,1,0,1,1,1,1
30.255482750,1,1,1,1,1,1,1,1,1,0,1,0,1,1
30.255483313,1,1,1,1,1,1,1,1,1,0,1,1,1,1
30.255499562,1,1,1,1,1,1,1,1,1,0,1,0,1,1
30.255500125,1,1,1,1,1,1,1,1,1,0,1,1,1,1
30.255516938,1,1,1,1,1,1,1,1,1,0,1,0,1,1
30.255517500,1,1,1,1,1,1,1,1,1,0,1,1,1,1
30.255533938,1,1,1,1,1,1,1,1,1,0,1,0,1,1
30.255534500,1,1,1,1,1,1,1,1,1,0,1,1,1,1
30.255550750,1,1,1,1,1,1,1,1,1,0,1,0,1,1
30.255551312,1,1,1,1,1,1,1,1,1,0,1,1,1,1
30.255567563,1,1,1,1,1,1,1,1,1,0,1,0,1,1
30.255568125,1,1,1,1,1,1,1,1,1,0,1,1,1,1
30.255584375,1,1,1,1,1,1,1,1,1,0,1,0,1,1
30.255584875,1,1,1,1,1,1,1,1,1,0,1,1,1,1
30.255601125,1,1,1,1,1,1,1,1,1,0,1,0,1,1
30.255601687,1,1,1,1,1,1,1,1,1,0,1,1,1,1
30.255617937,1,1,1,1,1,1,1,1,1,0,1,0,1,1
30.255618500,1,1,1,1,1,1,1,1,1,0,1,1,1,1
30.255634750,1,1,1,1,1,1,1,1,1,0,1,0,1,1
30.255635313,1,1,1,1,1,1,1,1,1,0,1,1,1,1
30.255651562,1,1,1,1,1,1,1,1,1,0,1,0,1,1
30.255652125,1,1,1,1,1,1,1,1,1,0,1,1,1,1
30.255668312,1,1,1,1,1,1,1,1,1,0,1,0,1,1
30.255668875,1,1,1,1,1,1,1,1,1,0,1,1,1,1
30.255685125,1,1,1,1,1,1,1,1,1,0,1,0,1,1
30.255685688,1,1,1,1,1,1,1,1,1,0,1,1,1,1
30.255702563,1,1,1,1,1,1,1,1,1,0,1,0,1,1
30.255703125,1,1,1,1,1,1,1,1,1,0,1,1,1,1
30.255719563,1,1,1,1,1,1,1,1,1,0,1,0,1,1
30.255720063,1,1,1,1,1,1,1,1,1,0,1,1,1,1
30.255736313,1,1,1,1,1,1,1,1,1,0,1,0,1,1
30.255736875,1,1,1,1,1,1,1,1,1,0,1,1,1,1
30.255753125,1,1,1,1,1,1,1,1,1,0,1,0,1,1
30.255753688,1,1,1,1,1,1,1,1,1,0,1,1,1,1
30.255769937,1,1,1,1,1,1,1,1,1,0,1,0,1,1
30.255770500,1,1,1,1,1,1,1,1,1,0,1,1,1,1
30.255786750,1,1,1,1,1,1,1,1,1,0,1,0,1,1
30.255787313,1,1,1,1,1,1,1,1,1,0,1,1,1,1
30.255803500,1,1,1,1,1,1,1,1,1,0,1,0,1,1
30.255804063,1,1,1,1,1,1,1,1,1,0,1,1,1,1
30.255820312,1,1,1,1,1,1,1,1,1,0,1,0,1,1
30.255820875,1,1,1,1,1,1,1,1,1,0,1,1,1,1
30.255837125,1,1,1,1,1,1,1,1,1,0,1,0,1,1
30.255837688,1,1,1,1,1,1,1,1,1,0,1,1,1,1
30.255853937,1,1,1,1,1,1,1,1,1,0,1,0,1,1
30.255854500,1,1,1,1,1,1,1,1,1,0,1,1,1,1
30.255870750,1,1,1,1,1,1,1,1,1,0,1,0,1,1
30.255871250,1,1,1,1,1,1,1,1,1,0,1,1,1,1
30.255888125,1,1,1,1,1,1,1,1,1,0,1,0,1,1
30.255888688,1,1,1,1,1,1,1,1,1,0,1,1,1,1
30.255905125,1,1,1,1,1,1,1,1,1,0,1,0,1,1
30.255905688,1,1,1,1,1,1,1,1,1,0,1,1,1,1
30.255921937,1,1,1,1,1,1,1,1,1,0,1,0,1,1
30.255922500,1,1,1,1,1,1,1,1,1,0,1,1,1,1
30.255938687,1,1,1,1,1,1,1,1,1,0,1,0,1,1
30.255939250,1,1,1,1,1,1,1,1,1,0,1,1,1,1
30.255955500,1,1,1,1,1,1,1,1,1,0,1,0,1,1
30.255956063,1,1,1,1,1,1,1,1,1,0,1,1,1,1
30.255972312,1,1,1,1,1,1,1,1,1,0,1,0,1,1
30.255972875,1,1,1,1,1,1,1,1,1,0,1,1,1,1
30.255989125,1,1,1,1,1,1,1,1,1,0,1,0,1,1
30.255989688,1,1,1,1,1,1,1,1,1,0,1,1,1,1
30.256005937,1,1,1,1,1,1,1,1,1,0,1,0,1,1
30.256006438,1,1,1,1,1,1,1,1,1,0,1,1,1,1
30.256022687,1,1,1,1,1,1,1,1,1,0,1,0,1,1
30.256023250,1,1,1,1,1,1,1,1,1,0,1,1,1,1
30.256039500,1,1,1,1,1,1,1,1,1,0,1,0,1,1
30.256040062,1,1,1,1,1,1,1,1,1,0,1,1,1,1
30.256056313,1,1,1,1,1,1,1,1,1,0,1,0,1,1
30.256056875,1,1,1,1,1,1,1,1,1,0,1,1,1,1
30.256073687,1,1,1,1,1,1,1,1,1,0,1,0,1,1
30.256074250,1,1,1,1,1,1,1,1,1,0,1,1,1,1
30.256090687,1,1,1,1,1,1,1,1,1,0,1,0,1,1
30.256091250,1,1,1,1,1,1,1,1,1,0,1,1,1,1
30.256107500,1,1,1,1,1,1,1,1,1,0,1,0,1,1
30.256108063,1,1,1,1,1,1,1,1,1,0,1,1,1,1
30.256124312,1,1,1,1,1,1,1,1,1,0,1,0,1,1
30.256124875,1,1,1,1,1,1,1,1,1,0,1,1,1,1
30.256141062,1,1,1,1,1,1,1,1,1,0,1,0,1,1
30.256141625,1,1,1,1,1,1,1,1,1,0,1,1,1,1
30.256157875,1,1,1,1,1,1,1,1,1,0,1,0,1,1
30.256158438,1,1,1,1,1,1,1,1,1,0,1,1,1,1
30.256174687,1,1,1,1,1,1,1,1,1,0,1,0,1,1
30.256175250,1,1,1,1,1,1,1,1,1,0,1,1,1,1
30.256191500,1,1,1,1,1,1,1,1,1,0,1,0,1,1
30.256192062,1,1,1,1,1,1,1,1,1,0,1,1,1,1
30.256208313,1,1,1,1,1,1,1,1,1,0,1,0,1,1
30.256208812,1,1,1,1,1,1,1,1,1,0,1,1,1,1
30.256225063,1,1,1,1,1,1,1,1,1,0,1,0,1,1
30.256225625,1,1,1,1,1,1,1,1,1,0,1,1,1,1
30.256241875,1,1,1,1,1,1,1,1,1,0,1,0,1,1
30.256242437,1,1,1,1,1,1,1,1,1,0,1,1,1,1
30.256259312,1,1,1,1,1,1,1,1,1,0,1,0,1,1
30.256259813,1,1,1,1,1,1,1,1,1,0,1,1,1,1
30.256276250,1,1,1,1,1,1,1,1,1,0,1,0,1,1
30.256276813,1,1,1,1,1,1,1,1,1,0,1,1,1,1
30.256293062,1,1,1,1,1,1,1,1,1,0,1,0,1,1
30.256293625,1,1,1,1,1,1,1,1,1,0,1,1,1,1
30.256309875,1,1,1,1,1,1,1,1,1,0,1,0,1,1
30.256310438,1,1,1,1,1,1,1,1,1,0,1,1,1,1
30.256326687,1,1,1,1,1,1,1,1,1,0,1,0,1,1
30.256327250,1,1,1,1,1,1,1,1,1,0,1,1,1,1
30.256343500,1,1,1,1,1,1,1,1,1,0,1,0,1,1
30.256344000,1,1,1,1,1,1,1,1,1,0,1,1,1,1
30.256360250,1,1,1,1,1,1,1,1,1,0,1,0,1,1
30.256360812,1,1,1,1,1,1,1,1,1,0,1,1,1,1
30.256377063,1,1,1,1,1,1,1,1,1,0,1,0,1,1
30.256377625,1,1,1,1,1,1,1,1,1,0,1,1,1,1
30.256393875,1,1,1,1,1,1,1,1,1,0,1,0,1,1
30.256394437,1,1,1,1,1,1,1,1,1,0,1,1,1,1
30.256410688,1,1,1,1,1,1,1,1,1,0,1,0,1,1
30.256411250,1,1,1,1,1,1,1,1,1,0,1,1,1,1
30.256427438,1,1,1,1,1,1,1,1,1,0,1,0,1,1
30.256428000,1,1,1,1,1,1,1,1,1,0,1,1,1,1
30.256444875,1,1,1,1,1,1,1,1,1,0,1,0,1,1
30.256445437,1,1,1,1,1,1,1,1,1,0,1,1,1,1
30.256461875,1,1,1,1,1,1,1,1,1,0,1,0,1,1
30.256462438,1,1,1,1,1,1,1,1,1,0,1,1,1,1
30.256478687,1,1,1,1,1,1,1,1,1,0,1,0,1,1
30.256479187,1,1,1,1,1,1,1,1,1,0,1,1,1,1
30.256495437,1,1,1,1,1,1,1,1,1,0,1,0,1,1
30.256496000,1,1,1,1,1,1,1,1,1,0,1,1,1,1
30.256512250,1,1,1,1,1,1,1,1,1,0,1,0,1,1
30.256512812,1,1,1,1,1,1,1,1,1,0,1,1,1,1
30.256529063,1,1,1,1,1,1,1,1,1,0,1,0,1,1
30.256529625,1,1,1,1,1,1,1,1,1,0,1,1,1,1
30.256545875,1,1,1,1,1,1,1,1,1,0,1,0,1,1
30.256546437,1,1,1,1,1,1,1,1,1,0,1,1,1,1
30.256562625,1,1,1,1,1,1,1,1,1,0,1,0,1,1
30.256563187,1,1,1,1,1,1,1,1,1,0,1,1,1,1
30.256579438,1,1,1,1,1,1,1,1,1,0,1,0,1,1
30.256580000,1,1,1,1,1,1,1,1,1,0,1,1,1,1
30.256596250,1,1,1,1,1,1,1,1,1,0,1,0,1,1
30.256596812,1,1,1,1,1,1,1,1,1,0,1,1,1,1
30.256613063,1,1,1,1,1,1,1,1,1,0,1,0,1,1
30.256613625,1,1,1,1,1,1,1,1,1,0,1,1,1,1
30.256630438,1,1,1,1,1,1,1,1,1,0,1,0,1,1
30.256631000,1,1,1,1,1,1,1,1,1,0,1,1,1,1
30.256647437,1,1,1,1,1,1,1,1,1,0,1,0,1,1
30.256648000,1,1,1,1,1,1,1,1,1,0,1,1,1,1
30.256664250,1,1,1,1,1,1,1,1,1,0,1,0,1,1
30.256664812,1,1,1,1,1,1,1,1,1,0,1,1,1,1
30.256681063,1,1,1,1,1,1,1,1,1,0,1,0,1,1
30.256681625,1,1,1,1,1,1,1,1,1,0,1,1,1,1
30.256697813,1,1,1,1,1,1,1,1,1,0,1,0,1,1
30.256698375,1,1,1,1,1,1,1,1,1,0,1,1,1,1
30.256714625,1,1,1,1,1,1,1,1,1,0,1,0,1,1
30.256715187,1,1,1,1,1,1,1,1,1,0,1,1,1,1
30.256731438,1,1,1,1,1,1,1,1,1,0,1,0,1,1
30.256732000,1,1,1,1,1,1,1,1,1,0,1,1,1,1
30.256748250,1,1,1,1,1,1,1,1,1,0,1,0,1,1
30.256748812,1,1,1,1,1,1,1,1,1,0,1,1,1,1
30.256765063,1,1,1,1,1,1,1,1,1,0,1,0,1,1
30.256765563,1,1,1,1,1,1,1,1,1,0,1,1,1,1
30.256781813,1,1,1,1,1,1,1,1,1,0,1,0,1,1
30.256782375,1,1,1,1,1,1,1,1,1,0,1,1,1,1
30.256798625,1,1,1,1,1,1,1,1,1,0,1,0,1,1
30.256799188,1,1,1,1,1,1,1,1,1,0,1,1,1,1
30.256816000,1,1,1,1,1,1,1,1,1,0,1,0,1,1
30.256816562,1,1,1,1,1,1,1,1,1,0,1,1,1,1
30.256833000,1,1,1,1,1,1,1,1,1,0,1,0,1,1
30.256833562,1,1,1,1,1,1,1,1,1,0,1,1,1,1
30.256849813,1,1,1,1,1,1,1,1,1,0,1,0,1,1
30.256850375,1,1,1,1,1,1,1,1,1,0,1,1,1,1
30.256866625,1,1,1,1,1,1,1,1,1,0,1,0,1,1
30.256867187,1,1,1,1,1,1,1,1,1,0,1,1,1,1
30.256883438,1,1,1,1,1,1,1,1,1,0,1,0,1,1
30.256884000,1,1,1,1,1,1,1,1,1,0,1,1,1,1
30.256900188,1,1,1,1,1,1,1,1,1,0,1,0,1,1
30.256900750,1,1,1,1,1,1,1,1,1,0,1,1,1,1
30.256917000,1,1,1,1,1,1,1,1,1,0,1,0,1,1
30.256917562,1,1,1,1,1,1,1,1,1,0,1,1,1,1
30.256933813,1,1,1,1,1,1,1,1,1,0,1,0,1,1
30.256934375,1,1,1,1,1,1,1,1,1,0,1,1,1,1
30.256950625,1,1,1,1,1,1,1,1,1,0,1,0,1,1
30.256951188,1,1,1,1,1,1,1,1,1,0,1,1,1,1
30.256967437,1,1,1,1,1,1,1,1,1,0,1,0,1,1
30.256967938,1,1,1,1,1,1,1,1,1,0,1,1,1,1
30.256984187,1,1,1,1,1,1,1,1,1,0,1,0,1,1
30.256984750,1,1,1,1,1,1,1,1,1,0,1,1,1,1
30.257001625,1,1,1,1,1,1,1,1,1,0,1,0,1,1
30.257002187,1,1,1,1,1,1,1,1,1,0,1,1,1,1
30.257018625,1,1,1,1,1,1,1,1,1,0,1,0,1,1
30.257019187,1,1,1,1,1,1,1,1,1,0,1,1,1,1
30.257035375,1,1,1,1,1,1,1,1,1,0,1,0,1,1
30.257035937,1,1,1,1,1,1,1,1,1,0,1,1,1,1
30.257052188,1,1,1,1,1,1,1,1,1,0,1,0,1,1
30.257052750,1,1,1,1,1,1,1,1,1,0,1,1,1,1
30.257069000,1,1,1,1,1,1,1,1,1,0,1,0,1,1
30.257069562,1,1,1,1,1,1,1,1,1,0,1,1,1,1
30.257085813,1,1,1,1,1,1,1,1,1,0,1,0,1,1
30.257086375,1,1,1,1,1,1,1,1,1,0,1,1,1,1
30.257102625,1,1,1,1,1,1,1,1,1,0,1,0,1,1
30.257103125,1,1,1,1,1,1,1,1,1,0,1,1,1,1
30.257119375,1,1,1,1,1,1,1,1,1,0,1,0,1,1
30.257119938,1,1,1,1,1,1,1,1,1,0,1,1,1,1
30.257136187,1,1,1,1,1,1,1,1,1,0,1,0,1,1
30.257136750,1,1,1,1,1,1,1,1,1,0,1,1,1,1
30.257153000,1,1,1,1,1,1,1,1,1,0,1,0,1,1
30.257153563,1,1,1,1,1,1,1,1,1,0,1,1,1,1
30.257169812,1,1,1,1,1,1,1,1,1,0,1,0,1,1
30.257170375,1,1,1,1,1,1,1,1,1,0,1,1,1,1
30.257187188,1,1,1,1,1,1,1,1,1,0,1,0,1,1
30.257187750,1,1,1,1,1,1,1,1,1,0,1,1,1,1
30.257204188,1,1,1,1,1,1,1,1,1,0,1,0,1,1
30.257204750,1,1,1,1,1,1,1,1,1,0,1,1,1,1
30.257221000,1,1,1,1,1,1,1,1,1,0,1,0,1,1
30.257221562,1,1,1,1,1,1,1,1,1,0,1,1,1,1
30.257237813,1,1,1,1,1,1,1,1,1,0,1,0,1,1
30.257238313,1,1,1,1,1,1,1,1,1,0,1,1,1,1
30.257254562,1,1,1,1,1,1,1,1,1,0,1,0,1,1
30.257255125,1,1,1,1,1,1,1,1,1,0,1,1,1,1
30.257271375,1,1,1,1,1,1,1,1,1,0,1,0,1,1
30.257271938,1,1,1,1,1,1,1,1,1,0,1,1,1,1
30.257288187,1,1,1,1,1,1,1,1,1,0,1,0,1,1
30.257288750,1,1,1,1,1,1,1,1,1,0,1,1,1,1
30.257305000,1,1,1,1,1,1,1,1,1,0,1,0,1,1
30.257305563,1,1,1,1,1,1,1,1,1,0,1,1,1,1
30.257321750,1,1,1,1,1,1,1,1,1,0,1,0,1,1
30.257322313,1,1,1,1,1,1,1,1,1,0,1,1,1,1
30.257338562,1,1,1,1,1,1,1,1,1,0,1,0,1,1
30.257339125,1,1,1,1,1,1,1,1,1,0,1,1,1,1
30.257355375,1,1,1,1,1,1,1,1,1,0,1,0,1,1
30.257355938,1,1,1,1,1,1,1,1,1,0,1,1,1,1
30.257372750,1,1,1,1,1,1,1,1,1,0,1,0,1,1
30.257373313,1,1,1,1,1,1,1,1,1,0,1,1,1,1
30.257389750,1,1,1,1,1,1,1,1,1,0,1,0,1,1
30.257390313,1,1,1,1,1,1,1,1,1,0,1,1,1,1
30.257406563,1,1,1,1,1,1,1,1,1,0,1,0,1,1
30.257407125,1,1,1,1,1,1,1,1,1,0,1,1,1,1
30.257423375,1,1,1,1,1,1,1,1,1,0,1,0,1,1
30.257423938,1,1,1,1,1,1,1,1,1,0,1,1,1,1
30.257440188,1,1,1,1,1,1,1,1,1,0,1,0,1,1
30.257440750,1,1,1,1,1,1,1,1,1,0,1,1,1,1
30.257456937,1,1,1,1,1,1,1,1,1,0,1,0,1,1
30.257457500,1,1,1,1,1,1,1,1,1,0,1,1,1,1
30.257473750,1,1,1,1,1,1,1,1,1,0,1,0,1,1
30.257474313,1,1,1,1,1,1,1,1,1,0,1,1,1,1
30.257490562,1,1,1,1,1,1,1,1,1,0,1,0,1,1
30.257491125,1,1,1,1,1,1,1,1,1,0,1,1,1,1
30.257507375,1,1,1,1,1,1,1,1,1,0,1,0,1,1
30.257507938,1,1,1,1,1,1,1,1,1,0,1,1,1,1
30.257524125,1,1,1,1,1,1,1,1,1,0,1,0,1,1
30.257524687,1,1,1,1,1,1,1,1,1,0,1,1,1,1
30.257540938,1,1,1,1,1,1,1,1,1,0,1,0,1,1
30.257541500,1,1,1,1,1,1,1,1,1,0,1,1,1,1
30.257558375,1,1,1,1,1,1,1,1,1,0,1,0,1,1
30.257558938,1,1,1,1,1,1,1,1,1,0,1,1,1,1
30.257575375,1,1,1,1,1,1,1,1,1,0,1,0,1,1
30.257575938,1,1,1,1,1,1,1,1,1,0,1,1,1,1
30.257592125,1,1,1,1,1,1,1,1,1,0,1,0,1,1
30.257592688,1,1,1,1,1,1,1,1,1,0,1,1,1,1
30.257608937,1,1,1,1,1,1,1,1,1,0,1,0,1,1
30.257609500,1,1,1,1,1,1,1,1,1,0,1,1,1,1
30.257625750,1,1,1,1,1,1,1,1,1,0,1,0,1,1
30.257626313,1,1,1,1,1,1,1,1,1,0,1,1,1,1
30.257642562,1,1,1,1,1,1,1,1,1,0,1,0,1,1
30.257643125,1,1,1,1,1,1,1,1,1,0,1,1,1,1
30.257659312,1,1,1,1,1,1,1,1,1,0,1,0,1,1
30.257659875,1,1,1,1,1,1,1,1,1,0,1,1,1,1
30.257676125,1,1,1,1,1,1,1,1,1,0,1,0,1,1
30.257676687,1,1,1,1,1,1,1,1,1,0,1,1,1,1
30.257692937,1,1,1,1,1,1,1,1,1,0,1,0,1,1
30.257693500,1,1,1,1,1,1,1,1,1,0,1,1,1,1
30.257709750,1,1,1,1,1,1,1,1,1,0,1,0,1,1
30.257710312,1,1,1,1,1,1,1,1,1,0,1,1,1,1
30.257726563,1,1,1,1,1,1,1,1,1,0,1,0,1,1
30.257727062,1,1,1,1,1,1,1,1,1,0,1,1,1,1
30.257743937,1,1,1,1,1,1,1,1,1,0,1,0,1,1
30.257744500,1,1,1,1,1,1,1,1,1,0,1,1,1,1
30.257760937,1,1,1,1,1,1,1,1,1,0,1,0,1,1
30.257761500,1,1,1,1,1,1,1,1,1,0,1,1,1,1
30.257777750,1,1,1,1,1,1,1,1,1,0,1,0,1,1
30.257778313,1,1,1,1,1,1,1,1,1,0,1,1,1,1
30.257794500,1,1,1,1,1,1,1,1,1,0,1,0,1,1
30.257795063,1,1,1,1,1,1,1,1,1,0,1,1,1,1
30.257811312,1,1,1,1,1,1,1,1,1,0,1,0,1,1
30.257811875,1,1,1,1,1,1,1,1,1,0,1,1,1,1
30.257828125,1,1,1,1,1,1,1,1,1,0,1,0,1,1
30.257828688,1,1,1,1,1,1,1,1,1,0,1,1,1,1
30.257844937,1,1,1,1,1,1,1,1,1,0,1,0,1,1
30.257845500,1,1,1,1,1,1,1,1,1,0,1,1,1,1
30.257861750,1,1,1,1,1,1,1,1,1,0,1,0,1,1
30.257862250,1,1,1,1,1,1,1,1,1,0,1,1,1,1
30.257878500,1,1,1,1,1,1,1,1,1,0,1,0,1,1
30.257879062,1,1,1,1,1,1,1,1,1,0,1,1,1,1
30.257895313,1,1,1,1,1,1,1,1,1,0,1,0,1,1
30.257895875,1,1,1,1,1,1,1,1,1,0,1,1,1,1
30.257912125,1,1,1,1,1,1,1,1,1,0,1,0,1,1
30.257912687,1,1,1,1,1,1,1,1,1,0,1,1,1,1
30.257929500,1,1,1,1,1,1,1,1,1,0,1,0,1,1
30.257930063,1,1,1,1,1,1,1,1,1,0,1,1,1,1
30.257946500,1,1,1,1,1,1,1,1,1,0,1,0,1,1
30.257947063,1,1,1,1,1,1,1,1,1,0,1,1,1,1
30.257963312,1,1,1,1,1,1,1,1,1,0,1,0,1,1
30.257963875,1,1,1,1,1,1,1,1,1,0,1,1,1,1
30.257980125,1,1,1,1,1,1,1,1,1,0,1,0,1,1
30.257980688,1,1,1,1,1,1,1,1,1,0,1,1,1,1
30.257996937,1,1,1,1,1,1,1,1,1,0,1,0,1,1
30.257997437,1,1,1,1,1,1,1,1,1,0,1,1,1,1
30.258013688,1,1,1,1,1,1,1,1,1,0,1,0,1,1
30.258014250,1,1,1,1,1,1,1,1,1,0,1,1,1,1
30.258030500,1,1,1,1,1,1,1,1,1,0,1,0,1,1
30.258031062,1,1,1,1,1,1,1,1,1,0,1,1,1,1
30.258047313,1,1,1,1,1,1,1,1,1,0,1,0,1,1
30.258047875,1,1,1,1,1,1,1,1,1,0,1,1,1,1
30.258064125,1,1,1,1,1,1,1,1,1,0,1,0,1,1
30.258064687,1,1,1,1,1,1,1,1,1,0,1,1,1,1
30.258080875,1,1,1,1,1,1,1,1,1,0,1,0,1,1
30.258081437,1,1,1,1,1,1,1,1,1,0,1,1,1,1
30.258097688,1,1,1,1,1,1,1,1,1,0,1,0,1,1
30.258098250,1,1,1,1,1,1,1,1,1,0,1,1,1,1
30.258115125,1,1,1,1,1,1,1,1,1,0,1,0,1,1
30.258115625,1,1,1,1,1,1,1,1,1,0,1,1,1,1
30.258132125,1,1,1,1,1,1,1,1,1,0,1,0,1,1
30.258132625,1,1,1,1,1,1,1,1,1,0,1,1,1,1
30.258148875,1,1,1,1,1,1,1,1,1,0,1,0,1,1
30.258149438,1,1,1,1,1,1,1,1,1,0,1,1,1,1
30.258165688,1,1,1,1,1,1,1,1,1,0,1,0,1,1
30.258166250,1,1,1,1,1,1,1,1,1,0,1,1,1,1
30.258182500,1,1,1,1,1,1,1,1,1,0,1,0,1,1
30.258183062,1,1,1,1,1,1,1,1,1,0,1,1,1,1
30.258199313,1,1,1,1,1,1,1,1,1,0,1,0,1,1
30.258199875,1,1,1,1,1,1,1,1,1,0,1,1,1,1
30.258216063,1,1,1,1,1,1,1,1,1,0,1,0,1,1
30.258216625,1,1,1,1,1,1,1,1,1,0,1,1,1,1
30.258232875,1,1,1,1,1,1,1,1,1,0,1,0,1,1
30.258233437,1,1,1,1,1,1,1,1,1,0,1,1,1,1
30.258249688,1,1,1,1,1,1,1,1,1,0,1,0,1,1
30.258250250,1,1,1,1,1,1,1,1,1,0,1,1,1,1
30.258266500,1,1,1,1,1,1,1,1,1,0,1,0,1,1
30.258267062,1,1,1,1,1,1,1,1,1,0,1,1,1,1
30.258283250,1,1,1,1,1,1,1,1,1,0,1,0,1,1
30.258283813,1,1,1,1,1,1,1,1,1,0,1,1,1,1
30.258300688,1,1,1,1,1,1,1,1,1,0,1,0,1,1
30.258301250,1,1,1,1,1,1,1,1,1,0,1,1,1,1
30.258317687,1,1,1,1,1,1,1,1,1,0,1,0,1,1
30.258318250,1,1,1,1,1,1,1,1,1,0,1,1,1,1
30.258334500,1,1,1,1,1,1,1,1,1,0,1,0,1,1
30.258335062,1,1,1,1,1,1,1,1,1,0,1,1,1,1
30.258351250,1,1,1,1,1,1,1,1,1,0,1,0,1,1
30.258351812,1,1,1,1,1,1,1,1,1,0,1,1,1,1
30.258368063,1,1,1,1,1,1,1,1,1,0,1,0,1,1
30.258368625,1,1,1,1,1,1,1,1,1,0,1,1,1,1
30.258384875,1,1,1,1,1,1,1,1,1,0,1,0,1,1
30.258385437,1,1,1,1,1,1,1,1,1,0,1,1,1,1
30.258401688,1,1,1,1,1,1,1,1,1,0,1,0,1,1
30.258402250,1,1,1,1,1,1,1,1,1,0,1,1,1,1
30.258418438,1,1,1,1,1,1,1,1,1,0,1,0,1,1
30.258419000,1,1,1,1,1,1,1,1,1,0,1,1,1,1
30.258435250,1,1,1,1,1,1,1,1,1,0,1,0,1,1
30.258435813,1,1,1,1,1,1,1,1,1,0,1,1,1,1
30.258452063,1,1,1,1,1,1,1,1,1,0,1,0,1,1
30.258452625,1,1,1,1,1,1,1,1,1,0,1,1,1,1
30.258468875,1,1,1,1,1,1,1,1,1,0,1,0,1,1
30.258469438,1,1,1,1,1,1,1,1,1,0,1,1,1,1
30.258486250,1,1,1,1,1,1,1,1,1,0,1,0,1,1
30.258486812,1,1,1,1,1,1,1,1,1,0,1,1,1,1
30.258503250,1,1,1,1,1,1,1,1,1,0,1,0,1,1
30.258503812,1,1,1,1,1,1,1,1,1,0,1,1,1,1
30.258520063,1,1,1,1,1,1,1,1,1,0,1,0,1,1
30.258520625,1,1,1,1,1,1,1,1,1,0,1,1,1,1
30.258536875,1,1,1,1,1,1,1,1,1,0,1,0,1,1
30.258537437,1,1,1,1,1,1,1,1,1,0,1,1,1,1
30.258553625,1,1,1,1,1,1,1,1,1,0,1,0,1,1
30.258554187,1,1,1,1,1,1,1,1,1,0,1,1,1,1
30.258570438,1,1,1,1,1,1,1,1,1,0,1,0,1,1
30.258571000,1,1,1,1,1,1,1,1,1,0,1,1,1,1
30.258587250,1,1,1,1,1,1,1,1,1,0,1,0,1,1
30.258587813,1,1,1,1,1,1,1,1,1,0,1,1,1,1
30.258604063,1,1,1,1,1,1,1,1,1,0,1,0,1,1
30.258604625,1,1,1,1,1,1,1,1,1,0,1,1,1,1
30.258620875,1,1,1,1,1,1,1,1,1,0,1,0,1,1
30.258621375,1,1,1,1,1,1,1,1,1,0,1,1,1,1
30.258637625,1,1,1,1,1,1,1,1,1,0,1,0,1,1
30.258638188,1,1,1,1,1,1,1,1,1,0,1,1,1,1
30.258654437,1,1,1,1,1,1,1,1,1,0,1,0,1,1
30.258655000,1,1,1,1,1,1,1,1,1,0,1,1,1,1
30.258671813,1,1,1,1,1,1,1,1,1,0,1,0,1,1
30.258672375,1,1,1,1,1,1,1,1,1,0,1,1,1,1
30.258688813,1,1,1,1,1,1,1,1,1,0,1,0,1,1
30.258689375,1,1,1,1,1,1,1,1,1,0,1,1,1,1
30.258705625,1,1,1,1,1,1,1,1,1,0,1,0,1,1
30.258706187,1,1,1,1,1,1,1,1,1,0,1,1,1,1
30.258722438,1,1,1,1,1,1,1,1,1,0,1,0,1,1
30.258723000,1,1,1,1,1,1,1,1,1,0,1,1,1,1
30.258739250,1,1,1,1,1,1,1,1,1,0,1,0,1,1
30.258739812,1,1,1,1,1,1,1,1,1,0,1,1,1,1
30.258756063,1,1,1,1,1,1,1,1,1,0,1,0,1,1
30.258756563,1,1,1,1,1,1,1,1,1,0,1,1,1,1
30.258772812,1,1,1,1,1,1,1,1,1,0,1,0,1,1
30.258773375,1,1,1,1,1,1,1,1,1,0,1,1,1,1
30.258789625,1,1,1,1,1,1,1,1,1,0,1,0,1,1
30.258790188,1,1,1,1,1,1,1,1,1,0,1,1,1,1
30.258806437,1,1,1,1,1,1,1,1,1,0,1,0,1,1
30.258807000,1,1,1,1,1,1,1,1,1,0,1,1,1,1
30.258823250,1,1,1,1,1,1,1,1,1,0,1,0,1,1
30.258823813,1,1,1,1,1,1,1,1,1,0,1,1,1,1
30.258840000,1,1,1,1,1,1,1,1,1,0,1,0,1,1
30.258840563,1,1,1,1,1,1,1,1,1,0,1,1,1,1
30.258857438,1,1,1,1,1,1,1,1,1,0,1,0,1,1
30.258858000,1,1,1,1,1,1,1,1,1,0,1,1,1,1
30.258874438,1,1,1,1,1,1,1,1,1,0,1,0,1,1
30.258875000,1,1,1,1,1,1,1,1,1,0,1,1,1,1
30.258891250,1,1,1,1,1,1,1,1,1,0,1,0,1,1
30.258891750,1,1,1,1,1,1,1,1,1,0,1,1,1,1
30.258908000,1,1,1,1,1,1,1,1,1,0,1,0,1,1
30.258908563,1,1,1,1,1,1,1,1,1,0,1,1,1,1
30.258924812,1,1,1,1,1,1,1,1,1,0,1,0,1,1
30.258925375,1,1,1,1,1,1,1,1,1,0,1,1,1,1
30.258941625,1,1,1,1,1,1,1,1,1,0,1,0,1,1
30.258942188,1,1,1,1,1,1,1,1,1,0,1,1,1,1
30.258958437,1,1,1,1,1,1,1,1,1,0,1,0,1,1
30.258959000,1,1,1,1,1,1,1,1,1,0,1,1,1,1
30.258975187,1,1,1,1,1,1,1,1,1,0,1,0,1,1
30.258975750,1,1,1,1,1,1,1,1,1,0,1,1,1,1
30.258992000,1,1,1,1,1,1,1,1,1,0,1,0,1,1
30.258992563,1,1,1,1,1,1,1,1,1,0,1,1,1,1
30.259008812,1,1,1,1,1,1,1,1,1,0,1,0,1,1
30.259009375,1,1,1,1,1,1,1,1,1,0,1,1,1,1
30.259025625,1,1,1,1,1,1,1,1,1,0,1,0,1,1
30.259026188,1,1,1,1,1,1,1,1,1,0,1,1,1,1
30.259043000,1,1,1,1,1,1,1,1,1,0,1,0,1,1
30.259043563,1,1,1,1,1,1,1,1,1,0,1,1,1,1
30.259060000,1,1,1,1,1,1,1,1,1,0,1,0,1,1
30.259060563,1,1,1,1,1,1,1,1,1,0,1,1,1,1
30.259076812,1,1,1,1,1,1,1,1,1,0,1,0,1,1
30.259077375,1,1,1,1,1,1,1,1,1,0,1,1,1,1
30.259093625,1,1,1,1,1,1,1,1,1,0,1,0,1,1
30.259094188,1,1,1,1,1,1,1,1,1,0,1,1,1,1
30.259110375,1,1,1,1,1,1,1,1,1,0,1,0,1,1
30.259110938,1,1,1,1,1,1,1,1,1,0,1,1,1,1
30.259127187,1,1,1,1,1,1,1,1,1,0,1,0,1,1
30.259127750,1,1,1,1,1,1,1,1,1,0,1,1,1,1
30.259144000,1,1,1,1,1,1,1,1,1,0,1,0,1,1
30.259144563,1,1,1,1,1,1,1,1,1,0,1,1,1,1
30.259160812,1,1,1,1,1,1,1,1,1,0,1,0,1,1
30.259161375,1,1,1,1,1,1,1,1,1,0,1,1,1,1
30.259177562,1,1,1,1,1,1,1,1,1,0,1,0,1,1
30.259178125,1,1,1,1,1,1,1,1,1,0,1,1,1,1
30.259194375,1,1,1,1,1,1,1,1,1,0,1,0,1,1
30.259194937,1,1,1,1,1,1,1,1,1,0,1,1,1,1
30.259211188,1,1,1,1,1,1,1,1,1,0,1,0,1,1
30.259211750,1,1,1,1,1,1,1,1,1,0,1,1,1,1
30.259228562,1,1,1,1,1,1,1,1,1,0,1,0,1,1
30.259229125,1,1,1,1,1,1,1,1,1,0,1,1,1,1
30.259245562,1,1,1,1,1,1,1,1,1,0,1,0,1,1
30.259246125,1,1,1,1,1,1,1,1,1,0,1,1,1,1
30.259262375,1,1,1,1,1,1,1,1,1,0,1,0,1,1
30.259262938,1,1,1,1,1,1,1,1,1,0,1,1,1,1
30.259279187,1,1,1,1,1,1,1,1,1,0,1,0,1,1
30.259279750,1,1,1,1,1,1,1,1,1,0,1,1,1,1
30.259296000,1,1,1,1,1,1,1,1,1,0,1,0,1,1
30.259296563,1,1,1,1,1,1,1,1,1,0,1,1,1,1
30.259312750,1,1,1,1,1,1,1,1,1,0,1,0,1,1
30.259313313,1,1,1,1,1,1,1,1,1,0,1,1,1,1
30.259329562,1,1,1,1,1,1,1,1,1,0,1,0,1,1
30.259330125,1,1,1,1,1,1,1,1,1,0,1,1,1,1
30.259346375,1,1,1,1,1,1,1,1,1,0,1,0,1,1
30.259346937,1,1,1,1,1,1,1,1,1,0,1,1,1,1
30.259363187,1,1,1,1,1,1,1,1,1,0,1,0,1,1
30.259363750,1,1,1,1,1,1,1,1,1,0,1,1,1,1
30.259380000,1,1,1,1,1,1,1,1,1,0,1,0,1,1
30.259380500,1,1,1,1,1,1,1,1,1,0,1,1,1,1
30.259396750,1,1,1,1,1,1,1,1,1,0,1,0,1,1
30.259397312,1,1,1,1,1,1,1,1,1,0,1,1,1,1
30.259414187,1,1,1,1,1,1,1,1,1,0,1,0,1,1
30.259414750,1,1,1,1,1,1,1,1,1,0,1,1,1,1
30.259431187,1,1,1,1,1,1,1,1,1,0,1,0,1,1
30.259431750,1,1,1,1,1,1,1,1,1,0,1,1,1,1
30.259447938,1,1,1,1,1,1,1,1,1,0,1,0,1,1
30.259448500,1,1,1,1,1,1,1,1,1,0,1,1,1,1
30.259464750,1,1,1,1,1,1,1,1,1,0,1,0,1,1
30.259465313,1,1,1,1,1,1,1,1,1,0,1,1,1,1
30.259481562,1,1,1,1,1,1,1,1,1,0,1,0,1,1
30.259482125,1,1,1,1,1,1,1,1,1,0,1,1,1,1
30.259498375,1,1,1,1,1,1,1,1,1,0,1,0,1,1
30.259498937,1,1,1,1,1,1,1,1,1,0,1,1,1,1
30.259515187,1,1,1,1,1,1,1,1,1,0,1,0,1,1
30.259515687,1,1,1,1,1,1,1,1,1,0,1,1,1,1
30.259531938,1,1,1,1,1,1,1,1,1,0,1,0,1,1
30.259532500,1,1,1,1,1,1,1,1,1,0,1,1,1,1
30.259548750,1,1,1,1,1,1,1,1,1,0,1,0,1,1
30.259549312,1,1,1,1,1,1,1,1,1,0,1,1,1,1
30.259565563,1,1,1,1,1,1,1,1,1,0,1,0,1,1
30.259566125,1,1,1,1,1,1,1,1,1,0,1,1,1,1
30.259582375,1,1,1,1,1,1,1,1,1,0,1,0,1,1
30.259582937,1,1,1,1,1,1,1,1,1,0,1,1,1,1
30.259599750,1,1,1,1,1,1,1,1,1,0,1,0,1,1
30.259600313,1,1,1,1,1,1,1,1,1,0,1,1,1,1
30.259616750,1,1,1,1,1,1,1,1,1,0,1,0,1,1
30.259617313,1,1,1,1,1,1,1,1,1,0,1,1,1,1
30.259633562,1,1,1,1,1,1,1,1,1,0,1,0,1,1
30.259634125,1,1,1,1,1,1,1,1,1,0,1,1,1,1
30.259814125,1,1,1,1,1,1,1,1,1,0,1,0,1,1
30.259814688,1,1,1,1,1,1,1,1,1,0,1,1,1,1
30.259830937,1,1,1,1,1,1,1,1,1,0,1,0,1,1
30.259831500,1,1,1,1,1,1,1,1,1,0,1,1,1,1
30.259848313,1,1,1,1,1,1,1,1,1,0,1,0,1,1
30.259848875,1,1,1,1,1,1,1,1,1,0,1,1,1,1
30.259865313,1,1,1,1,1,1,1,1,1,0,1,0,1,1
30.259865875,1,1,1,1,1,1,1,1,1,0,1,1,1,1
30.259882313,1,1,1,1,1,1,1,1,1,0,1,0,1,1
30.259882875,1,1,1,1,1,1,1,1,1,0,1,1,1,1
30.259899125,1,1,1,1,1,1,1,1,1,0,1,0,1,1
30.259899687,1,1,1,1,1,1,1,1,1,0,1,1,1,1
30.259915938,1,1,1,1,1,1,1,1,1,0,1,0,1,1
30.259916500,1,1,1,1,1,1,1,1,1,0,1,1,1,1
30.259932688,1,1,1,1,1,1,1,1,1,0,1,0,1,1
30.259933250,1,1,1,1,1,1,1,1,1,0,1,1,1,1
30.259949500,1,1,1,1,1,1,1,1,1,0,1,0,1,1
30.259950062,1,1,1,1,1,1,1,1,1,0,1,1,1,1
30.259966688,1,1,1,1,1,1,1,1,1,0,1,0,1,1
30.259967250,1,1,1,1,1,1,1,1,1,0,1,1,1,1
30.259983688,1,1,1,1,1,1,1,1,1,0,1,0,1,1
30.259984250,1,1,1,1,1,1,1,1,1,0,1,1,1,1
30.260000500,1,1,1,1,1,1,1,1,1,0,1,0,1,1
30.260001062,1,1,1,1,1,1,1,1,1,0,1,1,1,1
30.260017313,1,1,1,1,1,1,1,1,1,0,1,0,1,1
30.260017875,1,1,1,1,1,1,1,1,1,0,1,1,1,1
30.260034937,1,1,1,1,1,1,1,1,1,0,1,0,1,1
30.260035438,1,1,1,1,1,1,1,1,1,0,1,1,1,1
30.260051875,1,1,1,1,1,1,1,1,1,0,1,0,1,1
30.260052438,1,1,1,1,1,1,1,1,1,0,1,1,1,1
30.260068687,1,1,1,1,1,1,1,1,1,0,1,0,1,1
30.260069250,1,1,1,1,1,1,1,1,1,0,1,1,1,1
30.260086125,1,1,1,1,1,1,1,1,1,0,1,0,1,1
30.260086687,1,1,1,1,1,1,1,1,1,0,1,1,1,1
30.260103125,1,1,1,1,1,1,1,1,1,0,1,0,1,1
30.260103687,1,1,1,1,1,1,1,1,1,0,1,1,1,1
30.260120312,1,1,1,1,1,1,1,1,1,0,1,0,1,1
30.260120875,1,1,1,1,1,1,1,1,1,0,1,1,1,1
30.260137125,1,1,1,1,1,1,1,1,1,0,1,0,1,1
30.260137625,1,1,1,1,1,1,1,1,1,0,1,1,1,1
30.260154312,1,1,1,1,1,1,1,1,1,0,1,0,1,1
30.260154875,1,1,1,1,1,1,1,1,1,0,1,1,1,1
30.260171500,1,1,1,1,1,1,1,1,1,0,1,0,1,1
30.260172063,1,1,1,1,1,1,1,1,1,0,1,1,1,1
30.260188312,1,1,1,1,1,1,1,1,1,0,1,0,1,1
30.260188875,1,1,1,1,1,1,1,1,1,0,1,1,1,1
30.260205500,1,1,1,1,1,1,1,1,1,0,1,0,1,1
30.260206063,1,1,1,1,1,1,1,1,1,0,1,1,1,1
30.260222688,1,1,1,1,1,1,1,1,1,0,1,0,1,1
30.260223250,1,1,1,1,1,1,1,1,1,0,1,1,1,1
30.260239688,1,1,1,1,1,1,1,1,1,0,1,0,1,1
30.260240250,1,1,1,1,1,1,1,1,1,0,1,1,1,1
30.260256500,1,1,1,1,1,1,1,1,1,0,1,0,1,1
30.260257062,1,1,1,1,1,1,1,1,1,0,1,1,1,1
30.260273875,1,1,1,1,1,1,1,1,1,0,1,0,1,1
30.260274438,1,1,1,1,1,1,1,1,1,0,1,1,1,1
30.260290875,1,1,1,1,1,1,1,1,1,0,1,0,1,1
30.260291438,1,1,1,1,1,1,1,1,1,0,1,1,1,1
30.260307875,1,1,1,1,1,1,1,1,1,0,1,0,1,1
30.260308438,1,1,1,1,1,1,1,1,1,0,1,1,1,1
30.260324687,1,1,1,1,1,1,1,1,1,0,1,0,1,1
30.260325250,1,1,1,1,1,1,1,1,1,0,1,1,1,1
30.260342063,1,1,1,1,1,1,1,1,1,0,1,0,1,1
30.260342625,1,1,1,1,1,1,1,1,1,0,1,1,1,1
30.260359063,1,1,1,1,1,1,1,1,1,0,1,0,1,1
30.260359625,1,1,1,1,1,1,1,1,1,0,1,1,1,1
30.260375875,1,1,1,1,1,1,1,1,1,0,1,0,1,1
30.260376437,1,1,1,1,1,1,1,1,1,0,1,1,1,1
30.260392688,1,1,1,1,1,1,1,1,1,0,1,0,1,1
30.260393250,1,1,1,1,1,1,1,1,1,0,1,1,1,1
30.260409500,1,1,1,1,1,1,1,1,1,0,1,0,1,1
30.260410000,1,1,1,1,1,1,1,1,1,0,1,1,1,1
30.260426250,1,1,1,1,1,1,1,1,1,0,1,0,1,1
30.260426813,1,1,1,1,1,1,1,1,1,0,1,1,1,1
30.260443062,1,1,1,1,1,1,1,1,1,0,1,0,1,1
30.260443625,1,1,1,1,1,1,1,1,1,0,1,1,1,1
30.260459875,1,1,1,1,1,1,1,1,1,0,1,0,1,1
30.260460438,1,1,1,1,1,1,1,1,1,0,1,1,1,1
30.260476687,1,1,1,1,1,1,1,1,1,0,1,0,1,1
30.260477250,1,1,1,1,1,1,1,1,1,0,1,1,1,1
30.260493437,1,1,1,1,1,1,1,1,1,0,1,0,1,1
30.260494000,1,1,1,1,1,1,1,1,1,0,1,1,1,1
30.260510250,1,1,1,1,1,1,1,1,1,0,1,0,1,1
30.260510813,1,1,1,1,1,1,1,1,1,0,1,1,1,1
30.260527688,1,1,1,1,1,1,1,1,1,0,1,0,1,1
30.260528188,1,1,1,1,1,1,1,1,1,0,1,1,1,1
30.260544688,1,1,1,1,1,1,1,1,1,0,1,0,1,1
30.260545187,1,1,1,1,1,1,1,1,1,0,1,1,1,1
30.260561438,1,1,1,1,1,1,1,1,1,0,1,0,1,1
30.260562000,1,1,1,1,1,1,1,1,1,0,1,1,1,1
30.260578250,1,1,1,1,1,1,1,1,1,0,1,0,1,1
30.260578813,1,1,1,1,1,1,1,1,1,0,1,1,1,1
30.260595062,1,1,1,1,1,1,1,1,1,0,1,0,1,1
30.260595625,1,1,1,1,1,1,1,1,1,0,1,1,1,1
30.260611875,1,1,1,1,1,1,1,1,1,0,1,0,1,1
30.260612438,1,1,1,1,1,1,1,1,1,0,1,1,1,1
30.260628625,1,1,1,1,1,1,1,1,1,0,1,0,1,1
30.260629188,1,1,1,1,1,1,1,1,1,0,1,1,1,1
30.260645437,1,1,1,1,1,1,1,1,1,0,1,0,1,1
30.260646000,1,1,1,1,1,1,1,1,1,0,1,1,1,1
30.260662250,1,1,1,1,1,1,1,1,1,0,1,0,1,1
30.260662813,1,1,1,1,1,1,1,1,1,0,1,1,1,1
30.260679062,1,1,1,1,1,1,1,1,1,0,1,0,1,1
30.260679625,1,1,1,1,1,1,1,1,1,0,1,1,1,1
30.260695812,1,1,1,1,1,1,1,1,1,0,1,0,1,1
30.260696375,1,1,1,1,1,1,1,1,1,0,1,1,1,1
30.260713250,1,1,1,1,1,1,1,1,1,0,1,0,1,1
30.260713813,1,1,1,1,1,1,1,1,1,0,1,1,1,1
30.260730250,1,1,1,1,1,1,1,1,1,0,1,0,1,1
30.260730813,1,1,1,1,1,1,1,1,1,0,1,1,1,1
30.260747062,1,1,1,1,1,1,1,1,1,0,1,0,1,1
30.260747563,1,1,1,1,1,1,1,1,1,0,1,1,1,1
30.260763812,1,1,1,1,1,1,1,1,1,0,1,0,1,1
30.260764375,1,1,1,1,1,1,1,1,1,0,1,1,1,1
30.260780625,1,1,1,1,1,1,1,1,1,0,1,0,1,1
30.260781188,1,1,1,1,1,1,1,1,1,0,1,1,1,1
30.260797437,1,1,1,1,1,1,1,1,1,0,1,0,1,1
30.260798000,1,1,1,1,1,1,1,1,1,0,1,1,1,1
30.260814250,1,1,1,1,1,1,1,1,1,0,1,0,1,1
30.260814813,1,1,1,1,1,1,1,1,1,0,1,1,1,1
30.260831000,1,1,1,1,1,1,1,1,1,0,1,0,1,1
30.260831563,1,1,1,1,1,1,1,1,1,0,1,1,1,1
30.260847812,1,1,1,1,1,1,1,1,1,0,1,0,1,1
30.260848375,1,1,1,1,1,1,1,1,1,0,1,1,1,1
30.260864625,1,1,1,1,1,1,1,1,1,0,1,0,1,1
30.260865187,1,1,1,1,1,1,1,1,1,0,1,1,1,1
30.260881438,1,1,1,1,1,1,1,1,1,0,1,0,1,1
30.260882000,1,1,1,1,1,1,1,1,1,0,1,1,1,1
30.260898812,1,1,1,1,1,1,1,1,1,0,1,0,1,1
30.260899375,1,1,1,1,1,1,1,1,1,0,1,1,1,1
30.260915812,1,1,1,1,1,1,1,1,1,0,1,0,1,1
30.260916375,1,1,1,1,1,1,1,1,1,0,1,1,1,1
30.260932625,1,1,1,1,1,1,1,1,1,0,1,0,1,1
30.260933188,1,1,1,1,1,1,1,1,1,0,1,1,1,1
30.260949437,1,1,1,1,1,1,1,1,1,0,1,0,1,1
30.260950000,1,1,1,1,1,1,1,1,1,0,1,1,1,1
30.260966187,1,1,1,1,1,1,1,1,1,0,1,0,1,1
30.260966750,1,1,1,1,1,1,1,1,1,0,1,1,1,1
30.260983000,1,1,1,1,1,1,1,1,1,0,1,0,1,1
30.260983563,1,1,1,1,1,1,1,1,1,0,1,1,1,1
30.260999812,1,1,1,1,1,1,1,1,1,0,1,0,1,1
30.261000375,1,1,1,1,1,1,1,1,1,0,1,1,1,1
30.261016625,1,1,1,1,1,1,1,1,1,0,1,0,1,1
30.261017187,1,1,1,1,1,1,1,1,1,0,1,1,1,1
30.261033438,1,1,1,1,1,1,1,1,1,0,1,0,1,1
30.261033937,1,1,1,1,1,1,1,1,1,0,1,1,1,1
30.261050188,1,1,1,1,1,1,1,1,1,0,1,0,1,1
30.261050750,1,1,1,1,1,1,1,1,1,0,1,1,1,1
30.261067000,1,1,1,1,1,1,1,1,1,0,1,0,1,1
30.261067562,1,1,1,1,1,1,1,1,1,0,1,1,1,1
30.261084375,1,1,1,1,1,1,1,1,1,0,1,0,1,1
30.261084938,1,1,1,1,1,1,1,1,1,0,1,1,1,1
30.261101375,1,1,1,1,1,1,1,1,1,0,1,0,1,1
30.261101938,1,1,1,1,1,1,1,1,1,0,1,1,1,1
30.261118187,1,1,1,1,1,1,1,1,1,0,1,0,1,1
30.261118750,1,1,1,1,1,1,1,1,1,0,1,1,1,1
30.261135000,1,1,1,1,1,1,1,1,1,0,1,0,1,1
30.261135563,1,1,1,1,1,1,1,1,1,0,1,1,1,1
30.261151812,1,1,1,1,1,1,1,1,1,0,1,0,1,1
30.261152375,1,1,1,1,1,1,1,1,1,0,1,1,1,1
30.261168625,1,1,1,1,1,1,1,1,1,0,1,0,1,1
30.261169125,1,1,1,1,1,1,1,1,1,0,1,1,1,1
30.261185375,1,1,1,1,1,1,1,1,1,0,1,0,1,1
30.261185937,1,1,1,1,1,1,1,1,1,0,1,1,1,1
30.261202188,1,1,1,1,1,1,1,1,1,0,1,0,1,1
30.261202750,1,1,1,1,1,1,1,1,1,0,1,1,1,1
30.261219000,1,1,1,1,1,1,1,1,1,0,1,0,1,1
30.261219562,1,1,1,1,1,1,1,1,1,0,1,1,1,1
30.261235813,1,1,1,1,1,1,1,1,1,0,1,0,1,1
30.261236375,1,1,1,1,1,1,1,1,1,0,1,1,1,1
30.261252563,1,1,1,1,1,1,1,1,1,0,1,0,1,1
30.261253125,1,1,1,1,1,1,1,1,1,0,1,1,1,1
30.261270000,1,1,1,1,1,1,1,1,1,0,1,0,1,1
30.261270562,1,1,1,1,1,1,1,1,1,0,1,1,1,1
30.261287000,1,1,1,1,1,1,1,1,1,0,1,0,1,1
30.261287563,1,1,1,1,1,1,1,1,1,0,1,1,1,1
30.261303812,1,1,1,1,1,1,1,1,1,0,1,0,1,1
30.261304312,1,1,1,1,1,1,1,1,1,0,1,1,1,1
30.261320562,1,1,1,1,1,1,1,1,1,0,1,0,1,1
30.261321125,1,1,1,1,1,1,1,1,1,0,1,1,1,1
30.261337375,1,1,1,1,1,1,1,1,1,0,1,0,1,1
30.261337937,1,1,1,1,1,1,1,1,1,0,1,1,1,1
30.261354188,1,1,1,1,1,1,1,1,1,0,1,0,1,1
30.261354750,1,1,1,1,1,1,1,1,1,0,1,1,1,1
30.261371000,1,1,1,1,1,1,1,1,1,0,1,0,1,1
30.261371562,1,1,1,1,1,1,1,1,1,0,1,1,1,1
30.261387750,1,1,1,1,1,1,1,1,1,0,1,0,1,1
30.261388312,1,1,1,1,1,1,1,1,1,0,1,1,1,1
30.261404563,1,1,1,1,1,1,1,1,1,0,1,0,1,1
30.261405125,1,1,1,1,1,1,1,1,1,0,1,1,1,1
30.261421375,1,1,1,1,1,1,1,1,1,0,1,0,1,1
30.261421937,1,1,1,1,1,1,1,1,1,0,1,1,1,1
30.261438188,1,1,1,1,1,1,1,1,1,0,1,0,1,1
30.261438750,1,1,1,1,1,1,1,1,1,0,1,1,1,1
30.261455563,1,1,1,1,1,1,1,1,1,0,1,0,1,1
30.261456125,1,1,1,1,1,1,1,1,1,0,1,1,1,1
30.261472562,1,1,1,1,1,1,1,1,1,0,1,0,1,1
30.261473125,1,1,1,1,1,1,1,1,1,0,1,1,1,1
30.261489375,1,1,1,1,1,1,1,1,1,0,1,0,1,1
30.261489937,1,1,1,1,1,1,1,1,1,0,1,1,1,1
30.261506188,1,1,1,1,1,1,1,1,1,0,1,0,1,1
30.261506687,1,1,1,1,1,1,1,1,1,0,1,1,1,1
30.261522938,1,1,1,1,1,1,1,1,1,0,1,0,1,1
30.261523500,1,1,1,1,1,1,1,1,1,0,1,1,1,1
30.261539750,1,1,1,1,1,1,1,1,1,0,1,0,1,1
30.261540312,1,1,1,1,1,1,1,1,1,0,1,1,1,1
30.261556563,1,1,1,1,1,1,1,1,1,0,1,0,1,1
30.261557125,1,1,1,1,1,1,1,1,1,0,1,1,1,1
30.261573375,1,1,1,1,1,1,1,1,1,0,1,0,1,1
30.261573937,1,1,1,1,1,1,1,1,1,0,1,1,1,1
30.261590125,1,1,1,1,1,1,1,1,1,0,1,0,1,1
30.261590688,1,1,1,1,1,1,1,1,1,0,1,1,1,1
30.261606938,1,1,1,1,1,1,1,1,1,0,1,0,1,1
30.261607500,1,1,1,1,1,1,1,1,1,0,1,1,1,1
30.261623750,1,1,1,1,1,1,1,1,1,0,1,0,1,1
30.261624313,1,1,1,1,1,1,1,1,1,0,1,1,1,1
30.261641125,1,1,1,1,1,1,1,1,1,0,1,0,1,1
30.261641687,1,1,1,1,1,1,1,1,1,0,1,1,1,1
30.261658125,1,1,1,1,1,1,1,1,1,0,1,0,1,1
30.261658687,1,1,1,1,1,1,1,1,1,0,1,1,1,1
30.261674938,1,1,1,1,1,1,1,1,1,0,1,0,1,1
30.261675500,1,1,1,1,1,1,1,1,1,0,1,1,1,1
30.261691750,1,1,1,1,1,1,1,1,1,0,1,0,1,1
30.261692312,1,1,1,1,1,1,1,1,1,0,1,1,1,1
30.261708563,1,1,1,1,1,1,1,1,1,0,1,0,1,1
30.261709125,1,1,1,1,1,1,1,1,1,0,1,1,1,1
30.261725313,1,1,1,1,1,1,1,1,1,0,1,0,1,1
30.261725875,1,1,1,1,1,1,1,1,1,0,1,1,1,1
30.261742125,1,1,1,1,1,1,1,1,1,0,1,0,1,1
30.261742687,1,1,1,1,1,1,1,1,1,0,1,1,1,1
30.261758938,1,1,1,1,1,1,1,1,1,0,1,0,1,1
30.261759500,1,1,1,1,1,1,1,1,1,0,1,1,1,1
30.261775750,1,1,1,1,1,1,1,1,1,0,1,0,1,1
30.261776313,1,1,1,1,1,1,1,1,1,0,1,1,1,1
30.261792562,1,1,1,1,1,1,1,1,1,0,1,0,1,1
30.261793063,1,1,1,1,1,1,1,1,1,0,1,1,1,1
30.261809312,1,1,1,1,1,1,1,1,1,0,1,0,1,1
30.261809875,1,1,1,1,1,1,1,1,1,0,1,1,1,1
30.261826750,1,1,1,1,1,1,1,1,1,0,1,0,1,1
30.261827312,1,1,1,1,1,1,1,1,1,0,1,1,1,1
30.261843750,1,1,1,1,1,1,1,1,1,0,1,0,1,1
30.261844312,1,1,1,1,1,1,1,1,1,0,1,1,1,1
30.261860500,1,1,1,1,1,1,1,1,1,0,1,0,1,1
30.261861062,1,1,1,1,1,1,1,1,1,0,1,1,1,1
30.261877313,1,1,1,1,1,1,1,1,1,0,1,0,1,1
30.261877875,1,1,1,1,1,1,1,1,1,0,1,1,1,1
30.261894125,1,1,1,1,1,1,1,1,1,0,1,0,1,1
30.261894687,1,1,1,1,1,1,1,1,1,0,1,1,1,1
30.261910938,1,1,1,1,1,1,1,1,1,0,1,0,1,1
30.261911500,1,1,1,1,1,1,1,1,1,0,1,1,1,1
30.261927750,1,1,1,1,1,1,1,1,1,0,1,0,1,1
30.261928250,1,1,1,1,1,1,1,1,1,0,1,1,1,1
30.261944500,1,1,1,1,1,1,1,1,1,0,1,0,1,1
30.261945063,1,1,1,1,1,1,1,1,1,0,1,1,1,1
30.261961312,1,1,1,1,1,1,1,1,1,0,1,0,1,1
30.261961875,1,1,1,1,1,1,1,1,1,0,1,1,1,1
30.261978125,1,1,1,1,1,1,1,1,1,0,1,0,1,1
30.261978688,1,1,1,1,1,1,1,1,1,0,1,1,1,1
30.261994937,1,1,1,1,1,1,1,1,1,0,1,0,1,1
30.261995500,1,1,1,1,1,1,1,1,1,0,1,1,1,1
30.262012313,1,1,1,1,1,1,1,1,1,0,1,0,1,1
30.262012875,1,1,1,1,1,1,1,1,1,0,1,1,1,1
30.262029313,1,1,1,1,1,1,1,1,1,0,1,0,1,1
30.262029875,1,1,1,1,1,1,1,1,1,0,1,1,1,1
30.262046125,1,1,1,1,1,1,1,1,1,0,1,0,1,1
30.262046687,1,1,1,1,1,1,1,1,1,0,1,1,1,1
30.262062938,1,1,1,1,1,1,1,1,1,0,1,0,1,1
30.262063438,1,1,1,1,1,1,1,1,1,0,1,1,1,1
30.262079688,1,1,1,1,1,1,1,1,1,0,1,0,1,1
30.262080250,1,1,1,1,1,1,1,1,1,0,1,1,1,1
30.262096500,1,1,1,1,1,1,1,1,1,0,1,0,1,1
30.262097063,1,1,1,1,1,1,1,1,1,0,1,1,1,1
30.262113312,1,1,1,1,1,1,1,1,1,0,1,0,1,1
30.262113875,1,1,1,1,1,1,1,1,1,0,1,1,1,1
30.262130125,1,1,1,1,1,1,1,1,1,0,1,0,1,1
30.262130688,1,1,1,1,1,1,1,1,1,0,1,1,1,1
30.262146875,1,1,1,1,1,1,1,1,1,0,1,0,1,1
30.262147438,1,1,1,1,1,1,1,1,1,0,1,1,1,1
30.262163687,1,1,1,1,1,1,1,1,1,0,1,0,1,1
30.262164250,1,1,1,1,1,1,1,1,1,0,1,1,1,1
30.262180500,1,1,1,1,1,1,1,1,1,0,1,0,1,1
30.262181062,1,1,1,1,1,1,1,1,1,0,1,1,1,1
30.262197875,1,1,1,1,1,1,1,1,1,0,1,0,1,1
30.262198438,1,1,1,1,1,1,1,1,1,0,1,1,1,1
30.262214875,1,1,1,1,1,1,1,1,1,0,1,0,1,1
30.262215438,1,1,1,1,1,1,1,1,1,0,1,1,1,1
30.262231688,1,1,1,1,1,1,1,1,1,0,1,0,1,1
30.262232250,1,1,1,1,1,1,1,1,1,0,1,1,1,1
30.262248500,1,1,1,1,1,1,1,1,1,0,1,0,1,1
30.262249063,1,1,1,1,1,1,1,1,1,0,1,1,1,1
30.262265312,1,1,1,1,1,1,1,1,1,0,1,0,1,1
30.262265813,1,1,1,1,1,1,1,1,1,0,1,1,1,1
30.262282062,1,1,1,1,1,1,1,1,1,0,1,0,1,1
30.262282625,1,1,1,1,1,1,1,1,1,0,1,1,1,1
30.262298875,1,1,1,1,1,1,1,1,1,0,1,0,1,1
30.262299438,1,1,1,1,1,1,1,1,1,0,1,1,1,1
30.262315687,1,1,1,1,1,1,1,1,1,0,1,0,1,1
30.262316250,1,1,1,1,1,1,1,1,1,0,1,1,1,1
30.262332500,1,1,1,1,1,1,1,1,1,0,1,0,1,1
30.262333000,1,1,1,1,1,1,1,1,1,0,1,1,1,1
30.262349250,1,1,1,1,1,1,1,1,1,0,1,0,1,1
30.262349812,1,1,1,1,1,1,1,1,1,0,1,1,1,1
30.262366062,1,1,1,1,1,1,1,1,1,0,1,0,1,1
30.262366625,1,1,1,1,1,1,1,1,1,0,1,1,1,1
30.262383500,1,1,1,1,1,1,1,1,1,0,1,0,1,1
30.262384063,1,1,1,1,1,1,1,1,1,0,1,1,1,1
30.262400500,1,1,1,1,1,1,1,1,1,0,1,0,1,1
30.262401000,1,1,1,1,1,1,1,1,1,0,1,1,1,1
30.262417250,1,1,1,1,1,1,1,1,1,0,1,0,1,1
30.262417813,1,1,1,1,1,1,1,1,1,0,1,1,1,1
30.262434062,1,1,1,1,1,1,1,1,1,0,1,0,1,1
30.262434625,1,1,1,1,1,1,1,1,1,0,1,1,1,1
30.262450875,1,1,1,1,1,1,1,1,1,0,1,0,1,1
30.262451438,1,1,1,1,1,1,1,1,1,0,1,1,1,1
30.262467687,1,1,1,1,1,1,1,1,1,0,1,0,1,1
30.262468250,1,1,1,1,1,1,1,1,1,0,1,1,1,1
30.262484437,1,1,1,1,1,1,1,1,1,0,1,0,1,1
30.262485000,1,1,1,1,1,1,1,1,1,0,1,1,1,1
30.262501250,1,1,1,1,1,1,1,1,1,0,1,0,1,1
30.262501812,1,1,1,1,1,1,1,1,1,0,1,1,1,1
30.262518062,1,1,1,1,1,1,1,1,1,0,1,0,1,1
30.262518625,1,1,1,1,1,1,1,1,1,0,1,1,1,1
30.262534875,1,1,1,1,1,1,1,1,1,0,1,0,1,1
30.262535437,1,1,1,1,1,1,1,1,1,0,1,1,1,1
30.262551688,1,1,1,1,1,1,1,1,1,0,1,0,1,1
30.262552187,1,1,1,1,1,1,1,1,1,0,1,1,1,1
30.262569062,1,1,1,1,1,1,1,1,1,0,1,0,1,1
30.262569625,1,1,1,1,1,1,1,1,1,0,1,1,1,1
30.262586062,1,1,1,1,1,1,1,1,1,0,1,0,1,1
30.262586625,1,1,1,1,1,1,1,1,1,0,1,1,1,1
30.262602875,1,1,1,1,1,1,1,1,1,0,1,0,1,1
30.262603438,1,1,1,1,1,1,1,1,1,0,1,1,1,1
30.262619625,1,1,1,1,1,1,1,1,1,0,1,0,1,1
30.262620188,1,1,1,1,1,1,1,1,1,0,1,1,1,1
30.262636437,1,1,1,1,1,1,1,1,1,0,1,0,1,1
30.262637000,1,1,1,1,1,1,1,1,1,0,1,1,1,1
30.262653250,1,1,1,1,1,1,1,1,1,0,1,0,1,1
30.262653813,1,1,1,1,1,1,1,1,1,0,1,1,1,1
30.262670062,1,1,1,1,1,1,1,1,1,0,1,0,1,1
30.262670625,1,1,1,1,1,1,1,1,1,0,1,1,1,1
30.262686875,1,1,1,1,1,1,1,1,1,0,1,0,1,1
30.262687437,1,1,1,1,1,1,1,1,1,0,1,1,1,1
30.262703625,1,1,1,1,1,1,1,1,1,0,1,0,1,1
30.262704187,1,1,1,1,1,1,1,1,1,0,1,1,1,1
30.262720438,1,1,1,1,1,1,1,1,1,0,1,0,1,1
30.262721000,1,1,1,1,1,1,1,1,1,0,1,1,1,1
30.262737250,1,1,1,1,1,1,1,1,1,0,1,0,1,1
30.262737812,1,1,1,1,1,1,1,1,1,0,1,1,1,1
30.262754625,1,1,1,1,1,1,1,1,1,0,1,0,1,1
30.262755188,1,1,1,1,1,1,1,1,1,0,1,1,1,1
30.262771625,1,1,1,1,1,1,1,1,1,0,1,0,1,1
30.262772188,1,1,1,1,1,1,1,1,1,0,1,1,1,1
30.262788437,1,1,1,1,1,1,1,1,1,0,1,0,1,1
30.262789000,1,1,1,1,1,1,1,1,1,0,1,1,1,1
30.262805250,1,1,1,1,1,1,1,1,1,0,1,0,1,1
30.262805813,1,1,1,1,1,1,1,1,1,0,1,1,1,1
30.262822062,1,1,1,1,1,1,1,1,1,0,1,0,1,1
30.262822562,1,1,1,1,1,1,1,1,1,0,1,1,1,1
30.262838813,1,1,1,1,1,1,1,1,1,0,1,0,1,1
30.262839375,1,1,1,1,1,1,1,1,1,0,1,1,1,1
30.262855625,1,1,1,1,1,1,1,1,1,0,1,0,1,1
30.262856187,1,1,1,1,1,1,1,1,1,0,1,1,1,1
30.262872438,1,1,1,1,1,1,1,1,1,0,1,0,1,1
30.262873000,1,1,1,1,1,1,1,1,1,0,1,1,1,1
30.262889250,1,1,1,1,1,1,1,1,1,0,1,0,1,1
30.262889750,1,1,1,1,1,1,1,1,1,0,1,1,1,1
30.262906000,1,1,1,1,1,1,1,1,1,0,1,0,1,1
30.262906562,1,1,1,1,1,1,1,1,1,0,1,1,1,1
30.262922813,1,1,1,1,1,1,1,1,1,0,1,0,1,1
30.262923375,1,1,1,1,1,1,1,1,1,0,1,1,1,1
30.262940250,1,1,1,1,1,1,1,1,1,0,1,0,1,1
30.262940750,1,1,1,1,1,1,1,1,1,0,1,1,1,1
30.262957187,1,1,1,1,1,1,1,1,1,0,1,0,1,1
30.262957750,1,1,1,1,1,1,1,1,1,0,1,1,1,1
30.262974000,1,1,1,1,1,1,1,1,1,0,1,0,1,1
30.262974562,1,1,1,1,1,1,1,1,1,0,1,1,1,1
30.262990813,1,1,1,1,1,1,1,1,1,0,1,0,1,1
30.262991375,1,1,1,1,1,1,1,1,1,0,1,1,1,1
30.263007625,1,1,1,1,1,1,1,1,1,0,1,0,1,1
30.263008187,1,1,1,1,1,1,1,1,1,0,1,1,1,1
30.263024438,1,1,1,1,1,1,1,1,1,0,1,0,1,1
30.263025000,1,1,1,1,1,1,1,1,1,0,1,1,1,1
30.263041188,1,1,1,1,1,1,1,1,1,0,1,0,1,1
30.263041750,1,1,1,1,1,1,1,1,1,0,1,1,1,1
30.263058000,1,1,1,1,1,1,1,1,1,0,1,0,1,1
30.263058562,1,1,1,1,1,1,1,1,1,0,1,1,1,1
30.263074813,1,1,1,1,1,1,1,1,1,0,1,0,1,1
30.263075375,1,1,1,1,1,1,1,1,1,0,1,1,1,1
30.263091625,1,1,1,1,1,1,1,1,1,0,1,0,1,1
30.263092187,1,1,1,1,1,1,1,1,1,0,1,1,1,1
30.263108375,1,1,1,1,1,1,1,1,1,0,1,0,1,1
30.263108938,1,1,1,1,1,1,1,1,1,0,1,1,1,1
30.263125813,1,1,1,1,1,1,1,1,1,0,1,0,1,1
30.263126375,1,1,1,1,1,1,1,1,1,0,1,1,1,1
30.263142812,1,1,1,1,1,1,1,1,1,0,1,0,1,1
30.263143375,1,1,1,1,1,1,1,1,1,0,1,1,1,1
30.263159625,1,1,1,1,1,1,1,1,1,0,1,0,1,1
30.263160125,1,1,1,1,1,1,1,1,1,0,1,1,1,1
30.263176375,1,1,1,1,1,1,1,1,1,0,1,0,1,1
30.263176937,1,1,1,1,1,1,1,1,1,0,1,1,1,1
30.263193188,1,1,1,1,1,1,1,1,1,0,1,0,1,1
30.263193750,1,1,1,1,1,1,1,1,1,0,1,1,1,1
30.263210000,1,1,1,1,1,1,1,1,1,0,1,0,1,1
30.263210562,1,1,1,1,1,1,1,1,1,0,1,1,1,1
30.263226813,1,1,1,1,1,1,1,1,1,0,1,0,1,1
30.263227312,1,1,1,1,1,1,1,1,1,0,1,1,1,1
30.263243563,1,1,1,1,1,1,1,1,1,0,1,0,1,1
30.263244187,1,1,1,1,1,1,1,1,1,0,1,1,1,1
30.263260375,1,1,1,1,1,1,1,1,1,0,1,0,1,1
30.263260938,1,1,1,1,1,1,1,1,1,0,1,1,1,1
30.263277188,1,1,1,1,1,1,1,1,1,0,1,0,1,1
30.263277750,1,1,1,1,1,1,1,1,1,0,1,1,1,1
30.263294000,1,1,1,1,1,1,1,1,1,0,1,0,1,1
30.263294563,1,1,1,1,1,1,1,1,1,0,1,1,1,1
30.263311375,1,1,1,1,1,1,1,1,1,0,1,0,1,1
30.263311937,1,1,1,1,1,1,1,1,1,0,1,1,1,1
30.263328375,1,1,1,1,1,1,1,1,1,0,1,0,1,1
30.263328937,1,1,1,1,1,1,1,1,1,0,1,1,1,1
30.263345188,1,1,1,1,1,1,1,1,1,0,1,0,1,1
30.263345750,1,1,1,1,1,1,1,1,1,0,1,1,1,1
30.263362000,1,1,1,1,1,1,1,1,1,0,1,0,1,1
30.263362562,1,1,1,1,1,1,1,1,1,0,1,1,1,1
30.263378750,1,1,1,1,1,1,1,1,1,0,1,0,1,1
30.263379312,1,1,1,1,1,1,1,1,1,0,1,1,1,1
30.263395563,1,1,1,1,1,1,1,1,1,0,1,0,1,1
30.263396125,1,1,1,1,1,1,1,1,1,0,1,1,1,1
30.263412375,1,1,1,1,1,1,1,1,1,0,1,0,1,1
30.263412938,1,1,1,1,1,1,1,1,1,0,1,1,1,1
30.263429188,1,1,1,1,1,1,1,1,1,0,1,0,1,1
30.263429750,1,1,1,1,1,1,1,1,1,0,1,1,1,1
30.263446000,1,1,1,1,1,1,1,1,1,0,1,0,1,1
30.263446500,1,1,1,1,1,1,1,1,1,0,1,1,1,1
30.263462750,1,1,1,1,1,1,1,1,1,0,1,0,1,1
30.263463313,1,1,1,1,1,1,1,1,1,0,1,1,1,1
30.263479563,1,1,1,1,1,1,1,1,1,0,1,0,1,1
30.263480125,1,1,1,1,1,1,1,1,1,0,1,1,1,1
30.263496938,1,1,1,1,1,1,1,1,1,0,1,0,1,1
30.263497500,1,1,1,1,1,1,1,1,1,0,1,1,1,1
30.263513938,1,1,1,1,1,1,1,1,1,0,1,0,1,1
30.263514500,1,1,1,1,1,1,1,1,1,0,1,1,1,1
30.263530750,1,1,1,1,1,1,1,1,1,0,1,0,1,1
30.263531312,1,1,1,1,1,1,1,1,1,0,1,1,1,1
30.263547563,1,1,1,1,1,1,1,1,1,0,1,0,1,1
30.263548125,1,1,1,1,1,1,1,1,1,0,1,1,1,1
30.263564375,1,1,1,1,1,1,1,1,1,0,1,0,1,1
30.263564937,1,1,1,1,1,1,1,1,1,0,1,1,1,1
30.263581188,1,1,1,1,1,1,1,1,1,0,1,0,1,1
30.263581688,1,1,1,1,1,1,1,1,1,0,1,1,1,1
30.263597937,1,1,1,1,1,1,1,1,1,0,1,0,1,1
30.263598500,1,1,1,1,1,1,1,1,1,0,1,1,1,1
30.263614750,1,1,1,1,1,1,1,1,1,0,1,0,1,1
30.263615313,1,1,1,1,1,1,1,1,1,0,1,1,1,1
30.263631562,1,1,1,1,1,1,1,1,1,0,1,0,1,1
30.263632125,1,1,1,1,1,1,1,1,1,0,1,1,1,1
30.263648375,1,1,1,1,1,1,1,1,1,0,1,0,1,1
30.263648875,1,1,1,1,1,1,1,1,1,0,1,1,1,1
30.263665125,1,1,1,1,1,1,1,1,1,0,1,0,1,1
30.263665688,1,1,1,1,1,1,1,1,1,0,1,1,1,1
30.263682563,1,1,1,1,1,1,1,1,1,0,1,0,1,1
30.263683125,1,1,1,1,1,1,1,1,1,0,1,1,1,1
30.263699563,1,1,1,1,1,1,1,1,1,0,1,0,1,1
30.263700187,1,1,1,1,1,1,1,1,1,0,1,1,1,1
30.263716375,1,1,1,1,1,1,1,1,1,0,1,0,1,1
30.263716875,1,1,1,1,1,1,1,1,1,0,1,1,1,1
30.263733125,1,1,1,1,1,1,1,1,1,0,1,0,1,1
30.263733688,1,1,1,1,1,1,1,1,1,0,1,1,1,1
30.263749937,1,1,1,1,1,1,1,1,1,0,1,0,1,1
30.263750500,1,1,1,1,1,1,1,1,1,0,1,1,1,1
30.263766750,1,1,1,1,1,1,1,1,1,0,1,0,1,1
30.263767313,1,1,1,1,1,1,1,1,1,0,1,1,1,1
30.263783562,1,1,1,1,1,1,1,1,1,0,1,0,1,1
30.263784063,1,1,1,1,1,1,1,1,1,0,1,1,1,1
30.263800312,1,1,1,1,1,1,1,1,1,0,1,0,1,1
30.263800875,1,1,1,1,1,1,1,1,1,0,1,1,1,1
30.263817125,1,1,1,1,1,1,1,1,1,0,1,0,1,1
30.263817688,1,1,1,1,1,1,1,1,1,0,1,1,1,1
30.263833937,1,1,1,1,1,1,1,1,1,0,1,0,1,1
30.263834500,1,1,1,1,1,1,1,1,1,0,1,1,1,1
30.263850750,1,1,1,1,1,1,1,1,1,0,1,0,1,1
30.263851313,1,1,1,1,1,1,1,1,1,0,1,1,1,1
30.263868125,1,1,1,1,1,1,1,1,1,0,1,0,1,1
30.263868688,1,1,1,1,1,1,1,1,1,0,1,1,1,1
30.263885125,1,1,1,1,1,1,1,1,1,0,1,0,1,1
30.263885688,1,1,1,1,1,1,1,1,1,0,1,1,1,1
30.263901937,1,1,1,1,1,1,1,1,1,0,1,0,1,1
30.263902500,1,1,1,1,1,1,1,1,1,0,1,1,1,1
30.263918750,1,1,1,1,1,1,1,1,1,0,1,0,1,1
30.263919250,1,1,1,1,1,1,1,1,1,0,1,1,1,1
30.263935500,1,1,1,1,1,1,1,1,1,0,1,0,1,1
30.263936063,1,1,1,1,1,1,1,1,1,0,1,1,1,1
30.263952312,1,1,1,1,1,1,1,1,1,0,1,0,1,1
30.263952875,1,1,1,1,1,1,1,1,1,0,1,1,1,1
30.263969125,1,1,1,1,1,1,1,1,1,0,1,0,1,1
30.263969688,1,1,1,1,1,1,1,1,1,0,1,1,1,1
30.263985937,1,1,1,1,1,1,1,1,1,0,1,0,1,1
30.263986500,1,1,1,1,1,1,1,1,1,0,1,1,1,1
30.264002687,1,1,1,1,1,1,1,1,1,0,1,0,1,1
30.264003250,1,1,1,1,1,1,1,1,1,0,1,1,1,1
30.264019500,1,1,1,1,1,1,1,1,1,0,1,0,1,1
30.264020062,1,1,1,1,1,1,1,1,1,0,1,1,1,1
30.264036313,1,1,1,1,1,1,1,1,1,0,1,0,1,1
30.264036875,1,1,1,1,1,1,1,1,1,0,1,1,1,1
30.264053687,1,1,1,1,1,1,1,1,1,0,1,0,1,1
30.264054250,1,1,1,1,1,1,1,1,1,0,1,1,1,1
30.264070687,1,1,1,1,1,1,1,1,1,0,1,0,1,1
30.264071250,1,1,1,1,1,1,1,1,1,0,1,1,1,1
30.264087500,1,1,1,1,1,1,1,1,1,0,1,0,1,1
30.264088063,1,1,1,1,1,1,1,1,1,0,1,1,1,1
30.264104312,1,1,1,1,1,1,1,1,1,0,1,0,1,1
30.264104875,1,1,1,1,1,1,1,1,1,0,1,1,1,1
30.264121125,1,1,1,1,1,1,1,1,1,0,1,0,1,1
30.264121688,1,1,1,1,1,1,1,1,1,0,1,1,1,1
30.264137875,1,1,1,1,1,1,1,1,1,0,1,0,1,1
30.264138438,1,1,1,1,1,1,1,1,1,0,1,1,1,1
30.264154687,1,1,1,1,1,1,1,1,1,0,1,0,1,1
30.264155250,1,1,1,1,1,1,1,1,1,0,1,1,1,1
30.264171500,1,1,1,1,1,1,1,1,1,0,1,0,1,1
30.264172062,1,1,1,1,1,1,1,1,1,0,1,1,1,1
30.264188312,1,1,1,1,1,1,1,1,1,0,1,0,1,1
30.264188875,1,1,1,1,1,1,1,1,1,0,1,1,1,1
30.264205125,1,1,1,1,1,1,1,1,1,0,1,0,1,1
30.264205625,1,1,1,1,1,1,1,1,1,0,1,1,1,1
30.264221875,1,1,1,1,1,1,1,1,1,0,1,0,1,1
30.264222437,1,1,1,1,1,1,1,1,1,0,1,1,1,1
30.264239312,1,1,1,1,1,1,1,1,1,0,1,0,1,1
30.264239875,1,1,1,1,1,1,1,1,1,0,1,1,1,1
30.264256312,1,1,1,1,1,1,1,1,1,0,1,0,1,1
30.264256875,1,1,1,1,1,1,1,1,1,0,1,1,1,1
30.264273062,1,1,1,1,1,1,1,1,1,0,1,0,1,1
30.264273625,1,1,1,1,1,1,1,1,1,0,1,1,1,1
30.264289875,1,1,1,1,1,1,1,1,1,0,1,0,1,1
30.264290438,1,1,1,1,1,1,1,1,1,0,1,1,1,1
30.264306687,1,1,1,1,1,1,1,1,1,0,1,0,1,1
30.264307250,1,1,1,1,1,1,1,1,1,0,1,1,1,1
30.264323500,1,1,1,1,1,1,1,1,1,0,1,0,1,1
30.264324062,1,1,1,1,1,1,1,1,1,0,1,1,1,1
30.264340250,1,1,1,1,1,1,1,1,1,0,1,0,1,1
30.264340812,1,1,1,1,1,1,1,1,1,0,1,1,1,1
30.264357063,1,1,1,1,1,1,1,1,1,0,1,0,1,1
30.264357625,1,1,1,1,1,1,1,1,1,0,1,1,1,1
30.264373875,1,1,1,1,1,1,1,1,1,0,1,0,1,1
30.264374437,1,1,1,1,1,1,1,1,1,0,1,1,1,1
30.264390688,1,1,1,1,1,1,1,1,1,0,1,0,1,1
30.264391250,1,1,1,1,1,1,1,1,1,0,1,1,1,1
30.264407500,1,1,1,1,1,1,1,1,1,0,1,0,1,1
30.264408000,1,1,1,1,1,1,1,1,1,0,1,1,1,1
30.264424875,1,1,1,1,1,1,1,1,1,0,1,0,1,1
30.264425438,1,1,1,1,1,1,1,1,1,0,1,1,1,1
30.264441875,1,1,1,1,1,1,1,1,1,0,1,0,1,1
30.264442438,1,1,1,1,1,1,1,1,1,0,1,1,1,1
30.264458687,1,1,1,1,1,1,1,1,1,0,1,0,1,1
30.264459250,1,1,1,1,1,1,1,1,1,0,1,1,1,1
30.264475437,1,1,1,1,1,1,1,1,1,0,1,0,1,1
30.264476000,1,1,1,1,1,1,1,1,1,0,1,1,1,1
30.264492250,1,1,1,1,1,1,1,1,1,0,1,0,1,1
30.264492812,1,1,1,1,1,1,1,1,1,0,1,1,1,1
30.264509063,1,1,1,1,1,1,1,1,1,0,1,0,1,1
30.264509625,1,1,1,1,1,1,1,1,1,0,1,1,1,1
30.264525875,1,1,1,1,1,1,1,1,1,0,1,0,1,1
30.264526437,1,1,1,1,1,1,1,1,1,0,1,1,1,1
30.264542688,1,1,1,1,1,1,1,1,1,0,1,0,1,1
30.264543250,1,1,1,1,1,1,1,1,1,0,1,1,1,1
30.264559438,1,1,1,1,1,1,1,1,1,0,1,0,1,1
30.264560000,1,1,1,1,1,1,1,1,1,0,1,1,1,1
30.264576250,1,1,1,1,1,1,1,1,1,0,1,0,1,1
30.264576812,1,1,1,1,1,1,1,1,1,0,1,1,1,1
30.264593063,1,1,1,1,1,1,1,1,1,0,1,0,1,1
30.264593625,1,1,1,1,1,1,1,1,1,0,1,1,1,1
30.264610438,1,1,1,1,1,1,1,1,1,0,1,0,1,1
30.264611000,1,1,1,1,1,1,1,1,1,0,1,1,1,1
30.264627437,1,1,1,1,1,1,1,1,1,0,1,0,1,1
30.264628000,1,1,1,1,1,1,1,1,1,0,1,1,1,1
30.264644250,1,1,1,1,1,1,1,1,1,0,1,0,1,1
30.264644812,1,1,1,1,1,1,1,1,1,0,1,1,1,1
30.264661063,1,1,1,1,1,1,1,1,1,0,1,0,1,1
30.264661625,1,1,1,1,1,1,1,1,1,0,1,1,1,1
30.264677875,1,1,1,1,1,1,1,1,1,0,1,0,1,1
30.264678375,1,1,1,1,1,1,1,1,1,0,1,1,1,1
30.264694625,1,1,1,1,1,1,1,1,1,0,1,0,1,1
30.264695187,1,1,1,1,1,1,1,1,1,0,1,1,1,1
30.264711438,1,1,1,1,1,1,1,1,1,0,1,0,1,1
30.264712000,1,1,1,1,1,1,1,1,1,0,1,1,1,1
30.264728250,1,1,1,1,1,1,1,1,1,0,1,0,1,1
30.264728813,1,1,1,1,1,1,1,1,1,0,1,1,1,1
30.264745063,1,1,1,1,1,1,1,1,1,0,1,0,1,1
30.264745625,1,1,1,1,1,1,1,1,1,0,1,1,1,1
30.264761813,1,1,1,1,1,1,1,1,1,0,1,0,1,1
30.264762375,1,1,1,1,1,1,1,1,1,0,1,1,1,1
30.264778625,1,1,1,1,1,1,1,1,1,0,1,0,1,1
30.264779188,1,1,1,1,1,1,1,1,1,0,1,1,1,1
30.264796063,1,1,1,1,1,1,1,1,1,0,1,0,1,1
30.264796562,1,1,1,1,1,1,1,1,1,0,1,1,1,1
30.264813063,1,1,1,1,1,1,1,1,1,0,1,0,1,1
30.264813625,1,1,1,1,1,1,1,1,1,0,1,1,1,1
30.264829813,1,1,1,1,1,1,1,1,1,0,1,0,1,1
30.264830375,1,1,1,1,1,1,1,1,1,0,1,1,1,1
30.264846625,1,1,1,1,1,1,1,1,1,0,1,0,1,1
30.264847187,1,1,1,1,1,1,1,1,1,0,1,1,1,1
30.264863438,1,1,1,1,1,1,1,1,1,0,1,0,1,1
30.264864000,1,1,1,1,1,1,1,1,1,0,1,1,1,1
30.264880250,1,1,1,1,1,1,1,1,1,0,1,0,1,1
30.264880812,1,1,1,1,1,1,1,1,1,0,1,1,1,1
30.264897000,1,1,1,1,1,1,1,1,1,0,1,0,1,1
30.264897562,1,1,1,1,1,1,1,1,1,0,1,1,1,1
30.264913813,1,1,1,1,1,1,1,1,1,0,1,0,1,1
30.264914375,1,1,1,1,1,1,1,1,1,0,1,1,1,1
30.264930625,1,1,1,1,1,1,1,1,1,0,1,0,1,1
30.264931188,1,1,1,1,1,1,1,1,1,0,1,1,1,1
30.264947437,1,1,1,1,1,1,1,1,1,0,1,0,1,1
30.264948000,1,1,1,1,1,1,1,1,1,0,1,1,1,1
30.264964250,1,1,1,1,1,1,1,1,1,0,1,0,1,1
30.264964750,1,1,1,1,1,1,1,1,1,0,1,1,1,1
30.264981625,1,1,1,1,1,1,1,1,1,0,1,0,1,1
30.264982187,1,1,1,1,1,1,1,1,1,0,1,1,1,1
30.264998625,1,1,1,1,1,1,1,1,1,0,1,0,1,1
30.264999187,1,1,1,1,1,1,1,1,1,0,1,1,1,1
30.265015438,1,1,1,1,1,1,1,1,1,0,1,0,1,1
30.265016000,1,1,1,1,1,1,1,1,1,0,1,1,1,1
30.265032188,1,1,1,1,1,1,1,1,1,0,1,0,1,1
30.265032750,1,1,1,1,1,1,1,1,1,0,1,1,1,1
30.265049000,1,1,1,1,1,1,1,1,1,0,1,0,1,1
30.265049562,1,1,1,1,1,1,1,1,1,0,1,1,1,1
30.265065813,1,1,1,1,1,1,1,1,1,0,1,0,1,1
30.265066375,1,1,1,1,1,1,1,1,1,0,1,1,1,1
30.265082625,1,1,1,1,1,1,1,1,1,0,1,0,1,1
30.265083188,1,1,1,1,1,1,1,1,1,0,1,1,1,1
30.265099375,1,1,1,1,1,1,1,1,1,0,1,0,1,1
30.265099938,1,1,1,1,1,1,1,1,1,0,1,1,1,1
30.265116187,1,1,1,1,1,1,1,1,1,0,1,0,1,1
30.265116750,1,1,1,1,1,1,1,1,1,0,1,1,1,1
30.265133000,1,1,1,1,1,1,1,1,1,0,1,0,1,1
30.265133563,1,1,1,1,1,1,1,1,1,0,1,1,1,1
30.265149812,1,1,1,1,1,1,1,1,1,0,1,0,1,1
30.265150375,1,1,1,1,1,1,1,1,1,0,1,1,1,1
30.265167188,1,1,1,1,1,1,1,1,1,0,1,0,1,1
30.265167750,1,1,1,1,1,1,1,1,1,0,1,1,1,1
30.265184188,1,1,1,1,1,1,1,1,1,0,1,0,1,1
30.265184750,1,1,1,1,1,1,1,1,1,0,1,1,1,1
30.265201000,1,1,1,1,1,1,1,1,1,0,1,0,1,1
30.265201562,1,1,1,1,1,1,1,1,1,0,1,1,1,1
30.265217813,1,1,1,1,1,1,1,1,1,0,1,0,1,1
30.265218375,1,1,1,1,1,1,1,1,1,0,1,1,1,1
30.265234563,1,1,1,1,1,1,1,1,1,0,1,0,1,1
30.265235125,1,1,1,1,1,1,1,1,1,0,1,1,1,1
30.265251375,1,1,1,1,1,1,1,1,1,0,1,0,1,1
30.265251938,1,1,1,1,1,1,1,1,1,0,1,1,1,1
30.265268187,1,1,1,1,1,1,1,1,1,0,1,0,1,1
30.265268750,1,1,1,1,1,1,1,1,1,0,1,1,1,1
30.265285000,1,1,1,1,1,1,1,1,1,0,1,0,1,1
30.265285563,1,1,1,1,1,1,1,1,1,0,1,1,1,1
30.265301812,1,1,1,1,1,1,1,1,1,0,1,0,1,1
30.265302313,1,1,1,1,1,1,1,1,1,0,1,1,1,1
30.265318562,1,1,1,1,1,1,1,1,1,0,1,0,1,1
30.265319125,1,1,1,1,1,1,1,1,1,0,1,1,1,1
30.265335375,1,1,1,1,1,1,1,1,1,0,1,0,1,1
30.265335938,1,1,1,1,1,1,1,1,1,0,1,1,1,1
30.265352750,1,1,1,1,1,1,1,1,1,0,1,0,1,1
30.265353313,1,1,1,1,1,1,1,1,1,0,1,1,1,1
30.265369750,1,1,1,1,1,1,1,1,1,0,1,0,1,1
30.265370312,1,1,1,1,1,1,1,1,1,0,1,1,1,1
30.265386563,1,1,1,1,1,1,1,1,1,0,1,0,1,1
30.265387125,1,1,1,1,1,1,1,1,1,0,1,1,1,1
30.265403375,1,1,1,1,1,1,1,1,1,0,1,0,1,1
30.265403938,1,1,1,1,1,1,1,1,1,0,1,1,1,1
30.265420187,1,1,1,1,1,1,1,1,1,0,1,0,1,1
30.265420750,1,1,1,1,1,1,1,1,1,0,1,1,1,1
30.265437000,1,1,1,1,1,1,1,1,1,0,1,0,1,1
30.265437500,1,1,1,1,1,1,1,1,1,0,1,1,1,1
30.265453750,1,1,1,1,1,1,1,1,1,0,1,0,1,1
30.265454313,1,1,1,1,1,1,1,1,1,0,1,1,1,1
30.265470562,1,1,1,1,1,1,1,1,1,0,1,0,1,1
30.265471125,1,1,1,1,1,1,1,1,1,0,1,1,1,1
30.265487375,1,1,1,1,1,1,1,1,1,0,1,0,1,1
30.265487938,1,1,1,1,1,1,1,1,1,0,1,1,1,1
30.265504187,1,1,1,1,1,1,1,1,1,0,1,0,1,1
30.265504750,1,1,1,1,1,1,1,1,1,0,1,1,1,1
30.265520937,1,1,1,1,1,1,1,1,1,0,1,0,1,1
30.265521500,1,1,1,1,1,1,1,1,1,0,1,1,1,1
30.265538375,1,1,1,1,1,1,1,1,1,0,1,0,1,1
30.265538938,1,1,1,1,1,1,1,1,1,0,1,1,1,1
30.265555375,1,1,1,1,1,1,1,1,1,0,1,0,1,1
30.265555938,1,1,1,1,1,1,1,1,1,0,1,1,1,1
30.265572187,1,1,1,1,1,1,1,1,1,0,1,0,1,1
30.265572688,1,1,1,1,1,1,1,1,1,0,1,1,1,1
30.265588937,1,1,1,1,1,1,1,1,1,0,1,0,1,1
30.265589500,1,1,1,1,1,1,1,1,1,0,1,1,1,1
30.265605750,1,1,1,1,1,1,1,1,1,0,1,0,1,1
30.265606313,1,1,1,1,1,1,1,1,1,0,1,1,1,1
30.265622562,1,1,1,1,1,1,1,1,1,0,1,0,1,1
30.265623125,1,1,1,1,1,1,1,1,1,0,1,1,1,1
30.265639375,1,1,1,1,1,1,1,1,1,0,1,0,1,1
30.265639938,1,1,1,1,1,1,1,1,1,0,1,1,1,1
30.265656125,1,1,1,1,1,1,1,1,1,0,1,0,1,1
30.265656688,1,1,1,1,1,1,1,1,1,0,1,1,1,1
30.265672937,1,1,1,1,1,1,1,1,1,0,1,0,1,1
30.265673500,1,1,1,1,1,1,1,1,1,0,1,1,1,1
30.265689750,1,1,1,1,1,1,1,1,1,0,1,0,1,1
30.265690312,1,1,1,1,1,1,1,1,1,0,1,1,1,1
30.265706563,1,1,1,1,1,1,1,1,1,0,1,0,1,1
30.265707125,1,1,1,1,1,1,1,1,1,0,1,1,1,1
30.265723937,1,1,1,1,1,1,1,1,1,0,1,0,1,1
30.265724500,1,1,1,1,1,1,1,1,1,0,1,1,1,1
30.265740937,1,1,1,1,1,1,1,1,1,0,1,0,1,1
30.265741500,1,1,1,1,1,1,1,1,1,0,1,1,1,1
30.265757750,1,1,1,1,1,1,1,1,1,0,1,0,1,1
30.265758313,1,1,1,1,1,1,1,1,1,0,1,1,1,1
30.265774562,1,1,1,1,1,1,1,1,1,0,1,0,1,1
30.265775125,1,1,1,1,1,1,1,1,1,0,1,1,1,1
30.265791312,1,1,1,1,1,1,1,1,1,0,1,0,1,1
30.265791875,1,1,1,1,1,1,1,1,1,0,1,1,1,1
30.265808125,1,1,1,1,1,1,1,1,1,0,1,0,1,1
30.265808688,1,1,1,1,1,1,1,1,1,0,1,1,1,1
30.265824937,1,1,1,1,1,1,1,1,1,0,1,0,1,1
30.265825500,1,1,1,1,1,1,1,1,1,0,1,1,1,1
30.265841750,1,1,1,1,1,1,1,1,1,0,1,0,1,1
30.265842312,1,1,1,1,1,1,1,1,1,0,1,1,1,1
30.265858500,1,1,1,1,1,1,1,1,1,0,1,0,1,1
30.265859062,1,1,1,1,1,1,1,1,1,0,1,1,1,1
30.265875313,1,1,1,1,1,1,1,1,1,0,1,0,1,1
30.265875875,1,1,1,1,1,1,1,1,1,0,1,1,1,1
30.265892125,1,1,1,1,1,1,1,1,1,0,1,0,1,1
30.265892687,1,1,1,1,1,1,1,1,1,0,1,1,1,1
30.265909500,1,1,1,1,1,1,1,1,1,0,1,0,1,1
30.265910063,1,1,1,1,1,1,1,1,1,0,1,1,1,1
30.265926500,1,1,1,1,1,1,1,1,1,0,1,0,1,1
30.265927063,1,1,1,1,1,1,1,1,1,0,1,1,1,1
30.265943312,1,1,1,1,1,1,1,1,1,0,1,0,1,1
30.265943875,1,1,1,1,1,1,1,1,1,0,1,1,1,1
30.265960125,1,1,1,1,1,1,1,1,1,0,1,0,1,1
30.265960688,1,1,1,1,1,1,1,1,1,0,1,1,1,1
30.265976937,1,1,1,1,1,1,1,1,1,0,1,0,1,1
30.265977500,1,1,1,1,1,1,1,1,1,0,1,1,1,1
30.265993687,1,1,1,1,1,1,1,1,1,0,1,0,1,1
30.265994250,1,1,1,1,1,1,1,1,1,0,1,1,1,1
30.266010500,1,1,1,1,1,1,1,1,1,0,1,0,1,1
30.266011062,1,1,1,1,1,1,1,1,1,0,1,1,1,1
30.266027313,1,1,1,1,1,1,1,1,1,0,1,0,1,1
30.266027875,1,1,1,1,1,1,1,1,1,0,1,1,1,1
30.266044125,1,1,1,1,1,1,1,1,1,0,1,0,1,1
30.266044687,1,1,1,1,1,1,1,1,1,0,1,1,1,1
30.266060938,1,1,1,1,1,1,1,1,1,0,1,0,1,1
30.266061437,1,1,1,1,1,1,1,1,1,0,1,1,1,1
30.266077688,1,1,1,1,1,1,1,1,1,0,1,0,1,1
30.266078250,1,1,1,1,1,1,1,1,1,0,1,1,1,1
30.266095125,1,1,1,1,1,1,1,1,1,0,1,0,1,1
30.266095687,1,1,1,1,1,1,1,1,1,0,1,1,1,1
30.266112125,1,1,1,1,1,1,1,1,1,0,1,0,1,1
30.266112688,1,1,1,1,1,1,1,1,1,0,1,1,1,1
30.266128875,1,1,1,1,1,1,1,1,1,0,1,0,1,1
30.266129437,1,1,1,1,1,1,1,1,1,0,1,1,1,1
30.266145687,1,1,1,1,1,1,1,1,1,0,1,0,1,1
30.266146250,1,1,1,1,1,1,1,1,1,0,1,1,1,1
30.266162500,1,1,1,1,1,1,1,1,1,0,1,0,1,1
30.266163062,1,1,1,1,1,1,1,1,1,0,1,1,1,1
30.266179313,1,1,1,1,1,1,1,1,1,0,1,0,1,1
30.266179875,1,1,1,1,1,1,1,1,1,0,1,1,1,1
30.266196125,1,1,1,1,1,1,1,1,1,0,1,0,1,1
30.266196625,1,1,1,1,1,1,1,1,1,0,1,1,1,1
30.266212875,1,1,1,1,1,1,1,1,1,0,1,0,1,1
30.266213437,1,1,1,1,1,1,1,1,1,0,1,1,1,1
30.266229688,1,1,1,1,1,1,1,1,1,0,1,0,1,1
30.266230250,1,1,1,1,1,1,1,1,1,0,1,1,1,1
30.266246500,1,1,1,1,1,1,1,1,1,0,1,0,1,1
30.266247062,1,1,1,1,1,1,1,1,1,0,1,1,1,1
30.266263313,1,1,1,1,1,1,1,1,1,0,1,0,1,1
30.266263875,1,1,1,1,1,1,1,1,1,0,1,1,1,1
30.266280688,1,1,1,1,1,1,1,1,1,0,1,0,1,1
30.266281250,1,1,1,1,1,1,1,1,1,0,1,1,1,1
30.266297687,1,1,1,1,1,1,1,1,1,0,1,0,1,1
30.266298250,1,1,1,1,1,1,1,1,1,0,1,1,1,1
30.266314500,1,1,1,1,1,1,1,1,1,0,1,0,1,1
30.266315062,1,1,1,1,1,1,1,1,1,0,1,1,1,1
30.266331313,1,1,1,1,1,1,1,1,1,0,1,0,1,1
30.266331812,1,1,1,1,1,1,1,1,1,0,1,1,1,1
30.266348063,1,1,1,1,1,1,1,1,1,0,1,0,1,1
30.266348625,1,1,1,1,1,1,1,1,1,0,1,1,1,1
30.266364875,1,1,1,1,1,1,1,1,1,0,1,0,1,1
30.266365437,1,1,1,1,1,1,1,1,1,0,1,1,1,1
30.266381688,1,1,1,1,1,1,1,1,1,0,1,0,1,1
30.266382250,1,1,1,1,1,1,1,1,1,0,1,1,1,1
30.266398500,1,1,1,1,1,1,1,1,1,0,1,0,1,1
30.266399062,1,1,1,1,1,1,1,1,1,0,1,1,1,1
30.266415250,1,1,1,1,1,1,1,1,1,0,1,0,1,1
30.266415813,1,1,1,1,1,1,1,1,1,0,1,1,1,1
30.266432063,1,1,1,1,1,1,1,1,1,0,1,0,1,1
30.266432625,1,1,1,1,1,1,1,1,1,0,1,1,1,1
30.266448875,1,1,1,1,1,1,1,1,1,0,1,0,1,1
30.266449438,1,1,1,1,1,1,1,1,1,0,1,1,1,1
30.266466250,1,1,1,1,1,1,1,1,1,0,1,0,1,1
30.266466812,1,1,1,1,1,1,1,1,1,0,1,1,1,1
30.266483250,1,1,1,1,1,1,1,1,1,0,1,0,1,1
30.266483812,1,1,1,1,1,1,1,1,1,0,1,1,1,1
30.266500063,1,1,1,1,1,1,1,1,1,0,1,0,1,1
30.266500625,1,1,1,1,1,1,1,1,1,0,1,1,1,1
30.266516875,1,1,1,1,1,1,1,1,1,0,1,0,1,1
30.266517437,1,1,1,1,1,1,1,1,1,0,1,1,1,1
30.266533688,1,1,1,1,1,1,1,1,1,0,1,0,1,1
30.266534250,1,1,1,1,1,1,1,1,1,0,1,1,1,1
30.266550438,1,1,1,1,1,1,1,1,1,0,1,0,1,1
30.266551000,1,1,1,1,1,1,1,1,1,0,1,1,1,1
30.266567250,1,1,1,1,1,1,1,1,1,0,1,0,1,1
30.266567812,1,1,1,1,1,1,1,1,1,0,1,1,1,1
30.266584063,1,1,1,1,1,1,1,1,1,0,1,0,1,1
30.266584625,1,1,1,1,1,1,1,1,1,0,1,1,1,1
30.266600875,1,1,1,1,1,1,1,1,1,0,1,0,1,1
30.266601438,1,1,1,1,1,1,1,1,1,0,1,1,1,1
30.266617625,1,1,1,1,1,1,1,1,1,0,1,0,1,1
30.266618188,1,1,1,1,1,1,1,1,1,0,1,1,1,1
30.266634437,1,1,1,1,1,1,1,1,1,0,1,0,1,1
30.266635000,1,1,1,1,1,1,1,1,1,0,1,1,1,1
30.266651875,1,1,1,1,1,1,1,1,1,0,1,0,1,1
30.266652437,1,1,1,1,1,1,1,1,1,0,1,1,1,1
30.266668875,1,1,1,1,1,1,1,1,1,0,1,0,1,1
30.266669375,1,1,1,1,1,1,1,1,1,0,1,1,1,1
30.266685625,1,1,1,1,1,1,1,1,1,0,1,0,1,1
30.266686187,1,1,1,1,1,1,1,1,1,0,1,1,1,1
30.266702438,1,1,1,1,1,1,1,1,1,0,1,0,1,1
30.266703000,1,1,1,1,1,1,1,1,1,0,1,1,1,1
30.266719250,1,1,1,1,1,1,1,1,1,0,1,0,1,1
30.266719812,1,1,1,1,1,1,1,1,1,0,1,1,1,1
30.266736063,1,1,1,1,1,1,1,1,1,0,1,0,1,1
30.266736625,1,1,1,1,1,1,1,1,1,0,1,1,1,1
30.266752812,1,1,1,1,1,1,1,1,1,0,1,0,1,1
30.266753375,1,1,1,1,1,1,1,1,1,0,1,1,1,1
30.266769625,1,1,1,1,1,1,1,1,1,0,1,0,1,1
30.266770188,1,1,1,1,1,1,1,1,1,0,1,1,1,1
30.266786437,1,1,1,1,1,1,1,1,1,0,1,0,1,1
30.266787000,1,1,1,1,1,1,1,1,1,0,1,1,1,1
30.266803250,1,1,1,1,1,1,1,1,1,0,1,0,1,1
30.266803813,1,1,1,1,1,1,1,1,1,0,1,1,1,1
30.266820062,1,1,1,1,1,1,1,1,1,0,1,0,1,1
30.266820625,1,1,1,1,1,1,1,1,1,0,1,1,1,1
30.266837438,1,1,1,1,1,1,1,1,1,0,1,0,1,1
30.266838000,1,1,1,1,1,1,1,1,1,0,1,1,1,1
30.266854438,1,1,1,1,1,1,1,1,1,0,1,0,1,1
30.266855000,1,1,1,1,1,1,1,1,1,0,1,1,1,1
30.266871250,1,1,1,1,1,1,1,1,1,0,1,0,1,1
30.266871812,1,1,1,1,1,1,1,1,1,0,1,1,1,1
30.266888000,1,1,1,1,1,1,1,1,1,0,1,0,1,1
30.266888563,1,1,1,1,1,1,1,1,1,0,1,1,1,1
30.266904813,1,1,1,1,1,1,1,1,1,0,1,0,1,1
30.266905375,1,1,1,1,1,1,1,1,1,0,1,1,1,1
30.266921625,1,1,1,1,1,1,1,1,1,0,1,0,1,1
30.266922188,1,1,1,1,1,1,1,1,1,0,1,1,1,1
30.266938437,1,1,1,1,1,1,1,1,1,0,1,0,1,1
30.266939000,1,1,1,1,1,1,1,1,1,0,1,1,1,1
30.266955250,1,1,1,1,1,1,1,1,1,0,1,0,1,1
30.266955750,1,1,1,1,1,1,1,1,1,0,1,1,1,1
30.266972000,1,1,1,1,1,1,1,1,1,0,1,0,1,1
30.266972563,1,1,1,1,1,1,1,1,1,0,1,1,1,1
30.266988812,1,1,1,1,1,1,1,1,1,0,1,0,1,1
30.266989375,1,1,1,1,1,1,1,1,1,0,1,1,1,1
30.267005625,1,1,1,1,1,1,1,1,1,0,1,0,1,1
30.267006188,1,1,1,1,1,1,1,1,1,0,1,1,1,1
30.267023000,1,1,1,1,1,1,1,1,1,0,1,0,1,1
30.267023563,1,1,1,1,1,1,1,1,1,0,1,1,1,1
30.267040000,1,1,1,1,1,1,1,1,1,0,1,0,1,1
30.267040563,1,1,1,1,1,1,1,1,1,0,1,1,1,1
30.267056813,1,1,1,1,1,1,1,1,1,0,1,0,1,1
30.267057375,1,1,1,1,1,1,1,1,1,0,1,1,1,1
30.267073625,1,1,1,1,1,1,1,1,1,0,1,0,1,1
30.267074188,1,1,1,1,1,1,1,1,1,0,1,1,1,1
30.267090437,1,1,1,1,1,1,1,1,1,0,1,0,1,1
30.267090938,1,1,1,1,1,1,1,1,1,0,1,1,1,1
30.267107187,1,1,1,1,1,1,1,1,1,0,1,0,1,1
30.267107750,1,1,1,1,1,1,1,1,1,0,1,1,1,1
30.267124000,1,1,1,1,1,1,1,1,1,0,1,0,1,1
30.267124563,1,1,1,1,1,1,1,1,1,0,1,1,1,1
30.267140812,1,1,1,1,1,1,1,1,1,0,1,0,1,1
30.267141375,1,1,1,1,1,1,1,1,1,0,1,1,1,1
30.267157625,1,1,1,1,1,1,1,1,1,0,1,0,1,1
30.267158188,1,1,1,1,1,1,1,1,1,0,1,1,1,1
30.267174375,1,1,1,1,1,1,1,1,1,0,1,0,1,1
30.267174937,1,1,1,1,1,1,1,1,1,0,1,1,1,1
30.267191187,1,1,1,1,1,1,1,1,1,0,1,0,1,1
30.267191750,1,1,1,1,1,1,1,1,1,0,1,1,1,1
30.267208625,1,1,1,1,1,1,1,1,1,0,1,0,1,1
30.267209125,1,1,1,1,1,1,1,1,1,0,1,1,1,1
30.267225625,1,1,1,1,1,1,1,1,1,0,1,0,1,1
30.267226125,1,1,1,1,1,1,1,1,1,0,1,1,1,1
30.267242375,1,1,1,1,1,1,1,1,1,0,1,0,1,1
30.267242938,1,1,1,1,1,1,1,1,1,0,1,1,1,1
30.267259187,1,1,1,1,1,1,1,1,1,0,1,0,1,1
30.267259750,1,1,1,1,1,1,1,1,1,0,1,1,1,1
30.267276000,1,1,1,1,1,1,1,1,1,0,1,0,1,1
30.267276563,1,1,1,1,1,1,1,1,1,0,1,1,1,1
30.267292812,1,1,1,1,1,1,1,1,1,0,1,0,1,1
30.267293375,1,1,1,1,1,1,1,1,1,0,1,1,1,1
30.267309562,1,1,1,1,1,1,1,1,1,0,1,0,1,1
30.267310125,1,1,1,1,1,1,1,1,1,0,1,1,1,1
30.267326375,1,1,1,1,1,1,1,1,1,0,1,0,1,1
30.267326937,1,1,1,1,1,1,1,1,1,0,1,1,1,1
30.267343187,1,1,1,1,1,1,1,1,1,0,1,0,1,1
30.267343750,1,1,1,1,1,1,1,1,1,0,1,1,1,1
30.267360000,1,1,1,1,1,1,1,1,1,0,1,0,1,1
30.267360562,1,1,1,1,1,1,1,1,1,0,1,1,1,1
30.267376750,1,1,1,1,1,1,1,1,1,0,1,0,1,1
30.267377312,1,1,1,1,1,1,1,1,1,0,1,1,1,1
30.267394187,1,1,1,1,1,1,1,1,1,0,1,0,1,1
30.267394750,1,1,1,1,1,1,1,1,1,0,1,1,1,1
30.267411187,1,1,1,1,1,1,1,1,1,0,1,0,1,1
30.267411750,1,1,1,1,1,1,1,1,1,0,1,1,1,1
30.267428000,1,1,1,1,1,1,1,1,1,0,1,0,1,1
30.267428563,1,1,1,1,1,1,1,1,1,0,1,1,1,1
30.267444750,1,1,1,1,1,1,1,1,1,0,1,0,1,1
30.267445313,1,1,1,1,1,1,1,1,1,0,1,1,1,1
30.267461562,1,1,1,1,1,1,1,1,1,0,1,0,1,1
30.267462125,1,1,1,1,1,1,1,1,1,0,1,1,1,1
30.267478375,1,1,1,1,1,1,1,1,1,0,1,0,1,1
30.267478938,1,1,1,1,1,1,1,1,1,0,1,1,1,1
30.267495187,1,1,1,1,1,1,1,1,1,0,1,0,1,1
30.267495750,1,1,1,1,1,1,1,1,1,0,1,1,1,1
30.267511938,1,1,1,1,1,1,1,1,1,0,1,0,1,1
30.267512500,1,1,1,1,1,1,1,1,1,0,1,1,1,1
30.267528750,1,1,1,1,1,1,1,1,1,0,1,0,1,1
30.267529312,1,1,1,1,1,1,1,1,1,0,1,1,1,1
30.267545563,1,1,1,1,1,1,1,1,1,0,1,0,1,1
30.267546125,1,1,1,1,1,1,1,1,1,0,1,1,1,1
30.267562375,1,1,1,1,1,1,1,1,1,0,1,0,1,1
30.267562937,1,1,1,1,1,1,1,1,1,0,1,1,1,1
30.267579750,1,1,1,1,1,1,1,1,1,0,1,0,1,1
30.267580313,1,1,1,1,1,1,1,1,1,0,1,1,1,1
30.267596750,1,1,1,1,1,1,1,1,1,0,1,0,1,1
30.267597313,1,1,1,1,1,1,1,1,1,0,1,1,1,1
30.267613562,1,1,1,1,1,1,1,1,1,0,1,0,1,1
30.267614125,1,1,1,1,1,1,1,1,1,0,1,1,1,1
30.267630375,1,1,1,1,1,1,1,1,1,0,1,0,1,1
30.267630938,1,1,1,1,1,1,1,1,1,0,1,1,1,1
30.267647125,1,1,1,1,1,1,1,1,1,0,1,0,1,1
30.267647687,1,1,1,1,1,1,1,1,1,0,1,1,1,1
30.267663938,1,1,1,1,1,1,1,1,1,0,1,0,1,1
30.267664500,1,1,1,1,1,1,1,1,1,0,1,1,1,1
30.267680750,1,1,1,1,1,1,1,1,1,0,1,0,1,1
30.267681312,1,1,1,1,1,1,1,1,1,0,1,1,1,1
30.267697563,1,1,1,1,1,1,1,1,1,0,1,0,1,1
30.267698125,1,1,1,1,1,1,1,1,1,0,1,1,1,1
30.267714375,1,1,1,1,1,1,1,1,1,0,1,0,1,1
30.267714875,1,1,1,1,1,1,1,1,1,0,1,1,1,1
30.267731125,1,1,1,1,1,1,1,1,1,0,1,0,1,1
30.267731687,1,1,1,1,1,1,1,1,1,0,1,1,1,1
30.267747938,1,1,1,1,1,1,1,1,1,0,1,0,1,1
30.267748500,1,1,1,1,1,1,1,1,1,0,1,1,1,1
30.267765312,1,1,1,1,1,1,1,1,1,0,1,0,1,1
30.267765875,1,1,1,1,1,1,1,1,1,0,1,1,1,1
30.267782312,1,1,1,1,1,1,1,1,1,0,1,0,1,1
30.267782875,1,1,1,1,1,1,1,1,1,0,1,1,1,1
30.267799125,1,1,1,1,1,1,1,1,1,0,1,0,1,1
30.267799687,1,1,1,1,1,1,1,1,1,0,1,1,1,1
30.267815937,1,1,1,1,1,1,1,1,1,0,1,0,1,1
30.267816500,1,1,1,1,1,1,1,1,1,0,1,1,1,1
30.267832750,1,1,1,1,1,1,1,1,1,0,1,0,1,1
30.267833312,1,1,1,1,1,1,1,1,1,0,1,1,1,1
30.267849563,1,1,1,1,1,1,1,1,1,0,1,0,1,1
30.267850062,1,1,1,1,1,1,1,1,1,0,1,1,1,1
30.267866313,1,1,1,1,1,1,1,1,1,0,1,0,1,1
30.267866875,1,1,1,1,1,1,1,1,1,0,1,1,1,1
30.267883125,1,1,1,1,1,1,1,1,1,0,1,0,1,1
30.267883687,1,1,1,1,1,1,1,1,1,0,1,1,1,1
30.267899938,1,1,1,1,1,1,1,1,1,0,1,0,1,1
30.267900500,1,1,1,1,1,1,1,1,1,0,1,1,1,1
30.267916750,1,1,1,1,1,1,1,1,1,0,1,0,1,1
30.267917312,1,1,1,1,1,1,1,1,1,0,1,1,1,1
30.267933500,1,1,1,1,1,1,1,1,1,0,1,0,1,1
30.267934063,1,1,1,1,1,1,1,1,1,0,1,1,1,1
30.267950938,1,1,1,1,1,1,1,1,1,0,1,0,1,1
30.267951500,1,1,1,1,1,1,1,1,1,0,1,1,1,1
30.267967937,1,1,1,1,1,1,1,1,1,0,1,0,1,1
30.267968500,1,1,1,1,1,1,1,1,1,0,1,1,1,1
30.267984750,1,1,1,1,1,1,1,1,1,0,1,0,1,1
30.267985250,1,1,1,1,1,1,1,1,1,0,1,1,1,1
30.268001500,1,1,1,1,1,1,1,1,1,0,1,0,1,1
30.268002062,1,1,1,1,1,1,1,1,1,0,1,1,1,1
30.268018313,1,1,1,1,1,1,1,1,1,0,1,0,1,1
30.268018875,1,1,1,1,1,1,1,1,1,0,1,1,1,1
30.268035125,1,1,1,1,1,1,1,1,1,0,1,0,1,1
30.268035687,1,1,1,1,1,1,1,1,1,0,1,1,1,1
30.268051938,1,1,1,1,1,1,1,1,1,0,1,0,1,1
30.268052500,1,1,1,1,1,1,1,1,1,0,1,1,1,1
30.268068688,1,1,1,1,1,1,1,1,1,0,1,0,1,1
30.268069250,1,1,1,1,1,1,1,1,1,0,1,1,1,1
30.268085500,1,1,1,1,1,1,1,1,1,0,1,0,1,1
30.268086063,1,1,1,1,1,1,1,1,1,0,1,1,1,1
30.268102313,1,1,1,1,1,1,1,1,1,0,1,0,1,1
30.268102875,1,1,1,1,1,1,1,1,1,0,1,1,1,1
30.268119125,1,1,1,1,1,1,1,1,1,0,1,0,1,1
30.268119687,1,1,1,1,1,1,1,1,1,0,1,1,1,1
30.268136500,1,1,1,1,1,1,1,1,1,0,1,0,1,1
30.268137062,1,1,1,1,1,1,1,1,1,0,1,1,1,1
30.268153500,1,1,1,1,1,1,1,1,1,0,1,0,1,1
30.268154062,1,1,1,1,1,1,1,1,1,0,1,1,1,1
30.268170313,1,1,1,1,1,1,1,1,1,0,1,0,1,1
30.268170875,1,1,1,1,1,1,1,1,1,0,1,1,1,1
30.268187125,1,1,1,1,1,1,1,1,1,0,1,0,1,1
30.268187625,1,1,1,1,1,1,1,1,1,0,1,1,1,1
30.268203875,1,1,1,1,1,1,1,1,1,0,1,0,1,1
30.268204437,1,1,1,1,1,1,1,1,1,0,1,1,1,1
30.268220688,1,1,1,1,1,1,1,1,1,0,1,0,1,1
30.268221250,1,1,1,1,1,1,1,1,1,0,1,1,1,1
30.268237500,1,1,1,1,1,1,1,1,1,0,1,0,1,1
30.268238063,1,1,1,1,1,1,1,1,1,0,1,1,1,1
30.268254313,1,1,1,1,1,1,1,1,1,0,1,0,1,1
30.268254875,1,1,1,1,1,1,1,1,1,0,1,1,1,1
30.268271062,1,1,1,1,1,1,1,1,1,0,1,0,1,1
30.268271625,1,1,1,1,1,1,1,1,1,0,1,1,1,1
30.268287875,1,1,1,1,1,1,1,1,1,0,1,0,1,1
30.268288438,1,1,1,1,1,1,1,1,1,0,1,1,1,1
30.268304687,1,1,1,1,1,1,1,1,1,0,1,0,1,1
30.268305250,1,1,1,1,1,1,1,1,1,0,1,1,1,1
30.268322063,1,1,1,1,1,1,1,1,1,0,1,0,1,1
30.268322625,1,1,1,1,1,1,1,1,1,0,1,1,1,1
30.268339063,1,1,1,1,1,1,1,1,1,0,1,0,1,1
30.268339625,1,1,1,1,1,1,1,1,1,0,1,1,1,1
30.268355875,1,1,1,1,1,1,1,1,1,0,1,0,1,1
30.268356437,1,1,1,1,1,1,1,1,1,0,1,1,1,1
30.268372688,1,1,1,1,1,1,1,1,1,0,1,0,1,1
30.268373250,1,1,1,1,1,1,1,1,1,0,1,1,1,1
30.268389500,1,1,1,1,1,1,1,1,1,0,1,0,1,1
30.268390062,1,1,1,1,1,1,1,1,1,0,1,1,1,1
30.268406250,1,1,1,1,1,1,1,1,1,0,1,0,1,1
30.268406813,1,1,1,1,1,1,1,1,1,0,1,1,1,1
30.268423062,1,1,1,1,1,1,1,1,1,0,1,0,1,1
30.268423625,1,1,1,1,1,1,1,1,1,0,1,1,1,1
30.268439875,1,1,1,1,1,1,1,1,1,0,1,0,1,1
30.268440438,1,1,1,1,1,1,1,1,1,0,1,1,1,1
30.268456687,1,1,1,1,1,1,1,1,1,0,1,0,1,1
30.268457250,1,1,1,1,1,1,1,1,1,0,1,1,1,1
30.268473500,1,1,1,1,1,1,1,1,1,0,1,0,1,1
30.268474000,1,1,1,1,1,1,1,1,1,0,1,1,1,1
30.268490250,1,1,1,1,1,1,1,1,1,0,1,0,1,1
30.268490813,1,1,1,1,1,1,1,1,1,0,1,1,1,1
30.268507688,1,1,1,1,1,1,1,1,1,0,1,0,1,1
30.268508250,1,1,1,1,1,1,1,1,1,0,1,1,1,1
30.268524688,1,1,1,1,1,1,1,1,1,0,1,0,1,1
30.268525250,1,1,1,1,1,1,1,1,1,0,1,1,1,1
30.268541438,1,1,1,1,1,1,1,1,1,0,1,0,1,1
30.268542000,1,1,1,1,1,1,1,1,1,0,1,1,1,1
30.268558250,1,1,1,1,1,1,1,1,1,0,1,0,1,1
30.268558813,1,1,1,1,1,1,1,1,1,0,1,1,1,1
30.268575062,1,1,1,1,1,1,1,1,1,0,1,0,1,1
30.268575625,1,1,1,1,1,1,1,1,1,0,1,1,1,1
30.268591875,1,1,1,1,1,1,1,1,1,0,1,0,1,1
30.268592438,1,1,1,1,1,1,1,1,1,0,1,1,1,1
30.268608687,1,1,1,1,1,1,1,1,1,0,1,0,1,1
30.268609188,1,1,1,1,1,1,1,1,1,0,1,1,1,1
30.268625437,1,1,1,1,1,1,1,1,1,0,1,0,1,1
30.268626000,1,1,1,1,1,1,1,1,1,0,1,1,1,1
30.268642250,1,1,1,1,1,1,1,1,1,0,1,0,1,1
30.268642813,1,1,1,1,1,1,1,1,1,0,1,1,1,1
30.268659062,1,1,1,1,1,1,1,1,1,0,1,0,1,1
30.268659625,1,1,1,1,1,1,1,1,1,0,1,1,1,1
30.268675875,1,1,1,1,1,1,1,1,1,0,1,0,1,1
30.268676438,1,1,1,1,1,1,1,1,1,0,1,1,1,1
30.268693250,1,1,1,1,1,1,1,1,1,0,1,0,1,1
30.268693813,1,1,1,1,1,1,1,1,1,0,1,1,1,1
30.268710250,1,1,1,1,1,1,1,1,1,0,1,0,1,1
30.268710813,1,1,1,1,1,1,1,1,1,0,1,1,1,1
30.268727062,1,1,1,1,1,1,1,1,1,0,1,0,1,1
30.268727625,1,1,1,1,1,1,1,1,1,0,1,1,1,1
30.268743875,1,1,1,1,1,1,1,1,1,0,1,0,1,1
30.268744375,1,1,1,1,1,1,1,1,1,0,1,1,1,1
30.268760625,1,1,1,1,1,1,1,1,1,0,1,0,1,1
30.268761188,1,1,1,1,1,1,1,1,1,0,1,1,1,1
30.268777437,1,1,1,1,1,1,1,1,1,0,1,0,1,1
30.268778000,1,1,1,1,1,1,1,1,1,0,1,1,1,1
30.268794250,1,1,1,1,1,1,1,1,1,0,1,0,1,1
30.268794813,1,1,1,1,1,1,1,1,1,0,1,1,1,1
30.268811062,1,1,1,1,1,1,1,1,1,0,1,0,1,1
30.268811625,1,1,1,1,1,1,1,1,1,0,1,1,1,1
30.268827812,1,1,1,1,1,1,1,1,1,0,1,0,1,1
30.268828375,1,1,1,1,1,1,1,1,1,0,1,1,1,1
30.268844625,1,1,1,1,1,1,1,1,1,0,1,0,1,1
30.268845187,1,1,1,1,1,1,1,1,1,0,1,1,1,1
30.268861438,1,1,1,1,1,1,1,1,1,0,1,0,1,1
30.268862000,1,1,1,1,1,1,1,1,1,0,1,1,1,1
30.268878812,1,1,1,1,1,1,1,1,1,0,1,0,1,1
30.268879375,1,1,1,1,1,1,1,1,1,0,1,1,1,1
30.268895812,1,1,1,1,1,1,1,1,1,0,1,0,1,1
30.268896375,1,1,1,1,1,1,1,1,1,0,1,1,1,1
30.268912625,1,1,1,1,1,1,1,1,1,0,1,0,1,1
30.268913188,1,1,1,1,1,1,1,1,1,0,1,1,1,1
30.268929437,1,1,1,1,1,1,1,1,1,0,1,0,1,1
30.268930000,1,1,1,1,1,1,1,1,1,0,1,1,1,1
30.268946250,1,1,1,1,1,1,1,1,1,0,1,0,1,1
30.268946813,1,1,1,1,1,1,1,1,1,0,1,1,1,1
30.268963000,1,1,1,1,1,1,1,1,1,0,1,0,1,1
30.268963563,1,1,1,1,1,1,1,1,1,0,1,1,1,1
30.268979812,1,1,1,1,1,1,1,1,1,0,1,0,1,1
30.268980375,1,1,1,1,1,1,1,1,1,0,1,1,1,1
30.268996625,1,1,1,1,1,1,1,1,1,0,1,0,1,1
30.268997187,1,1,1,1,1,1,1,1,1,0,1,1,1,1
30.269013437,1,1,1,1,1,1,1,1,1,0,1,0,1,1
30.269014000,1,1,1,1,1,1,1,1,1,0,1,1,1,1
30.269030188,1,1,1,1,1,1,1,1,1,0,1,0,1,1
30.269030750,1,1,1,1,1,1,1,1,1,0,1,1,1,1
30.269047000,1,1,1,1,1,1,1,1,1,0,1,0,1,1
30.269047562,1,1,1,1,1,1,1,1,1,0,1,1,1,1
30.269064437,1,1,1,1,1,1,1,1,1,0,1,0,1,1
30.269065000,1,1,1,1,1,1,1,1,1,0,1,1,1,1
30.269081437,1,1,1,1,1,1,1,1,1,0,1,0,1,1
30.269081938,1,1,1,1,1,1,1,1,1,0,1,1,1,1
30.269098187,1,1,1,1,1,1,1,1,1,0,1,0,1,1
30.269098750,1,1,1,1,1,1,1,1,1,0,1,1,1,1
30.269115000,1,1,1,1,1,1,1,1,1,0,1,0,1,1
30.269115563,1,1,1,1,1,1,1,1,1,0,1,1,1,1
30.269131812,1,1,1,1,1,1,1,1,1,0,1,0,1,1
30.269132375,1,1,1,1,1,1,1,1,1,0,1,1,1,1
30.269148625,1,1,1,1,1,1,1,1,1,0,1,0,1,1
30.269149187,1,1,1,1,1,1,1,1,1,0,1,1,1,1
30.269165375,1,1,1,1,1,1,1,1,1,0,1,0,1,1
30.269165937,1,1,1,1,1,1,1,1,1,0,1,1,1,1
30.269182188,1,1,1,1,1,1,1,1,1,0,1,0,1,1
30.269182750,1,1,1,1,1,1,1,1,1,0,1,1,1,1
30.269199000,1,1,1,1,1,1,1,1,1,0,1,0,1,1
30.269199562,1,1,1,1,1,1,1,1,1,0,1,1,1,1
30.269215813,1,1,1,1,1,1,1,1,1,0,1,0,1,1
30.269216375,1,1,1,1,1,1,1,1,1,0,1,1,1,1
30.269232625,1,1,1,1,1,1,1,1,1,0,1,0,1,1
30.269233125,1,1,1,1,1,1,1,1,1,0,1,1,1,1
30.269250000,1,1,1,1,1,1,1,1,1,0,1,0,1,1
30.269250563,1,1,1,1,1,1,1,1,1,0,1,1,1,1
30.269267000,1,1,1,1,1,1,1,1,1,0,1,0,1,1
30.269267563,1,1,1,1,1,1,1,1,1,0,1,1,1,1
30.269283812,1,1,1,1,1,1,1,1,1,0,1,0,1,1
30.269284375,1,1,1,1,1,1,1,1,1,0,1,1,1,1
30.269300562,1,1,1,1,1,1,1,1,1,0,1,0,1,1
30.269301125,1,1,1,1,1,1,1,1,1,0,1,1,1,1
30.269317375,1,1,1,1,1,1,1,1,1,0,1,0,1,1
30.269317937,1,1,1,1,1,1,1,1,1,0,1,1,1,1
30.269334188,1,1,1,1,1,1,1,1,1,0,1,0,1,1
30.269334750,1,1,1,1,1,1,1,1,1,0,1,1,1,1
30.269351000,1,1,1,1,1,1,1,1,1,0,1,0,1,1
30.269351562,1,1,1,1,1,1,1,1,1,0,1,1,1,1
30.269367813,1,1,1,1,1,1,1,1,1,0,1,0,1,1
30.269368312,1,1,1,1,1,1,1,1,1,0,1,1,1,1
30.269384563,1,1,1,1,1,1,1,1,1,0,1,0,1,1
30.269385125,1,1,1,1,1,1,1,1,1,0,1,1,1,1
30.269401375,1,1,1,1,1,1,1,1,1,0,1,0,1,1
30.269401937,1,1,1,1,1,1,1,1,1,0,1,1,1,1
30.269418188,1,1,1,1,1,1,1,1,1,0,1,0,1,1
30.269418750,1,1,1,1,1,1,1,1,1,0,1,1,1,1
30.269435563,1,1,1,1,1,1,1,1,1,0,1,0,1,1
30.269436125,1,1,1,1,1,1,1,1,1,0,1,1,1,1
30.269452562,1,1,1,1,1,1,1,1,1,0,1,0,1,1
30.269453125,1,1,1,1,1,1,1,1,1,0,1,1,1,1
30.270017125,1,1,1,1,1,1,1,1,1,0,0,1,1,1
30.270017312,1,1,1,1,1,1,1,1,1,1,0,1,1,1
30.270019562,0,1,0,1,1,1,0,1,1,1,0,1,1,1
30.270041500,0,1,0,1,1,1,0,1,1,0,0,1,1,1
30.270044500,1,1,1,1,1,1,0,1,1,0,0,1,1,1
30.270044563,0,0,0,0,0,1,0,1,1,0,0,1,1,1
30.270047313,0,0,0,0,0,1,0,1,1,0,0,1,0,1
30.270151438,0,0,0,0,0,1,0,1,1,0,0,0,0,1
30.270203500,0,0,0,0,0,1,0,1,1,1,0,0,0,1
30.270203625,0,0,0,0,0,1,0,1,1,1,0,0,1,1
30.270410000,0,0,0,0,0,1,0,1,1,0,0,0,1,1
30.270411750,0,0,0,0,0,1,0,1,1,0,0,1,1,1
30.271302688,1,1,1,1,1,1,1,1,1,0,0,1,1,1
30.271302813,1,1,1,1,1,1,1,1,1,0,1,1,1,1
30.271309500,1,1,1,1,1,1,1,1,1,0,0,1,1,1
30.271309563,0,0,1,1,0,1,0,1,1,0,0,1,1,1
30.271309625,1,1,1,1,1,1,1,1,1,0,0,1,1,1
30.271309688,0,0,0,0,0,1,0,1,1,0,0,1,1,1
30.271441750,1,1,0,1,0,1,1,1,1,0,0,1,1,1
30.271444625,1,1,0,1,0,1,1,1,1,0,0,1,0,1
30.271520563,1,1,0,1,0,1,1,1,1,0,0,0,0,1
30.271554750,1,1,0,1,0,1,1,1,1,1,0,0,0,1
30.271554937,1,1,0,1,0,1,1,1,1,1,0,0,1,1
30.271851750,1,1,0,1,0,1,1,1,1,0,0,0,1,1
30.271854438,1,1,0,1,0,1,1,1,1,0,0,1,1,1
30.803035937,1,1,1,1,1,1,1,1,1,0,0,1,1,1
30.803036062,1,1,1,1,1,1,1,1,1,0,1,1,1,1
30.803043125,1,1,0,1,0,1,1,1,1,0,1,1,1,1
30.803073438,0,1,0,1,1,0,1,1,1,0,1,1,1,1
30.803076313,0,1,0,1,1,0,1,1,1,0,1,1,0,1
30.803106813,0,1,0,1,1,0,1,1,1,1,1,1,0,1
30.803107000,0,1,0,1,1,0,1,1,1,1,1,1,1,1
30.803109438,0,1,0,1,1,0,1,1,1,1,1,0,1,1
30.803126000,1,1,0,1,1,1,1,1,1,1,1,0,1,1
30.803429750,1,1,0,1,1,1,1,1,1,1,1,1,1,1
31.350399312,1,0,0,1,1,0,1,1,1,1,1,1,1,1
31.352334813,1,1,1,1,1,1,1,1,1,1,1,1,1,1
31.352341625,1,1,1,1,1,1,1,1,1,1,0,1,1,1
31.352341688,1,0,1,1,1,1,1,1,1,1,0,1,1,1
31.352341750,1,0,0,1,1,0,1,1,1,1,0,1,1,1
31.352473250,1,1,0,1,1,1,1,1,1,1,0,1,1,1
31.352473312,1,1,0,1,0,1,1,1,1,1,0,1,1,1
31.352732062,1,1,0,1,0,1,1,1,1,0,0,1,1,1
31.352732187,1,1,0,1,0,1,1,1,1,0,0,1,0,1
31.352841625,1,1,0,1,0,1,1,1,1,0,0,0,0,1
31.352893375,1,1,0,1,0,1,1,1,1,1,0,0,0,1
31.352893500,1,1,0,1,0,1,1,1,1,1,0,0,1,1
31.353100250,1,1,0,1,0,1,1,1,1,0,0,0,1,1
31.353101875,1,1,0,1,0,1,1,1,1,0,0,1,1,1
33.962727188,1,1,1,1,1,1,1,1,1,0,0,1,1,1
33.962727313,1,1,1,1,1,1,1,1,1,0,1,1,1,1
33.962734000,1,1,1,1,1,1,1,1,1,0,0,1,1,1
33.962734125,1,1,0,1,0,1,1,1,1,0,0,1,1,1
33.962865625,1,1,1,1,0,1,1,1,1,0,0,1,1,1
33.962865687,1,1,0,1,0,1,1,1,1,0,0,1,1,1
33.962868500,1,1,0,1,0,1,1,1,1,0,0,1,0,1
33.963034625,1,1,0,1,0,1,1,1,1,0,0,0,0,1
33.963091687,1,1,0,1,0,1,1,1,1,1,0,0,0,1
33.963091812,1,1,0,1,0,1,1,1,1,1,0,0,1,1
33.963299875,1,1,0,1,0,1,1,1,1,0,0,0,1,1
33.963301625,1,1,0,1,0,1,1,1,1,0,0,1,1,1
34.691859875,1,1,0,1,1,1,1,1,1,0,0,1,1,1
34.691859937,0,1,0,1,1,0,1,1,1,0,0,1,1,1
34.691862750,0,1,0,1,1,0,1,1,1,0,0,1,0,1
34.691873125,0,1,0,1,1,0,1,1,1,0,0,0,0,1
34.691927375,0,1,0,1,1,0,1,1,1,1,0,0,0,1
34.691927500,0,1,0,1,1,0,1,1,1,1,0,0,1,1
34.692135063,0,1,0,1,1,0,1,1,1,0,0,0,1,1
34.692137125,0,1,0,1,1,0,1,1,1,0,0,1,1,1
34.693107625,0,1,0,1,1,0,1,1,1,0,1,1,1,1
34.693138250,0,1,1,1,1,1,1,1,1,0,1,1,1,1
34.693141438,0,1,1,1,1,1,1,1,1,0,1,1,0,1
34.693245250,0,1,1,1,1,1,1,1,1,0,1,0,0,1
34.693279250,0,1,1,1,1,1,1,1,1,1,1,0,0,1
34.693279375,0,1,1,1,1,1,1,1,1,1,1,0,1,1
34.693280063,1,1,1,1,1,1,1,1,1,1,1,0,1,1
34.693486500,1,1,1,1,1,1,1,1,1,0,1,0,1,1
34.693488125,1,1,1,1,1,1,1,1,1,0,1,1,1,1
34.693488313,1,1,1,1,1,1,1,1,1,0,1,1,0,1
34.693771875,1,1,1,1,1,1,1,1,1,0,1,0,0,1
34.693802625,1,1,1,1,1,1,1,1,1,1,1,0,0,1
34.693802750,1,1,1,1,1,1,1,1,1,1,1,0,1,1
34.694010250,1,1,1,1,1,1,1,1,1,0,1,0,1,1
34.694011938,1,1,1,1,1,1,1,1,1,0,1,1,1,1
34.694012063,1,1,1,1,1,1,1,1,1,0,1,1,0,1
34.694218875,1,1,1,1,1,1,1,1,1,0,1,0,0,1
34.694239188,1,1,1,1,1,1,1,1,1,1,1,0,0,1
34.694239375,1,1,1,1,1,1,1,1,1,1,1,0,1,1
34.694446562,1,1,1,1,1,1,1,1,1,0,1,0,1,1
34.694447875,1,1,1,1,1,1,1,1,1,0,1,1,1,1
34.694448063,1,1,1,1,1,1,1,1,1,0,1,1,0,1
34.694752937,1,1,1,1,1,1,1,1,1,0,1,0,0,1
34.694788875,1,1,1,1,1,1,1,1,1,1,1,0,0,1
34.694789062,1,1,1,1,1,1,1,1,1,1,1,0,1,1
34.694996875,1,1,1,1,1,1,1,1,1,0,1,0,1,1
34.694998375,1,1,1,1,1,1,1,1,1,0,1,1,1,1
34.694998562,1,1,1,1,1,1,1,1,1,0,1,1,0,1
34.695248687,1,1,1,1,1,1,1,1,1,0,1,0,0,1
34.695274625,1,1,1,1,1,1,1,1,1,1,1,0,0,1
34.695274750,1,1,1,1,1,1,1,1,1,1,1,0,1,1
34.695483438,1,1,1,1,1,1,1,1,1,0,1,0,1,1
34.695485000,1,1,1,1,1,1,1,1,1,0,1,1,1,1
34.695485187,1,1,1,1,1,1,1,1,1,0,1,1,0,1
34.695809938,1,1,1,1,1,1,1,1,1,0,1,0,0,1
34.695846188,1,1,1,1,1,1,1,1,1,1,1,0,0,1
34.695846313,1,1,1,1,1,1,1,1,1,1,1,0,1,1
34.696054875,1,1,1,1,1,1,1,1,1,0,1,0,1,1
34.696056125,1,1,1,1,1,1,1,1,1,0,1,1,1,1
34.696056312,1,1,1,1,1,1,1,1,1,0,1,1,0,1
34.696264125,1,1,1,1,1,1,1,1,1,0,1,0,0,1
34.696284500,1,1,1,1,1,1,1,1,1,1,1,0,0,1
34.696284687,1,1,1,1,1,1,1,1,1,1,1,0,1,1
34.696285375,1,1,0,1,0,0,1,1,1,1,1,0,1,1
34.696552438,1,1,0,1,0,0,1,1,1,0,1,0,1,1
34.696554687,1,1,0,1,0,0,1,1,1,0,1,1,1,1
34.696554875,1,1,0,1,0,0,1,1,1,0,1,1,0,1
34.696857750,1,1,0,1,0,0,1,1,1,0,1,0,0,1
34.696892062,1,1,0,1,0,0,1,1,1,1,1,0,0,1
34.696892250,1,1,0,1,0,0,1,1,1,1,1,0,1,1
34.696892875,1,1,1,1,1,0,1,1,1,1,1,0,1,1
34.696892938,1,1,1,1,1,1,1,1,1,1,1,0,1,1
34.697099875,1,1,1,1,1,1,1,1,1,0,1,0,1,1
34.697101313,1,1,1,1,1,1,1,1,1,0,1,1,1,1
34.697101500,1,1,1,1,1,1,1,1,1,0,1,1,0,1
34.697308937,1,1,1,1,1,1,1,1,1,0,1,0,0,1
34.697330937,1,1,1,1,1,1,1,1,1,1,1,0,0,1
34.697331062,1,1,1,1,1,1,1,1,1,1,1,0,1,1
34.697537375,1,1,1,1,1,1,1,1,1,0,1,0,1,1
34.697538875,1,1,1,1,1,1,1,1,1,0,1,1,1,1
34.698323063,1,1,1,1,1,1,1,1,1,0,1,1,1,0
34.698325938,1,1,1,1,1,1,1,1,1,0,1,1,0,0
34.698339062,1,1,1,1,1,1,1,1,1,0,0,1,0,0
34.698339125,1,1,1,1,1,1,1,1,1,0,0,1,0,1
34.698339313,1,1,1,1,1,1,1,1,1,0,0,1,1,1
34.698363312,1,1,0,0,0,0,1,1,1,0,0,1,1,1
34.698363375,0,0,0,0,0,0,1,1,1,0,0,1,1,1
34.698366125,0,0,0,0,0,0,1,1,1,0,0,1,0,1
34.698428812,0,0,0,0,0,0,1,1,1,0,0,0,0,1
34.698461000,0,0,0,0,0,0,1,1,1,1,0,0,0,1
34.698461188,0,0,0,0,0,0,1,1,1,1,0,0,1,1
34.698667500,0,0,0,0,0,0,1,1,1,0,0,0,1,1
34.698669438,0,0,0,0,0,0,1,1,1,0,0,1,1,1
34.700560250,0,1,0,1,1,1,0,1,1,0,0,1,1,1
34.700563063,0,1,0,1,1,1,0,1,1,0,0,1,0,1
34.700622188,0,1,0,1,1,1,0,1,1,0,0,0,0,1
34.700663750,0,1,0,1,1,1,0,1,1,1,0,0,0,1
34.700663875,0,1,0,1,1,1,0,1,1,1,0,0,1,1
34.700871000,0,1,0,1,1,1,0,1,1,0,0,0,1,1
34.700872500,0,1,0,1,1,1,0,1,1,0,0,1,1,1
34.701815563,0,1,0,1,1,1,0,1,1,0,1,1,1,1
34.701815625,1,1,1,1,1,1,1,1,1,0,1,0,1,1
34.701815750,1,1,1,1,1,1,1,1,1,0,1,1,1,1
36.427922000,1,1,1,1,1,1,1,1,1,0,1,1,1,1
